time,seconds_elapsed,z,y,x
1790592435988241000,0.043240966796875,-0.011754121631383896,-0.20813299715518951,0.12113836407661438
1790592435998253800,0.05325390625,0.029038581997156143,-0.299423485994339,0.22770822048187256
1790592436008267000,0.06326708984375,0.05332554504275322,-0.4169333577156067,0.2908245921134949
1790592436018280000,0.073280029296875,0.06566104292869568,-0.501272976398468,0.30580487847328186
1790592436028292900,0.08329296875,0.06818412244319916,-0.5110057592391968,0.27322909235954285
1790592436038306000,0.09330615234375,0.05576739460229874,-0.47844332456588745,0.21388427913188934
1790592436048319000,0.103319091796875,0.059135761111974716,-0.41263288259506226,0.13250979781150818
1790592436058331100,0.1133310546875,0.055452343076467514,-0.3332586884498596,0.033868707716464996
1790592436068343800,0.12334375,0.036636579781770706,-0.28187912702560425,-0.03718443214893341
1790592436078357000,0.13335693359375,0.016587505117058754,-0.27131330966949463,-0.07944826781749725
1790592436088370000,0.143369873046875,0.007755663711577654,-0.2718358039855957,-0.10951056331396103
1790592436098382800,0.1533828125,0.013233519159257412,-0.30157798528671265,-0.12581469118595123
1790592436108395800,0.163395751953125,0.04326358810067177,-0.3444141447544098,-0.134854257106781
1790592436118409000,0.173408935546875,0.08161257952451706,-0.41756823658943176,-0.15234562754631042
1790592436128422100,0.183422119140625,0.1202894002199173,-0.4919489920139313,-0.1627061367034912
1790592436138434000,0.19343408203125,0.12138316035270691,-0.5347057580947876,-0.1643330603837967
1790592436148447000,0.203447021484375,0.09424528479576111,-0.6096442341804504,-0.14746885001659393
1790592436158460000,0.2134599609375,0.04519997164607048,-0.7461639642715454,-0.11830005794763565
1790592436168473000,0.22347314453125,-0.035695143043994904,-0.8969918489456177,-0.12288016825914383
1790592436178485800,0.23348583984375,-0.1118524894118309,-1.038862943649292,-0.1337897926568985
1790592436188499000,0.2434990234375,-0.14286154508590698,-1.124587893486023,-0.1437297761440277
1790592436198511900,0.253511962890625,-0.11348394304513931,-1.0398885011672974,-0.151607945561409
1790592436208525000,0.263525146484375,-0.041837990283966064,-0.724751353263855,-0.17975488305091858
1790592436218537000,0.273536865234375,0.03435265272855759,-0.36234068870544434,-0.19957759976387024
1790592436228550000,0.2835498046875,0.04774488881230354,-0.004491720348596573,-0.21220870316028595
1790592436238562800,0.293562744140625,-0.008009717799723148,0.2537640631198883,-0.19698740541934967
1790592436248576000,0.303575927734375,-0.05382440239191055,0.29987338185310364,-0.12241542339324951
1790592436258589000,0.3135888671875,-0.08919703960418701,0.17778530716896057,-0.005786274094134569
1790592436268601900,0.323601806640625,-0.0917707160115242,0.044109005481004715,0.12451021373271942
1790592436278615000,0.333614990234375,-0.06586215645074844,-0.016717327758669853,0.19755007326602936
1790592436288628000,0.3436279296875,-0.05297645181417465,0.002572480821982026,0.1831175982952118
1790592436298640100,0.35364013671875,-0.065119668841362,0.0826321616768837,0.12853345274925232
1790592436308652800,0.36365283203125,-0.08037026226520538,0.13080208003520966,0.08985956013202667
1790592436318666000,0.373666015625,-0.0909762978553772,0.12174414843320847,0.07266006618738174
1790592436328679000,0.383678955078125,-0.09783899784088135,0.0910181924700737,0.05693010240793228
1790592436338691800,0.39369189453125,-0.08539697527885437,0.1205955222249031,0.014250550419092178
1790592436348704800,0.403704833984375,-0.07980060577392578,0.2144802063703537,-0.07188193500041962
1790592436358718000,0.413718017578125,-0.09298006445169449,0.32630792260169983,-0.17855697870254517
1790592436368731100,0.423731201171875,-0.10899604856967926,0.394397497177124,-0.26687803864479065
1790592436378743000,0.433742919921875,-0.09521631896495819,0.3763412833213806,-0.31874576210975647
1790592436388756000,0.443755859375,-0.05417593941092491,0.24807357788085938,-0.31850555539131165
1790592436398769000,0.453768798828125,-0.04647700861096382,-0.0015122757758945227,-0.2672666013240814
1790592436408782000,0.463781982421875,-0.08912486582994461,-0.22352324426174164,-0.12274006009101868
1790592436418794800,0.473794677734375,-0.12287404388189316,-0.3351301848888397,0.08439581841230392
1790592436428808000,0.483807861328125,-0.10799416154623032,-0.3590555191040039,0.24184855818748474
1790592436438820900,0.49382080078125,-0.06168685108423233,-0.3208085298538208,0.3017425239086151
1790592436448833000,0.5038330078125,-0.05262251943349838,-0.1980019062757492,0.2984740436077118
1790592436458846000,0.513845947265625,-0.05201371759176254,-0.06902207434177399,0.26358848810195923
1790592436468859000,0.52385888671875,-0.016228025779128075,-0.000026231806259602308,0.2080828696489334
1790592436478871800,0.533871826171875,-0.0032099613454192877,-0.014156165532767773,0.1522374451160431
1790592436488885000,0.543885009765625,-0.015025341883301735,-0.09182539582252502,0.13336415588855743
1790592436498898000,0.55389794921875,-0.029590701684355736,-0.16372355818748474,0.13841643929481506
1790592436508910800,0.563910888671875,-0.03239527717232704,-0.17016947269439697,0.12123585492372513
1790592436518924000,0.573924072265625,-0.009961074218153954,-0.11666150391101837,0.08257608115673065
1790592436528936000,0.58393603515625,0.031363725662231445,-0.06105895712971687,0.04009093716740608
1790592436538949000,0.59394921875,0.06405136734247208,-0.02513078600168228,0.009260585531592369
1790592436548961800,0.6039619140625,0.08658970147371292,0.031464848667383194,0.010032902471721172
1790592436558975000,0.61397509765625,0.08018799126148224,0.10085457563400269,0.05836634710431099
1790592436568988000,0.62398779296875,0.05571567267179489,0.10315421223640442,0.14398270845413208
1790592436579000800,0.634000732421875,0.014417502097785473,-0.018125340342521667,0.24152818322181702
1790592436589013800,0.644013671875,-0.014541178941726685,-0.15836741030216217,0.32684043049812317
1790592436599027000,0.65402685546875,-0.028813324868679047,-0.220806285738945,0.3676309883594513
1790592436609040100,0.6640400390625,-0.011017817072570324,-0.22961202263832092,0.3532496690750122
1790592436619052000,0.674052001953125,0.030001254752278328,-0.18457718193531036,0.2992229163646698
1790592436629065000,0.68406494140625,0.053270358592271805,-0.11024727672338486,0.24196307361125946
1790592436639078000,0.694077880859375,0.08326101303100586,-0.04045781120657921,0.20031921565532684
1790592436649091000,0.704091064453125,0.09535602480173111,0.0018848525360226631,0.1705852895975113
1790592436659103700,0.714103759765625,0.09518291801214218,0.014485865831375122,0.15443721413612366
1790592436669117000,0.724116943359375,0.0911136120557785,0.0005263741477392614,0.1491902619600296
1790592436679129900,0.7341298828125,0.08940279483795166,-0.0009652624139562249,0.13964256644248962
1790592436689142000,0.74414208984375,0.10683292150497437,-0.018895793706178665,0.11581871658563614
1790592436699155000,0.754155029296875,0.12036950141191483,-0.06151808798313141,0.06963790953159332
1790592436709167900,0.76416796875,0.09464363008737564,-0.0983208417892456,0.026627857238054276
1790592436719180800,0.774180908203125,0.05931147187948227,-0.10213342308998108,0.01317836157977581
1790592436729194000,0.784194091796875,0.03387641906738281,-0.09116386622190475,0.012989277951419353
1790592436739207000,0.79420703125,0.03429267182946205,-0.0677110031247139,0.01673022098839283
1790592436749219800,0.8042197265625,0.04173887148499489,-0.053287323564291,-0.002126025501638651
1790592436759233000,0.81423291015625,0.02906036004424095,-0.022251108661293983,-0.006311449687927961
1790592436769246000,0.824245849609375,0.006747597362846136,0.03167523816227913,0.026814011856913567
1790592436779258000,0.834258056640625,-0.004065102897584438,0.05701974406838417,0.06582053750753403
1790592436789270800,0.844270751953125,-0.000347063469234854,0.019135212525725365,0.06926187127828598
1790592436799284000,0.854283935546875,-0.007194849196821451,-0.022157898172736168,0.03917427733540535
1790592436809297000,0.864296875,-0.030062880367040634,-0.02619791403412819,0.014998633414506912
1790592436819309800,0.874309814453125,-0.054794859141111374,-0.037908632308244705,0.038717277348041534
1790592436829322800,0.88432275390625,-0.061948373913764954,-0.07939988374710083,0.08758175373077393
1790592436839336000,0.8943359375,-0.04202553257346153,-0.13506820797920227,0.12516161799430847
1790592436849349000,0.90434912109375,-0.0183004979044199,-0.13312889635562897,0.14883312582969666
1790592436859361000,0.914361083984375,0.02567814663052559,-0.11108856648206711,0.14892500638961792
1790592436869374000,0.9243740234375,0.06474804878234863,-0.07259577512741089,0.11953622847795486
1790592436879387000,0.934386962890625,0.07049594819545746,-0.017010807991027832,0.07355302572250366
1790592436889400000,0.944400146484375,0.06071549281477928,0.008997091092169285,0.05287810415029526
1790592436899413000,0.9544130859375,0.058925315737724304,0.015689348801970482,0.07330827414989471
1790592436909426000,0.964426025390625,0.047859348356723785,0.03705509006977081,0.10138651728630066
1790592436919438800,0.97443896484375,0.023380104452371597,0.04973333701491356,0.10333514958620071
1790592436929451000,0.984450927734375,-0.011996528133749962,0.042657315731048584,0.07251652330160141
1790592436939464000,0.9944638671875,-0.04125241935253143,0.04822199046611786,0.015812495723366737
1790592436949476900,1.004476806640625,-0.046968892216682434,0.06831341236829758,-0.029449526220560074
1790592436959489800,1.01448974609375,-0.03724489361047745,0.06839756667613983,-0.03255530446767807
1790592436969503000,1.0245029296875,-0.03937488794326782,0.07194916158914566,-0.022516785189509392
1790592436979516000,1.034515869140625,-0.04398295655846596,0.0719374418258667,-0.025477156043052673
1790592436989529600,1.044529541015625,-0.019363097846508026,0.06840475648641586,-0.019710877910256386
1790592436999542800,1.054542724609375,0.01636081002652645,0.04866807162761688,0.007126062177121639
1790592437009555500,1.064555419921875,0.03995561972260475,0.034783415496349335,0.04369685426354408
1790592437019567600,1.074567626953125,0.03698619455099106,0.02062152326107025,0.08758814632892609
1790592437029580500,1.08458056640625,0.03651827573776245,-0.01897648721933365,0.13540546596050262
1790592437039593700,1.09459375,0.042269639670848846,-0.05725010484457016,0.1621292233467102
1790592437049606700,1.104606689453125,0.04404197260737419,-0.07168417423963547,0.1344299614429474
1790592437059619600,1.11461962890625,0.021792061626911163,-0.06869716942310333,0.07016095519065857
1790592437069632500,1.124632568359375,-0.004220365080982447,-0.04210257902741432,0.030250290408730507
1790592437079645700,1.134645751953125,-0.023323485627770424,-0.04520143195986748,0.04249151051044464
1790592437089657600,1.14465771484375,-0.045111872255802155,-0.06213860586285591,0.10668221116065979
1790592437099670500,1.15467041015625,-0.03401101753115654,-0.10551457107067108,0.22410577535629272
1790592437109683500,1.164683349609375,-0.002753762062638998,-0.1616652011871338,0.288785457611084
1790592437119696600,1.174696533203125,0.01562630943953991,-0.13578087091445923,0.3046448528766632
1790592437129709600,1.18470947265625,0.004489236976951361,-0.11109975725412369,0.2991459369659424
1790592437139722500,1.194722412109375,-0.020138343796133995,-0.09366323798894882,0.31471771001815796
1790592437149735700,1.204735595703125,-0.050828345119953156,-0.055662330240011215,0.34116342663764954
1790592437159748600,1.21474853515625,-0.04917425662279129,-0.04800654202699661,0.3484056293964386
1790592437169760800,1.2247607421875,-0.03648962080478668,-0.05472995713353157,0.33848270773887634
1790592437179773700,1.234773681640625,-0.007311496417969465,-0.049452636390924454,0.3542872369289398
1790592437189786600,1.24478662109375,0.031012989580631256,-0.0515994094312191,0.3944125473499298
1790592437199799600,1.254799560546875,0.0844663605093956,-0.07669011503458023,0.41255614161491394
1790592437209812700,1.264812744140625,0.10975653678178787,-0.1222701147198677,0.42718034982681274
1790592437219825400,1.274825439453125,0.10029859095811844,-0.19209714233875275,0.5001296401023865
1790592437229838600,1.284838623046875,0.07129756361246109,-0.34829792380332947,0.6748167872428894
1790592437239851800,1.294851806640625,0.08043619990348816,-0.5169101357460022,0.9091174006462097
1790592437249863700,1.30486376953125,0.09319288283586502,-0.7001773715019226,1.1551710367202759
1790592437259876600,1.314876708984375,0.15295368432998657,-0.822386622428894,1.3664987087249756
1790592437269889500,1.3248896484375,0.18593454360961914,-0.9036479592323303,1.4915351867675781
1790592437279902700,1.33490283203125,0.20264028012752533,-0.7734766006469727,1.5527756214141846
1790592437289915600,1.34491552734375,0.06503448635339737,-0.02542157471179962,1.4472540616989136
1790592437299928600,1.354928466796875,-0.1282830536365509,0.8305255770683289,1.258723497390747
1790592437309941500,1.36494140625,-0.25100764632225037,1.465017557144165,1.0288325548171997
1790592437319953700,1.37495361328125,-0.3228498697280884,1.765982985496521,0.8449071645736694
1790592437329966600,1.384966552734375,-0.29621320962905884,1.818572998046875,0.6930625438690186
1790592437339979800,1.394979736328125,-0.19704346358776093,1.673256278038025,0.534407913684845
1790592437349992400,1.404992431640625,-0.06104355677962303,1.0113593339920044,0.5005465745925903
1790592437360005600,1.415005615234375,0.025783218443393707,-0.1104925274848938,0.7053085565567017
1790592437370018600,1.4250185546875,0.02592463232576847,-1.1175050735473633,1.0243693590164185
1790592437380031500,1.435031494140625,-0.04689764231443405,-1.789909839630127,1.2675950527191162
1790592437390044700,1.445044677734375,-0.14595524966716766,-2.04318904876709,1.3573752641677856
1790592437400056600,1.455056640625,-0.2791130244731903,-1.9607875347137451,1.304603099822998
1790592437410069800,1.46506982421875,-0.43561556935310364,-1.5733493566513062,1.1642638444900513
1790592437420082700,1.475082763671875,-0.5739550590515137,-1.153812289237976,1.0077117681503296
1790592437430095600,1.485095703125,-0.6695100665092468,-0.7930551171302795,0.8859198689460754
1790592437440108500,1.495108642578125,-0.7792350053787231,-0.5734665393829346,0.7533130645751953
1790592437450121700,1.505121826171875,-0.9815883636474609,-0.3129841089248657,0.6507861614227295
1790592437460134400,1.515134521484375,-1.2045636177062988,0.04528295621275902,0.636096179485321
1790592437470147600,1.525147705078125,-1.3235357999801636,0.2979373335838318,0.7055948376655579
1790592437480159500,1.535159423828125,-1.2714992761611938,0.2926243245601654,0.8581052422523499
1790592437490172700,1.545172607421875,-1.116603136062622,0.02958175726234913,1.0356440544128418
1790592437500185600,1.555185546875,-0.9645100235939026,-0.34956130385398865,1.1715511083602905
1790592437510198500,1.565198486328125,-0.8477639555931091,-0.7642381191253662,1.246327519416809
1790592437520211700,1.575211669921875,-0.7497681975364685,-0.971747100353241,1.2055132389068604
1790592437530224600,1.585224609375,-0.5499624013900757,-0.06764253228902817,0.7406337857246399
1790592437540237600,1.595237548828125,-0.2330440729856491,0.44842082262039185,0.3357728123664856
1790592437550249500,1.60524951171875,0.23698760569095612,0.6431367993354797,0.0004222579300403595
1790592437560262700,1.6152626953125,0.7631092071533203,0.18274149298667908,-0.06482705473899841
1790592437570275600,1.625275634765625,1.142463207244873,-0.6689805388450623,0.11975903809070587
1790592437580288800,1.635288818359375,1.3171452283859253,-1.5874155759811401,0.6355675458908081
1790592437590301400,1.645301513671875,1.097939372062683,-2.114814519882202,1.006404995918274
1790592437600314600,1.655314697265625,0.6723505258560181,-1.8354706764221191,1.3795175552368164
1790592437610327600,1.66532763671875,0.33182355761528015,-0.8991695642471313,1.6067140102386475
1790592437620340500,1.675340576171875,0.16585776209831238,-0.4103333055973053,1.7099764347076416
1790592437630352400,1.685352294921875,0.011014657095074654,-0.24109233915805817,1.779194951057434
1790592437640365600,1.695365478515625,-0.22470705211162567,-0.08286542445421219,1.8166406154632568
1790592437650378800,1.705378662109375,-0.3890070617198944,0.09459564089775085,1.8689674139022827
1790592437660391700,1.7153916015625,-0.3664468824863434,0.26853522658348083,1.86228609085083
1790592437670404600,1.725404541015625,-0.17324146628379822,0.5054334998130798,1.7700520753860474
1790592437680417500,1.73541748046875,0.07141727954149246,0.7733059525489807,1.5070475339889526
1790592437690430700,1.7454306640625,0.24948102235794067,0.7311177849769592,1.1135064363479614
1790592437700443400,1.755443359375,0.36970463395118713,0.030337028205394745,0.6137024760246277
1790592437710455600,1.76545556640625,0.4845563769340515,-0.8402737379074097,0.02732577547430992
1790592437720468500,1.775468505859375,0.6226338148117065,-1.3169848918914795,-0.4788780212402344
1790592437730481700,1.785481689453125,0.7434098124504089,-1.276828408241272,-0.7450902462005615
1790592437740494600,1.79549462890625,0.7716020345687866,-0.8839618563652039,-0.7576255202293396
1790592437750507500,1.805507568359375,0.6930329203605652,-0.29821449518203735,-0.6442840099334717
1790592437760520700,1.815520751953125,0.5220888257026672,0.2539277970790863,-0.5447430610656738
1790592437770533600,1.82553369140625,0.30045872926712036,0.6596382856369019,-0.4598428010940552
1790592437780546600,1.835546630859375,0.03243233263492584,0.8411430716514587,-0.309036523103714
1790592437790558500,1.845558349609375,-0.22160260379314423,0.8810111284255981,-0.01518919225782156
1790592437800571600,1.855571533203125,-0.39680051803588867,0.7328680157661438,0.28221985697746277
1790592437810584600,1.86558447265625,-0.42873236536979675,0.5137985348701477,0.3372141420841217
1790592437820597800,1.87559765625,-0.3115106523036957,0.39379939436912537,0.16897159814834595
1790592437830610400,1.8856103515625,-0.06439168006181717,0.47174108028411865,0.022710520774126053
1790592437840623600,1.89562353515625,0.20774875581264496,0.5890074968338013,0.13109850883483887
1790592437850636500,1.905636474609375,0.3840510845184326,0.699531614780426,0.43259310722351074
1790592437860648700,1.915648681640625,0.44664815068244934,0.6970519423484802,0.734876275062561
1790592437870661400,1.925661376953125,0.42066341638565063,0.543302059173584,0.9218573570251465
1790592437880674600,1.935674560546875,0.2988855838775635,0.2830691635608673,0.8729321360588074
1790592437890687700,1.945687744140625,0.11028958112001419,0.09048798680305481,0.5964419841766357
1790592437900700700,1.95570068359375,-0.037164587527513504,0.19444261491298676,0.31477007269859314
1790592437910713600,1.965713623046875,-0.16382479667663574,0.4916231632232666,0.15690481662750244
1790592437920726500,1.9757265625,-0.2351844608783722,0.7374758124351501,0.26303496956825256
1790592437930739700,1.98573974609375,-0.2357597053050995,0.7816400527954102,0.4614894688129425
1790592437940751600,1.995751708984375,-0.10039602220058441,0.6987268328666687,0.6649986505508423
1790592437950764500,2.0057646484375,0.11939173191785812,0.6121506690979004,0.8230804204940796
1790592437960777500,2.015777587890625,0.2567368149757385,0.4384997487068176,0.7664368748664856
1790592437970790700,2.025790771484375,0.34675270318984985,0.24580860137939453,0.5614592432975769
1790592437980803600,2.035803466796875,0.3658558428287506,0.13066230714321136,0.33392539620399475
1790592437990815700,2.045815673828125,0.27184730768203735,0.1644330620765686,0.20691657066345215
1790592438000828400,2.055828369140625,0.18304607272148132,0.2587672770023346,0.23544222116470337
1790592438010841600,2.065841552734375,0.24285320937633514,0.29909658432006836,0.3565729260444641
1790592438020853500,2.075853515625,0.3123180568218231,0.15778420865535736,0.27294325828552246
1790592438030866700,2.08586669921875,0.34927740693092346,-0.028252780437469482,0.07961588352918625
1790592438040879400,2.09587939453125,0.35612544417381287,-0.10841739177703857,-0.008467639796435833
1790592438050892500,2.105892578125,0.3127683699131012,-0.10967519879341125,-0.016758859157562256
1790592438060905700,2.11590576171875,0.15749864280223846,-0.07041807472705841,-0.04475666955113411
1790592438070918700,2.125918701171875,-0.02486211620271206,-0.11094605922698975,-0.10890902578830719
1790592438080931600,2.135931640625,-0.1080092042684555,-0.24486178159713745,-0.1425170600414276
1790592438090944500,2.145944580078125,-0.09839651733636856,-0.6305548548698425,-0.13114401698112488
1790592438100956700,2.155956787109375,-0.09068400412797928,-1.0411416292190552,-0.09659004211425781
1790592438110969600,2.165969482421875,-0.05752445384860039,-1.101392388343811,-0.0451020821928978
1790592438120982500,2.175982421875,-0.02042475715279579,-0.9416182041168213,0.02058984339237213
1790592438130995500,2.185995361328125,-0.09860877692699432,-0.7785837650299072,0.04975198954343796
1790592438141008600,2.196008544921875,-0.2858114242553711,-0.7024402618408203,0.11106861382722855
1790592438151021600,2.206021484375,-0.4805563986301422,-0.8595095276832581,0.1959475427865982
1790592438161034500,2.216034423828125,-0.5558740496635437,-0.8757877945899963,0.20829635858535767
1790592438171047700,2.226047607421875,-0.6834977865219116,-0.7639965415000916,0.20791445672512054
1790592438181059600,2.2360595703125,-0.7841032147407532,-0.7029739618301392,0.29721638560295105
1790592438191072800,2.24607275390625,-0.682937741279602,-0.33664843440055847,0.37284377217292786
1790592438201085400,2.25608544921875,-0.28238871693611145,-0.08919336646795273,0.5472224950790405
1790592438211098600,2.2660986328125,0.4417359530925751,-0.08907219022512436,0.5884612798690796
1790592438221111600,2.276111572265625,1.081578254699707,0.06260176002979279,0.5686353445053101
1790592438231124700,2.286124755859375,1.3158642053604126,0.15618418157100677,0.6239718794822693
1790592438241137400,2.296137451171875,1.3415501117706299,0.11064465343952179,0.6351209282875061
1790592438251150600,2.306150634765625,1.2793762683868408,0.06555798649787903,0.42236408591270447
1790592438261163800,2.316163818359375,1.0983524322509766,0.055136505514383316,0.11553677916526794
1790592438271175700,2.32617578125,0.8946047425270081,0.08827528357505798,-0.08387326449155807
1790592438281188600,2.336188720703125,0.7228803634643555,0.15090696513652802,-0.18600548803806305
1790592438291201500,2.346201416015625,0.5515741109848022,0.14166712760925293,-0.16689863801002502
1790592438301214700,2.356214599609375,0.32225435972213745,0.21095485985279083,-0.10147516429424286
1790592438311227600,2.3662275390625,0.1465270072221756,0.10401775687932968,-0.06881842017173767
1790592438321240600,2.376240478515625,0.07034914195537567,0.00205437745898962,-0.050781890749931335
1790592438331253500,2.38625341796875,-0.02091445028781891,-0.0368964821100235,0.02044009044766426
1790592438341266700,2.3962666015625,-0.12364961951971054,-0.05368078872561455,0.12527303397655487
1790592438351279600,2.406279541015625,-0.191935196518898,-0.09034746140241623,0.25649523735046387
1790592438361291500,2.41629150390625,-0.24929890036582947,-0.17025934159755707,0.40054962038993835
1790592438371304400,2.426304443359375,-0.2918378412723541,-0.22864754498004913,0.5357804298400879
1790592438381317600,2.436317626953125,-0.2859322726726532,-0.30347758531570435,0.6539211869239807
1790592438391330600,2.44633056640625,-0.20867423713207245,-0.3244560956954956,0.7314742803573608
1790592438401343500,2.456343505859375,-0.12609493732452393,-0.36956363916397095,0.7704429626464844
1790592438411356700,2.466356689453125,-0.04846645146608353,-0.41049084067344666,0.7653486132621765
1790592438421369600,2.47636962890625,0.04780096188187599,-0.3891136646270752,0.6875076293945312
1790592438431382800,2.4863828125,0.19505192339420319,-0.32882794737815857,0.5437563061714172
1790592438441395500,2.4963955078125,0.2840747535228729,-0.1991402506828308,0.3168818950653076
1790592438451407600,2.50640771484375,0.30786609649658203,-0.11609622836112976,0.04388149827718735
1790592438461420500,2.516420654296875,0.30946850776672363,-0.010351692326366901,-0.22862085700035095
1790592438471433700,2.526433837890625,0.29616257548332214,0.04619307443499565,-0.4127691388130188
1790592438481446400,2.5364462890625,0.24914339184761047,0.0579725056886673,-0.497636079788208
1790592438491459600,2.54645947265625,0.1805422306060791,0.06912555545568466,-0.4885997176170349
1790592438501472800,2.55647265625,0.10224795341491699,0.06064072623848915,-0.4113216996192932
1790592438511485700,2.566485595703125,0.033318694680929184,0.032020267099142075,-0.2751595973968506
1790592438521498600,2.57649853515625,-0.011287390254437923,0.001986200688406825,-0.11313421279191971
1790592438531511600,2.586511474609375,-0.02272912859916687,-0.021071715280413628,0.040508341044187546
1790592438541524700,2.596524658203125,-0.002563140820711851,-0.035917505621910095,0.15095390379428864
1790592438551536600,2.60653662109375,0.023574719205498695,-0.04234131798148155,0.1809815764427185
1790592438561549600,2.616549560546875,0.03010425716638565,-0.026693115010857582,0.1385640799999237
1790592438571562500,2.6265625,0.011485300026834011,0.00305306282825768,0.06476840376853943
1790592438581575700,2.63657568359375,-0.0064524211920797825,0.021448049694299698,-0.01259828731417656
1790592438591588600,2.646588623046875,0.0026023262180387974,0.03746243566274643,-0.07162618637084961
1790592438601601500,2.6566015625,0.016973009333014488,0.05582892522215843,-0.0896078497171402
1790592438611614700,2.66661474609375,0.01843987964093685,0.04545671120285988,-0.05467117205262184
1790592438621627600,2.676627685546875,0.010789948515594006,0.02362651377916336,0.005249951500445604
1790592438631640600,2.686640625,0.003990632016211748,0.020245632156729698,0.045364346355199814
1790592438641652500,2.696652587890625,0.006899336818605661,0.013888666406273842,0.054818302392959595
1790592438651665700,2.706665771484375,0.013322881422936916,0.021533802151679993,0.03101310506463051
1790592438661678600,2.7166787109375,0.006664446089416742,0.02675546333193779,-0.004070046823471785
1790592438671691800,2.72669189453125,0.011534036137163639,0.022342605516314507,-0.030142661184072495
1790592438681704400,2.736704345703125,0.017753582447767258,0.023950887843966484,-0.0334060974419117
1790592438691717600,2.746717529296875,0.01078515499830246,0.011059856042265892,-0.0073137772269546986
1790592438701730600,2.75673046875,0.013004633598029613,-0.004343600478023291,0.019971372559666634
1790592438711743500,2.766743408203125,0.018449466675519943,-0.006854694802314043,0.031191803514957428
1790592438721756700,2.776756591796875,0.015461399219930172,-0.014312878251075745,0.02055433951318264
1790592438731768600,2.7867685546875,0.008328122086822987,-0.012404989451169968,-0.0061691501177847385
1790592438741781800,2.79678173828125,-0.0043442631140351295,-0.011391656473279,-0.01608915999531746
1790592438751794700,2.806794677734375,0.024190708994865417,-0.00175953540019691,-0.02729041501879692
1790592438761807600,2.8168076171875,0.012122861109673977,0.0010905796661973,-0.03288092464208603
1790592438771820500,2.826820556640625,0.0037573392037302256,-0.02649417705833912,-0.0036364845000207424
1790592438781833700,2.836833740234375,0.026706330478191376,-0.02523556724190712,0.017252018675208092
1790592438791846400,2.846846435546875,0.02257257141172886,-0.0240350142121315,0.03521530702710152
1790592438801859600,2.856859619140625,-0.003679538145661354,-0.025072315707802773,0.035215575248003006
1790592438811872500,2.86687255859375,0.003145877504721284,-0.00209882203489542,0.004136484116315842
1790592438821884700,2.876884765625,0.04780256003141403,0.03585894778370857,-0.15197402238845825
1790592438831897600,2.886897705078125,0.034583695232868195,0.08179261535406113,-0.24729865789413452
1790592438841910500,2.89691064453125,0.01427948847413063,0.11190124601125717,-0.24250151216983795
1790592438851923700,2.906923828125,0.031028108671307564,0.08343391865491867,-0.2016345113515854
1790592438861936600,2.9169365234375,0.042585428804159164,0.07458610087633133,-0.13896287977695465
1790592438871949600,2.926949462890625,0.029833680018782616,0.08229701966047287,-0.06704235821962357
1790592438881962500,2.93696240234375,0.0461529977619648,0.028472935780882835,-0.015624171122908592
1790592438891975700,2.9469755859375,0.09709793329238892,0.011992495507001877,0.0019313865341246128
1790592438901988600,2.956988525390625,0.11174692213535309,-0.01058791484683752,-0.014987142756581306
1790592438912001500,2.96700146484375,0.09724360704421997,-0.002807489363476634,-0.041519682854413986
1790592438922013400,2.977013427734375,0.07597587257623672,0.009699780493974686,-0.030032940208911896
1790592438932026600,2.987026611328125,0.06837840378284454,0.011602342128753662,0.022036388516426086
1790592438942039600,2.99703955078125,0.04552182927727699,0.00963213574141264,0.07713080197572708
1790592438952052500,3.007052490234375,0.01469547487795353,0.018598733469843864,0.09891598671674728
1790592438962065700,3.017065673828125,0.00034396571572870016,0.03651728108525276,0.053926143795251846
1790592438972078600,3.02707861328125,0.004025253001600504,0.04848526045680046,-0.043989766389131546
1790592438982091800,3.037091796875,-0.05084864795207977,0.09729035198688507,-0.18653732538223267
1790592438992104400,3.0471044921875,-0.03815309330821037,0.10943809151649475,-0.2438104748725891
1790592439002117400,3.057117431640625,-0.010465272702276707,0.10080385953187943,-0.23190107941627502
1790592439012129500,3.067129638671875,-0.03018810972571373,0.12535473704338074,-0.20549529790878296
1790592439022142500,3.077142578125,-0.05328037962317467,0.15732412040233612,-0.19837559759616852
1790592439032155400,3.0871552734375,-0.051467832177877426,0.14847257733345032,-0.222304105758667
1790592439042168300,3.097168212890625,-0.03542255237698555,0.13858665525913239,-0.24461978673934937
1790592439052181500,3.107181396484375,-0.009837298654019833,0.13284142315387726,-0.24650424718856812
1790592439062194700,3.117194580078125,0.006572300568223,0.09751059114933014,-0.20430885255336761
1790592439072207400,3.127207275390625,-0.0007063850644044578,0.0909043550491333,-0.11859103292226791
1790592439082220500,3.137220458984375,-0.03436234965920448,0.07051519304513931,-0.018099313601851463
1790592439092232400,3.147232421875,-0.07832341641187668,0.06199361011385918,0.0720958262681961
1790592439102245600,3.15724560546875,-0.13402876257896423,0.13719169795513153,0.08303209394216537
1790592439112258600,3.167258544921875,-0.1755106896162033,0.17474040389060974,0.08749715238809586
1790592439122271500,3.177271484375,-0.17833124101161957,0.18567773699760437,0.06400994211435318
1790592439132284400,3.187284423828125,-0.15369699895381927,0.16070634126663208,0.02878616936504841
1790592439142297600,3.197297607421875,-0.13927625119686127,0.13257856667041779,-0.0942300334572792
1790592439152310300,3.207310302734375,-0.17151355743408203,0.21143503487110138,-0.22219064831733704
1790592439162323500,3.217323486328125,-0.28482624888420105,0.32419565320014954,-0.2602946162223816
1790592439172336600,3.227336669921875,-0.3749969005584717,0.2859806418418884,-0.18200328946113586
1790592439182348500,3.2373486328125,-0.37711837887763977,0.2524285316467285,-0.04068558290600777
1790592439192361500,3.247361572265625,-0.3205304741859436,0.21805085241794586,0.02157965674996376
1790592439202374400,3.25737451171875,-0.24427856504917145,0.18897685408592224,-0.03292486444115639
1790592439212387600,3.2673876953125,-0.22625668346881866,0.18946342170238495,-0.16541844606399536
1790592439222400500,3.277400390625,-0.2632666528224945,0.24532721936702728,-0.26588886976242065
1790592439232413400,3.287413330078125,-0.33432990312576294,0.2998482584953308,-0.2692958414554596
1790592439242426400,3.29742626953125,-0.33678585290908813,0.2534346878528595,-0.2885749936103821
1790592439252439600,3.307439453125,-0.2843993306159973,0.22801074385643005,-0.319192498922348
1790592439262452500,3.317452392578125,-0.26276299357414246,0.25703492760658264,-0.28270530700683594
1790592439272464600,3.327464599609375,-0.2790732681751251,0.2825346887111664,-0.05617149546742439
1790592439282477300,3.337477294921875,-0.2529258131980896,0.210025355219841,0.2236897200345993
1790592439292490500,3.347490478515625,-0.19295063614845276,0.07471413910388947,0.4289642870426178
1790592439302503700,3.357503662109375,-0.22727052867412567,0.11209213733673096,0.4925898611545563
1790592439312516400,3.367516357421875,-0.27236661314964294,0.13166742026805878,0.31901994347572327
1790592439322529500,3.377529541015625,-0.35852840542793274,0.18893231451511383,0.058074384927749634
1790592439332542500,3.38754248046875,-0.3903675675392151,0.23050425946712494,-0.053473979234695435
1790592439342555600,3.3975556640625,-0.41529953479766846,0.2561715245246887,-0.035667020827531815
1790592439352568300,3.407568359375,-0.4383971393108368,0.1882697194814682,0.09287550300359726
1790592439362580500,3.41758056640625,-0.4620356261730194,0.13667763769626617,0.254403680562973
1790592439372593400,3.427593505859375,-0.4941810369491577,0.17170165479183197,0.30532464385032654
1790592439382606600,3.437606689453125,-0.5064315795898438,0.20614778995513916,0.19598086178302765
1790592439392619300,3.447619384765625,-0.5150519609451294,0.23137351870536804,0.012123936787247658
1790592439402632400,3.457632568359375,-0.5022032856941223,0.2016236037015915,-0.04643045365810394
1790592439412645600,3.467645751953125,-0.46767035126686096,0.15419644117355347,0.10580142587423325
1790592439422658600,3.477658447265625,-0.44209975004196167,0.13916262984275818,0.3376295864582062
1790592439432671500,3.48767138671875,-0.4275357127189636,0.11215338855981827,0.5398245453834534
1790592439442684400,3.497684326171875,-0.4395841062068939,0.06736674159765244,0.6067412495613098
1790592439452696600,3.507696533203125,-0.4387572109699249,0.08331108838319778,0.4973635971546173
1790592439462709500,3.51770947265625,-0.43463781476020813,0.07705771923065186,0.3446558117866516
1790592439472722400,3.527722412109375,-0.40953779220581055,0.06607537716627121,0.30782800912857056
1790592439482735400,3.5377353515625,-0.3255094885826111,0.018702000379562378,0.30436164140701294
1790592439492748500,3.54774853515625,-0.2585006058216095,0.00932713970541954,0.24064207077026367
1790592439502761500,3.557761474609375,-0.2091735452413559,0.029800990596413612,0.10612180083990097
1790592439512774400,3.5677744140625,-0.153485506772995,0.03225322812795639,-0.021827640011906624
1790592439522787600,3.57778759765625,-0.11475436389446259,0.07825987040996552,-0.05628254637122154
1790592439532800500,3.587800537109375,-0.07398243248462677,0.12070240080356598,-0.11182037740945816
1790592439542812700,3.597812744140625,-0.06847342103719711,0.1560920774936676,-0.17067356407642365
1790592439552825300,3.607825439453125,-0.07829435914754868,0.1264532208442688,-0.14919890463352203
1790592439562838500,3.617838623046875,-0.10962271690368652,0.04171357676386833,-0.007200493011623621
1790592439572851500,3.6278515625,-0.12758147716522217,0.017478810623288155,0.11766021698713303
1790592439582864600,3.63786474609375,-0.1328185796737671,0.02214147336781025,0.08277387171983719
1790592439592877300,3.647877197265625,-0.11442413181066513,0.015978386625647545,-0.02481011487543583
1790592439602890500,3.657890380859375,-0.08330696076154709,0.02642250433564186,-0.10044229030609131
1790592439612903400,3.6679033203125,-0.022393278777599335,0.02965984307229519,-0.12927180528640747
1790592439622916400,3.677916259765625,0.0392967164516449,0.03686369210481644,-0.11121051758527756
1790592439632929500,3.687929443359375,0.08391931653022766,0.024464016780257225,-0.05302843451499939
1790592439642941400,3.69794140625,0.11443834006786346,0.01781357079744339,0.030878715217113495
1790592439652954600,3.70795458984375,0.12759675085544586,0.009314090944826603,0.10979989171028137
1790592439662967600,3.717967529296875,0.13443441689014435,0.008795307017862797,0.15937571227550507
1790592439672980500,3.72798046875,0.13868029415607452,0.02948593907058239,0.11036448180675507
1790592439682993400,3.737993408203125,0.12412372976541519,0.039142027497291565,0.03592061251401901
1790592439693006600,3.748006591796875,0.09237751364707947,0.057259779423475266,0.014440620318055153
1790592439703019300,3.758019287109375,0.06319299340248108,0.0564483143389225,0.03145715594291687
1790592439713032400,3.768032470703125,0.048786360770463943,0.044923219829797745,0.04577058181166649
1790592439723045600,3.778045654296875,0.03772944584488869,0.04351813346147537,0.040572624653577805
1790592439733057500,3.7880576171875,0.04960767924785614,0.03519415855407715,0.01851046271622181
1790592439743070500,3.798070556640625,0.07648216933012009,0.02581849880516529,-0.04460964724421501
1790592439753083400,3.80808349609375,0.11965467780828476,-0.0036874613724648952,-0.18015256524085999
1790592439763096600,3.8180966796875,0.15575729310512543,-0.022459816187620163,-0.38623782992362976
1790592439773109500,3.828109619140625,0.18849366903305054,-0.02804846130311489,-0.6040337681770325
1790592439783122400,3.838122314453125,0.21476495265960693,-0.0427914522588253,-0.7631317973136902
1790592439793135400,3.84813525390625,0.2577153444290161,-0.07290088385343552,-0.8257017135620117
1790592439803148500,3.8581484375,0.3095708191394806,-0.13130854070186615,-0.7621448636054993
1790592439813161500,3.868161376953125,0.3527398705482483,-0.1747516244649887,-0.5755137205123901
1790592439823173600,3.878173583984375,0.4068656861782074,-0.29902324080467224,-0.24948610365390778
1790592439833186300,3.888186279296875,0.5215626955032349,-0.47781190276145935,0.22272752225399017
1790592439843199500,3.898199462890625,0.6080533862113953,-0.5084217190742493,0.6764915585517883
1790592439853212400,3.90821240234375,0.5774565935134888,-0.4350428581237793,0.9419378638267517
1790592439863225300,3.918225341796875,0.40417322516441345,-0.4147312045097351,1.0107672214508057
1790592439873238500,3.928238525390625,0.3507171869277954,-0.28847047686576843,0.9365338087081909
1790592439883251500,3.93825146484375,0.2282184362411499,-0.20451217889785767,0.7329596281051636
1790592439893264600,3.9482646484375,0.10874050855636597,-0.16484759747982025,0.4557996392250061
1790592439903277300,3.95827734375,-0.021508842706680298,-0.03840949013829231,0.09870143979787827
1790592439913289500,3.96828955078125,-0.04446529224514961,0.05175502598285675,-0.21090833842754364
1790592439923302400,3.978302490234375,0.005742752458900213,0.05188605189323425,-0.348224937915802
1790592439933315600,3.988315673828125,0.0330425500869751,0.032287050038576126,-0.34147462248802185
1790592439943328300,3.998328369140625,0.03593554347753525,0.013507504016160965,-0.24322979152202606
1790592439953341400,4.008341552734375,0.021999485790729523,0.004728127736598253,-0.10397844016551971
1790592439963354600,4.018354736328125,-0.006490477826446295,-0.007664625998586416,0.038883112370967865
1790592439973367600,4.028367431640625,-0.02164546214044094,-0.021932244300842285,0.1235537901520729
1790592439983380500,4.03838037109375,-0.015332705341279507,-0.021866464987397194,0.12090633809566498
1790592439993394200,4.048394287109375,-0.009364827536046505,-0.01570471003651619,0.057374507188797
1790592440003406300,4.05840625,-0.01312574278563261,-0.002946037333458662,-0.027534527704119682
1790592440013419300,4.068419189453125,-0.010878567583858967,-0.0011249678209424019,-0.07578914612531662
1790592440023432200,4.07843212890625,-0.006267304997891188,-0.013642357662320137,-0.05989779159426689
1790592440033445000,4.088445068359375,-0.007788768503814936,-0.024745341390371323,-0.007621272001415491
1790592440043458300,4.098458251953125,-0.013404576107859612,-0.04104495421051979,0.041061047464609146
1790592440053471000,4.108470947265625,-0.020527467131614685,-0.05218655243515968,0.047675538808107376
1790592440063484200,4.118484130859375,-0.025295058265328407,-0.05666758865118027,0.011511409655213356
1790592440073497300,4.128497314453125,-0.03668886050581932,-0.0523412823677063,-0.02853960357606411
1790592440083510300,4.13851025390625,-0.03006238304078579,-0.04770525172352791,-0.04334571212530136
1790592440093523200,4.148523193359375,-0.013838671147823334,-0.04502025246620178,-0.022316595539450645
1790592440103535000,4.15853515625,-0.003636634210124612,-0.047751057893037796,0.008406163193285465
1790592440113548300,4.16854833984375,-0.0047200084663927555,-0.044674839824438095,0.021249523386359215
1790592440123561200,4.178561279296875,-0.0012810681946575642,-0.03338010981678963,0.009678355418145657
1790592440133574100,4.18857421875,0.014710947871208191,-0.022997509688138962,-0.010180037468671799
1790592440143587000,4.198587158203125,0.025364389643073082,-0.024468906223773956,-0.006454541813582182
1790592440153600300,4.208600341796875,0.024908723309636116,-0.03602302819490433,0.002986630890518427
1790592440163613200,4.21861328125,0.02480832301080227,-0.046845585107803345,0.011180911213159561
1790592440173626000,4.228626220703125,0.025384897366166115,-0.05224887281656265,0.009614972397685051
1790592440183639300,4.238639404296875,0.029709869995713234,-0.04681149497628212,0.0060234335251152515
1790592440193651200,4.248651123046875,0.038795776665210724,-0.03560891002416611,0.003013262525200844
1790592440203664100,4.2586640625,0.04780897870659828,-0.029347550123929977,0.0044258031994104385
1790592440213677000,4.268677001953125,0.05044124647974968,-0.023853981867432594,0.006744084879755974
1790592440223690200,4.278690185546875,0.05729436129331589,-0.013295614160597324,0.007352084387093782
1790592440233703200,4.288703125,0.06855474412441254,-0.009858272038400173,0.0026430832222104073
1790592440243716400,4.29871630859375,0.07932136952877045,-0.011670553125441074,0.003733381163328886
1790592440253729000,4.30872900390625,0.07967596501111984,-0.021203014999628067,0.011914997361600399
1790592440263742200,4.3187421875,0.0843181163072586,-0.02778688259422779,0.015665793791413307
1790592440273755100,4.328755126953125,0.09055311232805252,-0.02585049718618393,0.014487344771623611
1790592440283767300,4.338767333984375,0.10015273839235306,-0.017453018575906754,0.015774983912706375
1790592440293780000,4.348780029296875,0.10330725461244583,-0.011039060540497303,0.013864165171980858
1790592440303793200,4.358793212890625,0.1018957793712616,-0.0044615850783884525,0.007678174413740635
1790592440313806300,4.368806396484375,0.10413336753845215,0.00032384911901317537,0.0024043163284659386
1790592440323819300,4.3788193359375,0.11393006891012192,0.002002706052735448,0.009692855179309845
1790592440333832200,4.388832275390625,0.11938183009624481,0.00009748045704327524,0.01815425232052803
1790592440343845000,4.39884521484375,0.11971952021121979,-0.003203773871064186,0.018466640263795853
1790592440353858300,4.4088583984375,0.1198635920882225,-0.010334387421607971,0.010668638162314892
1790592440363871000,4.41887109375,0.12116961181163788,-0.01828072778880596,0.0033268355764448643
1790592440373883100,4.428883056640625,0.12704026699066162,-0.02157505974173546,0.007345279213041067
1790592440383896000,4.43889599609375,0.1358763724565506,-0.021907953545451164,0.011510463431477547
1790592440393909200,4.4489091796875,0.13774192333221436,-0.015201314352452755,0.017992330715060234
1790592440403922200,4.458922119140625,0.13694296777248383,-0.006492777727544308,0.015568587929010391
1790592440413935000,4.46893505859375,0.13578583300113678,0.0059766750782728195,0.007384960539638996
1790592440423948300,4.4789482421875,0.14191029965877533,0.018873831257224083,0.0027657076716423035
1790592440433961200,4.488961181640625,0.15283459424972534,0.02636929787695408,0.012532850727438927
1790592440443974100,4.49897412109375,0.1631530076265335,0.028022320941090584,0.021241120994091034
1790592440453987000,4.508987060546875,0.16652163863182068,0.026399657130241394,0.019095145165920258
1790592440464000300,4.519000244140625,0.16021233797073364,0.025144243612885475,0.010612178593873978
1790592440474012200,4.52901220703125,0.15419572591781616,0.026283277198672295,0.004714875016361475
1790592440484025300,4.539025390625,0.15888209640979767,0.028322992846369743,0.010151452384889126
1790592440494038000,4.5490380859375,0.16779516637325287,0.028342433273792267,0.018615510314702988
1790592440504051200,4.55905126953125,0.17588584125041962,0.02926681563258171,0.017636533826589584
1790592440514064100,4.569064208984375,0.17880919575691223,0.031344346702098846,0.010334411635994911
1790592440524077000,4.5790771484375,0.1774267554283142,0.03223118185997009,0.002046387642621994
1790592440534090200,4.58909033203125,0.17922838032245636,0.0334775410592556,0.0051183439791202545
1790592440544103200,4.599103271484375,0.1906442791223526,0.02847585827112198,0.015463126823306084
1790592440554116400,4.609116455078125,0.20136164128780365,0.016959017142653465,0.025457704439759254
1790592440564128300,4.619128173828125,0.2074059545993805,0.0029510576277971268,0.024626797065138817
1790592440574141200,4.62914111328125,0.23841287195682526,-0.0420483760535717,-0.041281379759311676
1790592440584154000,4.639154052734375,0.31566503643989563,-0.12296346575021744,-0.04251947999000549
1790592440594167300,4.649167236328125,0.34629806876182556,-0.23980379104614258,0.016450893133878708
1790592440604180200,4.65918017578125,0.24128535389900208,-0.2571130096912384,0.09236963093280792
1790592440614193200,4.669193115234375,0.0903531089425087,-0.2406134009361267,0.07883304357528687
1790592440624206000,4.6792060546875,0.09609195590019226,-0.13518337905406952,0.011482499539852142
1790592440634219300,4.68921923828125,0.2986045777797699,-0.1026051938533783,-0.02541319839656353
1790592440644232200,4.699232177734375,0.39112144708633423,-0.16499054431915283,-0.017262328416109085
1790592440654245000,4.7092451171875,0.2890307605266571,-0.24933737516403198,0.05520094931125641
1790592440664257300,4.71925732421875,0.14740467071533203,-0.27556312084198,0.08872935175895691
1790592440674270200,4.729270263671875,0.1941756308078766,-0.2356005311012268,0.060366950929164886
1790592440684283100,4.739283203125,0.3480759859085083,-0.19187168776988983,0.031165923923254013
1790592440694296000,4.749296142578125,0.3483518958091736,-0.15094023942947388,0.06393984705209732
1790592440704309200,4.759309326171875,0.2246760129928589,-0.10224966704845428,0.10193011164665222
1790592440714322200,4.769322265625,0.22570081055164337,-0.009882981888949871,0.07416026294231415
1790592440724335000,4.779335205078125,0.35558316111564636,0.0845700204372406,0.029652182012796402
1790592440734348300,4.789348388671875,0.42073261737823486,0.12319117784500122,-0.002496432512998581
1790592440744361200,4.799361328125,0.3754327893257141,0.13081634044647217,0.0040347035974264145
1790592440754373000,4.809373046875,0.26325297355651855,0.14342667162418365,0.05256335437297821
1790592440764386300,4.81938623046875,0.23425008356571198,0.18931055068969727,0.0936303660273552
1790592440774399200,4.829399169921875,0.3178589642047882,0.25184741616249084,0.0855327621102333
1790592440784412200,4.839412109375,0.3623129725456238,0.29323267936706543,0.0373401939868927
1790592440794425300,4.84942529296875,0.3325958251953125,0.3226267993450165,0.011698748916387558
1790592440804438000,4.85943798828125,0.2785022258758545,0.34206998348236084,0.015042879618704319
1790592440814451200,4.869451171875,0.21547986567020416,0.37759682536125183,0.04852334409952164
1790592440824464100,4.879464111328125,0.22128155827522278,0.4137322008609772,0.04630573093891144
1790592440834477300,4.889477294921875,0.24550700187683105,0.4297676384449005,0.010823367163538933
1790592440844489200,4.8994892578125,0.22659189999103546,0.4324318468570709,-0.005420050583779812
1790592440854502100,4.909502197265625,0.17930720746517181,0.42764216661453247,-0.0031068287789821625
1790592440864515000,4.91951513671875,0.11261287331581116,0.4342838227748871,0.01194802112877369
1790592440874528300,4.9295283203125,0.09126950055360794,0.42060795426368713,0.025227872654795647
1790592440884541200,4.939541259765625,0.1256522387266159,0.38291624188423157,0.023418255150318146
1790592440894554000,4.94955419921875,0.13566811382770538,0.32245102524757385,0.0117959538474679
1790592440904567300,4.9595673828125,0.11577777564525604,0.25228896737098694,0.007493351120501757
1790592440914580200,4.969580322265625,0.085931196808815,0.20427565276622772,0.01387535035610199
1790592440924593200,4.97959326171875,0.06736070662736893,0.16289864480495453,0.02277590148150921
1790592440934606000,4.989606201171875,0.04036423936486244,0.11607708036899567,0.022974839434027672
1790592440944618200,4.9996181640625,0.012089458294212818,0.0643201395869255,0.015462594106793404
1790592440954631200,5.009631103515625,0.0030056817922741175,0.008045418187975883,0.00032492028549313545
1790592440964644000,5.01964404296875,0.01827438361942768,-0.05441929027438164,-0.012521635740995407
1790592440974657300,5.0296572265625,0.009289409965276718,-0.12067021429538727,-0.024544743821024895
1790592440984670200,5.039670166015625,-0.02819138579070568,-0.16748672723770142,-0.022612087428569794
1790592440994683100,5.04968310546875,-0.05135449394583702,-0.1912144273519516,-0.010354887694120407
1790592441004696000,5.059696044921875,-0.04004005715250969,-0.19243095815181732,-0.0016641942784190178
1790592441014709000,5.069708984375,-0.0018575165886431932,-0.19251510500907898,0.0037705181166529655
1790592441024722200,5.07972216796875,0.027373339980840683,-0.1935550719499588,0.0012775328941643238
1790592441034734800,5.08973486328125,0.03325652703642845,-0.19945530593395233,-0.010520536452531815
1790592441044747000,5.0997470703125,0.027398904785513878,-0.19209380447864532,-0.016960060223937035
1790592441054760000,5.109760009765625,0.023755967617034912,-0.17131635546684265,-0.0008130483329296112
1790592441064773000,5.119773193359375,0.027875611558556557,-0.14290015399456024,0.025887537747621536
1790592441074786000,5.1297861328125,0.039123471826314926,-0.11444614082574844,0.03155580908060074
1790592441084799000,5.139799072265625,0.050614479929208755,-0.08247196674346924,0.00406905822455883
1790592441094812200,5.149812255859375,0.06658519059419632,-0.04579544439911842,-0.03503759950399399
1790592441104825000,5.1598251953125,0.08037024736404419,-0.015516899526119232,-0.038811564445495605
1790592441114838000,5.169838134765625,0.08266802132129669,-0.0008295659208670259,-0.008573499508202076
1790592441124851000,5.179850830078125,0.0749826729297638,0.005481593310832977,0.027381571009755135
1790592441134863000,5.189863037109375,0.07070484012365341,0.01181538961827755,0.037067219614982605
1790592441144876000,5.1998759765625,0.07795315980911255,0.02552773803472519,0.0246539618819952
1790592441154889200,5.20988916015625,0.0984019786119461,0.0428025983273983,0.01297094114124775
1790592441164902000,5.21990185546875,0.11738073080778122,0.049748655408620834,0.016196560114622116
1790592441174915000,5.2299150390625,0.12125243246555328,0.05964309722185135,0.005003828089684248
1790592441184928000,5.239927978515625,0.12304393947124481,0.07155674695968628,-0.00905606523156166
1790592441194941000,5.24994091796875,0.1118200495839119,0.06874950975179672,-0.014356287196278572
1790592441204954000,5.2599541015625,0.09837215393781662,0.0563514307141304,0.008289636112749577
1790592441214967000,5.269967041015625,0.0888497531414032,0.03023594059050083,0.0450441911816597
1790592441224980200,5.279980224609375,0.1007532849907875,0.005558292381465435,0.06087854504585266
1790592441234992000,5.2899921875,0.11626966297626495,-0.007740735076367855,0.03344425559043884
1790592441245005000,5.300005126953125,0.12280292809009552,-0.00635722279548645,-0.02457909844815731
1790592441255018000,5.31001806640625,0.12185323238372803,-0.003765358356758952,-0.05741399526596069
1790592441265031200,5.32003125,0.11258276551961899,-0.00615048548206687,-0.036646924912929535
1790592441275043800,5.3300439453125,0.10216501355171204,-0.018699301406741142,0.017076488584280014
1790592441285057000,5.34005712890625,0.10274957865476608,-0.03353017941117287,0.05034656077623367
1790592441295070200,5.3500703125,0.12110381573438644,-0.042960964143276215,0.03906221687793732
1790592441305083100,5.360083251953125,0.1344800889492035,-0.04714718833565712,-0.0018865503370761871
1790592441315096000,5.370095947265625,0.14345307648181915,-0.03422526270151138,-0.03488790988922119
1790592441325109000,5.38010888671875,0.13614588975906372,-0.014701629057526588,-0.024016354233026505
1790592441335121200,5.39012109375,0.11300301551818848,-0.0009533264674246311,0.01734093949198723
1790592441345134000,5.400134033203125,0.10803142935037613,0.014577697031199932,0.03444881737232208
1790592441355147000,5.41014697265625,0.12489083409309387,0.03307494893670082,0.005643537268042564
1790592441365160000,5.420159912109375,0.13216926157474518,0.03548510745167732,-0.0077516306191682816
1790592441375173000,5.430173095703125,0.14299340546131134,0.03492610901594162,-0.006188620813190937
1790592441385186000,5.44018603515625,0.1561872512102127,0.04383997619152069,0.001188335008919239
1790592441395199000,5.450198974609375,0.1478094756603241,0.06002800166606903,0.01006624847650528
1790592441405212200,5.460212158203125,0.13960160315036774,0.08783832937479019,0.0057950709015131
1790592441415225000,5.47022509765625,0.13935233652591705,0.11150477081537247,-0.0017816219478845596
1790592441425237000,5.480237060546875,0.140008807182312,0.12475799024105072,0.020762037485837936
1790592441435250000,5.49025,0.1380748152732849,0.12477424740791321,0.04221033304929733
1790592441445263000,5.50026318359375,0.14108818769454956,0.12382721900939941,0.011291835457086563
1790592441455276000,5.510276123046875,0.15867464244365692,0.13971324265003204,-0.050618939101696014
1790592441465289200,5.520289306640625,0.16754935681819916,0.13968715071678162,-0.0617099404335022
1790592441475302000,5.530302001953125,0.16607050597667694,0.13083027303218842,-0.02183016575872898
1790592441485315000,5.540315185546875,0.15077783167362213,0.12056378275156021,0.039109885692596436
1790592441495328000,5.550327880859375,0.11963401734828949,0.1123918741941452,0.07222149521112442
1790592441505341000,5.5603408203125,0.11798472702503204,0.12496785819530487,0.03306291252374649
1790592441515353000,5.57035302734375,0.1409158855676651,0.14254790544509888,-0.028003638610243797
1790592441525366000,5.580365966796875,0.14416652917861938,0.14551441371440887,-0.0464249923825264
1790592441535379200,5.590379150390625,0.14360859990119934,0.14079155027866364,-0.030558941885828972
1790592441545392000,5.60039208984375,0.14226050674915314,0.13292084634304047,0.012441787868738174
1790592441555405000,5.610405029296875,0.13654589653015137,0.12978710234165192,0.04044226557016373
1790592441565418000,5.62041796875,0.1270757019519806,0.13472913205623627,0.06324957311153412
1790592441575431200,5.63043115234375,0.11659588664770126,0.12509915232658386,0.05609899014234543
1790592441585444000,5.640444091796875,0.132372185587883,0.12940068542957306,0.002960935002192855
1790592441595457000,5.65045703125,0.14498092234134674,0.13249394297599792,-0.07002512365579605
1790592441605470000,5.660469970703125,0.13433654606342316,0.1451610028743744,-0.09460770338773727
1790592441615482000,5.670482177734375,0.12412384152412415,0.15005403757095337,-0.032020486891269684
1790592441625495000,5.6804951171875,0.11868993192911148,0.1528831124305725,0.07529877871274948
1790592441635508000,5.690508056640625,0.10503430664539337,0.1541726142168045,0.14542195200920105
1790592441645521200,5.700521240234375,0.1075347438454628,0.16390539705753326,0.11307039111852646
1790592441655534000,5.7105341796875,0.1238359585404396,0.18530257046222687,-0.006531369872391224
1790592441665547000,5.720547119140625,0.12373608350753784,0.20930004119873047,-0.1154855489730835
1790592441675560000,5.730559814453125,0.10186673700809479,0.2186266928911209,-0.1189415380358696
1790592441685573000,5.740572998046875,0.08628511428833008,0.21883176267147064,-0.016240989789366722
1790592441695586000,5.7505859375,0.07784822583198547,0.2118619978427887,0.11232949793338776
1790592441705599000,5.760598876953125,0.06720543652772903,0.217232808470726,0.15290117263793945
1790592441715611000,5.77061083984375,0.07907407730817795,0.23270337283611298,0.06605441868305206
1790592441725624000,5.7806240234375,0.09494278579950333,0.25956666469573975,-0.07610059529542923
1790592441735637000,5.790636962890625,0.08835146576166153,0.2720814049243927,-0.1313217729330063
1790592441745650200,5.800650146484375,0.06811969727277756,0.2598226070404053,-0.07219506800174713
1790592441755663000,5.8106630859375,0.04581731930375099,0.23946087062358856,0.02468940056860447
1790592441765676000,5.820676025390625,0.013871904462575912,0.20966409146785736,0.13784578442573547
1790592441775689200,5.830689208984375,0.0077101485803723335,0.19020038843154907,0.11387386918067932
1790592441785702000,5.840701904296875,0.0325545109808445,0.22359909117221832,0.054153814911842346
1790592441795715000,5.850715087890625,0.08410398662090302,0.2364717423915863,-0.015839118510484695
1790592441805728000,5.86072802734375,0.13863354921340942,0.2466234415769577,-0.037348672747612
1790592441815740200,5.870740234375,0.1207839697599411,0.21972152590751648,-0.027808161452412605
1790592441825753000,5.880753173828125,0.052950598299503326,0.23437637090682983,0.016218151897192
1790592441835766000,5.89076611328125,-0.009230751544237137,0.15760329365730286,0.11732665449380875
1790592441845779000,5.900779052734375,-0.0972900390625,0.2083040177822113,-0.07930970191955566
1790592441855792000,5.910792236328125,-0.015430323779582977,0.276806116104126,0.10437463968992233
1790592441865805000,5.92080517578125,0.11556284874677658,0.16869190335273743,0.2507275938987732
1790592441875818000,5.93081787109375,0.1898176372051239,0.14538924396038055,0.20550686120986938
1790592441885831200,5.9408310546875,0.1588623970746994,0.11145204305648804,0.17174330353736877
1790592441895844000,5.950843994140625,0.027369337156414986,0.10319145023822784,-0.10900874435901642
1790592441905856300,5.960856201171875,-0.1121629923582077,0.22640445828437805,-0.04255861043930054
1790592441915869000,5.970868896484375,-0.07214100658893585,0.18130356073379517,0.014813067391514778
1790592441925882000,5.980882080078125,0.08366723358631134,0.1306140273809433,0.09977402538061142
1790592441935895000,5.99089501953125,0.10742289572954178,0.057346995919942856,0.03306024521589279
1790592441945908000,6.000907958984375,0.006758334580808878,0.09040588140487671,-0.0883956104516983
1790592441955921000,6.0109208984375,-0.03036453202366829,0.12519314885139465,-0.1269451230764389
1790592441965934000,6.02093408203125,0.0049862670712172985,0.1135207861661911,-0.1266748160123825
1790592441975947300,6.030947265625,0.03150549530982971,0.11586623638868332,-0.07957868278026581
1790592441985960000,6.0409599609375,0.005578021518886089,0.09072359651327133,-0.04973636567592621
1790592441995972600,6.05097265625,-0.041885100305080414,0.07279093563556671,0.04718645662069321
1790592442005984800,6.06098486328125,-0.08278379589319229,0.06054545193910599,0.10148457437753677
1790592442015997700,6.070997802734375,-0.07581723481416702,0.06835916638374329,0.10364386439323425
1790592442026010600,6.0810107421875,-0.04656081274151802,0.06231379508972168,0.024822557345032692
1790592442036023600,6.0910234375,-0.0787815973162651,0.08189841359853745,-0.06368467211723328
1790592442046036700,6.10103662109375,-0.1683351844549179,0.08825298398733139,-0.08164263516664505
1790592442056050000,6.1110498046875,-0.2493554651737213,0.08386009931564331,-0.0069513507187366486
1790592442066062600,6.1210625,-0.24643291532993317,0.07680884748697281,0.1052984893321991
1790592442076075800,6.13107568359375,-0.1905195713043213,0.05510488152503967,0.1752738505601883
1790592442086088700,6.141088623046875,-0.1560225784778595,-0.011254965327680111,0.12313500791788101
1790592442096102000,6.151101806640625,-0.1494395136833191,-0.051089197397232056,-0.0012545827776193619
1790592442106113800,6.16111376953125,-0.108741894364357,-0.016306983307003975,-0.16029536724090576
1790592442116126700,6.171126708984375,-0.05655299499630928,-0.007751045282930136,-0.14297442138195038
1790592442126139600,6.1811396484375,-0.04462096840143204,-0.041106872260570526,0.07236770540475845
1790592442136152800,6.19115283203125,-0.15174421668052673,-0.1250491738319397,0.4407840967178345
1790592442146165500,6.20116552734375,-0.49191510677337646,-0.11596859246492386,0.7851033806800842
1790592442156178700,6.2111787109375,-0.7140669226646423,-0.11271367967128754,0.872024655342102
1790592442166191900,6.22119189453125,-0.6819146275520325,-0.20670808851718903,0.9188486337661743
1790592442176204800,6.231204833984375,-0.28396084904670715,-0.22964775562286377,0.549688458442688
1790592442186217700,6.2412177734375,0.24646946787834167,-0.10668135434389114,0.12994684278964996
1790592442196229600,6.251229736328125,0.4760230481624603,-0.06855474412441254,-0.039190515875816345
1790592442206242800,6.261242919921875,0.3186611235141754,-0.08952394127845764,-0.11167137324810028
1790592442216255700,6.271255859375,-0.03695132955908775,-0.021164055913686752,-0.21259264647960663
1790592442226268700,6.2812685546875,-0.31555870175361633,0.09218860417604446,-0.3521856963634491
1790592442236281600,6.291281494140625,-0.40175139904022217,0.06515271961688995,-0.3029387891292572
1790592442246294800,6.301294677734375,-0.3440191149711609,0.018003053963184357,-0.1136130839586258
1790592442256307700,6.3113076171875,-0.26827144622802734,-0.06987929344177246,0.15243549644947052
1790592442266320600,6.321320556640625,-0.3002198040485382,-0.04851169139146805,0.21778734028339386
1790592442276333800,6.331333740234375,-0.3164623975753784,-0.03166133910417557,0.04761721193790436
1790592442286346800,6.3413466796875,-0.2538003623485565,0.012990820221602917,-0.17752057313919067
1790592442296359000,6.35135888671875,-0.21023955941200256,-0.04021114856004715,-0.17540708184242249
1790592442306371600,6.36137158203125,-0.26427483558654785,-0.14565075933933258,-0.05306997895240784
1790592442316384800,6.371384765625,-0.36216145753860474,-0.25573864579200745,-0.023582130670547485
1790592442326397700,6.381397705078125,-0.34920838475227356,-0.32338079810142517,-0.08966128528118134
1790592442336411000,6.391410888671875,-0.2748401463031769,-0.3960731029510498,-0.1818801611661911
1790592442346423600,6.401423583984375,-0.23559178411960602,-0.40507006645202637,-0.16359063982963562
1790592442356436700,6.411436767578125,-0.24412402510643005,-0.37365540862083435,-0.08156607300043106
1790592442366450000,6.421449951171875,-0.24417461454868317,-0.3126613199710846,-0.0020049335435032845
1790592442376462600,6.431462646484375,-0.21121107041835785,-0.22267097234725952,0.03140415623784065
1790592442386475800,6.441475830078125,-0.16838371753692627,-0.13074956834316254,0.07313908636569977
1790592442396487700,6.45148779296875,-0.15358613431453705,-0.0473199263215065,0.07118592411279678
1790592442406500900,6.4615009765625,-0.15335123240947723,0.019794929772615433,0.059033915400505066
1790592442416513800,6.471513671875,-0.133677139878273,0.07953575998544693,0.05019728094339371
1790592442426526700,6.481526611328125,-0.07826580852270126,0.17376719415187836,0.02772020548582077
1790592442436539600,6.49153955078125,-0.011125920340418816,0.2704753577709198,-0.002232101745903492
1790592442446552800,6.501552734375,-0.007820937782526016,0.3546608090400696,0.05538911372423172
1790592442456565500,6.5115654296875,-0.035795580595731735,0.41109079122543335,0.08275415748357773
1790592442466578700,6.52157861328125,-0.021249394863843918,0.4654182195663452,0.07640012353658676
1790592442476591900,6.531591796875,0.015166936442255974,0.4637119174003601,0.06291281431913376
1790592442486603800,6.541603759765625,0.040440335869789124,0.4561770558357239,-0.009521439671516418
1790592442496616700,6.55161669921875,0.09291339665651321,0.47792601585388184,-0.0487615168094635
1790592442506629600,6.561629638671875,0.11489725857973099,0.46465280652046204,0.04184001684188843
1790592442516642800,6.571642822265625,0.07506489008665085,0.4660906493663788,0.09704947471618652
1790592442526655700,6.58165576171875,0.06317494064569473,0.5034236311912537,0.05773882567882538
1790592442536668700,6.591668701171875,0.07193514704704285,0.511163055896759,-0.03626703470945358
1790592442546681600,6.601681640625,0.10442597419023514,0.5135292410850525,-0.11500632017850876
1790592442556694800,6.61169482421875,0.164109006524086,0.4595262408256531,-0.16772891581058502
1790592442566707700,6.621707763671875,0.16105996072292328,0.4083977937698364,-0.07774283736944199
1790592442576720000,6.631719970703125,0.1334456354379654,0.3751929700374603,-0.01939164660871029
1790592442586732500,6.641732666015625,0.09249527752399445,0.3272044062614441,0.04993336647748947
1790592442596745700,6.651745849609375,-0.04333179444074631,0.32028257846832275,0.08282659947872162
1790592442606759000,6.661759033203125,-0.13886843621730804,0.3424108028411865,0.046945564448833466
1790592442616771600,6.671771484375,-0.07604153454303741,0.35179126262664795,0.016086185351014137
1790592442626784800,6.68178466796875,-0.04119114577770233,0.32611411809921265,-0.0022603310644626617
1790592442636797700,6.691797607421875,-0.14178140461444855,0.25792813301086426,0.011527120135724545
1790592442646811000,6.701810791015625,-0.1802387833595276,0.2149313986301422,0.022621583193540573
1790592442656823600,6.711823486328125,-0.09542029350996017,0.15496127307415009,0.03709240257740021
1790592442666836700,6.721836669921875,-0.036030471324920654,0.05409005284309387,0.1577807366847992
1790592442676848600,6.7318486328125,-0.06637132912874222,-0.07740112394094467,0.2025868147611618
1790592442686861800,6.74186181640625,-0.09272517263889313,-0.10466709733009338,0.15225866436958313
1790592442696874500,6.75187451171875,-0.13995952904224396,-0.12404319643974304,0.09094231575727463
1790592442706887700,6.7618876953125,-0.1914948970079422,-0.16619384288787842,-0.043621353805065155
1790592442716900900,6.77190087890625,-0.1717158704996109,-0.1607617884874344,-0.18102794885635376
1790592442726913800,6.781913818359375,-0.10822690278291702,-0.19211865961551666,-0.16563381254673004
1790592442736926700,6.7919267578125,-0.10755365341901779,-0.33104750514030457,0.02621125802397728
1790592442746939600,6.801939697265625,-0.13377220928668976,-0.47039929032325745,0.14285904169082642
1790592442756952800,6.811952880859375,-0.14309246838092804,-0.5839980244636536,0.06580261141061783
1790592442766964700,6.82196484375,-0.21188831329345703,-0.6727023720741272,-0.06766916811466217
1790592442776977700,6.831977783203125,-0.3244899809360504,-0.7628445029258728,-0.15642912685871124
1790592442786990600,6.841990478515625,-0.36601904034614563,-0.8174824118614197,-0.14515703916549683
1790592442797003800,6.852003662109375,-0.2945086359977722,-0.8114362359046936,-0.11745696514844894
1790592442807016700,6.8620166015625,-0.2284603714942932,-0.8343096375465393,-0.06487923860549927
1790592442817029600,6.872029541015625,-0.26634731888771057,-0.8578304052352905,-0.02120020054280758
1790592442827042800,6.882042724609375,-0.35194531083106995,-0.8553195595741272,-0.03983007371425629
1790592442837055700,6.8920556640625,-0.3940168619155884,-0.8844074010848999,-0.059442661702632904
1790592442847068700,6.902068603515625,-0.3766826093196869,-0.9469456076622009,-0.06950648128986359
1790592442857080600,6.91208056640625,-0.32793664932250977,-0.9729058146476746,-0.10996229201555252
1790592442867093800,6.92209375,-0.29708153009414673,-1.0035873651504517,-0.12434789538383484
1790592442877106700,6.932106689453125,-0.31704139709472656,-1.0101935863494873,-0.09436975419521332
1790592442887120000,6.942119873046875,-0.3526473045349121,-0.9700935482978821,-0.09236625581979752
1790592442897132500,6.952132568359375,-0.4242413341999054,-0.8896713852882385,-0.10924111306667328
1790592442907145700,6.962145751953125,-0.4433375298976898,-0.7710299491882324,-0.11393573135137558
1790592442917158700,6.97215869140625,-0.361728698015213,-0.7344580888748169,-0.07939133793115616
1790592442927171600,6.982171630859375,-0.2309725284576416,-0.699028491973877,-0.03253354877233505
1790592442937184800,6.992184814453125,-0.17552845180034637,-0.6362301111221313,-0.000263226218521595
1790592442947196700,7.00219677734375,-0.20833805203437805,-0.5790876746177673,0.017648663371801376
1790592442957209900,7.0122099609375,-0.23365619778633118,-0.47329840064048767,0.0242780689150095
1790592442967222800,7.022222900390625,-0.2188791185617447,-0.3790062367916107,0.03366278111934662
1790592442977235700,7.032235595703125,-0.17121225595474243,-0.2918444573879242,0.022942228242754936
1790592442987248600,7.04224853515625,-0.08183737099170685,-0.19315169751644135,-0.012821894139051437
1790592442997261800,7.05226171875,0.04691740870475769,-0.09629359096288681,-0.059221088886260986
1790592443007274800,7.062274658203125,0.12247341871261597,-0.005402834620326757,-0.044706858694553375
1790592443017287700,7.07228759765625,0.15290296077728271,0.09264010936021805,0.02031581848859787
1790592443027300900,7.08230078125,0.19251161813735962,0.17842665314674377,0.09166429936885834
1790592443037312800,7.092312744140625,0.23960644006729126,0.25541332364082336,-0.015254693105816841
1790592443047326000,7.102325927734375,0.2759420573711395,0.40232500433921814,-0.10036665946245193
1790592443057339000,7.1123388671875,0.28164494037628174,0.446081280708313,-0.02739071659743786
1790592443067351800,7.122351806640625,0.32075798511505127,0.463792622089386,0.06055937707424164
1790592443077365000,7.132364990234375,0.31893932819366455,0.48064109683036804,0.11026594787836075
1790592443087377700,7.142377685546875,0.2503509521484375,0.5445409417152405,0.08081112056970596
1790592443097390800,7.152390869140625,0.25746265053749084,0.6254554986953735,0.06814645975828171
1790592443107403800,7.16240380859375,0.2943357229232788,0.6050727367401123,0.022829841822385788
1790592443117417000,7.1724169921875,0.28622451424598694,0.6080405712127686,-0.018056072294712067
1790592443127428900,7.182428955078125,0.2817416191101074,0.5450994372367859,0.015604153275489807
1790592443137441800,7.19244189453125,0.2438935935497284,0.4467627704143524,0.09775122255086899
1790592443147454700,7.202454833984375,0.17784133553504944,0.40409573912620544,0.08217385411262512
1790592443157468000,7.212468017578125,0.15071570873260498,0.42340898513793945,-0.017339682206511497
1790592443167480800,7.222480712890625,0.14951728284358978,0.4289608597755432,-0.04889068007469177
1790592443177493800,7.23249365234375,0.16162773966789246,0.43126797676086426,-0.026575522497296333
1790592443187507000,7.2425068359375,0.15597331523895264,0.403604120016098,0.029057910665869713
1790592443197520000,7.252519775390625,0.12288008630275726,0.3525870144367218,0.08231926709413528
1790592443207532800,7.26253271484375,0.11014670878648758,0.29283684492111206,0.04641852527856827
1790592443217544700,7.272544677734375,0.09661305695772171,0.25960832834243774,0.027797169983386993
1790592443227558000,7.282557861328125,0.051159024238586426,0.22004520893096924,-0.0038001704961061478
1790592443237570800,7.29257080078125,0.028824158012866974,0.2354222983121872,0.001017221249639988
1790592443247583700,7.302583740234375,0.023119933903217316,0.24777962267398834,0.07380913197994232
1790592443257596700,7.3125966796875,0.018442707136273384,0.2810019850730896,0.04434353858232498
1790592443267609900,7.32260986328125,0.01077919639647007,0.33138206601142883,0.04463781788945198
1790592443277623000,7.332623046875,-0.012435578741133213,0.3316443860530853,0.006635574623942375
1790592443287635700,7.3426357421875,-0.05717801675200462,0.28127655386924744,-0.017740072682499886
1790592443297649000,7.35264892578125,-0.07269758731126785,0.21463416516780853,-0.05451859161257744
1790592443307660800,7.362660888671875,-0.05347622185945511,0.1721375733613968,-0.0845196321606636
1790592443317674000,7.372674072265625,0.011385331861674786,0.16136401891708374,-0.05969018489122391
1790592443327687000,7.38268701171875,0.09039226919412613,0.16172941029071808,-0.012749308720231056
1790592443337699800,7.392699951171875,0.11369173228740692,0.19250942766666412,0.07719283550977707
1790592443347712800,7.402712646484375,0.07188037037849426,0.20302730798721313,0.10871640592813492
1790592443357726000,7.412725830078125,0.03960658237338066,0.1906079202890396,0.045981116592884064
1790592443367739000,7.42273876953125,0.027239661663770676,0.1755666583776474,-0.010734094306826591
1790592443377751800,7.432751708984375,0.0000903330510482192,0.11722105741500854,-0.022383825853466988
1790592443387765000,7.442764892578125,0.03213109076023102,0.07189911603927612,-0.02800043486058712
1790592443397777000,7.45277685546875,0.08206376433372498,0.05294566601514816,-0.0567399337887764
1790592443407789800,7.462789794921875,0.08763190358877182,0.04468347504734993,-0.02576817013323307
1790592443417802800,7.472802734375,0.06169430911540985,0.0471050851047039,0.07808179408311844
1790592443427816000,7.48281591796875,0.03751546889543533,0.06140413135290146,0.13527131080627441
1790592443437828900,7.492828857421875,-0.01948763057589531,0.10935354977846146,0.11167570948600769
1790592443447841800,7.502841796875,-0.06822347640991211,0.165002703666687,0.03662623092532158
1790592443457854700,7.512854736328125,-0.07339160144329071,0.18388690054416656,-0.025927161797881126
1790592443467868000,7.522867919921875,-0.08443599939346313,0.1528317928314209,0.009227896109223366
1790592443477880800,7.532880859375,-0.10901963710784912,0.05881527066230774,0.050138045102357864
1790592443487893000,7.54289306640625,-0.13590718805789948,-0.036224957555532455,0.02947750687599182
1790592443497905700,7.55290576171875,-0.13108687102794647,-0.07319016009569168,-0.04925405606627464
1790592443507918800,7.5629189453125,-0.08978975564241409,-0.08282441645860672,-0.1117296814918518
1790592443517932000,7.57293212890625,-0.05975089594721794,-0.09650161117315292,-0.04235193878412247
1790592443527944700,7.58294482421875,-0.09633579850196838,-0.11590433865785599,0.05312611162662506
1790592443537958000,7.5929580078125,-0.0755908414721489,-0.07810236513614655,0.063581682741642
1790592443547970800,7.602970703125,-0.013938133604824543,-0.06512451171875,-0.026779374107718468
1790592443557984000,7.61298388671875,0.003528207540512085,-0.06038275733590126,-0.05102692171931267
1790592443567996000,7.622995849609375,-0.02219926007091999,-0.10009421408176422,0.016621097922325134
1790592443578008800,7.6330087890625,-0.04692085087299347,-0.13237039744853973,0.11571412533521652
1790592443588021800,7.643021728515625,-0.048944320529699326,-0.12804009020328522,0.10640185326337814
1790592443598035000,7.653034912109375,-0.055201418697834015,-0.05717631056904793,0.048518046736717224
1790592443608047900,7.6630478515625,-0.06914093345403671,0.03428356349468231,-0.021383011713624
1790592443618060800,7.673060791015625,-0.06422899663448334,0.1622423380613327,-0.0008234069682657719
1790592443628074000,7.683073974609375,-0.00973566621541977,0.25953957438468933,0.015201365575194359
1790592443638087000,7.6930869140625,0.06600490212440491,0.34028661251068115,0.01924058236181736
1790592443648099800,7.703099853515625,0.12743976712226868,0.39136046171188354,-0.04502202570438385
1790592443658111700,7.71311181640625,0.14380435645580292,0.4195106029510498,-0.04532456025481224
1790592443668125000,7.723125,0.09111345559358597,0.3916374146938324,0.12939584255218506
1790592443678137900,7.733137939453125,0.055212441831827164,0.38305404782295227,0.16083338856697083
1790592443688150800,7.74315087890625,0.11214762926101685,0.4265038073062897,0.11069326847791672
1790592443698163700,7.753163818359375,0.14430156350135803,0.44591397047042847,0.0505542978644371
1790592443708177000,7.763177001953125,0.12134166061878204,0.48778846859931946,0.0345337837934494
1790592443718190000,7.773190185546875,0.12358511239290237,0.5019852519035339,0.03152121603488922
1790592443728202800,7.78320263671875,0.182576522231102,0.5311223864555359,-0.04057721048593521
1790592443738216000,7.7932158203125,0.22103522717952728,0.5681560039520264,-0.040245912969112396
1790592443748227800,7.803227783203125,0.16921783983707428,0.5596384406089783,0.059836480766534805
1790592443758241000,7.813240966796875,0.10559625178575516,0.5532950758934021,0.07899845391511917
1790592443768253700,7.823253662109375,0.1112046092748642,0.5876607298851013,0.06841185688972473
1790592443778267000,7.833266845703125,0.13774752616882324,0.6421423554420471,0.0473603680729866
1790592443788279800,7.84327978515625,0.1358923614025116,0.7176448702812195,-0.0009376564994454384
1790592443798293000,7.85329296875,0.12123460322618484,0.7174078226089478,0.0010296204127371311
1790592443808305700,7.8633056640625,0.14527814090251923,0.7330376505851746,0.05632296949625015
1790592443818318800,7.87331884765625,0.13210375607013702,0.7224569320678711,0.06250416487455368
1790592443828332000,7.88333203125,0.11931313574314117,0.7430777549743652,0.026504885405302048
1790592443838344000,7.893343994140625,0.0841522142291069,0.7025678753852844,0.06253718584775925
1790592443848356900,7.90335693359375,0.0523037351667881,0.6477518081665039,0.06978818029165268
1790592443858369800,7.913369873046875,0.04520135000348091,0.6434510350227356,-0.017790939658880234
1790592443868383000,7.923383056640625,0.04524795711040497,0.5928416848182678,0.008836943656206131
1790592443878396000,7.93339599609375,0.0045130448415875435,0.5163317322731018,0.135322704911232
1790592443888408800,7.943408935546875,-0.01154341921210289,0.47871774435043335,0.12377205491065979
1790592443898421800,7.953421875,0.011058296076953411,0.4301978647708893,0.012297455221414566
1790592443908435000,7.96343505859375,0.009448148310184479,0.40583688020706177,-0.034525707364082336
1790592443918446800,7.97344677734375,0.003150038653984666,0.33129286766052246,-0.06926584243774414
1790592443928459800,7.983459716796875,0.008335213176906109,0.2589443624019623,-0.06423060595989227
1790592443938472700,7.99347265625,-0.040869615972042084,0.1734563708305359,0.06677055358886719
1790592443948486000,8.00348583984375,-0.06568947434425354,0.09337139129638672,0.07779444009065628
1790592443958499000,8.0134990234375,-0.07771977037191391,0.07501634955406189,0.01893245428800583
1790592443968511700,8.02351171875,-0.09411392360925674,0.022396279498934746,0.03868379071354866
1790592443978525000,8.03352490234375,-0.13973015546798706,-0.07081568986177444,0.07908527553081512
1790592443988537900,8.043537841796875,-0.21427948772907257,-0.12518678605556488,0.13076311349868774
1790592443998550500,8.053550537109375,-0.23086246848106384,-0.15811383724212646,0.0641460046172142
1790592444008563500,8.0635634765625,-0.24983642995357513,-0.16339994966983795,-0.0655059963464737
1790592444018575600,8.07357568359375,-0.2892615795135498,-0.19392509758472443,-0.09828364849090576
1790592444028588500,8.083588623046875,-0.30965685844421387,-0.26719188690185547,-0.02409091219305992
1790592444038601700,8.093601806640624,-0.2820316255092621,-0.3504801094532013,-0.012602303177118301
1790592444048614400,8.103614501953125,-0.2832382917404175,-0.4165368974208832,-0.031509146094322205
1790592444058627600,8.113627685546875,-0.3365505337715149,-0.511038601398468,0.0004674270749092102
1790592444068640500,8.123640625,-0.3523031175136566,-0.5792347192764282,-0.010712523013353348
1790592444078653700,8.13365380859375,-0.31891000270843506,-0.6180883646011353,-0.0011200825683772564
1790592444088666400,8.143666259765626,-0.3250110447406769,-0.7283301949501038,0.05635546147823334
1790592444098678500,8.153678466796874,-0.377376526594162,-0.8342366218566895,-0.012076860293745995
1790592444108691500,8.16369140625,-0.3893224000930786,-0.8319644331932068,-0.08488528430461884
1790592444118704600,8.17370458984375,-0.3851044774055481,-0.9371076226234436,-0.1252060830593109
1790592444128717600,8.183717529296874,-0.36661389470100403,-0.9598358273506165,-0.043182313442230225
1790592444138730500,8.19373046875,-0.42890414595603943,-1.01822030544281,0.03303655609488487
1790592444148743700,8.20374365234375,-0.440810889005661,-1.0777497291564941,0.01965896412730217
1790592444158756600,8.213756591796875,-0.37089037895202637,-1.0699021816253662,-0.0893881618976593
1790592444168769500,8.22376953125,-0.3317911922931671,-1.078449010848999,-0.12407103925943375
1790592444178782500,8.233782470703124,-0.39878594875335693,-1.0933853387832642,0.013813592493534088
1790592444188794600,8.243794677734375,-0.4998396039009094,-1.0993071794509888,0.034194763749837875
1790592444198807600,8.2538076171875,-0.4698318839073181,-0.962931215763092,-0.0732419490814209
1790592444208820500,8.263820556640624,-0.3755578398704529,-0.8573046326637268,-0.11401094496250153
1790592444218833400,8.27383349609375,-0.32677751779556274,-0.8257214426994324,-0.1230720803141594
1790592444228846600,8.2838466796875,-0.32556524872779846,-0.7345068454742432,-0.08691594749689102
1790592444238859800,8.29385986328125,-0.3193720579147339,-0.6636323928833008,0.003833130234852433
1790592444248872400,8.30387255859375,-0.2512369751930237,-0.6839603185653687,0.04530760273337364
1790592444258885600,8.3138857421875,-0.15317799150943756,-0.6242976188659668,-0.014714784920215607
1790592444268898600,8.323898681640625,-0.06831289082765579,-0.5455058813095093,-0.14993412792682648
1790592444278910700,8.33391064453125,-0.054569389671087265,-0.46806269884109497,-0.04165026172995567
1790592444288923400,8.34392333984375,-0.056251175701618195,-0.44850313663482666,0.10166002810001373
1790592444298936600,8.3539365234375,-0.007182964123785496,-0.37342995405197144,0.17592094838619232
1790592444308949500,8.363949462890625,-0.001047840341925621,-0.30047184228897095,0.08539450913667679
1790592444318962700,8.373962646484374,0.016572965309023857,-0.14415787160396576,-0.10791610181331635
1790592444328975400,8.383975341796875,0.08338848501443863,-0.02365303598344326,-0.17775137722492218
1790592444338988500,8.393988525390625,0.11293066293001175,0.010832504369318485,-0.06856070458889008
1790592444349001700,8.404001708984374,0.0998486801981926,0.0625486969947815,0.08355292677879333
1790592444359013600,8.414013671875,0.16708417236804962,0.11311653256416321,0.06771405041217804
1790592444369026600,8.424026611328125,0.28579726815223694,0.227339506149292,0.007860032841563225
1790592444379039500,8.43403955078125,0.26042798161506653,0.2797209620475769,-0.0014602318406105042
1790592444389052700,8.444052734375,0.21630604565143585,0.34466293454170227,-0.008872874081134796
1790592444399065600,8.454065673828126,0.24444793164730072,0.43141859769821167,0.05273190140724182
1790592444409078500,8.46407861328125,0.23783184587955475,0.4499896168708801,0.09695129096508026
1790592444419091500,8.474091552734375,0.268123984336853,0.48715299367904663,0.006983586587011814
1790592444429104600,8.484104736328124,0.3043682873249054,0.5592532157897949,-0.04397626593708992
1790592444439117600,8.49411767578125,0.27883654832839966,0.5403128266334534,-0.017840802669525146
1790592444449129500,8.50412939453125,0.2619158923625946,0.5483428239822388,-0.004961223341524601
1790592444459142400,8.514142333984376,0.27393072843551636,0.5911296606063843,0.018145959824323654
1790592444469155600,8.524155517578125,0.2325795590877533,0.5853756666183472,0.024712249636650085
1790592444479168800,8.534168701171875,0.23187115788459778,0.5940746068954468,-0.09916654974222183
1790592444489181400,8.544181396484374,0.2880875766277313,0.6655154824256897,-0.09645065665245056
1790592444499194600,8.554194580078125,0.2875645160675049,0.6174209117889404,0.0006932001560926437
1790592444509207600,8.56420751953125,0.22586147487163544,0.5784748792648315,0.03994446620345116
1790592444519220500,8.574220458984374,0.23879271745681763,0.6286943554878235,-0.04546603932976723
1790592444529233400,8.5842333984375,0.32078561186790466,0.6199607849121094,-0.08280488848686218
1790592444539245600,8.59424560546875,0.2985468804836273,0.5450772643089294,-0.00944039411842823
1790592444549258500,8.604258544921874,0.18955619633197784,0.5184509754180908,0.07563961297273636
1790592444559271700,8.614271728515625,0.10033524036407471,0.4783456325531006,0.06001804396510124
1790592444569284400,8.624284423828126,0.09571412205696106,0.4653685986995697,-0.010068899020552635
1790592444579297500,8.634297607421875,0.12562382221221924,0.44629982113838196,-0.11022718995809555
1790592444589310700,8.644310791015625,0.12091295421123505,0.4010186195373535,-0.025783680379390717
1790592444599323400,8.654323486328124,0.07851117104291916,0.3334542214870453,0.11188230663537979
1790592444609336600,8.664336669921875,0.06840367615222931,0.32919079065322876,0.12766394019126892
1790592444619348500,8.674348388671875,0.05460982769727707,0.2913041114807129,0.09434672445058823
1790592444629361700,8.684361572265624,0.02784292958676815,0.23406852781772614,-0.005403308197855949
1790592444639374600,8.69437451171875,0.017770322039723396,0.2449994683265686,-0.04422793537378311
1790592444649387500,8.704387451171876,0.011123072355985641,0.13035224378108978,0.044380493462085724
1790592444659400400,8.714400390625,-0.04376867413520813,0.04309749975800514,0.08487412333488464
1790592444669413600,8.72441357421875,-0.07501500844955444,0.011003213003277779,0.08967660367488861
1790592444679426600,8.734426513671876,-0.07521181553602219,-0.04520120471715927,0.06729087233543396
1790592444689439500,8.744439453125,-0.12226587533950806,-0.08843815326690674,0.029590362682938576
1790592444699452700,8.75445263671875,-0.14839762449264526,-0.09534826129674911,-0.04789510741829872
1790592444709464600,8.764464599609376,-0.13638995587825775,-0.11645913869142532,0.035427745431661606
1790592444719477800,8.774477783203125,-0.1658967137336731,-0.1976594477891922,0.08010227233171463
1790592444729490400,8.784490478515625,-0.22143080830574036,-0.24992825090885162,-0.003702879883348942
1790592444739503600,8.794503662109374,-0.2172589749097824,-0.28696510195732117,-0.08519640564918518
1790592444749516500,8.8045166015625,-0.202980175614357,-0.3170843720436096,-0.0867554247379303
1790592444759529500,8.814529541015625,-0.27669164538383484,-0.4050491154193878,-0.015038890764117241
1790592444769542400,8.82454248046875,-0.3266049027442932,-0.4377785623073578,0.0015339604578912258
1790592444779555600,8.8345556640625,-0.24863606691360474,-0.4267056882381439,-0.10079534351825714
1790592444789568800,8.84456884765625,-0.1865665763616562,-0.4288308918476105,-0.15588149428367615
1790592444799580700,8.85458056640625,-0.2533149719238281,-0.4663686752319336,-0.08272126317024231
1790592444809593300,8.86459326171875,-0.308806449174881,-0.5007117390632629,0.08308900892734528
1790592444819606500,8.8746064453125,-0.27232620120048523,-0.5401968359947205,0.13526752591133118
1790592444829619700,8.88461962890625,-0.25628331303596497,-0.5445279479026794,-0.022244339808821678
1790592444839632400,8.89463232421875,-0.2885882556438446,-0.548067569732666,-0.14135128259658813
1790592444849645600,8.9046455078125,-0.3231307864189148,-0.6001238226890564,-0.09100423008203506
1790592444859658500,8.914658447265625,-0.3196612298488617,-0.6345909833908081,-0.03861771896481514
1790592444869671700,8.924671630859375,-0.30439651012420654,-0.6150420904159546,-0.028895318508148193
1790592444879684400,8.934684326171874,-0.31843405961990356,-0.6026948690414429,-0.08359531313180923
1790592444889696500,8.944696533203125,-0.31031832098960876,-0.590821385383606,-0.06575612723827362
1790592444899709400,8.95470947265625,-0.30794066190719604,-0.6179015040397644,-0.07502153515815735
1790592444909722600,8.96472265625,-0.3180582821369171,-0.6462303400039673,0.013862531632184982
1790592444919735600,8.974735595703125,-0.3458201289176941,-0.722753643989563,0.11020291596651077
1790592444929748500,8.98474853515625,-0.3775692582130432,-0.7497516870498657,0.0838506743311882
1790592444939761700,8.99476171875,-0.36160150170326233,-0.7225158214569092,-0.08785264194011688
1790592444949774600,9.004774658203125,-0.27547886967658997,-0.6750806570053101,-0.26310569047927856
1790592444959787500,9.01478759765625,-0.24785204231739044,-0.7106631398200989,-0.19583503901958466
1790592444969799400,9.02479931640625,-0.3214106559753418,-0.7452828884124756,-0.07087153196334839
1790592444979812600,9.0348125,-0.30152538418769836,-0.7794989347457886,0.05181870236992836
1790592444989825500,9.044825439453126,-0.25772330164909363,-0.8336066007614136,0.0667680948972702
1790592444999838700,9.054838623046875,-0.3113463222980499,-0.8536304235458374,0.03429030627012253
1790592445009851600,9.0648515625,-0.3611639440059662,-0.8586853742599487,-0.03970722109079361
1790592445019864800,9.07486474609375,-0.2947748005390167,-0.855459988117218,-0.060617558658123016
1790592445029877800,9.084877685546875,-0.2521924376487732,-0.8997526168823242,-0.041242796927690506
1790592445039890700,9.094890625,-0.3273777365684509,-0.9101471900939941,-0.09960437566041946
1790592445049903600,9.104903564453124,-0.35953566431999207,-0.8911913633346558,-0.16159184277057648
1790592445059915800,9.114915771484375,-0.346946120262146,-0.910306453704834,-0.062128372490406036
1790592445069928700,9.1249287109375,-0.3371981382369995,-0.9621022939682007,0.044213514775037766
1790592445079941600,9.134941650390624,-0.3077305257320404,-0.9810442924499512,0.02389466017484665
1790592445089954600,9.14495458984375,-0.3263241946697235,-1.0127475261688232,-0.03246741741895676
1790592445099967700,9.1549677734375,-0.3422648012638092,-1.0332427024841309,-0.10686122626066208
1790592445109981000,9.16498095703125,-0.3271295428276062,-1.012668490409851,-0.11766327172517776
1790592445119993600,9.17499365234375,-0.34622785449028015,-1.0642640590667725,-0.029050312936306
1790592445130006800,9.1850068359375,-0.33626312017440796,-1.0765295028686523,0.02059526927769184
1790592445140019700,9.195019775390625,-0.24493880569934845,-1.0771957635879517,0.013235623016953468
1790592445150032000,9.205031982421875,-0.21594363451004028,-1.124086856842041,0.01041746698319912
1790592445160044500,9.21504443359375,-0.2763339877128601,-1.1174741983413696,0.013678774237632751
1790592445170057700,9.2250576171875,-0.3293149173259735,-1.134482741355896,0.017050335183739662
1790592445180070700,9.235070556640625,-0.3003336191177368,-1.144913911819458,-0.04408971592783928
1790592445190083800,9.245083740234374,-0.2570825517177582,-1.126175045967102,-0.11919485032558441
1790592445200096500,9.255096435546875,-0.26832932233810425,-1.1522750854492188,-0.07740452885627747
1790592445210109700,9.265109619140626,-0.25169095396995544,-1.1555720567703247,0.005069040227681398
1790592445220123000,9.275122802734375,-0.1760910302400589,-1.1643027067184448,0.11226606369018555
1790592445230135600,9.285135498046875,-0.21424347162246704,-1.20247483253479,0.17020420730113983
1790592445240147700,9.295147705078126,-0.300176739692688,-1.1541688442230225,0.00981346145272255
1790592445250160600,9.30516064453125,-0.3144318461418152,-1.0895088911056519,-0.09014509618282318
1790592445260173800,9.315173828125,-0.29556557536125183,-1.0472310781478882,-0.09328226000070572
1790592445270186800,9.325186767578124,-0.2255561202764511,-1.0025615692138672,0.03475053608417511
1790592445280199700,9.33519970703125,-0.12201295047998428,-1.0259723663330078,0.1093379557132721
1790592445290212600,9.345212646484375,-0.052471160888671875,-1.0429383516311646,0.10468887537717819
1790592445300225800,9.355225830078124,-0.044217757880687714,-0.980900764465332,0.06767652928829193
1790592445310238700,9.36523876953125,-0.05966435745358467,-0.9598817825317383,0.1840907633304596
1790592445320250600,9.375250732421875,-0.07063444703817368,-0.9346821308135986,0.2135695517063141
1790592445330263600,9.385263671875,-0.03149636834859848,-0.8303954005241394,0.18055035173892975
1790592445340276700,9.39527685546875,0.01414381992071867,-0.7634960412979126,0.09902939200401306
1790592445350290000,9.4052900390625,0.08527445793151855,-0.7149716019630432,0.10470379143953323
1790592445360302600,9.415302490234374,0.12539178133010864,-0.6817697286605835,0.1104104146361351
1790592445370315800,9.425315673828125,0.10264173150062561,-0.5971158146858215,0.15751667320728302
1790592445380328700,9.43532861328125,0.0922042727470398,-0.5106624364852905,0.08187597244977951
1790592445390341600,9.445341552734375,0.10980483889579773,-0.31890633702278137,0.08574661612510681
1790592445400354600,9.4553544921875,0.1956222653388977,-0.3032805025577545,0.1917998045682907
1790592445410366700,9.46536669921875,0.27229681611061096,-0.29769185185432434,0.16612614691257477
1790592445420379600,9.475379638671875,0.33164241909980774,-0.25971147418022156,0.10646574199199677
1790592445430392800,9.485392822265625,0.26443809270858765,-0.2693161368370056,0.11028311401605606
1790592445440405500,9.495405517578124,0.25994399189949036,-0.1825985610485077,0.1017836332321167
1790592445450418700,9.505418701171875,0.357962429523468,-0.06073471158742905,0.19257666170597076
1790592445460432000,9.515431884765626,0.42811277508735657,-0.011057701893150806,0.22159498929977417
1790592445470444800,9.52544482421875,0.42515504360198975,0.0748196542263031,0.23695477843284607
1790592445480457700,9.535457763671875,0.34153231978416443,0.1195831298828125,0.14525121450424194
1790592445490470700,9.545470703125,0.33786436915397644,0.1899547576904297,0.050192609429359436
1790592445500482800,9.55548291015625,0.4851033389568329,0.2738669812679291,-0.05467468500137329
1790592445510495700,9.565495849609375,0.5582747459411621,0.3101773262023926,-0.07292026281356812
1790592445520508700,9.5755087890625,0.461819052696228,0.32124993205070496,0.11308901757001877
1790592445530521600,9.585521484375,0.38110849261283875,0.36319366097450256,0.26649534702301025
1790592445540534800,9.59553466796875,0.47801828384399414,0.4266788959503174,0.26834145188331604
1790592445550547700,9.605547607421874,0.5630096197128296,0.48146170377731323,0.09370600432157516
1790592445560560600,9.615560546875,0.5072160959243774,0.5601610541343689,0.02313649281859398
1790592445570573800,9.62557373046875,0.4172441363334656,0.6277757883071899,0.10949242115020752
1790592445580586800,9.635586669921874,0.4957597255706787,0.6682302951812744,0.11201949417591095
1790592445590599000,9.645598876953125,0.6495649814605713,0.7353131771087646,0.16089409589767456
1790592445600611600,9.655611572265625,0.6114429235458374,0.7334662675857544,0.19691814482212067
1790592445610624800,9.665624755859374,0.5225875973701477,0.7741274237632751,0.055056072771549225
1790592445620637700,9.6756376953125,0.5760955810546875,0.9133167266845703,-0.02626514621078968
1790592445630651000,9.68565087890625,0.6079174280166626,0.9182012677192688,0.03833142668008804
1790592445640663600,9.69566357421875,0.6198920607566833,0.9113926291465759,0.08481397479772568
1790592445650676700,9.7056767578125,0.6626752018928528,0.9781482219696045,0.08997304737567902
1790592445660690000,9.71568994140625,0.624773383140564,0.9807610511779785,0.12817688286304474
1790592445670701800,9.725701904296875,0.6269664764404297,0.9579162001609802,0.21408461034297943
1790592445680714500,9.735714599609375,0.6440738439559937,0.9661184549331665,0.14986301958560944
1790592445690727700,9.745727783203124,0.6146680116653442,1.0221515893936157,0.03751276805996895
1790592445700740900,9.755740966796875,0.5450918674468994,1.0196610689163208,-0.0034288056194782257
1790592445710753800,9.76575390625,0.4897036850452423,1.0192279815673828,0.020760953426361084
1790592445720766700,9.7757666015625,0.5087964534759521,1.003138542175293,-0.051809921860694885
1790592445730779600,9.785779541015625,0.5343869924545288,0.9554314613342285,0.047776855528354645
1790592445740792800,9.795792724609376,0.5004705786705017,0.852814793586731,0.1447281688451767
1790592445750805500,9.805805419921874,0.3997551500797272,0.7802923917770386,0.1906820833683014
1790592445760817700,9.815817626953125,0.31192678213119507,0.7468364238739014,0.05378042161464691
1790592445770830600,9.82583056640625,0.33422330021858215,0.7866999506950378,-0.021363064646720886
1790592445780843800,9.83584375,0.33937808871269226,0.7286648750305176,0.04655686020851135
1790592445790857000,9.84585693359375,0.314397394657135,0.6816099882125854,0.043815672397613525
1790592445800869600,9.85586962890625,0.3473433554172516,0.6886529922485352,-0.021599020808935165
1790592445810882800,9.8658828125,0.3223751485347748,0.6635020971298218,-0.04924822598695755
1790592445820895700,9.875895751953125,0.27358177304267883,0.6496837735176086,-0.07506757229566574
1790592445830908700,9.88590869140625,0.3005092740058899,0.6688361763954163,-0.031217826530337334
1790592445840921600,9.895921630859375,0.33481690287590027,0.626410961151123,0.18689985573291779
1790592445850933800,9.905933837890625,0.30302727222442627,0.5417413115501404,0.22603768110275269
1790592445860946700,9.91594677734375,0.20857587456703186,0.5694419145584106,0.05739220231771469
1790592445870959900,9.9259599609375,0.13969668745994568,0.6224633455276489,-0.11221334338188171
1790592445880972500,9.93597265625,0.1898900717496872,0.6498880386352539,-0.1217930018901825
1790592445890985700,9.94598583984375,0.2380642592906952,0.6184462308883667,-0.019188061356544495
1790592445900999000,9.9559990234375,0.20019491016864777,0.6077653765678406,0.06059145927429199
1790592445911011600,9.966011474609376,0.1445034146308899,0.590929388999939,0.10204515606164932
1790592445921024800,9.976024658203125,0.12911167740821838,0.5345391035079956,-0.018001889809966087
1790592445931037700,9.98603759765625,0.15515899658203125,0.5706827044487,-0.03679262101650238
1790592445941049900,9.9960498046875,0.09570872783660889,0.48004812002182007,0.17655827105045319
1790592445951062800,10.006062744140625,-0.05567627400159836,0.3560076653957367,0.25505122542381287
1790592445961075700,10.01607568359375,0.010093951597809792,0.4644499719142914,0.008454485796391964
1790592445971088600,10.026088623046874,0.2077673375606537,0.5521388649940491,0.007742622867226601
1790592445981101800,10.036101806640625,0.20580485463142395,0.48496297001838684,0.042130157351493835
1790592445991114500,10.046114501953125,0.1662507951259613,0.5434963703155518,-0.03939612954854965
1790592446001127700,10.056127685546874,0.3083069920539856,0.6139337420463562,-0.14508527517318726
1790592446011140900,10.066140869140625,0.3831540644168854,0.6374343037605286,-0.043143995106220245
1790592446021153800,10.07615380859375,0.29340529441833496,0.5893352031707764,-0.006158545613288879
1790592446031166000,10.086166015625,0.2656748592853546,0.6277414560317993,0.027699552476406097
1790592446041178600,10.0961787109375,0.2665233314037323,0.6062902212142944,0.1341567486524582
1790592446051191800,10.10619189453125,0.1907220482826233,0.5557197332382202,0.25393134355545044
1790592446061205000,10.116205078125,0.20400457084178925,0.5427154898643494,0.3208693861961365
1790592446071217700,10.1262177734375,0.23871088027954102,0.5554201006889343,0.2958071827888489
1790592446081230800,10.13623095703125,0.17948217689990997,0.558497965335846,0.13763190805912018
1790592446091243800,10.146243896484375,0.07339169830083847,0.5923113226890564,-0.10326351970434189
1790592446101257000,10.156257080078126,0.049879979342222214,0.6422799229621887,-0.3429219126701355
1790592446111269600,10.16626953125,0.07714622467756271,0.5933746695518494,-0.201481431722641
1790592446121281800,10.17628173828125,0.019904769957065582,0.5168541073799133,0.012274790555238724
1790592446131294700,10.186294677734375,-0.04105684906244278,0.46346381306648254,0.25573378801345825
1790592446141308000,10.196307861328124,-0.04045124724507332,0.38540416955947876,0.24470271170139313
1790592446151320600,10.206320556640625,-0.0558168888092041,0.365629643201828,0.1770395040512085
1790592446161333800,10.216333740234376,-0.08780597895383835,0.33234572410583496,0.014048455283045769
1790592446171347000,10.226346923828125,0.0071138739585876465,0.3425794541835785,-0.10084617137908936
1790592446181359900,10.23635986328125,0.08493197709321976,0.2975864112377167,-0.10631737112998962
1790592446191372800,10.246372802734374,0.023531729355454445,0.319526344537735,0.0339617095887661
1790592446201384700,10.256384765625,0.003836588002741337,0.3458405137062073,0.06429724395275116
1790592446211398000,10.26639794921875,0.03494736924767494,0.41602545976638794,-0.0010098558850586414
1790592446221410800,10.276410888671874,0.06514681875705719,0.43728625774383545,0.08662758767604828
1790592446231423700,10.286423828125,0.06459075212478638,0.3682667016983032,0.20634706318378448
1790592446241436700,10.296436767578125,0.03120269812643528,0.3748718798160553,0.16036012768745422
1790592446251449900,10.306449951171874,0.006314659491181374,0.4518391191959381,-0.006126853637397289
1790592446261462800,10.316462890625,0.012646475806832314,0.47648099064826965,-0.08782178908586502
1790592446271475700,10.326475830078126,0.05341494083404541,0.500644862651825,-0.0720934271812439
1790592446281489000,10.336489013671875,0.017767734825611115,0.5158137083053589,0.09289073199033737
1790592446291500800,10.346500732421875,-0.042704131454229355,0.4608069360256195,0.1566002070903778
1790592446301514000,10.356513916015626,0.04609231650829315,0.5367600321769714,0.051650889217853546
1790592446311526700,10.366526611328124,0.12610378861427307,0.5727174878120422,0.016450557857751846
1790592446321539800,10.376539794921875,0.05571857839822769,0.5567816495895386,0.04473146051168442
1790592446331552800,10.386552734375,0.015655048191547394,0.5722231864929199,0.052431195974349976
1790592446341566000,10.39656591796875,0.04349466785788536,0.5766435265541077,-0.00513250008225441
1790592446351578600,10.40657861328125,0.06034848093986511,0.593967080116272,0.006481811869889498
1790592446361591800,10.416591796875,0.01696638949215412,0.5407744646072388,0.0951664075255394
1790592446371605000,10.42660498046875,-0.032174792140722275,0.5156214237213135,0.14631454646587372
1790592446381617000,10.436616943359375,-0.01813513971865177,0.5284813046455383,0.03243298456072807
1790592446391629600,10.446629638671874,0.028795352205634117,0.5532748103141785,0.06135758012533188
1790592446401642800,10.456642822265625,-0.022535746917128563,0.4724031388759613,0.19207032024860382
1790592446411656000,10.466656005859376,-0.10048221051692963,0.45899173617362976,0.12347926944494247
1790592446421668900,10.4766689453125,-0.0799388512969017,0.497152179479599,0.09639385342597961
1790592446431681800,10.486681884765625,-0.06696579605340958,0.43010950088500977,0.12961094081401825
1790592446441694700,10.49669482421875,-0.03833441808819771,0.38942545652389526,0.008512472733855247
1790592446451708000,10.5067080078125,-0.05406863987445831,0.3758787512779236,0.00524477381259203
1790592446461720800,10.516720947265625,-0.18279306590557098,0.26181235909461975,0.02037525735795498
1790592446471732700,10.526732666015626,-0.17461316287517548,0.26301902532577515,-0.010105686262249947
1790592446481745700,10.53674560546875,-0.08351946622133255,0.22654731571674347,0.01966818794608116
1790592446491758800,10.5467587890625,-0.11575037986040115,0.1727815568447113,0.08727385848760605
1790592446501771800,10.556771728515624,-0.17909632623195648,0.1441539078950882,0.09542340040206909
1790592446511784700,10.56678466796875,-0.15875138342380524,0.16794072091579437,0.15360867977142334
1790592446521798000,10.5767978515625,-0.13673502206802368,0.08921182155609131,0.23279963433742523
1790592446531810800,10.586810791015624,-0.14738234877586365,0.04758581146597862,0.1281810849905014
1790592446541823700,10.59682373046875,-0.19163157045841217,0.0685235857963562,-0.04624851047992706
1790592446551836700,10.606836669921876,-0.2245972454547882,0.036825574934482574,-0.14830005168914795
1790592446561848800,10.616848876953124,-0.18658354878425598,0.0015701167285442352,-0.120896115899086
1790592446571861800,10.62686181640625,-0.17283977568149567,-0.0434064120054245,-0.07550733536481857
1790592446581875000,10.636875,-0.2037675976753235,-0.055903028696775436,0.015758933499455452
1790592446591887600,10.6468876953125,-0.21938011050224304,-0.08030238002538681,0.1508597582578659
1790592446601900800,10.65690087890625,-0.20188847184181213,-0.08257059007883072,0.2140832096338272
1790592446611914000,10.6669140625,-0.19669076800346375,-0.10046330839395523,0.11747144162654877
1790592446621927000,10.676927001953125,-0.25350770354270935,-0.10937557369470596,0.02662942372262478
1790592446631939800,10.68693994140625,-0.2383471429347992,-0.09645392000675201,-0.0829830914735794
1790592446641952800,10.696952880859374,-0.21273258328437805,-0.0785156637430191,-0.1054612323641777
1790592446651965000,10.70696484375,-0.23104502260684967,-0.10293072462081909,-0.007096048444509506
1790592446661977900,10.716977783203125,-0.24601250886917114,-0.1205587238073349,0.12622979283332825
1790592446671990800,10.72699072265625,-0.2259911447763443,-0.1463644802570343,0.06723836809396744
1790592446682003700,10.737003662109375,-0.19568009674549103,-0.15065217018127441,0.05596014857292175
1790592446692017000,10.747016845703126,-0.2207697480916977,-0.2300708293914795,0.06559786200523376
1790592446702029800,10.75702978515625,-0.269820898771286,-0.21267744898796082,-0.005159131251275539
1790592446712042800,10.767042724609375,-0.2526989281177521,-0.17758551239967346,-0.03996717929840088
1790592446722056000,10.777055908203126,-0.23912851512432098,-0.21655528247356415,0.08534520119428635
1790592446732067800,10.78706787109375,-0.24856488406658173,-0.302062451839447,0.0036378223448991776
1790592446742080800,10.797080810546875,-0.2252606302499771,-0.2581424117088318,-0.24369579553604126
1790592446752093700,10.80709375,-0.2302255630493164,-0.2761283218860626,-0.11805958300828934
1790592446762107000,10.81710693359375,-0.2609957158565521,-0.3743787407875061,-0.009151475504040718
1790592446772119800,10.827119873046875,-0.2047356516122818,-0.3486155867576599,0.07412982732057571
1790592446782132700,10.8371328125,-0.21763759851455688,-0.30778640508651733,0.1963265836238861
1790592446792145700,10.847145751953125,-0.31193453073501587,-0.2834770679473877,0.19583335518836975
1790592446802158800,10.857158935546876,-0.24828100204467773,-0.179111510515213,0.06799737364053726
1790592446812171800,10.867171875,-0.16191548109054565,-0.14274950325489044,-0.1093321442604065
1790592446822184000,10.877183837890625,-0.17128820717334747,-0.1412075310945511,-0.1622379720211029
1790592446832196600,10.887196533203126,-0.21463967859745026,-0.14026504755020142,-0.14276812970638275
1790592446842209800,10.897209716796874,-0.2212376594543457,-0.15672816336154938,-0.04176401346921921
1790592446852223000,10.907222900390625,-0.19716614484786987,-0.2102007120847702,0.05354919284582138
1790592446862236000,10.91723583984375,-0.21589402854442596,-0.21456404030323029,0.14136213064193726
1790592446872248800,10.927248779296875,-0.20983614027500153,-0.26543015241622925,0.11234379559755325
1790592446882261800,10.93726171875,-0.13266225159168243,-0.23347115516662598,-0.048373445868492126
1790592446892275000,10.94727490234375,-0.11907826364040375,-0.2254430502653122,-0.08731232583522797
1790592446902287600,10.95728759765625,-0.15732605755329132,-0.2423999309539795,-0.059378162026405334
1790592446912299800,10.9672998046875,-0.17171990871429443,-0.2606380581855774,-0.131280317902565
1790592446922312700,10.977312744140624,-0.1731415092945099,-0.27309098839759827,-0.11126772314310074
1790592446932326000,10.987325927734375,-0.17624062299728394,-0.36984017491340637,-0.009190624579787254
1790592446942338800,10.9973388671875,-0.1462710052728653,-0.42583340406417847,0.04799942672252655
1790592446952351700,11.007351806640624,-0.18406365811824799,-0.476189523935318,-0.0599595308303833
1790592446962365000,11.017364990234375,-0.1668071746826172,-0.45466479659080505,-0.06869150698184967
1790592446972377900,11.0273779296875,-0.12817242741584778,-0.48384931683540344,0.034422632306814194
1790592446982390800,11.037390869140625,-0.16276103258132935,-0.5286367535591125,-0.0067977746948599815
1790592446992403700,11.04740380859375,-0.16377542912960052,-0.45856499671936035,-0.059511587023735046
1790592447002415900,11.057415771484376,-0.17008766531944275,-0.49497225880622864,0.06003851443529129
1790592447012428800,11.0674287109375,-0.15684962272644043,-0.6010835766792297,0.039661869406700134
1790592447022442000,11.07744189453125,-0.16301190853118896,-0.5437981486320496,-0.07596991956233978
1790592447032454700,11.08745458984375,-0.23305916786193848,-0.6268144845962524,-0.03791148215532303
1790592447042467800,11.0974677734375,-0.2955949902534485,-0.6811355352401733,-0.029126251116394997
1790592447052480800,11.107480712890625,-0.2586444318294525,-0.6377600431442261,0.026138603687286377
1790592447062493700,11.11749365234375,-0.254909873008728,-0.6713271141052246,0.1032155454158783
1790592447072507000,11.1275068359375,-0.22403451800346375,-0.7134053111076355,0.08473613858222961
1790592447082519800,11.137519775390626,-0.18740752339363098,-0.6929583549499512,-0.0007031303830444813
1790592447092532000,11.147531982421874,-0.24026674032211304,-0.7406629920005798,-0.038019075989723206
1790592447102545000,11.157544921875,-0.23501180112361908,-0.7172713875770569,-0.08277270197868347
1790592447112557800,11.167557861328126,-0.20610931515693665,-0.7273892760276794,-0.08945643901824951
1790592447122570800,11.17757080078125,-0.2127232700586319,-0.7301254272460938,-0.11178038269281387
1790592447132584000,11.187583984375,-0.1879497468471527,-0.6933935284614563,-0.07248517870903015
1790592447142596600,11.1975966796875,-0.12620435655117035,-0.6848056316375732,-0.028635429218411446
1790592447152609800,11.20760986328125,-0.11482279747724533,-0.7209715843200684,-0.08899571001529694
1790592447162622700,11.217622802734375,-0.11291278153657913,-0.6691874861717224,-0.11715411394834518
1790592447172636000,11.227635986328124,-0.06520171463489532,-0.6508241891860962,-0.041516609489917755
1790592447182647800,11.237647705078125,-0.042102791368961334,-0.655918300151825,0.05462697148323059
1790592447192660700,11.24766064453125,-0.04972795397043228,-0.6296725869178772,0.10424592345952988
1790592447202674000,11.257673828125,-0.06481875479221344,-0.5505726933479309,-0.017071183770895004
1790592447212686800,11.267686767578125,-0.002403047401458025,-0.4493618905544281,-0.0988968089222908
1790592447222699800,11.27769970703125,0.0818023756146431,-0.3857269883155823,-0.14604860544204712
1790592447232712700,11.287712646484374,0.08009449392557144,-0.3000432550907135,-0.05813020467758179
1790592447242726000,11.297725830078125,0.07342487573623657,-0.246845543384552,0.07441984862089157
1790592447252738800,11.30773876953125,0.0914376974105835,-0.13950949907302856,0.16639451682567596
1790592447262751700,11.317751708984375,0.15650571882724762,-0.056767404079437256,0.2208089828491211
1790592447272763600,11.327763671875,0.19024530053138733,0.024056337773799896,0.21885529160499573
1790592447282776800,11.33777685546875,0.20937398076057434,0.13529391586780548,0.11304523050785065
1790592447292789800,11.347789794921875,0.2785320281982422,0.25367170572280884,-0.0042840526439249516
1790592447302802700,11.357802734375,0.33059069514274597,0.30933550000190735,-0.05173306167125702
1790592447312815900,11.36781591796875,0.3539000153541565,0.3805233836174011,-0.02561623975634575
1790592447322828800,11.377828857421875,0.3450031876564026,0.4436546862125397,0.08234164863824844
1790592447332842000,11.387842041015626,0.2971571087837219,0.471985399723053,0.12778343260288239
1790592447342854700,11.397854736328124,0.30880284309387207,0.5363656878471375,0.03744182363152504
1790592447352867800,11.407867919921875,0.3465430438518524,0.6133595108985901,-0.07193580269813538
1790592447362879700,11.417879638671875,0.37880003452301025,0.6433590054512024,-0.07186709344387054
1790592447372893000,11.427892822265624,0.41430503129959106,0.6356749534606934,0.021300137042999268
1790592447382905600,11.437905517578125,0.3700270652770996,0.6076563596725464,0.07873173803091049
1790592447392918800,11.447918701171876,0.3617211878299713,0.6583954691886902,0.03275679051876068
1790592447402931700,11.457931640625,0.33019018173217773,0.6372590065002441,0.06418022513389587
1790592447412945000,11.46794482421875,0.22879056632518768,0.5847662687301636,0.040899403393268585
1790592447422957800,11.477957763671874,0.19814449548721313,0.65617835521698,-0.008688122034072876
1790592447432970800,11.487970703125,0.22137205302715302,0.6365247964859009,0.022600026801228523
1790592447442984000,11.49798388671875,0.276113897562027,0.6017252206802368,-0.017480015754699707
1790592447452996600,11.50799658203125,0.340447336435318,0.6269972920417786,-0.03855067864060402
1790592447463008800,11.5180087890625,0.30074092745780945,0.5298108458518982,0.07358970493078232
1790592447473021700,11.528021728515625,0.17764535546302795,0.45344606041908264,0.10099602490663528
1790592447483035000,11.538034912109374,0.09216827899217606,0.4605684280395508,0.019587192684412003
1790592447493047800,11.5480478515625,0.10109705477952957,0.41341689229011536,-0.07563626766204834
1790592447503060700,11.558060791015626,0.11940069496631622,0.35069039463996887,-0.10994576662778854
1790592447513074000,11.568073974609375,0.08524911850690842,0.2981922924518585,-0.16055594384670258
1790592447523086800,11.5780869140625,0.08670932799577713,0.3026195466518402,-0.11724629253149033
1790592447533099800,11.588099853515626,0.09703786671161652,0.24692749977111816,0.017850011587142944
1790592447543112700,11.59811279296875,0.11955196410417557,0.2000875473022461,0.16771912574768066
1790592447553124900,11.608124755859375,0.12284016609191895,0.17760755121707916,0.2578607499599457
1790592447563137800,11.6181376953125,0.04132187366485596,0.14501604437828064,0.26284006237983704
1790592447573151000,11.62815087890625,-0.004936703480780125,0.14922356605529785,0.03501328453421593
1790592447583163600,11.63816357421875,0.04994199052453041,0.2192109078168869,-0.04137789085507393
1790592447593176800,11.6481767578125,0.024703744798898697,0.12463274598121643,-0.027889512479305267
1790592447603189800,11.658189697265625,0.017582187429070473,0.10590459406375885,-0.0643623098731041
1790592447613202700,11.66820263671875,0.02888570725917816,0.1213940754532814,-0.10085027664899826
1790592447623215900,11.6782158203125,-0.01170459482818842,0.11608719080686569,-0.05406146124005318
1790592447633228800,11.688228759765625,-0.010372481308877468,0.1214023306965828,0.02882969193160534
1790592447643240700,11.69824072265625,-0.014041518792510033,0.15352751314640045,0.1354626566171646
1790592447653254000,11.70825390625,-0.003478090511634946,0.19980180263519287,0.13135793805122375
1790592447663266800,11.718266845703125,0.016284694895148277,0.28649649024009705,0.073584645986557
1790592447673279700,11.72827978515625,0.01170432474464178,0.3093828856945038,-0.057362448424100876
1790592447683293000,11.73829296875,0.04330805689096451,0.3710675537586212,-0.23995277285575867
1790592447693305900,11.748305908203125,0.07713712751865387,0.42206019163131714,-0.16764022409915924
1790592447703318800,11.75831884765625,0.07683565467596054,0.39686641097068787,0.04416710510849953
1790592447713331700,11.768331787109375,0.0948181226849556,0.39092570543289185,0.03413231298327446
1790592447723345000,11.778344970703126,0.13106666505336761,0.5197890996932983,0.11013679206371307
1790592447733357800,11.78835791015625,0.0798596739768982,0.4601481854915619,0.24381417036056519
1790592447743369700,11.79836962890625,0.05174947902560234,0.42331957817077637,0.08375579118728638
1790592447753383000,11.8083828125,0.08824463933706284,0.5507842898368835,-0.11129972338676453
1790592447763395800,11.818395751953124,0.07306062430143356,0.5492386221885681,-0.0967537984251976
1790592447773408800,11.82840869140625,0.08533141016960144,0.5267809629440308,0.006806415505707264
1790592447783421700,11.838421630859376,0.125021830201149,0.5379809141159058,0.16447700560092926
1790592447793435000,11.848434814453125,0.10462441295385361,0.5263566970825195,0.21072812378406525
1790592447803447800,11.85844775390625,0.09522771835327148,0.5144068598747253,0.20124194025993347
1790592447813460700,11.868460693359374,0.11295637488365173,0.4759708046913147,-0.0405520461499691
1790592447823473700,11.8784736328125,0.1152682676911354,0.521975040435791,-0.20400409400463104
1790592447833486800,11.88848681640625,0.03543761745095253,0.47715938091278076,-0.12376810610294342
1790592447843498800,11.898498779296874,-0.0003792361239902675,0.4262474775314331,0.0790792778134346
1790592447853512000,11.908511962890625,0.017611747607588768,0.3908146321773529,0.24768559634685516
1790592447863524900,11.91852490234375,0.000520645990036428,0.3397115170955658,0.18247677385807037
1790592447873537800,11.928537841796874,-0.007276290096342564,0.357516348361969,0.08701310306787491
1790592447883551000,11.938551025390625,-0.02611655741930008,0.2876525819301605,0.02479633502662182
1790592447893563600,11.948563720703126,-0.06851807236671448,0.2529214918613434,-0.0850721150636673
1790592447903576800,11.958576904296875,-0.08862094581127167,0.22774821519851685,-0.11513733863830566
1790592447913589800,11.96858984375,-0.09816651791334152,0.16365684568881989,-0.07646344602108002
1790592447923603000,11.97860302734375,-0.12286680191755295,0.11933012306690216,0.06544442474842072
1790592447933614800,11.98861474609375,-0.1872713714838028,0.08217982202768326,0.06645376235246658
1790592447943627800,11.998627685546875,-0.17968188226222992,0.0748119205236435,0.02457076497375965
1790592447953640700,12.008640625,-0.13246937096118927,-0.02134523168206215,0.0202921312302351
1790592447963654000,12.01865380859375,-0.16044321656227112,-0.07570354640483856,0.06735098361968994
1790592447973666800,12.028666748046875,-0.19652159512043,-0.1395706832408905,0.11285135895013809
1790592447983679700,12.0386796875,-0.17489245533943176,-0.20578885078430176,0.004337931517511606
1790592447993693000,12.04869287109375,-0.21261560916900635,-0.2027171552181244,-0.12788616120815277
1790592448003705900,12.058705810546876,-0.2911149263381958,-0.26616883277893066,-0.09713330119848251
1790592448013718800,12.06871875,-0.33019042015075684,-0.3484423756599426,-0.01550714485347271
1790592448023732000,12.07873193359375,-0.3081948459148407,-0.3552270531654358,0.053838640451431274
1790592448033744000,12.088743896484376,-0.29368168115615845,-0.3819390833377838,0.16725946962833405
1790592448043757000,12.098757080078125,-0.31517258286476135,-0.43318498134613037,0.1804620921611786
1790592448053769700,12.108769775390625,-0.32513681054115295,-0.42505380511283875,-0.07160157710313797
1790592448063783000,12.118782958984376,-0.3080848455429077,-0.35813388228416443,-0.2115941047668457
1790592448073795800,12.1287958984375,-0.3156580924987793,-0.4046582579612732,-0.16207315027713776
1790592448083809000,12.13880908203125,-0.3076552748680115,-0.4325615167617798,-0.07056853920221329
1790592448093821700,12.14882177734375,-0.3412182927131653,-0.474456250667572,0.03707244247198105
1790592448103835000,12.1588349609375,-0.37033864855766296,-0.4938690960407257,-0.025823697447776794
1790592448113847800,12.168847900390626,-0.31124815344810486,-0.4493330419063568,-0.1449306458234787
1790592448123860000,12.17885986328125,-0.2779778242111206,-0.4872860312461853,-0.16940750181674957
1790592448133872600,12.18887255859375,-0.28369560837745667,-0.529075562953949,-0.07093951851129532
1790592448143885800,12.1988857421875,-0.28456273674964905,-0.5862733721733093,0.05752285569906235
1790592448153899000,12.20889892578125,-0.2585095763206482,-0.5865311622619629,0.04976639896631241
1790592448163912000,12.218911865234375,-0.2529619336128235,-0.5664277672767639,0.09766387939453125
1790592448173924900,12.2289248046875,-0.26148271560668945,-0.5933539271354675,-0.0047090924344956875
1790592448183937800,12.238937744140625,-0.22401899099349976,-0.5440363883972168,-0.1306249499320984
1790592448193951000,12.248950927734375,-0.20919343829154968,-0.5712541937828064,-0.16303348541259766
1790592448203963600,12.258963623046874,-0.21845245361328125,-0.5747753977775574,-0.09771786630153656
1790592448213976800,12.268976806640625,-0.2058277428150177,-0.5636966824531555,0.039047710597515106
1790592448223988700,12.27898876953125,-0.22907154262065887,-0.5877114534378052,0.06518343836069107
1790592448234002000,12.289001953125,-0.23011203110218048,-0.5692328214645386,0.028886951506137848
1790592448244014800,12.299014892578125,-0.20377203822135925,-0.5325110554695129,-0.019071253016591072
1790592448254027800,12.30902783203125,-0.16518071293830872,-0.5003989338874817,-0.15878228843212128
1790592448264041000,12.319041015625,-0.1631314605474472,-0.40689200162887573,-0.15402738749980927
1790592448274054000,12.329053955078125,-0.1985672265291214,-0.4083769619464874,-0.035972658544778824
1790592448284066800,12.33906689453125,-0.18711934983730316,-0.35673320293426514,0.03968188911676407
1790592448294079700,12.349079833984375,-0.19912248849868774,-0.30875077843666077,0.16334684193134308
1790592448304093000,12.359093017578125,-0.2248518168926239,-0.33522871136665344,0.07035644352436066
1790592448314105900,12.36910595703125,-0.09755458682775497,-0.2178160697221756,-0.15562207996845245
1790592448324118000,12.379117919921875,-0.03506804257631302,-0.20653998851776123,-0.14398060739040375
1790592448334130700,12.389130615234375,-0.04399469122290611,-0.19814783334732056,-0.09115947782993317
1790592448344144000,12.399143798828124,-0.04019196331501007,-0.14335276186466217,0.05339930206537247
1790592448354156800,12.40915673828125,-0.05762128904461861,-0.13084176182746887,0.06907866150140762
1790592448364169700,12.419169677734375,0.0006433509988710284,-0.06880927830934525,-0.030299324542284012
1790592448374183000,12.429182861328124,0.036334503442049026,-0.019805248826742172,-0.05556713044643402
1790592448384195800,12.43919580078125,-0.018016885966062546,-0.06052684411406517,-0.026639610528945923
1790592448394209000,12.449208984375,0.0005962130380794406,-0.060975056141614914,0.0698094293475151
1790592448404221700,12.4592216796875,0.032650817185640335,-0.061094366014003754,0.02638952061533928
1790592448414233900,12.46923388671875,0.07374259829521179,-0.03912568464875221,0.03205246850848198
1790592448424246800,12.479246826171876,0.05126231908798218,-0.08341564983129501,0.026848383247852325
1790592448434260000,12.489260009765625,0.04756052419543266,-0.05199594050645828,-0.049202706664800644
1790592448444272600,12.499272705078125,0.07239636778831482,-0.061221662908792496,-0.043372251093387604
1790592448454285800,12.509285888671876,0.1062488779425621,-0.033900827169418335,-0.003929501865059137
1790592448464299000,12.519299072265625,0.1159403845667839,-0.012973974458873272,0.06430281698703766
1790592448474312000,12.52931201171875,0.10292072594165802,0.0009543577907606959,0.006855767220258713
1790592448484324900,12.539324951171874,0.07975734770298004,0.0032473395112901926,0.06274353712797165
1790592448494337800,12.549337890625,0.06361166387796402,-0.04403495416045189,0.0729018971323967
1790592448504351000,12.55935107421875,0.07770218700170517,-0.020255057141184807,-0.013122202828526497
1790592448514363000,12.56936279296875,0.06443777680397034,-0.03194287046790123,-0.05193218216300011
1790592448524375800,12.579375732421875,0.0475970096886158,-0.04301869124174118,-0.011783696711063385
1790592448534388700,12.589388671875,0.03339064493775368,-0.022904368117451668,-0.08490531146526337
1790592448544402000,12.59940185546875,0.02727389708161354,0.02346659079194069,-0.029112353920936584
1790592448554414800,12.609414794921875,0.04472292587161064,0.01672719605267048,0.03042580746114254
1790592448564427800,12.619427734375,0.0526098795235157,0.030866185203194618,0.05619295686483383
1790592448574441000,12.62944091796875,-0.05120093747973442,0.03640342876315117,0.15294666588306427
1790592448584454000,12.639453857421875,-0.06444137543439865,0.036805566400289536,0.14710396528244019
1790592448594466800,12.649466796875,0.06758803129196167,0.0432879664003849,0.04894516244530678
1790592448604479700,12.659479736328125,0.0813073068857193,0.01661640964448452,-0.13133378326892853
1790592448614492000,12.669491943359375,0.0055907052010297775,0.015781773254275322,-0.26711317896842957
1790592448624504800,12.6795048828125,-0.03584728389978409,0.0031719719991087914,-0.23241913318634033
1790592448634518000,12.68951806640625,-0.00510747916996479,0.032223597168922424,-0.030497997999191284
1790592448644530700,12.69953076171875,0.06603328138589859,-0.0001575119240442291,0.2095516324043274
1790592448654544000,12.7095439453125,0.0539928562939167,-0.004862518981099129,0.3505431115627289
1790592448664556800,12.719556884765625,0.03221406042575836,-0.020722175016999245,0.2731409966945648
1790592448674569700,12.72956982421875,0.07974535971879959,0.01726462133228779,0.016264716163277626
1790592448684583000,12.7395830078125,0.10461901873350143,0.042932700365781784,-0.16459853947162628
1790592448694595800,12.749595947265625,0.06808364391326904,0.027777183800935745,-0.22427783906459808
1790592448704608000,12.75960791015625,0.033667612820863724,0.005828209221363068,-0.1631806641817093
1790592448714621000,12.769620849609375,-0.0028009151574224234,0.012731920927762985,0.0016942950896918774
1790592448724633900,12.7796337890625,0.04746944457292557,0.031810808926820755,0.15109071135520935
1790592448734646800,12.789646728515624,0.10248050093650818,0.014859520830214024,0.23876704275608063
1790592448744660000,12.799659912109375,0.06516961753368378,0.007014913484454155,0.14603203535079956
1790592448754672600,12.809672607421875,0.05103781446814537,0.0526505745947361,-0.05032070353627205
1790592448764685800,12.819685791015624,0.056905556470155716,0.0606781430542469,-0.279521644115448
1790592448774698800,12.82969873046875,0.05465678498148918,0.09977521002292633,-0.264383465051651
1790592448784712000,12.8397119140625,0.01445157453417778,0.05376404523849487,-0.03767867758870125
1790592448794724900,12.849724853515625,-0.025822343304753304,-0.001990299206227064,0.15922534465789795
1790592448804736800,12.85973681640625,0.012077100574970245,-0.012353192083537579,0.23452408611774445
1790592448814750000,12.86975,0.05274117365479469,-0.026083916425704956,0.1872367262840271
1790592448824763000,12.879762939453125,0.03827355057001114,-0.031494397670030594,0.01306439470499754
1790592448834775800,12.88977587890625,-0.0006152588757686317,-0.02183937095105648,-0.15128672122955322
1790592448844788700,12.899788818359376,-0.005522932391613722,-0.0343618206679821,-0.11043224483728409
1790592448854802000,12.909802001953125,-0.006971958093345165,-0.06803189963102341,-0.03932956978678703
1790592448864814800,12.91981494140625,-0.047789428383111954,-0.036669183522462845,-0.027176767587661743
1790592448874827800,12.929827880859374,-0.050990816205739975,-0.05964161083102226,0.040202539414167404
1790592448884840700,12.9398408203125,-0.00018595735309645534,-0.10031101107597351,0.071384958922863
1790592448894852900,12.949852783203125,0.014757571741938591,-0.08938699215650558,0.018499108031392097
1790592448904865800,12.95986572265625,-0.008217784576117992,-0.12215664982795715,0.06671217828989029
1790592448914878700,12.969878662109375,-0.03644196689128876,-0.17496474087238312,0.02730404958128929
1790592448924892000,12.979891845703126,-0.06509970873594284,-0.14600659906864166,-0.08882415294647217
1790592448934904800,12.98990478515625,-0.07689617574214935,-0.1487661600112915,-0.09096933156251907
1790592448944918000,12.99991796875,-0.04613028094172478,-0.19953639805316925,0.030436193570494652
1790592448954930700,13.0099306640625,-0.018547652289271355,-0.21997642517089844,0.05130685493350029
1790592448964944000,13.01994384765625,-0.05434213951230049,-0.20403128862380981,0.08908326178789139
1790592448974956800,13.029956787109375,-0.04830688238143921,-0.23921990394592285,0.007402514107525349
1790592448984969000,13.039968994140626,0.009169461205601692,-0.18480992317199707,-0.01663677580654621
1790592448994982000,13.04998193359375,-0.044977396726608276,-0.2587440609931946,-0.03734498471021652
1790592449004995600,13.05999560546875,-0.0667833536863327,-0.22046911716461182,-0.053785476833581924
1790592449015008500,13.070008544921874,-0.08943381160497665,-0.26194679737091064,-0.01963256485760212
1790592449025021400,13.080021484375,-0.0941326916217804,-0.2909773588180542,-0.05650749057531357
1790592449035034400,13.090034423828126,-0.02242175303399563,-0.2348880022764206,-0.09140582382678986
1790592449045047600,13.100047607421875,-0.030400319024920464,-0.2665812075138092,-0.02337244339287281
1790592449055060500,13.110060546875,-0.0631428137421608,-0.2802163362503052,-0.047955017536878586
1790592449065073400,13.120073486328126,-0.06538759171962738,-0.24878305196762085,-0.08752240240573883
1790592449075086300,13.13008642578125,-0.05365131422877312,-0.28279799222946167,-0.023582033812999725
1790592449085098500,13.140098388671875,-0.07533423602581024,-0.3066684603691101,0.059627633541822433
1790592449095111400,13.150111328125,-0.1137884184718132,-0.2902865409851074,0.1399850696325302
1790592449105124400,13.160124267578125,-0.11028183251619339,-0.2730279266834259,0.15703009068965912
1790592449115137500,13.170137451171875,-0.06819776445627213,-0.27764132618904114,0.03174833580851555
1790592449125150500,13.180150390625,-0.00036572065437212586,-0.24123485386371613,-0.08453299850225449
1790592449135163600,13.19016357421875,-0.016852816566824913,-0.22868070006370544,-0.1997048556804657
1790592449145176300,13.20017626953125,-0.01720195822417736,-0.1833648979663849,-0.23894760012626648
1790592449155189500,13.210189453125,-0.028439166024327278,-0.19800721108913422,-0.10099560022354126
1790592449165202400,13.220202392578125,-0.05885779485106468,-0.22255703806877136,0.09159062802791595
1790592449175215400,13.23021533203125,-0.03784172609448433,-0.19390009343624115,0.1586064249277115
1790592449185227500,13.2402275390625,0.0018367135198786855,-0.1660972237586975,0.20440134406089783
1790592449195240400,13.250240478515625,-0.0036517952103167772,-0.18708959221839905,0.17697450518608093
1790592449205253400,13.26025341796875,0.030423084273934364,-0.1395961046218872,0.017899097874760628
1790592449215266600,13.2702666015625,0.05171186104416847,-0.10666744410991669,-0.04672490432858467
1790592449225279500,13.280279541015625,0.061536792665719986,-0.10785840451717377,-0.12598802149295807
1790592449235292400,13.29029248046875,0.10710109025239944,-0.036428432911634445,-0.1358688920736313
1790592449245305600,13.3003056640625,0.0802907794713974,-0.04471299424767494,-0.014891605824232101
1790592449255318500,13.310318603515626,0.06073731184005737,-0.05227663740515709,0.09494301676750183
1790592449265331500,13.32033154296875,0.08405020087957382,-0.030260654166340828,0.12253877520561218
1790592449275343400,13.33034326171875,0.09848266839981079,-0.013117087073624134,0.006215097848325968
1790592449285356500,13.3403564453125,0.11307892203330994,0.012900399044156075,-0.05144553259015083
1790592449295369500,13.350369384765624,0.08714879304170609,-0.010098926723003387,-0.0471477247774601
1790592449305382400,13.36038232421875,0.08840473741292953,0.005232092458754778,-0.05276300013065338
1790592449315395300,13.370395263671876,0.07904931902885437,0.01907360553741455,0.034413713961839676
1790592449325408500,13.380408447265625,0.06416144967079163,-0.00966696161776781,0.10623729974031448
1790592449335421400,13.39042138671875,0.110300712287426,0.005176166072487831,0.10112882405519485
1790592449345434400,13.400434326171874,0.08134496212005615,0.008494199253618717,0.06309781968593597
1790592449355447600,13.410447509765625,0.06766350567340851,0.004551921039819717,0.01771223172545433
1790592449365460500,13.42046044921875,0.12179625034332275,0.03008684143424034,-0.09320070594549179
1790592449375472600,13.43047265625,0.11891311407089233,0.042981866747140884,-0.06778855621814728
1790592449385485300,13.4404853515625,0.037303466349840164,0.0334986187517643,-0.1095285415649414
1790592449395498500,13.45049853515625,0.05763696879148483,0.08336365222930908,-0.021142758429050446
1790592449405511400,13.460511474609374,0.05021873116493225,0.025489693507552147,0.16634804010391235
1790592449415524600,13.470524658203125,0.0462958961725235,0.04820352792739868,0.1948084533214569
1790592449425537500,13.48053759765625,0.097270667552948,0.11807262897491455,0.20412178337574005
1790592449435550500,13.490550537109375,0.07494965195655823,0.08585184067487717,0.11766865849494934
1790592449445563600,13.500563720703125,0.08748168498277664,0.15159516036510468,-0.060664333403110504
1790592449455576300,13.510576416015626,0.13318099081516266,0.21240685880184174,-0.19909091293811798
1790592449465589500,13.520589599609375,0.1268509328365326,0.19814828038215637,-0.3157863914966583
1790592449475601400,13.530601318359375,0.0497867688536644,0.22649922966957092,-0.20996487140655518
1790592449485614600,13.540614501953126,-0.026594290509819984,0.24310271441936493,0.015928978100419044
1790592449495627500,13.55062744140625,0.024785012006759644,0.22647154331207275,0.31228765845298767
1790592449505640400,13.560640380859375,0.12053924053907394,0.1893734335899353,0.37378165125846863
1790592449515653400,13.5706533203125,0.18477201461791992,0.21469850838184357,0.21706928312778473
1790592449525666600,13.58066650390625,0.16987483203411102,0.25602248311042786,-0.005664198659360409
1790592449535679500,13.590679443359376,0.11358066648244858,0.27996882796287537,-0.12963540852069855
1790592449545692400,13.6006923828125,0.12415660917758942,0.2641525864601135,-0.12427632510662079
1790592449555705600,13.61070556640625,0.15805625915527344,0.27542176842689514,-0.0469951257109642
1790592449565718500,13.620718505859376,0.11627152562141418,0.2515510320663452,0.03117424249649048
1790592449575730700,13.630730712890625,0.09302612394094467,0.27956056594848633,0.05700957030057907
1790592449585743400,13.640743408203125,0.13135087490081787,0.2550451159477234,0.06439238041639328
1790592449595756500,13.650756591796876,0.14768776297569275,0.207290917634964,0.03754905238747597
1790592449605769500,13.66076953125,0.14606963098049164,0.21390940248966217,-0.011408637277781963
1790592449615782400,13.670782470703125,0.13304810225963593,0.21018178761005402,0.004049947950989008
1790592449625795300,13.68079541015625,0.08685078471899033,0.17908324301242828,0.11225870996713638
1790592449635808500,13.69080859375,0.05833391472697258,0.170118510723114,0.08222917467355728
1790592449645821700,13.70082177734375,0.0475236140191555,0.1796736717224121,0.04741606488823891
1790592449655834400,13.71083447265625,0.025868386030197144,0.12858572602272034,-0.057422734797000885
1790592449665846500,13.720846435546875,0.06610608845949173,0.17052091658115387,-0.10195904225111008
1790592449675859500,13.730859375,0.08197186887264252,0.12492653727531433,-0.13192732632160187
1790592449685872600,13.74087255859375,0.0732010155916214,0.089320607483387,-0.09212372452020645
1790592449695885300,13.75088525390625,0.02451789565384388,0.06244611367583275,0.11442918330430984
1790592449705898500,13.7608984375,-0.02264988236129284,-0.007446951232850552,0.16179803013801575
1790592449715911400,13.770911376953125,-0.000679335615132004,0.021303735673427582,0.02096075564622879
1790592449725924600,13.780924560546875,0.0100502735003829,0.016095925122499466,-0.11047130078077316
1790592449735937300,13.790937255859374,-0.03035307675600052,-0.011457405053079128,-0.10156356543302536
1790592449745950500,13.800950439453125,-0.018309729173779488,-0.0024383440613746643,-0.09484094381332397
1790592449755963600,13.810963623046876,-0.012308028526604176,-0.02191643789410591,-0.002636716701090336
1790592449765975600,13.8209755859375,-0.038391560316085815,-0.07394315302371979,0.05056125670671463
1790592449775988500,13.830988525390625,-0.014214585535228252,-0.048291854560375214,0.046264246106147766
1790592449786001400,13.84100146484375,-0.04255940765142441,-0.08199948072433472,0.08113088458776474
1790592449796014600,13.8510146484375,-0.07178200781345367,-0.10811922699213028,0.04955404996871948
1790592449806027500,13.861027587890625,-0.05990617349743843,-0.09194665402173996,0.001046967227011919
1790592449816040400,13.87104052734375,-0.019477523863315582,-0.048285726457834244,-0.05530339106917381
1790592449826053400,13.881053466796875,-0.04270215332508087,-0.05393669009208679,-0.02314039319753647
1790592449836066600,13.891066650390625,-0.05882546305656433,-0.035110004246234894,-0.01972036436200142
1790592449846079500,13.90107958984375,-0.020454637706279755,-0.007744692265987396,0.020150087773799896
1790592449856092400,13.911092529296875,-0.02470264583826065,-0.03940701484680176,0.045478347688913345
1790592449866104300,13.921104248046875,-0.026107197627425194,-0.013340259902179241,0.024527259171009064
1790592449876117500,13.931117431640626,-0.008503969758749008,-0.013079802505671978,0.01482110284268856
1790592449886130700,13.941130615234375,0.000564360641874373,0.004431013483554125,-0.0951264351606369
1790592449896143400,13.951143310546875,0.007727198768407106,0.057958152145147324,-0.16967710852622986
1790592449906156500,13.961156494140624,-0.024899721145629883,0.03539478778839111,-0.015377280302345753
1790592449916169500,13.97116943359375,-0.06885625422000885,-0.007283166516572237,0.06911363452672958
1790592449926182400,13.981182373046876,-0.00696599343791604,0.05479511618614197,0.019061386585235596
1790592449936195300,13.9911953125,0.03065808117389679,0.07356081902980804,0.04043245688080788
1790592449946208500,14.00120849609375,0.04222099483013153,0.07242684811353683,-0.05636918544769287
1790592449956221700,14.0112216796875,0.07817313820123672,0.12495316565036774,-0.09305209666490555
1790592449966233600,14.021233642578125,0.010581041686236858,0.10576029866933823,-0.14635713398456573
1790592449976246300,14.031246337890625,0.012262295000255108,0.13166514039039612,-0.07162217795848846
1790592449986259500,14.041259521484376,0.04540453478693962,0.11203257739543915,-0.012196133844554424
1790592449996272600,14.051272705078125,0.02836776152253151,0.1114211156964302,0.07266176491975784
1790592450006284800,14.061284912109375,0.03436733037233353,0.11253005266189575,0.14361770451068878
1790592450016297500,14.07129736328125,0.06432097405195236,0.12187721580266953,0.10605887323617935
1790592450026310700,14.081310546875,0.07132748514413834,0.14089271426200867,-0.0012494763359427452
1790592450036323800,14.09132373046875,0.07998701930046082,0.16260866820812225,-0.07277505844831467
1790592450046336800,14.101336669921874,0.09718810766935349,0.13900800049304962,-0.04145495221018791
1790592450056349700,14.111349609375,0.05516528710722923,0.1212838664650917,0.01728719100356102
1790592450066361600,14.121361572265625,0.03200564160943031,0.11097876727581024,-0.019511837512254715
1790592450076374800,14.131374755859374,0.05756666138768196,0.09241040796041489,0.05103610083460808
1790592450086387700,14.1413876953125,0.01392890140414238,0.017720453441143036,0.16548198461532593
1790592450096400600,14.151400634765626,-0.02320168912410736,-0.0077020819298923016,0.16550488770008087
1790592450106413600,14.16141357421875,-0.018721187487244606,-0.005761968903243542,0.11519245058298111
1790592450116426800,14.1714267578125,-0.027865683659911156,-0.032895851880311966,0.06490238010883331
1790592450126439700,14.181439697265626,-0.014139484614133835,-0.03953724354505539,-0.039014432579278946
1790592450136452600,14.19145263671875,0.004084527026861906,0.0008738294709473848,-0.15147599577903748
1790592450146465800,14.2014658203125,0.007118400186300278,-0.0026838872581720352,-0.07481823116540909
1790592450156478700,14.211478759765624,-0.03540455922484398,-0.08336621522903442,-0.054717760533094406
1790592450166491000,14.221490966796875,-0.05166502296924591,-0.03197493031620979,-0.0786486566066742
1790592450176503600,14.231503662109375,-0.06953935325145721,-0.052261825650930405,-0.04247094690799713
1790592450186516700,14.241516845703124,-0.05064849182963371,-0.07461080700159073,-0.04127305746078491
1790592450196529700,14.25152978515625,-0.021708721294999123,-0.09223321080207825,0.025366686284542084
1790592450206542800,14.26154296875,-0.08232279866933823,-0.15743137896060944,0.12074274569749832
1790592450216555500,14.271555419921874,-0.0980471670627594,-0.17245320975780487,0.04110969975590706
1790592450226568700,14.281568603515625,-0.08403760194778442,-0.14972206950187683,-0.0006100512109696865
1790592450236581600,14.29158154296875,-0.12950682640075684,-0.16380992531776428,0.017331663519144058
1790592450246594600,14.301594482421875,-0.07456900179386139,-0.14747169613838196,-0.13422004878520966
1790592450256607700,14.311607666015625,0.01820141077041626,-0.09314028173685074,-0.14845862984657288
1790592450266619600,14.32161962890625,-0.014936109073460102,-0.13767747581005096,-0.17517782747745514
1790592450276632800,14.3316328125,-0.04854227229952812,-0.10899363458156586,-0.13244660198688507
1790592450286645800,14.341645751953125,-0.038947172462940216,-0.12582002580165863,0.05455043911933899
1790592450296658700,14.35165869140625,-0.04239223524928093,-0.1880975067615509,0.1977938860654831
1790592450306671600,14.361671630859375,-0.07801387459039688,-0.2018498033285141,0.2792658507823944
1790592450316684800,14.371684814453126,-0.1250535547733307,-0.21466253697872162,0.16681227087974548
1790592450326697500,14.381697509765624,-0.04708658903837204,-0.12708128988742828,-0.08439652621746063
1790592450336710700,14.391710693359375,0.046895831823349,-0.06297048181295395,-0.16696809232234955
1790592450346723800,14.401723876953126,0.02222111076116562,-0.08179770410060883,-0.1832253634929657
1790592450356736800,14.41173681640625,0.021612312644720078,-0.018764672800898552,-0.15924812853336334
1790592450366748700,14.421748779296875,0.01705777458846569,0.00013844473869539797,-0.012429123744368553
1790592450376761600,14.43176171875,-0.014644759707152843,-0.03517933189868927,0.15901294350624084
1790592450386774800,14.44177490234375,0.024499446153640747,-0.023673944175243378,0.1488812118768692
1790592450396787700,14.45178759765625,0.04925379529595375,0.034290023148059845,0.10732364654541016
1790592450406800600,14.461800537109376,0.019567804411053658,0.024371612817049026,0.03803218528628349
1790592450416813600,14.4718134765625,0.050720661878585815,0.06343591958284378,-0.026091406121850014
1790592450426826800,14.48182666015625,0.08099281787872314,0.07129837572574615,-0.09424968808889389
1790592450436839700,14.491839599609374,0.037659190595149994,0.09934039413928986,-0.057832296937704086
1790592450446852600,14.5018525390625,0.022254135459661484,0.09282177686691284,0.0862436592578888
1790592450456865800,14.51186572265625,0.07438471913337708,0.0877617672085762,0.07239415496587753
1790592450466878700,14.521878662109375,0.09959419816732407,0.11849917471408844,0.007648446597158909
1790592450476890600,14.531890625,0.057818785309791565,0.10593890398740768,-0.03475094214081764
1790592450486903600,14.541903564453126,0.044767700135707855,0.09032852202653885,-0.03872491046786308
1790592450496916700,14.551916748046875,0.06345111131668091,0.08456890285015106,-0.030180158093571663
1790592450506929700,14.5619296875,0.043675005435943604,0.08558676391839981,-0.011590227484703064
1790592450516942800,14.57194287109375,0.0361422523856163,0.07843537628650665,0.11816138029098511
1790592450526955500,14.58195556640625,0.03755532577633858,0.03486793115735054,0.050915490835905075
1790592450536968700,14.59196875,0.08123517036437988,0.07775760442018509,0.031654711812734604
1790592450546981600,14.601981689453124,0.06905093789100647,0.03421066328883171,-0.06885351240634918
1790592450556994600,14.61199462890625,0.07474291324615479,0.08113156259059906,-0.18598440289497375
1790592450567007700,14.6220078125,0.09364629536867142,0.0885109156370163,-0.22169871628284454
1790592450577019600,14.63201953125,0.0640290156006813,0.04646999388933182,-0.0547315739095211
1790592450587032800,14.64203271484375,0.022621650248765945,-0.025763193145394325,0.07229029387235641
1790592450597045800,14.652045654296876,0.043861426413059235,-0.03218274191021919,0.11714484542608261
1790592450607058700,14.66205859375,0.027869144454598427,-0.07111869007349014,0.17025387287139893
1790592450617071600,14.672071533203125,-0.005498932208865881,-0.09162396937608719,0.16362740099430084
1790592450627084800,14.682084716796876,-0.003060807939618826,-0.07136636972427368,-0.017728548496961594
1790592450637097500,14.692097412109375,-0.005756459664553404,-0.040561046451330185,-0.12163710594177246
1790592450647110700,14.702110595703125,-0.007591910660266876,-0.056083813309669495,-0.19929568469524384
1790592450657123600,14.71212353515625,0.03932233527302742,-0.001912988256663084,-0.18736205995082855
1790592450667136800,14.72213671875,-0.019924210384488106,-0.05083818361163139,-0.0686335414648056
1790592450677148700,14.732148681640625,-0.039367418736219406,-0.08895814418792725,0.08971775323152542
1790592450687161600,14.74216162109375,-0.013578962534666061,-0.10037138313055038,0.21851381659507751
1790592450697174800,14.7521748046875,-0.061981912702322006,-0.13994595408439636,0.22944262623786926
1790592450707187700,14.762187744140626,-0.05937281623482704,-0.12722323834896088,0.012481551617383957
1790592450717200600,14.77220068359375,-0.0713205561041832,-0.10833636671304703,-0.12115533649921417
1790592450727213600,14.782213623046875,-0.06075180321931839,-0.11459746211767197,-0.16531960666179657
1790592450737226800,14.792226806640626,-0.021415581926703453,-0.06970854848623276,-0.12255242466926575
1790592450747239700,14.80223974609375,-0.025100598111748695,-0.11572957038879395,0.048760995268821716
1790592450757252600,14.812252685546875,-0.07496269047260284,-0.13286647200584412,0.07182929664850235
1790592450767265800,14.822265869140624,-0.0378267802298069,-0.04793534055352211,-0.0026033916510641575
1790592450777277700,14.832277587890625,0.017609581351280212,-0.04372275248169899,0.027929484844207764
1790592450787290600,14.84229052734375,-0.012027138844132423,-0.08929184079170227,0.009287090040743351
1790592450797303600,14.852303466796876,-0.020639536902308464,-0.02326115407049656,-0.014825437217950821
1790592450807316700,14.862316650390625,-0.006053934805095196,-0.007999110035598278,-0.08454592525959015
1790592450817329700,14.87232958984375,0.04028559848666191,0.01962852291762829,-0.06697199493646622
1790592450827342800,14.8823427734375,0.06664317101240158,0.0401548370718956,0.04442882910370827
1790592450837355500,14.89235546875,0.04580366984009743,0.04064592346549034,0.11481858044862747
1790592450847368700,14.90236865234375,0.03428363427519798,0.06789857894182205,0.07337526232004166
1790592450857381600,14.912381591796875,0.05371911823749542,0.10322114825248718,-0.029166294261813164
1790592450867394600,14.92239453125,0.10045280307531357,0.12897151708602905,-0.05735744908452034
1790592450877407700,14.93240771484375,0.10945694893598557,0.13835810124874115,-0.0010997713543474674
1790592450887419600,14.942419677734375,0.0942673459649086,0.14335311949253082,0.052956804633140564
1790592450897432600,14.9524326171875,0.11157602816820145,0.15981465578079224,0.03854377567768097
1790592450907445800,14.96244580078125,0.10686223208904266,0.17592518031597137,0.011987801641225815
1790592450917458700,14.972458740234375,0.08605016022920609,0.1956232488155365,-0.0574413426220417
1790592450927471600,14.9824716796875,0.12953132390975952,0.2422165870666504,-0.06973449140787125
1790592450937484800,14.99248486328125,0.11531191319227219,0.21684890985488892,0.05375921353697777
1790592450947497700,15.002497802734375,0.09789483994245529,0.19343014061450958,0.07553695142269135
1790592450957510700,15.0125107421875,0.12341085076332092,0.2565910220146179,0.08558079600334167
1790592450967523600,15.022523681640624,0.0928414911031723,0.20315814018249512,0.07889466732740402
1790592450977536800,15.032536865234375,0.10423875600099564,0.22067640721797943,0.009016779251396656
1790592450987548700,15.042548583984376,0.10301316529512405,0.21567872166633606,-0.032427333295345306
1790592450997561600,15.0525615234375,0.08153130859136581,0.1761867105960846,-0.11036873608827591
1790592451007575000,15.062574951171875,0.058310139924287796,0.21545128524303436,-0.07273107767105103
1790592451017588200,15.072588134765626,0.04790410399436951,0.21879887580871582,0.08960483223199844
1790592451027601000,15.082600830078125,0.0233718641102314,0.1752346307039261,0.22313812375068665
1790592451037614000,15.092614013671875,0.009663242846727371,0.2023671716451645,0.1855286955833435
1790592451047627300,15.102627197265624,0.01952386274933815,0.20733796060085297,0.08986662328243256
1790592451057640200,15.11264013671875,0.03723521530628204,0.20353443920612335,-0.13570338487625122
1790592451067653000,15.122653076171876,0.07120596617460251,0.2927173376083374,-0.31672191619873047
1790592451077666000,15.132666015625,0.06915320456027985,0.18550802767276764,-0.255299836397171
1790592451087679200,15.14267919921875,-0.01342236902564764,0.1458229422569275,-0.07691676914691925
1790592451097691100,15.152691162109376,-0.07053465396165848,0.12705591320991516,0.16898195445537567
1790592451107704000,15.1627041015625,-0.07570598274469376,0.07134604454040527,0.3408716917037964
1790592451117717000,15.172717041015625,-0.02501670829951763,0.07463904470205307,0.20716555416584015
1790592451127730200,15.182730224609376,0.03450920432806015,0.14204232394695282,0.07279069721698761
1790592451137743000,15.1927431640625,-0.0085796769708395,0.08061783760786057,-0.1203760951757431
1790592451147756000,15.202756103515625,0.0074347094632685184,0.16341018676757812,-0.20175670087337494
1790592451157769200,15.212769287109374,0.01705298200249672,0.10330211371183395,-0.07273347675800323
1790592451167782100,15.2227822265625,-0.0748862624168396,0.028882207348942757,0.0008185040205717087
1790592451177795000,15.232795166015626,-0.08341982960700989,0.03941900655627251,0.13296829164028168
1790592451187808000,15.24280810546875,-0.05847186967730522,-0.012531011365354061,0.18497955799102783
1790592451197820200,15.252820068359375,-0.05580151826143265,-0.015438917092978954,0.06501666456460953
1790592451207833000,15.2628330078125,-0.02814379148185253,0.016605835407972336,-0.2080361694097519
1790592451217846300,15.27284619140625,-0.01194564625620842,0.08003780245780945,-0.3083001971244812
1790592451227859000,15.28285888671875,-0.024251848459243774,0.01759679615497589,-0.16899290680885315
1790592451237872000,15.2928720703125,-0.04478748142719269,0.0017938656965270638,0.06929024308919907
1790592451247885000,15.302885009765625,-0.07199619710445404,-0.032024551182985306,0.21631138026714325
1790592451257898000,15.31289794921875,-0.10919283330440521,-0.05794190242886543,0.2096385657787323
1790592451267911200,15.3229111328125,-0.14947383105754852,-0.04097980260848999,-0.023185547441244125
1790592451277924000,15.332924072265625,-0.1031939685344696,0.006138442549854517,-0.11684306710958481
1790592451287937300,15.342937255859376,-0.03588256984949112,-0.04114332050085068,-0.1088770180940628
1790592451297949200,15.35294921875,-0.06951989233493805,-0.037703048437833786,0.05664350837469101
1790592451307962000,15.362962158203125,-0.1622927039861679,-0.07144103199243546,0.09856272488832474
1790592451317975000,15.37297509765625,-0.11625650525093079,-0.010440533049404621,-0.0562598742544651
1790592451327988200,15.38298828125,-0.0457485169172287,0.019449986517429352,-0.04289240390062332
1790592451338001000,15.3930009765625,-0.03413260728120804,-0.023901214823126793,-0.05829693004488945
1790592451348014000,15.40301416015625,-0.0410030297935009,-0.021812764927744865,0.046387407928705215
1790592451358027000,15.413027099609375,-0.09250590205192566,-0.05563810467720032,0.02415081113576889
1790592451368040200,15.423040283203125,-0.07111752033233643,-0.009719349443912506,0.057324476540088654
1790592451378053000,15.43305322265625,-0.07597219944000244,-0.051962144672870636,0.06069550663232803
1790592451388066000,15.443066162109375,-0.06965091824531555,-0.019115781411528587,-0.055437758564949036
1790592451398078200,15.453078125,-0.0233760979026556,-0.01221553049981594,-0.1343778520822525
1790592451408091100,15.463091064453126,0.004827843513339758,-0.019102731719613075,-0.11078570783138275
1790592451418104000,15.47310400390625,-0.03593742847442627,-0.027719656005501747,-0.10503487288951874
1790592451428117000,15.483116943359375,-0.04743775725364685,0.006385583896189928,0.07689471542835236
1790592451438130200,15.493130126953124,-0.05242932215332985,-0.07205861806869507,0.12917177379131317
1790592451448143000,15.50314306640625,-0.005061272066086531,-0.023977914825081825,0.058452058583498
1790592451458156000,15.513156005859376,0.012138486839830875,-0.02947174943983555,-0.03773093223571777
1790592451468169200,15.523169189453125,-0.03859207034111023,-0.03514135256409645,-0.1356327384710312
1790592451478182100,15.53318212890625,-0.02624538727104664,-0.01811389997601509,-0.11180649697780609
1790592451488195000,15.543195068359376,0.00831711757928133,-0.020171990618109703,0.005180581472814083
1790592451498208000,15.5532080078125,-0.005549429915845394,-0.04645978659391403,0.1420697271823883
1790592451508220200,15.56322021484375,-0.02799801342189312,-0.07256115972995758,0.023387283086776733
1790592451518233000,15.573233154296876,-0.026823559775948524,-0.0005306450184434652,0.021067935973405838
1790592451528246300,15.583246337890625,-0.04076121374964714,-0.06054072082042694,0.021819744259119034
1790592451538259000,15.593259033203125,-0.011355120688676834,-0.05055306479334831,0.06039030849933624
1790592451548272000,15.603272216796874,-0.03147796541452408,-0.05795452371239662,0.024893034249544144
1790592451558285000,15.61328515625,-0.09084782004356384,-0.028234178200364113,-0.1179962158203125
1790592451568298000,15.623298095703126,-0.05110546573996544,0.026082057505846024,-0.17473618686199188
1790592451578311200,15.633311279296874,-0.03992604464292526,-0.015191612765192986,-0.05607638135552406
1790592451588324000,15.643323974609375,-0.0745047926902771,-0.07440033555030823,0.12675441801548004
1790592451598337300,15.653337158203126,-0.042049385607242584,-0.06472587585449219,0.22498111426830292
1790592451608349200,15.66334912109375,-0.046814046800136566,-0.07800279557704926,0.07329384982585907
1790592451618362000,15.673362060546875,-0.032495029270648956,-0.024871671572327614,-0.07250595837831497
1790592451628375000,15.683375,-0.03201619163155556,-0.02280852012336254,-0.1614408940076828
1790592451638388200,15.69338818359375,-0.04311651363968849,-0.027326839044690132,-0.05220547690987587
1790592451648401000,15.70340087890625,-0.07812030613422394,-0.06836135685443878,0.02173878625035286
1790592451658414000,15.7134140625,-0.033022601157426834,-0.0615476593375206,-0.07270888984203339
1790592451668427000,15.723427001953125,0.026322215795516968,-0.05954975634813309,-0.011523297987878323
1790592451678440200,15.733440185546876,-0.018393855541944504,-0.08378078788518906,0.007500460837036371
1790592451688453000,15.743453125,-0.012221447192132473,-0.03803807497024536,0.04029009863734245
1790592451698466000,15.753466064453125,0.0019130137516185641,-0.07646721601486206,0.009011005982756615
1790592451708479200,15.763479248046876,-0.01788892038166523,-0.05290703475475311,-0.07949010282754898
1790592451718491100,15.7734912109375,-0.006901516579091549,-0.019948551431298256,-0.1128147691488266
1790592451728504000,15.783504150390625,0.03697459399700165,0.014525270089507103,0.014121346175670624
1790592451738517000,15.79351708984375,0.03722519800066948,-0.030756991356611252,0.18114309012889862
1790592451748530200,15.8035302734375,0.010206630453467369,-0.039201609790325165,0.1747048944234848
1790592451758543000,15.813543212890625,0.031546805053949356,0.006643644534051418,-0.024436965584754944
1790592451768556000,15.82355615234375,0.07551932334899902,0.06430241465568542,-0.16888922452926636
1790592451778569000,15.83356884765625,0.0192299522459507,0.04388235881924629,-0.11869156360626221
1790592451788582100,15.84358203125,-0.018953653052449226,0.04538464918732643,0.019652731716632843
1790592451798595000,15.853594970703124,0.019873637706041336,0.0379863865673542,0.19741900265216827
1790592451808608000,15.86360791015625,0.03133588284254074,0.019051311537623405,0.16180720925331116
1790592451818621200,15.87362109375,0.05064832791686058,0.060389697551727295,0.013413477689027786
1790592451828633000,15.883633056640624,0.03253350779414177,0.07233930379152298,-0.040385305881500244
1790592451838646300,15.893646240234375,0.028347549960017204,0.08379409462213516,-0.11952327191829681
1790592451848659000,15.903658935546876,0.07734917849302292,0.11872437596321106,-0.03560839220881462
1790592451858672000,15.913672119140625,0.008509131148457527,0.039155248552560806,0.05008041113615036
1790592451868685000,15.92368505859375,-0.032611407339572906,0.09188850224018097,0.029972746968269348
1790592451878698000,15.933697998046876,0.004872584715485573,0.0919705256819725,0.030921898782253265
1790592451888711200,15.943711181640625,0.013125188648700714,0.0536111518740654,0.13079842925071716
1790592451898724000,15.95372412109375,0.03428719937801361,0.06146162003278732,-0.04428177699446678
1790592451908737300,15.9637373046875,0.03396362438797951,0.10723444074392319,-0.08928414434194565
1790592451918750000,15.97375,-0.024768399074673653,0.04157286509871483,-0.06632716208696365
1790592451928762000,15.98376220703125,0.00675144512206316,0.06319613754749298,-0.029390711337327957
1790592451938775000,15.993775146484374,0.0028744149021804333,0.016623307019472122,0.0713161900639534
1790592451948788200,16.003788330078127,-0.05328739061951637,-0.019112052395939827,0.1071988195180893
1790592451958801200,16.01380126953125,-0.023568645119667053,-0.02202608436346054,0.014710969291627407
1790592451968814000,16.02381396484375,0.008542686700820923,0.01081042643636465,-0.1309434324502945
1790592451978827000,16.033826904296873,0.04421333223581314,0.007821294479072094,-0.24626602232456207
1790592451988840200,16.043840087890626,0.014260494150221348,-0.040402162820100784,-0.06784383207559586
1790592451998853000,16.05385302734375,-0.06480662524700165,-0.0864892229437828,0.1155259907245636
1790592452008866300,16.0638662109375,-0.0606616847217083,-0.11652808636426926,0.3754348158836365
1790592452018879200,16.073879150390624,-0.031102459877729416,-0.22881335020065308,0.42786499857902527
1790592452028892200,16.08389208984375,-0.03505885228514671,-0.1514115035533905,0.08954659104347229
1790592452038904000,16.093904052734374,-0.05262692645192146,-0.11021000146865845,-0.20212014019489288
1790592452048917200,16.103917236328126,-0.0848865956068039,-0.08429557830095291,-0.45984646677970886
1790592452058930200,16.11393017578125,-0.08285673707723618,-0.10488127917051315,-0.3439190685749054
1790592452068943400,16.123943359375,-0.05483522266149521,-0.1903458535671234,-0.05679303780198097
1790592452078956000,16.1339560546875,-0.05201093852519989,-0.28578394651412964,0.15883991122245789
1790592452088969200,16.14396923828125,-0.13753275573253632,-0.3063472807407379,0.16639503836631775
1790592452098982400,16.153982421875,-0.237324059009552,-0.2604628801345825,-0.04355126991868019
1790592452108995000,16.1639951171875,-0.2049301713705063,-0.20654720067977905,-0.028476979583501816
1790592452119007200,16.17400732421875,-0.0655597671866417,-0.2593379616737366,0.0402245856821537
1790592452129020200,16.184020263671876,-0.0010873035062104464,-0.2830507457256317,0.12672406435012817
1790592452139033300,16.194033447265625,-0.08472627401351929,-0.3032050132751465,0.009126853197813034
1790592452149046300,16.20404638671875,-0.1674637645483017,-0.24100477993488312,-0.1319943219423294
1790592452159059200,16.21405908203125,-0.1249525174498558,-0.24274034798145294,-0.20131240785121918
1790592452169072000,16.224072021484375,-0.00891832821071148,-0.21923795342445374,-0.20549117028713226
1790592452179085300,16.234085205078124,0.020598549395799637,-0.24669834971427917,-0.03236359730362892
1790592452189098200,16.24409814453125,-0.07312873750925064,-0.2894332706928253,-0.013710818253457546
1790592452199111200,16.254111083984377,-0.10757513344287872,-0.23585209250450134,0.11050034314393997
1790592452209123000,16.264123046875,-0.1283818632364273,-0.2783809006214142,0.12437914311885834
1790592452219136300,16.27413623046875,-0.048137370496988297,-0.19191952049732208,0.09800079464912415
1790592452229149200,16.284149169921875,0.02494030073285103,-0.16008995473384857,0.03782081604003906
1790592452239162000,16.294162109375,0.01965259574353695,-0.14901332557201385,-0.028790432959794998
1790592452249175300,16.30417529296875,0.03654582425951958,-0.08233043551445007,-0.1329844892024994
1790592452259188200,16.314188232421873,0.03187011554837227,-0.032161008566617966,-0.109142005443573
1790592452269201200,16.324201171875,-0.004688093438744545,-0.06583335250616074,0.08292083442211151
1790592452279214000,16.334214111328127,-0.0035764898639172316,-0.04579440504312515,0.06571308523416519
1790592452289227300,16.344227294921875,0.05691641569137573,-0.02453918196260929,0.14331945776939392
1790592452299240200,16.354240234375,0.030516766011714935,-0.06936977058649063,0.0560801662504673
1790592452309253000,16.364253173828125,0.07347755134105682,0.06294326484203339,-0.1463504284620285
1790592452319265000,16.37426513671875,0.14488621056079865,0.0912603884935379,-0.13525889813899994
1790592452329278200,16.3842783203125,0.10522802174091339,0.07232904434204102,0.027235202491283417
1790592452339291400,16.39429150390625,0.058560386300086975,0.10852832347154617,0.03989613428711891
1790592452349304300,16.40430419921875,0.08538854122161865,0.17036984860897064,0.12180058658123016
1790592452359317200,16.414317138671876,0.08937875181436539,0.11616094410419464,0.18013472855091095
1790592452369330200,16.424330078125,0.11158179491758347,0.146675705909729,0.06111034378409386
1790592452379343400,16.43434326171875,0.12912508845329285,0.18889373540878296,-0.025368619710206985
1790592452389356000,16.44435595703125,0.12168875336647034,0.1553352326154709,-0.10854047536849976
1790592452399369200,16.454369140625,0.14008080959320068,0.1982845664024353,-0.18084502220153809
1790592452409382100,16.464382080078124,0.08499652147293091,0.20769165456295013,-0.06660313904285431
1790592452419395300,16.474395263671877,0.04896315187215805,0.2029712051153183,0.10514172166585922
1790592452429407200,16.4844072265625,0.10940119624137878,0.19912374019622803,0.17946814000606537
1790592452439420200,16.494420166015626,0.11749480664730072,0.19145914912223816,0.14710675179958344
1790592452449433300,16.504433349609375,0.06273701786994934,0.19923612475395203,-0.02762671560049057
1790592452459446300,16.5144462890625,0.07151666283607483,0.24282461404800415,-0.11594699323177338
1790592452469459200,16.524459228515624,0.10364211350679398,0.21255964040756226,-0.07613406330347061
1790592452479472000,16.53447216796875,0.11538505554199219,0.17774760723114014,-0.04182535782456398
1790592452489485300,16.5444853515625,0.09852058440446854,0.1632474958896637,0.05601145699620247
1790592452499498200,16.554498291015626,-0.005315800663083792,0.08628427237272263,0.1711401790380478
1790592452509511200,16.56451123046875,-0.038259100168943405,0.06692469120025635,0.1314593404531479
1790592452519524400,16.5745244140625,-0.03679649159312248,0.08830561488866806,-0.009352901950478554
1790592452529536300,16.584536376953125,-0.013172125443816185,0.10691791027784348,-0.11317277699708939
1790592452539549200,16.594549072265625,0.006405303720384836,0.06472225487232208,-0.011238953098654747
1790592452549562000,16.60456201171875,-0.010415221564471722,0.03863392770290375,0.012411781586706638
1790592452559575300,16.6145751953125,-0.011206978932023048,0.07131091505289078,0.06349121034145355
1790592452569588200,16.624588134765624,-0.045911163091659546,0.01987621933221817,0.13998065888881683
1790592452579601400,16.634601318359376,-0.06546968221664429,0.021879713982343674,0.09191965311765671
1790592452589614000,16.644614013671877,-0.04816286638379097,0.06324873119592667,-0.052909966558218
1790592452599627300,16.654627197265626,-0.08248195797204971,0.046326734125614166,-0.05373581498861313
1790592452609640200,16.66464013671875,-0.08939099311828613,0.004087935667484999,0.04269831255078316
1790592452619653000,16.674653076171875,-0.05135120078921318,0.016551261767745018,0.023263895884156227
1790592452629666300,16.684666259765624,-0.06079370528459549,0.014211409725248814,0.004129350651055574
1790592452639678200,16.69467822265625,-0.036153871566057205,0.016234079375863075,-0.07057631015777588
1790592452649691100,16.704691162109373,-0.034356772899627686,0.015619955025613308,-0.12011510133743286
1790592452659704300,16.714704345703126,-0.0679863691329956,-0.005787065718322992,-0.0052641513757407665
1790592452669717200,16.72471728515625,-0.09413328766822815,-0.033458907157182693,0.03141609951853752
1790592452679730200,16.734730224609375,-0.01501370221376419,0.009909605607390404,0.019650518894195557
1790592452689743400,16.744743408203124,-0.0335993692278862,-0.03540727496147156,0.015979617834091187
1790592452699756000,16.754756103515625,-0.11436052620410919,-0.03567652031779289,-0.05742029845714569
1790592452709769200,16.764769287109374,-0.06799622625112534,-0.004540972411632538,-0.02701631933450699
1790592452719782100,16.7747822265625,-0.031710654497146606,-0.04633822292089462,0.08281031250953674
1790592452729795300,16.78479541015625,-0.039037276059389114,-0.07074129581451416,0.05813745781779289
1790592452739808300,16.794808349609376,-0.07486371695995331,-0.08234495669603348,-0.03678292781114578
1790592452749821200,16.8048212890625,-0.0908525362610817,-0.05502651631832123,-0.15037128329277039
1790592452759833300,16.814833251953125,-0.05416536331176758,-0.07262654602527618,-0.06813925504684448
1790592452769846300,16.82484619140625,-0.022862570360302925,-0.12596914172172546,-0.013567887246608734
1790592452779859200,16.834859130859375,-0.026225609704852104,-0.10865964740514755,-0.05788954347372055
1790592452789872000,16.8448720703125,-0.04652794823050499,-0.13078546524047852,-0.01812508888542652
1790592452799885300,16.85488525390625,-0.06049622967839241,-0.1447734534740448,-0.036195170134305954
1790592452809898200,16.864898193359377,-0.03101370669901371,-0.11566243320703506,0.12198248505592346
1790592452819911200,16.8749111328125,-0.03956884518265724,-0.16402943432331085,0.3093257546424866
1790592452829924000,16.884924072265626,-0.046262700110673904,-0.2313285768032074,0.2160639762878418
1790592452839937300,16.894937255859375,-0.046265095472335815,-0.15621545910835266,0.02604476921260357
1790592452849950200,16.9049501953125,-0.057752907276153564,-0.1731233298778534,-0.3509608209133148
1790592452859963100,16.914963134765625,-0.058538805693387985,-0.09292382746934891,-0.43962356448173523
1790592452869975300,16.924975341796873,-0.08588015288114548,-0.17417821288108826,-0.23055027425289154
1790592452879988200,16.93498828125,-0.08550810813903809,-0.2503747045993805,0.0820462554693222
1790592452890001400,16.94500146484375,-0.08912760764360428,-0.3096313774585724,0.1909964382648468
1790592452900014000,16.95501416015625,-0.1363918036222458,-0.28022581338882446,0.0936959832906723
1790592452910027300,16.96502734375,-0.15475216507911682,-0.23242980241775513,-0.11787299066781998
1790592452920040200,16.975040283203125,-0.07875459641218185,-0.2172657549381256,-0.14089201390743256
1790592452930053000,16.98505322265625,-0.0374273955821991,-0.25067031383514404,-0.0043600075878202915
1790592452940066300,16.99506640625,-0.11195915192365646,-0.2737117409706116,0.09922683984041214
1790592452950079200,17.005079345703123,-0.1493656486272812,-0.28561580181121826,0.07794365286827087
1790592452960092400,17.015092529296876,-0.0845206081867218,-0.24781355261802673,0.0006816224195063114
1790592452970105000,17.02510498046875,-0.06254073977470398,-0.24174714088439941,0.050927214324474335
1790592452980117200,17.0351171875,-0.07198510318994522,-0.2658519446849823,0.02947651781141758
1790592452990130200,17.045130126953126,-0.031208915635943413,-0.1804630011320114,-0.12578976154327393
1790592453000143400,17.055143310546875,-0.03804444894194603,-0.16483530402183533,-0.18406160175800323
1790592453010156500,17.065156494140624,-0.09164562821388245,-0.1749555915594101,-0.06267204880714417
1790592453020169500,17.07516943359375,-0.12434897571802139,-0.16154125332832336,0.08650597929954529
1790592453030182700,17.0851826171875,-0.06531228870153427,-0.16611842811107635,0.22285982966423035
1790592453040195600,17.095195556640626,-0.03973928466439247,-0.18218180537223816,0.21261385083198547
1790592453050208500,17.10520849609375,-0.03486863151192665,-0.13189919292926788,-0.11572754383087158
1790592453060221700,17.1152216796875,-0.016292285174131393,-0.03281655162572861,-0.32766294479370117
1790592453070234600,17.125234619140624,-0.005713410675525665,-0.008748500607907772,-0.20850355923175812
1790592453080247600,17.13524755859375,0.0039221723563969135,-0.04847247898578644,0.05289076268672943
1790592453090260500,17.145260498046873,-0.029975872486829758,-0.11092013865709305,0.2545594573020935
1790592453100272600,17.155272705078126,-0.03779730945825577,-0.09288094937801361,0.1828538179397583
1790592453110285600,17.16528564453125,0.04527493938803673,-0.023762071505188942,-0.16008728742599487
1790592453120298800,17.175298828125,0.10196458548307419,0.04543271288275719,-0.3199608325958252
1790592453130311400,17.1853115234375,0.08221165090799332,0.013039885088801384,-0.101051926612854
1790592453140324600,17.19532470703125,0.023651668801903725,-0.06086070463061333,0.08833051472902298
1790592453150337500,17.205337646484374,0.06926709413528442,-0.06593455374240875,0.2643209993839264
1790592453160350500,17.2153505859375,0.08288037031888962,-0.10905060172080994,0.20762495696544647
1790592453170363600,17.22536376953125,0.0709744468331337,-0.09581016004085541,-0.02396113984286785
1790592453180376600,17.23537646484375,0.06921888887882233,-0.06093820184469223,-0.0617402121424675
1790592453190389800,17.2453896484375,0.05207319185137749,-0.09918039292097092,-0.07341737300157547
1790592453200402400,17.25540234375,0.10347939282655716,-0.06762246787548065,0.018799107521772385
1790592453210414600,17.26541455078125,0.08780588954687119,-0.11862679570913315,0.09553569555282593
1790592453220427500,17.275427490234375,0.06794217228889465,-0.1390487253665924,0.043478354811668396
1790592453230440700,17.285440673828123,0.051093682646751404,-0.12915347516536713,0.03452134504914284
1790592453240453400,17.295453369140624,-0.013796104118227959,-0.16472744941711426,-0.013755906373262405
1790592453250466600,17.305466552734377,0.02247561700642109,-0.1334933638572693,-0.0669589415192604
1790592453260479500,17.3154794921875,0.019675303250551224,-0.1845371127128601,0.05052800849080086
1790592453270492700,17.32549267578125,-0.025010574609041214,-0.20077291131019592,0.044699233025312424
1790592453280505600,17.335505615234375,0.007530856411904097,-0.1508636772632599,0.062214575707912445
1790592453290518500,17.3455185546875,-0.007019057869911194,-0.18918336927890778,0.04213567450642586
1790592453300531700,17.35553173828125,0.008122877217829227,-0.15000693500041962,0.003777099074795842
1790592453310544400,17.36554443359375,0.03049689158797264,-0.12094944715499878,-0.11507045477628708
1790592453320557600,17.3755576171875,0.04534854367375374,-0.0587952621281147,-0.11606727540493011
1790592453330569500,17.385569580078126,0.050140902400016785,-0.10141649097204208,0.09239564836025238
1790592453340582700,17.395582763671875,0.034904155880212784,-0.15663793683052063,0.16790585219860077
1790592453350595600,17.405595703125,0.033459391444921494,-0.12213881313800812,0.13485948741436005
1790592453360608500,17.4156083984375,-0.004202232230454683,-0.0844779834151268,0.053556639701128006
1790592453370621400,17.425621337890625,0.010769792832434177,-0.025131041184067726,-0.05810917541384697
1790592453380634600,17.435634521484374,0.131845623254776,0.02365514077246189,-0.08397458493709564
1790592453390647600,17.4456474609375,0.16900603473186493,0.02612069435417652,-0.007720033172518015
1790592453400660500,17.455660400390624,0.10698553919792175,0.05588578060269356,-0.005616136360913515
1790592453410673700,17.465673583984376,0.10343501716852188,0.055863674730062485,0.042597196996212006
1790592453420686600,17.4756865234375,0.08509542047977448,0.08875051885843277,-0.006722679827362299
1790592453430699500,17.485699462890626,0.12452565133571625,0.1343235969543457,0.045182328671216965
1790592453440711400,17.49571142578125,0.1735573709011078,0.10058560967445374,0.03973749652504921
1790592453450724600,17.505724609375,0.1652882695198059,0.11765114217996597,0.02950376644730568
1790592453460737500,17.515737548828124,0.13326960802078247,0.12425605207681656,-0.036052074283361435
1790592453470750500,17.52575048828125,0.1578385978937149,0.16542638838291168,-0.1647016704082489
1790592453480763400,17.535763427734373,0.18238948285579681,0.2057620882987976,-0.06738602370023727
1790592453490776600,17.545776611328126,0.12913505733013153,0.1666700839996338,-0.002740721683949232
1790592453500789800,17.555789794921875,0.12683488428592682,0.16770392656326294,0.1684371531009674
1790592453510802400,17.565802490234375,0.1419816017150879,0.15996024012565613,0.20991136133670807
1790592453520815600,17.575815673828124,0.1662110537290573,0.17116309702396393,0.03951352462172508
1790592453530828500,17.58582861328125,0.15538263320922852,0.18722355365753174,-0.10106116533279419
1790592453540841500,17.595841552734374,0.10857917368412018,0.21300455927848816,-0.0937286838889122
1790592453550854400,17.6058544921875,0.10662814229726791,0.18442298471927643,-0.05702340230345726
1790592453560866600,17.615866455078127,0.15478022396564484,0.17503879964351654,0.010340459644794464
1790592453570879500,17.62587939453125,0.13248130679130554,0.15936236083507538,0.05833994224667549
1790592453580892700,17.635892578125,0.06470439583063126,0.1408238410949707,-0.016989165917038918
1790592453590905600,17.645905517578125,0.10187866538763046,0.19091282784938812,-0.05038600414991379
1790592453600918500,17.65591845703125,0.11786828190088272,0.14564122259616852,0.07906892895698547
1790592453610931700,17.665931640625,0.07410428673028946,0.09803216904401779,0.15331438183784485
1790592453620944400,17.6759443359375,0.0743921771645546,0.14728626608848572,0.14934387803077698
1790592453630957600,17.68595751953125,0.10985163599252701,0.15313030779361725,-0.03516604006290436
1790592453640970500,17.695970458984377,0.12112293392419815,0.19766394793987274,-0.27823513746261597
1790592453650983700,17.705983642578126,0.05919724702835083,0.19490490853786469,-0.2277272343635559
1790592453660996400,17.715996337890626,-0.0060539282858371735,0.1580401062965393,-0.14568030834197998
1790592453671008500,17.726008544921875,0.056391339749097824,0.1534711867570877,0.05237872153520584
1790592453681021400,17.736021484375,0.07094365358352661,0.10810398310422897,0.19583281874656677
1790592453691034600,17.74603466796875,0.016304906457662582,0.12302061170339584,0.20880959928035736
1790592453701047600,17.756047607421873,0.012296050786972046,0.15090496838092804,0.08013179153203964
1790592453711060500,17.766060546875,0.09180738776922226,0.15847499668598175,-0.01237257570028305
1790592453721073700,17.77607373046875,0.09218475967645645,0.1517137736082077,-0.04410014674067497
1790592453731086600,17.786086669921875,0.0030892363283783197,0.14350058138370514,-0.08500443398952484
1790592453741099500,17.796099609375,0.018770728260278702,0.2007122039794922,-0.13957233726978302
1790592453751112400,17.806112548828125,0.07879731059074402,0.20879143476486206,0.0054056220687925816
1790592453761125600,17.816125732421874,0.06500187516212463,0.141476571559906,0.13740839064121246
1790592453771138600,17.826138671875,-0.0015984599012881517,0.1258009374141693,0.08041968196630478
1790592453781151500,17.8361513671875,0.0016503303777426481,0.18428848683834076,-0.013414671644568443
1790592453791163400,17.846163330078124,0.03628474101424217,0.1771317720413208,-0.04912233352661133
1790592453801176600,17.856176513671876,0.03759688138961792,0.15493085980415344,0.04437752068042755
1790592453811189800,17.866189697265625,-0.030536100268363953,0.107552170753479,0.2123771756887436
1790592453821202400,17.876202392578126,-0.0571831576526165,0.08302313089370728,0.2435460090637207
1790592453831215600,17.886215576171875,-0.017215503379702568,0.07726297527551651,0.035976581275463104
1790592453841228500,17.896228515625,0.038826193660497665,0.12043628096580505,-0.25526511669158936
1790592453851241500,17.906241455078124,0.02748672105371952,0.14077164232730865,-0.28805315494537354
1790592453861254400,17.91625439453125,0.007394236046820879,0.05981047824025154,-0.2046608030796051
1790592453871267600,17.926267578125,-0.007102947682142258,0.015431566163897514,0.03582238405942917
1790592453881280800,17.93628076171875,-0.09781207889318466,-0.02822243794798851,0.1934516876935959
1790592453891293400,17.94629345703125,-0.11435004323720932,-0.045638181269168854,0.2393169105052948
1790592453901305300,17.956305419921875,-0.036217689514160156,0.000024645501980558038,0.03881710767745972
1790592453911318500,17.966318603515624,0.007395834196358919,0.05981740355491638,-0.12146603316068649
1790592453921331700,17.976331787109373,-0.018007792532444,0.06687451899051666,-0.15409348905086517
1790592453931344400,17.986344482421874,-0.04954894259572029,0.10662965476512909,-0.024975452572107315
1790592453941357600,17.996357666015626,-0.0916934683918953,0.10511564463376999,0.054930828511714935
1790592453951370500,18.00637060546875,-0.05103551596403122,0.13879238069057465,0.12314983457326889
1790592453961383700,18.0163837890625,-0.028914503753185272,0.14054952561855316,0.187652125954628
1790592453971396400,18.026396240234376,-0.04566871374845505,0.13165457546710968,0.03924374654889107
1790592453981409500,18.036409423828125,-0.03039388731122017,0.19611479341983795,-0.0864902064204216
1790592453991422700,18.046422607421874,-0.040477950125932693,0.17724202573299408,-0.052465666085481644
1790592454001435400,18.056435302734375,-0.035317275673151016,0.16764213144779205,-0.014092445373535156
1790592454011450000,18.0664501953125,-0.004750577267259359,0.2106258124113083,-0.020989766344428062
1790592454021463000,18.076463134765625,-0.01987466961145401,0.19077594578266144,0.08590206503868103
1790592454031476000,18.08647607421875,-0.01988212577998638,0.14141692221164703,0.06630919128656387
1790592454041489200,18.0964892578125,0.006034958641976118,0.17610032856464386,0.052406154572963715
1790592454051502000,18.106502197265623,0.004564627539366484,0.12503395974636078,-0.06195903941988945
1790592454061515000,18.116514892578124,0.025958333164453506,0.19293789565563202,-0.09372229129076004
1790592454071528000,18.12652783203125,-0.017325224354863167,0.11262336373329163,0.018152842298150063
1790592454081541000,18.136541015625,-0.025135478004813194,0.10038294643163681,0.09361857175827026
1790592454091554000,18.146553955078126,-0.0030709216371178627,0.09837891161441803,0.037488725036382675
1790592454101567000,18.15656689453125,-0.007802826352417469,0.0793309211730957,0.008172912523150444
1790592454111580200,18.166580078125,-0.01765119656920433,0.05624131113290787,-0.02884742245078087
1790592454121593000,18.176593017578124,-0.007313869893550873,0.06943035125732422,-0.019203584641218185
1790592454131605200,18.186605224609377,-0.029118234291672707,0.021854311227798462,0.03674490377306938
1790592454141618000,18.196617919921874,-0.028948858380317688,0.03743726387619972,0.00806239154189825
1790592454151631000,18.206631103515626,-0.07081321626901627,0.032753027975559235,-0.013569934293627739
1790592454161644000,18.21664404296875,-0.09664614498615265,0.02069503627717495,-0.19390349090099335
1790592454171657000,18.226656982421876,-0.006695217452943325,0.06494612246751785,-0.05284916236996651
1790592454181670000,18.236669921875,-0.044640470296144485,-0.07821928709745407,0.07504196465015411
1790592454191683000,18.24668310546875,-0.12935668230056763,-0.07094806432723999,0.1257176548242569
1790592454201696300,18.2566962890625,-0.11179447174072266,-0.036856409162282944,0.0982828363776207
1790592454211709000,18.266708984375,-0.07312005013227463,-0.059608593583106995,0.007985159754753113
1790592454221722000,18.27672216796875,-0.08204403519630432,-0.05351261794567108,-0.0925598219037056
1790592454231735000,18.286735107421876,-0.1437353640794754,-0.0665234848856926,-0.057893987745046616
1790592454241747200,18.296747314453125,-0.15754865109920502,-0.10740407556295395,-0.07750816643238068
1790592454251760000,18.306760009765625,-0.10995103418827057,-0.11526519060134888,-0.057891327887773514
1790592454261773000,18.31677294921875,-0.14288102090358734,-0.16583330929279327,-0.058912646025419235
1790592454271786000,18.326785888671875,-0.16405022144317627,-0.1390809714794159,-0.013535400852560997
1790592454281799200,18.336799072265624,-0.1448214054107666,-0.15467244386672974,0.07276593148708344
1790592454291811800,18.346811767578124,-0.17082929611206055,-0.1795857846736908,0.10612522065639496
1790592454301825000,18.356824951171873,-0.13327419757843018,-0.14239659905433655,-0.0655812919139862
1790592454311838200,18.366838134765626,-0.0773552730679512,-0.08580949157476425,-0.07811731845140457
1790592454321851100,18.37685107421875,-0.09760674834251404,-0.18198396265506744,-0.06829824298620224
1790592454331864000,18.386864013671875,-0.11345868557691574,-0.17468184232711792,-0.12049141526222229
1790592454341877000,18.396876953125,-0.13559967279434204,-0.18451076745986938,-0.10803154110908508
1790592454351890200,18.40689013671875,-0.16425688564777374,-0.25393855571746826,-0.08728072792291641
1790592454361902000,18.416902099609374,-0.13102595508098602,-0.25600090622901917,0.03293542563915253
1790592454371915000,18.4269150390625,-0.12267827987670898,-0.2831222712993622,0.10550417006015778
1790592454381928000,18.436927978515627,-0.11636526137590408,-0.2629182040691376,0.16368092596530914
1790592454391941000,18.446941162109376,-0.11237478256225586,-0.27904579043388367,0.08661703020334244
1790592454401954000,18.4569541015625,-0.09525758028030396,-0.2058112621307373,-0.11616244167089462
1790592454411967000,18.466967041015625,-0.061507340520620346,-0.21546362340450287,-0.24907496571540833
1790592454421980200,18.476980224609374,-0.03130229935050011,-0.19142194092273712,-0.34043601155281067
1790592454431993000,18.4869931640625,-0.04328226298093796,-0.23103618621826172,-0.15220512449741364
1790592454442006000,18.497006103515623,-0.11162616312503815,-0.3099727928638458,0.026066869497299194
1790592454452019000,18.50701904296875,-0.1268642395734787,-0.334540992975235,0.16743119060993195
1790592454462032100,18.5170322265625,-0.1314680427312851,-0.31517207622528076,0.11840558797121048
1790592454472044000,18.5270439453125,-0.15228064358234406,-0.30611202120780945,0.012438674457371235
1790592454482057200,18.53705712890625,-0.13465479016304016,-0.30656394362449646,-0.023983780294656754
1790592454492070000,18.54706982421875,-0.11026822030544281,-0.2888390123844147,0.027350246906280518
1790592454502083000,18.5570830078125,-0.0705261304974556,-0.3164464235305786,0.07310015708208084
1790592454512096300,18.56709619140625,-0.08034760504961014,-0.3260252773761749,0.012296994216740131
1790592454522109000,18.57710888671875,-0.10646149516105652,-0.27640846371650696,-0.19297680258750916
1790592454532122000,18.5871220703125,-0.12069076299667358,-0.2699265778064728,-0.11180417984724045
1790592454542135000,18.597135009765626,-0.09523174166679382,-0.3438601791858673,0.0035810009576380253
1790592454552148200,18.607148193359375,-0.0055889468640089035,-0.28191933035850525,0.03592748939990997
1790592454562161000,18.617160888671876,-0.03447412699460983,-0.2974777817726135,0.05569266900420189
1790592454572174000,18.627174072265625,-0.0866401195526123,-0.29203906655311584,0.041342224925756454
1790592454582186000,18.63718603515625,-0.053319983184337616,-0.22827422618865967,-0.003982909489423037
1790592454592199200,18.64719921875,0.05005007982254028,-0.178564190864563,0.0139998197555542
1790592454602211800,18.6572119140625,0.04630966857075691,-0.20770983397960663,0.10076694190502167
1790592454612225000,18.66722509765625,-0.011182916350662708,-0.16867640614509583,0.032805997878313065
1790592454622238200,18.67723828125,0.060414038598537445,-0.1001998782157898,-0.08183003216981888
1790592454632251100,18.687251220703125,0.12979711592197418,-0.07038392871618271,-0.07788775861263275
1790592454642264000,18.69726416015625,0.08359526097774506,-0.056075822561979294,0.03356153517961502
1790592454652277000,18.707277099609374,0.04333385452628136,-0.07190192490816116,0.03610378876328468
1790592454662290200,18.717290283203123,0.06610122323036194,-0.018546294420957565,0.03042806126177311
1790592454672302800,18.727302734375,0.08487197756767273,0.01939070224761963,-0.06234555318951607
1790592454682316000,18.73731591796875,0.133490651845932,0.10124482214450836,0.009263387881219387
1790592454692329200,18.7473291015625,0.16578812897205353,0.051926277577877045,0.14729422330856323
1790592454702341000,18.757341064453126,0.15155087411403656,0.1006043329834938,0.052791424095630646
1790592454712354000,18.76735400390625,0.10562200099229813,0.1485619992017746,0.03602629154920578
1790592454722367000,18.777366943359375,0.13142083585262299,0.11994021385908127,-0.04489945247769356
1790592454732380200,18.787380126953124,0.1719866394996643,0.1671985387802124,-0.0949932411313057
1790592454742393000,18.79739306640625,0.16495509445667267,0.13849657773971558,0.02549189329147339
1790592454752406000,18.807406005859374,0.11382053792476654,0.07634186744689941,0.1782902330160141
1790592454762419000,18.8174189453125,0.11009850353002548,0.11945284903049469,0.2515231668949127
1790592454772432100,18.82743212890625,0.13163389265537262,0.1344674825668335,0.10169185698032379
1790592454782445000,18.837445068359376,0.18233568966388702,0.18548938632011414,-0.07614818215370178
1790592454792458000,18.8474580078125,0.16405121982097626,0.17558562755584717,-0.0576927475631237
1790592454802470000,18.857469970703125,0.0869617611169815,0.12013328820466995,-0.020260682329535484
1790592454812483000,18.867483154296874,0.08862943202257156,0.1076478585600853,0.05528760328888893
1790592454822496000,18.87749609375,0.09998568147420883,0.08583177626132965,0.039781879633665085
1790592454832509000,18.887509033203123,0.11465144902467728,0.10036517679691315,-0.010117234662175179
1790592454842522000,18.897522216796876,0.03703734278678894,0.04635334387421608,0.014234177768230438
1790592454852535000,18.90753515625,0.017203183844685555,0.06667032837867737,-0.027724189683794975
1790592454862548200,18.91754833984375,0.10524383187294006,0.08826004713773727,0.016993479803204536
1790592454872561000,18.927560791015626,0.09885250777006149,0.058185502886772156,-0.05618113651871681
1790592454882574000,18.937573974609375,0.0353504940867424,0.060297392308712006,-0.042820319533348083
1790592454892587000,18.9475869140625,0.0025747069157660007,0.024855243042111397,-0.012375328689813614
1790592454902600000,18.957599853515624,0.05321737751364708,0.007956420071423054,0.04925740882754326
1790592454912613000,18.967613037109373,0.032240189611911774,-0.03211909160017967,0.1466798335313797
1790592454922626000,18.9776259765625,-0.024811644107103348,-0.055056098848581314,0.11516931653022766
1790592454932638200,18.98763818359375,0.01061585545539856,-0.018558545038104057,-0.0687645673751831
1790592454942651100,18.997651123046875,0.03905868157744408,-0.00876237265765667,-0.13403119146823883
1790592454952664000,19.0076640625,-0.015643445774912834,-0.06169749051332474,-0.044995855540037155
1790592454962677000,19.017677001953125,-0.036534879356622696,-0.06792663037776947,0.03037985786795616
1790592454972690200,19.027690185546874,-0.017405658960342407,-0.09627144783735275,0.1683523803949356
1790592454982702800,19.037702880859374,0.00793831329792738,-0.14354948699474335,-0.013936473056674004
1790592454992716000,19.047716064453127,0.045067571103572845,-0.042785320430994034,-0.15659934282302856
1790592455002729000,19.05772900390625,0.00004070915747433901,-0.0972038209438324,-0.16183671355247498
1790592455012738800,19.06773876953125,-0.025530431419610977,-0.1352846324443817,-0.035664405673742294
1790592455022752000,19.077751953125,-0.02633523941040039,-0.14105969667434692,0.040982965379953384
1790592455032765000,19.087764892578125,-0.039606302976608276,-0.1573776751756668,0.18685202300548553
1790592455042777000,19.097777099609374,-0.010563465766608715,-0.17400991916656494,0.13152538239955902
1790592455052790000,19.1077900390625,0.06943230330944061,-0.09786854684352875,0.035391394048929214
1790592455062803000,19.117802978515623,0.05730745941400528,-0.12770713865756989,-0.05803682282567024
1790592455072815900,19.12781591796875,0.04225607216358185,-0.07789803296327591,-0.2068324238061905
1790592455082829000,19.1378291015625,0.08945847302675247,-0.003133248770609498,-0.21499048173427582
1790592455092842000,19.147842041015625,0.0606318823993206,-0.04600055143237114,-0.08216719329357147
1790592455102855000,19.15785498046875,0.01802929677069187,-0.05604386702179909,0.07755748927593231
1790592455112868000,19.1678681640625,0.03510282188653946,-0.01785546913743019,0.1693345457315445
1790592455122881000,19.177881103515624,0.044578615576028824,-0.02790304459631443,0.1721005141735077
1790592455132894000,19.18789404296875,0.0669156163930893,-0.031362757086753845,0.13777077198028564
1790592455142907000,19.197906982421873,0.05566961690783501,0.03153924643993378,-0.00952654518187046
1790592455152919000,19.2079189453125,0.058423325419425964,0.05140189826488495,-0.16441918909549713
1790592455162932000,19.217931884765626,0.1100899875164032,0.07678315043449402,-0.2222244292497635
1790592455172945000,19.22794482421875,0.08595322072505951,0.09674833714962006,-0.16030965745449066
1790592455182957800,19.237957763671876,0.054756417870521545,0.05949205160140991,0.05323856696486473
1790592455192971000,19.247970947265625,0.05593406781554222,0.03539283946156502,0.2420516312122345
1790592455202984000,19.25798388671875,0.0017376753967255354,0.05834449455142021,0.28551602363586426
1790592455212996900,19.267996826171874,0.054645098745822906,0.09102760255336761,0.009465521201491356
1790592455223010000,19.278010009765627,0.13198702037334442,0.17585274577140808,-0.060334865003824234
1790592455233023000,19.28802294921875,0.058426521718502045,0.0940534844994545,-0.05539629980921745
1790592455243036000,19.298035888671876,0.02987956441938877,0.12497811019420624,0.027927087619900703
1790592455253048800,19.308048828125,0.08064394444227219,0.09380794316530228,0.036417242139577866
1790592455263062000,19.31806201171875,0.13756129145622253,0.13723771274089813,-0.01674823835492134
1790592455273074000,19.328073974609374,0.14521990716457367,0.16773279011249542,-0.12196040153503418
1790592455283087000,19.338087158203123,0.13935056328773499,0.16442275047302246,-0.1487683206796646
1790592455293099800,19.348099853515624,0.0892258882522583,0.19649039208889008,-0.07925955206155777
1790592455303113000,19.358113037109376,0.08103879541158676,0.19191375374794006,0.09018780291080475
1790592455313126100,19.368126220703125,0.10771062225103378,0.14517474174499512,0.22781677544116974
1790592455323139000,19.37813916015625,0.09947186708450317,0.1696377396583557,0.20848941802978516
1790592455333152000,19.388152099609375,0.08134026825428009,0.18301241099834442,0.04350631684064865
1790592455343165000,19.3981650390625,0.09465021640062332,0.20316241681575775,-0.07833702862262726
1790592455353178000,19.40817822265625,0.08282923698425293,0.18802420794963837,-0.17360122501850128
1790592455363190800,19.418190673828125,0.09700231999158859,0.23390381038188934,-0.11766952276229858
1790592455373204000,19.428203857421874,0.11963066458702087,0.19838683307170868,0.19712597131729126
1790592455383215900,19.4382158203125,0.09376977384090424,0.12629427015781403,0.33687615394592285
1790592455393229000,19.44822900390625,0.08399596810340881,0.2199115753173828,0.12223761528730392
1790592455403242000,19.458241943359376,0.08482634276151657,0.2640526592731476,-0.1478513926267624
1790592455413255000,19.4682548828125,0.07875220477581024,0.27315187454223633,-0.22060735523700714
1790592455423268000,19.47826806640625,0.09281822293996811,0.24653226137161255,-0.15653090178966522
1790592455433281000,19.488281005859374,0.12786196172237396,0.2068956345319748,0.042555566877126694
1790592455443294000,19.4982939453125,0.11557680368423462,0.1755313277244568,0.14738984405994415
1790592455453307000,19.508306884765624,0.0679088830947876,0.1743781715631485,0.10535290837287903
1790592455463320000,19.518320068359376,0.039472710341215134,0.20007315278053284,-0.01980527676641941
1790592455473333000,19.5283330078125,0.07133504003286362,0.21887320280075073,0.03749023750424385
1790592455483346000,19.538345947265626,0.06039290875196457,0.14660753309726715,0.18665681779384613
1790592455493359000,19.548359130859374,0.027569444850087166,0.17321011424064636,0.047389473766088486
1790592455503371000,19.55837109375,0.06797199696302414,0.2705089747905731,-0.12234257161617279
1790592455513384000,19.568384033203124,0.06850489228963852,0.32059529423713684,-0.21789652109146118
1790592455523396900,19.57839697265625,0.0734168291091919,0.29750221967697144,-0.12226800620555878
1790592455533410000,19.58841015625,0.017444105818867683,0.2528167963027954,0.01672583632171154
1790592455543423000,19.598423095703126,-0.009798966348171234,0.2560440003871918,0.1429665982723236
1790592455553436200,19.608436279296875,0.05930314213037491,0.23701491951942444,0.11368966847658157
1790592455563448800,19.61844873046875,0.07295823097229004,0.22976553440093994,0.10609512776136398
1790592455573462000,19.6284619140625,0.00009760702960193157,0.20856544375419617,0.02677740529179573
1790592455583475000,19.638474853515625,0.0009753849008120596,0.28905627131462097,-0.10766243189573288
1790592455593488000,19.64848779296875,0.0881102904677391,0.31829434633255005,-0.1496993601322174
1790592455603501000,19.6585009765625,0.10057201981544495,0.2978883981704712,-0.10657479614019394
1790592455613513000,19.668512939453127,0.06197109445929527,0.3252406418323517,-0.05959396809339523
1790592455623526000,19.67852587890625,0.018165556713938713,0.2814343273639679,0.10606157034635544
1790592455633539000,19.6885390625,0.029310086742043495,0.22567731142044067,0.21438191831111908
1790592455643552000,19.698552001953125,0.05712654069066048,0.25483840703964233,0.07194647938013077
1790592455653565000,19.70856494140625,0.09763161838054657,0.3079495429992676,0.013616861775517464
1790592455663578000,19.718578125,0.07627733051776886,0.24990221858024597,-0.015665926039218903
1790592455673590800,19.7285908203125,0.0437428243458271,0.2874988615512848,-0.023198677226901054
1790592455683604000,19.73860400390625,0.027616849169135094,0.2721806466579437,-0.04399769753217697
1790592455693617000,19.748616943359377,0.05171020328998566,0.25117227435112,-0.0727744847536087
1790592455703630000,19.758630126953125,0.07797110080718994,0.2649781107902527,-0.027493290603160858
1790592455713643000,19.76864306640625,0.007967780344188213,0.23460929095745087,0.0773516297340393
1790592455723655000,19.778655029296875,-0.0032949938904494047,0.21609605848789215,0.19895370304584503
1790592455733668000,19.788668212890624,-0.005793305579572916,0.19603580236434937,0.1420440822839737
1790592455743681000,19.798680908203124,0.014861373230814934,0.23279140889644623,0.034921351820230484
1790592455753694000,19.80869384765625,-0.004157059360295534,0.19441047310829163,-0.14649876952171326
1790592455763707000,19.818706787109374,-0.00923038087785244,0.2626294791698456,-0.20971636474132538
1790592455773720000,19.828719970703126,0.007014635019004345,0.18678131699562073,-0.11156342923641205
1790592455783733000,19.83873291015625,-0.041385918855667114,0.13206267356872559,0.013384900987148285
1790592455793746000,19.848745849609376,-0.0604805164039135,0.13517218828201294,0.0898762121796608
1790592455803758800,19.8587587890625,-0.06681511551141739,0.1148860901594162,0.14025017619132996
1790592455813772000,19.86877197265625,-0.0448959656059742,0.09119567275047302,0.09604009985923767
1790592455823785000,19.878784912109374,-0.01746780425310135,0.11146818846464157,-0.0016055000014603138
1790592455833796900,19.888796875,-0.06806253641843796,0.08546002954244614,-0.025736138224601746
1790592455843810000,19.89881005859375,-0.08030269294977188,0.05935784801840782,-0.11735793203115463
1790592455853823000,19.908822998046876,-0.06877999007701874,0.06433077156543732,-0.08443912863731384
1790592455863836200,19.918836181640625,-0.08628841489553452,0.030544308945536613,-0.13969625532627106
1790592455873848800,19.928848876953126,-0.03810890018939972,0.05725501477718353,-0.15025275945663452
1790592455883862000,19.938862060546874,-0.08372139185667038,-0.010887818410992622,0.05828206613659859
1790592455893875000,19.948875,-0.10440509766340256,-0.03489967808127403,0.18303465843200684
1790592455903888000,19.958887939453124,-0.05699443817138672,-0.017266888171434402,0.3194734752178192
1790592455913900800,19.96890087890625,-0.10285221040248871,-0.057718176394701004,0.31930357217788696
1790592455923914000,19.9789140625,-0.12125758081674576,0.0003398027620278299,0.09823640435934067
1790592455933927200,19.98892724609375,-0.059144675731658936,0.09268118441104889,-0.23274818062782288
1790592455943939000,19.99893896484375,-0.009663145057857037,0.1709996908903122,-0.4315137267112732
1790592455953952000,20.008951904296875,-0.021586915478110313,0.15841412544250488,-0.3048892021179199
1790592455963965000,20.01896484375,-0.11228618770837784,0.10648328810930252,-0.07194437831640244
1790592455973978000,20.02897802734375,-0.11760026216506958,0.1079203262925148,0.1519656777381897
1790592455983990800,20.03899072265625,-0.00407450133934617,0.09229076653718948,0.19074609875679016
1790592455994004000,20.04900390625,-0.0026342635974287987,0.1068153828382492,0.061400096863508224
1790592456004017000,20.059016845703123,-0.08938033878803253,0.12397998571395874,-0.015609733760356903
1790592456014030000,20.069030029296876,-0.1335214525461197,0.09169688075780869,0.10917481034994125
1790592456024042800,20.079042724609376,-0.0817948579788208,0.07453148066997528,0.17935682833194733
1790592456034056000,20.089055908203125,0.00791851244866848,0.09952737390995026,0.10746852308511734
1790592456044068900,20.09906884765625,-0.007920638658106327,0.0939890667796135,-0.09087306261062622
1790592456054081000,20.1090810546875,-0.06641457229852676,0.18071302771568298,-0.2176712155342102
1790592456064094000,20.119093994140623,-0.050244126468896866,0.13609309494495392,-0.13433770835399628
1790592456074107000,20.12910693359375,0.01567070744931698,0.08793649822473526,0.027581945061683655
1790592456084120000,20.1391201171875,-0.0008297056774608791,0.050657834857702255,0.1885410100221634
1790592456094133000,20.149133056640625,-0.09064987301826477,0.001562726218253374,0.11686389148235321
1790592456104146000,20.15914599609375,-0.08862453699111938,-0.004710616078227758,0.040581900626420975
1790592456114158800,20.169158935546875,-0.06584306061267853,-0.015952086076140404,-0.08064785599708557
1790592456124172000,20.179172119140624,-0.04973999038338661,-0.027641233056783676,-0.09856346994638443
1790592456134185000,20.18918505859375,-0.07510419934988022,-0.08398519456386566,0.13451717793941498
1790592456144198000,20.199197998046873,-0.1499832421541214,-0.16056066751480103,0.16946610808372498
1790592456154211000,20.209211181640626,-0.11741384118795395,-0.12173736840486526,0.12639561295509338
1790592456164223000,20.219222900390626,-0.03613602742552757,-0.12787462770938873,-0.08525059372186661
1790592456174236000,20.22923583984375,-0.0603146031498909,-0.10503215342760086,-0.16633692383766174
1790592456184248800,20.239248779296876,-0.15172627568244934,-0.16553838551044464,-0.1523561328649521
1790592456194262000,20.249261962890625,-0.15370208024978638,-0.17127270996570587,-0.07095953822135925
1790592456204275000,20.25927490234375,-0.14670781791210175,-0.22584353387355804,0.10189053416252136
1790592456214288000,20.269287841796874,-0.192769855260849,-0.2993156313896179,0.13859207928180695
1790592456224300800,20.27930078125,-0.20284965634346008,-0.285751074552536,0.033714938908815384
1790592456234314000,20.28931396484375,-0.19462049007415771,-0.24823912978172302,-0.035887040197849274
1790592456244327000,20.299326904296876,-0.17671525478363037,-0.3189079761505127,-0.055275652557611465
1790592456254339800,20.30933984375,-0.19628256559371948,-0.3328051269054413,-0.12434899806976318
1790592456264353000,20.31935302734375,-0.238102987408638,-0.30942898988723755,-0.0864546149969101
1790592456274366000,20.329365966796875,-0.1944417506456375,-0.3591349422931671,-0.08657939732074738
1790592456284377900,20.3393779296875,-0.1467978060245514,-0.35771360993385315,-0.021924765780568123
1790592456294391000,20.34939111328125,-0.25468990206718445,-0.39331501722335815,-0.05097346007823944
1790592456304404000,20.359404052734376,-0.26842036843299866,-0.30005884170532227,0.02954934351146221
1790592456314417000,20.3694169921875,-0.18448099493980408,-0.369905561208725,0.094497449696064
1790592456324430000,20.37943017578125,-0.12265145778656006,-0.33067160844802856,0.04668758437037468
1790592456334442800,20.38944287109375,-0.14277802407741547,-0.28714409470558167,0.012955985963344574
1790592456344456000,20.3994560546875,-0.16806954145431519,-0.2616550028324127,-0.03581847622990608
1790592456354468900,20.40946875,-0.1346985250711441,-0.25740697979927063,-0.0631536990404129
1790592456364482000,20.41948193359375,-0.10027158260345459,-0.2057429850101471,-0.15114320814609528
1790592456374495000,20.429494873046874,-0.07431162148714066,-0.13121254742145538,-0.15242604911327362
1790592456384508000,20.4395078125,-0.08352988213300705,-0.15587209165096283,-0.12910687923431396
1790592456394520000,20.44952001953125,-0.0907377302646637,-0.10507282614707947,-0.045216239988803864
1790592456404533000,20.459532958984376,-0.10192247480154037,-0.09028536081314087,0.14238028228282928
1790592456414546000,20.4695458984375,-0.07329908758401871,-0.11675238609313965,0.16739057004451752
1790592456424558800,20.479558837890625,0.050244688987731934,-0.08114299178123474,0.12014715373516083
1790592456434572000,20.489572021484374,0.06296154856681824,-0.032969340682029724,0.0058831628412008286
1790592456444585000,20.4995849609375,-0.02336321584880352,0.0006064609624445438,-0.1109505146741867
1790592456454598000,20.509597900390624,0.0011786115355789661,0.026581868529319763,-0.08965694159269333
1790592456464610800,20.51961083984375,0.07930749654769897,0.020514922216534615,-0.05488111823797226
1790592456474624000,20.5296240234375,0.048924293369054794,0.001814470742829144,0.11408446729183197
1790592456484637000,20.539636962890626,0.0018270912114530802,-0.03498748689889908,0.0546746701002121
1790592456494649900,20.54964990234375,0.05883551388978958,0.06027485057711601,0.046111542731523514
1790592456504662000,20.559662109375,0.05695771798491478,-0.048391975462436676,0.10664572566747665
1790592456514675000,20.569675048828124,0.056340932846069336,-0.05990002676844597,0.06262047588825226
1790592456524688100,20.579688232421876,0.04093774035573006,-0.016839906573295593,-0.012285454198718071
1790592456534700800,20.58970068359375,0.019918210804462433,-0.05190574750304222,-0.12643758952617645
1790592456544714000,20.5997138671875,0.046513333916664124,-0.050370968878269196,-0.11205732822418213
1790592456554727000,20.609726806640627,-0.006341889034956694,-0.04427232965826988,-0.04140445590019226
1790592456564739800,20.61973974609375,-0.0107283815741539,-0.04556769132614136,0.07951636612415314
1790592456574753000,20.6297529296875,-0.0014770927373319864,-0.09256795048713684,0.17308732867240906
1790592456584766000,20.639765869140625,-0.011548368260264397,-0.09119642525911331,0.10692748427391052
1790592456594779100,20.649779052734374,-0.00009491218952462077,-0.04712697118520737,-0.09364476054906845
1790592456604791800,20.659791748046874,-0.020305907353758812,-0.06739123165607452,-0.16442999243736267
1790592456614804000,20.669803955078127,-0.05893958732485771,-0.06771267205476761,-0.07076235115528107
1790592456624817000,20.67981689453125,-0.09840656816959381,-0.08290307968854904,0.01840854249894619
1790592456634830000,20.689830078125,-0.08201108127832413,-0.08265913277864456,0.04941146448254585
1790592456644842800,20.6998427734375,-0.03776239603757858,-0.08264501392841339,0.12852732837200165
1790592456654856000,20.70985595703125,-0.059022679924964905,-0.09758161753416061,0.02900366298854351
1790592456664868900,20.719868896484375,-0.04575241357088089,-0.014102177694439888,0.02568589709699154
1790592456674882000,20.729882080078124,-0.04859347268939018,-0.05034327134490013,0.03917241096496582
1790592456684895000,20.73989501953125,-0.07506503164768219,-0.05154036357998848,0.08820253610610962
1790592456694908000,20.749907958984377,-0.0841115191578865,-0.04521668702363968,-0.08244910091161728
1790592456704921000,20.759921142578126,-0.023276397958397865,0.020559130236506462,-0.25167566537857056
1790592456714933800,20.769933837890626,0.011110604740679264,0.008046001195907593,-0.22290660440921783
1790592456724946000,20.77994580078125,-0.03415834158658981,-0.02537533827126026,-0.08451917767524719
1790592456734958800,20.789958740234376,-0.046329520642757416,-0.012589235790073872,0.1432490050792694
1790592456744972000,20.799971923828124,0.01611894555389881,-0.04256337881088257,0.25044310092926025
1790592456754985000,20.80998486328125,0.0705353170633316,-0.04088052734732628,0.17775611579418182
1790592456764998000,20.819997802734374,0.022139552980661392,-0.04291491582989693,0.05945797637104988
1790592456775010800,20.8300107421875,-0.03805641084909439,-0.05478009954094887,0.026574859395623207
1790592456785024000,20.84002392578125,0.0027978133875876665,-0.0836908370256424,0.054299432784318924
1790592456795037000,20.850036865234376,0.07092946022748947,-0.11004894226789474,0.00313957454636693
1790592456805049900,20.8600498046875,0.08317973464727402,-0.05389326438307762,-0.17161066830158234
1790592456815063000,20.87006298828125,0.058075714856386185,-0.04367684945464134,-0.24234555661678314
1790592456825076000,20.880075927734374,-0.01442831102758646,-0.07033614814281464,-0.06856683641672134
1790592456835088100,20.890088134765627,-0.046991314738988876,-0.10609947890043259,0.14311957359313965
1790592456845100800,20.900100830078124,-0.011921211145818233,-0.11875348538160324,0.18027786910533905
1790592456855114000,20.910114013671876,0.005274020601063967,-0.15834057331085205,0.1624661087989807
1790592456865127000,20.920126953125,-0.027258355170488358,-0.15737171471118927,-0.0833527073264122
1790592456875139800,20.930139892578126,-0.014860276132822037,-0.07323873043060303,-0.16618554294109344
1790592456885152800,20.94015283203125,-0.01681477017700672,-0.14698459208011627,-0.10245343297719955
1790592456895166000,20.950166015625,-0.05440209433436394,-0.17891722917556763,0.018913477659225464
1790592456905179100,20.96017919921875,-0.0815008208155632,-0.162250354886055,0.0793352723121643
1790592456915191800,20.97019189453125,-0.08934250473976135,-0.16588105261325836,0.09971484541893005
1790592456925205000,20.980205078125,-0.005712317768484354,-0.19307778775691986,0.06456884741783142
1790592456935218000,20.990218017578126,0.021877499297261238,-0.15953606367111206,-0.18052320182323456
1790592456945230800,21.00023095703125,-0.03947987034916878,-0.11165908724069595,-0.21581967175006866
1790592456955242800,21.01024267578125,-0.09170392900705338,-0.15674348175525665,-0.05824309214949608
1790592456965256000,21.020255859375,-0.08143211156129837,-0.1413344293832779,0.05627283453941345
1790592456975268900,21.030268798828125,-0.02433260716497898,-0.12963995337486267,0.1598338484764099
1790592456985282000,21.040281982421874,-0.04068095609545708,-0.14062123000621796,0.09466416388750076
1790592456995294700,21.050294677734374,-0.014201675541698933,-0.05989683046936989,-0.058463599532842636
1790592457005308000,21.060307861328123,0.029207050800323486,-0.04636850580573082,-0.09684295207262039
1790592457015320800,21.07032080078125,0.051829803735017776,-0.04270505905151367,-0.10595841705799103
1790592457025333800,21.080333740234376,0.05918864905834198,0.02830014005303383,0.08296409249305725
1790592457035346700,21.0903466796875,0.0020542589481920004,-0.021183788776397705,0.17267614603042603
1790592457045359900,21.10035986328125,0.04390769824385643,0.046379007399082184,0.06913883239030838
1790592457055372800,21.110372802734375,0.14387983083724976,0.13199910521507263,-0.02817627042531967
1790592457065385000,21.120385009765624,0.13724350929260254,0.12037014961242676,-0.09503945708274841
1790592457075397600,21.130397705078124,0.12248107045888901,0.1696743220090866,-0.10435812920331955
1790592457085410800,21.140410888671877,0.1259343922138214,0.1817016899585724,-0.0152298454195261
1790592457095423700,21.150423828125,0.1447054147720337,0.1666010320186615,0.05675273761153221
1790592457105437000,21.16043701171875,0.14793236553668976,0.18626341223716736,0.025762861594557762
1790592457115449900,21.170449951171875,0.1259855180978775,0.195798859000206,0.003187245223671198
1790592457125462800,21.180462890625,0.1342218816280365,0.22794987261295319,-0.03857192024588585
1790592457135476000,21.19047607421875,0.18197821080684662,0.27411124110221863,0.022001946344971657
1790592457145488600,21.200488525390625,0.19421598315238953,0.2588747441768646,0.10181581228971481
1790592457155501800,21.210501708984374,0.17332667112350464,0.2818849980831146,0.05473965406417847
1790592457165514800,21.2205146484375,0.15129514038562775,0.3187069296836853,-0.053650736808776855
1790592457175527000,21.23052685546875,0.13069133460521698,0.27559274435043335,-0.1200191080570221
1790592457185539800,21.240539794921876,0.142273411154747,0.2471158504486084,-0.07948686182498932
1790592457195552800,21.250552734375,0.14447344839572906,0.21542076766490936,0.008700521662831306
1790592457205565700,21.260565673828125,0.09941303730010986,0.16999070346355438,0.13810618221759796
1790592457215579000,21.270578857421874,0.07326718419790268,0.15509697794914246,0.12626443803310394
1790592457225591800,21.280591796875,0.0781029537320137,0.22567740082740784,0.029916327446699142
1790592457235604700,21.290604736328124,0.04016435891389847,0.19276738166809082,0.035295646637678146
1790592457245618000,21.300617919921876,0.03727269917726517,0.1462683230638504,0.03148572891950607
1790592457255630800,21.310630859375,0.04563821852207184,0.16590461134910583,0.06499841064214706
1790592457265643800,21.320643798828126,0.02237604185938835,0.07485326379537582,0.018900960683822632
1790592457275656700,21.33065673828125,0.04371071234345436,0.09486883133649826,-0.05471183732151985
1790592457285668900,21.3406689453125,0.02190794236958027,0.08175835758447647,-0.07171052694320679
1790592457295681800,21.350681884765624,-0.019741766154766083,0.006765610538423061,-0.030055757611989975
1790592457305694700,21.36069482421875,-0.021965505555272102,-0.002532550133764744,-0.022275332361459732
1790592457315708000,21.3707080078125,-0.03677134960889816,-0.016697105020284653,0.06253489851951599
1790592457325720800,21.380720947265626,-0.05734586343169212,-0.06512536108493805,0.048409488052129745
1790592457335734000,21.390734130859375,-0.032210417091846466,-0.00858964305371046,0.028411544859409332
1790592457345746700,21.40074658203125,-0.05553358420729637,-0.05995509773492813,-0.0024536913260817528
1790592457355759900,21.410759765625,-0.05472318455576897,-0.06794644892215729,-0.06515409052371979
1790592457365772800,21.420772705078125,-0.05424594506621361,-0.10721955448389053,-0.017604682594537735
1790592457375785700,21.43078564453125,-0.07545163482427597,-0.11182761937379837,-0.05446948856115341
1790592457385798700,21.440798583984375,-0.060252703726291656,-0.08256374299526215,-0.02069208398461342
1790592457395810800,21.450810791015623,-0.07131414860486984,-0.11836514621973038,0.016217997297644615
1790592457405823700,21.46082373046875,-0.09724161773920059,-0.11297784000635147,-0.018373534083366394
1790592457415837000,21.4708369140625,-0.11598628014326096,-0.08842961490154266,-0.011037326417863369
1790592457425849900,21.480849853515625,-0.09148599207401276,-0.12634211778640747,0.11263055354356766
1790592457435862800,21.49086279296875,-0.07241856306791306,-0.1635107845067978,0.17721408605575562
1790592457445876000,21.5008759765625,-0.08168982714414597,-0.09840288758277893,0.06811288744211197
1790592457455888600,21.510888671875,-0.057358648627996445,-0.07746352255344391,-0.10100476443767548
1790592457465901800,21.52090185546875,-0.0023955320939421654,-0.02660166658461094,-0.3259236216545105
1790592457475914800,21.530914794921873,-0.005806508474051952,0.00606599822640419,-0.31194815039634705
1790592457485928000,21.540927978515626,-0.08868914097547531,-0.01511651836335659,-0.07727360725402832
1790592457495940600,21.550940673828126,-0.1006225049495697,-0.051722198724746704,0.27919211983680725
1790592457505952800,21.560952880859375,-0.03796497732400894,-0.12718206644058228,0.43338993191719055
1790592457515965700,21.570965576171876,-0.007793493568897247,-0.11193760484457016,0.24351267516613007
1790592457525979000,21.580978759765625,-0.03525254875421524,-0.04317132383584976,-0.024351797997951508
1790592457535991800,21.59099169921875,-0.07015727460384369,-0.016003884375095367,-0.24595847725868225
1790592457546004700,21.601004638671874,-0.019152674823999405,0.004950666334480047,-0.25308695435523987
1790592457556018000,21.611017822265627,0.007621682249009609,-0.01595434918999672,-0.07052275538444519
1790592457566030800,21.62103076171875,-0.0047668106853961945,-0.018265441060066223,0.06808918714523315
1790592457576043800,21.631043701171876,-0.00973440520465374,-0.008122525177896023,0.13081088662147522
1790592457586056700,21.641056640625,-0.05752962455153465,-0.028964156284928322,0.043402478098869324
1790592457596070000,21.65106982421875,-0.03728161007165909,0.04184423387050629,-0.05604048818349838
1790592457606082800,21.661082763671875,-0.011650282889604568,0.027627216652035713,-0.07265807688236237
1790592457616094700,21.6710947265625,-0.019344422966241837,-0.00865062978118658,-0.012689017690718174
1790592457626107600,21.681107666015624,-0.03959616273641586,-0.005112087819725275,0.0009753946214914322
1790592457636120800,21.691120849609376,-0.01696781814098358,0.03332824632525444,-0.030602239072322845
1790592457646134000,21.701134033203125,-0.03680410608649254,-0.015047010034322739,-0.00806097686290741
1790592457656146700,21.711146728515626,-0.045092660933732986,-0.012400094419717789,-0.04569597169756889
1790592457666159900,21.721159912109375,0.0030394468922168016,0.036597274243831635,0.08790070563554764
1790592457676172800,21.7311728515625,0.023408634588122368,-0.05242713913321495,0.2273707240819931
1790592457686185700,21.741185791015624,0.01763809658586979,-0.11694435030221939,0.21866963803768158
1790592457696198700,21.75119873046875,-0.021607842296361923,-0.07347357273101807,0.024051684886217117
1790592457706211800,21.7612119140625,-0.020547106862068176,-0.04400729015469551,-0.2880263030529022
1790592457716225000,21.77122509765625,0.006776661146432161,-0.04506376385688782,-0.19532087445259094
1790592457726237000,21.78123681640625,-0.04714755713939667,-0.08678245544433594,-0.1843252182006836
1790592457736249600,21.79124951171875,-0.00816527009010315,-0.04382885619997978,0.0017479779198765755
1790592457746262800,21.8012626953125,0.000806652766186744,-0.14048217236995697,0.10688211768865585
1790592457756276000,21.81127587890625,-0.037627555429935455,-0.12635277211666107,0.11241776496171951
1790592457766288600,21.82128857421875,-0.05749287083745003,-0.1018759161233902,0.0408671498298645
1790592457776301800,21.8313017578125,-0.07544231414794922,-0.12655329704284668,-0.02474142238497734
1790592457786314800,21.841314697265624,-0.0710182711482048,-0.13935884833335876,-0.030101563781499863
1790592457796328000,21.851327880859376,-0.10813048481941223,-0.1594822257757187,-0.03678956255316734
1790592457806340600,21.861340576171877,-0.11687923967838287,-0.1562214493751526,-0.06205523759126663
1790592457816353800,21.871353759765626,-0.07852225750684738,-0.1517675817012787,-0.011229605413973331
1790592457826367000,21.881366943359374,-0.10078708827495575,-0.20613014698028564,0.05925228074193001
1790592457836379000,21.89137890625,-0.14648692309856415,-0.21489354968070984,0.051886510103940964
1790592457846391800,21.901391845703124,-0.12227346748113632,-0.20959998667240143,-0.05848287045955658
1790592457856404700,21.91140478515625,-0.07613926380872726,-0.17005737125873566,-0.12899485230445862
1790592457866418000,21.92141796875,-0.09890449792146683,-0.2122032195329666,-0.08877313137054443
1790592457876430800,21.931430908203126,-0.13063658773899078,-0.21595987677574158,-0.09595967084169388
1790592457886443800,21.94144384765625,-0.13835576176643372,-0.21131345629692078,0.05850793048739433
1790592457896456700,21.951456787109375,-0.10530247539281845,-0.2411387413740158,-0.017168987542390823
1790592457906470000,21.961469970703124,-0.05027304217219353,-0.21232520043849945,0.07605709135532379
1790592457916482600,21.971482666015625,-0.11944838613271713,-0.2800496518611908,0.05819420889019966
1790592457926495700,21.981495849609374,-0.13359776139259338,-0.23232394456863403,-0.03711553290486336
1790592457936509000,21.991509033203126,-0.06256166845560074,-0.22375760972499847,-0.014265076257288456
1790592457946520800,22.001520751953127,-0.05999277904629707,-0.2556510865688324,-0.062313564121723175
1790592457956534000,22.011533935546876,-0.06782860308885574,-0.18861134350299835,-0.12034597247838974
1790592457966546700,22.021546630859376,-0.12105027586221695,-0.21940894424915314,-0.009308402426540852
1790592457976559900,22.031559814453125,-0.13199560344219208,-0.2769220471382141,0.13115310668945312
1790592457986572800,22.04157275390625,-0.10160760581493378,-0.2705965042114258,0.08233123272657394
1790592457996585700,22.051585693359375,-0.10174822062253952,-0.28845325112342834,0.04005302116274834
1790592458006598700,22.0615986328125,-0.12230861932039261,-0.32730451226234436,0.023731838911771774
1790592458016611600,22.071611572265624,-0.10058921575546265,-0.26491570472717285,-0.11202546209096909
1790592458026624800,22.081624755859377,-0.050806738436222076,-0.2526063024997711,-0.14725561439990997
1790592458036637700,22.0916376953125,-0.06087535247206688,-0.28602656722068787,0.05360078811645508
1790592458046650600,22.101650634765626,-0.09377951174974442,-0.3447418212890625,0.13303810358047485
1790592458056662500,22.11166259765625,-0.09453132003545761,-0.32936421036720276,0.08867169171571732
1790592458066675700,22.12167578125,-0.07357437163591385,-0.34133270382881165,-0.07181918621063232
1790592458076688600,22.131688720703124,-0.041176747530698776,-0.3125135898590088,-0.11645642668008804
1790592458086701600,22.14170166015625,-0.05515674501657486,-0.34899115562438965,-0.07571299374103546
1790592458096714800,22.15171484375,-0.05126373842358589,-0.3637738525867462,0.04422326385974884
1790592458106727700,22.161727783203126,-0.07725352793931961,-0.38727250695228577,0.07599717378616333
1790592458116740600,22.17174072265625,-0.05185922235250473,-0.3681369125843048,0.08809059113264084
1790592458126753500,22.18175341796875,-0.03102824278175831,-0.36317649483680725,-0.03624041751027107
1790592458136766700,22.1917666015625,-0.00642569363117218,-0.2702321708202362,-0.039856988936662674
1790592458146779600,22.201779541015625,0.016724631190299988,-0.32048097252845764,0.015602007508277893
1790592458156792600,22.21179248046875,0.04526306688785553,-0.29693302512168884,-0.052327774465084076
1790592458166804700,22.2218046875,0.01819363236427307,-0.25473976135253906,-0.0410306453704834
1790592458176817700,22.231817626953124,-0.0060507203452289104,-0.24149133265018463,0.038590412586927414
1790592458186830800,22.241830810546876,0.03944618999958038,-0.21498969197273254,0.15845690667629242
1790592458196843500,22.251843505859377,0.028153587132692337,-0.21503841876983643,0.2368403971195221
1790592458206856700,22.261856689453126,0.044333625584840775,-0.13598860800266266,0.015534896403551102
1790592458216869600,22.27186962890625,0.17591960728168488,-0.07577747106552124,-0.07068867236375809
1790592458226882800,22.2818828125,0.22635161876678467,-0.059181712567806244,-0.2717863619327545
1790592458236895500,22.2918955078125,0.2189996987581253,0.03809104114770889,-0.1990479677915573
1790592458246908700,22.30190869140625,0.08713807910680771,-0.010158778168261051,0.08406095951795578
1790592458256921900,22.311921875,0.0053934152238070965,-0.030385753139853477,0.23378361761569977
1790592458266934500,22.3219345703125,0.08714047074317932,0.08595896512269974,0.13903820514678955
1790592458276946700,22.33194677734375,0.23517760634422302,0.18576385080814362,-0.03735361993312836
1790592458286959600,22.341959716796875,0.28658780455589294,0.19178339838981628,-0.13166093826293945
1790592458296972800,22.351972900390624,0.2927058935165405,0.18669915199279785,-0.03147708624601364
1790592458306985700,22.36198583984375,0.23782958090305328,0.21075043082237244,0.12440385669469833
1790592458316998700,22.37199853515625,0.19476200640201569,0.18457874655723572,0.23657646775245667
1790592458327011600,22.382011474609374,0.2172129899263382,0.216328427195549,0.18790747225284576
1790592458337024800,22.392024658203123,0.23460076749324799,0.29014965891838074,0.014712512493133545
1790592458347037700,22.40203759765625,0.21099983155727386,0.3328227996826172,-0.16776834428310394
1790592458357050600,22.412050537109376,0.2301279902458191,0.3310147821903229,-0.11870173364877701
1790592458367063800,22.422063720703125,0.2941623628139496,0.34425070881843567,0.03696508705615997
1790592458377076700,22.43207666015625,0.33214038610458374,0.3286568224430084,0.1819467842578888
1790592458387089000,22.4420888671875,0.29970359802246094,0.31621667742729187,0.183968648314476
1790592458397101600,22.4521015625,0.25724294781684875,0.36030903458595276,0.038239941000938416
1790592458407114800,22.46211474609375,0.23841947317123413,0.34959593415260315,-0.07033367455005646
1790592458417127700,22.472127685546877,0.2485235035419464,0.3481737971305847,-0.08741065859794617
1790592458427140600,22.482140625,0.20796196162700653,0.3338928520679474,0.059966541826725006
1790592458437153500,22.492153564453126,0.14724747836589813,0.2865764796733856,0.14088669419288635
1790592458447166700,22.502166748046875,0.1301736980676651,0.31982284784317017,0.07848243415355682
1790592458457180000,22.512179931640624,0.14946909248828888,0.35169264674186707,-0.03668676316738129
1790592458467192600,22.522192626953125,0.17513957619667053,0.3591550886631012,-0.17005227506160736
1790592458477205800,22.532205810546873,0.20563197135925293,0.39648115634918213,-0.14822925627231598
1790592458487217700,22.5422177734375,0.1256151646375656,0.34608322381973267,0.0220218226313591
1790592458497230800,22.55223095703125,0.09996013343334198,0.2947710156440735,0.05548284575343132
1790592458507243500,22.562243408203123,0.15433922410011292,0.2972347140312195,0.16828183829784393
1790592458517256700,22.572256591796876,0.15334825217723846,0.22808094322681427,0.060025930404663086
1790592458527269600,22.58226953125,0.19667495787143707,0.31858953833580017,-0.046255502849817276
1790592458537282800,22.59228271484375,0.16131563484668732,0.300737589597702,-0.056063659489154816
1790592458547295500,22.60229541015625,0.15949828922748566,0.29254090785980225,-0.041852496564388275
1790592458557308700,22.61230859375,0.20383033156394958,0.33293625712394714,-0.05848792940378189
1790592458567321900,22.62232177734375,0.18733471632003784,0.3530060946941376,-0.00085792550817132
1790592458577334500,22.63233447265625,0.15059055387973785,0.291141152381897,0.05264444649219513
1790592458587347700,22.64234765625,0.14798279106616974,0.31880074739456177,0.12672986090183258
1790592458597359600,22.652359619140626,0.15921039879322052,0.3147641718387604,0.08592171221971512
1790592458607372800,22.662372802734374,0.15431444346904755,0.3028998076915741,0.12037955224514008
1790592458617385700,22.6723857421875,0.0993819609284401,0.2418297827243805,0.08439625054597855
1790592458627398700,22.682398681640624,0.06298454105854034,0.32897186279296875,-0.07373479753732681
1790592458637411600,22.69241162109375,0.07030769437551498,0.3431875705718994,-0.10006812959909439
1790592458647424800,22.7024248046875,0.10075561702251434,0.34439370036125183,-0.03633176535367966
1790592458657437400,22.7124375,0.1352858990430832,0.38000524044036865,0.031745292246341705
1790592458667450600,22.72245068359375,0.08633433282375336,0.3740227222442627,0.08577443659305573
1790592458677463800,22.7324638671875,0.0991518646478653,0.3889939486980438,0.039321184158325195
1790592458687476700,22.742476806640624,0.1592559516429901,0.4293903708457947,-0.04037950187921524
1790592458697489000,22.752489013671877,0.12255572527647018,0.38409584760665894,0.03331389278173447
1790592458707501600,22.76250146484375,0.07553468644618988,0.311050146818161,0.08343484997749329
1790592458717514800,22.7725146484375,0.12972095608711243,0.3108693063259125,-0.010764618404209614
1790592458727527700,22.782527587890623,0.1404513716697693,0.262564092874527,-0.05384098365902901
1790592458737540600,22.79254052734375,0.10031885653734207,0.24461092054843903,-0.02484634891152382
1790592458747553500,22.802553466796876,0.1240774542093277,0.2790924608707428,0.08339357376098633
1790592458757566700,22.812566650390625,0.12523673474788666,0.21448232233524323,0.19447669386863708
1790592458767580000,22.822579833984374,0.10601989179849625,0.19271576404571533,0.22188007831573486
1790592458777592600,22.832592529296875,0.06714412569999695,0.21924138069152832,0.06683936715126038
1790592458787605800,22.842605712890624,0.009662462398409843,0.2768298387527466,-0.06354127824306488
1790592458797618700,22.85261865234375,-0.011581307277083397,0.2443094551563263,-0.15122798085212708
1790592458807631600,22.862631591796877,0.009131427854299545,0.2997274398803711,-0.20297665894031525
1790592458817643500,22.8726435546875,0.032911062240600586,0.2914367616176605,-0.04349593445658684
1790592458827656700,22.88265673828125,0.016821837052702904,0.2168264240026474,0.12175081670284271
1790592458837669600,22.892669677734375,-0.04536403715610504,0.21682296693325043,0.19673451781272888
1790592458847682800,22.902682861328124,-0.08892802894115448,0.21016879379749298,0.19003160297870636
1790592458857695500,22.912695556640625,-0.042494479566812515,0.1964026540517807,0.08184867352247238
1790592458867708700,22.922708740234373,-0.023167656734585762,0.18374277651309967,-0.01690959557890892
1790592458877721900,22.932721923828126,-0.05201235041022301,0.1830892413854599,-0.16410915553569794
1790592458887734500,22.942734619140627,-0.02238175831735134,0.16733531653881073,-0.1772872805595398
1790592458897747700,22.952747802734375,-0.04732944816350937,0.09295801818370819,-0.008466309867799282
1790592458907760600,22.9627607421875,-0.1199895441532135,0.04297288507223129,0.06500471383333206
1790592458917773800,22.97277392578125,-0.10831264406442642,0.06881725788116455,0.019961602985858917
1790592458927785700,22.98278564453125,-0.07621196657419205,0.03362838551402092,0.0576261542737484
1790592458937798700,22.992798583984374,-0.09975138306617737,-0.01517643965780735,0.0593995563685894
1790592458947811600,23.0028115234375,-0.12196693569421768,0.025667130947113037,0.010337204672396183
1790592458957824800,23.01282470703125,-0.12684744596481323,0.02200155518949032,0.03021024540066719
1790592458967837700,23.022837646484376,-0.09843844175338745,-0.020448965951800346,-0.021575987339019775
1790592458977850600,23.0328505859375,-0.08077875524759293,-0.010158778168261051,-0.07905180007219315
1790592458987863800,23.04286376953125,-0.1330249160528183,-0.07458411157131195,-0.12658920884132385
1790592458997876700,23.052876708984375,-0.11058858036994934,-0.07656683027744293,-0.09832535684108734
1790592459007889700,23.0628896484375,-0.11005595326423645,-0.13369962573051453,0.03887936472892761
1790592459017903400,23.0729033203125,-0.20108705759048462,-0.2029532641172409,0.15514738857746124
1790592459027915500,23.08291552734375,-0.20006386935710907,-0.2063876837491989,0.11051653325557709
1790592459037928400,23.092928466796874,-0.13632909953594208,-0.16252700984477997,-0.0380266010761261
1790592459047941400,23.10294140625,-0.1467559039592743,-0.21524375677108765,-0.011980085633695126
1790592459057954300,23.112954345703123,-0.19049140810966492,-0.24759264290332794,-0.11239111423492432
1790592459067967500,23.122967529296876,-0.1696457713842392,-0.18434922397136688,-0.03810782730579376
1790592459077980400,23.13298046875,-0.14927472174167633,-0.29096460342407227,0.055564869195222855
1790592459087993300,23.142993408203125,-0.14960868656635284,-0.32722434401512146,0.031244885176420212
1790592459098006500,23.153006591796874,-0.1901952624320984,-0.28955259919166565,-0.042635731399059296
1790592459108019500,23.16301953125,-0.21417862176895142,-0.3156798183917999,-0.10974472761154175
1790592459118032400,23.173032470703124,-0.18558266758918762,-0.337602436542511,-0.07481737434864044
1790592459128045300,23.18304541015625,-0.19724811613559723,-0.31274446845054626,-0.12359903007745743
1790592459138057500,23.193057373046877,-0.18125370144844055,-0.22602184116840363,-0.03123766928911209
1790592459148070400,23.2030703125,-0.15358185768127441,-0.28693312406539917,0.05938730388879776
1790592459158083300,23.213083251953126,-0.16161900758743286,-0.2456115186214447,0.09841859340667725
1790592459168096500,23.223096435546875,-0.1607753187417984,-0.21173717081546783,-0.03243023157119751
1790592459178109400,23.233109375,-0.134036123752594,-0.17482176423072815,-0.12137288600206375
1790592459188122600,23.24312255859375,-0.14774075150489807,-0.200575590133667,-0.09869074821472168
1790592459198135300,23.25313525390625,-0.14883583784103394,-0.164653018116951,0.01389572024345398
1790592459208148500,23.2631484375,-0.11177875101566315,-0.13297897577285767,0.09423822909593582
1790592459218161400,23.273161376953126,-0.08843481540679932,-0.11292564123868942,0.12745636701583862
1790592459228174300,23.28317431640625,-0.07450834661722183,-0.07449329644441605,-0.04477105662226677
1790592459238186200,23.293186279296876,-0.06519073992967606,0.04414201155304909,-0.17324566841125488
1790592459248199400,23.303199462890625,-0.02471095882356167,0.06463876366615295,-0.18521177768707275
1790592459258212400,23.31321240234375,0.007979078218340874,0.07076296210289001,0.05338853597640991
1790592459268225500,23.3232255859375,-0.02856907993555069,0.006039366591721773,0.18449969589710236
1790592459278238500,23.333238525390627,-0.016810616478323936,0.04448644444346428,0.17469282448291779
1790592459288251400,23.34325146484375,0.019320756196975708,0.10774131119251251,-0.08664770424365997
1790592459298264600,23.3532646484375,0.0947132483124733,0.20760612189769745,-0.23629124462604523
1790592459308277200,23.36327734375,0.10944105684757233,0.18776024878025055,-0.11991458386182785
1790592459318290400,23.37329052734375,0.04946907237172127,0.21895945072174072,0.015146838501095772
1790592459328303400,23.383303466796875,0.06557639688253403,0.2524223327636719,0.15599744021892548
1790592459338316500,23.393316650390624,0.0939587727189064,0.21362993121147156,0.30392536520957947
1790592459348328400,23.403328369140624,0.10108964890241623,0.16772262752056122,0.20940393209457397
1790592459358341400,23.41334130859375,0.07699044048786163,0.22440534830093384,-0.011168655008077621
1790592459368354300,23.423354248046873,0.056668128818273544,0.18739725649356842,-0.04811468720436096
1790592459378367500,23.433367431640626,0.04527432844042778,0.0804244726896286,-0.1379726678133011
1790592459388380400,23.44338037109375,0.008452129550278187,0.10878873616456985,-0.1814572960138321
1790592459398393300,23.453393310546875,-0.026119163259863853,0.056320201605558395,-0.05428602918982506
1790592459408406500,23.463406494140624,-0.059976726770401,-0.028766464442014694,0.0972941666841507
1790592459418419500,23.47341943359375,-0.08804884552955627,-0.014352104626595974,0.07748371362686157
1790592459428432400,23.483432373046874,-0.08007746934890747,-0.025659354403614998,0.11011382937431335
1790592459438445300,23.4934453125,-0.036000289022922516,-0.10430143773555756,0.077862948179245
1790592459448458500,23.50345849609375,-0.01349205058068037,-0.08529205620288849,-0.07938339561223984
1790592459458470400,23.513470458984376,-0.06844691187143326,-0.14417055249214172,-0.1038794219493866
1790592459468483300,23.5234833984375,-0.12387502193450928,-0.18711376190185547,-0.04467308521270752
1790592459478496300,23.533496337890625,-0.17967116832733154,-0.19883540272712708,-0.023398689925670624
1790592459488509400,23.543509521484374,-0.17644049227237701,-0.19430163502693176,-0.09704974293708801
1790592459498522600,23.553522705078127,-0.09906581044197083,-0.1805085837841034,-0.13056828081607819
1790592459508535300,23.563535400390624,-0.0554211251437664,-0.19037799537181854,-0.14337009191513062
1790592459518548500,23.573548583984376,-0.06339489668607712,-0.2615741491317749,0.04734871909022331
1790592459528561400,23.5835615234375,-0.2044878453016281,-0.2987542748451233,0.17763295769691467
1790592459538574300,23.59357421875,-0.2644574046134949,-0.2730252146720886,0.18667306005954742
1790592459548587300,23.603587158203126,-0.19741980731487274,-0.29478803277015686,0.07741047441959381
1790592459558599400,23.613599365234375,-0.15285633504390717,-0.26078903675079346,-0.05075627565383911
1790592459568612400,23.6236123046875,-0.15236684679985046,-0.22244085371494293,-0.12650083005428314
1790592459578625500,23.63362548828125,-0.13808724284172058,-0.22193512320518494,-0.0744730606675148
1790592459588638500,23.643638427734373,-0.08288950473070145,-0.2495076209306717,0.029848285019397736
1790592459598651400,23.6536513671875,-0.08578169345855713,-0.24027737975120544,0.06231728196144104
1790592459608664600,23.66366455078125,-0.12478208541870117,-0.21229687333106995,0.008042323403060436
1790592459618677500,23.673677490234375,-0.09741997718811035,-0.21149712800979614,-0.09650139510631561
1790592459628690400,23.6836904296875,-0.07757622748613358,-0.19698743522167206,-0.16399255394935608
1790592459638703400,23.693703369140625,-0.07857145369052887,-0.19005602598190308,-0.14562340080738068
1790592459648716500,23.703716552734374,-0.04613681137561798,-0.2240893542766571,0.0480499267578125
1790592459658728400,23.713728515625,-0.029189521446824074,-0.23458141088485718,0.12081068009138107
1790592459668741400,23.723741455078127,-0.029981812462210655,-0.18579256534576416,0.045736439526081085
1790592459678754300,23.73375439453125,-0.0023736197035759687,-0.11568165570497513,-0.14069868624210358
1790592459688767500,23.743767578125,0.002977736061438918,-0.06725499778985977,-0.09230639040470123
1790592459698780400,23.753780517578125,-0.024741243571043015,-0.052902959287166595,-0.02651139162480831
1790592459708793300,23.76379345703125,-0.020245295017957687,-0.05846470221877098,0.13910207152366638
1790592459718806500,23.773806640625,-0.02971656061708927,-0.08393064886331558,0.23897381126880646
1790592459728819500,23.7838193359375,-0.04078705236315727,-0.09639690816402435,0.24223431944847107
1790592459738832400,23.793832275390624,-0.04083339124917984,-0.07656434178352356,-0.018065709620714188
1790592459748845300,23.80384521484375,0.014423203654587269,0.03456723690032959,-0.28688278794288635
1790592459758857500,23.813857421875,0.07307159900665283,0.07291435450315475,-0.41254618763923645
1790592459768870400,23.823870361328126,0.02896219864487648,0.04341718554496765,-0.23113404214382172
1790592459778883600,23.833883544921875,-0.01851477287709713,0.07186160981655121,0.06021657958626747
1790592459788896300,23.843896240234375,0.021957818418741226,0.0543459989130497,0.2552851438522339
1790592459798909400,23.853909423828124,0.07987730950117111,0.019973643124103546,0.20220088958740234
1790592459808922600,23.863922607421873,0.05550752580165863,0.04713575914502144,0.08030319958925247
1790592459818935300,23.873935302734374,0.005323981400579214,0.055844828486442566,-0.08592545241117477
1790592459828948500,23.883948486328126,0.06592527031898499,0.10507681965827942,-0.07945983111858368
1790592459838961400,23.89396142578125,0.09017814695835114,0.059753283858299255,0.031463492661714554
1790592459848974600,23.903974609375,0.04046332836151123,0.07391357421875,0.07031475007534027
1790592459858987300,23.9139873046875,0.033747103065252304,0.1397402584552765,-0.08705063909292221
1790592459868999400,23.92399951171875,0.08867186307907104,0.17814810574054718,-0.1274971216917038
1790592459879012400,23.934012451171874,0.08810620754957199,0.1472543627023697,-0.02325061894953251
1790592459889025500,23.944025634765627,0.07784558087587357,0.15094710886478424,0.07631884515285492
1790592459899038200,23.9540380859375,0.08797012269496918,0.13852426409721375,0.16022494435310364
1790592459909051400,23.964051513671876,0.07655154913663864,0.11300212144851685,0.1271098554134369
1790592459919064600,23.974064697265625,0.07519333809614182,0.14812548458576202,0.024076417088508606
1790592459929077500,23.984077392578126,0.06794901192188263,0.12991958856582642,-0.12363447993993759
1790592459939090400,23.99409033203125,0.07626180350780487,0.13045594096183777,-0.21360483765602112
1790592459949103400,24.004103271484375,0.06782730668783188,0.10131510347127914,-0.08289264887571335
1790592459959116500,24.014116455078124,0.02161799930036068,0.03527110815048218,0.0912831500172615
1790592459969129200,24.024129150390625,0.045175790786743164,0.01886230707168579,0.22659917175769806
1790592459979141400,24.034141357421873,0.056680645793676376,0.014834809117019176,0.2321968674659729
1790592459989154300,24.044154296875,0.04246043041348457,-0.0015012874500826001,0.03206696733832359
1790592459999167500,24.05416748046875,0.0254694614559412,0.0669747069478035,-0.1651339828968048
1790592460009180700,24.0641806640625,0.01800462231040001,0.08419071137905121,-0.25839364528656006
1790592460019196700,24.07419677734375,0.05510112643241882,0.06345747411251068,-0.08228917419910431
1790592460029209600,24.084209716796874,-0.00224685319699347,-0.053737591952085495,0.11975020915269852
1790592460039222800,24.094222900390626,-0.11371026933193207,-0.016924185678362846,0.1926230937242508
1790592460049235700,24.104235595703123,-0.09053090959787369,0.009404623880982399,0.11772540956735611
1790592460059248600,24.11424853515625,0.06344880163669586,0.05826164409518242,-0.07352364808320999
1790592460069261800,24.12426171875,0.11137664318084717,0.08382346481084824,-0.050250809639692307
1790592460079273700,24.134273681640625,0.01805868372321129,0.04100862145423889,-0.048795659095048904
1790592460089287000,24.144286865234374,-0.0019333991222083569,0.07286029309034348,-0.0012009763158857822
1790592460099299600,24.154299560546875,-0.004056470934301615,0.04129571095108986,0.02537284418940544
1790592460109312800,24.164312744140624,0.03854691609740257,0.05989363044500351,-0.03482338413596153
1790592460119325700,24.17432568359375,0.0730082169175148,0.0590941496193409,-0.024474872276186943
1790592460129338600,24.184338623046877,0.0377650111913681,0.04599113017320633,-0.004297167528420687
1790592460139351600,24.1943515625,0.01860942505300045,0.023959064856171608,0.1265527307987213
1790592460149364700,24.20436474609375,0.019604915753006935,-0.012593885883688927,0.07824617624282837
1790592460159378000,24.2143779296875,0.0490080788731575,0.05061864107847214,0.024792807176709175
1790592460169390600,24.224390625,0.004400130361318588,0.016133632510900497,-0.06038573756814003
1790592460179402800,24.23440283203125,-0.02242589183151722,0.012253673747181892,-0.05677448585629463
1790592460189415700,24.244415771484373,0.01915457472205162,-0.008079295046627522,-0.021788543090224266
1790592460199428900,24.254428955078126,0.03015769086778164,-0.02706656977534294,0.00669822609052062
1790592460209441500,24.264441650390626,0.014593379572033882,-0.03889712691307068,0.02945839799940586
1790592460219454700,24.274454833984375,-0.011270175687968731,-0.04304207116365433,0.01362936943769455
1790592460229467600,24.284467529296876,-0.023286892101168633,-0.05274955928325653,-0.03696056827902794
1790592460239480800,24.294480712890625,-0.03210887685418129,-0.0437810979783535,-0.08298878371715546
1790592460249493800,24.30449365234375,-0.022822702303528786,-0.04972873628139496,-0.08263405412435532
1790592460259506700,24.314506591796874,-0.013207092881202698,-0.0688939094543457,0.022639641538262367
1790592460269520000,24.324519775390623,-0.01827455684542656,-0.08583454042673111,0.07771088182926178
1790592460279531800,24.33453173828125,-0.029311971738934517,-0.12619855999946594,0.15839554369449615
1790592460289544700,24.344544677734376,-0.07394628971815109,-0.15871842205524445,0.13087603449821472
1790592460299557600,24.3545576171875,-0.09994006901979446,-0.09389094263315201,0.06245196983218193
1790592460309570800,24.36457080078125,-0.10190308839082718,-0.10790742188692093,-0.028013747185468674
1790592460319583700,24.374583740234375,-0.05275151878595352,-0.051744554191827774,-0.17017914354801178
1790592460329596700,24.3845966796875,0.04010545089840889,0.02367936260998249,-0.18717144429683685
1790592460339609600,24.394609619140624,0.006221521645784378,-0.06153247132897377,-0.035123322159051895
1790592460349622800,24.404622802734377,-0.0831107571721077,-0.07801797240972519,0.10346224904060364
1790592460359635700,24.4146357421875,-0.07424296438694,-0.024926256388425827,0.1045360416173935
1790592460369648600,24.424648681640626,-0.0020553169306367636,-0.03084912709891796,0.07638749480247498
1790592460379661800,24.434661865234375,0.005232689902186394,-0.06285525858402252,-0.029286738485097885
1790592460389673700,24.444673828125,-0.013187330216169357,0.03855152055621147,-0.23540741205215454
1790592460399687000,24.45468701171875,-0.04191138595342636,-0.009912152774631977,-0.2025003284215927
1790592460409699600,24.464699462890625,-0.035018593072891235,-0.042061567306518555,-0.08582085371017456
1790592460419712800,24.474712646484374,0.012836547568440437,-0.02819155901670456,0.09811489284038544
1790592460429725700,24.4847255859375,0.02416696585714817,-0.06165311112999916,0.17446239292621613
1790592460439738600,24.494738525390623,0.029059991240501404,-0.07030412554740906,0.20879852771759033
1790592460449751600,24.50475146484375,0.021309660747647285,-0.07863982021808624,-0.02083599753677845
1790592460459764700,24.5147646484375,0.030612081289291382,-0.015395867638289928,-0.13392765820026398
1790592460469778000,24.52477783203125,0.010708414949476719,-0.0828995406627655,-0.11892341077327728
1790592460479790600,24.53479052734375,0.015000099316239357,-0.08080283552408218,-0.002403194084763527
1790592460489802800,24.544802734375,0.016611045226454735,-0.12515778839588165,0.11233191192150116
1790592460499815700,24.554815673828124,0.006239631213247776,-0.12479506433010101,0.020721033215522766
1790592460509828900,24.564828857421876,0.06343501061201096,-0.07913543283939362,-0.17567618191242218
1790592460519841800,24.574841796875,0.09719669818878174,-0.04804302752017975,-0.27344775199890137
1790592460529854700,24.584854736328126,0.030345233157277107,-0.06202622130513191,-0.09434989839792252
1790592460539867600,24.59486767578125,-0.035913147032260895,-0.0755324438214302,0.15797635912895203
1790592460549880800,24.604880859375,-0.011812872253358364,-0.09162645787000656,0.2922010123729706
1790592460559893500,24.6148935546875,0.016180677339434624,-0.09075693041086197,0.2761288285255432
1790592460569906700,24.62490673828125,-0.020386919379234314,-0.0635032057762146,-0.02299315668642521
1790592460579920000,24.634919921875,-0.01574050262570381,0.05097836256027222,-0.253757119178772
1790592460589932800,24.644932861328126,0.008769101463258266,0.03744843974709511,-0.2393353134393692
1790592460599944700,24.65494482421875,0.007047367747873068,-0.009968612343072891,-0.0800497829914093
1790592460609957600,24.66495751953125,-0.01128130592405796,-0.030675489455461502,0.0723581314086914
1790592460619970800,24.674970703125,-0.046027567237615585,-0.02018316648900509,0.06893409788608551
1790592460629983700,24.684983642578125,-0.0396980345249176,-0.010050904005765915,0.08167972415685654
1790592460639996700,24.69499658203125,-0.0014017773792147636,-0.010574481450021267,0.021558597683906555
1790592460650009600,24.705009521484374,0.03873046115040779,0.05035491660237312,0.03284747153520584
1790592460660022800,24.715022705078123,0.00394744798541069,0.02242075279355049,0.07153654098510742
1790592460670035700,24.72503564453125,-0.018332557752728462,-0.011671969667077065,0.04055439308285713
1790592460680048600,24.735048583984376,-0.04311087355017662,0.04701930657029152,-0.01541300117969513
1790592460690061800,24.745061767578125,-0.01202512625604868,0.031654197722673416,-0.10025971382856369
1790592460700073700,24.75507373046875,0.05887434631586075,0.004073703661561012,-0.1294274479150772
1790592460710087000,24.7650869140625,-0.008915886282920837,-0.01164880022406578,-0.06740137189626694
1790592460720099600,24.775099609375,-0.09138173609972,-0.01953548565506935,0.08367203921079636
1790592460730112800,24.78511279296875,-0.018471574410796165,-0.055058058351278305,0.1814475953578949
1790592460740125700,24.795125732421877,0.04065433144569397,-0.035982366651296616,0.2153208702802658
1790592460750139000,24.805138916015625,-0.02644694223999977,-0.06461827456951141,0.13984449207782745
1790592460760151600,24.815151611328126,-0.025877026841044426,-0.02339121140539646,-0.15301907062530518
1790592460770164700,24.825164794921875,0.029087688773870468,0.011769972741603851,-0.13174226880073547
1790592460780178000,24.835177978515624,0.0005929304170422256,-0.04388902708888054,-0.15095005929470062
1790592460790190600,24.845190673828125,0.009209055453538895,-0.015787087380886078,-0.024421943351626396
1790592460800203800,24.855203857421873,-0.05609351769089699,-0.10687624663114548,0.049228839576244354
1790592460810215700,24.865215576171874,-0.09301372617483139,-0.11439142376184464,0.08622387796640396
1790592460820228900,24.875228759765626,-0.04365868493914604,-0.11383295804262161,0.10073863714933395
1790592460830241800,24.88524169921875,-0.013203308917582035,-0.12192071229219437,0.05575411766767502
1790592460840254700,24.895254638671876,0.01396839041262865,-0.10575399547815323,-0.03438775986433029
1790592460850267600,24.905267578125,-0.0411854088306427,-0.08753371238708496,-0.13128261268138885
1790592460860280800,24.91528076171875,-0.041744671761989594,-0.059507668018341064,-0.18841834366321564
1790592460870293500,24.92529345703125,0.010952360928058624,-0.0663064494729042,0.012549390085041523
1790592460880306700,24.935306640625,0.004240662325173616,-0.13039089739322662,0.1379115730524063
1790592460890320000,24.94531982421875,-0.011173181235790253,-0.12264109402894974,0.10763675719499588
1790592460900332800,24.955332763671876,-0.06367660313844681,-0.11498157680034637,-0.026167113333940506
1790592460910345000,24.965344970703125,-0.07387252151966095,-0.07865393161773682,-0.1374235898256302
1790592460920357600,24.975357666015626,-0.03931267559528351,-0.09103710204362869,-0.06073254346847534
1790592460930370800,24.985370849609374,0.0019519415218383074,-0.08622263371944427,0.02790064923465252
1790592460940383700,24.9953837890625,0.041641030460596085,-0.0724508985877037,0.13737307488918304
1790592460950396700,25.005396728515624,-0.0040564159862697124,-0.10455796867609024,0.10005154460668564
1790592460960409600,25.01540966796875,-0.016954638063907623,-0.0555129274725914,-0.027019858360290527
1790592460970422800,25.0254228515625,0.047588933259248734,0.0015317162033170462,-0.1290050745010376
1790592460980435700,25.035435791015626,0.08007869869470596,0.014233662746846676,-0.09587641805410385
1790592460990448600,25.04544873046875,0.025502275675535202,-0.022431140765547752,0.006255275569856167
1790592461000461800,25.0554619140625,-0.04327012971043587,0.007951532490551472,0.05227603018283844
1790592461010474800,25.065474853515624,0.028235476464033127,-0.0014994937228038907,0.0760980024933815
1790592461020483300,25.0754833984375,0.12408050894737244,0.005001282785087824,-0.040119946002960205
1790592461030496300,25.085496337890625,0.07441361993551254,0.05924002081155777,-0.09930656850337982
1790592461040509200,25.09550927734375,-0.008892716839909554,0.060596633702516556,-0.02715327963232994
1790592461050522400,25.1055224609375,0.02771429717540741,0.05840804800391197,0.09444798529148102
1790592461060535300,25.115535400390623,0.054395973682403564,0.05286840721964836,0.1694929301738739
1790592461070548200,25.12554833984375,0.030326325446367264,0.06575305014848709,0.16137322783470154
1790592461080561400,25.1355615234375,0.07576863467693329,0.10835723578929901,0.035928480327129364
1790592461090574300,25.14557421875,0.10306897014379501,0.13543730974197388,-0.024052295833826065
1790592461100587300,25.155587158203126,0.06069648265838623,0.12216252833604813,-0.1014951542019844
1790592461110600200,25.16560009765625,0.042424000799655914,0.16919633746147156,-0.12304705381393433
1790592461120612400,25.1756123046875,0.026721203699707985,0.144167959690094,0.018857087939977646
1790592461130625300,25.185625244140624,0.05701413005590439,0.12647950649261475,-0.041022758930921555
1790592461140638500,25.195638427734377,0.1269700527191162,0.21748797595500946,-0.053474634885787964
1790592461150651100,25.205651123046874,0.07109665125608444,0.1619647890329361,-0.07528192549943924
1790592461160664300,25.215664306640626,0.06616474688053131,0.18735483288764954,-0.005464764311909676
1790592461170677200,25.22567724609375,0.0730426236987114,0.1786755919456482,0.18074505031108856
1790592461180690200,25.235690185546876,0.06478629261255264,0.12988461554050446,0.22185254096984863
1790592461190703400,25.245703369140625,0.10059435665607452,0.18429194390773773,0.08082591742277145
1790592461200716300,25.25571630859375,0.09687285870313644,0.24317575991153717,-0.09799576550722122
1790592461210729500,25.2657294921875,0.058741454035043716,0.22044461965560913,-0.32511013746261597
1790592461220742100,25.2757421875,0.11587610840797424,0.22547586262226105,-0.20412832498550415
1790592461230754300,25.28575439453125,0.07137894630432129,0.12448213994503021,-0.0019776206463575363
1790592461240767200,25.295767333984376,0.01261097751557827,0.07509887963533401,0.27415701746940613
1790592461250780400,25.305780517578125,0.022094760090112686,0.024105466902256012,0.30184563994407654
1790592461260793000,25.31579296875,0.032793477177619934,0.06125230714678764,0.0008075130172073841
1790592461270806300,25.32580615234375,0.0061008804477751255,0.1467597484588623,-0.2415526658296585
1790592461280819500,25.3358193359375,-0.024989034980535507,0.0894562229514122,-0.2155439704656601
1790592461290832400,25.345832275390624,-0.006304296664893627,0.08933079242706299,-0.0508628785610199
1790592461300845300,25.35584521484375,0.036086305975914,-0.003195418044924736,0.13558103144168854
1790592461310858200,25.365858154296873,-0.004581764340400696,-0.06282865256071091,0.17336569726467133
1790592461320871400,25.375871337890626,-0.11608672142028809,-0.04275774210691452,0.002459733746945858
1790592461330883300,25.38588330078125,-0.11445819586515427,-0.004340843763202429,0.004085859749466181
1790592461340896300,25.395896240234375,-0.05931025370955467,-0.0627056136727333,0.1159394234418869
1790592461350909200,25.4059091796875,-0.04594358429312706,-0.07515136152505875,0.1273617148399353
1790592461360922400,25.41592236328125,-0.028357135131955147,-0.035206880420446396,-0.06630787998437881
1790592461370935300,25.425935302734374,0.0026045097038149834,0.04046311229467392,-0.24938075244426727
1790592461380948200,25.4359482421875,-0.0014738552272319794,0.00866150762885809,-0.164555624127388
1790592461390961400,25.44596142578125,-0.02254505269229412,0.007839123718440533,0.02639329619705677
1790592461400974300,25.455974365234376,0.012836640700697899,-0.006676435936242342,0.1601361781358719
1790592461410987300,25.4659873046875,0.01897495985031128,0.005318441428244114,0.11027354747056961
1790592461421000200,25.476000244140625,-0.03942656144499779,0.027422944083809853,-0.046155739575624466
1790592461431013400,25.486013427734374,-0.037006016820669174,0.061683714389801025,-0.06507669389247894
1790592461441025300,25.496025390625,0.00814947672188282,0.016591869294643402,0.08489788323640823
1790592461451038500,25.50603857421875,-0.002724741818383336,-0.01682361215353012,0.16920983791351318
1790592461461051100,25.516051025390624,-0.029628794640302658,0.029253335669636726,-0.029293669387698174
1790592461471064300,25.526064208984376,0.027198003605008125,0.09766089171171188,-0.21276602149009705
1790592461481077200,25.5360771484375,0.045191120356321335,0.05038605257868767,-0.16316305100917816
1790592461491090200,25.546090087890626,0.017305690795183182,0.024842342361807823,0.019578533247113228
1790592461501103400,25.556103271484375,-0.021106412634253502,-0.027072787284851074,0.23210464417934418
1790592461511116300,25.5661162109375,-0.03156411275267601,-0.03648652881383896,0.23785734176635742
1790592461521129500,25.57612939453125,-0.018219545483589172,0.007691318169236183,-0.02456575818359852
1790592461531142100,25.58614208984375,-0.018663495779037476,0.04897297918796539,-0.15149441361427307
1790592461541154300,25.596154296875,0.0037683111149817705,0.022785315290093422,-0.11578035354614258
1790592461551167200,25.606167236328126,0.033150434494018555,-0.012539118528366089,0.08243126422166824
1790592461561180400,25.616180419921875,-0.0070313396863639355,-0.10803980380296707,0.16615653038024902
1790592461571193300,25.626193359375,-0.09194676578044891,-0.10254783183336258,0.013934495858848095
1790592461581206300,25.636206298828125,-0.08216764032840729,-0.021558180451393127,-0.08961426466703415
1790592461591219200,25.64621923828125,-0.021602293476462364,-0.06939280778169632,-0.19669970870018005
1790592461601232400,25.656232421875,0.03230328485369682,-0.08447428792715073,-0.15162357687950134
1790592461611245300,25.666245361328127,-0.08866681903600693,-0.14598506689071655,0.09990134090185165
1790592461621258200,25.67625830078125,-0.18712042272090912,-0.246261328458786,0.2078472375869751
1790592461631271400,25.686271484375,-0.1008041724562645,-0.22351767122745514,0.10702076554298401
1790592461641283300,25.696283447265625,-0.042533405125141144,-0.18922893702983856,0.06184076890349388
1790592461651296300,25.706296142578125,-0.07349292188882828,-0.24612630903720856,-0.059506963938474655
1790592461661309200,25.71630908203125,-0.08486621826887131,-0.23577940464019775,-0.14711511135101318
1790592461671322400,25.726322265625,-0.12740302085876465,-0.25774407386779785,-0.12833449244499207
1790592461681335300,25.736335205078124,-0.1144092008471489,-0.27215176820755005,-0.0516599602997303
1790592461691348200,25.74634814453125,-0.07802269607782364,-0.3119924068450928,0.0011129733175039291
1790592461701361400,25.756361328125,-0.15586848556995392,-0.36008456349372864,0.033569980412721634
1790592461711374300,25.766374267578126,-0.20635883510112762,-0.3828798830509186,-0.0003251340240240097
1790592461721387300,25.77638720703125,-0.12097734957933426,-0.3297423720359802,-0.12743382155895233
1790592461731400200,25.786400146484375,-0.02499675750732422,-0.32439500093460083,-0.1487518846988678
1790592461741412400,25.796412353515624,-0.06737164407968521,-0.34719857573509216,-0.06380530446767807
1790592461751425300,25.80642529296875,-0.13327956199645996,-0.3336718678474426,-0.0010255449451506138
1790592461761438500,25.8164384765625,-0.11523398011922836,-0.33321166038513184,0.07021508365869522
1790592461771451100,25.826451171875,-0.08682523667812347,-0.3731020987033844,0.04799392819404602
1790592461781464300,25.83646435546875,-0.08109172433614731,-0.3085015118122101,-0.04949294775724411
1790592461791477200,25.846477294921876,-0.08684787899255753,-0.29877352714538574,0.05360254645347595
1790592461801490400,25.856490478515624,-0.06139364466071129,-0.3193797469139099,0.05404489487409592
1790592461811503400,25.86650341796875,0.007664515636861324,-0.23648034036159515,-0.0004084906540811062
1790592461821516300,25.876516357421874,-0.011878026649355888,-0.22491049766540527,-0.05105462670326233
1790592461831529500,25.886529541015626,-0.022526942193508148,-0.17198443412780762,-0.042190827429294586
1790592461841541400,25.896541259765623,0.05167138949036598,-0.1356962025165558,0.010103005915880203
1790592461851554300,25.90655419921875,0.10108473896980286,-0.12808436155319214,0.12582507729530334
1790592461861567200,25.916567138671876,0.07637540251016617,-0.1317850947380066,0.12049210071563721
1790592461871580400,25.926580322265625,0.06644181162118912,-0.06246939301490784,0.011108615435659885
1790592461881593300,25.93659326171875,0.0773589089512825,-0.04052787646651268,-0.09428411722183228
1790592461891606300,25.946606201171875,0.12540766596794128,0.005113378167152405,-0.11794550716876984
1790592461901619200,25.956619140625,0.14770257472991943,0.011728404089808464,-0.0313834510743618
1790592461911632400,25.96663232421875,0.11809062212705612,0.01977008581161499,0.045608002692461014
1790592461921645300,25.976645263671877,0.1443192958831787,0.06852537393569946,0.03325599431991577
1790592461931658200,25.986658203125,0.20193518698215485,0.12790320813655853,0.034127913415431976
1790592461941670400,25.99667041015625,0.2216053009033203,0.1523241251707077,-0.023168930783867836
1790592461951683300,26.006683349609375,0.24072226881980896,0.16642636060714722,-0.003878855612128973
1790592461961696500,26.016696533203124,0.1542092114686966,0.16749988496303558,0.0644991397857666
1790592461971709200,26.026709228515625,0.1527727097272873,0.20888566970825195,0.08221635222434998
1790592461981722400,26.036722412109373,0.21804198622703552,0.22593683004379272,0.1507333517074585
1790592461991735300,26.0467353515625,0.1874776929616928,0.18728265166282654,0.1379411369562149
1790592462001748200,26.056748291015627,0.14967091381549835,0.2375415563583374,-0.005180076230317354
1790592462011761200,26.06676123046875,0.18513889610767365,0.2902633845806122,-0.1897813379764557
1790592462021774300,26.0767744140625,0.21769312024116516,0.2940823435783386,-0.2805655896663666
1790592462031787300,26.086787353515625,0.21822229027748108,0.32989946007728577,-0.2459743171930313
1790592462041799200,26.096799072265625,0.18016012012958527,0.2971082329750061,0.057216987013816833
1790592462051812000,26.10681201171875,0.1232752650976181,0.2355002462863922,0.27758583426475525
1790592462061825300,26.1168251953125,0.14783068001270294,0.24582718312740326,0.3002155125141144
1790592462071838200,26.126838134765624,0.16812129318714142,0.2702353298664093,0.09773672372102737
1790592462081851100,26.13685107421875,0.14958782494068146,0.2968696057796478,-0.012873947620391846
1790592462091864000,26.146864013671873,0.0983765721321106,0.2564223110675812,-0.013908851891756058
1790592462101877200,26.156877197265626,0.11068730056285858,0.28429657220840454,0.06886885315179825
1790592462111890200,26.16689013671875,0.1396038979291916,0.2934807240962982,0.12605278193950653
1790592462121903000,26.176903076171875,0.14675289392471313,0.26706138253211975,-0.015035370364785194
1790592462131916300,26.186916259765624,0.13134996592998505,0.33362922072410583,-0.14266709983348846
1790592462141928200,26.19692822265625,0.08413878083229065,0.3150688409805298,-0.08336701989173889
1790592462151941000,26.206941162109374,0.0577484555542469,0.26760441064834595,0.12071847170591354
1790592462161954000,26.2169541015625,0.1189955621957779,0.25436314940452576,0.1850402057170868
1790592462171967200,26.22696728515625,0.14461436867713928,0.3071403503417969,0.006754879839718342
1790592462181980200,26.236980224609376,0.10291353613138199,0.3461170494556427,-0.09051893651485443
1790592462191993300,26.246993408203124,0.07126931846141815,0.35716384649276733,-0.1116950660943985
1790592462202006000,26.257006103515625,0.08291532844305038,0.35895082354545593,0.002197412308305502
1790592462212019200,26.267019287109374,0.06414216756820679,0.322561115026474,0.16088134050369263
1790592462222032100,26.2770322265625,0.05820944905281067,0.33430778980255127,0.09979614615440369
1790592462232044300,26.287044189453123,0.10515405237674713,0.3873174786567688,-0.03632574528455734
1790592462242057000,26.297056884765624,0.08165272325277328,0.37673354148864746,-0.11530657857656479
1790592462252070100,26.307070068359376,0.06633714586496353,0.41312724351882935,-0.06891857087612152
1790592462262083300,26.317083251953125,0.08315234631299973,0.4059012830257416,0.10339274257421494
1790592462272096300,26.32709619140625,0.06525483727455139,0.307580828666687,0.16871076822280884
1790592462282109200,26.337109130859375,0.07127708196640015,0.3713255226612091,0.00008052587509155273
1790592462292122000,26.3471220703125,0.0839686393737793,0.39128804206848145,-0.03027231991291046
1790592462302135300,26.35713525390625,0.11090385168790817,0.29304003715515137,-0.06586547195911407
1790592462312148000,26.36714794921875,0.0743224024772644,0.32556387782096863,-0.01720791682600975
1790592462322161200,26.3771611328125,-0.03308714181184769,0.27576810121536255,0.05657149851322174
1790592462332173000,26.387173095703126,-0.015345161780714989,0.2454591691493988,0.13647298514842987
1790592462342186200,26.397186279296875,0.06967359036207199,0.245836541056633,0.12083916366100311
1790592462352199200,26.40719921875,0.07876109331846237,0.20919384062290192,-0.04382221773266792
1790592462362212000,26.417212158203125,0.03349534794688225,0.21635322272777557,-0.10626722127199173
1790592462372225300,26.427225341796873,-0.034099940210580826,0.14512857794761658,-0.1026916652917862
1790592462382238200,26.43723828125,-0.032408565282821655,0.13428977131843567,-0.050755225121974945
1790592462392251100,26.447251220703127,-0.01919449493288994,0.1082557886838913,0.08252080529928207
1790592462402264000,26.45726416015625,-0.025968777015805244,0.05550415813922882,0.17301422357559204
1790592462412277200,26.46727734375,-0.06904540956020355,0.055219464004039764,0.12816046178340912
1790592462422290200,26.477290283203125,-0.09290653467178345,0.10893835872411728,-0.11695981025695801
1790592462432302300,26.48730224609375,-0.04959820583462715,0.13617290556430817,-0.14012213051319122
1790592462442315000,26.49731494140625,-0.06346848607063293,0.05156374350190163,-0.0432155467569828
1790592462452328200,26.507328125,-0.10952838510274887,0.034948546439409256,0.05293921381235123
1790592462462341000,26.517341064453124,-0.12513424456119537,-0.015557236038148403,0.021828697994351387
1790592462472354000,26.52735400390625,-0.13130398094654083,-0.03896988555788994,0.09391913563013077
1790592462482367200,26.5373671875,-0.14821958541870117,-0.05234028398990631,-0.06876538693904877
1790592462492380200,26.547380126953126,-0.12278693914413452,0.014168169349431992,-0.037394143640995026
1790592462502393300,26.557393310546875,-0.13869158923625946,-0.0764746442437172,-0.0892871767282486
1790592462512406000,26.567406005859375,-0.1367245763540268,-0.01195664145052433,-0.13542377948760986
1790592462522418200,26.577418212890624,-0.14625203609466553,-0.053029242902994156,-0.08301569521427155
1790592462532431000,26.58743115234375,-0.17361442744731903,-0.08739573508501053,-0.013139670714735985
1790592462542444300,26.5974443359375,-0.14039760828018188,-0.06835733354091644,0.07113739103078842
1790592462552457200,26.607457275390626,-0.16110928356647491,-0.10965976119041443,0.154191792011261
1790592462562470100,26.61747021484375,-0.2106107920408249,-0.15745525062084198,0.1260078251361847
1790592462572483000,26.627483154296876,-0.22019177675247192,-0.11542311310768127,0.003589506959542632
1790592462582496300,26.637496337890624,-0.1618989109992981,-0.12018750607967377,-0.10854049772024155
1790592462592509200,26.64750927734375,-0.12196481972932816,-0.14029091596603394,-0.08579656481742859
1790592462602522000,26.657522216796874,-0.12045134603977203,-0.1411428600549698,-0.09284196048974991
1790592462612535300,26.667535400390626,-0.11510717868804932,-0.10878144949674606,0.007279582787305117
1790592462622547200,26.677547119140623,-0.0947537049651146,-0.11447449028491974,0.01062185037881136
1790592462632560000,26.68756005859375,-0.10497225075960159,-0.09127675741910934,0.04346661642193794
1790592462642573000,26.697572998046876,-0.09936337172985077,-0.06474661827087402,-0.029755398631095886
1790592462652586200,26.707586181640625,-0.05970223993062973,-0.06282488256692886,-0.1372174173593521
1790592462662599200,26.71759912109375,-0.04518188536167145,-0.08613260090351105,-0.015786321833729744
1790592462672612000,26.727612060546875,-0.11595859378576279,-0.15127432346343994,0.10091179609298706
1790592462682625300,26.737625244140624,-0.10003262013196945,-0.09217610955238342,0.07622376084327698
1790592462692638200,26.74763818359375,-0.07783890515565872,-0.0864361971616745,0.08212772011756897
1790592462702651100,26.757651123046877,-0.07214266806840897,-0.08676456660032272,-0.11637099087238312
1790592462712664000,26.7676640625,-0.02876829169690609,0.023927856236696243,-0.14505429565906525
1790592462722676200,26.77767626953125,-0.03876739740371704,-0.015349509194493294,-0.11722373217344284
1790592462732689200,26.787689208984375,-0.03129350021481514,0.0001402350317221135,0.061481304466724396
1790592462742702300,26.797702392578124,-0.010997017845511436,-0.017762597650289536,0.18993887305259705
1790592462752715000,26.807715087890625,-0.03431113064289093,-0.012770237401127815,0.1675904244184494
1790592462762728200,26.817728271484373,-0.04992976784706116,0.02239547297358513,0.00915551371872425
1790592462772741000,26.8277412109375,0.007855232805013657,0.08075784891843796,-0.2228071540594101
1790592462782754300,26.83775439453125,0.09639947861433029,0.09381293505430222,-0.22558721899986267
1790592462792767200,26.847767333984375,0.06086412072181702,0.04724063351750374,-0.11364337801933289
1790592462802780200,26.8577802734375,-0.03862784802913666,0.033373020589351654,0.0864923745393753
1790592462812792000,26.8677919921875,-0.05511387810111046,0.015681378543376923,0.155012309551239
1790592462822805200,26.87780517578125,0.034876465797424316,0.04513167589902878,0.15646161139011383
1790592462832818200,26.887818115234374,0.048766445368528366,0.05497019365429878,0.07742990553379059
1790592462842831000,26.8978310546875,-0.004714887123554945,0.0474209301173687,0.012497248128056526
1790592462852844300,26.90784423828125,-0.015199486166238785,0.015529577620327473,-0.04342993348836899
1790592462862857200,26.917857177734376,0.009261914528906345,0.05715691298246384,-0.07928034663200378
1790592462872870100,26.9278701171875,0.0009278181241825223,0.023697493597865105,0.011972605250775814
1790592462882883000,26.937883056640626,-0.026865197345614433,-0.004964511841535568,-0.020887339487671852
1790592462892896300,26.947896240234375,-0.06936046481132507,-0.0016616598004475236,0.11534666270017624
1790592462902909200,26.9579091796875,-0.07205557823181152,-0.054280929267406464,0.0991237461566925
1790592462912921000,26.967921142578124,0.0028258529491722584,-0.014622732065618038,0.0006653559394180775
1790592462922934300,26.977934326171876,-0.0013502498622983694,-0.010918808169662952,-0.09518127888441086
1790592462932947200,26.987947265625,-0.047262612730264664,-0.015913832932710648,-0.19374194741249084
1790592462942960400,26.99796044921875,-0.015461541712284088,-0.018769273534417152,-0.18045303225517273
1790592462952973000,27.00797314453125,-0.030711334198713303,-0.09087542444467545,-0.028724756091833115
1790592462962986200,27.017986328125,-0.08827582746744156,-0.1159280464053154,0.10300770401954651
1790592462972999200,27.027999267578124,-0.08346030116081238,-0.15829868614673615,0.221885085105896
1790592462983012000,27.03801220703125,-0.07557814568281174,-0.1993507742881775,0.24129261076450348
1790592462993025000,27.04802490234375,-0.10270670056343079,-0.20219875872135162,0.06324537843465805
1790592463003037200,27.058037109375,-0.0992690920829773,-0.18326501548290253,-0.15613092482089996
1790592463013050000,27.068050048828123,-0.067928746342659,-0.17548859119415283,-0.16468605399131775
1790592463023062800,27.078062744140624,-0.07285665720701218,-0.21923606097698212,-0.09143102169036865
1790592463033075700,27.08807568359375,-0.09026254713535309,-0.21584612131118774,0.0076223318465054035
1790592463043089000,27.0980888671875,-0.11320088803768158,-0.2517463266849518,0.07495955377817154
1790592463053101800,27.108101806640626,-0.08376656472682953,-0.23039044439792633,-0.0006124284118413925
1790592463063115000,27.118114990234375,-0.08937651664018631,-0.20673198997974396,-0.08542133122682571
1790592463073127700,27.128127685546875,-0.10166221112012863,-0.21669194102287292,-0.039732400327920914
1790592463083140900,27.138140869140624,-0.11305761337280273,-0.25605106353759766,0.1006031334400177
1790592463093152800,27.14815283203125,-0.12301197648048401,-0.29365062713623047,0.16447985172271729
1790592463103166000,27.158166015625,-0.11116064339876175,-0.2887256443500519,0.0516933873295784
1790592463113178600,27.1681787109375,-0.053718116134405136,-0.24815532565116882,-0.11395896226167679
1790592463123191800,27.17819189453125,-0.060753654688596725,-0.2762591242790222,-0.21118271350860596
1790592463133204700,27.188204833984376,-0.14135155081748962,-0.2952195107936859,-0.1345262974500656
1790592463143218000,27.198218017578125,-0.15001828968524933,-0.308405339717865,-0.011274393647909164
1790592463153230800,27.20823095703125,-0.08012975007295609,-0.2900013029575348,0.08408167958259583
1790592463163243800,27.218243896484374,-0.03804301470518112,-0.33006057143211365,0.09178727120161057
1790592463173257000,27.228257080078127,-0.05956854671239853,-0.33074048161506653,-0.015714948996901512
1790592463183269600,27.23826953125,-0.09299122542142868,-0.26318061351776123,-0.16800914704799652
1790592463193281800,27.24828173828125,-0.10425613075494766,-0.24499894678592682,-0.16070756316184998
1790592463203294700,27.258294677734376,-0.07458318769931793,-0.26148951053619385,-0.05302237346768379
1790592463213308000,27.268307861328125,-0.0780482292175293,-0.2051367610692978,0.087653249502182
1790592463223320800,27.27832080078125,-0.06301947683095932,-0.23372632265090942,0.21182605624198914
1790592463233333800,27.288333740234375,-0.021656319499015808,-0.25390321016311646,0.15944567322731018
1790592463243346700,27.2983466796875,-0.004270139615982771,-0.17591576278209686,-0.028186798095703125
1790592463253359900,27.30835986328125,0.042446766048669815,-0.08804714679718018,-0.2251480668783188
1790592463263372800,27.318372802734373,0.07153061032295227,-0.0901758074760437,-0.16863791644573212
1790592463273385700,27.3283857421875,0.03116561472415924,-0.08719146996736526,-0.010788898915052414
1790592463283398000,27.33839794921875,0.0049437410198152065,-0.05546297878026962,0.05009401589632034
1790592463293410800,27.348410888671875,0.05486736074090004,-0.028454529121518135,0.02920205146074295
1790592463303424000,27.358424072265624,0.09571252018213272,-0.0017089364118874073,-0.02423826977610588
1790592463313436700,27.368436767578125,0.09800896793603897,0.05024134740233421,0.0010412540286779404
1790592463323449900,27.378449951171874,0.06086879223585129,0.05852138251066208,0.13819697499275208
1790592463333462800,27.388462890625,0.08390805870294571,0.056454502046108246,0.14451399445533752
1790592463343475700,27.398475830078127,0.12411992996931076,0.11136382073163986,0.07905828952789307
1790592463353489000,27.408489013671876,0.1356503665447235,0.129299134016037,-0.07869112491607666
1790592463363501800,27.418501708984376,0.11580207943916321,0.1786310076713562,-0.024317365139722824
1790592463373513700,27.428513671875,0.09306081384420395,0.15626578032970428,-0.038765545934438705
1790592463383527000,27.43852685546875,0.15230071544647217,0.19577910006046295,0.12899495661258698
1790592463393539800,27.448539794921874,0.11398420482873917,0.14279337227344513,0.15837602317333221
1790592463403552800,27.458552734375,0.09655781090259552,0.20460587739944458,-0.004633676260709763
1790592463413566000,27.46856591796875,0.16209422051906586,0.2392091304063797,-0.005073363892734051
1790592463423578600,27.47857861328125,0.13448043167591095,0.20717503130435944,-0.05137455090880394
1790592463433591800,27.488591796875,0.1246941089630127,0.24594293534755707,0.020507629960775375
1790592463443604700,27.498604736328126,0.11375357210636139,0.21370989084243774,0.02028632164001465
1790592463453618000,27.508617919921875,0.10512200742959976,0.20383542776107788,0.031517136842012405
1790592463463629800,27.5186298828125,0.11600235104560852,0.210982546210289,-0.08469335734844208
1790592463473642800,27.528642822265624,0.13562239706516266,0.22037844359874725,-0.1085137352347374
1790592463483655700,27.53865576171875,0.0741443783044815,0.15173813700675964,0.05494869500398636
1790592463493668900,27.5486689453125,0.02880992367863655,0.11700546741485596,0.11859611421823502
1790592463503681800,27.558681884765626,0.0585465170443058,0.15699708461761475,0.03436698764562607
1790592463513694700,27.56869482421875,0.04872051626443863,0.12153230607509613,0.0802905336022377
1790592463523708000,27.5787080078125,0.03547928109765053,0.05720178410410881,0.07153033465147018
1790592463533720800,27.588720947265625,0.04072197899222374,0.08143281936645508,-0.11776874959468842
1790592463543733800,27.598733642578125,0.08776804804801941,0.10352374613285065,-0.12630312144756317
1790592463553746700,27.60874658203125,0.04587998986244202,0.04749323055148125,-0.09674709290266037
1790592463563758800,27.6187587890625,0.01623820699751377,0.05768861249089241,0.05110388994216919
1790592463573771800,27.628771728515623,0.015970027074217796,0.00996449775993824,0.18818238377571106
1790592463583784700,27.63878466796875,0.012556387111544609,-0.014108081348240376,0.14575903117656708
1790592463593798000,27.6487978515625,-0.0070790997706353664,-0.021300479769706726,0.039281848818063736
1790592463603810800,27.658810791015625,-0.06703244894742966,-0.05326134338974953,-0.0894273966550827
1790592463613824000,27.668823974609374,-0.05873403698205948,-0.06589671224355698,-0.08286376297473907
1790592463623836700,27.678836669921875,-0.022569643333554268,-0.0747663676738739,0.05529490485787392
1790592463633849900,27.688849853515624,-0.03688626363873482,-0.14173582196235657,0.05873144790530205
1790592463643862800,27.69886279296875,-0.03360658138990402,-0.08531994372606277,-0.13284331560134888
1790592463653875000,27.708875,-0.06372799724340439,-0.04844474792480469,-0.18144120275974274
1790592463663887600,27.7188876953125,-0.09290532767772675,-0.08635085076093674,-0.00912456400692463
1790592463673900800,27.72890087890625,-0.044799577444791794,-0.12170271575450897,0.10174016654491425
1790592463683913700,27.738913818359375,-0.0016257448587566614,-0.07604921609163284,0.16010227799415588
1790592463693927000,27.748927001953124,-0.024169137701392174,-0.07954248040914536,0.11294861137866974
1790592463703939800,27.75893994140625,-0.05784693732857704,-0.06410866230726242,-0.025163453072309494
1790592463713952800,27.768952880859374,-0.07775940001010895,0.0010399784659966826,-0.20538941025733948
1790592463723966000,27.778966064453126,-0.052820220589637756,0.011418051086366177,-0.09287778288125992
1790592463733978600,27.788978515625,-0.01393993478268385,-0.04772329702973366,0.009588136337697506
1790592463743990800,27.79899072265625,-0.008395499549806118,-0.04857764020562172,0.09336239844560623
1790592463754003700,27.809003662109376,-0.021097980439662933,-0.04284358769655228,-0.024027081206440926
1790592463764017000,27.819016845703125,0.002350887283682823,0.02958586998283863,-0.12397737801074982
1790592463774029800,27.82902978515625,-0.011876517906785011,0.0019800744485110044,-0.06472151726484299
1790592463784042800,27.839042724609374,-0.04263016954064369,0.006730887573212385,0.07524996995925903
1790592463794055700,27.8490556640625,-0.00022625370183959603,0.008669402450323105,0.22508394718170166
1790592463804068900,27.85906884765625,0.027207501232624054,-0.018756628036499023,0.2174830138683319
1790592463814081800,27.869081787109376,0.06226455420255661,0.0018583678174763918,0.018380828201770782
1790592463824093700,27.87909375,0.06287628412246704,0.07878803461790085,-0.31064897775650024
1790592463834107000,27.88910693359375,0.05192137137055397,0.11207994818687439,-0.269787073135376
1790592463844119800,27.899119873046875,0.008434878662228584,0.048989661037921906,-0.02519301325082779
1790592463854133000,27.909133056640623,-0.0020545138977468014,0.04174906015396118,0.1602969467639923
1790592463864145700,27.919145751953124,0.05583115667104721,0.03318646550178528,0.2460251748561859
1790592463874158800,27.929158935546877,0.08043290674686432,0.04881682246923447,0.10814160853624344
1790592463884171800,27.939171875,0.05418878793716431,0.13517780601978302,-0.01574118807911873
1790592463894184700,27.949184814453126,0.011975818313658237,0.13274447619915009,-0.09184980392456055
1790592463904197600,27.95919775390625,0.07222690433263779,0.16004186868667603,-0.10589584708213806
1790592463914210800,27.9692109375,0.06937359273433685,0.17163541913032532,-0.1043701246380806
1790592463924222700,27.97922265625,0.015327406115829945,0.14890612661838531,-0.043214090168476105
1790592463934236000,27.98923583984375,0.029309799894690514,0.1224452331662178,0.059924278408288956
1790592463944248800,27.999248779296874,0.039803456515073776,0.14583151042461395,0.11920171231031418
1790592463954261800,28.00926171875,0.020036673173308372,0.14597877860069275,0.08160826563835144
1790592463964275000,28.01927490234375,0.003423608373850584,0.14056457579135895,-0.009874777868390083
1790592463974288000,28.029287841796876,0.006685448344796896,0.17248442769050598,-0.19656343758106232
1790592463984300800,28.03930078125,0.06805027276277542,0.2110411375761032,-0.20642033219337463
1790592463994313700,28.049313720703125,0.06900794059038162,0.12594328820705414,0.05838337168097496
1790592464004327000,28.059326904296874,-0.012095163576304913,0.06711380183696747,0.14555396139621735
1790592464014338800,28.0693388671875,0.008233543485403061,0.10345210134983063,0.10540760308504105
1790592464024351500,28.0793515625,0.03643615543842316,0.07174929976463318,-0.04852869734168053
1790592464034364700,28.08936474609375,0.052856139838695526,0.1282101720571518,-0.09731780737638474
1790592464044377600,28.099377685546877,0.020216703414916992,0.11593060940504074,-0.0766087993979454
1790592464054390800,28.109390869140626,0.010160873644053936,0.07875261455774307,0.015619397163391113
1790592464064403700,28.11940380859375,0.0516611784696579,0.05502624809741974,0.04636719077825546
1790592464074416600,28.129416748046875,0.030719144269824028,0.05027277395129204,0.005959313362836838
1790592464084429800,28.139429931640624,0.02495606429874897,0.05550269037485123,0.015974929556250572
1790592464094442500,28.1494423828125,0.0041461242362856865,0.05391091853380203,0.06049951910972595
1790592464104454700,28.15945458984375,0.009710533544421196,0.020216869190335274,0.12808814644813538
1790592464114467600,28.169467529296874,0.0295321736484766,-0.009425711818039417,0.006274631712585688
1790592464124480800,28.179480712890626,0.037568796426057816,0.017981944605708122,-0.05219240486621857
1790592464134493700,28.18949365234375,0.006805024109780788,-0.01347185205668211,0.0020974637009203434
1790592464144506600,28.199506591796876,-0.0014052351471036673,-0.022972146049141884,0.1290748417377472
1790592464154519800,28.209519775390625,-0.022853536531329155,-0.031450055539608,0.1875368356704712
1790592464164532700,28.21953271484375,-0.01632373221218586,-0.028994884341955185,0.05999964475631714
1790592464174545700,28.229545654296874,0.00976246502250433,-0.0013225116999819875,-0.10072185844182968
1790592464184558600,28.23955859375,0.0036872613709419966,-0.003772619878873229,-0.2753692865371704
1790592464194570800,28.24957080078125,0.024863386526703835,-0.008273894898593426,-0.18414245545864105
1790592464204583700,28.259583740234376,0.01629812829196453,-0.11959189921617508,0.006344140041619539
1790592464214596900,28.269596923828125,-0.04755089059472084,-0.12717978656291962,0.06061403825879097
1790592464224609500,28.279609619140626,-0.08809486031532288,-0.10875310003757477,0.01807430014014244
1790592464234622700,28.289622802734375,-0.09256604313850403,-0.08818630129098892,0.10636074841022491
1790592464244635600,28.2996357421875,-0.09924525022506714,-0.13144509494304657,0.17454326152801514
1790592464254648600,28.309648681640624,-0.04404111206531525,-0.073011614382267,0.09550970047712326
1790592464264661800,28.319661865234377,-0.04670746624469757,-0.06910182535648346,-0.051335934549570084
1790592464274674700,28.3296748046875,-0.04085517302155495,-0.03780728578567505,-0.11166691780090332
1790592464284686600,28.3396865234375,-0.06132066622376442,-0.057251881808042526,-0.10564786940813065
1790592464294699800,28.34969970703125,-0.07237491011619568,-0.03177022561430931,-0.15970151126384735
1790592464304712700,28.359712646484375,-0.06625496596097946,-0.0582798607647419,-0.07052077353000641
1790592464314725600,28.3697255859375,-0.0852382481098175,-0.06845580786466599,-0.003118827473372221
1790592464324738800,28.37973876953125,-0.09862542897462845,-0.048451200127601624,-0.031185347586870193
1790592464334751500,28.38975146484375,-0.03792106732726097,-0.006140496581792831,0.04687909409403801
1790592464344764700,28.3997646484375,-0.010694505646824837,-0.05498846247792244,0.25840067863464355
1790592464354777600,28.409777587890623,-0.04255496710538864,-0.09317339956760406,0.09946347028017044
1790592464364790800,28.419790771484376,-0.06474761664867401,-0.028292404487729073,-0.02190742827951908
1790592464374802700,28.429802734375,-0.04037730023264885,-0.014466335996985435,-0.13363130390644073
1790592464384815600,28.439815673828125,0.025713836774230003,-0.033648550510406494,-0.06007718667387962
1790592464394828800,28.449828857421874,-0.006597232539206743,-0.08748728781938553,0.022647522389888763
1790592464404841700,28.459841796875,-0.050749246031045914,-0.06277821213006973,0.1048198863863945
1790592464414854700,28.469854736328124,-0.024351993575692177,-0.0753675028681755,0.08478998392820358
1790592464424867600,28.47986767578125,-0.002608615905046463,-0.07556138187646866,-0.03250947222113609
1790592464434880800,28.489880859375,0.0073827654123306274,-0.04240768775343895,-0.08889046311378479
1790592464444893700,28.499893798828126,-0.002084505744278431,-0.034684520214796066,-0.1568649858236313
1790592464454905900,28.50990576171875,0.04757332801818848,-0.04126226156949997,-0.09050194174051285
1790592464464918500,28.51991845703125,0.0341683067381382,-0.09134860336780548,0.002521215006709099
1790592464474931700,28.529931640625,-0.03166210651397705,-0.08531787246465683,0.06743656098842621
1790592464484944600,28.539944580078124,-0.06678839772939682,-0.13612592220306396,0.15698908269405365
1790592464494957600,28.54995751953125,-0.05319349467754364,-0.15667833387851715,0.15515416860580444
1790592464504970800,28.559970703125,-0.028557924553751945,-0.14128580689430237,0.05260249227285385
1790592464514983700,28.569983642578126,-0.003794255433604121,-0.1162978932261467,-0.06796387583017349
1790592464524996900,28.579996826171875,0.031855616718530655,-0.14354869723320007,-0.1846180558204651
1790592464535009500,28.590009521484376,0.041545797139406204,-0.10825648158788681,-0.27435165643692017
1790592464545021700,28.600021728515625,-0.03386933356523514,-0.12491188943386078,-0.13930542767047882
1790592464555034600,28.61003466796875,-0.061235442757606506,-0.1599055528640747,0.029224198311567307
1790592464565047800,28.6200478515625,-0.000127615116070956,-0.18513421714305878,0.21236126124858856
1790592464575060500,28.630060546875,-0.028741415590047836,-0.22817330062389374,0.21497061848640442
1790592464585073700,28.64007373046875,-0.07552463561296463,-0.22869127988815308,0.15576189756393433
1790592464595086600,28.650086669921876,-0.046495646238327026,-0.18991193175315857,-0.046060435473918915
1790592464605099800,28.660099853515625,0.02838924713432789,-0.16761887073516846,-0.12476536631584167
1790592464615112700,28.67011279296875,-0.01630312204360962,-0.201033815741539,-0.08016408234834671
1790592464625125600,28.680125732421875,-0.08862525969743729,-0.17043302953243256,-0.16800126433372498
1790592464635137800,28.6901376953125,-0.04723307490348816,-0.1158430278301239,-0.06484637409448624
1790592464645150700,28.700150634765624,0.014687816612422466,-0.1495610475540161,-0.04741198942065239
1790592464655163600,28.71016357421875,0.06858007609844208,-0.09975593537092209,0.06422612071037292
1790592464665176600,28.720176513671873,-0.007998054847121239,-0.14285041391849518,0.12447747588157654
1790592464675189800,28.730189697265626,-0.054793257266283035,-0.1353440284729004,0.08255399763584137
1790592464685202700,28.74020263671875,-0.019652847200632095,-0.09782008826732635,0.032113995403051376
1790592464695215600,28.750215576171875,0.008956694044172764,-0.08513278514146805,-0.0987851694226265
1790592464705228500,28.760228515625,0.023393424227833748,-0.039546120911836624,-0.16712453961372375
1790592464715240700,28.77024072265625,-0.0054731122218072414,-0.037873122841119766,-0.08096542209386826
1790592464725253600,28.780253662109374,0.007114052306860685,-0.04151766002178192,0.01823120191693306
1790592464735266600,28.7902666015625,0.05259152129292488,0.00390281667932868,0.0874725878238678
1790592464745279700,28.80027978515625,0.03639630600810051,-0.003630200633779168,0.0805949717760086
1790592464755292700,28.810292724609376,0.035221319645643234,0.03887252137064934,0.04572221636772156
1790592464765305900,28.820305908203125,0.037575554102659225,0.05108817294239998,-0.034092456102371216
1790592464775318500,28.830318603515625,0.08137869834899902,0.0677289292216301,-0.09059594571590424
1790592464785331700,28.840331787109374,0.1017175242304802,0.07784122228622437,-0.013885455206036568
1790592464795344600,28.8503447265625,0.050099071115255356,0.08230787515640259,0.03604854643344879
1790592464805356800,28.860356689453123,0.03671988099813461,0.10572504997253418,0.03939827159047127
1790592464815369700,28.87036962890625,0.07169783860445023,0.12751635909080505,-0.010297644883394241
1790592464825382700,28.880382568359376,0.09928179532289505,0.15821142494678497,0.011104850098490715
1790592464835395600,28.8903955078125,0.09226809442043304,0.17479759454727173,0.06426713615655899
1790592464845408800,28.90040869140625,0.10321608185768127,0.19277259707450867,0.05180913582444191
1790592464855421700,28.910421630859375,0.12466012686491013,0.24360595643520355,-0.008051002398133278
1790592464865434600,28.9204345703125,0.06541384756565094,0.21584276854991913,-0.006404103245586157
1790592464875447800,28.93044775390625,0.05052917078137398,0.24167542159557343,-0.04942161217331886
1790592464885460700,28.940460693359373,0.07290105521678925,0.2354723960161209,0.010698450729250908
1790592464895472600,28.95047265625,0.06544553488492966,0.1721717119216919,0.09982139617204666
1790592464905485600,28.960485595703126,0.09014075994491577,0.1805819869041443,0.14774152636528015
1790592464915498800,28.970498779296875,0.08828666806221008,0.18268375098705292,0.01914173737168312
1790592464925511700,28.98051171875,0.09169764816761017,0.2061358094215393,0.0425431989133358
1790592464935524600,28.990524658203125,0.07193219661712646,0.16140694916248322,-0.0027907262556254864
1790592464945537500,29.00053759765625,0.0692266896367073,0.21748806536197662,-0.060626331716775894
1790592464955550700,29.01055078125,0.05744646489620209,0.17001348733901978,0.005748966243118048
1790592464965563600,29.020563720703127,0.051354482769966125,0.10610268265008926,0.025904567912220955
1790592464975576600,29.03057666015625,0.06006382033228874,0.13968780636787415,-0.031014639884233475
1790592464985588700,29.040588623046876,0.046848949044942856,0.10692400485277176,-0.05615141615271568
1790592464995601700,29.0506015625,0.07404222339391708,0.10722414404153824,-0.0181619580835104
1790592465005614800,29.06061474609375,0.05223439261317253,0.10406243801116943,0.021629394963383675
1790592465015627500,29.07062744140625,0.024458687752485275,0.09216929227113724,0.0625280886888504
1790592465025641500,29.080641357421875,0.033007968217134476,0.10344431549310684,0.20685118436813354
1790592465035654700,29.090654541015624,0.008127651177346706,0.05745659023523331,0.21013619005680084
1790592465045667600,29.10066748046875,0.04283130541443825,0.062072914093732834,0.04874436929821968
1790592465055680500,29.110680419921874,0.06661573052406311,0.1084531918168068,-0.16317933797836304
1790592465065692700,29.120692626953126,0.03211793676018715,0.11648421734571457,-0.3994866609573364
1790592465075705600,29.13070556640625,0.037572890520095825,0.13819697499275208,-0.6035921573638916
1790592465085718500,29.140718505859375,0.0547148622572422,0.1278492659330368,-0.35375964641571045
1790592465095731500,29.1507314453125,-0.061163004487752914,0.025867769494652748,0.0013148030266165733
1790592465105744600,29.16074462890625,-0.10603513568639755,-0.06887684762477875,0.4447692036628723
1790592465115757600,29.170757568359374,-0.003956441767513752,-0.08031778782606125,0.2457418590784073
1790592465125770500,29.1807705078125,0.04850836470723152,0.03345378488302231,-0.02352236956357956
1790592465135783700,29.19078369140625,-0.06463523209095001,0.07838823646306992,-0.007103715557605028
1790592465145796600,29.200796630859376,-0.183228999376297,0.013321884907782078,0.2189568430185318
1790592465155808500,29.21080859375,-0.1434144824743271,-0.10077592730522156,0.541688859462738
1790592465165821400,29.220821533203125,0.07295884937047958,-0.1662079244852066,0.5349137783050537
1790592465175834600,29.230834716796874,0.11964725703001022,-0.10355706512928009,0.1333330273628235
1790592465185847600,29.24084765625,-0.037884846329689026,0.03263726085424423,-0.382030189037323
1790592465195860700,29.25086083984375,-0.1938377022743225,0.08375237137079239,-0.2282816469669342
1790592465205873400,29.260873291015624,-0.15011738240718842,0.04513680562376976,-0.28296539187431335
1790592465215886600,29.270886474609377,0.011601478792726994,0.024652035906910896,-0.0906558707356453
1790592465225899500,29.2808994140625,0.04260999336838722,-0.0052499352023005486,0.0315970741212368
1790592465235911700,29.29091162109375,-0.07625327259302139,0.019276179373264313,-0.01865144819021225
1790592465245924400,29.30092431640625,-0.08099130541086197,0.0861247181892395,0.008893360383808613
1790592465255937500,29.3109375,0.04454584792256355,0.024296771734952927,0.1021689772605896
1790592465265950500,29.320950439453124,0.042982038110494614,-0.006091227754950523,0.17972715198993683
1790592465275963600,29.330963623046873,-0.10700985789299011,0.025364698842167854,0.11502352356910706
1790592465285976600,29.3409765625,-0.07960221916437149,0.0938941016793251,-0.04628102108836174
1790592465295989500,29.350989501953126,0.05389032140374184,0.09679242223501205,-0.1707419902086258
1790592465306002700,29.361002685546875,0.03092188760638237,0.09891682863235474,-0.24526390433311462
1790592465316015400,29.371015380859376,-0.028133975341916084,0.12095874547958374,-0.3008009195327759
1790592465326027500,29.381027587890625,-0.02648681029677391,0.07671085745096207,-0.14009486138820648
1790592465336040400,29.39104052734375,-0.08362386375665665,0.03924977034330368,0.09317753463983536
1790592465346053600,29.4010537109375,-0.06861002743244171,0.016773756593465805,0.21338756382465363
1790592465356066600,29.411066650390627,0.034259360283613205,0.000893060234375298,0.12598128616809845
1790592465366079500,29.42107958984375,0.035459380596876144,0.048120226711034775,-0.10835504531860352
1790592465376092700,29.4310927734375,-0.02100895345211029,0.09778071939945221,-0.18083111941814423
1790592465386105600,29.441105712890625,-0.04056720808148384,0.06609629094600677,-0.0364702008664608
1790592465396118500,29.451118408203126,-0.03333912417292595,0.027614420279860497,0.24388368427753448
1790592465406130400,29.46113037109375,-0.003289078827947378,-0.0466638058423996,0.31171706318855286
1790592465416143600,29.4711435546875,-0.00966122467070818,-0.01785159856081009,0.08192408084869385
1790592465426156500,29.481156494140624,-0.004065922927111387,0.0785532295703888,-0.19876857101917267
1790592465436169700,29.491169677734376,0.0039741601794958115,0.07121702283620834,-0.24190005660057068
1790592465446182400,29.501182373046873,-0.0011074175126850605,0.02335229702293873,-0.01560300588607788
1790592465456195600,29.511195556640626,-0.022472361102700233,-0.042079973965883255,0.15405260026454926
1790592465466208500,29.52120849609375,-0.04359522461891174,-0.017177285626530647,0.1977718472480774
1790592465476221400,29.531221435546875,-0.06853944808244705,-0.01706889644265175,0.11947598308324814
1790592465486234600,29.541234619140624,-0.009556828998029232,0.026398153975605965,-0.11619193106889725
1790592465496246500,29.55124658203125,0.05961798131465912,0.10086146742105484,-0.13351953029632568
1790592465506259500,29.561259521484374,-0.006635873578488827,0.021963192149996758,-0.05077750235795975
1790592465516272600,29.571272705078126,-0.02528625726699829,0.00892249122262001,-0.04371106997132301
1790592465526285600,29.58128564453125,0.03652863949537277,0.04213530570268631,-0.013749711215496063
1790592465536298500,29.591298583984376,-0.009641517885029316,-0.018292086198925972,0.05234089493751526
1790592465546311700,29.601311767578125,-0.03745317459106445,-0.024944394826889038,-0.0695759579539299
1790592465556324600,29.61132470703125,-0.011848479509353638,0.03984951600432396,-0.05376423895359039
1790592465566337500,29.621337646484374,-0.00706197926774621,0.005249991547316313,-0.024158677086234093
1790592465576349400,29.631349365234374,-0.009731265716254711,-0.01736503839492798,0.06997820734977722
1790592465586362600,29.641362548828123,-0.033198241144418716,-0.025941217318177223,0.006314544472843409
1790592465596375600,29.65137548828125,-0.02985517680644989,0.016299713402986526,-0.14178811013698578
1790592465606388500,29.661388427734376,-0.010486272163689137,-0.010869855992496014,-0.09351830929517746
1790592465616401700,29.671401611328125,-0.028025317937135696,-0.05283514782786369,0.0880884975194931
1790592465626414600,29.68141455078125,-0.08342306315898895,-0.08921313285827637,0.18627817928791046
1790592465636427500,29.691427490234375,-0.11848250776529312,-0.09929879009723663,0.16688291728496552
1790592465646440400,29.7014404296875,-0.06953787058591843,-0.05076560750603676,0.03692784905433655
1790592465656452600,29.71145263671875,0.014157555066049099,-0.028778815641999245,-0.15110810101032257
1790592465666465500,29.721465576171877,0.023893006145954132,-0.05069609731435776,-0.14594051241874695
1790592465676478700,29.731478759765626,-0.05386490374803543,-0.07509997487068176,-0.028577925637364388
1790592465686491400,29.741491455078126,-0.08136257529258728,-0.1062280684709549,0.1363348662853241
1790592465696504600,29.751504638671875,-0.08687611669301987,-0.18120670318603516,0.18413354456424713
1790592465706517500,29.761517578125,-0.07901259511709213,-0.16639527678489685,0.11758966743946075
1790592465716530700,29.77153076171875,-0.0779862180352211,-0.14835554361343384,-0.010982153937220573
1790592465726543600,29.781543701171874,-0.07198265194892883,-0.15359771251678467,-0.08806601911783218
1790592465736556500,29.791556640625,-0.08315753936767578,-0.16018451750278473,-0.17619667947292328
1790592465746568400,29.801568359375,-0.07072936743497849,-0.11089712381362915,-0.25979703664779663
1790592465756581600,29.81158154296875,-0.05932358652353287,-0.14716751873493195,-0.054128557443618774
1790592465766594600,29.821594482421876,-0.09786777943372726,-0.22449053823947906,0.06034555658698082
1790592465776607500,29.831607421875,-0.12373905628919601,-0.20414185523986816,0.10412286221981049
1790592465786620700,29.84162060546875,-0.15684747695922852,-0.22875185310840607,0.04654984921216965
1790592465796633600,29.851633544921874,-0.11411093175411224,-0.21408715844154358,0.041781194508075714
1790592465806646500,29.861646484375,-0.13101720809936523,-0.22178049385547638,0.013008133508265018
1790592465816659500,29.871659423828124,-0.13966795802116394,-0.20506756007671356,0.004830098245292902
1790592465826671600,29.881671630859376,-0.11060407757759094,-0.20436528325080872,-0.03549868240952492
1790592465836684500,29.8916845703125,-0.04569459334015846,-0.1844584196805954,-0.19373945891857147
1790592465846697500,29.901697509765626,0.017967740073800087,-0.14058656990528107,-0.33508992195129395
1790592465856710700,29.911710693359375,-0.040241505950689316,-0.14142493903636932,-0.17129459977149963
1790592465866723600,29.9217236328125,-0.13438478112220764,-0.20068134367465973,0.06513631343841553
1790592465876736800,29.93173681640625,-0.10695688426494598,-0.2302834391593933,0.22123856842517853
1790592465886749400,29.94174951171875,-0.06697644293308258,-0.25737470388412476,0.35305890440940857
1790592465896762600,29.9517626953125,-0.07931513339281082,-0.27570897340774536,0.11434993147850037
1790592465906774500,29.9617744140625,-0.03228184953331947,-0.1498413234949112,-0.10157570242881775
1790592465916787700,29.97178759765625,0.021738508716225624,-0.17106086015701294,-0.17255666851997375
1790592465926800400,29.98180029296875,0.012526635080575943,-0.10771757364273071,-0.03176413103938103
1790592465936813600,29.9918134765625,0.022774744778871536,-0.13035550713539124,0.08829862624406815
1790592465946826500,30.001826416015625,0.04932992160320282,-0.12609365582466125,0.07051483541727066
1790592465956839700,30.011839599609374,0.001866534468717873,-0.10709226876497269,-0.010467898100614548
1790592465966852600,30.0218525390625,-0.023076632991433144,-0.07476761192083359,-0.14340224862098694
1790592465976865500,30.031865478515623,0.028794288635253906,-0.08580615371465683,-0.08024325221776962
1790592465986878700,30.041878662109376,0.026384394615888596,-0.09808572381734848,-0.04940730705857277
1790592465996890600,30.051890625,0.05409831181168556,-0.05598966404795647,-0.04797186329960823
1790592466006903600,30.061903564453125,0.07465605437755585,-0.03951401636004448,0.038710035383701324
1790592466016916500,30.07191650390625,0.01709102652966976,-0.05987787991762161,0.05209561437368393
1790592466026929700,30.0819296875,0.008472238667309284,-0.011427521705627441,0.11537498235702515
1790592466036942800,30.09194287109375,0.04500814527273178,-0.026014452800154686,0.06892465800046921
1790592466046955500,30.10195556640625,0.0939280241727829,0.008840998634696007,0.030057156458497047
1790592466056968700,30.11196875,0.07543928921222687,-0.012412890791893005,-0.0032110498286783695
1790592466066982000,30.12198193359375,0.05481603369116783,-0.0009586355881765485,-0.008522991091012955
1790592466076993800,30.131993896484374,0.06335972249507904,0.003924003802239895,-0.12271907925605774
1790592466087006500,30.14200634765625,0.07637140154838562,0.039751242846250534,-0.13812333345413208
1790592466097019600,30.15201953125,-0.00016652263002470136,-0.026789700612425804,-0.06021867319941521
1790592466107032800,30.16203271484375,-0.0170429740101099,-0.020105699077248573,0.06301084905862808
1790592466117045800,30.172045654296873,0.025611810386180878,-0.019642841070890427,0.23788198828697205
1790592466127058700,30.18205859375,0.04679086431860924,-0.06699065119028091,0.30025163292884827
1790592466137071600,30.192071533203126,0.05563788488507271,-0.04385177418589592,0.12113433331251144
1790592466147084800,30.202084716796875,0.028593219816684723,0.03372690826654434,-0.15570472180843353
1790592466157096700,30.2120966796875,0.011511172167956829,0.06347308307886124,-0.23688346147537231
1790592466167109600,30.222109619140625,0.009700221940875053,0.022865204140543938,-0.14083150029182434
1790592466177122600,30.23212255859375,0.005720395129173994,0.0201149582862854,0.03417999669909477
1790592466187135700,30.2421357421875,-0.03690483048558235,-0.006692954339087009,0.06603167206048965
1790592466197148700,30.252148681640627,0.003565897699445486,0.015146831050515175,-0.005422273185104132
1790592466207161600,30.26216162109375,0.010919949971139431,0.010377109982073307,0.07122829556465149
1790592466217174800,30.2721748046875,-0.009364282712340355,0.0027628657408058643,0.05686693638563156
1790592466227187700,30.282187744140625,0.05909280478954315,0.041696418076753616,0.015893401578068733
1790592466237200000,30.292199951171874,0.06943466514348984,0.023042837157845497,-0.00970117375254631
1790592466247212500,30.302212646484374,0.0031025076750665903,0.03339054808020592,-0.08102462440729141
1790592466257225700,30.312225830078123,-0.0048345113173127174,0.060996077954769135,-0.054740019142627716
1790592466267238700,30.32223876953125,0.05782034620642662,0.019830266013741493,0.018791453912854195
1790592466277251800,30.332251953125,0.08967895060777664,0.02282419241964817,0.020245539024472237
1790592466287264500,30.342264404296873,0.042888302356004715,0.01952897384762764,0.04808976501226425
1790592466297277700,30.352277587890626,0.004063672386109829,-0.00914661306887865,0.04488598555326462
1790592466307291000,30.362290771484375,0.02701452746987343,0.024372732266783714,0.07655789703130722
1790592466317302800,30.372302734375,0.037291668355464935,-0.010194034315645695,0.08066102862358093
1790592466327315500,30.3823154296875,0.035786982625722885,-0.03241811320185661,-0.006493051536381245
1790592466337328600,30.39232861328125,0.016901705414056778,0.006695201154798269,-0.11284452676773071
1790592466347341800,30.402341796875,0.0007339222356677055,-0.031288668513298035,-0.11892212182283401
1790592466357354800,30.412354736328126,0.024761492386460304,-0.04664871469140053,-0.022669358178973198
1790592466367367700,30.42236767578125,0.030495544895529747,-0.021554546430706978,0.008251539431512356
1790592466377380600,30.432380615234376,0.056841135025024414,-0.009842497296631336,0.08772426098585129
1790592466387393800,30.442393798828125,0.007295684888958931,-0.05997490510344505,0.195346862077713
1790592466397405700,30.45240576171875,-0.01671990379691124,-0.02498869225382805,-0.002169942483305931
1790592466407418600,30.462418701171874,0.039935655891895294,0.043088097125291824,-0.12291952222585678
1790592466417431600,30.472431640625,0.04677625000476837,-0.038260024040937424,-0.08615671843290329
1790592466427444700,30.48244482421875,0.0011794690508395433,-0.02980315499007702,-0.07485692948102951
1790592466437457700,30.492457763671876,-0.030278589576482773,-0.03680353984236717,-0.0398976132273674
1790592466447470600,30.502470703125,0.0029739071615040302,-0.07539993524551392,0.15897899866104126
1790592466457483800,30.51248388671875,-0.0035239397548139095,-0.09072615951299667,0.19418278336524963
1790592466467496700,30.52249658203125,-0.01446021068841219,-0.025684842839837074,0.04710572957992554
1790592466477508900,30.5325087890625,0.023012861609458923,0.0025206960272043943,-0.04976888746023178
1790592466487521500,30.542521484375,0.03453982248902321,0.020240038633346558,-0.08643342554569244
1790592466497534700,30.55253466796875,0.005842131562530994,-0.006858158390969038,0.06601337343454361
1790592466507547600,30.562547607421877,-0.03831760585308075,-0.04208432137966156,0.02335192821919918
1790592466517560800,30.572560791015626,0.029384741559624672,0.06955565512180328,-0.0270161684602499
1790592466527573500,30.582573486328126,0.04554666951298714,0.010976764373481274,-0.07511498779058456
1790592466537586700,30.592586669921875,0.03468416631221771,0.04805036261677742,-0.22755220532417297
1790592466547600000,30.602599853515624,0.04235726594924927,0.12759844958782196,-0.10496609658002853
1790592466557611800,30.61261181640625,0.0014042399125173688,0.057710714638233185,0.06759475916624069
1790592466567624400,30.62262451171875,0.02991923689842224,0.017645055428147316,0.24475647509098053
1790592466577637600,30.6326376953125,0.02823718450963497,0.06742912530899048,0.2336985021829605
1790592466587650800,30.64265087890625,0.00987522304058075,0.09484636783599854,0.08621957898139954
1790592466597663700,30.652663818359375,0.09671904146671295,0.12097011506557465,-0.10946683585643768
1790592466607676700,30.6626767578125,0.10028421133756638,0.1401134431362152,-0.2634289860725403
1790592466617689600,30.672689697265625,0.08887336403131485,0.1521938145160675,-0.34255361557006836
1790592466627702800,30.682702880859374,0.055335115641355515,0.09336298704147339,-0.10883619636297226
1790592466637714700,30.692714599609374,-0.007380729541182518,0.06467701494693756,0.16295163333415985
1790592466647727600,30.7027275390625,0.012899242341518402,0.055423326790332794,0.24677009880542755
1790592466657740500,30.712740478515624,0.0690155029296875,0.05743694305419922,0.16944122314453125
1790592466667753700,30.722753662109376,0.05864063277840614,0.10325130075216293,-0.11665630340576172
1790592466677766700,30.7327666015625,0.041470967233181,0.16507205367088318,-0.14839400351047516
1790592466687779600,30.742779541015626,0.03539629653096199,0.09757664054632187,-0.07644124329090118
1790592466697792800,30.752792724609375,0.062254808843135834,0.09358882158994675,0.03406183049082756
1790592466707805700,30.7628056640625,0.03761524334549904,0.057691540569067,0.1519722193479538
1790592466717817900,30.77281787109375,-0.008806053549051285,0.03428741544485092,0.04547587037086487
1790592466727830500,30.78283056640625,0.013452114537358284,0.11906781792640686,-0.09633931517601013
1790592466737843700,30.79284375,0.06786608695983887,0.13908998668193817,-0.15138685703277588
1790592466747856600,30.802856689453126,0.06538987904787064,0.10891318321228027,-0.0632719099521637
1790592466757869800,30.812869873046875,-0.004670963156968355,0.07488783448934555,0.050998471677303314
1790592466767882500,30.822882568359375,0.014313113875687122,0.08300542086362839,0.12155652791261673
1790592466777895700,30.832895751953124,0.02761826664209366,0.03210868313908577,0.07968577742576599
1790592466787908900,30.842908935546873,0.048235129565000534,0.04816141724586487,0.00023009814321994781
1790592466797920800,30.852920654296874,-0.0018330987077206373,0.04716060310602188,-0.0340687558054924
1790592466807933700,30.86293359375,-0.019536197185516357,0.04390595480799675,-0.046418897807598114
1790592466817946600,30.872946533203127,0.05278993397951126,0.030620241537690163,0.008005996234714985
1790592466827959800,30.882959716796876,0.051665548235177994,0.04216504469513893,0.09072457998991013
1790592466837972700,30.89297265625,0.00042606081115081906,0.012767474167048931,0.11360432952642441
1790592466847985700,30.902985595703125,-0.0030475002713501453,0.02778477407991886,-0.011808987706899643
1790592466857998600,30.91299853515625,0.02582542598247528,0.027485966682434082,-0.051110319793224335
1790592466868011800,30.92301171875,0.0000670666922815144,-0.0015605984954163432,-0.1609710454940796
1790592466878023700,30.933023681640623,-0.013586427085101604,0.006745800841599703,-0.034082867205142975
1790592466888036600,30.94303662109375,-0.04211367666721344,-0.052168913185596466,0.011807125061750412
1790592466898049500,30.953049560546877,-0.02876085415482521,-0.027661707252264023,0.17391745746135712
1790592466908062700,30.963062744140625,-0.025422846898436546,-0.054933007806539536,0.1306762546300888
1790592466918075600,30.97307568359375,-0.003687724005430937,0.026526696979999542,0.01071416400372982
1790592466928088600,30.983088623046875,0.0004449692787602544,0.036642979830503464,-0.04597175121307373
1790592466938101800,30.993101806640624,-0.0007004562648944557,0.04305214434862137,0.04065501689910889
1790592466948114700,31.00311474609375,0.006835490465164185,0.002917240606620908,0.020680245012044907
1790592466958126800,31.013126953125,0.004326260183006525,-0.002945708343759179,0.004507134668529034
1790592466968139800,31.023139892578126,-0.009297939017415047,-0.05473220720887184,-0.06088971346616745
1790592466978152700,31.033152587890626,0.007857877761125565,0.013707037083804607,-0.12688978016376495
1790592466988165600,31.04316552734375,-0.0035218088887631893,0.0326964408159256,-0.09456698596477509
1790592466998178800,31.0531787109375,-0.008204445242881775,0.01966213248670101,-0.018421882763504982
1790592467008191500,31.06319140625,0.03269052505493164,0.038097597658634186,0.017663948237895966
1790592467018204700,31.07320458984375,0.016523538157343864,0.05048209801316261,0.11234918236732483
1790592467028217300,31.08321728515625,0.01672567054629326,0.02632376365363598,0.12029951810836792
1790592467038229500,31.0932294921875,0.04611844941973686,0.03988910838961601,0.12272512167692184
1790592467048242400,31.103242431640624,0.01588943973183632,0.008356214500963688,0.018503379076719284
1790592467058255400,31.11325537109375,-0.029105201363563538,0.021724751219153404,-0.19523660838603973
1790592467068268500,31.1232685546875,-0.02015351690351963,0.056688860058784485,-0.17357365787029266
1790592467078281500,31.133281494140626,-0.036849938333034515,-0.018110545352101326,0.04506734758615494
1790592467088294400,31.14329443359375,-0.03179685398936272,-0.04454508423805237,0.13522545993328094
1790592467098307300,31.153307373046875,-0.0035774693824350834,-0.00476171774789691,0.10146936774253845
1790592467108320500,31.163320556640624,-0.02273678407073021,-0.021639235317707062,-0.02183419093489647
1790592467118332400,31.17333251953125,-0.01383250392973423,-0.0061873081140220165,-0.2513222396373749
1790592467128345600,31.183345703125,0.03363195061683655,0.03287221118807793,-0.18977952003479004
1790592467138358300,31.193358154296874,0.004304155707359314,-0.03792499750852585,0.01023586094379425
1790592467148371500,31.203371337890626,-0.024753861129283905,-0.0928841158747673,0.18882237374782562
1790592467158384400,31.21338427734375,-0.05913260579109192,-0.10248002409934998,0.2109931856393814
1790592467168397300,31.223397216796876,-0.06888031214475632,-0.07808253914117813,0.024827053770422935
1790592467178410500,31.233410400390625,-0.003934332635253668,-0.05664701759815216,-0.09256428480148315
1790592467188422400,31.24342236328125,-0.007283258251845837,-0.08578412979841232,-0.10428805649280548
1790592467198435600,31.253435546875,-0.04379306361079216,-0.07859998941421509,-0.05542251467704773
1790592467208448500,31.263448486328127,-0.05238015949726105,-0.09504607319831848,0.09776917099952698
1790592467218461400,31.27346142578125,-0.03210338577628136,-0.12623515725135803,0.10781195014715195
1790592467228474400,31.283474365234376,-0.013301203027367592,-0.07823513448238373,0.002393650356680155
1790592467238487600,31.293487548828125,-0.04362741485238075,-0.07700661569833755,-0.12802082300186157
1790592467248500200,31.303500244140626,-0.03530024364590645,-0.07395756989717484,-0.1104239746928215
1790592467258513400,31.313513427734375,-0.03719668090343475,-0.11674364656209946,-0.07498928904533386
1790592467268525300,31.323525390625,-0.03848645091056824,-0.11982598900794983,-0.0023603588342666626
1790592467278538500,31.33353857421875,-0.07358931005001068,-0.15566760301589966,0.14475958049297333
1790592467288551400,31.343551513671876,-0.06939945369958878,-0.14258143305778503,0.15032023191452026
1790592467298564400,31.353564453125,-0.001962891314178705,-0.10049895942211151,0.04255729541182518
1790592467308577500,31.36357763671875,0.025865279138088226,-0.10131681710481644,-0.10371176153421402
1790592467318590500,31.373590576171875,0.008911860175430775,-0.06138245016336441,-0.2408216893672943
1790592467328603400,31.383603271484375,-0.03754139319062233,-0.08060327917337418,-0.11534764617681503
1790592467338616300,31.3936162109375,-0.05903390049934387,-0.13647747039794922,0.005587026476860046
1790592467348628500,31.40362841796875,-0.034623634070158005,-0.10291551053524017,0.16695034503936768
1790592467358641400,31.413641357421874,-0.013398771174252033,-0.152444988489151,0.15563590824604034
1790592467368654600,31.423654541015626,0.05169288069009781,-0.11716688424348831,0.060629237443208694
1790592467378667300,31.433667236328127,0.04717482626438141,-0.0754745677113533,-0.16251276433467865
1790592467388680400,31.443680419921876,0.056839171797037125,-0.008565041236579418,-0.2142883539199829
1790592467398693400,31.453693359375,0.05877768620848656,-0.04697980731725693,-0.05522732436656952
1790592467408706300,31.463706298828125,0.003685140749439597,-0.05525930970907211,0.12228648364543915
1790592467418719500,31.473719482421874,-0.005230856593698263,-0.06292042881250381,0.16821002960205078
1790592467428731400,31.4837314453125,0.05439252406358719,-0.022239042446017265,0.05830562859773636
1790592467438744600,31.49374462890625,0.05621971935033798,0.0104704350233078,-0.056946124881505966
1790592467448757500,31.503757568359376,0.04985316842794418,0.033371757715940475,-0.11864490061998367
1790592467458770400,31.5137705078125,0.051726967096328735,0.03311263024806976,0.026763685047626495
1790592467468783400,31.523783447265625,0.015808116644620895,0.020411482080817223,0.052213914692401886
1790592467478796500,31.533796630859374,0.00038495147600769997,0.06716886907815933,0.14865230023860931
1790592467488809500,31.5438095703125,-0.011254128068685532,0.028954103589057922,0.09702373296022415
1790592467498821400,31.5538212890625,0.030562030151486397,0.12249524146318436,-0.06979427486658096
1790592467508834300,31.563834228515624,0.046729546040296555,0.11013684421777725,-0.15805916488170624
1790592467518847500,31.573847412109377,0.03220173716545105,0.09518052637577057,-0.15829645097255707
1790592467528860400,31.5838603515625,0.031141798943281174,0.15573228895664215,-0.05942099913954735
1790592467538873300,31.593873291015626,0.037513941526412964,0.12289311736822128,0.10384062677621841
1790592467548886500,31.603886474609375,0.05310169234871864,0.08337633311748505,0.23604446649551392
1790592467558899500,31.6138994140625,0.0675826296210289,0.1093197837471962,0.15252827107906342
1790592467568912400,31.623912353515625,0.09799540042877197,0.159072145819664,-0.020776934921741486
1790592467578924500,31.633924560546873,0.1397969126701355,0.15066561102867126,-0.11268821358680725
1790592467588937500,31.6439375,0.11952172964811325,0.17025023698806763,-0.04251046106219292
1790592467598950400,31.653950439453126,0.051541078835725784,0.1400204300880432,0.06233765557408333
1790592467608963600,31.663963623046875,0.06475967913866043,0.15443186461925507,0.08487812429666519
1790592467618976300,31.673976318359376,0.08369049429893494,0.15860582888126373,0.05500517413020134
1790592467628989400,31.683989501953125,0.08662369847297668,0.13764356076717377,-0.09729088097810745
1790592467639002400,31.69400244140625,0.10386048257350922,0.16797377169132233,-0.1465846747159958
1790592467649015600,31.704015625,0.06932567059993744,0.16319473087787628,-0.07395440340042114
1790592467659027500,31.71402734375,0.04344320669770241,0.13213108479976654,0.22960521280765533
1790592467669040400,31.724040283203124,0.04184557497501373,0.06822800636291504,0.32688915729522705
1790592467679053600,31.734053466796876,0.051544807851314545,0.17248596251010895,0.23115037381649017
1790592467689066500,31.74406640625,0.0580730140209198,0.18692216277122498,0.038979604840278625
1790592467699079400,31.754079345703126,0.06469842791557312,0.20395466685295105,-0.20602215826511383
1790592467709092400,31.76409228515625,0.056423187255859375,0.2664644122123718,-0.26676058769226074
1790592467719105500,31.77410546875,0.028210191056132317,0.20394988358020782,-0.07001212239265442
1790592467729117400,31.784117431640624,0.04526906833052635,0.12019320577383041,0.08090042322874069
1790592467739130600,31.794130615234376,0.013095419853925705,0.13116541504859924,0.1248745396733284
1790592467749143300,31.804143310546873,-0.040120929479599,0.12317301332950592,0.02366776019334793
1790592467759156500,31.814156494140626,0.03477328270673752,0.15040995180606842,-0.03545015677809715
1790592467769169400,31.82416943359375,0.10813858360052109,0.1603720337152481,0.006599826738238335
1790592467779182300,31.834182373046875,0.05908448249101639,0.14566339552402496,0.04362735152244568
1790592467789195500,31.844195556640624,-0.015960199758410454,0.14086012542247772,-0.012480656616389751
1790592467799208400,31.85420849609375,-0.009319075383245945,0.17535898089408875,-0.04903387650847435
1790592467809220400,31.864220458984374,0.03105578012764454,0.12899520993232727,0.021450145170092583
1790592467819233500,31.874233642578126,0.04836872220039368,0.11227349191904068,0.10196016728878021
1790592467829246500,31.88424658203125,0.006136580370366573,0.08998283743858337,0.07411016523838043
1790592467839259400,31.89425927734375,-0.0007120045484043658,0.07668274641036987,-0.03199204057455063
1790592467849272600,31.9042724609375,0.008184817619621754,0.09993720054626465,-0.1646757870912552
1790592467859285200,31.91428515625,0.007606645114719868,0.13647443056106567,-0.2209012508392334
1790592467869298400,31.92429833984375,-0.017514685168862343,0.08423866331577301,0.030781596899032593
1790592467879311400,31.934311279296875,-0.05675423517823219,0.008632853627204895,0.23813983798027039
1790592467889323500,31.944323486328123,-0.023266581818461418,0.04549526423215866,0.1541953980922699
1790592467899336400,31.95433642578125,-0.011821380816400051,0.05528557673096657,-0.030341945588588715
1790592467909349400,31.964349365234376,-0.013775342144072056,0.06442128121852875,-0.21778693795204163
1790592467919362600,31.974362548828125,-0.0005596717237494886,0.08568183332681656,-0.09635850787162781
1790592467929375500,31.98437548828125,-0.06578581035137177,0.0008700055768713355,-0.012722739018499851
1790592467939388400,31.994388427734375,-0.08077993988990784,0.0015621611382812262,0.14725759625434875
1790592467949401300,32.0044013671875,-0.08383698016405106,-0.004379084799438715,0.11273851245641708
1790592467959413500,32.01441357421875,-0.06790275871753693,0.011723984964191914,0.00891997292637825
1790592467969426400,32.02442651367188,-0.05318320170044899,0.021495388820767403,-0.140105202794075
1790592467979439600,32.034439697265626,-0.06280972808599472,0.05326716601848602,-0.03599157556891441
1790592467989452300,32.04445239257812,-0.07877963781356812,-0.0005726288072764874,0.0910223051905632
1790592467999465500,32.05446557617187,-0.06190239265561104,0.02720760367810726,0.05309568718075752
1790592468009478400,32.064478515625,-0.038003984838724136,0.08429884910583496,-0.04236265644431114
1790592468019491300,32.0744912109375,-0.07158005237579346,0.09288222342729568,-0.12128623574972153
1790592468029504300,32.08450415039062,-0.08940112590789795,0.07453490793704987,0.01745540276169777
1790592468039516200,32.09451611328125,-0.11013729870319366,0.03417310118675232,0.0950937420129776
1790592468049529300,32.104529296875,-0.06465103477239609,0.08066417276859283,0.06960489600896835
1790592468059542500,32.11454248046875,-0.02783816307783127,0.06566311419010162,-0.06540485471487045
1790592468069555200,32.12455517578125,-0.03923489525914192,0.09621942788362503,-0.11702650785446167
1790592468079568400,32.134568359375,-0.04241577535867691,0.07719939947128296,-0.11614713072776794
1790592468089581300,32.14458129882812,-0.020839909091591835,0.07390347123146057,-0.03164210170507431
1790592468099594200,32.15459423828125,-0.06740554422140121,0.03219889849424362,0.013361325487494469
1790592468109606100,32.16460620117188,-0.08472754061222076,0.05260723456740379,0.08207114785909653
1790592468119619300,32.17461938476563,-0.050209783017635345,0.020264476537704468,0.12472833693027496
1790592468129632300,32.18463232421875,-0.016735445708036423,0.020137177780270576,0.09046037495136261
1790592468139645400,32.1946455078125,-0.029525276273489,0.016988787800073624,0.06228519231081009
1790592468149658000,32.204658203125,-0.06894831359386444,-0.03562835231423378,-0.09994392096996307
1790592468159671300,32.21467138671875,-0.01941884681582451,0.035832252353429794,-0.32280203700065613
1790592468169684500,32.2246845703125,0.042275942862033844,0.05097285285592079,-0.2821914851665497
1790592468179697200,32.234697265625,-0.0181109681725502,-0.059428486973047256,-0.12424180656671524
1790592468189709300,32.244709228515624,-0.09462731331586838,-0.09373346716165543,0.1273459494113922
1790592468199722200,32.25472216796875,-0.12200646847486496,-0.149325892329216,0.32058092951774597
1790592468209735400,32.2647353515625,-0.10101330280303955,-0.18166226148605347,0.2855369448661804
1790592468219748400,32.27474829101563,-0.07255157083272934,-0.14903108775615692,0.06609431654214859
1790592468229761300,32.28476123046875,-0.05602559447288513,-0.10974172502756119,-0.18294453620910645
1790592468239774200,32.29477416992187,-0.028677325695753098,-0.13201960921287537,-0.287848562002182
1790592468249787400,32.30478735351563,-0.05721096694469452,-0.16054418683052063,-0.09128358960151672
1790592468259800300,32.31480029296875,-0.12420997023582458,-0.22380758821964264,0.05368611216545105
1790592468269812200,32.32481225585938,-0.10956205427646637,-0.24465401470661163,0.1604596972465515
1790592468279825200,32.3348251953125,-0.07650263607501984,-0.24591954052448273,0.05026847496628761
1790592468289838300,32.34483837890625,-0.0987507551908493,-0.22069141268730164,-0.019851692020893097
1790592468299851500,32.3548515625,-0.11856387555599213,-0.24198338389396667,-0.06642106175422668
1790592468309864200,32.3648642578125,-0.07735012471675873,-0.2069694697856903,-0.10648804903030396
1790592468319877400,32.37487744140625,-0.048755232244729996,-0.21446414291858673,-0.029065163806080818
1790592468329890300,32.384890380859375,-0.12066856771707535,-0.2733655571937561,0.03626936674118042
1790592468339903200,32.3949033203125,-0.11716677993535995,-0.265377938747406,-0.04923541098833084
1790592468349915400,32.404915283203124,-0.059876058250665665,-0.2357526421546936,-0.0803656354546547
1790592468359928300,32.41492822265625,-0.06629880517721176,-0.2973177433013916,0.029008792713284492
1790592468369941200,32.42494116210938,-0.11470948159694672,-0.3022768199443817,0.074613556265831
1790592468379954400,32.434954345703126,-0.11794894933700562,-0.26459550857543945,0.02815524861216545
1790592468389967000,32.44496704101562,-0.034843411296606064,-0.22450558841228485,-0.024875743314623833
1790592468399980300,32.45498022460937,-0.010203576646745205,-0.24275356531143188,0.024208711460232735
1790592468409993500,32.46499340820313,-0.07850220799446106,-0.22443927824497223,-0.09614886343479156
1790592468420005400,32.47500537109375,-0.0712999552488327,-0.1263103038072586,-0.13175132870674133
1790592468430018300,32.48501831054688,-0.008924194611608982,-0.15347695350646973,-0.09344388544559479
1790592468440031200,32.49503125,-0.0003765127039514482,-0.1315082609653473,0.04511266201734543
1790592468450044400,32.50504443359375,-0.06264708191156387,-0.13983650505542755,0.22063548862934113
1790592468460057300,32.51505737304687,-0.08786241710186005,-0.10000813007354736,0.3111938536167145
1790592468470070300,32.5250703125,-0.013881934806704521,-0.09268337488174438,0.2676871418952942
1790592468480083200,32.535083251953125,0.03987343609333038,-0.06658092886209488,-0.040959373116493225
1790592468490096400,32.545096435546874,0.0955825075507164,0.10364805907011032,-0.27762359380722046
1790592468500108300,32.5551083984375,0.12305913865566254,0.12048296630382538,-0.23408302664756775
1790592468510121500,32.56512158203125,0.09418035298585892,0.06028832867741585,-0.1124522015452385
1790592468520134100,32.57513403320313,0.08641990274190903,0.11636199057102203,0.08763215690851212
1790592468530147300,32.58514721679688,0.03980153053998947,0.10093269497156143,0.17288526892662048
1790592468540160500,32.595160400390625,0.05086137354373932,0.08225275576114655,0.045804016292095184
1790592468550173200,32.60517309570312,0.13170349597930908,0.16891947388648987,0.002459739800542593
1790592468560186400,32.61518627929688,0.11665210127830505,0.11962595582008362,-0.027341032400727272
1790592468570198300,32.6251982421875,0.06970030814409256,0.12609797716140747,0.0035947789438068867
1790592468580211500,32.63521142578125,0.0426175594329834,0.12432350963354111,-0.09543753415346146
1790592468590224400,32.64522436523438,0.09241680800914764,0.1555493324995041,-0.11600219458341599
1790592468600237300,32.6552373046875,0.09502217918634415,0.10254364460706711,-0.0286001767963171
1790592468610250200,32.66525024414062,0.07599522173404694,0.11041142046451569,0.10803063958883286
1790592468620263400,32.67526342773437,0.06258034706115723,0.07098225504159927,0.18700721859931946
1790592468630276000,32.685276123046876,0.07093308866024017,0.08291934430599213,0.04909168928861618
1790592468640288300,32.69528833007813,0.09088575094938278,0.11735907196998596,-0.08440272510051727
1790592468650301200,32.70530126953125,0.09107137471437454,0.08995994180440903,-0.1122085228562355
1790592468660314400,32.715314453125,0.05737520009279251,0.04279615357518196,-0.04811209440231323
1790592468670327300,32.72532739257812,0.005510405171662569,0.008646706119179726,0.041775986552238464
1790592468680340200,32.73534033203125,0.033571332693099976,-0.008513106033205986,0.05862580984830856
1790592468690353400,32.745353515625,0.0580468475818634,-0.02586999163031578,-0.025268828496336937
1790592468700366300,32.755366455078125,0.03810882568359375,-0.022345829755067825,-0.01968018338084221
1790592468710379300,32.76537915039062,-0.03320157155394554,-0.04543144255876541,-0.005561701022088528
1790592468720391200,32.77539111328125,-0.005323067773133516,-0.036181218922138214,0.0457635372877121
1790592468730404400,32.785404296875,-0.006699922028928995,-0.06642407178878784,0.1555800586938858
1790592468740417300,32.79541723632813,-0.014825759455561638,-0.08082671463489532,-0.016539251431822777
1790592468750430500,32.805430419921876,0.02806311845779419,0.005247714463621378,-0.11957269161939621
1790592468760443100,32.81544311523437,-0.02097899280488491,-0.07687884569168091,-0.05590077489614487
1790592468770456300,32.82545629882812,-0.04997948557138443,-0.09797827154397964,-0.00714255403727293
1790592468780469500,32.83546948242188,-0.015642018988728523,-0.07441701740026474,0.09938575327396393
1790592468790482200,32.845482177734375,-0.05902038514614105,-0.1452176868915558,0.20380617678165436
1790592468800494000,32.855494140625,-0.071736179292202,-0.15039168298244476,0.10775260627269745
1790592468810507300,32.86550732421875,-0.022323623299598694,-0.08236468583345413,-0.04358924180269241
1790592468820520400,32.8755205078125,-0.03277520090341568,-0.11291088163852692,-0.07702922821044922
1790592468830533400,32.88553344726562,-0.02415774203836918,-0.11285362392663956,-0.1472461223602295
1790592468840546300,32.89554638671875,-0.004639966879040003,-0.06532711535692215,-0.11639340966939926
1790592468850559200,32.905559326171876,-0.04317351430654526,-0.1114562600851059,-0.0651232972741127
1790592468860572400,32.915572509765624,-0.03650202974677086,-0.09668503701686859,-0.041983090341091156
1790592468870584300,32.925584228515625,-0.03338586166501045,-0.09659875184297562,0.0041316719725728035
1790592468880597200,32.93559716796875,-0.07078543305397034,-0.12773004174232483,0.07167476415634155
1790592468890610200,32.94561010742188,-0.04572055861353874,-0.11606352776288986,0.07590226083993912
1790592468900623400,32.95562329101563,-0.031658802181482315,-0.09111183881759644,0.015894321724772453
1790592468910636300,32.96563623046875,-0.03686022385954857,-0.07234161347150803,0.08648859709501266
1790592468920649200,32.97564916992187,-0.051103606820106506,-0.07071682065725327,0.07015116512775421
1790592468930662400,32.98566235351562,0.01843499206006527,-0.019326072186231613,-0.08755137771368027
1790592468940675300,32.99567529296875,0.05237777531147003,-0.0009004593593999743,-0.27583953738212585
1790592468950687500,33.0056875,-0.00854416098445654,0.014649737626314163,-0.2924707233905792
1790592468960700200,33.0157001953125,-0.08453213423490524,-0.015147306025028229,-0.17368412017822266
1790592468970713300,33.02571337890625,-0.0823504775762558,-0.003657363587990403,0.15023376047611237
1790592468980726300,33.03572631835937,-0.02025221660733223,-0.05313969403505325,0.40651533007621765
1790592468990739500,33.04573950195312,0.05371148884296417,-0.09498434513807297,0.30376070737838745
1790592469000752000,33.055752197265626,0.058531809598207474,-0.013416517525911331,0.042206622660160065
1790592469010765300,33.065765380859375,0.00025172700406983495,0.05036192759871483,-0.22754442691802979
1790592469020777200,33.075777099609375,0.028748882934451103,0.08713139593601227,-0.2512255311012268
1790592469030790100,33.0857900390625,0.07721388339996338,0.071693055331707,-0.027545297518372536
1790592469040803000,33.09580297851563,0.058364298194646835,0.03474834933876991,0.09593109786510468
1790592469050816000,33.10581591796875,0.058181338012218475,0.032168544828891754,0.22914882004261017
1790592469060829200,33.1158291015625,0.05250987038016319,-0.005485357251018286,0.13404200971126556
1790592469070842000,33.12584204101562,0.09150253981351852,0.06131337955594063,-0.08269377052783966
1790592469080855000,33.13585498046875,0.11617699265480042,0.06721708178520203,-0.09800668060779572
1790592469090867000,33.14586694335937,0.06615963578224182,0.038071971386671066,-0.0608057826757431
1790592469100880100,33.15588012695312,0.042533136904239655,0.05578652024269104,0.07818805426359177
1790592469110893000,33.16589306640625,0.022618019953370094,0.021770231425762177,0.06786590814590454
1790592469120906200,33.17590625,0.0598125234246254,0.06090059131383896,0.05570165812969208
1790592469130919000,33.1859189453125,0.06558731943368912,0.03304499015212059,-0.024149499833583832
1790592469140932000,33.19593212890625,0.06621529906988144,0.08933063596487045,-0.08156325668096542
1790592469150945000,33.20594506835938,0.048247214406728745,0.05440806970000267,-0.022023232653737068
1790592469160958000,33.2159580078125,0.009238564409315586,0.0543297715485096,0.06985422223806381
1790592469170969900,33.225969970703126,0.0013995494227856398,0.04809637740254402,0.09771781414747238
1790592469180983000,33.235983154296875,-0.0025259500835090876,0.0726400762796402,0.0004437267780303955
1790592469190996200,33.245996337890624,-0.0063409279100596905,0.10429014265537262,-0.11517075449228287
1790592469201009200,33.25600903320313,0.01819291152060032,0.08018746972084045,-0.17686393857002258
1790592469211022000,33.26602197265625,0.048006199300289154,0.07897227257490158,-0.09546282887458801
1790592469221035000,33.276034912109374,0.04051525890827179,0.06818753480911255,0.01575317420065403
1790592469231048200,33.28604809570312,0.0237373448908329,0.06910179555416107,0.20861691236495972
1790592469241060000,33.29606005859375,-0.001459354069083929,0.03279012441635132,0.25030815601348877
1790592469251073000,33.30607299804687,0.03232550621032715,0.09695260226726532,0.16614188253879547
1790592469261086000,33.3160859375,0.07816676050424576,0.10626807808876038,-0.055585190653800964
1790592469271099100,33.32609912109375,0.11666835099458694,0.1603962928056717,-0.24006287753582
1790592469281112000,33.336112060546874,0.1112927570939064,0.1762692630290985,-0.20086008310317993
1790592469291125000,33.346125,0.0424826554954052,0.1383463442325592,-0.03144221007823944
1790592469301138200,33.35613818359375,0.05924379080533981,0.14565351605415344,0.02134164422750473
1790592469311150000,33.36615014648437,0.12132740765810013,0.19605544209480286,0.14477117359638214
1790592469321163000,33.3761630859375,0.07834319025278091,0.13388660550117493,0.11428622901439667
1790592469331176000,33.386176025390625,0.09458421170711517,0.23696506023406982,-0.04852825030684471
1790592469341189000,33.396189208984374,0.13293398916721344,0.2632526159286499,-0.03529420495033264
1790592469351202000,33.4062021484375,0.08451160043478012,0.19699446856975555,0.015950074419379234
1790592469361215200,33.41621533203125,0.03941629081964493,0.23495329916477203,-0.02085081674158573
1790592469371228000,33.426227783203124,0.05175205320119858,0.2526966333389282,-0.04721797630190849
1790592469381241000,33.43624096679687,0.08973699063062668,0.2301737368106842,0.020483840256929398
1790592469391253000,33.4462529296875,0.09894726425409317,0.19859635829925537,0.09044241905212402
1790592469401266200,33.45626611328125,0.045714400708675385,0.1748790442943573,0.05556140094995499
1790592469411278800,33.46627880859375,0.05346020311117172,0.2125454694032669,-0.04835807532072067
1790592469421292000,33.4762919921875,0.04340490698814392,0.1799560934305191,-0.03335249423980713
1790592469431305200,33.48630517578125,0.030090702697634697,0.15746943652629852,-0.051753073930740356
1790592469441318100,33.496318115234374,0.02432548999786377,0.15879276394844055,0.024576585739850998
1790592469451331000,33.5063310546875,-0.0010017044842243195,0.08207348734140396,0.06783271580934525
1790592469461343000,33.51634301757812,-0.0022608470171689987,0.08773989230394363,0.011304190382361412
1790592469471356200,33.52635620117187,0.008004574105143547,0.12711524963378906,-0.11150748282670975
1790592469481369000,33.536369140625,0.008585675619542599,0.11534009873867035,-0.04568399488925934
1790592469491382000,33.546382080078125,0.006103076506406069,0.0789802223443985,0.023789089173078537
1790592469501395000,33.55639501953125,-0.01797536015510559,0.08057119697332382,0.0045163254253566265
1790592469511408000,33.566408203125,-0.08407554775476456,0.03616165742278099,0.011136677116155624
1790592469521421000,33.57642114257813,-0.08929268270730972,0.05984275043010712,-0.051323503255844116
1790592469531433200,33.58643310546875,-0.014529497362673283,0.07549761235713959,-0.056443966925144196
1790592469541446000,33.59644580078125,-0.009199713356792927,0.011837673373520374,0.12391196191310883
1790592469551459000,33.606458984375,-0.06063840538263321,-0.02293522283434868,0.1758904755115509
1790592469561472000,33.61647192382812,-0.07406073063611984,0.020786158740520477,0.07194303721189499
1790592469571485000,33.62648486328125,-0.061160117387771606,0.023302847519516945,0.017567679286003113
1790592469581498000,33.636498046875,-0.05175276845693588,-0.006770632229745388,-0.012222174555063248
1790592469591511000,33.646510986328124,-0.04065936803817749,0.012317840941250324,-0.10298802703619003
1790592469601523200,33.65652319335938,-0.07072698324918747,-0.03293938562273979,-0.07661288231611252
1790592469611536100,33.6665361328125,-0.09243867546319962,-0.07410147041082382,-0.06218733638525009
1790592469621549000,33.67654907226562,-0.036170877516269684,-0.045285534113645554,-0.1140766367316246
1790592469631562000,33.68656201171875,-0.03331863135099411,-0.0877847895026207,0.05431344360113144
1790592469641575200,33.6965751953125,-0.0806049183011055,-0.1647626757621765,0.05991939455270767
1790592469651587800,33.706587890625,-0.07009182125329971,-0.10610999912023544,-0.009371792897582054
1790592469661601000,33.71660107421875,-0.12122850865125656,-0.11391039937734604,-0.04315638914704323
1790592469671613000,33.726613037109374,-0.10290808975696564,-0.06634368002414703,-0.03691340610384941
1790592469681626000,33.73662622070312,-0.021122151985764503,-0.04430868476629257,0.10294409841299057
1790592469691639000,33.74663916015625,-0.00846068561077118,-0.12172438204288483,0.17959493398666382
1790592469701652000,33.75665185546875,-0.03775998577475548,-0.10221698880195618,0.14205129444599152
1790592469711665200,33.7666650390625,-0.06288264691829681,-0.10213176906108856,-0.12559320032596588
1790592469721678000,33.77667797851562,-0.04585732892155647,-0.0061330716125667095,-0.28890302777290344
1790592469731691000,33.78669091796875,-0.02391713857650757,0.011827552691102028,-0.35934150218963623
1790592469741703000,33.79670288085938,-0.03379800170660019,0.0011221780441701412,-0.21976257860660553
1790592469751716000,33.80671606445313,-0.07726451754570007,-0.017535662278532982,0.14914728701114655
1790592469761729000,33.81672900390625,-0.07342929393053055,-0.039510469883680344,0.3117479085922241
1790592469771742200,33.8267421875,0.015613490715622902,-0.032223526388406754,0.3043419420719147
1790592469781755000,33.8367548828125,0.031521350145339966,0.015295521356165409,0.13754788041114807
1790592469791768000,33.84676806640625,0.019353369250893593,0.0901268869638443,-0.09784919768571854
1790592469801781000,33.856781005859375,0.008944669738411903,0.07393806427717209,-0.14721328020095825
1790592469811793200,33.86679321289063,-0.038107793778181076,0.06732276827096939,-0.016415854915976524
1790592469821806000,33.87680615234375,-0.015612338669598103,0.06020360812544823,0.05696754902601242
1790592469831819000,33.88681909179687,0.05490284040570259,0.04613066464662552,0.07632606476545334
1790592469841832200,33.89683227539062,0.01367417722940445,0.02273932285606861,-0.056805625557899475
1790592469851845000,33.90684521484375,-0.008854035288095474,0.10221310704946518,-0.24520108103752136
1790592469861858000,33.916858154296875,0.024298859760165215,0.07174868136644363,-0.11145768314599991
1790592469871871000,33.92687109375,0.013061383739113808,0.009436300955712795,0.05870579555630684
1790592469881883100,33.936883056640625,-0.013823759742081165,0.010376662947237492,0.1919213831424713
1790592469891896000,33.94689599609375,-0.020463818684220314,-0.043795228004455566,0.19642585515975952
1790592469901909000,33.95690893554688,-0.039058275520801544,-0.03749525547027588,0.06579352915287018
1790592469911922000,33.966921875,-0.05548332259058952,-0.022077683359384537,-0.10066734999418259
1790592469921935000,33.97693505859375,-0.031550560146570206,-0.012410675175487995,-0.2062869817018509
1790592469931948000,33.98694799804687,0.006595495156943798,-0.042229555547237396,-0.07551565766334534
1790592469941961000,33.9969609375,-0.020871281623840332,-0.13570252060890198,0.09606168419122696
1790592469951972900,34.00697290039062,-0.09057526290416718,-0.1398613154888153,0.10860145092010498
1790592469961986000,34.01698608398438,-0.12113423645496368,-0.13441142439842224,0.0071853455156087875
1790592469971999200,34.02699926757813,-0.09244959056377411,-0.1335027515888214,-0.073737733066082
1790592469982012200,34.03701220703125,-0.0643061026930809,-0.1573268622159958,-0.2038070410490036
1790592469992025000,34.04702514648437,-0.09101681411266327,-0.17429199814796448,-0.17346298694610596
1790592470002038000,34.0570380859375,-0.12435904890298843,-0.23333054780960083,-0.011617904528975487
1790592470012051200,34.06705126953125,-0.08617997914552689,-0.2964690327644348,0.11167766898870468
1790592470022063000,34.07706298828125,-0.10004252940416336,-0.3047999143600464,0.24417339265346527
1790592470032075500,34.08707543945312,-0.15766136348247528,-0.30230215191841125,0.13258855044841766
1790592470042088400,34.09708837890625,-0.1176271140575409,-0.2607208788394928,0.09931740164756775
1790592470052101400,34.107101318359376,-0.12942838668823242,-0.32219114899635315,0.010254638269543648
1790592470062114600,34.117114501953125,-0.08657359331846237,-0.24231071770191193,-0.2397109866142273
1790592470072127200,34.12712719726562,-0.028349172323942184,-0.2259674370288849,-0.2732633650302887
1790592470082140400,34.13714038085938,-0.07723335921764374,-0.2402544915676117,-0.25242143869400024
1790592470092153300,34.1471533203125,-0.09340247511863708,-0.22627955675125122,-0.0827765017747879
1790592470102165500,34.15716552734375,-0.1046958714723587,-0.2636599540710449,0.11925222724676132
1790592470112178400,34.16717846679688,-0.06983589380979538,-0.23854394257068634,0.1890891045331955
1790592470122191400,34.17719140625,-0.0006618850748054683,-0.2053644210100174,0.10485225170850754
1790592470132204500,34.18720458984375,-0.04035497084259987,-0.16096127033233643,-0.04064768925309181
1790592470142217500,34.19721752929688,-0.04703710600733757,-0.07862778007984161,-0.12833891808986664
1790592470152230400,34.20723046875,0.02456570789217949,-0.011529168114066124,-0.12175426632165909
1790592470162242300,34.2172421875,0.06669292598962784,-0.03112204559147358,0.051280632615089417
1790592470172255500,34.22725537109375,0.05888453125953674,-0.038124557584524155,0.13541576266288757
1790592470182268400,34.237268310546874,0.04834960028529167,0.016124030575156212,0.09241794794797897
1790592470192281600,34.24728149414062,0.10016779601573944,0.03125477954745293,-0.062325820326805115
1790592470202294300,34.25729418945313,0.09742899984121323,0.061697375029325485,-0.1397678703069687
1790592470212307500,34.267307373046876,0.08537153899669647,0.09225422143936157,-0.1538352221250534
1790592470222320400,34.2773203125,0.07139739394187927,0.11562824994325638,0.08509638905525208
1790592470232332500,34.28733251953125,0.0811602771282196,0.09214476495981216,0.20692668855190277
1790592470242345200,34.29734521484375,0.17924822866916656,0.1199931725859642,0.1753794252872467
1790592470252358400,34.3073583984375,0.1774900108575821,0.10433698445558548,0.017026524990797043
1790592470262371600,34.31737158203125,0.10715033113956451,0.16968534886837006,-0.17575331032276154
1790592470272384500,34.327384521484376,0.09520552307367325,0.17156660556793213,-0.056969672441482544
1790592470282397400,34.3373974609375,0.08602294325828552,0.12288669496774673,0.05288119241595268
1790592470292410400,34.34741040039062,0.09617412835359573,0.16459329426288605,0.0946526750922203
1790592470302422500,34.357422607421874,0.09454719722270966,0.18691936135292053,0.025679200887680054
1790592470312435500,34.367435546875,0.09804978966712952,0.18436433374881744,0.0034255608916282654
1790592470322448400,34.37744848632813,0.1225103884935379,0.18922673165798187,0.012587900273501873
1790592470332461300,34.38746142578125,0.12105178087949753,0.17739669978618622,0.055781178176403046
1790592470342474500,34.397474609375,0.10482726991176605,0.1360045224428177,-0.006148236338049173
1790592470352487400,34.4074873046875,0.034434862434864044,0.13381406664848328,-0.044415730983018875
1790592470362500400,34.417500244140626,-0.009010348469018936,0.09735167026519775,-0.0015462948940694332
1790592470372512300,34.42751220703125,-0.007958666421473026,0.0759342610836029,0.03421835973858833
1790592470382525400,34.437525390625,0.0035184924490749836,0.06145838275551796,0.06250512599945068
1790592470392538600,34.44753857421875,0.0034481848124414682,0.04763471335172653,0.08648902177810669
1790592470402551300,34.45755126953125,0.005138493608683348,0.0522955097258091,-0.06944704800844193
1790592470412564500,34.467564453125,0.028851546347141266,0.11610085517168045,0.0211947038769722
1790592470422577400,34.47757739257813,0.036907073110342026,0.042118508368730545,0.03016689419746399
1790592470432590600,34.487590576171876,0.06549237668514252,0.0711059495806694,-0.024066250771284103
1790592470442602500,34.4976025390625,-0.03336255997419357,0.02873745746910572,0.010539929382503033
1790592470452615400,34.507615478515625,-0.13223853707313538,-0.0021679955534636974,-0.16840584576129913
1790592470462628400,34.51762841796875,-0.04772632196545601,0.08332959562540054,-0.10642450302839279
1790592470472641500,34.5276416015625,0.013903755694627762,0.0006807878380641341,0.05617905408143997
1790592470482654200,34.537654296875,-0.00882712285965681,0.0014725456712767482,0.28769242763519287
1790592470492667400,34.54766748046875,-0.01606745831668377,-0.008387009613215923,0.2485479712486267
1790592470502680600,34.5576806640625,-0.02376772277057171,0.07322795689105988,-0.03127329796552658
1790592470512692500,34.5676923828125,0.01671978272497654,0.16580955684185028,-0.27301058173179626
1790592470522705400,34.57770532226562,-0.018942074850201607,0.1026201993227005,-0.2506219148635864
1790592470532718300,34.58771826171875,-0.04808318614959717,0.11870303004980087,-0.05316341668367386
1790592470542731500,34.5977314453125,-0.05532911419868469,0.06182483583688736,0.22592201828956604
1790592470552744400,34.607744384765624,-0.009298502467572689,0.008444434963166714,0.0947783812880516
1790592470562757400,34.61775732421875,0.059233952313661575,0.1254056692123413,0.05855885520577431
1790592470572770300,34.62777026367188,0.028924250975251198,0.04822433739900589,-0.030826952308416367
1790592470582782500,34.63778247070312,0.0027357893995940685,0.0620751716196537,-0.0621342733502388
1790592470592795400,34.64779541015625,0.007331872824579477,0.08530805259943008,-0.005071520339697599
1790592470602808600,34.65780859375,0.01184459961950779,0.03614157438278198,0.08724109828472137
1790592470612821200,34.6678212890625,0.050622351467609406,0.014961455948650837,0.10039684921503067
1790592470622834400,34.67783447265625,0.04384540766477585,0.056505437940359116,-0.033641912043094635
1790592470632847600,34.68784765625,0.03313364088535309,0.059628523886203766,-0.09751010686159134
1790592470642860300,34.6978603515625,0.055078621953725815,0.02842613309621811,-0.03988276422023773
1790592470652872400,34.70787255859375,0.012138612568378448,0.012021859176456928,-0.09755031764507294
1790592470662885400,34.717885498046876,0.013766069896519184,0.05190535634756088,-0.07688073068857193
1790592470672898600,34.727898681640625,-0.012744899839162827,-0.017884373664855957,0.08535052090883255
1790592470682911500,34.73791137695312,-0.03242246434092522,-0.01017292495816946,0.10015024244785309
1790592470692924400,34.74792431640625,-0.0038432839792221785,0.0359056182205677,-0.002086650114506483
1790592470702937300,34.757937255859375,0.013776189647614956,0.03547738119959831,-0.02307076007127762
1790592470712949500,34.76794946289063,-0.004872595425695181,0.02693076804280281,0.01987537369132042
1790592470722962400,34.77796240234375,-0.01691700704395771,0.0650792196393013,-0.050965774804353714
1790592470732975400,34.78797534179687,0.0021427033934742212,0.07370519638061523,-0.02933584898710251
1790592470742988300,34.79798828125,-0.021756503731012344,0.04552708566188812,0.001645237673074007
1790592470753001500,34.80800146484375,-0.02215651050209999,0.06123547628521919,0.019548071548342705
1790592470763014400,34.818014404296875,-0.006392727605998516,0.051926929503679276,0.09421112388372421
1790592470773027300,34.82802734375,-0.013235719874501228,0.03797915577888489,-0.019430752843618393
1790592470783039200,34.838039306640624,0.019644465297460556,0.09122426807880402,-0.1346747875213623
1790592470793052400,34.84805249023437,-0.04268868640065193,0.047534313052892685,0.027354862540960312
1790592470803065600,34.85806567382812,-0.09992773830890656,0.01596919633448124,0.06493765860795975
1790592470813078500,34.86807861328125,-0.03198570758104324,0.04480350762605667,0.15522201359272003
1790592470823091500,34.878091552734375,-0.024482514709234238,-0.029132233932614326,0.09330325573682785
1790592470833104400,34.8881044921875,-0.013371541164815426,0.030994219705462456,-0.00021178461611270905
1790592470843117600,34.89811767578125,0.007762772496789694,0.0499868169426918,-0.2012018859386444
1790592470853129500,34.90812939453125,0.04046612232923508,0.10429133474826813,-0.22605982422828674
1790592470863142400,34.91814233398438,0.029458213597536087,0.07817158102989197,-0.01327352412045002
1790592470873155300,34.9281552734375,-0.03008793666958809,0.013160626403987408,0.14100153744220734
1790592470883168500,34.93816845703125,-0.03228158503770828,0.004959156271070242,0.17690333724021912
1790592470893181400,34.94818139648437,-0.014090861193835735,0.029650388285517693,0.007084211800247431
1790592470903194400,34.9581943359375,0.029019059613347054,0.07260370999574661,-0.15970636904239655
1790592470913207600,34.96820751953125,0.012077625840902328,0.07042870670557022,-0.07048355042934418
1790592470923219500,34.97821948242188,-0.030240269377827644,0.06650294363498688,-0.018657902255654335
1790592470933232600,34.98823266601563,0.017477450892329216,0.09004555642604828,0.052706025540828705
1790592470943245300,34.998245361328124,-0.0063352035358548164,0.03599297255277634,0.04219799116253853
1790592470953258500,35.00825854492187,-0.043131303042173386,0.07517020404338837,-0.09875007718801498
1790592470963271400,35.018271484375,-0.011693483218550682,0.09908219426870346,-0.1268368363380432
1790592470973284600,35.02828466796875,0.024327900260686874,0.047659747302532196,0.030855055898427963
1790592470983296500,35.03829663085938,-0.01656094379723072,0.014087673276662827,0.11329933255910873
1790592470993309400,35.048309326171875,-0.07330864667892456,0.0399797223508358,0.1624290645122528
1790592471003322400,35.058322265625,-0.06859378516674042,0.009657504968345165,0.007053052540868521
1790592471013335600,35.06833544921875,-0.008556812070310116,0.07831486314535141,-0.11177932471036911
1790592471023348200,35.07834814453125,-0.0005460240063257515,0.02174825593829155,-0.035207051783800125
1790592471033362400,35.08836254882812,-0.051861412823200226,-0.02854367531836033,-0.01400056667625904
1790592471043375600,35.09837573242187,-0.038680627942085266,0.013332134112715721,0.021128125488758087
1790592471053387500,35.10838745117187,-0.04536755755543709,-0.0286126509308815,0.0709388256072998
1790592471063400400,35.118400390625,-0.063348688185215,-0.04229065030813217,0.031118707731366158
1790592471073413400,35.128413330078125,-0.04406047984957695,-0.012173757888376713,0.013149827718734741
1790592471083426600,35.138426513671874,-0.04660646244883537,-0.042785730212926865,-0.07199942320585251
1790592471093439200,35.14843920898438,-0.01859160326421261,-0.01658288761973381,-0.13859468698501587
1790592471103452400,35.15845239257813,-0.035176973789930344,-0.02470366470515728,-0.13947993516921997
1790592471113465600,35.168465576171876,-0.08490511775016785,-0.015466490760445595,0.023233620449900627
1790592471123477500,35.1784775390625,-0.06316519528627396,-0.06334240734577179,0.19481682777404785
1790592471133490400,35.188490478515625,-0.03846890851855278,-0.07358838617801666,0.24150656163692474
1790592471143503400,35.19850341796875,-0.07774680107831955,-0.0886770561337471,0.13931815326213837
1790592471153516500,35.2085166015625,-0.11085149645805359,-0.06176022067666054,-0.059213049709796906
1790592471163529500,35.21852954101563,-0.05200735107064247,0.009458566084504128,-0.25991180539131165
1790592471173542400,35.22854248046875,0.0008697124430909753,-0.007797118742018938,-0.23418273031711578
1790592471183555300,35.23855541992187,-0.04143140837550163,-0.07339876890182495,-0.04442531615495682
1790592471193567500,35.2485673828125,-0.11836747080087662,-0.09896324574947357,0.12313199043273926
1790592471203580400,35.25858032226562,-0.13201403617858887,-0.155864879488945,0.20725378394126892
1790592471213593600,35.26859350585938,-0.10479146987199783,-0.15229198336601257,0.10797034949064255
1790592471223606300,35.278606201171876,-0.08475464582443237,-0.11979476362466812,-0.09573138505220413
1790592471233619500,35.288619384765624,-0.07389800250530243,-0.12133513391017914,-0.11989930272102356
1790592471243632400,35.29863232421875,-0.09312310069799423,-0.18174254894256592,-0.050247255712747574
1790592471253644500,35.30864453125,-0.1023339033126831,-0.1808842122554779,0.0038071919698268175
1790592471263657200,35.3186572265625,-0.12184635549783707,-0.2094612568616867,0.08756867051124573
1790592471273670400,35.32867041015625,-0.09667176008224487,-0.23703856766223907,0.1580553501844406
1790592471283683600,35.33868359375,-0.073631152510643,-0.25730547308921814,0.01573282666504383
1790592471293696500,35.348696533203125,-0.07322850078344345,-0.19335457682609558,-0.20444059371948242
1790592471303709400,35.35870947265625,-0.09298303723335266,-0.19469121098518372,-0.24159115552902222
1790592471313722400,35.36872241210938,-0.10733453929424286,-0.24896563589572906,-0.023228727281093597
1790592471323734500,35.37873461914062,-0.1409684121608734,-0.2978021502494812,0.10672581195831299
1790592471333747500,35.38874755859375,-0.14254367351531982,-0.26203322410583496,0.16971729695796967
1790592471343760400,35.398760498046876,-0.12406717985868454,-0.3064342439174652,0.09337832033634186
1790592471353773300,35.40877319335937,-0.12365013360977173,-0.30269622802734375,-0.03390560671687126
1790592471363786500,35.41878637695312,-0.11320468038320541,-0.2911495864391327,-0.17341741919517517
1790592471373799400,35.42879931640625,-0.09327012300491333,-0.2932734489440918,-0.10592413693666458
1790592471383811600,35.4388115234375,-0.07394036650657654,-0.3515886962413788,0.03320711851119995
1790592471393824300,35.44882421875,-0.10731510072946548,-0.34231317043304443,-0.02246706187725067
1790592471403837400,35.45883740234375,-0.10902111977338791,-0.3138096034526825,-0.11656239628791809
1790592471413850600,35.4688505859375,-0.08412429690361023,-0.3263895809650421,-0.06469174474477768
1790592471423863300,35.47886328125,-0.05761679261922836,-0.39589089155197144,0.0709848627448082
1790592471433876500,35.48887646484375,-0.07229267060756683,-0.37404659390449524,0.0071321092545986176
1790592471443889400,35.498889404296875,-0.048180144280195236,-0.32130295038223267,-0.0759103074669838
1790592471453901600,35.50890161132813,-0.07410760968923569,-0.3847029507160187,0.020608237013220787
1790592471463914500,35.51891455078125,-0.11639248579740524,-0.40501540899276733,-0.13957983255386353
1790592471473927400,35.52892749023437,-0.0750756710767746,-0.30106931924819946,-0.03715413063764572
1790592471483940400,35.5389404296875,-0.07265166193246841,-0.3758298456668854,0.06923089921474457
1790592471493953500,35.54895361328125,-0.015540442429482937,-0.38056761026382446,0.14820747077465057
1790592471503966200,35.55896630859375,0.016506971791386604,-0.3612421154975891,0.08267347514629364
1790592471513978400,35.568978271484376,-0.0011926626320928335,-0.3262476325035095,-0.08362149447202682
1790592471523991300,35.5789912109375,-0.010953946970403194,-0.2835310697555542,-0.12797404825687408
1790592471534004500,35.58900439453125,-0.02502875216305256,-0.26574942469596863,-0.10296083241701126
1790592471544017400,35.59901733398438,-0.006058258004486561,-0.2121245265007019,0.001411905512213707
1790592471554030300,35.6090302734375,0.005003714002668858,-0.24968574941158295,0.11205825954675674
1790592471564043500,35.61904345703125,0.022652482613921165,-0.2342924177646637,0.11957690119743347
1790592471574056400,35.62905639648437,0.030908282846212387,-0.22463366389274597,-0.005425228271633387
1790592471584068600,35.639068603515625,0.04323791712522507,-0.17355529963970184,-0.06073242798447609
1790592471594081300,35.64908129882812,0.06261134892702103,-0.16287602484226227,-0.023097433149814606
1790592471604094500,35.65909448242188,0.035757895559072495,-0.15638430416584015,0.1296447068452835
1790592471614107400,35.669107421875,0.03045021928846836,-0.15391474962234497,0.1376696079969406
1790592471624120600,35.67912060546875,0.07373218238353729,-0.07911907881498337,0.08851085603237152
1790592471634133200,35.68913330078125,0.11290834844112396,-0.040159422904253006,-0.08086059242486954
1790592471644145400,35.6991455078125,0.12192127853631973,0.003063678741455078,-0.11833100020885468
1790592471654158300,35.70915844726562,0.09535039216279984,-0.01745118387043476,0.026909008622169495
1790592471664171500,35.71917163085938,0.060260843485593796,-0.018312450498342514,0.07910191267728806
1790592471674184400,35.729184326171875,0.11468067765235901,0.028391938656568527,0.04933761805295944
1790592471684197400,35.739197265625,0.11982670426368713,0.011816956102848053,0.05245005711913109
1790592471694210600,35.74921044921875,0.09492827951908112,0.041509874165058136,-0.06344911456108093
1790592471704223500,35.75922338867188,0.11823572963476181,0.10237082093954086,-0.17837756872177124
1790592471714235600,35.76923559570312,0.14631342887878418,0.10782098025083542,-0.07844537496566772
1790592471724248300,35.77924829101563,0.13362853229045868,0.08000452816486359,0.05812977999448776
1790592471734261500,35.789261474609376,0.11990047246217728,0.11792288720607758,-0.00297778332605958
1790592471744274400,35.7992744140625,0.12008210271596909,0.15065526962280273,0.07296758145093918
1790592471754287400,35.80928735351562,0.1113932728767395,0.11619555950164795,0.15939222276210785
1790592471764300300,35.81930029296875,0.16142579913139343,0.13133536279201508,0.08045399934053421
1790592471774312400,35.8293125,0.18502381443977356,0.1675090789794922,0.017269432544708252
1790592471784325400,35.83932543945313,0.11032561212778091,0.14251771569252014,-0.02720668911933899
1790592471794338600,35.849338623046876,0.15346881747245789,0.21565477550029755,-0.19154050946235657
1790592471804351200,35.85935131835937,0.1793304979801178,0.2443479299545288,-0.05938513204455376
1790592471814364400,35.86936450195312,0.0922350287437439,0.1931300163269043,0.11702026426792145
1790592471824377600,35.87937768554688,0.11927676200866699,0.18683244287967682,0.16222715377807617
1790592471834390500,35.889390625,0.191921666264534,0.20370890200138092,0.16088758409023285
1790592471844402400,35.89940234375,0.14305426180362701,0.18282492458820343,0.03254159539937973
1790592471854415400,35.909415283203124,0.13652391731739044,0.23008669912815094,0.004279597662389278
1790592471864428500,35.91942846679687,0.08473236858844757,0.2017645239830017,0.09241398423910141
1790592471874441500,35.92944140625,0.09027760475873947,0.18684309720993042,0.019026851281523705
1790592471884454400,35.939454345703126,0.1770511120557785,0.21420414745807648,-0.14188826084136963
1790592471894467300,35.94946728515625,0.10999538004398346,0.21730247139930725,-0.16019029915332794
1790592471904479500,35.9594794921875,0.02804245427250862,0.1965087652206421,0.024849586188793182
1790592471914492400,35.969492431640624,0.07492154836654663,0.18967536091804504,0.10981108993291855
1790592471924505600,35.97950561523437,0.16769728064537048,0.241434708237648,0.15131165087223053
1790592471934518300,35.98951831054688,0.13822993636131287,0.19684194028377533,0.1648612916469574
1790592471944531500,35.999531494140626,0.09952143579721451,0.20182816684246063,-0.00957896001636982
1790592471954544600,36.009544677734375,0.09512029588222504,0.25393930077552795,-0.04841211065649986
1790592471964556500,36.019556640625,0.058694373816251755,0.19733941555023193,0.046765007078647614
1790592471974569200,36.0295693359375,0.08076665550470352,0.1682363897562027,0.07959272712469101
1790592471984582400,36.03958251953125,0.1114254966378212,0.19368715584278107,0.06321162730455399
1790592471994595600,36.049595703125,0.08105720579624176,0.16654980182647705,-0.10296323150396347
1790592472004608500,36.0596083984375,0.11007580906152725,0.23901548981666565,-0.21527032554149628
1790592472014621400,36.069621337890624,0.12705424427986145,0.17605648934841156,-0.08667241036891937
1790592472024634000,36.07963403320313,0.08732388913631439,0.13625049591064453,0.011743638664484024
1790592472034646300,36.08964624023437,0.09782446920871735,0.1088220626115799,0.18534979224205017
1790592472044659200,36.0996591796875,0.07796048372983932,0.06315124779939651,0.16305778920650482
1790592472054672100,36.109672119140626,0.03258553892374039,0.05952882021665573,0.11409318447113037
1790592472064685000,36.11968505859375,0.006666059140115976,0.03702670708298683,0.08574116975069046
1790592472074698200,36.1296982421875,0.012964434921741486,0.054921019822359085,-0.06695516407489777
1790592472084711200,36.13971118164063,0.0565558522939682,0.05436095595359802,-0.07296698540449142
1790592472094723300,36.14972338867187,0.04868967458605766,0.02546645514667034,-0.1238221824169159
1790592472104736000,36.15973608398438,-0.03206855431199074,0.04358527436852455,-0.10902006179094315
1790592472114749200,36.169749267578126,-0.02317519299685955,0.027609767392277718,-0.016069350764155388
1790592472124762400,36.179762451171875,0.02454173006117344,-0.007105069234967232,0.033531226217746735
1790592472134775000,36.18977514648437,0.006459930445998907,-0.03278619796037674,0.04372367635369301
1790592472144788200,36.19978833007813,-0.10099968314170837,-0.06351002305746078,0.03902346268296242
1790592472154801200,36.20980126953125,-0.08279430866241455,-0.052299708127975464,-0.006608736235648394
1790592472164813300,36.21981323242188,-0.003081643022596836,-0.01996467448771,0.07775647938251495
1790592472174826200,36.229826171875,-0.041748080402612686,-0.0757959857583046,0.08725437521934509
1790592472184839200,36.23983911132812,-0.056729692965745926,0.017801612615585327,-0.052634019404649734
1790592472194852000,36.24985205078125,-0.046858154237270355,0.0637722983956337,-0.09802945703268051
1790592472204865300,36.259865234375,-0.022557605057954788,0.03064071200788021,-0.013275960460305214
1790592472214878200,36.269878173828126,0.031250763684511185,0.041316527873277664,0.07506056129932404
1790592472224890000,36.27989013671875,-0.017888817936182022,0.04512404650449753,0.06832276284694672
1790592472234903000,36.289903076171875,-0.03063204325735569,0.047209303826093674,-0.040188536047935486
1790592472244916200,36.299916259765624,-0.018464593216776848,0.07192157208919525,-0.11530618369579315
1790592472254929200,36.30992919921875,-0.036741867661476135,0.09420876950025558,-0.22701700031757355
1790592472264942000,36.31994213867188,-0.018677379935979843,0.12158739566802979,-0.12721771001815796
1790592472274955300,36.329955322265626,0.021516112610697746,0.11042795330286026,0.0015258886851370335
1790592472284967200,36.33996728515625,0.03571715205907822,0.1142469197511673,0.17978164553642273
1790592472294980400,36.34998046875,0.03708268702030182,0.09061329811811447,0.14758920669555664
1790592472304993300,36.3599931640625,0.10049361735582352,0.16306006908416748,0.02990305796265602
1790592472315006200,36.37000610351563,0.07991164177656174,0.14308689534664154,-0.025062188506126404
1790592472325019100,36.38001904296875,0.03933225944638252,0.12617075443267822,-0.04482231289148331
1790592472335032300,36.3900322265625,0.07074370980262756,0.125010684132576,-0.034935325384140015
1790592472345045000,36.400044921875,0.07212003320455551,0.13148429989814758,-0.06815452873706818
1790592472355057200,36.41005712890625,0.07520876079797745,0.11677113175392151,-0.06635263562202454
1790592472365070000,36.42007006835937,0.05584811791777611,0.09749437123537064,-0.0036096274852752686
1790592472375083300,36.43008325195313,0.056135207414627075,0.09837667644023895,0.06737586855888367
1790592472385096200,36.44009619140625,0.09921050071716309,0.11178995668888092,0.10467450320720673
1790592472395109000,36.450109130859374,0.08575861155986786,0.09879505634307861,0.15841948986053467
1790592472405122300,36.46012231445312,0.05195217952132225,0.09974341094493866,0.1941029131412506
1790592472415134200,36.47013427734375,0.06146072968840599,0.09194780886173248,0.05921753868460655
1790592472425147400,36.4801474609375,0.0737200602889061,0.13003340363502502,-0.0761573314666748
1790592472435160000,36.49016015625,0.07222602516412735,0.11423473805189133,-0.21505743265151978
1790592472445173200,36.50017333984375,0.05498179420828819,0.13458767533302307,-0.19522620737552643
1790592472455186200,36.510186279296875,0.03484882786870003,0.11907582730054855,-0.06502238661050797
1790592472465199400,36.52019946289062,0.025801537558436394,0.07496296614408493,0.14191746711730957
1790592472475212000,36.5302119140625,0.027008481323719025,0.03657270222902298,0.19642917811870575
1790592472485224200,36.54022412109375,0.02885325439274311,0.07007579505443573,0.09993727505207062
1790592472495237000,36.55023706054688,-0.005851996596902609,0.05690407380461693,-0.02159848064184189
1790592472505250300,36.560250244140626,-0.003797633806243539,0.1250077486038208,-0.12719841301441193
1790592472515263000,36.57026293945312,0.040312301367521286,0.16806015372276306,-0.1056789979338646
1790592472525276200,36.58027612304687,0.027330191805958748,0.14353536069393158,-0.01907327026128769
1790592472535289300,36.59028930664063,0.020874423906207085,0.1655503809452057,0.022595610469579697
1790592472545301200,36.60030126953125,0.029110249131917953,0.16432081162929535,0.07318022847175598
1790592472555314200,36.61031420898438,0.06630608439445496,0.13147656619548798,0.08947504311800003
1790592472565327000,36.6203271484375,0.04642132669687271,0.140608549118042,0.0513652078807354
1790592472575340300,36.63034033203125,0.02794058807194233,0.1501927375793457,-0.02065252512693405
1790592472585353200,36.64035327148437,0.03737909719347954,0.14574259519577026,-0.06665250658988953
1790592472595366100,36.6503662109375,0.045791491866111755,0.1850132942199707,-0.0640556588768959
1790592472605378000,36.6603779296875,0.05014495924115181,0.17138084769248962,-0.00758812390267849
1790592472615391200,36.67039111328125,0.06395051628351212,0.15711508691310883,0.08778846263885498
1790592472625404200,36.680404052734374,0.06672792881727219,0.1574314683675766,0.020782530307769775
1790592472635417300,36.69041723632812,0.05988600477576256,0.17098189890384674,-0.02011962980031967
1790592472645430000,36.70042993164063,0.02626865543425083,0.15728765726089478,-0.0026032188907265663
1790592472655443200,36.710443115234376,0.020023277029395103,0.15166440606117249,0.10481778532266617
1790592472665456400,36.720456298828125,0.017207516357302666,0.08463716506958008,0.1215757206082344
1790592472675468300,36.73046826171875,-0.005716708023101091,0.10470354557037354,0.07426147162914276
1790592472685481000,36.74048095703125,0.0008495820802636445,0.11719030886888504,-0.10969771444797516
1790592472695494100,36.750494140625,0.023227326571941376,0.13597677648067474,-0.07112181931734085
1790592472705507300,36.76050732421875,-0.0009014462702907622,0.06864967197179794,0.0023412061855196953
1790592472715520300,36.77052026367188,-0.028822293505072594,0.12483465671539307,-0.01345107238739729
1790592472725533200,36.780533203125,-0.016445783898234367,0.0868811383843422,0.11488213390111923
1790592472735545000,36.790545166015626,-0.03475049138069153,0.03042425960302353,0.05011485144495964
1790592472745558300,36.800558349609375,-0.05056913197040558,0.08986707776784897,-0.015115548856556416
1790592472755571200,36.8105712890625,-0.059525877237319946,0.06155821308493614,0.007120781112462282
1790592472765584100,36.82058422851563,-0.030391693115234375,0.015609095804393291,0.029549390077590942
1790592472775597000,36.83059716796875,-0.040743399411439896,0.001985694747418165,-0.020418968051671982
1790592472785610200,36.8406103515625,-0.1339537799358368,0.015233856625854969,-0.04299511760473251
1790592472795622100,36.8506220703125,-0.09973135590553284,0.0077391876839101315,-0.02202911302447319
1790592472805635300,36.86063525390625,-0.0013310140930116177,0.008087529800832272,-0.12151575833559036
1790592472815648000,36.87064794921875,-0.0400986485183239,-0.02331140637397766,-0.012358910404145718
1790592472825661200,36.8806611328125,-0.1384960561990738,-0.06791802495718002,-0.05330954119563103
1790592472835674400,36.89067431640625,-0.09042573720216751,-0.016706233844161034,0.1127241775393486
1790592472845687000,36.90068701171875,-0.05944252014160156,-0.10935068875551224,0.18760426342487335
1790592472855699000,36.910698974609375,-0.0918705016374588,-0.08223304897546768,0.11186184734106064
1790592472865712000,36.92071215820312,-0.10851020365953445,-0.07128399610519409,0.006839551497250795
1790592472875725300,36.93072534179687,-0.0651635229587555,-0.07562947273254395,-0.21567900478839874
1790592472885738200,36.94073828125,0.002098072087392211,-0.03980356082320213,-0.24122005701065063
1790592472895751200,36.950751220703125,-0.07279987633228302,-0.11371161043643951,-0.1957188844680786
1790592472905764000,36.96076416015625,-0.13762708008289337,-0.1082441434264183,-0.020376622676849365
1790592472915777300,36.97077734375,-0.10103949904441833,-0.13548055291175842,0.12867917120456696
1790592472925789200,36.9807890625,-0.02716820314526558,-0.17561732232570648,0.08527977019548416
1790592472935802000,36.99080200195313,-0.056514639407396317,-0.14220529794692993,0.03749413415789604
1790592472945815000,37.00081494140625,-0.12713634967803955,-0.12788176536560059,0.03945661708712578
1790592472955828200,37.010828125,-0.07771367579698563,-0.1320783644914627,0.008194833993911743
1790592472965841400,37.02084130859375,-0.06595262140035629,-0.11859744787216187,0.019805949181318283
1790592472975854000,37.03085400390625,-0.09174400568008423,-0.1423584371805191,-0.05102694407105446
1790592472985866000,37.04086596679687,-0.03300052508711815,-0.08275742083787918,-0.17294859886169434
1790592472995879200,37.05087915039063,-0.05389701947569847,-0.10851684957742691,-0.20842322707176208
1790592473005892400,37.06089233398438,-0.07890544086694717,-0.12107978016138077,-0.1088646724820137
1790592473015905000,37.070905029296874,-0.04997977614402771,-0.14873963594436646,0.1001812219619751
1790592473025917700,37.08091772460938,-0.039185985922813416,-0.15727826952934265,0.2710863947868347
1790592473035930600,37.0909306640625,-0.06896065920591354,-0.18419164419174194,0.22130630910396576
1790592473045942800,37.10094287109375,-0.10904522985219955,-0.15028692781925201,0.045964315533638
1790592473055955700,37.110955810546876,-0.1264796108007431,-0.09126675873994827,-0.18620367348194122
1790592473065968600,37.12096875,-0.07890570163726807,-0.05296623706817627,-0.17805786430835724
1790592473075981600,37.13098168945312,-0.06276987493038177,-0.09074611216783524,-0.026893381029367447
1790592473085994800,37.14099487304688,-0.05233640596270561,-0.07886254787445068,0.05750086531043053
1790592473096007700,37.151007568359375,-0.05736285820603371,-0.07961942255496979,0.013425016775727272
1790592473106020600,37.1610205078125,-0.03271743282675743,-0.040911704301834106,-0.10976162552833557
1790592473116032500,37.171032470703125,-0.048807453364133835,-0.01657147891819477,-0.09327665716409683
1790592473126045700,37.181045654296874,-0.12817418575286865,-0.04407474026083946,0.0318482331931591
1790592473136058600,37.19105859375,-0.09177303314208984,-0.05842225253582001,0.08947397768497467
1790592473146071600,37.20107153320313,-0.008661365136504173,0.005346870515495539,0.07808870077133179
1790592473156084700,37.211084716796876,0.006247543264180422,-0.042835839092731476,0.09518539905548096
1790592473166097700,37.22109765625,0.0019468043465167284,0.0066893696784973145,-0.04338180646300316
1790592473176109800,37.23110986328125,-0.0027265106327831745,0.06260696053504944,-0.06540241837501526
1790592473186122800,37.241122802734374,-0.013217500410974026,0.010470526292920113,-0.03768237680196762
1790592473196135700,37.2511357421875,0.012245780788362026,0.043526213616132736,0.02304382249712944
1790592473206148600,37.26114868164063,-0.025090405717492104,0.0583949089050293,0.10902557522058487
1790592473216161800,37.271161865234376,-0.038890641182661057,0.028173355385661125,0.19285441935062408
1790592473226174700,37.2811748046875,0.05305419862270355,0.019628070294857025,0.16129302978515625
1790592473236186600,37.2911865234375,0.07475309818983078,0.019381994381546974,-0.09240926802158356
1790592473246199600,37.30119946289062,0.0438481830060482,0.0773526206612587,-0.29228270053863525
1790592473256212700,37.31121264648438,-0.004718022421002388,0.07924159616231918,-0.2783799171447754
1790592473266225700,37.3212255859375,-0.02688218094408512,0.08571787178516388,-0.11266260594129562
1790592473276238600,37.331238525390624,-0.04529820382595062,0.04173630475997925,0.1546870619058609
1790592473286251800,37.34125170898437,-0.020838135853409767,0.0168948695063591,0.28331243991851807
1790592473296264700,37.3512646484375,0.014267253689467907,0.01691691018640995,0.20468033850193024
1790592473306276600,37.36127661132812,-0.0031713913194835186,0.009775376878678799,0.005630086176097393
1790592473316289500,37.37128955078125,-0.04002181813120842,0.02161366119980812,-0.11899253726005554
1790592473326302700,37.381302734375,-0.06752268224954605,0.03994499891996384,-0.10596674680709839
1790592473336315600,37.391315673828124,-0.06374844908714294,0.022188637405633926,-0.09879565238952637
1790592473346328800,37.40132885742187,-0.09221950173377991,0.031505975872278214,-0.019732529297471046
1790592473356341500,37.41134155273438,-0.10697901248931885,-0.00875063706189394,0.049420177936553955
1790592473366353700,37.42135375976562,-0.045950282365083694,0.024056578055024147,-0.01529916375875473
1790592473376366600,37.43136669921875,-0.005006841849535704,0.06330810487270355,-0.04465199261903763
1790592473386379800,37.4413798828125,-0.04532230645418167,0.029941098764538765,0.03969457745552063
1790592473396392700,37.451392822265625,-0.08417516201734543,0.05381634086370468,0.029327159747481346
1790592473406405600,37.46140551757812,-0.04771755635738373,0.07578341662883759,0.021564045920968056
1790592473416418800,37.47141870117188,-0.03647928312420845,0.05452500656247139,-0.04272066801786423
1790592473426430700,37.4814306640625,-0.0447678379714489,0.0632479190826416,-0.04558170214295387
1790592473436443600,37.49144360351563,-0.06330583244562149,0.03947867825627327,0.011313805356621742
1790592473446456600,37.50145654296875,-0.022306468337774277,0.025910139083862305,0.026116453111171722
1790592473456469800,37.5114697265625,0.017703264951705933,0.05290260910987854,0.005397858563810587
1790592473466482700,37.52148266601562,-0.03588379919528961,0.0784258097410202,-0.03376472368836403
1790592473476495600,37.53149560546875,-0.039521943777799606,0.07525584846735,-0.004278470296412706
1790592473486507800,37.5415078125,-0.027120398357510567,0.05127222090959549,-0.006998889613896608
1790592473496520700,37.55152075195313,-0.00563321728259325,0.04628651961684227,0.007543833926320076
1790592473506533600,37.56153369140625,-0.026618126779794693,0.024037670344114304,-0.030971333384513855
1790592473516546800,37.571546875,-0.048168960958719254,0.04664205014705658,-0.06306082755327225
1790592473526559500,37.5815595703125,-0.06245655193924904,0.022709285840392113,0.004710763227194548
1790592473536572700,37.59157275390625,-0.07153606414794922,-0.02880876697599888,0.03505455330014229
1790592473546584600,37.60158447265625,-0.05378343537449837,-0.00866088829934597,0.03416266292333603
1790592473556597800,37.61159765625,-0.07705440372228622,-0.03386344388127327,0.11552409827709198
1790592473566610700,37.621610595703125,-0.07621923089027405,-0.07898379117250443,0.0519789420068264
1790592473576623600,37.63162353515625,-0.0626610815525055,-0.03542272374033928,0.025648800656199455
1790592473586636800,37.64163671875,-0.0840848833322525,-0.11752399057149887,-0.10834388434886932
1790592473596649700,37.65164965820313,-0.09549785405397415,-0.08971846103668213,-0.10145694762468338
1790592473606662700,37.66166259765625,-0.11088666319847107,-0.12705624103546143,-0.13575446605682373
1790592473616674600,37.671674560546876,-0.1043025329709053,-0.1518329679965973,-0.02221992053091526
1790592473626687700,37.681687744140625,-0.10745251923799515,-0.22878579795360565,0.13367860019207
1790592473636700700,37.69170068359375,-0.13052774965763092,-0.23044361174106598,0.13943102955818176
1790592473646713900,37.7017138671875,-0.1598353087902069,-0.22673596441745758,0.05316458269953728
1790592473656726500,37.7117265625,-0.16571849584579468,-0.24431468546390533,-0.07913433015346527
1790592473666739700,37.72173974609375,-0.08100386708974838,-0.17668823897838593,-0.20524539053440094
1790592473676751600,37.731751708984376,-0.08003368228673935,-0.2631336450576782,-0.16809296607971191
1790592473686764800,37.741764892578125,-0.1604427695274353,-0.27458471059799194,-0.1095135435461998
1790592473696777500,37.75177758789062,-0.2013646364212036,-0.28961825370788574,0.0018033902160823345
1790592473706790700,37.76179077148438,-0.17597059905529022,-0.3135710060596466,0.030520521104335785
1790592473716803800,37.77180395507813,-0.153964102268219,-0.3194672465324402,0.07827606052160263
1790592473726816800,37.781816650390624,-0.21457871794700623,-0.3497367203235626,0.09022486954927444
1790592473736828700,37.79182861328125,-0.27623888850212097,-0.3626035153865814,0.013495465740561485
1790592473746841600,37.80184155273437,-0.21171128749847412,-0.3112868070602417,-0.1258815973997116
1790592473756854800,37.81185473632812,-0.15728799998760223,-0.2876714766025543,0.05634652450680733
1790592473766867700,37.82186767578125,-0.18536756932735443,-0.36520063877105713,-0.03129198029637337
1790592473776880600,37.831880615234375,-0.15514761209487915,-0.2500966787338257,-0.050342634320259094
1790592473786893600,37.8418935546875,-0.1691955178976059,-0.2961653769016266,-0.12210124731063843
1790592473796906800,37.85190673828125,-0.20399370789527893,-0.3192794919013977,-0.06123123690485954
1790592473806918700,37.861918701171874,-0.15871065855026245,-0.3242920935153961,0.0026095290668308735
1790592473816931800,37.87193188476562,-0.08643325418233871,-0.31695905327796936,0.10868456959724426
1790592473826944500,37.88194458007813,-0.07735613733530045,-0.3722548186779022,0.15265974402427673
1790592473836957700,37.891957763671876,-0.09054357558488846,-0.36346426606178284,0.009805923327803612
1790592473846971000,37.901970947265625,-0.07654866576194763,-0.3117810785770416,-0.17011164128780365
1790592473856982800,37.911982666015625,-0.012842927128076553,-0.305889368057251,-0.26756709814071655
1790592473866995500,37.92199536132812,0.02268151193857193,-0.3212544918060303,-0.22344356775283813
1790592473877008600,37.93200854492188,-0.021746939048171043,-0.36246049404144287,-0.08123742789030075
1790592473887021800,37.94202172851563,-0.09150417894124985,-0.3988017439842224,0.202102929353714
1790592473897034800,37.95203466796875,-0.09859324991703033,-0.43355971574783325,0.344330370426178
1790592473907047700,37.96204760742187,-0.010310260578989983,-0.39048895239830017,0.22322046756744385
1790592473917060600,37.972060546875,0.05776838958263397,-0.3374781906604767,0.009266632609069347
1790592473927072800,37.98207275390625,0.034446291625499725,-0.3024352490901947,-0.28525927662849426
1790592473937085700,37.99208569335938,-0.04310575872659683,-0.2709985077381134,-0.23683315515518188
1790592473947098600,38.0020986328125,-0.12258513271808624,-0.2929930090904236,-0.04513562470674515
1790592473957111600,38.012111572265624,-0.041388288140296936,-0.3183220624923706,0.16364902257919312
1790592473967124700,38.02212475585937,0.0773860365152359,-0.36372098326683044,0.2004760056734085
1790592473977137700,38.0321376953125,0.008591258898377419,-0.3438897430896759,0.028191853314638138
1790592473987149800,38.04214990234375,-0.09680147469043732,-0.2648106515407562,-0.19965702295303345
1790592473997162500,38.05216259765625,-0.021170897409319878,-0.24899759888648987,-0.1506039947271347
1790592474007175700,38.06217578125,0.07018325477838516,-0.293329119682312,0.13042394816875458
1790592474017188900,38.07218896484375,0.04176465794444084,-0.3687381148338318,0.32831305265426636
1790592474027201500,38.08220141601562,0.0031275171786546707,-0.32483962178230286,0.18031588196754456
1790592474037214500,38.09221435546875,0.043412886559963226,-0.2173808068037033,-0.0654563382267952
1790592474047226400,38.10222631835938,0.07647443562746048,-0.22955039143562317,-0.1753828376531601
1790592474057239600,38.11223950195313,0.08683972805738449,-0.22414231300354004,-0.08527185022830963
1790592474067252500,38.12225244140625,0.0652468204498291,-0.22077660262584686,0.1475083976984024
1790592474077265400,38.13226538085937,0.0778488963842392,-0.2865084707736969,0.24270974099636078
1790592474087278300,38.1422783203125,0.12077905237674713,-0.2773549258708954,0.07070177048444748
1790592474097291500,38.15229150390625,0.07390928268432617,-0.2265668511390686,-0.0772906243801117
1790592474107303400,38.16230346679688,0.04850724712014198,-0.20298509299755096,-0.17415058612823486
1790592474117316600,38.17231665039063,0.08715211600065231,-0.20987150073051453,-0.0596541129052639
1790592474127329300,38.182329345703124,0.047562889754772186,-0.22013825178146362,0.08535128086805344
1790592474137342500,38.19234252929687,0.0788545086979866,-0.17259709537029266,-0.0023918873630464077
1790592474147355400,38.20235546875,0.18099898099899292,-0.0871591567993164,0.025108445435762405
1790592474157368300,38.212368408203126,0.12379960715770721,-0.13488167524337769,0.07724994421005249
1790592474167380200,38.22238012695313,0.06893662363290787,-0.09286364912986755,0.09375329315662384
1790592474177393400,38.232393310546875,0.14215916395187378,-0.04029258340597153,0.06253145635128021
1790592474187406600,38.242406494140624,0.1987348347902298,0.004386737011373043,0.033292874693870544
1790592474197419500,38.25241943359375,0.14875449240207672,0.026615077629685402,-0.08854568004608154
1790592474207432400,38.26243237304688,0.13483813405036926,0.10278787463903427,-0.14546887576580048
1790592474217445400,38.2724453125,0.174141064286232,0.14354489743709564,0.049653735011816025
1790592474227457500,38.28245751953125,0.19710657000541687,0.10001898556947708,0.18692930042743683
1790592474237470500,38.292470458984376,0.2621611952781677,0.15478502213954926,0.1105077713727951
1790592474247483400,38.3024833984375,0.2579696476459503,0.22338752448558807,0.13029105961322784
1790592474257496300,38.31249633789062,0.21667681634426117,0.1823844313621521,0.052315033972263336
1790592474267509500,38.32250952148438,0.28746336698532104,0.25702404975891113,0.10014966875314713
1790592474277522400,38.3325224609375,0.31735894083976746,0.23622556030750275,-0.018115190789103508
1790592474287534600,38.34253466796875,0.3398911654949188,0.3062936067581177,-0.015402495861053467
1790592474297547300,38.35254736328125,0.3082923889160156,0.2749342620372772,-0.05790310725569725
1790592474307560400,38.362560546875,0.2643832564353943,0.3493051826953888,-0.12902683019638062
1790592474317573600,38.37257373046875,0.2649768888950348,0.38328176736831665,-0.05235601216554642
1790592474327586300,38.38258642578125,0.30101582407951355,0.35687974095344543,0.12360942363739014
1790592474337599500,38.392599609375,0.35704556107521057,0.346041202545166,0.20587393641471863
1790592474347612400,38.4026123046875,0.3063701093196869,0.3460499942302704,0.14664283394813538
1790592474357624600,38.41262451171875,0.26271530985832214,0.3901061415672302,0.007305453065782785
1790592474367637500,38.42263745117187,0.29579365253448486,0.44882431626319885,-0.0297420471906662
1790592474377650400,38.432650390625,0.30925512313842773,0.41103458404541016,0.03891690820455551
1790592474387663400,38.442663330078126,0.29322901368141174,0.3940073847770691,0.07072490453720093
1790592474397676500,38.452676513671875,0.22539855539798737,0.4260723888874054,0.024997364729642868
1790592474407688400,38.4626884765625,0.1978851705789566,0.46236273646354675,-0.07391536980867386
1790592474417701400,38.472701416015624,0.2855742871761322,0.4734968841075897,-0.03264089673757553
1790592474427714300,38.48271435546875,0.2948839068412781,0.44080206751823425,0.1434164196252823
1790592474437727500,38.4927275390625,0.21058312058448792,0.4113006293773651,0.17554931342601776
1790592474447740400,38.502740478515626,0.1646057814359665,0.41962993144989014,0.08225292712450027
1790592474457753300,38.51275341796875,0.15729381144046783,0.44298744201660156,-0.1258067935705185
1790592474467766500,38.5227666015625,0.18985334038734436,0.4588300585746765,-0.16863815486431122
1790592474477778400,38.5327783203125,0.1869233399629593,0.3877750635147095,-0.05368493124842644
1790592474487791600,38.54279150390625,0.1532769650220871,0.36794036626815796,0.0977349504828453
1790592474497804300,38.55280419921875,0.15173126757144928,0.3615144193172455,0.07599343359470367
1790592474507817500,38.5628173828125,0.14450930058956146,0.3730725646018982,-0.020465990528464317
1790592474517830400,38.572830322265624,0.11530961096286774,0.37205788493156433,-0.03897362947463989
1790592474527842600,38.582842529296876,0.09851465374231339,0.3385303020477295,0.09184084087610245
1790592474537855500,38.59285546875,0.08451441675424576,0.2740596830844879,0.10575079917907715
1790592474547868400,38.60286840820312,0.04841979220509529,0.28591129183769226,0.18847844004631042
1790592474557881300,38.61288134765625,0.05002913996577263,0.18152309954166412,0.07194889336824417
1790592474567894500,38.62289453125,0.06476973742246628,0.2533669173717499,-0.16677872836589813
1790592474577907200,38.6329072265625,0.06690213084220886,0.24624429643154144,-0.23405790328979492
1790592474587919400,38.64291943359375,-0.003589880419895053,0.18033026158809662,-0.16647300124168396
1790592474597932300,38.65293237304687,0.024004995822906494,0.15566299855709076,0.015305323526263237
1790592474607945500,38.66294555664062,0.021367933601140976,0.11848021298646927,0.2899360954761505
1790592474617958700,38.67295874023438,-0.016322454437613487,-0.0012848038459196687,0.382403701543808
1790592474627971300,38.682971435546875,-0.04323209822177887,0.0531933531165123,0.19153867661952972
1790592474637984500,38.692984619140624,-0.08046042174100876,0.093002550303936,-0.09207626432180405
1790592474647996400,38.702996337890625,-0.07213298231363297,0.08174270391464233,-0.3878381550312042
1790592474658009600,38.71300952148437,-0.017319807782769203,0.12681616842746735,-0.39158546924591064
1790592474668022300,38.72302221679688,0.012735030613839626,0.014725055545568466,-0.1253652423620224
1790592474678035500,38.73303540039063,-0.05459980294108391,-0.04821289703249931,0.14774218201637268
1790592474688048400,38.74304833984375,-0.11627914011478424,-0.0360419861972332,0.2408822476863861
1790592474698061600,38.7530615234375,-0.11892392486333847,-0.007045221049338579,0.1689329594373703
1790592474708073500,38.763073486328125,-0.07945987582206726,0.007523867301642895,0.09811657667160034
1790592474718086400,38.77308642578125,-0.04304461181163788,0.018866537138819695,-0.021548831835389137
1790592474728099300,38.78309936523438,-0.02180563658475876,0.05877959728240967,-0.1386142075061798
1790592474738112500,38.79311254882813,-0.03982698172330856,0.0673147663474083,-0.12124666571617126
1790592474748125400,38.80312548828125,-0.07195349037647247,0.04857649654150009,-0.04709440469741821
1790592474758138400,38.81313842773437,-0.0733865350484848,0.03533659130334854,0.0647977739572525
1790592474768150300,38.823150390625,-0.09299219399690628,-0.009590404108166695,0.1357411891222
1790592474778163500,38.83316357421875,-0.04742950573563576,0.005422367248684168,0.09204696863889694
1790592474788176600,38.8431767578125,0.019114898517727852,0.013198264874517918,-0.010825347155332565
1790592474798189300,38.853189208984375,-0.020508943125605583,0.004260163754224777,-0.06001286581158638
1790592474808202500,38.863202392578124,-0.05661261826753616,0.04397828131914139,0.04331378638744354
1790592474818215400,38.87321533203125,-0.04173646867275238,0.01606302708387375,0.1685236394405365
1790592474828227600,38.8832275390625,-0.0032231633085757494,0.015814287588000298,0.2063051015138626
1790592474838240500,38.89324047851562,0.011423956602811813,0.03299567103385925,-0.05267425999045372
1790592474848253400,38.90325341796875,0.016001930460333824,0.09495411068201065,-0.2493966519832611
1790592474858266400,38.913266357421875,-0.04557035490870476,0.051060426980257034,-0.19100816547870636
1790592474868279600,38.923279541015624,-0.06794436275959015,0.039939332753419876,-0.12673410773277283
1790592474878292200,38.93329223632813,-0.013667281717061996,0.038194961845874786,0.09106772392988205
1790592474888304400,38.943304443359374,-0.022213898599147797,-0.0010555057087913156,0.15717031061649323
1790592474898317300,38.9533173828125,-0.02072732336819172,0.09069625288248062,0.01796155981719494
1790592474908330500,38.96333056640625,-0.03354618325829506,0.16175444424152374,-0.060883719474077225
1790592474918343400,38.973343505859376,-0.036404285579919815,0.16854365170001984,-0.0796227902173996
1790592474928356400,38.9833564453125,-0.005685788579285145,0.17277248203754425,0.03511364758014679
1790592474938369500,38.99336962890625,0.03602464124560356,0.15701135993003845,0.02538272552192211
1790592474948381400,39.00338134765625,0.04161141812801361,0.19659845530986786,-0.040560074150562286
1790592474958394600,39.01339453125,-0.018581081181764603,0.18643715977668762,0.006341122556477785
1790592474968407300,39.0234072265625,-0.03563489764928818,0.17347875237464905,0.04025141894817352
1790592474978420500,39.03342041015625,0.04249478876590729,0.20437568426132202,0.09534049779176712
1790592474988433400,39.04343334960937,0.04454675689339638,0.16882061958312988,-0.0007309014908969402
1790592474998446600,39.05344653320312,0.034717027097940445,0.22724637389183044,-0.1531742364168167
1790592475008458500,39.06345849609375,0.032495684921741486,0.22602984309196472,-0.0673978179693222
1790592475018471400,39.07347143554688,0.009018323384225368,0.18240539729595184,0.0351000651717186
1790592475028486000,39.08348583984375,0.05230187997221947,0.20519620180130005,0.120277538895607
1790592475038498600,39.09349853515625,0.0408761203289032,0.20862235128879547,0.12529388070106506
1790592475048511700,39.10351171875,0.00005651963874697685,0.2266106754541397,0.019503530114889145
1790592475058523600,39.11352368164062,0.0011153925443068147,0.21177659928798676,-0.02036372385919094
1790592475068536800,39.12353686523438,0.029784053564071655,0.20564574003219604,-0.07665123790502548
1790592475078549500,39.133549560546875,0.07071977108716965,0.20583082735538483,0.06267416477203369
1790592475088562700,39.143562744140624,0.014979809522628784,0.1223098412156105,0.007620505057275295
1790592475098575600,39.15357568359375,-0.014576218090951443,0.2109246551990509,-0.15488451719284058
1790592475108588800,39.1635888671875,-0.016308605670928955,0.2307303249835968,-0.1033257246017456
1790592475118600700,39.1736005859375,-0.029837995767593384,0.1757938414812088,-0.016947688534855843
1790592475128613600,39.183613525390626,0.0011851673480123281,0.1738089770078659,0.23988009989261627
1790592475138626600,39.19362646484375,-0.05081358551979065,0.10763449221849442,0.2069232165813446
1790592475148639700,39.2036396484375,-0.02537507191300392,0.14833584427833557,0.10903207957744598
1790592475158652700,39.21365258789063,0.013018391095101833,0.1752425581216812,-0.014315685257315636
1790592475168665600,39.22366552734375,-0.012337299063801765,0.16933540999889374,-0.18395371735095978
1790592475178677800,39.233677734375,-0.04270266368985176,0.15995441377162933,-0.2089400291442871
1790592475188690700,39.24369067382813,-0.06268222630023956,0.1406470388174057,-0.15834370255470276
1790592475198703900,39.253703857421876,-0.025201965123414993,0.10923558473587036,-0.003419895190745592
1790592475208716500,39.26371655273437,-0.03247825428843498,0.02973729372024536,0.19877047836780548
1790592475218729700,39.27372973632812,-0.09958964586257935,0.005737951956689358,0.2543695867061615
1790592475228742700,39.28374267578125,-0.11810953170061111,0.0637677013874054,0.10940438508987427
1790592475238754800,39.2937548828125,-0.033102765679359436,0.09840903431177139,-0.1609133780002594
1790592475248767500,39.303767578125,0.04908424988389015,0.1322665959596634,-0.3896530866622925
1790592475258780700,39.31378076171875,0.02416185475885868,0.09669581800699234,-0.22771266102790833
1790592475268793600,39.32379370117187,-0.0951128676533699,0.011651234701275826,0.025630133226513863
1790592475278806800,39.33380688476562,-0.13528107106685638,-0.008366681635379791,0.3344172537326813
1790592475288818700,39.34381860351562,-0.06665460020303726,-0.0596274733543396,0.32098960876464844
1790592475298831600,39.35383154296875,-0.003345752600580454,-0.020395733416080475,0.06864797323942184
1790592475308844500,39.363844482421875,-0.05330079421401024,0.05390326306223869,-0.15370388329029083
1790592475318857700,39.373857666015624,-0.1641884297132492,0.019723456352949142,-0.1469261348247528
1790592475328870700,39.38387060546875,-0.14854608476161957,-0.005022104363888502,-0.05965806916356087
1790592475338883600,39.39388354492188,-0.05839914828538895,0.004081379156559706,0.211208313703537
1790592475348895700,39.40389575195312,-0.035760682076215744,-0.05702218785881996,0.07743240892887115
1790592475358908700,39.41390869140625,-0.023273121565580368,0.02704714983701706,-0.09923876821994781
1790592475368921900,39.423921875,-0.06137070432305336,-0.00932683702558279,-0.14993950724601746
1790592475378934500,39.4339345703125,-0.08409944921731949,-0.018935255706310272,-0.13639385998249054
1790592475388947700,39.44394775390625,-0.06718092411756516,-0.05660140886902809,0.11013549566268921
1790592475398960600,39.45396069335938,-0.09068544954061508,-0.07456469535827637,0.15564678609371185
1790592475408972800,39.46397290039062,-0.07897952198982239,-0.030076058581471443,0.19746799767017365
1790592475418985700,39.47398583984375,-0.09311025589704514,-0.104927659034729,0.22430600225925446
1790592475428998700,39.48399853515625,-0.07473071664571762,-0.11690602451562881,-0.044307079166173935
1790592475439011600,39.49401147460937,-0.029159773141145706,-0.05534999072551727,-0.18778115510940552
1790592475449024800,39.50402465820312,-0.06475292146205902,-0.11916492134332657,-0.3356230854988098
1790592475459037700,39.51403759765625,-0.09650099277496338,-0.09128162264823914,-0.24953055381774902
1790592475469049600,39.52404956054688,-0.12051977962255478,-0.1752694696187973,-0.03854399919509888
1790592475479062800,39.53406274414063,-0.12363541126251221,-0.19254407286643982,0.2170044183731079
1790592475489075700,39.54407568359375,-0.13935604691505432,-0.23002725839614868,0.36687594652175903
1790592475499088600,39.55408862304687,-0.12467244267463684,-0.231645405292511,0.15496768057346344
1790592475509101600,39.5641015625,-0.09288468956947327,-0.16228044033050537,-0.07118050009012222
1790592475519113700,39.57411376953125,-0.10743114352226257,-0.16474919021129608,-0.191890150308609
1790592475529126700,39.58412670898438,-0.05735119432210922,-0.1663750559091568,-0.12911704182624817
1790592475539139800,39.59413989257813,-0.07197488099336624,-0.22128143906593323,-0.0007023420184850693
1790592475549152500,39.604152587890624,-0.15720109641551971,-0.21144318580627441,0.027734892442822456
1790592475559165700,39.61416577148437,-0.14191214740276337,-0.16686400771141052,-0.07980328053236008
1790592475569178600,39.6241787109375,-0.12544237077236176,-0.15545982122421265,-0.08880290389060974
1790592475579190800,39.63419067382812,-0.1488448977470398,-0.1606053113937378,0.02336224913597107
1790592475589203700,39.64420361328125,-0.15922217071056366,-0.1539098620414734,0.23640501499176025
1790592475599216600,39.654216552734376,-0.12999796867370605,-0.16909439861774445,0.3079060912132263
1790592475609229600,39.6642294921875,-0.04146464169025421,-0.08069316297769547,0.18682174384593964
1790592475619242800,39.67424267578125,-0.01236374955624342,-0.08903258293867111,-0.14965428411960602
1790592475629255700,39.68425561523438,-0.019218459725379944,0.04660620167851448,-0.43477708101272583
1790592475639267600,39.694267578125,-0.029676426202058792,0.027374451979994774,-0.32250648736953735
1790592475649280800,39.70428076171875,-0.00803291704505682,-0.0020689249504357576,-0.036959681659936905
1790592475659293700,39.714293701171876,0.004477549344301224,-0.06193571910262108,0.20430779457092285
1790592475669307000,39.724306884765625,-0.03813355788588524,-0.02470099925994873,0.16163437068462372
1790592475679319600,39.73431958007812,-0.04420343413949013,0.030434157699346542,0.05590420961380005
1790592475689331700,39.744331787109374,0.05429330840706825,0.02139272540807724,-0.18491479754447937
1790592475699344600,39.7543447265625,0.10245657712221146,0.1042785570025444,-0.2633265256881714
1790592475709357800,39.76435791015625,0.03329455107450485,0.04581444337964058,-0.036370061337947845
1790592475719370500,39.77437060546875,-0.045882292091846466,-0.007251969072967768,0.11651989072561264
1790592475729383700,39.7843837890625,-0.002200859831646085,-0.000585277855861932,0.1664016842842102
1790592475739396600,39.79439672851562,0.03390415012836456,0.0065410747192800045,0.07831604778766632
1790592475749408800,39.80440869140625,0.04254983365535736,-0.006767806597054005,-0.08157934248447418
1790592475759421700,39.81442163085938,0.049321189522743225,0.0308418869972229,-0.20969417691230774
1790592475769434600,39.8244345703125,0.027836401015520096,0.002636880846694112,-0.09051531553268433
1790592475779447800,39.83444775390625,0.033365391194820404,-0.04773068428039551,0.01807001419365406
1790592475789460700,39.84446069335937,0.07671260088682175,-0.04857597127556801,0.1085842028260231
1790592475799472600,39.85447265625,0.0038008401170372963,-0.13007695972919464,0.11280078440904617
1790592475809485600,39.86448559570312,-0.07042571902275085,-0.12605692446231842,0.12337113916873932
1790592475819498800,39.87449877929687,-0.046662863343954086,-0.13064634799957275,0.05121491476893425
1790592475829511700,39.88451171875,0.002204807475209236,-0.1288958489894867,-0.06209699437022209
1790592475839524900,39.89452490234375,0.02075771801173687,-0.12086241692304611,-0.13154610991477966
1790592475849537500,39.90453759765625,0.0001685546012595296,-0.08626130223274231,-0.21964773535728455
1790592475859549700,39.9145498046875,-0.02558128349483013,-0.1193217784166336,-0.0789012685418129
1790592475869562600,39.92456274414062,-0.08260275423526764,-0.18093162775039673,0.1209159716963768
1790592475879575800,39.93457592773437,-0.10129548609256744,-0.20670782029628754,0.2585550546646118
1790592475889588500,39.94458837890625,-0.10105553269386292,-0.2453548163175583,0.1462617963552475
1790592475899601700,39.9546015625,-0.08436896651983261,-0.18174335360527039,-0.051466453820466995
1790592475909614600,39.96461450195312,-0.06231985241174698,-0.16495931148529053,-0.15901023149490356
1790592475919626800,39.974626708984374,-0.0756676197052002,-0.1494181752204895,-0.19806894659996033
1790592475929639700,39.9846396484375,-0.08199289441108704,-0.14439597725868225,0.02738788351416588
1790592475939652600,39.99465258789063,-0.062133967876434326,-0.1583871692419052,0.10002213716506958
1790592475949665800,40.004665771484376,-0.04291446506977081,-0.1352139413356781,0.08243516087532043
1790592475959678700,40.0146787109375,-0.03981934115290642,-0.10516095161437988,-0.034082405269145966
1790592475969690600,40.024690673828125,-0.05534983053803444,-0.07158461958169937,-0.06401393562555313
1790592475979703600,40.03470361328125,-0.03296596184372902,-0.09480365365743637,-0.035398270934820175
1790592475989716700,40.044716796875,-0.010132286697626114,-0.08388203382492065,0.06218767166137695
1790592475999729700,40.05472973632813,-0.03364533558487892,-0.04999197646975517,0.0762302577495575
1790592476009742800,40.064742919921876,-0.0024642464704811573,-0.01784415915608406,0.13915914297103882
1790592476019755500,40.07475561523437,-0.016202162951231003,0.012022392824292183,0.13801079988479614
1790592476029767200,40.08476708984375,0.024081876501441002,0.061263710260391235,-0.11759886890649796
1790592476039780400,40.0947802734375,0.10603772848844528,0.13777418434619904,-0.1528998762369156
1790592476049793300,40.10479321289063,0.09479785710573196,0.0943971574306488,-0.14436843991279602
1790592476059806500,40.114806396484376,0.03845575824379921,0.15129931271076202,0.0008422913961112499
1790592476069819100,40.12481909179687,0.058827076107263565,0.12176194041967392,0.13810719549655914
1790592476079831300,40.134831298828125,0.09551984071731567,0.12068495899438858,0.18575727939605713
1790592476089844200,40.14484423828125,0.039382804185152054,0.13991670310497284,0.04555356875061989
1790592476099857400,40.154857421875,0.00018080516019836068,0.19169041514396667,-0.17318010330200195
1790592476109870000,40.1648701171875,0.05306346341967583,0.22080489993095398,-0.11666756123304367
1790592476119883300,40.17488330078125,0.12328463047742844,0.2005494236946106,0.03872602432966232
1790592476129896400,40.184896484375,0.10469815880060196,0.1816665381193161,0.2426234930753708
1790592476139908400,40.194908447265625,0.051655448973178864,0.1758190393447876,0.15010154247283936
1790592476149921500,40.204921630859374,0.06924962252378464,0.2900942265987396,-0.028280174359679222
1790592476159934200,40.21493432617188,0.08429302275180817,0.23434732854366302,-0.12405730038881302
1790592476169947400,40.22494750976563,0.08687762171030045,0.24022413790225983,-0.09686083346605301
1790592476179960300,40.234960205078124,0.07198309153318405,0.23544907569885254,0.004629040136933327
1790592476189972500,40.24497241210938,0.08264213055372238,0.17950405180454254,0.1115935742855072
1790592476199985200,40.254985107421874,0.08205463737249374,0.15725095570087433,0.15240997076034546
1790592476209998300,40.26499829101562,0.061292897909879684,0.17049911618232727,-0.004348742309957743
1790592476220011300,40.27501123046875,0.04138683155179024,0.16406410932540894,-0.10927782207727432
1790592476230024400,40.2850244140625,0.05576896667480469,0.16253572702407837,-0.08575092256069183
1790592476240037000,40.295037109375,0.031192516908049583,0.11709342151880264,0.038435205817222595
1790592476250049300,40.30504931640625,0.01028803363442421,0.08089680224657059,0.03938435763120651
1790592476260062200,40.315062255859374,0.0188389103859663,0.120580293238163,0.10304456204175949
1790592476270075400,40.32507543945312,0.0037531694397330284,0.04355688393115997,0.04052392393350601
1790592476280088000,40.33508813476563,0.02961619198322296,0.05187979340553284,-0.09513776749372482
1790592476290101200,40.345101318359376,0.03067905828356743,0.07285191863775253,-0.1527736335992813
1790592476300113200,40.355113037109376,0.004492803011089563,0.055599793791770935,-0.14493675529956818
1790592476310126300,40.365126220703125,-0.003001332050189376,0.03030429035425186,0.07303046435117722
1790592476320139500,40.375139404296874,-0.06156211346387863,-0.0051908534951508045,0.12166564911603928
1790592476330152200,40.38515209960938,-0.0664341002702713,0.06303134560585022,0.0995321124792099
1790592476340165400,40.39516528320313,-0.0319693349301815,0.029006265103816986,0.08236537873744965
1790592476350178300,40.40517822265625,-0.010627027601003647,0.023720955476164818,-0.045923616737127304
1790592476360190500,40.4151904296875,-0.0452963262796402,0.059933025389909744,-0.1392892450094223
1790592476370203100,40.425203125,-0.10157344490289688,0.04165814444422722,-0.05768440663814545
1790592476380216300,40.43521630859375,-0.08579155802726746,0.0313706211745739,0.10225945711135864
1790592476390229200,40.44522924804688,-0.06875690817832947,0.05239281430840492,0.10392526537179947
1790592476400242400,40.45524243164063,-0.05007776618003845,0.07215320318937302,0.061962902545928955
1790592476410254300,40.46525439453125,-0.05091932415962219,0.057823799550533295,-0.04633960500359535
1790592476420267300,40.47526733398438,-0.061832427978515625,0.09610141068696976,-0.17941057682037354
1790592476430280200,40.4852802734375,-0.08890745043754578,0.07684223353862762,-0.16071517765522003
1790592476440293400,40.49529345703125,-0.09326571971178055,0.09211492538452148,-0.057910241186618805
1790592476450306300,40.50530639648437,-0.10845985263586044,0.05354463309049606,0.07983218133449554
1790592476460319200,40.5153193359375,-0.12059134989976883,-0.002347396221011877,0.20150907337665558
1790592476470331100,40.5253310546875,-0.11367698013782501,-0.012618143111467361,0.18779459595680237
1790592476480344300,40.53534423828125,-0.06834465265274048,0.00016609506565146148,0.01564733311533928
1790592476490357500,40.545357421875,-0.06889139860868454,-0.03156120702624321,-0.12963075935840607
1790592476500370200,40.5553701171875,-0.13556283712387085,-0.026063378900289536,-0.2136625498533249
1790592476510383400,40.56538330078125,-0.15334822237491608,-0.04647251218557358,-0.20944596827030182
1790592476520395300,40.57539526367187,-0.09500715881586075,-0.09918392449617386,-0.019750071689486504
1790592476530408400,40.58540844726563,-0.07631975412368774,-0.17679908871650696,0.2186790108680725
1790592476540421000,40.595421142578125,-0.07929370552301407,-0.19555999338626862,0.15523213148117065
1790592476550434300,40.605434326171874,-0.09154824167490005,-0.14805985987186432,-0.055310461670160294
1790592476560447200,40.615447265625,-0.11969678848981857,-0.1523781716823578,-0.10625486820936203
1790592476570460400,40.62546044921875,-0.08923502266407013,-0.1944611817598343,-0.10940512269735336
1790592476580472300,40.63547241210937,-0.05805180221796036,-0.23937885463237762,0.0018396428786218166
1790592476590485200,40.6454853515625,-0.10745983570814133,-0.2862268090248108,0.14546871185302734
1790592476600498200,40.655498291015626,-0.1511034518480301,-0.30783915519714355,0.0714714527130127
1790592476610511400,40.665511474609374,-0.10954774916172028,-0.2652378976345062,-0.08767639100551605
1790592476620524300,40.67552416992187,-0.08140666037797928,-0.2985047698020935,-0.08964553475379944
1790592476630536200,40.6855361328125,-0.08307326585054398,-0.31652557849884033,-0.06111349165439606
1790592476640549400,40.69554931640625,-0.11216217279434204,-0.3500204384326935,0.03527935594320297
1790592476650562300,40.70556225585938,-0.16087432205677032,-0.40256378054618835,0.025078119710087776
1790592476660575500,40.715575439453126,-0.14317841827869415,-0.3366689383983612,-0.04020767658948898
1790592476670588200,40.72558813476562,-0.15863646566867828,-0.40337473154067993,-0.03421662747859955
1790592476680600300,40.735600341796875,-0.18934644758701324,-0.44914674758911133,-0.043943557888269424
1790592476690613200,40.74561328125,-0.16865260899066925,-0.4233156740665436,-0.020789502188563347
1790592476700626400,40.75562646484375,-0.14034800231456757,-0.45649227499961853,0.024358799681067467
1790592476710639400,40.76563940429688,-0.10115107148885727,-0.44440311193466187,0.06164039298892021
1790592476720652300,40.77565234375,-0.09364175796508789,-0.3826414942741394,0.016175705939531326
1790592476730665200,40.78566528320312,-0.09041719883680344,-0.34762758016586304,0.009797167964279652
1790592476740677400,40.795677490234375,-0.04622896388173103,-0.3021402359008789,-0.09206954389810562
1790592476750690300,40.80569018554687,0.009065184742212296,-0.2085551619529724,-0.16024886071681976
1790592476760703200,40.815703125,0.008024154230952263,-0.21767541766166687,-0.05758027732372284
1790592476770716200,40.825716064453125,0.0009270966984331608,-0.20044715702533722,0.015803396701812744
1790592476780729300,40.835729248046874,-0.0029416773468255997,-0.14794160425662994,0.22520269453525543
1790592476790741200,40.8457412109375,-0.011961803771555424,-0.19756296277046204,0.2263057678937912
1790592476800754400,40.85575439453125,0.042517147958278656,-0.10907676815986633,0.13701345026493073
1790592476810767400,40.86576733398437,0.05795709043741226,-0.05809507891535759,-0.10511290282011032
1790592476820780300,40.8757802734375,0.08903990685939789,-0.007402874995023012,-0.3456312417984009
1790592476830793500,40.88579345703125,0.07485884428024292,0.029476845636963844,-0.24731479585170746
1790592476840806100,40.89580615234375,0.007997523061931133,0.03155198320746422,-0.07464181631803513
1790592476850818300,40.905818359375,0.02070772647857666,0.0487152561545372,0.22382530570030212
1790592476860831200,40.915831298828124,0.09095365554094315,0.007252234034240246,0.3474702835083008
1790592476870844400,40.92584448242187,0.1671871691942215,0.037968069314956665,0.1212959960103035
1790592476880857300,40.935857421875,0.1507783681154251,0.10104849934577942,-0.12176404893398285
1790592476890870300,40.945870361328126,0.07676486670970917,0.09126671403646469,-0.1706109493970871
1790592476900882200,40.955882080078126,0.06246555596590042,0.06877098977565765,-0.0811937227845192
1790592476910895400,40.965895263671875,0.07216665148735046,0.04255776107311249,0.08216696977615356
1790592476920908300,40.975908203125,0.07326600700616837,0.030266473069787025,0.10581717640161514
1790592476930921200,40.98592114257813,0.15189343690872192,0.0991605892777443,0.019284147769212723
1790592476940934400,40.99593432617188,0.13961626589298248,0.040748678147792816,0.01861169934272766
1790592476950946300,41.0059462890625,0.09353052824735641,0.03329848498106003,-0.10055490583181381
1790592476960959200,41.01595922851563,0.12540511786937714,0.08693347871303558,-0.06473059207201004
1790592476970972400,41.025972412109375,0.07140365988016129,-0.02729535661637783,0.04953659325838089
1790592476980985300,41.0359853515625,0.023363163694739342,-0.03184057027101517,0.1428002268075943
1790592476990998300,41.04599829101563,0.016895411536097527,-0.027922797948122025,0.16651061177253723
1790592477001011500,41.05601147460938,0.043287068605422974,-0.08983117341995239,0.12845057249069214
1790592477011023400,41.0660234375,0.03160830959677696,-0.12965022027492523,-0.02628973126411438
1790592477021036300,41.07603637695313,-0.011716260574758053,-0.0517096184194088,-0.16858428716659546
1790592477031049000,41.086049072265624,-0.01344332005828619,-0.08054979145526886,-0.16399672627449036
1790592477041062100,41.09606225585937,0.03882654011249542,-0.10481571406126022,-0.04504957050085068
1790592477051075000,41.10607495117188,0.013368852436542511,-0.1429726928472519,0.048723261803388596
1790592477061087200,41.11608715820312,-0.11208520829677582,-0.1809709370136261,0.1676158308982849
1790592477071100000,41.126099853515626,-0.13026341795921326,-0.21236880123615265,0.041975609958171844
1790592477081113000,41.136113037109375,-0.030476098880171776,-0.11758530139923096,-0.07050459831953049
1790592477091126000,41.1461259765625,-0.02413218282163143,-0.1847558170557022,-0.030220288783311844
1790592477101139000,41.15613891601563,-0.07683880627155304,-0.17668457329273224,-0.024436170235276222
1790592477111151000,41.16615112304687,-0.0627746507525444,-0.12191933393478394,-0.02755100280046463
1790592477121164000,41.1761640625,-0.029986610636115074,-0.15178614854812622,-0.015403259545564651
1790592477131177000,41.186177001953126,-0.029200712218880653,-0.18469350039958954,0.02065274491906166
1790592477141190100,41.196190185546875,-0.058523450046777725,-0.17463047802448273,-0.0552755743265152
1790592477151203000,41.206203125,-0.052567820996046066,-0.18437312543392181,0.05228337645530701
1790592477161216000,41.21621606445313,-0.06443566828966141,-0.2639515995979309,-0.0007321718148887157
1790592477171228200,41.22622827148437,-0.039026979357004166,-0.14054761826992035,0.014317351393401623
1790592477181241000,41.23624096679688,-0.022824570536613464,-0.19904740154743195,0.10779723525047302
1790592477191254000,41.24625390625,0.009890764020383358,-0.21786610782146454,0.09898749738931656
1790592477201267000,41.256266845703124,0.09370789676904678,-0.14375565946102142,-0.03207358345389366
1790592477211280100,41.26628002929687,0.08025307953357697,-0.10017994791269302,-0.18612785637378693
1790592477221292000,41.2762919921875,0.044569648802280426,-0.097706139087677,-0.1445833444595337
1790592477231305200,41.28630517578125,0.022134913131594658,-0.11572268605232239,-0.009306751191616058
1790592477241318000,41.29631787109375,0.03360062092542648,-0.10679071396589279,0.14278611540794373
1790592477251331000,41.3063310546875,0.07126996666193008,-0.1454843133687973,0.11728554219007492
1790592477261344000,41.316343994140624,0.05542255938053131,-0.1010979413986206,-0.00576767697930336
1790592477271356200,41.326356201171876,0.02955794334411621,-0.05305877700448036,-0.13385720551013947
1790592477281369000,41.336369140625,0.05823912099003792,-0.020778335630893707,-0.10321007668972015
1790592477291382000,41.34638208007812,0.075787752866745,-0.03653998672962189,0.008211788721382618
1790592477301395000,41.35639501953125,0.04130913317203522,-0.06022374704480171,0.05109616369009018
1790592477311408000,41.366408203125,0.050805963575839996,-0.05525987967848778,-0.004993737209588289
1790592477321420000,41.376419921875,0.052310917526483536,-0.04770129546523094,0.08909973502159119
1790592477331433000,41.386432861328124,0.03639133647084236,-0.0926666408777237,0.05314946174621582
1790592477341446100,41.39644604492187,0.055187661200761795,-0.05502365902066231,0.08838973939418793
1790592477351459000,41.406458984375,0.015196836553514004,-0.10910287499427795,-0.0418766550719738
1790592477361472300,41.41647216796875,0.008170085959136486,-0.06043972820043564,-0.1378154307603836
1790592477371485000,41.42648486328125,0.02229948714375496,-0.07737716287374496,-0.04914921522140503
1790592477381497000,41.4364970703125,-0.019058339297771454,-0.10566207021474838,0.14144204556941986
1790592477391510000,41.446510009765625,-0.0035821772180497646,-0.11399296671152115,0.09948020428419113
1790592477401523200,41.456523193359374,0.03348183631896973,-0.06648936867713928,-0.002458408009260893
1790592477411536000,41.46653588867188,0.024305380880832672,-0.06868088245391846,-0.0376768484711647
1790592477421549000,41.47654907226563,0.050628066062927246,-0.014127356931567192,-0.10008962452411652
1790592477431561000,41.48656103515625,0.06106259673833847,0.03991590440273285,-0.018898634240031242
1790592477441574100,41.49657421875,0.023837730288505554,0.0017394897295162082,0.04606438800692558
1790592477451587000,41.506587158203125,0.04226760193705559,0.05280587077140808,0.07078198343515396
1790592477461600000,41.51660009765625,0.06135527789592743,0.06875447928905487,-0.06335131824016571
1790592477471613200,41.52661328125,0.06939402222633362,0.12977708876132965,-0.06174330413341522
1790592477481625000,41.536625,0.030295895412564278,0.1100129634141922,0.09262895584106445
1790592477491638000,41.54663793945313,0.04445432499051094,0.11215068399906158,0.16117100417613983
1790592477501651000,41.55665087890625,0.0533471517264843,0.17236395180225372,0.08643950521945953
1790592477511664000,41.5666640625,0.11075478047132492,0.2221863716840744,-0.002452815417200327
1790592477521677000,41.57667700195312,0.19989770650863647,0.2487841695547104,-0.13579516112804413
1790592477531689200,41.586689208984374,0.13242146372795105,0.265346884727478,-0.09352146834135056
1790592477541702100,41.5967021484375,0.006468592677265406,0.2700106203556061,0.03938544541597366
1790592477551715000,41.60671508789063,0.06560434401035309,0.29198703169822693,0.17227372527122498
1790592477561728000,41.61672802734375,0.18701760470867157,0.23452533781528473,0.3115170896053314
1790592477571741200,41.6267412109375,0.17723101377487183,0.16904965043067932,0.2023136466741562
1790592477581753000,41.636753173828126,0.13400845229625702,0.1870289146900177,-0.04583171382546425
1790592477591766000,41.64676611328125,0.15179543197155,0.2374446839094162,-0.22197505831718445
1790592477601779000,41.65677905273437,0.1687597632408142,0.20219376683235168,-0.3116282522678375
1790592477611792100,41.66679223632813,0.15262900292873383,0.21058538556098938,-0.12352411448955536
1790592477621805000,41.67680517578125,0.11740629374980927,0.17808282375335693,0.053111378103494644
1790592477631818000,41.68681787109375,0.15797743201255798,0.16054564714431763,0.20496003329753876
1790592477641830000,41.696829833984374,0.1386583298444748,0.13100001215934753,0.090308278799057
1790592477651843000,41.70684301757812,0.10745379328727722,0.17295704782009125,-0.00162963243201375
1790592477661856000,41.71685595703125,0.07366893440485,0.12207628786563873,0.1123478040099144
1790592477671869000,41.726868896484376,0.1032494604587555,0.048503268510103226,0.10526885092258453
1790592477681882000,41.736882080078125,0.14928193390369415,0.07889712601900101,0.07546968013048172
1790592477691894000,41.74689404296875,0.03895995765924454,0.01976083405315876,-0.09554627537727356
1790592477701907200,41.7569072265625,-0.07251331210136414,0.07572636753320694,-0.16990040242671967
1790592477711920000,41.76692016601562,-0.026240883395075798,0.10521741211414337,-0.2489352822303772
1790592477721933000,41.77693310546875,0.0794362723827362,0.1209162175655365,-0.07651585340499878
1790592477731946000,41.786946044921876,0.0664331242442131,0.0285993330180645,0.1441584676504135
1790592477741958100,41.79695825195312,-0.012333325110375881,-0.02229846827685833,0.17045851051807404
1790592477751971000,41.80697119140625,-0.022795286029577255,0.041744962334632874,0.11639793962240219
1790592477761984000,41.81698388671875,-0.019237035885453224,0.03184865787625313,0.14915882050991058
1790592477771997000,41.82699682617187,-0.021762246266007423,0.0109449727460742,0.12764500081539154
1790592477782010000,41.83701000976563,-0.05436519533395767,0.024972109124064445,-0.09338511526584625
1790592477792022000,41.84702197265625,-0.06788207590579987,0.09973316639661789,-0.35224437713623047
1790592477802035200,41.85703515625,-0.04979361221194267,0.08096933364868164,-0.27525344491004944
1790592477812048000,41.8670478515625,-0.013119756244122982,0.0341874435544014,-0.038353558629751205
1790592477822061000,41.87706103515625,0.010636439546942711,-0.010158714838325977,0.2198375165462494
1790592477832074200,41.88707421875,0.02062728814780712,-0.014311647973954678,0.19827096164226532
1790592477842086100,41.897086181640624,0.07267557084560394,0.07055716961622238,0.023281309753656387
1790592477852098800,41.90709887695313,0.059831682592630386,0.09493441134691238,-0.1095462441444397
1790592477862112000,41.91711206054688,0.01095868181437254,0.13137124478816986,-0.11691334843635559
1790592477872125200,41.927125244140626,0.014076177962124348,0.1301366090774536,0.08163436502218246
1790592477882138000,41.93713818359375,-0.0002052891650237143,0.08119889348745346,0.1570628136396408
1790592477892150300,41.947150390625,0.007935195229947567,0.09817974269390106,0.07334953546524048
1790592477902163000,41.95716284179687,0.027156295254826546,0.12223820388317108,-0.05999413877725601
1790592477912176000,41.96717602539063,0.029333695769309998,0.12851688265800476,-0.05931183695793152
1790592477922189000,41.97718896484375,0.020359374582767487,0.11107290536165237,0.04498527571558952
1790592477932202000,41.987201904296874,0.011347503401339054,0.08831832557916641,-0.021618254482746124
1790592477942215000,41.99721484375,0.03826061263680458,0.14943307638168335,-0.03328023478388786
1790592477952227000,42.00722705078125,0.0405820868909359,0.12223847210407257,-0.02928869053721428
1790592477962240000,42.01723999023437,0.028061237186193466,0.10731198638677597,0.07992541790008545
1790592477972253200,42.02725317382812,0.043028999119997025,0.11715076863765717,0.11850130558013916
1790592477982265900,42.037265869140626,0.06086552143096924,0.12116522341966629,0.09314161539077759
1790592477992278000,42.04727807617188,0.05900903418660164,0.0976676195859909,-0.06943051517009735
1790592478002291000,42.057291015625,0.029863132163882256,0.16541843116283417,-0.17038722336292267
1790592478012304100,42.06730419921875,-0.019947035238146782,0.14034824073314667,-0.14564326405525208
1790592478022317000,42.07731713867187,-0.0016745550092309713,0.08512385934591293,0.007747357711195946
1790592478032330500,42.08733056640625,0.016028275713324547,0.056547611951828,0.08219176530838013
1790592478042343400,42.09734350585938,-0.008564685471355915,0.08797691017389297,-0.023803910240530968
1790592478052355600,42.10735546875,-0.002732895314693451,0.11502929776906967,-0.0715184360742569
1790592478062368500,42.11736840820313,0.010984248481690884,0.1361532211303711,0.048596788197755814
1790592478072381400,42.12738134765625,0.015316411852836609,0.1226094514131546,0.1606205254793167
1790592478082394400,42.13739428710937,0.005738087464123964,0.11673105508089066,0.2121122181415558
1790592478092407600,42.14740747070312,-0.005995800253003836,0.14721545577049255,0.009107966907322407
1790592478102419500,42.15741943359375,0.015153959393501282,0.19244898855686188,-0.19759860634803772
1790592478112432400,42.16743237304688,0.05746333301067352,0.21294814348220825,-0.3303803503513336
1790592478122445600,42.17744555664063,0.0636727586388588,0.2379150092601776,-0.15390944480895996
1790592478132458500,42.18745849609375,0.03916874900460243,0.1525670886039734,0.0982852503657341
1790592478142471400,42.19747143554687,0.03513459116220474,0.1275661289691925,0.2870144248008728
1790592478152483600,42.207483642578126,0.03680812194943428,0.14630599319934845,0.2832404375076294
1790592478162496500,42.21749658203125,0.037264320999383926,0.17365851998329163,0.1768900454044342
1790592478172509400,42.22750952148437,0.05214819684624672,0.18626059591770172,-0.016696732491254807
1790592478182522600,42.23752270507813,0.07512221485376358,0.24941933155059814,-0.1900205761194229
1790592478192535300,42.247535400390625,0.04229024052619934,0.2405424863100052,-0.14051055908203125
1790592478202547500,42.25754736328125,0.024623895063996315,0.19540642201900482,-0.06937618553638458
1790592478212560400,42.267560302734374,0.07276105880737305,0.2418343722820282,0.09576243162155151
1790592478222573600,42.27757348632812,0.051944464445114136,0.16430070996284485,0.19547517597675323
1790592478232586500,42.28758642578125,0.008067820221185684,0.16078932583332062,0.05198619142174721
1790592478242599400,42.297599365234376,0.011516613885760307,0.24102744460105896,-0.10006672143936157
1790592478252611300,42.307611328125,-0.0027842943090945482,0.18612025678157806,-0.06170628219842911
1790592478262624500,42.31762451171875,-0.02210020087659359,0.147197887301445,0.022078892216086388
1790592478272637400,42.327637451171874,-0.0022263620048761368,0.16924113035202026,0.12171440571546555
1790592478282650400,42.337650390625,0.0004019116167910397,0.11765331029891968,0.158804789185524
1790592478292663600,42.34766357421875,-0.02227250672876835,0.08946534991264343,-0.022090164944529533
1790592478302675500,42.35767553710937,-0.023315157741308212,0.16532497107982635,-0.27236801385879517
1790592478312688600,42.36768872070313,-0.0019249140750616789,0.10874931514263153,-0.14029785990715027
1790592478322701600,42.37770166015625,-0.016727030277252197,0.026923419907689095,0.09136546403169632
1790592478332714500,42.387714599609374,-0.03823871538043022,-0.007727767340838909,0.31431224942207336
1790592478342727400,42.3977275390625,-0.056788962334394455,-0.07516166567802429,0.4281970262527466
1790592478352739600,42.407739501953124,-0.05163761228322983,-0.14850592613220215,0.21070623397827148
1790592478362752500,42.41775244140625,-0.07433520257472992,-0.04114671051502228,-0.1452619880437851
1790592478372765400,42.42776538085938,-0.09185320883989334,-0.008381307125091553,-0.4391540586948395
1790592478382778400,42.4377783203125,-0.0729072093963623,-0.04303169623017311,-0.4929203689098358
1790592478392791600,42.44779150390625,-0.05223096162080765,-0.15337897837162018,-0.19575366377830505
1790592478402803500,42.457803466796875,-0.04828202724456787,-0.2727448046207428,0.08970098942518234
1790592478412816600,42.467816650390624,-0.11573190987110138,-0.30149468779563904,0.17049862444400787
1790592478422829300,42.47782934570313,-0.267419695854187,-0.30380764603614807,0.26884064078330994
1790592478432842500,42.48784252929688,-0.40196284651756287,-0.3154725432395935,0.01610240340232849
1790592478442855400,42.49785546875,-0.3156316876411438,-0.23747095465660095,-0.09391224384307861
1790592478452867600,42.50786767578125,-0.12959472835063934,-0.3000113070011139,-0.06598847359418869
1790592478462880300,42.51788037109375,-0.07799544930458069,-0.3506084382534027,-0.06228853762149811
1790592478472893400,42.5278935546875,-0.16434258222579956,-0.38754114508628845,-0.05322527140378952
1790592478482906600,42.53790673828125,-0.30875566601753235,-0.4124728739261627,-0.11575016379356384
1790592478492919600,42.54791943359375,-0.28719526529312134,-0.39060351252555847,-0.09692774713039398
1790592478502931500,42.55793139648438,-0.19564937055110931,-0.45642247796058655,-0.038821831345558167
1790592478512944400,42.5679443359375,-0.20458641648292542,-0.47312477231025696,-0.006791993975639343
1790592478522957600,42.57795751953125,-0.23901575803756714,-0.4928843379020691,-0.001784185878932476
1790592478532970500,42.58797045898437,-0.21221104264259338,-0.49815234541893005,-0.006843925453722477
1790592478542983400,42.5979833984375,-0.18238496780395508,-0.5197649598121643,-0.031186016276478767
1790592478552995300,42.60799536132812,-0.18409845232963562,-0.5201013088226318,-0.06442812085151672
1790592478563008500,42.61800854492188,-0.2046484649181366,-0.5207849740982056,-0.11092318594455719
1790592478573021400,42.628021484375,-0.20401063561439514,-0.5255051255226135,-0.03812168538570404
1790592478583034600,42.63803466796875,-0.21982954442501068,-0.5460085272789001,0.02102365717291832
1790592478593047300,42.64804736328125,-0.20308838784694672,-0.4760478436946869,-0.007741943933069706
1790592478603059500,42.6580595703125,-0.1829351782798767,-0.43820858001708984,0.027485817670822144
1790592478613072400,42.668072265625,-0.13875360786914825,-0.41947829723358154,-0.05606686323881149
1790592478623085600,42.67808544921875,-0.09883575141429901,-0.36602041125297546,-0.08798298239707947
1790592478633098200,42.68809814453125,-0.10898798704147339,-0.3343908488750458,-0.07755058258771896
1790592478643111400,42.698111328125,-0.07863008230924606,-0.2924220860004425,-0.09093616157770157
1790592478653123300,42.708123291015625,-0.07658157497644424,-0.27904823422431946,0.06781592965126038
1790592478663136500,42.71813647460937,-0.0905623733997345,-0.2904284596443176,0.11583459377288818
1790592478673149700,42.72814965820312,-0.023252572864294052,-0.21086570620536804,0.09793654829263687
1790592478683162400,42.73816235351563,0.0004998940858058631,-0.21722187101840973,-0.0207861065864563
1790592478693175600,42.748175537109375,0.009152238257229328,-0.16263772547245026,-0.024839172139763832
1790592478703187500,42.7581875,0.0021854087244719267,-0.17394737899303436,-0.05015704780817032
1790592478713200600,42.76820068359375,0.07632674276828766,-0.09232201427221298,-0.15363816916942596
1790592478723213300,42.77821337890625,0.08580546826124191,-0.09529862552881241,-0.011905530467629433
1790592478733226500,42.7882265625,0.015565129928290844,-0.12679290771484375,0.1616329699754715
1790592478743239400,42.79823950195313,0.04271632060408592,-0.0847351998090744,0.15306690335273743
1790592478753251600,42.80825146484375,0.10370510816574097,-0.05446437746286392,0.11667428910732269
1790592478763264500,42.818264404296876,0.11761826276779175,-0.044677261263132095,-0.03920852392911911
1790592478773277400,42.82827734375,0.11192122846841812,0.01973581500351429,-0.1128409281373024
1790592478783290400,42.83829028320312,0.0809212327003479,0.00654251454398036,-0.08044756948947906
1790592478793303600,42.84830346679688,0.0683915913105011,-0.03472715988755226,0.060217663645744324
1790592478803315500,42.8583154296875,0.07752437144517899,-0.05674031749367714,-0.007712382823228836
1790592478813328400,42.86832836914063,0.10300496220588684,-0.006326945032924414,-0.02759687416255474
1790592478823341300,42.87834130859375,0.07877951860427856,-0.03568749502301216,-0.02578326128423214
1790592478833354500,42.8883544921875,0.08567097783088684,-0.005368206650018692,0.05322340875864029
1790592478843367700,42.89836767578125,0.0853271633386612,-0.0324416346848011,0.13350971043109894
1790592478853379600,42.908379638671875,0.06860677152872086,-0.01836017146706581,0.04907366633415222
1790592478863392300,42.91839233398437,0.06277365237474442,0.01446861494332552,-0.05149288475513458
1790592478873405400,42.92840551757813,0.03205941617488861,-0.00020060891984030604,-0.08469744026660919
1790592478883418600,42.93841870117188,0.06367140263319016,0.014928276650607586,-0.04305466264486313
1790592478893431600,42.948431640625,0.07756218314170837,0.0032290099188685417,0.040796831250190735
1790592478903443500,42.958443359375,0.056825216859579086,-0.006714967545121908,0.14306513965129852
1790592478913456400,42.96845629882812,0.022889355197548866,0.011486673727631569,0.08865756541490555
1790592478923469600,42.97846948242187,0.041892606765031815,0.08726026862859726,-0.015881363302469254
1790592478933482500,42.988482421875,0.08285015821456909,0.1159377172589302,-0.007861785590648651
1790592478943495400,42.998495361328125,0.08193216472864151,0.10848353058099747,0.05201699584722519
1790592478953507300,43.00850732421875,0.11847233772277832,0.1615898758172989,-0.029252560809254646
1790592478963520500,43.0185205078125,0.12834227085113525,0.1902838498353958,0.04631330072879791
1790592478973533400,43.02853344726562,0.09763550013303757,0.1446676254272461,-0.023243671283125877
1790592478983546400,43.03854638671875,0.10479993373155594,0.2192867398262024,-0.007127285934984684
1790592478993559300,43.048559326171876,0.0985710620880127,0.19647596776485443,-0.07180960476398468
1790592479003571500,43.05857153320313,0.1311575025320053,0.24846698343753815,0.019987955689430237
1790592479013584400,43.06858447265625,0.11484457552433014,0.20914514362812042,0.07156912237405777
1790592479023597600,43.07859765625,0.13306725025177002,0.26198598742485046,0.05803333967924118
1790592479033609700,43.08860961914063,0.16768541932106018,0.2780917286872864,0.01578442007303238
1790592479043622700,43.09862255859375,0.17157256603240967,0.3056522607803345,-0.04359927773475647
1790592479053634600,43.108634521484376,0.16203339397907257,0.3149208426475525,0.13094323873519897
1790592479063647700,43.118647705078125,0.12991806864738464,0.25602662563323975,0.17381985485553741
1790592479073660700,43.12866064453125,0.18784421682357788,0.33913856744766235,0.06103205680847168
1790592479083673600,43.13867358398438,0.21665482223033905,0.3265700340270996,0.004703806713223457
1790592479093686500,43.1486865234375,0.1460919827222824,0.2959652543067932,-0.12526698410511017
1790592479103698700,43.15869873046875,0.1599486768245697,0.36721813678741455,-0.0891084372997284
1790592479113711600,43.168711669921876,0.13778451085090637,0.3018156886100769,0.07492763549089432
1790592479123724800,43.178724853515625,0.13828039169311523,0.2724314332008362,0.1494319587945938
1790592479133737500,43.18873754882812,0.1500808596611023,0.25369343161582947,0.008251403458416462
1790592479143750700,43.19875073242188,0.11814955621957779,0.2723539471626282,-0.15474364161491394
1790592479153762600,43.20876245117187,0.09012298285961151,0.2727084159851074,-0.14900879561901093
1790592479163775700,43.21877563476563,0.07535096257925034,0.19143566489219666,0.029122596606612206
1790592479173788700,43.22878857421875,0.0611368753015995,0.15523025393486023,0.2426748126745224
1790592479183801600,43.23880151367187,0.08633117377758026,0.14946477115154266,0.2474765032529831
1790592479193814800,43.24881469726562,0.07833822816610336,0.17766152322292328,0.09894322603940964
1790592479203826700,43.25882666015625,0.013568824157118797,0.17339061200618744,-0.13124391436576843
1790592479213840000,43.26883984375,-0.01951216347515583,0.22495660185813904,-0.236872598528862
1790592479223852500,43.2788525390625,0.02886548824608326,0.23443612456321716,-0.1358727514743805
1790592479233865700,43.28886572265625,0.06731381267309189,0.13534869253635406,0.06542867422103882
1790592479243878700,43.298878662109374,0.020711954683065414,0.10912295430898666,0.09057051688432693
1790592479253890800,43.308890869140626,-0.07199455052614212,0.1453525871038437,0.10749250650405884
1790592479263903700,43.31890380859375,-0.08679480105638504,0.10521955788135529,-0.002248108386993408
1790592479273916700,43.32891674804687,0.016246631741523743,0.12773124873638153,-0.028700223192572594
1790592479283929600,43.3389296875,0.019495157524943352,0.09869001805782318,-0.06306245177984238
1790592479293941800,43.34894165039063,-0.029697157442569733,0.10327118635177612,-0.03096630610525608
1790592479303954700,43.35895458984375,-0.07589853554964066,0.05070866644382477,-0.021057885140180588
1790592479313967600,43.368967529296874,-0.1020238846540451,0.0677233412861824,-0.013878269121050835
1790592479323980500,43.37898046875,-0.09750423580408096,0.010422497056424618,0.07127843797206879
1790592479333993700,43.38899365234375,-0.06995276361703873,-0.0018275105394423008,0.020071975886821747
1790592479344005600,43.39900561523437,-0.06081173196434975,0.009068014100193977,0.01690361276268959
1790592479354018800,43.40901879882812,-0.09807734191417694,-0.07391475141048431,-0.040368467569351196
1790592479364031700,43.41903173828125,-0.09186632186174393,-0.04774040728807449,-0.13420601189136505
1790592479374044700,43.429044677734375,-0.07650520652532578,-0.024236945435404778,-0.2201153188943863
1790592479384057900,43.43905786132812,-0.10891161859035492,-0.0722699835896492,-0.04507613182067871
1790592479394069800,43.44906982421875,-0.15077809989452362,-0.139388307929039,0.10048425942659378
1790592479404082700,43.45908276367187,-0.12229853123426437,-0.11616872996091843,0.16172151267528534
1790592479414095600,43.469095703125,-0.11461716890335083,-0.14377853274345398,0.11144663393497467
1790592479424108800,43.47910888671875,-0.08092046529054642,-0.13880054652690887,0.009003344923257828
1790592479434121700,43.489121826171875,-0.08106081187725067,-0.12548686563968658,-0.043607667088508606
1790592479444133600,43.499133544921875,-0.12989093363285065,-0.1825658679008484,-0.011093933135271072
1790592479454146600,43.509146484375,-0.11910832673311234,-0.18083401024341583,0.005903958342969418
1790592479464159700,43.51915966796875,-0.09915352612733841,-0.18570680916309357,-0.05095373094081879
1790592479474172700,43.52917260742188,-0.10114530473947525,-0.20961320400238037,-0.1695818454027176
1790592479484185600,43.539185546875,-0.07820004224777222,-0.19221636652946472,-0.12709350883960724
1790592479494197500,43.54919750976563,-0.13208937644958496,-0.23433612287044525,-0.014795994386076927
1790592479504210700,43.559210693359375,-0.16001687943935394,-0.2620668113231659,0.13139477372169495
1790592479514223600,43.5692236328125,-0.10510808974504471,-0.277752548456192,0.20189183950424194
1790592479524236800,43.57923681640625,-0.0859072282910347,-0.26183804869651794,0.12193149328231812
1790592479534249700,43.58924975585938,-0.08696211129426956,-0.2654953598976135,0.021082112565636635
1790592479544261600,43.59926171875,-0.09664003551006317,-0.283916175365448,-0.18231840431690216
1790592479554274800,43.60927490234375,-0.08461053669452667,-0.21877101063728333,-0.29651743173599243
1790592479564287700,43.619287841796876,-0.0926615372300148,-0.27526330947875977,-0.17215712368488312
1790592479574300700,43.62930078125,-0.12972715497016907,-0.3275448679924011,0.054415568709373474
1790592479584313600,43.63931372070312,-0.13092903792858124,-0.31406208872795105,0.2090565413236618
1790592479594325800,43.64932568359375,-0.11048953980207443,-0.2857007682323456,0.23813852667808533
1790592479604338700,43.65933862304688,-0.02672034129500389,-0.2839992642402649,0.0431477352976799
1790592479614352000,43.66935180664063,0.005677013657987118,-0.19233620166778564,-0.052332185208797455
1790592479624364500,43.679364501953124,-0.05936989560723305,-0.2193012535572052,-0.1220761090517044
1790592479634376700,43.689376708984376,-0.040763188153505325,-0.17652368545532227,-0.07087603956460953
1790592479644389600,43.6993896484375,-0.00016063574003055692,-0.17799589037895203,0.008374040015041828
1790592479654402800,43.70940283203125,-0.019751114770770073,-0.17994213104248047,-0.08403631299734116
1790592479664415500,43.71941552734375,-0.003353233216330409,-0.09025324136018753,-0.03281494230031967
1790592479674428700,43.7294287109375,0.023806482553482056,-0.09518568217754364,0.012185556814074516
1790592479684440600,43.73944067382813,0.044390853494405746,-0.0847463607788086,0.1212334856390953
1790592479694453800,43.74945385742188,0.01336609199643135,-0.08726491034030914,0.10435490310192108
1790592479704466700,43.759466796875,0.025172950699925423,-0.009830576367676258,0.003925495781004429
1790592479714479600,43.76947973632812,0.050829846411943436,-0.040954940021038055,-0.0601741224527359
1790592479724492800,43.77949291992188,0.05717269703745842,-0.02857949584722519,-0.07909774780273438
1790592479734504700,43.78950463867187,0.038424309343099594,-0.013067382387816906,-0.02660338394343853
1790592479744517600,43.799517578125,0.04692511633038521,-0.031147316098213196,0.12275680899620056
1790592479754530600,43.809530517578125,0.04975073039531708,-0.08097798377275467,0.09379280358552933
1790592479764543700,43.819543701171874,0.060980215668678284,0.01014020200818777,-0.08554819226264954
1790592479774556700,43.829556640625,0.06138741225004196,0.030284086242318153,-0.09432357549667358
1790592479784568800,43.83956884765625,0.049680691212415695,0.025955650955438614,-0.08241605013608932
1790592479794581800,43.84958178710937,0.07256603240966797,0.03206494078040123,0.056896038353443146
1790592479804594700,43.8595947265625,0.032471075654029846,-0.024448400363326073,0.1637769490480423
1790592479814607600,43.869607666015625,0.013301909901201725,-0.013797088526189327,0.1357588917016983
1790592479824619800,43.87961987304688,0.03647194430232048,0.022646140307188034,-0.05468375235795975
1790592479834632700,43.8896328125,0.03269851207733154,-0.005353003274649382,-0.07975262403488159
1790592479844645600,43.89964575195312,0.04639381542801857,-0.047145724296569824,-0.1460496187210083
1790592479854658600,43.90965844726563,0.06678137928247452,-0.024449199438095093,-0.02003682777285576
1790592479864671700,43.919671630859376,0.02497214823961258,-0.09755882620811462,0.11042184382677078
1790592479874683600,43.92968359375,0.01811051368713379,-0.09387966990470886,0.11962732672691345
1790592479884696800,43.93969677734375,-0.0004064455279149115,-0.07376641035079956,0.20042496919631958
1790592479894709500,43.94970947265625,-0.03128260001540184,-0.17864222824573517,0.2125311642885208
1790592479904722700,43.95972265625,0.02346399985253811,-0.07270461320877075,0.024977784603834152
1790592479914735900,43.96973583984375,0.08531325310468674,-0.0960586667060852,-0.2416672259569168
1790592479924747800,43.97974780273437,0.09380260854959488,-0.040702737867832184,-0.5244581699371338
1790592479934760400,43.98976049804688,0.06737712770700455,-0.0353817418217659,-0.4475865662097931
1790592479944773600,43.999773681640626,-0.011737396940588951,-0.15575769543647766,-0.1461135298013687
1790592479954786800,44.009786865234375,-0.07692492008209229,-0.1770366132259369,0.19965238869190216
1790592479964799700,44.0197998046875,-0.031863436102867126,-0.20921185612678528,0.44949764013290405
1790592479974812000,44.02981201171875,0.006319101434201002,-0.2502799332141876,0.5233777165412903
1790592479984824600,44.03982446289063,-0.04755531623959541,-0.22829048335552216,0.29109519720077515
1790592479994837800,44.04983764648438,-0.010589840821921825,-0.0700925812125206,-0.0778665691614151
1790592480004850700,44.0598505859375,0.11202502250671387,-0.0117989182472229,-0.2445245236158371
1790592480014863600,44.06986352539062,0.10016197711229324,-0.05598076060414314,-0.28955405950546265
1790592480024875500,44.07987548828125,0.014630827121436596,-0.01697663590312004,-0.23087821900844574
1790592480034889000,44.089888916015624,-0.04163936898112297,-0.011278270743787289,-0.12666021287441254
1790592480044902100,44.09990209960937,-0.013682570308446884,-0.029328111559152603,-0.0020194780081510544
1790592480054915000,44.1099150390625,0.04371228069067001,-0.03588827699422836,0.08577588945627213
1790592480064927000,44.11992700195312,0.03456325829029083,0.02268635481595993,0.12095118314027786
1790592480074940000,44.12993994140625,0.024962827563285828,0.028422536328434944,0.09059594571590424
1790592480084953000,44.139953125,0.03311583027243614,0.06070936843752861,0.0730196163058281
1790592480094966000,44.149966064453125,0.04315514862537384,0.11325646936893463,-0.01919952966272831
1790592480104979000,44.15997900390625,0.1163039281964302,0.17067235708236694,-0.11165542900562286
1790592480114990800,44.169990966796874,0.07232288271188736,0.10534501820802689,-0.04837898910045624
1790592480125004000,44.18000415039062,-0.021249407902359962,0.10118649154901505,-0.029118740931153297
1790592480135017000,44.19001684570313,0.04664282128214836,0.1265256702899933,0.055268578231334686
1790592480145030100,44.200030029296876,0.15826869010925293,0.09068351984024048,0.016151269897818565
1790592480155042800,44.21004272460937,0.1719357669353485,0.12288619577884674,0.02779354527592659
1790592480165055000,44.220054931640625,0.07784228771924973,0.07811499387025833,0.055207595229148865
1790592480175068000,44.23006787109375,0.06299489736557007,0.09581276774406433,-0.03485865145921707
1790592480185081000,44.2400810546875,0.14318108558654785,0.13448558747768402,0.016382431611418724
1790592480195093800,44.25009375,0.1447819024324417,0.11321865767240524,0.012922452762722969
1790592480205107000,44.26010693359375,0.11680725961923599,0.13182401657104492,0.007061634678393602
1790592480215118800,44.27011889648438,0.07559910416603088,0.17248517274856567,0.060023918747901917
1790592480225132000,44.280132080078126,0.06667885184288025,0.15432479977607727,0.15183719992637634
1790592480235145000,44.29014501953125,0.11442027240991592,0.15653975307941437,0.20441491901874542
1790592480245158000,44.30015795898437,0.09629852324724197,0.18008609116077423,0.11048762500286102
1790592480255169800,44.31016967773437,0.07234419137239456,0.1973383128643036,-0.13259772956371307
1790592480265183000,44.32018286132813,0.09986183792352676,0.24557481706142426,-0.25759825110435486
1790592480275196200,44.33019604492188,0.06995294243097305,0.2437596172094345,-0.2277149260044098
1790592480285208800,44.340208740234374,0.05392497032880783,0.25884032249450684,-0.09573318809270859
1790592480295222000,44.35022192382812,0.0710379108786583,0.26022887229919434,0.18433229625225067
1790592480305234000,44.36023388671875,0.09646996110677719,0.2181549370288849,0.25697094202041626
1790592480315247000,44.3702470703125,0.1320173144340515,0.25373610854148865,0.22650277614593506
1790592480325260000,44.38026000976563,0.1091303676366806,0.24521106481552124,0.07967737317085266
1790592480335273000,44.39027294921875,0.12192258983850479,0.33281973004341125,-0.10604402422904968
1790592480345286000,44.400285888671874,0.07954717427492142,0.2850080132484436,-0.13721632957458496
1790592480355298000,44.410298095703126,0.041970234364271164,0.26748520135879517,-0.204833984375
1790592480365311000,44.42031103515625,0.09880795329809189,0.2984953224658966,-0.19768711924552917
1790592480375324000,44.43032397460937,0.05766690894961357,0.21585743129253387,-0.020381316542625427
1790592480385336800,44.4403369140625,0.03345238044857979,0.18321959674358368,0.12708750367164612
1790592480395349000,44.45034887695312,0.08777234703302383,0.23516561090946198,0.10679315030574799
1790592480405362000,44.46036181640625,0.11752092093229294,0.24780124425888062,0.14595972001552582
1790592480415375000,44.470375,0.07849229127168655,0.195020854473114,0.13577260076999664
1790592480425387800,44.4803876953125,0.0635991021990776,0.2700090706348419,-0.09264352917671204
1790592480435401000,44.49040087890625,0.05472411587834358,0.2991134524345398,-0.16019274294376373
1790592480445412900,44.50041284179687,0.04380036145448685,0.24488961696624756,-0.05299704894423485
1790592480455426000,44.51042602539062,0.06751794368028641,0.22977565228939056,0.029685579240322113
1790592480465439000,44.52043896484375,0.04369116947054863,0.1998598277568817,0.1316249966621399
1790592480475452000,44.530451904296875,-0.0060918303206563,0.15803541243076324,0.2034192830324173
1790592480485465000,44.540465087890624,0.005867094732820988,0.1751619279384613,-0.00799708440899849
1790592480495477000,44.55047705078125,0.04320407658815384,0.2590121030807495,-0.059227511286735535
1790592480505490200,44.560490234375,-0.022042833268642426,0.18560072779655457,-0.08801495283842087
1790592480515502800,44.5705029296875,-0.007818623445928097,0.23600371181964874,-0.029567625373601913
1790592480525516000,44.58051611328125,0.03787669166922569,0.18196870386600494,0.007893731817603111
1790592480535528000,44.59052783203125,-0.013585432432591915,0.1795036792755127,0.10391773283481598
1790592480545541000,44.600541015625,-0.025126773864030838,0.1757984310388565,-0.011159054934978485
1790592480555553800,44.6105537109375,0.04767020046710968,0.21603825688362122,-0.03794832527637482
1790592480565567000,44.62056689453125,-0.014760419726371765,0.13052043318748474,0.0037439942825585604
1790592480575580000,44.63057983398438,-0.07414385676383972,0.1427571177482605,-0.019237222149968147
1790592480585592000,44.64059204101562,-0.02916092984378338,0.1393810361623764,-0.0136571004986763
1790592480595605000,44.65060498046875,-0.021318720653653145,0.08621635288000107,0.11330244690179825
1790592480605618000,44.660617919921876,-0.04865207523107529,0.08350791782140732,0.06404701620340347
1790592480615630800,44.670630859375,-0.04559609666466713,0.1262873411178589,-0.05492730811238289
1790592480625644000,44.68064404296875,-0.07583096623420715,0.11032488197088242,-0.1403503268957138
1790592480635656000,44.690656005859374,-0.07731514424085617,0.09932202845811844,-0.20726677775382996
1790592480645668900,44.7006689453125,-0.05420982465147972,0.05460995435714722,-0.09398788958787918
1790592480655682000,44.71068212890625,-0.06350798904895782,0.012537067756056786,0.06780394166707993
1790592480665695000,44.720695068359376,-0.04742595553398132,-0.029593607410788536,0.26831308007240295
1790592480675707000,44.730706787109376,-0.04920308291912079,-0.08984336256980896,0.31027090549468994
1790592480685720000,44.740719970703125,-0.11297886818647385,-0.07021160423755646,0.06287602335214615
1790592480695733000,44.75073291015625,-0.14620472490787506,0.003030115272849798,-0.14590595662593842
1790592480705746000,44.76074584960938,-0.11739971488714218,-0.04842854663729668,-0.27515366673469543
1790592480715759000,44.77075903320313,-0.08904717117547989,-0.06528103351593018,-0.2197207808494568
1790592480725771000,44.78077099609375,-0.13576087355613708,-0.11664435267448425,-0.06840210407972336
1790592480735784000,44.79078393554688,-0.1784745156764984,-0.13640287518501282,0.016839822754263878
1790592480745796900,44.800796875,-0.1719074249267578,-0.15513235330581665,0.017434505745768547
1790592480755810000,44.81081005859375,-0.17857038974761963,-0.17192624509334564,0.05750815570354462
1790592480765823000,44.82082299804687,-0.20685236155986786,-0.2225649207830429,0.06153671815991402
1790592480775835100,44.830835205078124,-0.16797180473804474,-0.24252745509147644,0.05397014692425728
1790592480785847800,44.84084790039063,-0.13506045937538147,-0.2384813129901886,-0.007311054039746523
1790592480795861000,44.85086108398438,-0.16249315440654755,-0.2521505057811737,-0.1217753142118454
1790592480805874000,44.8608740234375,-0.17456020414829254,-0.255154550075531,-0.13910157978534698
1790592480815886000,44.870885986328126,-0.20468027889728546,-0.27738475799560547,-0.11901707947254181
1790592480825899000,44.88089892578125,-0.18709543347358704,-0.2811446189880371,0.08478265255689621
1790592480835912000,44.89091186523437,-0.17564757168293,-0.35210534930229187,0.118739552795887
1790592480845924900,44.9009248046875,-0.13730576634407043,-0.2827017605304718,-0.014781221747398376
1790592480855938000,44.91093798828125,-0.09530240297317505,-0.2603128254413605,-0.10347353667020798
1790592480865950000,44.92094995117188,-0.09870991855859756,-0.28547731041908264,-0.06433092802762985
1790592480875963000,44.930962890625,-0.11123795807361603,-0.2664245367050171,-0.0732320100069046
1790592480885976000,44.94097607421875,-0.09432662278413773,-0.2494031935930252,-0.014040594920516014
1790592480895989000,44.95098901367187,-0.09581772238016129,-0.29869964718818665,0.05570279806852341
1790592480906002000,44.961001953125,-0.09746196120977402,-0.2410440742969513,0.09464726597070694
1790592480916014000,44.97101416015625,-0.07634122669696808,-0.23382078111171722,0.018139444291591644
1790592480926027000,44.98102709960938,-0.06699459999799728,-0.19239982962608337,0.0014057387597858906
1790592480936040000,44.9910400390625,-0.055372029542922974,-0.16169199347496033,-0.06862714141607285
1790592480946053000,45.00105322265625,-0.03677118197083473,-0.09711432456970215,-0.1994147151708603
1790592480956065000,45.01106494140625,-0.023047111928462982,-0.0739501491189003,-0.09936375170946121
1790592480966078000,45.02107788085937,-0.01743157021701336,-0.0738833099603653,0.001029966864734888
1790592480976091000,45.0310908203125,0.003971190191805363,-0.06616626679897308,0.054721422493457794
1790592480986104000,45.04110400390625,-0.01678602024912834,-0.06607944518327713,0.0823405385017395
1790592480996117000,45.051116943359375,0.0059355380944907665,-0.009044657461345196,0.03527795150876045
1790592481006129200,45.06112915039063,0.0534396730363369,0.014072113670408726,0.1304534673690796
1790592481016141800,45.071141845703124,0.03064567781984806,-0.021388942375779152,0.15685231983661652
1790592481026155000,45.08115502929687,0.0392301082611084,0.04343666136264801,0.0248495452105999
1790592481036168000,45.09116796875,0.08817235380411148,0.07394556701183319,-0.06486169993877411
1790592481046180600,45.1011806640625,0.10849174112081528,0.07112341374158859,-0.1836908757686615
1790592481056192800,45.11119287109375,0.11268115788698196,0.10376152396202087,-0.2110268920660019
1790592481066205700,45.121205810546876,0.034341875463724136,0.07076255977153778,0.011546524241566658
1790592481076219000,45.131218994140625,0.027671992778778076,0.013186612166464329,0.23835037648677826
1790592481086231800,45.14123168945312,0.08396695554256439,-0.00239714072085917,0.3055984079837799
1790592481096244000,45.151243896484374,0.08340343087911606,-0.0215508621186018,0.21725547313690186
1790592481106256600,45.16125659179688,0.0716216042637825,0.01767031103372574,-0.029943130910396576
1790592481116269800,45.17126977539063,0.07981402426958084,0.06839873641729355,-0.24749355018138885
1790592481126282800,45.18128271484375,0.06955020129680634,0.08009720593690872,-0.28744202852249146
1790592481136295700,45.19129565429687,0.05603279173374176,0.05193161219358444,-0.0411454513669014
1790592481146307600,45.2013076171875,0.01253538392484188,-0.0391109436750412,0.1206708773970604
1790592481156320800,45.21132080078125,-0.045091696083545685,-0.06479579955339432,0.20683585107326508
1790592481166334000,45.221333984375,-0.06697648763656616,-0.11420649290084839,0.039623163640499115
1790592481176347000,45.23134692382813,-0.0044934009201824665,0.025230757892131805,-0.17080864310264587
1790592481186358800,45.24135888671875,0.0319753922522068,-0.02955872006714344,-0.13340187072753906
1790592481196371700,45.25137182617188,-0.0258005540817976,-0.08303952217102051,-0.01912989653646946
1790592481206385000,45.261385009765625,-0.07767733186483383,-0.06245488300919533,0.019409241154789925
1790592481216397800,45.27139770507812,-0.07756255567073822,-0.07819070667028427,0.0783282145857811
1790592481226410800,45.28141064453125,-0.07537876069545746,-0.14047591388225555,-0.04718523472547531
1790592481236422700,45.29142260742187,-0.04450979456305504,-0.053297869861125946,-0.0848894715309143
1790592481246435800,45.30143579101563,-0.04153184965252876,-0.11416095495223999,-0.0457276850938797
1790592481256448800,45.31144873046875,-0.04453136771917343,-0.16997548937797546,0.07319950312376022
1790592481266462000,45.3214619140625,-0.07911304384469986,-0.19002242386341095,0.03251146152615547
1790592481276474600,45.331474609375,-0.09332393854856491,-0.16806866228580475,-0.06265047937631607
1790592481286486800,45.34148681640625,-0.040757931768894196,-0.18615977466106415,-0.14487051963806152
1790592481296499700,45.35149975585937,-0.0063858432695269585,-0.17981240153312683,-0.11663834005594254
1790592481306513000,45.36151293945313,-0.007379591464996338,-0.21355392038822174,-0.030126500874757767
1790592481316525800,45.37152587890625,-0.05173720046877861,-0.23010040819644928,0.05662757158279419
1790592481326538800,45.381538818359374,-0.0422893688082695,-0.22852008044719696,0.05944732576608658
1790592481336550700,45.391550537109374,-0.010422519408166409,-0.210433229804039,0.019544649869203568
1790592481346563800,45.40156372070312,-0.03421067073941231,-0.23454388976097107,0.021981708705425262
1790592481356577000,45.41157690429687,-0.0193726047873497,-0.2257932722568512,0.005709527526050806
1790592481366589700,45.421589599609376,0.038625720888376236,-0.21884748339653015,-0.04855397716164589
1790592481376601600,45.4316015625,0.012158956378698349,-0.2318812608718872,-0.08066797256469727
1790592481386614800,45.44161474609375,-0.03515210002660751,-0.17767953872680664,-0.14458011090755463
1790592481396628000,45.4516279296875,-0.03128625452518463,-0.12124422192573547,-0.006541811861097813
1790592481406641000,45.46164086914062,-0.025843286886811256,-0.16906102001667023,0.1248263269662857
1790592481416653800,45.47165380859375,0.00397852435708046,-0.10714145749807358,0.1614762246608734
1790592481426665700,45.48166577148437,-0.006674918811768293,-0.06322566419839859,0.14630205929279327
1790592481436679000,45.49167895507812,0.011721931397914886,-0.015380112454295158,0.008620895445346832
1790592481446691800,45.50169189453125,0.0643148347735405,0.031819090247154236,0.031183995306491852
1790592481456704800,45.511704833984375,0.02395942248404026,0.016611909493803978,0.06310384720563889
1790592481466717700,45.5217177734375,0.01457098126411438,0.05182768404483795,-0.10621275007724762
1790592481476729900,45.531729736328124,0.08835465461015701,0.10190603882074356,-0.2399713397026062
1790592481486742800,45.54174267578125,0.10287900269031525,0.097418874502182,-0.31037575006484985
1790592481496755700,45.55175561523438,0.033441610634326935,0.0631067082285881,-0.1317969262599945
1790592481506768600,45.5617685546875,-0.03899716958403587,0.0742296651005745,0.09216053038835526
1790592481516780800,45.57178076171875,0.03670185059309006,0.03230937570333481,0.2936731278896332
1790592481526793700,45.581793701171875,0.15297412872314453,0.01890542358160019,0.24751123785972595
1790592481536807000,45.591806884765624,0.10170161724090576,0.06469155848026276,0.041612401604652405
1790592481546819600,45.60181958007813,0.0794953852891922,0.14496348798274994,-0.13138094544410706
1790592481556832800,45.61183276367188,0.12922485172748566,0.13218431174755096,-0.01031551230698824
1790592481566844700,45.6218447265625,0.145053893327713,0.08678247779607773,0.09504659473896027
1790592481576857900,45.63185791015625,0.12799927592277527,0.11501491069793701,0.10671284049749374
1790592481586870800,45.641870849609376,0.10134928673505783,0.12196256965398788,-0.024024665355682373
1790592481596883700,45.6518837890625,0.08041444420814514,0.12676317989826202,-0.06921611726284027
1790592481606895600,45.6618955078125,0.06363492459058762,0.09247498214244843,0.037047743797302246
1790592481616908800,45.67190869140625,0.03418995812535286,0.06166966259479523,-0.002216838300228119
1790592481626922000,45.681921875,0.0643843412399292,0.06559330224990845,0.029049206525087357
1790592481636934700,45.6919345703125,0.06587757915258408,0.0324593149125576,-0.05204750970005989
1790592481646947800,45.70194775390625,0.06823474168777466,0.06762875616550446,-0.11790802329778671
1790592481656959700,45.711959716796876,0.012077730149030685,0.0316728800535202,0.007281858008354902
1790592481666973000,45.721972900390625,-0.03706930950284004,-0.006223632022738457,0.20933642983436584
1790592481676985900,45.73198583984375,-0.03182767331600189,-0.014991290867328644,0.21603959798812866
1790592481686998800,45.74199877929688,-0.026996435597538948,-0.0007468414260074496,0.16101230680942535
1790592481697011700,45.75201171875,-0.015862291678786278,0.015350902453064919,0.09592010825872421
1790592481707024000,45.76202392578125,0.037045400589704514,0.04431277513504028,-0.13921703398227692
1790592481717036800,45.77203686523438,0.05641217157244682,0.07335854321718216,-0.20136961340904236
1790592481727049700,45.7820498046875,-0.01464496087282896,0.03859923034906387,-0.13168774545192719
1790592481737062700,45.79206274414062,-0.030363736674189568,0.0375446192920208,-0.0612359456717968
1790592481747074800,45.80207470703125,-0.005169167649000883,0.06028908118605614,0.07003311812877655
1790592481757087700,45.81208764648437,0.008936264552175999,0.023794986307621002,0.1867770552635193
1790592481767101000,45.82210083007813,0.035189975053071976,0.05932208523154259,0.19455188512802124
1790592481777113900,45.83211376953125,0.03673913702368736,0.0564461387693882,0.18434877693653107
1790592481787126800,45.842126708984374,0.024172475561499596,0.04136865213513374,0.11451829969882965
1790592481797138700,45.852138671875,0.05286138132214546,0.12205631285905838,-0.0982954353094101
1790592481807151900,45.86215185546875,0.06984835118055344,0.1440439075231552,-0.08881991356611252
1790592481817164800,45.87216479492187,0.06541018933057785,0.08060314506292343,-0.14102184772491455
1790592481827177700,45.882177734375,0.10071305185556412,0.18572130799293518,-0.09532494843006134
1790592481837190000,45.89218994140625,0.0653340220451355,0.11602478474378586,0.03311585262417793
1790592481847202800,45.90220288085938,0.057085152715444565,0.09803113341331482,0.1620274931192398
1790592481857216000,45.912216064453126,0.08525606989860535,0.12296418100595474,0.14088013768196106
1790592481867228700,45.92222875976562,0.08445551991462708,0.14946477115154266,0.16884759068489075
1790592481877241900,45.93224194335937,0.038733843713998795,0.060450199991464615,0.1010991632938385
1790592481887253800,45.94225366210937,0.011797565035521984,0.16967229545116425,-0.03506240248680115
1790592481897267000,45.95226684570312,0.04105532169342041,0.17255304753780365,-0.23743467032909393
1790592481907279600,45.962279541015626,0.13260599970817566,0.19195283949375153,-0.2680189609527588
1790592481917292800,45.972292724609375,0.08295083791017532,0.10918445140123367,-0.09790980815887451
1790592481927304700,45.9823046875,-0.04349791258573532,0.07787473499774933,0.09805437177419662
1790592481937318000,45.99231787109375,-0.022473854944109917,0.04918689280748367,0.20016902685165405
1790592481947330800,46.00233081054687,0.05627342313528061,0.03658534958958626,0.16307945549488068
1790592481957343700,46.01234375,0.032950788736343384,0.010907418094575405,0.05146956071257591
1790592481967357000,46.02235693359375,0.00036781071685254574,0.05243035778403282,-0.1442037969827652
1790592481977368800,46.03236889648438,-0.020956652238965034,0.05758224427700043,-0.04710255190730095
1790592481987381800,46.0423818359375,-0.04928496107459068,-0.034149542450904846,0.0337962880730629
1790592481997394700,46.052394775390624,-0.01037644688040018,-0.006950408685952425,0.001985629554837942
1790592482007407900,46.06240795898437,0.017110038548707962,0.022324655205011368,-0.05036891996860504
1790592482017420800,46.0724208984375,-0.014931516721844673,-0.0029953483026474714,0.04849933832883835
1790592482027433000,46.08243286132812,-0.04625481739640236,-0.020960234105587006,0.07120970636606216
1790592482037446400,46.0924462890625,-0.04865086451172829,0.011920751072466373,0.09867089241743088
1790592482047459600,46.10245947265625,-0.041163120418787,-0.014343610033392906,0.09268330782651901
1790592482057472500,46.112472412109376,-0.01473950408399105,0.0054117185063660145,0.04133516550064087
1790592482067484700,46.12248461914062,-0.015856966376304626,-0.001735939527861774,-0.061168041080236435
1790592482077497600,46.13249755859375,-0.015089442953467369,0.006400550249963999,-0.180810809135437
1790592482087510500,46.142510498046875,-0.0030173331033438444,0.003494508797302842,-0.16159823536872864
1790592482097523500,46.1525234375,-0.02002747543156147,-0.023659346625208855,0.006431244313716888
1790592482107536600,46.16253662109375,-0.020429080352187157,-0.04216192662715912,0.10840421169996262
1790592482117548500,46.17254858398437,-0.011283785104751587,-0.027774197980761528,0.1259603053331375
1790592482127561500,46.1825615234375,0.0035902357194572687,-0.046474117785692215,0.03564106300473213
1790592482137574400,46.192574462890626,0.01442344207316637,-0.017058169469237328,-0.07629293203353882
1790592482147587600,46.202587646484375,0.03069349192082882,0.04948330298066139,-0.12256988137960434
1790592482157599500,46.212599609375,0.06037096306681633,0.057817667722702026,-0.04139486700296402
1790592482167612700,46.22261279296875,0.07331845164299011,0.046143967658281326,0.05367119610309601
1790592482177625600,46.23262548828125,0.05096414312720299,0.08008356392383575,0.06409453600645065
1790592482187638500,46.24263842773438,0.029778163880109787,0.07481769472360611,0.06072883680462837
1790592482197651700,46.252651611328126,0.06933063268661499,0.0778861865401268,0.11458833515644073
1790592482207663600,46.26266357421875,0.08762175589799881,0.09351840615272522,0.12191096693277359
1790592482217676500,46.272676513671875,0.07268515229225159,0.10295931249856949,0.1482062190771103
1790592482227689500,46.282689453125,0.0793028399348259,0.10891387611627579,0.016769636422395706
1790592482237702700,46.29270263671875,0.09220664948225021,0.20260468125343323,-0.13407579064369202
1790592482247714600,46.302714599609374,0.06445597857236862,0.19698300957679749,-0.24637065827846527
1790592482257727700,46.31272778320312,0.05019156262278557,0.18490424752235413,-0.19708086550235748
1790592482267740400,46.32274047851563,0.01716676354408264,0.14698483049869537,0.034632522612810135
1790592482277753600,46.332753662109376,-0.002954216441139579,0.09804099053144455,0.24530720710754395
1790592482287766500,46.3427666015625,0.029402658343315125,0.10493405163288116,0.2053973376750946
1790592482297778700,46.35277880859375,0.03269485756754875,0.15971393883228302,0.2385188192129135
1790592482307791400,46.36279125976562,0.02035411074757576,0.1389169991016388,0.1263618916273117
1790592482317804500,46.37280444335938,0.06828594952821732,0.18439394235610962,-0.00684862956404686
1790592482327817500,46.3828173828125,0.07183008641004562,0.18883688747882843,-0.10021878778934479
1790592482337829600,46.39282958984375,0.04191399738192558,0.21003378927707672,-0.24279165267944336
1790592482347842600,46.402842529296876,0.08706789463758469,0.21290041506290436,-0.2820972502231598
1790592482357855500,46.41285546875,0.05869270861148834,0.18356463313102722,-0.11825425177812576
1790592482367868700,46.42286865234375,-0.0009727494907565415,0.1220988780260086,0.08722833544015884
1790592482377881600,46.43288159179688,-0.007258874364197254,0.09700817614793777,0.273070365190506
1790592482387893500,46.4428935546875,0.041637029498815536,0.071841299533844,0.2236436903476715
1790592482397906400,46.45290649414063,0.07414357364177704,0.1327160894870758,0.10983910411596298
1790592482407919600,46.46291967773438,0.030190762132406235,0.1224626675248146,-0.06369753181934357
1790592482417932500,46.4729326171875,0.02029365673661232,0.16058820486068726,-0.07462740689516068
1790592482427944700,46.48294482421875,0.00021608558017760515,0.11726604402065277,-0.12298988550901413
1790592482437957600,46.49295751953125,-0.0020792928989976645,0.14650514721870422,-0.09145672619342804
1790592482447970600,46.50297045898437,-0.0035967619623988867,0.0957743301987648,0.04514932632446289
1790592482457983500,46.5129833984375,0.01727229915559292,0.04804009944200516,0.06493367999792099
1790592482467996700,46.52299658203125,-0.015221194364130497,0.032129041850566864,0.02853652462363243
1790592482478008600,46.53300854492188,-0.06161905452609062,0.03903089091181755,0.005981415510177612
1790592482488021500,46.543021484375,-0.028115155175328255,0.032254211604595184,-0.030025318264961243
1790592482498034400,46.55303442382812,-0.013832088559865952,0.025394970551133156,0.013959979638457298
1790592482508047600,46.56304760742187,-0.06922370940446854,-0.010359829291701317,0.10396576672792435
1790592482518059500,46.5730595703125,-0.08162764459848404,-0.016834773123264313,0.1498272567987442
1790592482528072700,46.58307275390625,-0.07286957651376724,-0.058365970849990845,0.0455048568546772
1790592482538085400,46.59308544921875,-0.09145497530698776,-0.05708152800798416,-0.08964497596025467
1790592482548098600,46.6030986328125,-0.08973537385463715,-0.04625231400132179,-0.12874284386634827
1790592482558110500,46.6131103515625,-0.07158885896205902,-0.08079192042350769,-0.07940351963043213
1790592482568123600,46.62312353515625,-0.10578997433185577,-0.12711068987846375,0.002696406561881304
1790592482578136300,46.63313623046875,-0.18487441539764404,-0.14354293048381805,0.04430723190307617
1790592482588149500,46.6431494140625,-0.14814728498458862,-0.129353865981102,0.010561786592006683
1790592482598162700,46.65316259765625,-0.1010759100317955,-0.18861772119998932,0.03174030780792236
1790592482608174600,46.66317456054688,-0.13837961852550507,-0.22710385918617249,0.008437382988631725
1790592482618187800,46.67318774414063,-0.1569889783859253,-0.20476926863193512,-0.04649670422077179
1790592482628200400,46.683200439453124,-0.14184466004371643,-0.23655915260314941,-0.02399885281920433
1790592482638213600,46.69321362304687,-0.11911456286907196,-0.23738819360733032,-0.0012847529724240303
1790592482648225500,46.7032255859375,-0.10041624307632446,-0.22360606491565704,-0.004147651605308056
1790592482658238700,46.71323876953125,-0.11204466968774796,-0.2217772752046585,-0.08855307847261429
1790592482668251400,46.72325146484375,-0.11908020824193954,-0.20932354032993317,-0.11996958404779434
1790592482678264600,46.7332646484375,-0.1469203680753708,-0.22943678498268127,-0.09293557703495026
1790592482688277500,46.743277587890624,-0.14799682796001434,-0.24171049892902374,0.0028644518461078405
1790592482698289700,46.75328955078125,-0.09720980376005173,-0.24026866257190704,0.06061163917183876
1790592482708302600,46.76330249023437,-0.11542129516601562,-0.24250119924545288,0.10516765713691711
1790592482718315500,46.7733154296875,-0.11299515515565872,-0.25669345259666443,-0.04404260218143463
1790592482728328400,46.78332836914063,-0.04371808469295502,-0.12742574512958527,-0.16235381364822388
1790592482738340600,46.79334057617187,-0.03711770474910736,-0.15162642300128937,-0.12392597645521164
1790592482748353500,46.803353515625,-0.055071938782930374,-0.14993025362491608,-0.005021434277296066
1790592482758366500,46.813366455078125,-0.10117045044898987,-0.14936192333698273,0.04755495861172676
1790592482768379400,46.82337939453125,-0.06221720203757286,-0.09811311960220337,0.009325813502073288
1790592482778392600,46.833392578125,0.017075225710868835,-0.1196807250380516,0.04563295468688011
1790592482788404500,46.84340454101562,0.00714483205229044,-0.13306738436222076,0.12205955386161804
1790592482798417700,46.85341772460937,-0.049777574837207794,-0.11814115196466446,0.05565815791487694
1790592482808430600,46.8634306640625,-0.002140812110155821,-0.06399562954902649,-0.030524663627147675
1790592482818443500,46.873443603515625,0.05145983025431633,-0.07950986921787262,-0.04197918623685837
1790592482828455400,46.883455322265625,0.0018166453810408711,-0.06484437733888626,-0.04534488916397095
1790592482838468600,46.893468505859374,-0.008746783249080181,-0.05653930827975273,0.07419109344482422
1790592482848481500,46.9034814453125,-0.015404419042170048,-0.10782326757907867,0.07234872132539749
1790592482858494500,46.91349438476563,0.04014752060174942,-0.02753961645066738,-0.04818754643201828
1790592482868506600,46.92350659179687,0.06453116238117218,-0.03762766718864441,-0.15505807101726532
1790592482878519600,46.93351953125,0.01739746890962124,-0.017254222184419632,-0.12236163765192032
1790592482888532700,46.94353271484375,-0.018297944217920303,-0.0297566968947649,-0.06674498319625854
1790592482898545400,46.95354541015625,-0.014972454868257046,-0.03252851217985153,0.04406435415148735
1790592482908558600,46.96355859375,0.013780097477138042,-0.06311145424842834,0.08301547914743423
1790592482918570500,46.973570556640624,0.002634235890582204,-0.027325231581926346,0.01602259837090969
1790592482928583700,46.98358374023437,-0.010671183466911316,-0.0028534438461065292,-0.04817316308617592
1790592482938596600,46.9935966796875,0.01072731614112854,0.04059123620390892,0.028851311653852463
1790592482948609500,47.003609619140626,-0.008905241265892982,0.027269836515188217,0.13261258602142334
1790592482958621400,47.013621337890626,-0.024197112768888474,0.031826507300138474,0.17276640236377716
1790592482968634600,47.023634521484375,0.008488129824399948,0.06237109750509262,0.1902250200510025
1790592482978647600,47.0336474609375,0.025148598477244377,0.021006347611546516,0.07992222160100937
1790592482988660500,47.04366040039063,0.014346552081406116,0.06188853457570076,-0.15235017240047455
1790592482998673400,47.05367333984375,-0.006623710971325636,0.06042992323637009,-0.19208720326423645
1790592483008685600,47.063685546875,-0.007973933592438698,0.05640961602330208,-0.21017219126224518
1790592483018698500,47.07369848632813,0.02714570239186287,0.08581357449293137,-0.16744737327098846
1790592483028711700,47.083711669921875,0.0399901308119297,0.03998270258307457,-0.00841323658823967
1790592483038724900,47.093724853515624,0.010104669257998466,0.024178439751267433,0.18817411363124847
1790592483048736800,47.10373681640625,0.02576884813606739,0.018232932314276695,0.2814428210258484
1790592483058750000,47.11375,0.05882373824715614,0.015075222589075565,0.16757909953594208
1790592483068763000,47.12376293945312,0.05472593009471893,0.04674313962459564,0.044868096709251404
1790592483078775800,47.13377587890625,-0.014749015681445599,-0.02330678701400757,-0.04782668873667717
1790592483088787700,47.14378759765625,-0.02363385446369648,-0.03577570617198944,-0.07203881442546844
1790592483098801000,47.15380078125,0.0001391202094964683,-0.03167150914669037,-0.07868260145187378
1790592483108813800,47.163813720703125,-0.029910657554864883,-0.05462263152003288,-0.03092120587825775
1790592483118826800,47.17382666015625,-0.03801865130662918,-0.07283651828765869,-0.09294702857732773
1790592483128839700,47.18383959960938,-0.013741541653871536,0.025875670835375786,-0.1426147222518921
1790592483138851800,47.19385180664062,0.044632818549871445,-0.02283887006342411,-0.027150969952344894
1790592483148864800,47.20386474609375,0.036090727895498276,-0.10676306486129761,0.1316613107919693
1790592483158878000,47.2138779296875,-0.03833051025867462,-0.10088573396205902,0.23776909708976746
1790592483168890600,47.223890625,-0.05349907651543617,-0.10249534994363785,0.20148912072181702
1790592483178902800,47.23390283203125,-0.0289873406291008,-0.11347529292106628,0.008700503036379814
1790592483188915700,47.243915771484374,-0.021611183881759644,-0.05160846561193466,-0.15371744334697723
1790592483198929000,47.25392895507812,-0.02556145004928112,-0.06373383849859238,-0.3068755567073822
1790592483208941800,47.26394189453125,-0.016324808821082115,-0.06320732831954956,-0.20753993093967438
1790592483218953700,47.27395361328125,-0.02717958763241768,-0.09630296379327774,-0.035335130989551544
1790592483228966700,47.28396655273438,-0.02839265577495098,-0.10686665773391724,0.12265343964099884
1790592483238979800,47.293979736328126,-0.016867827624082565,-0.12336041778326035,0.08349298685789108
1790592483248993000,47.303992919921875,-0.050745368003845215,-0.08111975342035294,0.05518171936273575
1790592483259005700,47.31400561523437,-0.08806344121694565,-0.12162936478853226,0.06778033077716827
1790592483269017600,47.324017578125,-0.04931764677166939,-0.10536623746156693,-0.05017666146159172
1790592483279030800,47.33403076171875,-0.012846719473600388,-0.053548045456409454,-0.042434319853782654
1790592483289044000,47.3440439453125,-0.08219622820615768,-0.1251966655254364,-0.026855625212192535
1790592483299057000,47.354056884765626,-0.08952231705188751,-0.09560494869947433,-0.007907235994935036
1790592483309068800,47.36406884765625,-0.07681596279144287,-0.07426169514656067,0.0021955198608338833
1790592483319081700,47.374081787109375,-0.008555682376027107,-0.03324288874864578,-0.06245191767811775
1790592483329095000,47.384094970703124,0.043676361441612244,-0.027114687487483025,-0.012080354616045952
1790592483339107800,47.39410791015625,-0.04018205404281616,-0.029877984896302223,0.0008415686897933483
1790592483349120000,47.4041201171875,-0.017999785020947456,0.014342473819851875,-0.042064353823661804
1790592483359132700,47.41413256835938,0.06524503976106644,0.001923088449984789,0.022549793124198914
1790592483369145900,47.42414575195313,0.038569748401641846,-0.03639793395996094,0.04095543175935745
1790592483379158800,47.43415869140625,0.01590838097035885,0.014016502536833286,-0.058738935738801956
1790592483389171700,47.44417163085937,0.03072887286543846,0.05259532108902931,-0.11776391416788101
1790592483399184000,47.454183837890625,0.05430024489760399,0.03657614067196846,0.045354973524808884
1790592483409196800,47.46419677734375,0.04020759463310242,-0.0016585967969149351,0.07652939856052399
1790592483419209700,47.47420971679688,0.04010612890124321,0.05119050294160843,0.17665839195251465
1790592483429223000,47.48422290039063,0.02553517557680607,0.015647422522306442,0.1310376524925232
1790592483439234800,47.49423486328125,0.07961944490671158,0.0878467783331871,-0.1354566216468811
1790592483449247700,47.504247802734376,0.08837752044200897,0.12973058223724365,-0.2808963656425476
1790592483459260700,47.5142607421875,0.003258099779486656,0.11867127567529678,-0.20391184091567993
1790592483469273900,47.52427392578125,0.00313879013992846,0.07886047661304474,-0.08595404773950577
1790592483479285800,47.53428564453125,0.026416681706905365,0.04559493437409401,0.1253611296415329
1790592483489299000,47.544298828125,0.012853735126554966,-0.01321591716259718,0.1947316825389862
1790592483499311600,47.5543115234375,0.010544242337346077,0.03795938566327095,0.05561187490820885
1790592483509324800,47.56432470703125,0.020152395591139793,0.05187254026532173,-0.021625922992825508
1790592483519338000,47.574337890625,0.009465661831200123,0.03863929212093353,-0.11872264742851257
1790592483529350000,47.584349853515626,0.037489037960767746,0.08529014885425568,-0.15832704305648804
1790592483539362800,47.59436279296875,0.04088297113776207,0.061412513256073,-0.16437456011772156
1790592483549375700,47.60437573242187,0.02228904888033867,0.07372590154409409,-0.12343618273735046
1790592483559389000,47.61438891601563,0.003158497391268611,0.05589497834444046,0.14330656826496124
1790592483569400800,47.62440087890625,-0.030505189672112465,-0.03579339757561684,0.26527535915374756
1790592483579414000,47.6344140625,0.011072080582380295,0.011109130457043648,0.21241480112075806
1790592483589426700,47.6444267578125,0.04805326461791992,0.01247692946344614,0.0635417029261589
1790592483599440000,47.65443994140625,0.027907786890864372,-0.01733236573636532,-0.06503251940011978
1790592483609451800,47.66445166015625,0.029426055029034615,0.013121680356562138,-0.09826744347810745
1790592483619465000,47.67446484375,0.02986813895404339,-0.017609599977731705,-0.015105705708265305
1790592483629477600,47.6844775390625,0.04545082524418831,-0.044627636671066284,-0.0240376815199852
1790592483639490800,47.69449072265625,0.07119426876306534,0.04411075636744499,-0.12024837732315063
1790592483649502700,47.70450268554688,0.0063191368244588375,0.012340575456619263,-0.04045926406979561
1790592483659516000,47.71451586914063,-0.01658458076417446,-0.05085943266749382,0.13457326591014862
1790592483669528800,47.72452880859375,0.03409004583954811,-0.0614905059337616,0.11456999182701111
1790592483679541800,47.73454174804687,0.022617949172854424,-0.023869626224040985,0.04431287944316864
1790592483689554700,47.7445546875,-0.04791933670639992,-0.085565485060215,-0.009109597653150558
1790592483699566800,47.75456689453125,-0.019257329404354095,-0.038615815341472626,-0.17244473099708557
1790592483709579800,47.76457983398438,0.045134708285331726,0.03228205814957619,-0.17072246968746185
1790592483719592700,47.7745927734375,0.03924991935491562,-0.00098907807841897,-0.09291262179613113
1790592483729606000,47.78460595703125,0.02433329075574875,0.024381259456276894,0.041702982038259506
1790592483739617800,47.79461767578125,0.03438485786318779,0.022526634857058525,0.20783363282680511
1790592483749630700,47.80463061523437,0.06954310834407806,0.017849856987595558,0.26297837495803833
1790592483759644000,47.81464379882812,0.07952836900949478,0.06646426022052765,0.18734432756900787
1790592483769656800,47.82465673828125,0.039885617792606354,0.10182065516710281,0.09661416709423065
1790592483779668700,47.83466870117188,0.019016556441783905,0.057668376713991165,-0.1757076382637024
1790592483789682000,47.84468188476563,0.06948185712099075,0.18559518456459045,-0.32030367851257324
1790592483799694800,47.85469482421875,0.08476866781711578,0.1512928605079651,-0.24297429621219635
1790592483809707800,47.86470776367187,0.037792105227708817,0.12751616537570953,0.024784985929727554
1790592483819720700,47.874720703125,0.06062684953212738,0.15727539360523224,0.18247660994529724
1790592483829732900,47.88473291015625,0.14342984557151794,0.20587275922298431,0.20126360654830933
1790592483839745800,47.89474584960937,0.186798095703125,0.19730935990810394,0.1064383015036583
1790592483849759000,47.90475903320313,0.11307115107774734,0.22128340601921082,-0.06401492655277252
1790592483859771600,47.914771728515625,0.06948132812976837,0.2726709842681885,-0.05884679779410362
1790592483869783800,47.92478369140625,0.10404463112354279,0.22889897227287292,0.07724126428365707
1790592483879796700,47.934796630859374,0.1382657140493393,0.21725377440452576,0.1673557162284851
1790592483889810000,47.94480981445312,0.12242443859577179,0.19089646637439728,0.07398129254579544
1790592483899822600,47.95482250976563,0.11580035835504532,0.2141362726688385,-0.1633300632238388
1790592483909834800,47.96483471679687,0.12056262046098709,0.24552349746227264,-0.26203426718711853
1790592483919847700,47.97484765625,0.0870659127831459,0.1676686406135559,-0.08780334889888763
1790592483929860900,47.98486083984375,0.06308627873659134,0.08489573001861572,0.16784973442554474
1790592483939873800,47.994873779296874,0.06595157086849213,0.08647391945123672,0.2187853455543518
1790592483949886000,48.00488598632813,0.04421431943774223,0.08954561501741409,0.21738186478614807
1790592483959898600,48.014898681640624,-0.025746652856469154,0.02087414264678955,-0.061623942106962204
1790592483969911800,48.02491186523437,-0.021974818781018257,0.12411237508058548,-0.23267504572868347
1790592483979925000,48.03492504882813,0.026700308546423912,0.07112905383110046,-0.1667759269475937
1790592483989937700,48.044937744140626,0.04949377104640007,0.0060211606323719025,-0.017802689224481583
1790592483999949600,48.054949462890626,-0.027802614495158195,-0.05424803867936134,0.16470986604690552
1790592484009962800,48.064962646484375,-0.09580376744270325,-0.0701947808265686,0.2032836228609085
1790592484019976000,48.074975830078124,-0.046763256192207336,-0.057802025228738785,0.005992388352751732
1790592484029988900,48.08498876953125,-0.023807605728507042,-0.04124568775296211,-0.12328037619590759
1790592484040000500,48.09500048828125,-0.08072149008512497,-0.059855058789253235,-0.17206603288650513
1790592484050013200,48.10501318359375,-0.10235674679279327,-0.0887085497379303,-0.18409180641174316
1790592484060026400,48.1150263671875,-0.12430039048194885,-0.1279132068157196,-0.05958235636353493
1790592484070039300,48.12503930664062,-0.14278753101825714,-0.19080162048339844,0.09718327969312668
1790592484080051500,48.135051513671876,-0.1423502266407013,-0.21155190467834473,0.13639912009239197
1790592484090064400,48.145064453125,-0.1264868527650833,-0.16488906741142273,0.1682308316230774
1790592484100077300,48.15507739257812,-0.12141112983226776,-0.16747179627418518,0.08182936161756516
1790592484110090200,48.16509033203125,-0.08526723831892014,-0.13069728016853333,-0.16627046465873718
1790592484120102400,48.17510229492188,-0.08474180102348328,-0.07057908177375793,-0.1921502649784088
1790592484130115300,48.185115234375,-0.10638078302145004,-0.11682487279176712,-0.12612570822238922
1790592484140128300,48.195128173828124,-0.08885638415813446,-0.13110926747322083,0.042115505784749985
1790592484150141200,48.20514111328125,-0.12471024692058563,-0.18319962918758392,0.14453135430812836
1790592484160154400,48.215154296875,-0.11134624481201172,-0.15839175879955292,0.024124521762132645
1790592484170166300,48.22516625976562,-0.03132491186261177,-0.09565220773220062,-0.035260241478681564
1790592484180179500,48.23517944335938,-0.030854063108563423,-0.10817332565784454,-0.022977210581302643
1790592484190192400,48.2451923828125,-0.03679690882563591,-0.0936223492026329,-0.05436975508928299
1790592484200205300,48.255205322265624,-0.009861962869763374,-0.029386896640062332,-0.018553167581558228
1790592484210217200,48.26521728515625,-0.014582682400941849,-0.07025310397148132,-0.016193341463804245
1790592484220230400,48.27523046875,0.005860806908458471,-0.015728343278169632,-0.022826209664344788
1790592484230243300,48.28524340820312,-0.004277314990758896,0.028728337958455086,-0.13396579027175903
1790592484240256300,48.29525634765625,-0.013824214227497578,0.0383324958384037,-0.06854656338691711
1790592484250268400,48.30526831054687,-0.009677938185632229,-0.00420777453109622,0.000641298945993185
1790592484260281300,48.31528125,0.0011579308193176985,0.05139796435832977,0.07402443140745163
1790592484270294500,48.32529443359375,-0.011859334073960781,0.023016123101115227,0.10432375222444534
1790592484280307200,48.33530712890625,0.0023361132480204105,0.04603249207139015,0.06628768891096115
1790592484290319400,48.3453193359375,0.039826761931180954,0.10050531476736069,-0.07986819744110107
1790592484300332300,48.35533227539062,0.042597513645887375,0.11526508629322052,-0.18183663487434387
1790592484310345500,48.36534545898437,0.029640382155776024,0.14048445224761963,-0.20573706924915314
1790592484320358400,48.3753583984375,0.024469323456287384,0.12804003059864044,-0.09647102653980255
1790592484330371300,48.385371337890625,0.03015144355595112,0.07356640696525574,0.10896974802017212
1790592484340383200,48.39538330078125,0.017667343840003014,0.05943967029452324,0.2944365441799164
1790592484350396400,48.405396484375,0.004970456939190626,0.05440656095743179,0.25355249643325806
1790592484360409300,48.41540942382812,0.030863305553793907,0.06295450776815414,0.11182358860969543
1790592484370422300,48.42542236328125,0.027309583500027657,0.07333790510892868,-0.02738170698285103
1790592484380434200,48.43543408203125,0.004821586422622204,0.08389254659414291,-0.16800406575202942
1790592484390447400,48.445447265625,0.02144610323011875,0.04577472433447838,-0.08767274022102356
1790592484400460300,48.455460205078126,-0.0437704473733902,-0.02913706749677658,-0.03400711715221405
1790592484410473500,48.465473388671874,-0.06021653488278389,0.016341468319296837,0.032622773200273514
1790592484420485400,48.4754853515625,-0.06812585890293121,-0.03492225334048271,0.09451356530189514
1790592484430498300,48.485498291015624,-0.049295976758003235,-0.045296862721443176,0.09033161401748657
1790592484440511200,48.49551123046875,-0.050137534737586975,-0.06144360825419426,-0.011596085503697395
1790592484450524400,48.5055244140625,-0.12094992399215698,-0.05209910869598389,-0.1172141283750534
1790592484460537300,48.515537353515626,-0.10834145545959473,-0.06589695066213608,-0.10865499079227448
1790592484470549200,48.52554931640625,-0.07492303848266602,-0.11018718034029007,0.0022275843657553196
1790592484480562400,48.5355625,-0.1085510402917862,-0.16841985285282135,0.05732625722885132
1790592484490575400,48.545575439453124,-0.11479908227920532,-0.1544015109539032,-0.058832842856645584
1790592484500588500,48.55558862304687,-0.1102682501077652,-0.15055884420871735,-0.050466787070035934
1790592484510600400,48.56560034179687,-0.12668664753437042,-0.1913004070520401,-0.04497268423438072
1790592484520613400,48.57561328125,-0.09956793487071991,-0.17214322090148926,0.13077330589294434
1790592484530626300,48.585626220703126,-0.13766233623027802,-0.24098433554172516,0.20130394399166107
1790592484540639500,48.595639404296875,-0.15889385342597961,-0.2436264604330063,0.18832555413246155
1790592484550651400,48.6056513671875,-0.12482216209173203,-0.21861325204372406,-0.0025304192677140236
1790592484560664300,48.615664306640625,-0.0727139487862587,-0.16051320731639862,-0.30467697978019714
1790592484570677200,48.62567724609375,-0.05010424554347992,-0.1527402400970459,-0.4096667766571045
1790592484580690400,48.6356904296875,-0.10096396505832672,-0.18934191763401031,-0.22944878041744232
1790592484590702300,48.64570239257812,-0.17751173675060272,-0.17597870528697968,0.004540539346635342
1790592484600715500,48.65571557617187,-0.14426536858081818,-0.2068447470664978,0.20556579530239105
1790592484610728200,48.665728271484376,-0.018788935616612434,-0.23040306568145752,0.2153071016073227
1790592484620741400,48.675741455078125,-0.006579406093806028,-0.2071576714515686,0.12187382578849792
1790592484630754300,48.68575439453125,-0.14810165762901306,-0.22473134100437164,0.009687630459666252
1790592484640766500,48.695766357421874,-0.16120894253253937,-0.22188149392604828,-0.04961723834276199
1790592484650779100,48.70577905273438,-0.07981420308351517,-0.19501392543315887,0.0536084845662117
1790592484660792300,48.71579223632813,-0.06275799125432968,-0.2534828186035156,-0.01999170146882534
1790592484670805500,48.725805419921876,-0.026917168870568275,-0.10449280589818954,-0.204066202044487
1790592484680817400,48.7358173828125,-0.030988609418272972,-0.13685794174671173,-0.24482081830501556
1790592484690830300,48.745830322265626,-0.050427552312612534,-0.1678592711687088,-0.14679491519927979
1790592484700843300,48.75584326171875,-0.03409358859062195,-0.171976238489151,0.013447748497128487
1790592484710856400,48.7658564453125,-0.021380988880991936,-0.19241467118263245,0.20410451292991638
1790592484720868400,48.775868408203124,-0.09053236246109009,-0.24407947063446045,0.3485146760940552
1790592484730881500,48.78588159179687,-0.11020725965499878,-0.2411012500524521,0.1577759087085724
1790592484740894200,48.79589428710938,-0.04097199812531471,-0.12989777326583862,-0.15211723744869232
1790592484750907400,48.805907470703126,0.012359930202364922,-0.15126857161521912,-0.3266938626766205
1790592484760919300,48.815919189453126,0.0065289391204714775,-0.13984254002571106,-0.2973061501979828
1790592484770932500,48.825932373046875,-0.08023551851511002,-0.12501725554466248,-0.1360599845647812
1790592484780945400,48.8359453125,-0.10512541979551315,-0.1443352997303009,0.07403279840946198
1790592484790958300,48.84595825195313,-0.0018022279255092144,-0.18194977939128876,0.21781952679157257
1790592484800970200,48.85597021484375,0.04220917448401451,-0.17183856666088104,0.17183126509189606
1790592484810983400,48.8659833984375,-0.0460253469645977,-0.1512233018875122,-0.030076291412115097
1790592484820996400,48.875996337890626,-0.07947678118944168,-0.11153846979141235,-0.13085882365703583
1790592484831009300,48.88600927734375,-0.03704357147216797,-0.12053356319665909,-0.058222707360982895
1790592484841022200,48.89602221679687,0.024284232407808304,-0.1557176411151886,0.008466038852930069
1790592484851034400,48.906034423828125,-0.0011430955491960049,-0.13791601359844208,0.03433971479535103
1790592484861047300,48.91604736328125,-0.054233208298683167,-0.12039081752300262,0.08254186809062958
1790592484871060500,48.926060546875,-0.04536355286836624,-0.11048412322998047,0.1029944121837616
1790592484881073200,48.9360732421875,0.04095456004142761,-0.07168079912662506,0.052855342626571655
1790592484891085300,48.94608520507813,0.08786560595035553,-0.0324508398771286,-0.025378745049238205
1790592484901098200,48.95609814453125,0.04983140528202057,-0.029578352347016335,-0.1043073832988739
1790592484911111400,48.966111328125,0.026573752984404564,-0.022618979215621948,-0.08284123241901398
1790592484921124400,48.97612426757812,0.032007668167352676,0.0055082617327570915,-0.03568490967154503
1790592484931136300,48.98613623046875,0.07070553302764893,0.026863085106015205,0.12302404642105103
1790592484941149200,48.99614916992188,0.1058158427476883,-0.009788136929273605,0.11816883087158203
1790592484951162400,49.00616235351563,0.15961861610412598,0.08429708331823349,-0.04170285537838936
1790592484961175600,49.016175537109376,0.1252364069223404,0.08323128521442413,-0.0934014767408371
1790592484971187500,49.0261875,0.0811120942234993,0.08958878368139267,-0.05910181626677513
1790592484981200400,49.036200439453125,0.11509083956480026,0.11069673299789429,0.11646787822246552
1790592484991213300,49.04621337890625,0.15189917385578156,0.054897915571928024,0.1922534555196762
1790592485001226500,49.0562265625,0.15878425538539886,0.07289635390043259,0.10937987267971039
1790592485011238400,49.06623828125,0.12787958979606628,0.1423148512840271,-0.17606492340564728
1790592485021251300,49.07625122070313,0.14087368547916412,0.19085708260536194,-0.29187676310539246
1790592485031264300,49.08626416015625,0.12008373439311981,0.1375081092119217,-0.08796702325344086
1790592485041277400,49.09627734375,0.10088420659303665,0.11463820934295654,0.07067215442657471
1790592485051289300,49.106289306640626,0.15830940008163452,0.12283995002508163,0.23936104774475098
1790592485061302500,49.116302490234375,0.14496643841266632,0.06227167695760727,0.23724116384983063
1790592485071315500,49.1263154296875,0.13628612458705902,0.1519877165555954,0.008250589482486248
1790592485081328400,49.13632836914063,0.14830471575260162,0.2000015825033188,-0.16750338673591614
1790592485091341600,49.14634155273438,0.1311696618795395,0.17860867083072662,-0.15899911522865295
1790592485101353500,49.156353515625,0.08508766442537308,0.1817895472049713,-0.03878349810838699
1790592485111366400,49.166366455078126,0.05422775447368622,0.15232060849666595,0.20013001561164856
1790592485121379300,49.17637939453125,0.08176803588867188,0.10176023095846176,0.22698374092578888
1790592485131392500,49.186392578125,0.13884809613227844,0.16985060274600983,0.12843212485313416
1790592485141404400,49.196404296875,0.1279142200946808,0.19311730563640594,-0.0679754763841629
1790592485151417600,49.20641748046875,0.15355725586414337,0.21484097838401794,-0.1817350536584854
1790592485161430300,49.21643017578125,0.1836690902709961,0.21684180200099945,-0.05946587398648262
1790592485171443500,49.226443359375,0.13319019973278046,0.14192788302898407,0.07705681025981903
1790592485181455400,49.23645532226563,0.05429619550704956,0.12308069318532944,0.07119733095169067
1790592485191468500,49.246468505859376,0.06471049040555954,0.16128240525722504,-0.03581300750374794
1790592485201481200,49.25648120117187,0.1112992912530899,0.15561041235923767,0.08377331495285034
1790592485211494400,49.26649438476562,0.10693889856338501,0.09067615121603012,0.023226076737046242
1790592485221506300,49.27650634765625,0.12830756604671478,0.16842660307884216,0.08436107635498047
1790592485231519500,49.28651953125,0.09915075451135635,0.08265577256679535,0.0884048193693161
1790592485241532400,49.29653247070313,0.1100020706653595,0.10884822905063629,-0.08922962844371796
1790592485251545300,49.30654541015625,0.1184256449341774,0.14357611536979675,-0.19119380414485931
1790592485261557200,49.31655712890625,0.05024472996592522,0.10770200937986374,-0.024423466995358467
1790592485271570400,49.3265703125,0.012384431436657906,-0.00006972943083383143,0.2262396514415741
1790592485281583600,49.33658349609375,-0.017038704827427864,-0.027098949998617172,0.336122989654541
1790592485291596300,49.34659619140625,-0.0343891978263855,-0.01276794821023941,0.27349424362182617
1790592485301608400,49.3566083984375,-0.0009814414661377668,-0.018318774178624153,0.12067912518978119
1790592485311621400,49.36662133789063,0.03459106385707855,0.05463019758462906,-0.07905249297618866
1790592485321634600,49.37663452148438,0.01651006191968918,0.06831884384155273,-0.2474670559167862
1790592485331647500,49.3866474609375,0.015823766589164734,0.0961744412779808,-0.43286648392677307
1790592485341659600,49.39665966796875,0.08656530827283859,0.18310882151126862,-0.4350590705871582
1790592485351672300,49.40667236328125,0.15088997781276703,0.06120927259325981,-0.23211872577667236
1790592485361685500,49.416685546875,0.033163610845804214,-0.01895800419151783,0.13022883236408234
1790592485371698400,49.42669848632813,-0.13429543375968933,-0.07058444619178772,0.46103522181510925
1790592485381711400,49.43671142578125,-0.18154948949813843,-0.12337202578783035,0.4764307141304016
1790592485391723500,49.4467236328125,-0.0943852961063385,-0.03357343003153801,0.24448776245117188
1790592485401736400,49.456736328125,-0.005608555395156145,0.025172440335154533,-0.20749594271183014
1790592485411749400,49.46674926757812,0.045552369207143784,0.08892878144979477,-0.34452277421951294
1790592485421762600,49.47676245117187,0.017885318025946617,0.009141542948782444,-0.1999906301498413
1790592485431774500,49.4867744140625,-0.024922864511609077,-0.04627777263522148,-0.05830007418990135
1790592485441787400,49.49678735351562,-0.04130556434392929,-0.01525567565113306,0.01909085549414158
1790592485451800300,49.50680029296875,-0.03313338756561279,-0.04775262996554375,0.019063690677285194
1790592485461813500,49.5168134765625,-0.05410178750753403,-0.044132329523563385,-0.016027983278036118
1790592485471825400,49.52682543945313,-0.03920566290616989,-0.015413600951433182,0.11030252277851105
1790592485481838600,49.536838623046876,-0.010488797910511494,-0.07948579639196396,0.19999060034751892
1790592485491851300,49.54685131835937,0.06491061300039291,-0.08171406388282776,0.06666582822799683
1790592485501864400,49.55686450195312,0.09144821763038635,-0.010247068479657173,-0.06339550018310547
1790592485511876400,49.56687646484375,-0.009763352572917938,-0.04303590580821037,-0.12344791740179062
1790592485521889500,49.5768896484375,0.0017337797908112407,-0.051420602947473526,-0.10921944677829742
1790592485531902200,49.586902099609375,0.02969350852072239,-0.052684005349874496,-0.030392806977033615
1790592485541915400,49.596915283203124,0.006922949105501175,-0.09216643869876862,-0.07213519513607025
1790592485551927300,49.60692724609375,-0.01982743851840496,-0.054733309894800186,-0.03440485894680023
1790592485561940500,49.6169404296875,-0.032312069088220596,-0.08125999569892883,0.04129549488425255
1790592485571953400,49.62695336914062,0.04324527084827423,-0.038416389375925064,0.16330742835998535
1790592485581966300,49.63696630859375,0.036891236901283264,-0.06427115947008133,0.17484690248966217
1790592485591978200,49.64697827148437,-0.0020055645145475864,0.0009813506621867418,0.02000698260962963
1790592485601991400,49.65699145507813,-0.025989195331931114,0.02967264875769615,-0.18167100846767426
1790592485612004600,49.66700463867188,-0.02469276823103428,0.04024087265133858,-0.296772301197052
1790592485622017300,49.677017333984374,-0.030027346685528755,0.0503169447183609,-0.13774855434894562
1790592485632029400,49.687029541015626,-0.06049497053027153,-0.016629867255687714,0.0304697435349226
1790592485642042400,49.69704248046875,-0.003656458342447877,-0.026019640266895294,0.177045077085495
1790592485652055600,49.7070556640625,-0.014553846791386604,-0.045880693942308426,0.06607194244861603
1790592485662068500,49.717068359375,-0.040546029806137085,0.05447759851813316,-0.1721310317516327
1790592485672080600,49.72708056640625,-0.037296175956726074,0.0769173875451088,-0.1213994100689888
1790592485682093300,49.73709326171875,-0.022969435900449753,0.06042150780558586,0.03253742307424545
1790592485692106500,49.7471064453125,-0.0018598898313939571,0.07551204413175583,0.025793766602873802
1790592485702119400,49.75711938476562,0.004041941370815039,0.0984778106212616,0.027795398607850075
1790592485712131600,49.767131591796876,0.006229727994650602,0.05741426721215248,0.11173343658447266
1790592485722144300,49.77714428710937,0.009203414432704449,0.056832365691661835,0.1585582047700882
1790592485732157400,49.78715747070312,0.02608865313231945,0.077395960688591,0.13031858205795288
1790592485742170400,49.79717041015625,0.08172554522752762,0.11449246108531952,0.07799971103668213
1790592485752182500,49.8071826171875,0.064884252846241,0.11394438147544861,0.015100108459591866
1790592485762195500,49.81719555664063,0.010391983203589916,0.1448248028755188,-0.07453550398349762
1790592485772208400,49.82720849609375,0.0410953015089035,0.16876822710037231,0.008008643053472042
1790592485782221300,49.83722119140625,0.07172191888093948,0.1443084180355072,0.04473310336470604
1790592485792233500,49.8472333984375,0.09719239175319672,0.13924069702625275,-0.02868279069662094
1790592485802246400,49.85724633789062,0.09854820370674133,0.16376787424087524,-0.07883384823799133
1790592485812259300,49.86725927734375,0.0441448874771595,0.1531469225883484,-0.04102041944861412
1790592485822272500,49.8772724609375,0.02186461351811886,0.1311422884464264,0.12697018682956696
1790592485832285400,49.887285400390624,0.033752698451280594,0.11201678961515427,0.07637544721364975
1790592485842297300,49.89729736328125,0.06833650916814804,0.19170017540454865,-0.060896385461091995
1790592485852310500,49.907310546875,0.05234396085143089,0.14671432971954346,-0.18793609738349915
1790592485862323500,49.91732348632812,0.05089360475540161,0.1632421612739563,-0.21597890555858612
1790592485872336400,49.92733642578125,0.030153969302773476,0.13767901062965393,-0.16097797453403473
1790592485882348500,49.9373486328125,0.004534626379609108,0.11471191048622131,0.033871930092573166
1790592485892361500,49.94736157226563,-0.006827750708907843,0.02821270376443863,0.2801104485988617
1790592485902374400,49.95737451171875,-0.04838291555643082,-0.004966553300619125,0.26789265871047974
1790592485912387300,49.96738720703125,-0.0882757380604744,0.04001503810286522,0.14454278349876404
1790592485922399500,49.9773994140625,-0.0692376047372818,0.03916043043136597,-0.07199697941541672
1790592485932412400,49.98741235351562,-0.025878407061100006,0.04670276865363121,-0.1069917157292366
1790592485942425600,49.99742553710937,-0.046743739396333694,-0.0012993805576115847,-0.08584275096654892
1790592485952438300,50.007438232421876,-0.08386234939098358,-0.005561237223446369,0.024892818182706833
1790592485962450400,50.01745043945313,-0.13334201276302338,-0.0596308633685112,0.1704428344964981
1790592485972463400,50.02746337890625,-0.16204316914081573,-0.07110855728387833,0.033337436616420746
1790592485982476500,50.0374765625,-0.12902423739433289,-0.009789004921913147,-0.09225191920995712
1790592485992489200,50.0474892578125,-0.078292615711689,-0.056598056107759476,-0.09988347440958023
1790592486002501400,50.05750146484375,-0.0601426362991333,-0.09299042075872421,0.04985276237130165
1790592486012514300,50.06751440429687,-0.07614104449748993,-0.1457095444202423,0.007077868562191725
1790592486022527500,50.07752758789063,-0.1286948025226593,-0.09221331030130386,0.017318520694971085
1790592486032540400,50.08754052734375,-0.15919704735279083,-0.14853836596012115,0.0268704816699028
1790592486042552300,50.09755224609375,-0.08645307272672653,-0.1368851661682129,-0.09981849044561386
1790592486052565000,50.10756494140625,-0.05832183361053467,-0.06744404882192612,-0.10014180094003677
1790592486062578200,50.117578125,-0.10753732174634933,-0.08371969312429428,-0.08040085434913635
1790592486072591000,50.12759106445313,-0.09136820584535599,-0.07429130375385284,0.13932645320892334
1790592486082603300,50.13760327148437,-0.11563226580619812,-0.14670610427856445,0.2176329791545868
1790592486092616200,50.1476162109375,-0.12322759628295898,-0.13916483521461487,0.18413227796554565
1790592486102629000,50.157629150390626,-0.08808532357215881,-0.07265692204236984,-0.0718555673956871
1790592486112642300,50.167642333984375,-0.017210084944963455,-0.021568434312939644,-0.2774353623390198
1790592486122654200,50.177654296875,0.03148555010557175,0.026269661262631416,-0.5563996434211731
1790592486132667100,50.187667236328124,-0.026847532019019127,0.03689274564385414,-0.398347944021225
1790592486142680000,50.19768017578125,-0.15131355822086334,-0.03021678328514099,0.01976357027888298
1790592486152693200,50.207693359375,-0.19069212675094604,-0.11011268198490143,0.44082289934158325
1790592486162705200,50.217705078125,-0.07988438755273819,-0.13652589917182922,0.31573155522346497
1790592486172718300,50.22771826171875,0.024485429748892784,-0.03260244056582451,0.2534218728542328
1790592486182731300,50.237731201171876,-0.020082304254174232,-0.03766803815960884,-0.04917874559760094
1790592486192744200,50.247744140625,-0.06609267741441727,0.006281839683651924,-0.1491154581308365
1790592486202756000,50.257756103515625,-0.06878779083490372,-0.006260317284613848,-0.07409235835075378
1790592486212769300,50.267769287109374,-0.03328465670347214,-0.07039482891559601,0.01825808547437191
1790592486222782200,50.2777822265625,-0.04005813971161842,-0.05832937732338905,0.04969111084938049
1790592486232795100,50.28779516601563,-0.10684037208557129,-0.01587592624127865,-0.1676207035779953
1790592486242807000,50.29780712890625,-0.08847548067569733,0.06613611429929733,-0.349258691072464
1790592486252820200,50.3078203125,0.013053013943135738,0.09971538186073303,-0.29516056180000305
1790592486262833200,50.317833251953125,0.05967085063457489,0.04262280464172363,-0.061923567205667496
1790592486272846300,50.327846435546874,0.003224617335945368,0.017545679584145546,0.2486169934272766
1790592486282858200,50.337858154296875,-0.051378440111875534,-0.03527412563562393,0.48936727643013
1790592486292871200,50.34787109375,-0.019983500242233276,-0.0708497017621994,0.44019147753715515
1790592486302884000,50.35788403320313,0.04132912680506706,0.008056304417550564,0.1481335312128067
1790592486312897300,50.36789721679688,0.004034759476780891,0.01879827119410038,-0.1890052706003189
1790592486322909200,50.3779091796875,-0.08200957626104355,0.06355509161949158,-0.37659698724746704
1790592486332922000,50.387922119140626,-0.08322371542453766,0.06411168724298477,-0.25794705748558044
1790592486342935000,50.39793505859375,0.01665521413087845,-0.003666024887934327,-0.14737819135189056
1790592486352948200,50.4079482421875,0.06642330437898636,-0.0023778537288308144,0.08057693392038345
1790592486362960100,50.417960205078124,0.002877616323530674,-0.05959373712539673,0.06263415515422821
1790592486372973300,50.42797338867187,-0.020367784425616264,-0.005666058976203203,0.027896415442228317
1790592486382986000,50.43798608398438,-0.09117511659860611,-0.08696916699409485,0.06280885636806488
1790592486392999200,50.447999267578126,-0.05855565145611763,-0.0898352637887001,0.09482644498348236
1790592486403011000,50.45801098632813,-0.036075107753276825,-0.11880619823932648,0.19447208940982819
1790592486413024300,50.468024169921875,-0.04676610231399536,-0.1915869265794754,0.05235994607210159
1790592486423037200,50.478037109375,-0.05650341883301735,-0.11118609458208084,-0.11849675327539444
1790592486433050000,50.48805004882813,-0.08719369024038315,-0.15464675426483154,-0.21797646582126617
1790592486443062000,50.49806201171875,-0.10397932678461075,-0.15718474984169006,-0.02606615424156189
1790592486453075200,50.5080751953125,-0.08280666172504425,-0.21344135701656342,0.21003267168998718
1790592486463088400,50.51808837890625,-0.028510401025414467,-0.2056867629289627,0.13615258038043976
1790592486473101000,50.52810107421875,-0.03124333545565605,-0.11897370964288712,-0.06089577078819275
1790592486483113200,50.53811328125,-0.0431029237806797,-0.047900330275297165,-0.19749009609222412
1790592486493126100,50.548126220703125,0.05244836583733559,-0.060423847287893295,-0.14220313727855682
1790592486503139300,50.558139404296874,0.09478703141212463,-0.1420409381389618,0.011323297396302223
1790592486513152000,50.56815209960938,-0.01335941068828106,-0.17735925316810608,0.1622566282749176
1790592486523164200,50.5781640625,-0.14074718952178955,-0.18746274709701538,0.17624780535697937
1790592486533177000,50.58817700195313,-0.13784247636795044,-0.1260225623846054,0.03328771889209747
1790592486543190300,50.598190185546876,-0.00870606955140829,-0.029851023107767105,-0.02009641006588936
1790592486553203200,50.608203125,0.055923525243997574,-0.09530326724052429,-0.0032183611765503883
1790592486563215400,50.61821533203125,0.07295843213796616,-0.04653466120362282,-0.15155430138111115
1790592486573228000,50.62822802734375,0.06521742045879364,0.024197829887270927,-0.15370453894138336
1790592486583241200,50.6382412109375,0.04811859875917435,-0.004777894355356693,-0.003010367974638939
1790592486593254100,50.64825415039063,0.04449882730841637,-0.057760417461395264,0.12323492020368576
1790592486603266300,50.65826635742187,0.02961122617125511,-0.04353967308998108,0.16150721907615662
1790592486613279200,50.668279296875,-0.0055470275692641735,-0.06002889946103096,0.030959315598011017
1790592486623292200,50.678292236328126,-0.002564287045970559,-0.020411714911460876,-0.07047490030527115
1790592486633305000,50.68830517578125,0.014107367023825645,-0.02458142675459385,-0.005926795303821564
1790592486643317200,50.698317138671875,0.028444761410355568,-0.04836079105734825,0.13945330679416656
1790592486653330200,50.708330078125,0.08895311504602432,-0.06452644616365433,0.2105589061975479
1790592486663343000,50.71834301757813,0.08769530057907104,-0.046212419867515564,0.21014611423015594
1790592486673356300,50.72835620117188,0.011331021785736084,-0.07921005040407181,-0.17072372138500214
1790592486683368200,50.7383681640625,-0.004371774848550558,0.1003008559346199,-0.37159451842308044
1790592486693381000,50.74838110351563,0.03443154692649841,0.05819148197770119,-0.2884703278541565
1790592486703394000,50.75839404296875,0.08355541527271271,-0.028469907119870186,-0.04424488916993141
1790592486713407200,50.7684072265625,0.030963046476244926,-0.0666031762957573,0.21807941794395447
1790592486723419100,50.778419189453125,-0.04975470155477524,-0.10249753296375275,0.2914087474346161
1790592486733432300,50.788432373046874,-0.0581231527030468,-0.06354879587888718,0.24402445554733276
1790592486743445200,50.7984453125,-0.029826002195477486,-0.06134157255291939,-0.006091378629207611
1790592486753458200,50.80845825195313,0.05233624577522278,0.012773668393492699,-0.06835022568702698
1790592486763470000,50.81846997070313,0.04632522538304329,-0.039418697357177734,-0.07801803201436996
1790592486773483300,50.828483154296876,0.010231402702629566,-0.01586277037858963,-0.13423815369606018
1790592486783496200,50.83849609375,-0.005490568466484547,-0.011454173363745213,-0.14306360483169556
1790592486793508400,50.84850830078125,0.009857228957116604,-0.008539076894521713,-0.07358919829130173
1790592486803521300,50.858521240234374,0.01654203049838543,-0.0625423938035965,0.049425143748521805
1790592486813534200,50.8685341796875,-0.0058117457665503025,-0.0797828957438469,0.12042421847581863
1790592486823547100,50.87854711914063,0.004990035202354193,-0.05497049167752266,0.026316896080970764
1790592486833559300,50.88855932617187,0.02484656497836113,-0.046040911227464676,-0.005230645649135113
1790592486843572200,50.898572265625,-0.016808470711112022,-0.09702873229980469,0.03256520256400108
1790592486853585200,50.908585205078126,-0.009093825705349445,-0.015323213301599026,-0.043237149715423584
1790592486863598000,50.91859814453125,0.053340256214141846,-0.0197624359279871,0.021618545055389404
1790592486873610200,50.9286103515625,0.05758986249566078,-0.11851084977388382,0.10919686406850815
1790592486883623200,50.938623046875,0.019766317680478096,-0.09727001190185547,-0.03748392313718796
1790592486893636400,50.94863623046875,0.012266590259969234,-0.028657928109169006,-0.12459539622068405
1790592486903649000,50.95864892578125,0.014620558358728886,-0.03253282606601715,-0.14179620146751404
1790592486913661200,50.9686611328125,0.03166132792830467,-0.01435036025941372,0.008096611127257347
1790592486923674000,50.978674072265626,0.013250628486275673,-0.040801674127578735,0.16276928782463074
1790592486933687300,50.988687255859375,0.01259735506027937,-0.03711532801389694,0.144649937748909
1790592486943700000,50.99869995117187,0.05746016651391983,0.02156183309853077,-0.04248587414622307
1790592486953712000,51.008712158203124,0.044255681335926056,0.007119777612388134,-0.016092881560325623
1790592486963725000,51.01872509765625,0.016509005799889565,-0.03855369985103607,-0.14241059124469757
1790592486973738200,51.02873828125,0.031428832560777664,0.08604468405246735,-0.06223374605178833
1790592486983751400,51.03875146484375,0.024866271764039993,0.016415541991591454,0.06488053500652313
1790592486993763300,51.04876342773437,0.052789248526096344,0.015443753451108932,0.1587338000535965
1790592487003776000,51.05877587890625,0.059840235859155655,0.06581105291843414,0.08575811237096786
1790592487013789200,51.0687890625,0.056770410388708115,0.08586252480745316,-0.06582741439342499
1790592487023802400,51.07880224609375,0.09600063413381577,0.10261461138725281,-0.1378459334373474
1790592487033814300,51.088814208984374,0.034630220383405685,0.08265820890665054,-0.12391415983438492
1790592487043827000,51.09882690429688,-0.014199105091392994,0.07282422482967377,-0.05628237873315811
1790592487053840000,51.10883984375,0.05409286543726921,0.053796470165252686,0.03826090320944786
1790592487063852800,51.118852783203124,0.05414879322052002,0.033261898905038834,0.21735183894634247
1790592487073865000,51.128864990234376,-0.0033421965781599283,-0.04322062432765961,0.22071513533592224
1790592487083878000,51.1388779296875,0.004408667329698801,0.022089671343564987,0.09987632930278778
1790592487093890800,51.14889086914062,0.04646024852991104,0.05375279486179352,-0.03682585805654526
1790592487103903700,51.15890380859375,0.05602392554283142,0.040683064609766006,-0.24223706126213074
1790592487113916000,51.168916015625,0.05543083697557449,0.10206706076860428,-0.3869313895702362
1790592487123928800,51.1789287109375,0.019214510917663574,0.09529730677604675,-0.26767265796661377
1790592487133942000,51.18894189453125,-0.006283391732722521,0.026642346754670143,-0.05782381445169449
1790592487143954700,51.19895458984375,0.018860843032598495,-0.05721793323755264,0.08677864074707031
1790592487153966800,51.208966796875,-0.015238270163536072,-0.07074412703514099,0.21820218861103058
1790592487163979800,51.21897973632812,-0.06970417499542236,-0.11194030195474625,0.2602822482585907
1790592487173993000,51.22899291992187,-0.045284852385520935,-0.09191199392080307,0.16121026873588562
1790592487184005600,51.239005615234376,-0.02280244790017605,-0.054769422858953476,0.0869876965880394
1790592487194017800,51.24901782226563,-0.06759894639253616,-0.07874932140111923,0.06445948779582977
1790592487204030700,51.25903076171875,-0.08563653379678726,-0.08510442823171616,0.024459339678287506
1790592487214044000,51.2690439453125,-0.035652197897434235,-0.07323498278856277,-0.032956283539533615
1790592487224056800,51.27905688476562,0.0066619678400456905,-0.07209701091051102,-0.061306431889534
1790592487234069000,51.289069091796875,-0.011371627449989319,-0.0943320095539093,-0.08600778132677078
1790592487244081700,51.29908154296875,-0.07375830411911011,-0.096054807305336,-0.09342309087514877
1790592487254094800,51.3090947265625,-0.08748317509889603,-0.07651812583208084,-0.17384842038154602
1790592487264106800,51.31910668945312,-0.02803875505924225,-0.0544746108353138,0.023362915962934494
1790592487274120000,51.32911987304688,0.019821979105472565,-0.11873242259025574,0.18203486502170563
1790592487284132900,51.3391328125,0.025430329144001007,-0.10871228575706482,0.15633375942707062
1790592487294145800,51.349145751953124,-0.006911898031830788,-0.06087152287364006,-0.061172209680080414
1790592487304157700,51.35915771484375,-0.0618867352604866,-0.05505171790719032,-0.030919499695301056
1790592487314171000,51.3691708984375,-0.045622311532497406,-0.09429658949375153,0.03409697115421295
1790592487324184000,51.37918408203125,0.02969614416360855,-0.11834173649549484,0.14634494483470917
1790592487334196700,51.38919677734375,0.012500911019742489,-0.1392510086297989,0.15533258020877838
1790592487344209000,51.399208984375,-0.02922709472477436,-0.11796543002128601,-0.04436454549431801
1790592487354221800,51.40922192382813,0.005779625382274389,-0.06002010405063629,-0.20640058815479279
1790592487364235000,51.419235107421876,-0.018377643078565598,-0.07626831531524658,-0.21929161250591278
1790592487374247700,51.42924755859375,-0.06661494821310043,-0.09277725219726562,-0.03776150569319725
1790592487384259800,51.439259765625,-0.036643728613853455,-0.16929467022418976,0.10444623976945877
1790592487394272800,51.44927270507812,0.005370031110942364,-0.15176920592784882,0.09142657369375229
1790592487404286000,51.45928588867187,0.008098440244793892,-0.13895326852798462,-0.07720238715410233
1790592487414299000,51.469298828125,0.026710473001003265,-0.0930294543504715,-0.14122185111045837
1790592487424311000,51.47931103515625,0.010739496909081936,-0.128390371799469,0.06131208315491676
1790592487434323700,51.48932373046875,-0.05785074830055237,-0.16491296887397766,0.11225489526987076
1790592487444337000,51.4993369140625,-0.05743343010544777,-0.0966111421585083,0.04247421398758888
1790592487454349800,51.50934985351562,-0.024622755125164986,-0.037659406661987305,-0.03301175683736801
1790592487464362000,51.519362060546875,0.04824452847242355,-0.039753448218107224,-0.08374018222093582
1790592487474374700,51.52937475585937,0.07877473533153534,-0.022142231464385986,-0.11763449758291245
1790592487484387800,51.53938793945313,0.01710445061326027,-0.011927943676710129,-0.06807200610637665
1790592487494400800,51.54940087890625,-0.003776595229282975,-0.015206561423838139,0.05778419226408005
1790592487504413000,51.55941284179688,0.028292125090956688,-0.010509277693927288,0.12055729329586029
1790592487514425900,51.56942578125,0.048316434025764465,0.02771480567753315,0.18133115768432617
1790592487524438800,51.57943872070312,0.01886160485446453,0.017714370042085648,0.20603731274604797
1790592487534452000,51.58945190429687,0.00995226576924324,-0.00534727331250906,0.14207883179187775
1790592487544464000,51.5994638671875,0.07098046690225601,0.05429928004741669,-0.07160362601280212
1790592487554476800,51.60947680664062,0.1335088312625885,0.13553793728351593,-0.2188497930765152
1790592487564489700,51.61948974609375,0.15600988268852234,0.10057756304740906,-0.20913352072238922
1790592487574501600,51.62950170898438,0.09304714947938919,0.09008897095918655,-0.12640535831451416
1790592487584514800,51.63951489257813,0.044275619089603424,0.09021493792533875,-0.08100271970033646
1790592487594528000,51.649528076171876,0.062094565480947495,0.05674006789922714,0.028450539335608482
1790592487604541000,51.659541015625,0.07281032204627991,0.017106903716921806,-0.024247026070952415
1790592487614552800,51.669552734375,0.08660123497247696,0.06086556985974312,0.06244472414255142
1790592487624565800,51.67956567382812,0.03403150662779808,0.007647620979696512,0.09532757103443146
1790592487634579000,51.68957885742188,0.05894697457551956,0.05586601793766022,0.15170136094093323
1790592487644591900,51.699591796875,0.050365205854177475,0.08117350190877914,0.24721591174602509
1790592487654604000,51.70960400390625,0.03306744247674942,0.0398244671523571,0.13977386057376862
1790592487664616700,51.71961669921875,0.0964386835694313,0.1452781856060028,-0.07328993827104568
1790592487674630000,51.7296298828125,0.12836307287216187,0.16216981410980225,-0.3704310655593872
1790592487684642800,51.73964282226562,0.10614990442991257,0.17707952857017517,-0.29344627261161804
1790592487694655000,51.749655029296875,0.020680278539657593,0.1172604039311409,-0.1370191127061844
1790592487704668000,51.75966796875,0.00787899550050497,0.1097758561372757,0.09716914594173431
1790592487714680800,51.76968090820313,0.08239450305700302,0.05315119028091431,0.2043430060148239
1790592487724693800,51.77969384765625,0.08866225928068161,0.07108651846647263,0.16989076137542725
1790592487734706000,51.78970581054688,0.032369159162044525,0.13154293596744537,0.05917063355445862
1790592487744718800,51.79971875,0.06413374096155167,0.15990880131721497,-0.05747129023075104
1790592487754731800,51.80973168945312,0.11515671759843826,0.17117130756378174,-0.02475808560848236
1790592487764744700,51.81974462890625,0.11041335761547089,0.14265550673007965,0.04120734706521034
1790592487774756900,51.8297568359375,0.11175239831209183,0.16199085116386414,0.09757261723279953
1790592487784769800,51.83976977539062,0.0600934661924839,0.1116563081741333,0.058443326503038406
1790592487794783000,51.84978295898438,0.09937801957130432,0.191475510597229,-0.004717799834907055
1790592487804795000,51.859794921875,0.14533965289592743,0.20071427524089813,-0.14291349053382874
1790592487814807800,51.86980786132813,0.1357128620147705,0.23346078395843506,-0.06778571754693985
1790592487824820700,51.87982080078125,0.10386810451745987,0.1854378581047058,0.0224192775785923
1790592487834834000,51.889833984375,0.11406482011079788,0.20536921918392181,0.13578471541404724
1790592487844845800,51.899845703125,0.11467521637678146,0.17094705998897552,0.07448966801166534
1790592487854858800,51.90985864257812,0.1341453194618225,0.2475486397743225,0.035869307816028595
1790592487864871700,51.91987158203125,0.10567719489336014,0.1929359883069992,-0.055239830166101456
1790592487874884900,51.929884765625,0.14242349565029144,0.24661307036876678,-0.06960731744766235
1790592487884896800,51.93989672851563,0.15970155596733093,0.22988654673099518,-0.025023337453603745
1790592487894910000,51.949909912109376,0.15740910172462463,0.23208604753017426,0.029197024181485176
1790592487904923000,51.9599228515625,0.15169689059257507,0.2154543399810791,0.020891688764095306
1790592487914935800,51.96993579101562,0.13683858513832092,0.2253200262784958,0.018594447523355484
1790592487924947700,51.97994775390625,0.07764502614736557,0.20089803636074066,0.026353832334280014
1790592487934961000,51.9899609375,0.09474039077758789,0.1939501166343689,0.054697055369615555
1790592487944973800,51.99997387695313,0.0860036239027977,0.16730359196662903,0.09331236034631729
1790592487954986800,52.00998681640625,0.0565384104847908,0.1509624421596527,0.03992956131696701
1790592487964999000,52.0199990234375,0.08520440757274628,0.1900528520345688,0.0018085422925651073
1790592487975011800,52.03001171875,0.08865240216255188,0.16734594106674194,0.04373069107532501
1790592487985025000,52.04002490234375,0.051804110407829285,0.15875963866710663,0.025047551840543747
1790592487995037700,52.05003759765625,0.047118812799453735,0.18409588932991028,-0.08660014718770981
1790592488005049900,52.0600498046875,0.09038957953453064,0.2166929841041565,-0.10200067609548569
1790592488015062800,52.07006274414063,0.10320790857076645,0.16078151762485504,0.04879122972488403
1790592488025076000,52.08007592773438,0.02150905318558216,0.11721965670585632,0.050374213606119156
1790592488035088000,52.090087890625,-0.007252287119626999,0.1572192758321762,0.12636405229568481
1790592488045100800,52.10010083007813,0.0049087717197835445,0.09985371679067612,0.1758842021226883
1790592488055114000,52.110114013671875,0.06626587361097336,0.10643145442008972,0.07897283881902695
1790592488065127000,52.120126953125,0.09354463219642639,0.17651785910129547,-0.10830118507146835
1790592488075139000,52.13013916015625,0.02101263962686062,0.17675967514514923,-0.10385530441999435
1790592488085152000,52.140152099609374,0.0408414751291275,0.14590243995189667,-0.11969578266143799
1790592488095165000,52.1501650390625,0.09672843664884567,0.20320940017700195,-0.04239407181739807
1790592488105177900,52.160177734375,0.05363263562321663,0.1369294375181198,0.13161128759384155
1790592488115190000,52.17018994140625,0.015622668899595737,0.08228031545877457,0.16878874599933624
1790592488125203000,52.180202880859376,0.03364934027194977,0.11572695523500443,0.03849891200661659
1790592488135215900,52.1902158203125,0.06479474157094955,0.16066007316112518,-0.16592933237552643
1790592488145228800,52.20022875976562,0.05899011716246605,0.1579148918390274,-0.09717556089162827
1790592488155241000,52.210240966796874,0.025105120614171028,0.11423185467720032,0.050197914242744446
1790592488165254000,52.22025390625,0.00973708275705576,0.10147984325885773,0.12924718856811523
1790592488175267000,52.23026708984375,0.015330253168940544,0.09261657297611237,0.0029686151538044214
1790592488185280000,52.240280029296876,0.05008344352245331,0.1645464301109314,-0.13865642249584198
1790592488195292000,52.2502919921875,0.06783980131149292,0.14614051580429077,-0.19258570671081543
1790592488205304800,52.260304931640626,0.04341861605644226,0.12527891993522644,-0.04785861447453499
1790592488215318000,52.270318115234375,-0.015130981802940369,0.10345084965229034,0.12970392405986786
1790592488225330000,52.280329833984375,-0.02716713957488537,0.09320753067731857,0.18385344743728638
1790592488235343000,52.290343017578124,-0.0009304751292802393,0.08124034851789474,0.10608062148094177
1790592488245356000,52.30035595703125,0.019772673025727272,0.09782944619655609,-0.05224643647670746
1790592488255369000,52.31036889648438,0.015165138058364391,0.12972132861614227,-0.06561284512281418
1790592488265380900,52.320380859375,0.003935652785003185,0.11679275333881378,-0.019801145419478416
1790592488275394000,52.33039404296875,0.06563017517328262,0.15824244916439056,-0.0287347212433815
1790592488285407000,52.340406982421875,0.04246919974684715,0.1645280420780182,-0.0038685183972120285
1790592488295420000,52.350419921875,-0.018672188743948936,0.15102581679821014,0.03527408838272095
1790592488305432000,52.36043212890625,-0.010065384209156036,0.14074282348155975,0.18827562034130096
1790592488315445000,52.37044506835937,-0.00309066753834486,0.08497931063175201,0.09490282088518143
1790592488325458200,52.38045825195312,0.049205292016267776,0.1488533765077591,-0.06154990196228027
1790592488335470800,52.39047094726563,0.03515152633190155,0.13708992302417755,-0.1670803278684616
1790592488345483000,52.40048291015625,0.02926061488687992,0.17884109914302826,-0.188571497797966
1790592488355496000,52.410495849609376,0.04332663118839264,0.16882282495498657,-0.020523902028799057
1790592488365509000,52.420509033203125,0.026675216853618622,0.14631405472755432,0.11424323171377182
1790592488375521800,52.43052172851562,0.06429129838943481,0.1691000610589981,0.1224239319562912
1790592488385534000,52.440533935546874,0.08733244240283966,0.16820256412029266,0.07426518946886063
1790592488395547000,52.450546875,0.05512470006942749,0.1653284877538681,0.02476900815963745
1790592488405560000,52.46056005859375,0.025609154254198074,0.17405380308628082,0.046522773802280426
1790592488415572000,52.47057202148437,0.01306300237774849,0.12787272036075592,0.16301076114177704
1790592488425585200,52.48058520507813,0.031750135123729706,0.07929878681898117,0.14808028936386108
1790592488435597800,52.490597900390625,0.032234031707048416,0.11368978768587112,-0.07727852463722229
1790592488445611000,52.500611083984374,0.012384695000946522,0.17735159397125244,-0.3050166070461273
1790592488455623000,52.510622802734375,-0.004968462511897087,0.18568435311317444,-0.35670751333236694
1790592488465636000,52.520635986328124,-0.0027215536683797836,0.14454437792301178,-0.1513192057609558
1790592488475648800,52.53064868164063,-0.017456024885177612,0.1103171557188034,0.18685057759284973
1790592488485662000,52.54066186523438,0.0004332269309088588,0.08269006013870239,0.30364805459976196
1790592488495673900,52.550673828125,0.004749944433569908,0.07586038112640381,0.3013119399547577
1790592488505687000,52.56068701171875,-0.08802952617406845,0.08177925646305084,0.0752905085682869
1790592488515700000,52.570699951171875,-0.09200190007686615,0.18088321387767792,-0.07916297763586044
1790592488525713000,52.580712890625,-0.013599767349660397,0.14069850742816925,-0.09402315318584442
1790592488535724800,52.590724853515624,0.04104829579591751,0.15035858750343323,-0.10290053486824036
1790592488545738000,52.60073803710937,0.012218779884278774,0.17914310097694397,-0.04017376899719238
1790592488555751200,52.61075122070312,-0.0791630670428276,0.16504432260990143,0.008457413874566555
1790592488565763000,52.62076318359375,-0.05455412343144417,0.17456112802028656,0.12206573784351349
1790592488575775700,52.63077563476563,0.012834768742322922,0.17122286558151245,0.13774721324443817
1790592488585789000,52.640788818359376,-0.005784721579402685,0.17344659566879272,0.0798378512263298
1790592488595802000,52.650802001953124,-0.034560441970825195,0.16990619897842407,-0.05320115387439728
1790592488605814000,52.66081396484375,-0.035155393183231354,0.20514434576034546,-0.08165623247623444
1790592488615827200,52.6708271484375,-0.06649307906627655,0.18138255178928375,-0.11171559989452362
1790592488625839900,52.68083984375,-0.01869972050189972,0.2161559760570526,0.03817882388830185
1790592488635853000,52.69085302734375,-0.0332014337182045,0.12956009805202484,0.21064433455467224
1790592488645865000,52.70086499023437,-0.03681427612900734,0.1304812878370285,0.07857178896665573
1790592488655878100,52.71087817382813,-0.010503842495381832,0.19106367230415344,0.037437133491039276
1790592488665890800,52.720890869140625,-0.05061078071594238,0.10658980160951614,-0.00020771287381649017
1790592488675904000,52.730904052734374,-0.05904687941074371,0.1374577134847641,0.013227934017777443
1790592488685916000,52.740916015625,-0.08342625200748444,0.08895301073789597,-0.0030780676752328873
1790592488695929000,52.75092919921875,-0.07565940916538239,0.09279089421033859,-0.03318456932902336
1790592488705942000,52.76094189453125,-0.09061705321073532,0.046475600451231,0.03902198374271393
1790592488715955000,52.770954833984376,-0.11935735493898392,-0.0007979072397574782,0.04792679473757744
1790592488725966800,52.780966796875,-0.0941593274474144,0.020805122330784798,0.04625352844595909
1790592488735980000,52.79097998046875,-0.09024953842163086,0.010188697837293148,-0.028644412755966187
1790592488745993000,52.800992919921875,-0.10812440514564514,0.003778468817472458,-0.10393037647008896
1790592488756005000,52.81100512695313,-0.1053837463259697,0.03410042077302933,-0.028446007519960403
1790592488766017800,52.821017822265624,-0.12053234130144119,0.015262285247445107,0.03728267177939415
1790592488776031000,52.83103100585937,-0.1070713922381401,-0.005229140631854534,0.1929476261138916
1790592488786044000,52.8410439453125,-0.1143663227558136,-0.07626497000455856,0.128715381026268
1790592488796056000,52.85105615234375,-0.12518249452114105,-0.003959611989557743,-0.04797523468732834
1790592488806069000,52.86106909179688,-0.14473435282707214,-0.02209440805017948,-0.1419406235218048
1790592488816082000,52.87108203125,-0.1440557837486267,-0.02550831250846386,-0.0533209964632988
1790592488826094800,52.8810947265625,-0.13302390277385712,-0.03160029277205467,0.054705604910850525
1790592488836107000,52.89110693359375,-0.12690556049346924,-0.0475398451089859,0.09509190917015076
1790592488846120000,52.90111987304687,-0.10909326374530792,-0.04483380913734436,-0.018153425306081772
1790592488856132900,52.9111328125,-0.1573880910873413,-0.051064006984233856,-0.029785312712192535
1790592488866144800,52.92114477539062,-0.16655603051185608,-0.09426794201135635,-0.06793615967035294
1790592488876158000,52.93115795898437,-0.13303135335445404,-0.07953346520662308,0.0014650183729827404
1790592488886171000,52.9411708984375,-0.1573587954044342,-0.13755229115486145,0.038522638380527496
1790592488896184000,52.95118408203125,-0.1643727719783783,-0.15661439299583435,0.07576614618301392
1790592488906196000,52.96119604492188,-0.14576393365859985,-0.1417209357023239,-0.06696730107069016
1790592488916209000,52.971208984375,-0.14245575666427612,-0.08509015291929245,-0.18266408145427704
1790592488926222000,52.98122216796875,-0.14006848633289337,-0.12860539555549622,-0.0634591206908226
1790592488936235000,52.99123510742187,-0.15538273751735687,-0.19222591817378998,0.07472405582666397
1790592488946247000,53.00124682617187,-0.14327387511730194,-0.17211852967739105,0.1326960027217865
1790592488956259800,53.011259765625,-0.13460421562194824,-0.22173240780830383,0.05713147670030594
1790592488966273000,53.02127294921875,-0.10641732066869736,-0.21831052005290985,-0.09300556033849716
1790592488976286000,53.031285888671874,-0.1054290235042572,-0.19949741661548615,-0.2020590901374817
1790592488986298000,53.04129809570313,-0.13918298482894897,-0.238267719745636,-0.13629178702831268
1790592488996311000,53.05131103515625,-0.16048961877822876,-0.2768137753009796,-0.01281218882650137
1790592489006324000,53.06132397460937,-0.1792667657136917,-0.2648407220840454,0.19561424851417542
1790592489016336000,53.0713359375,-0.19706706702709198,-0.3230403959751129,0.18955449759960175
1790592489026349000,53.08134912109375,-0.15136376023292542,-0.2265910804271698,0.054232627153396606
1790592489036362000,53.09136206054688,-0.10558108985424042,-0.18939392268657684,-0.08919057995080948
1790592489046375000,53.101375,-0.12756627798080444,-0.1733427792787552,-0.19723130762577057
1790592489056387000,53.11138696289063,-0.11778902262449265,-0.12862324714660645,-0.2414805293083191
1790592489066399700,53.121399658203124,-0.12773752212524414,-0.10026537626981735,-0.16509920358657837
1790592489076413000,53.13141284179687,-0.1798398792743683,-0.1641159951686859,-0.029905688017606735
1790592489086426000,53.14142602539062,-0.18448708951473236,-0.17015017569065094,0.14396889507770538
1790592489096438000,53.15143798828125,-0.1841091811656952,-0.15860138833522797,0.1571052074432373
1790592489106451000,53.16145092773438,-0.11541108042001724,-0.12068197131156921,0.05065866559743881
1790592489116463900,53.1714638671875,-0.005007344763725996,-0.06553909182548523,-0.060837239027023315
1790592489126477000,53.18147705078125,-0.00642894022166729,-0.021017158403992653,-0.13901594281196594
1790592489136489000,53.19148901367188,0.006425605621188879,0.014577054418623447,-0.16271886229515076
1790592489146502100,53.201502197265626,0.02809867635369301,-0.009503780864179134,-0.049459680914878845
1790592489156514800,53.21151489257812,-0.005755160469561815,-0.03308713808655739,0.028817545622587204
1790592489166527000,53.22152685546875,0.006488989107310772,-0.019769201055169106,0.04596377909183502
1790592489176540000,53.23153979492187,0.02865927293896675,-0.021147919818758965,0.07933584600687027
1790592489186553000,53.24155297851563,0.014220411889255047,-0.013996266759932041,0.03512710705399513
1790592489196565800,53.251565673828125,0.08216270804405212,0.056650470942258835,0.008315733633935452
1790592489206578000,53.26157788085938,0.10923907160758972,0.046413812786340714,-0.0352700911462307
1790592489216590800,53.2715908203125,0.09881279617547989,0.09381807595491409,-0.09950100630521774
1790592489226604000,53.28160400390625,0.08845549076795578,0.09311659634113312,-0.1247086301445961
1790592489236617000,53.29161694335937,0.11642534285783768,0.1007007509469986,-0.06819528341293335
1790592489246629000,53.301629150390625,0.07422702014446259,0.08919642865657806,0.11055102944374084
1790592489256641800,53.31164184570312,0.060695234686136246,0.05350101739168167,0.1581033617258072
1790592489266655000,53.32165502929688,0.0910978838801384,0.08144210278987885,0.19658496975898743
1790592489276667000,53.3316669921875,0.051671646535396576,0.10079263150691986,-0.014203955419361591
1790592489286680000,53.34168017578125,0.05255608260631561,0.19238433241844177,-0.16217344999313354
1790592489296692700,53.351692626953124,0.10128314048051834,0.1787116676568985,-0.17733483016490936
1790592489306706000,53.36170581054687,0.09943091124296188,0.1916722059249878,-0.02259717509150505
1790592489316717800,53.3717177734375,0.03723496198654175,0.11457086354494095,0.05349428951740265
1790592489326731000,53.38173095703125,0.04482390731573105,0.13912174105644226,0.060692280530929565
1790592489336744000,53.39174389648438,0.057741302996873856,0.14790591597557068,0.0021836962550878525
1790592489346756900,53.4017568359375,0.043118420988321304,0.1575058102607727,-0.054842837154865265
1790592489356768800,53.41176879882813,0.04111199453473091,0.13825994729995728,-0.04965420067310333
1790592489366782000,53.42178198242188,0.01912599988281727,0.14853495359420776,0.047391653060913086
1790592489376795000,53.431794921875,0.04358713701367378,0.12667998671531677,0.045586034655570984
1790592489386807000,53.44180712890625,0.03859584033489227,0.15369988977909088,0.011922876350581646
1790592489396819700,53.45181982421875,0.009770846925675869,0.13247156143188477,-0.0805620476603508
1790592489406833000,53.4618330078125,0.050043437629938126,0.1419934332370758,-0.09472021460533142
1790592489416846000,53.47184619140625,0.016406113281846046,0.02973666414618492,0.04024506360292435
1790592489426858000,53.48185791015625,-0.06637772172689438,0.004654482007026672,0.029452867805957794
1790592489436871000,53.49187084960938,-0.025603123009204865,0.019958602264523506,0.07250020653009415
1790592489446883800,53.5018837890625,0.007144438102841377,-0.03493393957614899,0.054735586047172546
1790592489456897000,53.51189697265625,-0.01037596631795168,-0.0012007439509034157,-0.09486748278141022
1790592489466909000,53.521908935546875,-0.07435201853513718,-0.010011546313762665,-0.06817302107810974
1790592489476922000,53.531922119140624,-0.06106683984398842,-0.04860181361436844,0.01974005252122879
1790592489486934800,53.54193481445313,-0.0030991449020802975,-0.0814090296626091,0.16609060764312744
1790592489496946700,53.55194677734375,-0.04716700315475464,-0.14407853782176971,0.0848303735256195
1790592489506960000,53.5619599609375,-0.11121229827404022,-0.1187172532081604,0.021378429606556892
1790592489516973000,53.57197314453125,-0.12193764746189117,-0.16682618856430054,-0.17204830050468445
1790592489526986000,53.581986083984376,-0.06893754750490189,-0.15074682235717773,-0.1494511067867279
1790592489536998100,53.591998046875,-0.13069865107536316,-0.23630912601947784,0.002581306267529726
1790592489547010800,53.6020107421875,-0.15150539577007294,-0.2071528434753418,0.08720564842224121
1790592489557024000,53.61202392578125,-0.1285923570394516,-0.24871519207954407,0.18101362884044647
1790592489567037000,53.62203686523438,-0.127888485789299,-0.25485673546791077,0.038177914917469025
1790592489577049000,53.63204907226562,-0.12059355527162552,-0.16791915893554688,-0.06662838906049728
1790592489587061800,53.64206176757813,-0.11680946499109268,-0.2346276044845581,-0.09884278476238251
1790592489597075000,53.652074951171876,-0.10801117867231369,-0.23528115451335907,-0.059348635375499725
1790592489607086800,53.6620869140625,-0.16024482250213623,-0.253650039434433,-0.03291330486536026
1790592489617100000,53.67210009765625,-0.15127982199192047,-0.23446595668792725,0.0523533895611763
1790592489627113000,53.682113037109374,-0.11482727527618408,-0.27970507740974426,0.07129272818565369
1790592489637126000,53.6921259765625,-0.13849133253097534,-0.25674837827682495,-0.029946008697152138
1790592489647137800,53.7021376953125,-0.13688038289546967,-0.2646273374557495,-0.08973850309848785
1790592489657151000,53.71215087890625,-0.07439756393432617,-0.25378215312957764,-0.09962974488735199
1790592489667164000,53.72216381835938,-0.06558196246623993,-0.2552729845046997,-0.03549817204475403
1790592489677176800,53.7321767578125,-0.0943523645401001,-0.2935985326766968,0.09966790676116943
1790592489687188700,53.742188720703126,-0.09350015223026276,-0.3067875802516937,0.12305072695016861
1790592489697202000,53.752201904296875,-0.07559332251548767,-0.31076952815055847,0.04878421872854233
1790592489707214800,53.76221484375,-0.08704810589551926,-0.32044345140457153,-0.0876535102725029
1790592489717227000,53.77222705078125,-0.06810051947832108,-0.27931147813796997,-0.09889444708824158
1790592489727240000,53.78223999023437,-0.09251025319099426,-0.30776283144950867,-0.12626829743385315
1790592489737252900,53.7922529296875,-0.056474484503269196,-0.29718607664108276,-0.0994981899857521
1790592489747265800,53.802265869140626,-0.020303165540099144,-0.29965269565582275,-0.025496402755379677
1790592489757278000,53.81227783203125,-0.057851336896419525,-0.31855660676956177,0.09876536577939987
1790592489767291000,53.822290771484376,-0.06649303436279297,-0.3171747028827667,0.11765090376138687
1790592489777303800,53.8323037109375,-0.05916880443692207,-0.30833274126052856,0.16447140276432037
1790592489787317000,53.84231689453125,-0.0941329151391983,-0.3224152624607086,-0.004746381193399429
1790592489797329000,53.852328857421874,-0.11284002661705017,-0.209549680352211,-0.19083556532859802
1790592489807341800,53.862341796875,-0.07862453162670135,-0.179490327835083,-0.22544467449188232
1790592489817355000,53.87235498046875,-0.005257636774331331,-0.16228710114955902,-0.14277349412441254
1790592489827367000,53.88236694335937,0.04397702217102051,-0.1637859344482422,0.12879037857055664
1790592489837379800,53.8923798828125,-0.025115763768553734,-0.2139098197221756,0.23964151740074158
1790592489847393000,53.90239306640625,-0.051228854805231094,-0.14465324580669403,0.09322705864906311
1790592489857406000,53.912406005859374,-0.058159999549388885,-0.07973629981279373,-0.1245015487074852
1790592489867417900,53.92241796875,-0.0353204645216465,-0.05728132277727127,-0.12583260238170624
1790592489877431000,53.93243115234375,0.0020623276941478252,-0.06308355182409286,-0.01577053591609001
1790592489887444000,53.94244384765625,0.01344307977706194,-0.03673796355724335,0.10927286744117737
1790592489897457000,53.95245678710938,0.033313460648059845,-0.049240175634622574,0.14687642455101013
1790592489907469000,53.96246899414062,0.08364187180995941,0.027130229398608208,-0.03781165927648544
1790592489917482000,53.97248193359375,0.045096881687641144,0.05218897759914398,0.0086666289716959
1790592489927495000,53.982494873046875,-0.016813892871141434,-0.0029080964159220457,-0.07374728471040726
1790592489937506800,53.9925068359375,0.031272679567337036,0.10302552580833435,-0.004433194175362587
1790592489947520000,54.00252001953125,0.053222186863422394,0.045108966529369354,0.0445236936211586
1790592489957533000,54.01253295898437,0.09495338052511215,0.02947860397398472,0.028391597792506218
1790592489967546000,54.02254614257812,0.10723987966775894,0.059678588062524796,0.06031864136457443
1790592489977558000,54.03255810546875,0.02797515131533146,0.017621146515011787,0.03995690494775772
1790592489987571000,54.04257104492188,0.059493664652109146,0.03899594396352768,0.01155429519712925
1790592489997584000,54.052583984375,0.09798672050237656,0.07446472346782684,-0.03556128591299057
1790592490007597000,54.06259716796875,0.08857404440641403,0.035416122525930405,0.014612669125199318
1790592490017609000,54.07260888671875,0.041424646973609924,-0.01275140605866909,-0.02845330722630024
1790592490027622000,54.082621826171874,0.045234035700559616,0.04541895538568497,-0.049609728157520294
1790592490037634800,54.092634765625,0.029529372230172157,-0.01542761642485857,0.1059337928891182
1790592490047646500,54.102646484375,0.02756395936012268,-0.08261197805404663,0.12541481852531433
1790592490057659400,54.11265942382813,0.03235738351941109,-0.016206059604883194,0.08694572001695633
1790592490067672600,54.122672607421876,-0.006357788573950529,-0.0939735546708107,0.0800878182053566
1790592490077685200,54.13268530273437,0.024510111659765244,-0.10419823229312897,-0.017485879361629486
1790592490087697400,54.142697509765625,0.03466980531811714,-0.03634168580174446,-0.12892240285873413
1790592490097710300,54.15271044921875,-0.044740594923496246,-0.07605687528848648,-0.10603891313076019
1790592490107723500,54.1627236328125,-0.041366104036569595,-0.1180780902504921,-0.04432574659585953
1790592490117736400,54.172736328125,-0.03362802416086197,-0.10572155565023422,0.08299145847558975
1790592490127748600,54.18274853515625,-0.0685758888721466,-0.1634194701910019,0.15359105169773102
1790592490137761300,54.19276123046875,-0.052797190845012665,-0.12044697254896164,0.19803309440612793
1790592490147774500,54.2027744140625,-0.0581836998462677,-0.1132654920220375,0.05807625502347946
1790592490157786400,54.212786376953126,0.018086034804582596,-0.039377957582473755,-0.29093632102012634
1790592490167799600,54.222799560546875,0.043057698756456375,0.025890527293086052,-0.33362066745758057
1790592490177812200,54.23281225585937,-0.03814554587006569,-0.005188295152038336,-0.2250923365354538
1790592490187825400,54.24282543945313,-0.039686717092990875,-0.04241209477186203,0.06872783601284027
1790592490197837300,54.25283740234375,-0.06102875620126724,-0.09457623213529587,0.3482087552547455
1790592490207850500,54.2628505859375,-0.03003488853573799,-0.11801151186227798,0.29072895646095276
1790592490217863400,54.272863525390626,0.03797665238380432,-0.06927220523357391,0.05745147913694382
1790592490227875600,54.28287548828125,0.03260505944490433,-0.040944959968328476,-0.17265309393405914
1790592490237888300,54.29288818359375,0.06746849417686462,0.02779948152601719,-0.3445611894130707
1790592490247901400,54.3029013671875,0.08204717189073563,0.028421329334378242,-0.14968040585517883
1790592490257914600,54.31291455078125,0.024942342191934586,-0.04248267039656639,0.15223364531993866
1790592490267926500,54.322926513671874,0.03274407610297203,-0.0710730329155922,0.12167680263519287
1790592490277939200,54.33293920898438,0.08254438638687134,-0.0005839558434672654,0.1856430023908615
1790592490287952400,54.34295239257813,0.06282047927379608,-0.11711429804563522,0.0666620209813118
1790592490297965600,54.352965576171876,0.0468716137111187,-0.027747133746743202,-0.0879049152135849
1790592490307977500,54.3629775390625,0.007794249337166548,-0.0372956320643425,-0.1057819202542305
1790592490317990700,54.37299072265625,-0.03442249447107315,-0.09046763926744461,0.0552513524889946
1790592490328003300,54.38300341796875,-0.014422687701880932,-0.05646840110421181,0.11092953383922577
1790592490338015200,54.39301513671875,0.017676128074526787,-0.01658942736685276,0.034158848226070404
1790592490348028400,54.4030283203125,0.03453660011291504,0.005651962943375111,-0.04402916133403778
1790592490358041600,54.41304150390625,-0.02718774974346161,0.01898081786930561,-0.12912380695343018
1790592490368054300,54.42305419921875,0.008886896073818207,0.0532972477376461,-0.04012203961610794
1790592490378066400,54.43306640625,0.027491474524140358,-0.013437575660645962,0.05485214293003082
1790592490388079400,54.443079345703126,0.01618209294974804,0.022078873589634895,0.05858189985156059
1790592490398092500,54.453092529296875,-0.0012142069172114134,0.022874625399708748,0.01621420308947563
1790592490408104400,54.4631044921875,-0.036249157041311264,-0.017153751105070114,-0.05142982304096222
1790592490418117600,54.47311767578125,-0.03367281332612038,0.018028471618890762,-0.09643324464559555
1790592490428130300,54.48313037109375,0.015206577256321907,0.04447738826274872,-0.10071161389350891
1790592490438143500,54.4931435546875,0.05228497087955475,0.027444610372185707,0.0318584106862545
1790592490448155400,54.5031552734375,-0.0005691893748007715,-0.0006165854865685105,0.11651071906089783
1790592490458168600,54.51316845703125,-0.00023096794029697776,0.04090369492769241,0.10949142277240753
1790592490468181200,54.52318115234375,0.04391305893659592,0.03883734717965126,0.04983022063970566
1790592490478194400,54.5331943359375,0.055093806236982346,0.07888543605804443,-0.06519223749637604
1790592490488206300,54.543206298828125,0.07291620969772339,0.11462079733610153,-0.16250920295715332
1790592490498219500,54.55321948242187,0.05932264029979706,0.07820100337266922,-0.13075952231884003
1790592490508232400,54.563232421875,0.032840434461832047,0.04485395923256874,-0.008058112114667892
1790592490518244600,54.57324462890625,0.011118891648948193,-0.007882754318416119,0.1167067289352417
1790592490528257300,54.58325732421875,0.029697636142373085,-0.028933178633451462,0.08099479973316193
1790592490538270500,54.5932705078125,0.07125413417816162,-0.0113493911921978,0.004272855818271637
1790592490548283400,54.603283447265625,0.06329101324081421,-0.011432481929659843,0.004588706884533167
1790592490558295600,54.61329565429688,0.014181792736053467,-0.04100661724805832,-0.02140454389154911
1790592490568308500,54.62330859375,0.020656205713748932,-0.0039007957093417645,-0.030405230820178986
1790592490578321400,54.6333212890625,0.05294916406273842,-0.004446743987500668,-0.020513184368610382
1790592490588333300,54.64333325195312,0.05544028431177139,0.01004031952470541,-0.05461975559592247
1790592490598346500,54.65334643554687,0.06303828209638596,0.035847682505846024,-0.04078809544444084
1790592490608359400,54.663359375,0.046481676399707794,0.0046167923137545586,-0.0005938047543168068
1790592490618372400,54.673372314453125,0.05127589777112007,-0.00698819849640131,0.08792594075202942
1790592490628384300,54.68338427734375,0.034815166145563126,-0.020964467898011208,0.14064428210258484
1790592490638397400,54.6933974609375,0.012441417202353477,-0.022084061056375504,0.027298545464873314
1790592490648410400,54.703410400390624,0.0437609925866127,0.01921011693775654,-0.08515582233667374
1790592490658423300,54.71342333984375,0.05014192685484886,0.009545770473778248,-0.05243729427456856
1790592490668435500,54.723435546875,0.014664623886346817,-0.03036569245159626,0.020767144858837128
1790592490678448400,54.73344848632812,0.009924463927745819,-0.015456518158316612,0.004327717237174511
1790592490688461600,54.74346166992188,0.023622168228030205,0.010599583387374878,0.03650349751114845
1790592490698473500,54.75347338867188,0.03990526497364044,-0.00875973328948021,0.03737248480319977
1790592490708486400,54.763486328125,0.06349793821573257,0.005700964946299791,-0.04876639321446419
1790592490718499300,54.773499267578124,0.02587253786623478,0.005388842895627022,-0.040873583406209946
1790592490728512500,54.78351245117187,0.025898903608322144,-0.00894615426659584,0.014452522620558739
1790592490738524400,54.7935244140625,0.030374612659215927,-0.04575689882040024,0.13696005940437317
1790592490748537600,54.80353759765625,-0.008111794479191303,-0.0672488734126091,0.09419289231300354
1790592490758550500,54.81355053710938,-0.011054587550461292,-0.010448976419866085,0.08752007782459259
1790592490768562400,54.8235625,-0.008267323486506939,-0.05655495077371597,0.05074528232216835
1790592490778575400,54.83357543945313,0.03057035431265831,0.010388661175966263,-0.1392315775156021
1790592490788588500,54.84358862304688,0.0699949860572815,0.06060682609677315,-0.27226659655570984
1790592490798601500,54.8536015625,0.037587251514196396,0.029899511486291885,-0.12152022123336792
1790592490808613600,54.863613525390626,-0.03303099051117897,-0.006682999897748232,0.08089146763086319
1790592490818626300,54.87362622070312,-0.025798911228775978,-0.02669319324195385,0.178477942943573
1790592490828639500,54.88363940429687,-0.01206765417009592,-0.022325342521071434,0.2135227471590042
1790592490838651400,54.8936513671875,0.0033962575253099203,-0.021069129928946495,0.06756287813186646
1790592490848664600,54.90366455078125,0.010958835482597351,0.029613755643367767,-0.052298013120889664
1790592490858677500,54.91367749023438,-0.020783912390470505,-0.0012799788964912295,-0.05333824083209038
1790592490868690400,54.9236904296875,0.009753755293786526,0.025502633303403854,-0.020967785269021988
1790592490878702300,54.93370239257813,0.030066218227148056,0.0012835798552259803,0.02258714847266674
1790592490888715500,54.943715576171876,0.0001573209883645177,-0.0465041808784008,-0.05154407024383545
1790592490898728400,54.953728515625,-0.03773067146539688,-0.012660997919738293,-0.02675962820649147
1790592490908741400,54.96374145507812,-0.03223763778805733,-0.043578699231147766,0.12047775834798813
1790592490918753300,54.97375317382812,0.0428541861474514,-0.10556057095527649,0.14687581360340118
1790592490928766500,54.98376635742188,0.07143868505954742,-0.051390551030635834,0.023458002135157585
1790592490938779400,54.993779296875,-0.027405597269535065,-0.05377860739827156,-0.1765400618314743
1790592490948791600,55.00379150390625,-0.013021598570048809,-0.043630897998809814,-0.20526358485221863
1790592490958804500,55.013804443359376,0.002168540144339204,-0.08841540664434433,-0.10435508191585541
1790592490968817400,55.0238173828125,-0.03211513161659241,-0.1265833079814911,0.012784851714968681
1790592490978830300,55.03383032226562,-0.021193772554397583,-0.1799679696559906,0.12402695417404175
1790592490988842500,55.043842529296874,-0.05603218078613281,-0.2097972333431244,0.0918961837887764
1790592490998855400,55.05385546875,-0.03201206773519516,-0.15671031177043915,-0.04591334983706474
1790592491008868400,55.06386840820313,-0.020791104063391685,-0.16375277936458588,-0.0804031491279602
1790592491018880300,55.07388037109375,-0.020725855603814125,-0.1570514589548111,-0.10199020057916641
1790592491028893400,55.0838935546875,-0.03473195433616638,-0.16674695909023285,-0.06651902198791504
1790592491038906400,55.09390625,-0.07528577744960785,-0.18967464566230774,-0.06268859654664993
1790592491048921000,55.10392114257812,-0.05326169356703758,-0.19444091618061066,0.044399503618478775
1790592491058933000,55.11393310546875,-0.00926148146390915,-0.23402799665927887,0.16954410076141357
1790592491068946200,55.1239462890625,-0.05546146631240845,-0.28197982907295227,0.1202750951051712
1790592491078959000,55.133958984375,-0.09310179203748703,-0.22085334360599518,0.0012810607440769672
1790592491088971300,55.14397119140625,-0.08675041794776917,-0.19204726815223694,-0.17672595381736755
1790592491098984000,55.15398388671875,-0.053282201290130615,-0.17294228076934814,-0.16314063966274261
1790592491108997000,55.1639970703125,-0.07360798120498657,-0.19057533144950867,-0.00748499995097518
1790592491119010000,55.174010009765624,-0.04917054623365402,-0.15712176263332367,0.09891174733638763
1790592491129022200,55.184022216796876,0.0442906953394413,-0.16500845551490784,0.11949186027050018
1790592491139035000,55.19403491210937,0.04157373681664467,-0.15110595524311066,-0.00210035452619195
1790592491149048000,55.20404809570312,-0.029046369716525078,-0.10403351485729218,-0.08581708371639252
1790592491159060000,55.21406005859375,-0.04446500912308693,-0.09467863291501999,-0.04468909278512001
1790592491169073200,55.2240732421875,-0.010744862258434296,-0.11909954994916916,0.10856784135103226
1790592491179086000,55.23408618164063,-0.009892649948596954,-0.13029707968235016,0.1312481164932251
1790592491189099000,55.24409912109375,0.04520761966705322,-0.09394440054893494,0.007847084663808346
1790592491199111000,55.25411083984375,0.07414153218269348,-0.07670389115810394,-0.1814277619123459
1790592491209124000,55.2641240234375,0.06433869898319244,-0.021421199664473534,-0.19943766295909882
1790592491219137000,55.27413696289062,0.020738497376441956,-0.06531994789838791,-0.10039416700601578
1790592491229149200,55.284149169921875,0.02269751764833927,-0.058494266122579575,0.12406743317842484
1790592491239161900,55.29416186523437,0.026321014389395714,-0.09584269672632217,0.2575780749320984
1790592491249175000,55.30417504882813,0.05385037884116173,-0.10190938413143158,0.18450520932674408
1790592491259188000,55.31418798828125,0.061960235238075256,-0.06409169733524323,0.040964290499687195
1790592491269200100,55.3242001953125,0.06359008699655533,-0.034426480531692505,-0.15481878817081451
1790592491279213000,55.334213134765626,0.09074500948190689,-0.01282611396163702,-0.21949659287929535
1790592491289226000,55.34422607421875,0.05165433511137962,-0.017757488414645195,-0.14547428488731384
1790592491299239200,55.3542392578125,0.02533351443707943,-0.022167418152093887,-0.0363701768219471
1790592491309251000,55.3642509765625,0.022650912404060364,-0.012482299469411373,0.015734301880002022
1790592491319264000,55.37426391601562,0.02590748853981495,0.004176648799329996,0.16250133514404297
1790592491329277000,55.38427685546875,0.0118001913651824,-0.0022423684131354094,0.08771258592605591
1790592491339288800,55.39428881835938,0.03193635120987892,0.07098444551229477,0.07580692321062088
1790592491349302000,55.40430200195313,0.007877888157963753,0.03175927698612213,0.007478197570890188
1790592491359315200,55.414315185546876,0.019187534227967262,0.06343118101358414,-0.04792727157473564
1790592491369328000,55.424328125,0.01954066939651966,0.058914728462696075,-0.03920008987188339
1790592491379340300,55.43434033203125,0.0465397983789444,0.07489848881959915,-0.032727811485528946
1790592491389353000,55.44435302734375,0.07862555980682373,0.10376715660095215,0.09718997776508331
1790592491399366100,55.4543662109375,0.0808975026011467,0.1077890619635582,0.07325667887926102
1790592491409378000,55.4643779296875,0.10776133835315704,0.19123601913452148,0.05351706221699715
1790592491419391200,55.47439111328125,0.12821096181869507,0.185091033577919,0.00646433187648654
1790592491429404000,55.48440380859375,0.17063724994659424,0.21892410516738892,-0.03401784598827362
1790592491439417000,55.4944169921875,0.15839309990406036,0.18890762329101562,-0.021055709570646286
1790592491449429000,55.504428955078126,0.10074736922979355,0.167979434132576,-0.00077067781239748
1790592491459442200,55.514442138671875,0.09703412652015686,0.18961654603481293,0.042607422918081284
1790592491469455000,55.524455078125,0.0729527547955513,0.16514237225055695,0.06960175931453705
1790592491479467300,55.53446728515625,0.11193984001874924,0.21316981315612793,-0.037899669259786606
1790592491489480000,55.54447998046875,0.13782896101474762,0.23150940239429474,-0.00045349495485424995
1790592491499493000,55.5544931640625,0.05328425392508507,0.1737435758113861,0.033643487840890884
1790592491509506000,55.564506103515626,0.04830840229988098,0.18050535023212433,0.13994036614894867
1790592491519518200,55.57451831054688,0.08942627161741257,0.14961028099060059,0.0898473709821701
1790592491529531000,55.58453076171875,0.0842437595129013,0.1569848358631134,0.038640111684799194
1790592491539544000,55.5945439453125,0.02969690039753914,0.13209226727485657,0.04554462432861328
1790592491549556000,55.604555908203125,-0.008065658621490002,0.10543189942836761,-0.1564662605524063
1790592491559569200,55.614569091796874,0.0303118247538805,0.17400775849819183,-0.16695299744606018
1790592491569582000,55.62458203125,0.03332013264298439,0.10742474347352982,-0.13819724321365356
1790592491579595000,55.63459497070313,0.030710499733686447,0.053445130586624146,0.06721130013465881
1790592491589607000,55.64460693359375,-0.021457096561789513,0.010737878270447254,0.09344690293073654
1790592491599620000,55.6546201171875,-0.03186499699950218,0.024739712476730347,0.18533900380134583
1790592491609633000,55.664633056640625,0.010987660847604275,-0.030517416074872017,0.09174247831106186
1790592491619645200,55.67464526367188,-0.010302980430424213,0.0020889968145638704,0.006855284329503775
1790592491629657900,55.684657958984374,-0.058768514543771744,-0.030672678723931313,-0.06837475299835205
1790592491639671000,55.69467114257812,-0.03616973012685776,-0.01927861012518406,-0.06357573717832565
1790592491649684000,55.70468408203125,-0.02812165766954422,-0.0664205551147461,0.08543132245540619
1790592491659696000,55.71469604492187,-0.058057986199855804,-0.13999010622501373,0.04444367438554764
1790592491669709000,55.724708984375,-0.07713314890861511,-0.08102346211671829,-0.1514539271593094
1790592491679722000,55.734721923828126,-0.0705876275897026,-0.07125578820705414,-0.1455126851797104
1790592491689734000,55.74473388671875,-0.054515182971954346,-0.10265126079320908,-0.05973333120346069
1790592491699747000,55.7547470703125,0.002013607183471322,-0.1041032150387764,0.11455138772726059
1790592491709760000,55.764760009765624,-0.022478951141238213,-0.12952682375907898,0.20867042243480682
1790592491719773000,55.77477294921875,-0.09033949673175812,-0.12365694344043732,0.1267625093460083
1790592491729785000,55.78478515625,-0.11121068894863129,-0.08655937761068344,-0.09281032532453537
1790592491739798000,55.79479809570312,-0.05942472070455551,-0.052043478935956955,-0.20603221654891968
1790592491749811200,55.80481127929688,-0.030982956290245056,-0.08362644165754318,-0.10547231882810593
1790592491759823000,55.81482299804688,-0.054498136043548584,-0.11405251920223236,0.0374789722263813
1790592491769836000,55.8248359375,-0.04853132367134094,-0.12048672139644623,0.030885253101587296
1790592491779849000,55.834848876953124,-0.020794767886400223,-0.0707750916481018,-0.01338074542582035
1790592491789862100,55.84486206054687,-0.00011159532004967332,-0.03035815991461277,-0.07466673851013184
1790592491799874000,55.8548740234375,-0.02624492719769478,-0.05022960156202316,-0.05175503343343735
1790592491809887200,55.86488720703125,-0.024054476991295815,-0.041637711226940155,-0.052409637719392776
1790592491819900200,55.87490014648437,0.0008857585489749908,-0.005687433760613203,-0.041381753981113434
1790592491829912000,55.884912109375,0.02350824698805809,-0.015927022323012352,0.07503620535135269
1790592491839925000,55.89492504882813,0.023727692663669586,-0.03625599294900894,0.15495499968528748
1790592491849938200,55.90493823242188,0.03158348426222801,0.02422625571489334,0.06174410134553909
1790592491859951000,55.914951171875,0.021787844598293304,0.033045049756765366,0.004710640758275986
1790592491869963300,55.92496337890625,0.019248520955443382,0.04498506709933281,-0.08000025153160095
1790592491879976000,55.93497583007812,0.02429521083831787,0.08899566531181335,-0.06806875765323639
1790592491889989000,55.94498901367187,0.0387447252869606,0.07899762690067291,0.010971466079354286
1790592491900001000,55.9550009765625,0.06086387485265732,0.08366934210062027,0.05377192795276642
1790592491910014200,55.96501416015625,0.047672439366579056,0.12510307133197784,-0.04479113221168518
1790592491920027100,55.97502709960938,0.045683588832616806,0.16709072887897491,-0.09138819575309753
1790592491930040000,55.9850400390625,0.08015447854995728,0.17519553005695343,-0.02198568545281887
1790592491940052000,55.99505200195313,0.10392585396766663,0.15084251761436462,0.10647588223218918
1790592491950065200,56.005065185546876,0.0650935024023056,0.13579405844211578,0.05890011042356491
1790592491960078000,56.015078125,0.05947796627879143,0.17897376418113708,0.014592032879590988
1790592491970090200,56.02509033203125,0.08742144703865051,0.16496020555496216,-0.06736834347248077
1790592491980103000,56.03510302734375,0.09531505405902863,0.1876002699136734,-0.01650250144302845
1790592491990116000,56.0451162109375,0.055907733738422394,0.142671138048172,0.11820285022258759
1790592492000129000,56.05512890625,0.030503040179610252,0.1429222822189331,0.047481272369623184
1790592492010141200,56.06514111328125,0.08002877980470657,0.17598196864128113,-0.020202698186039925
1790592492020154000,56.075154052734376,0.06638513505458832,0.11742890626192093,-0.05250764265656471
1790592492030167000,56.0851669921875,0.06703228503465652,0.14370791614055634,-0.038488760590553284
1790592492040179000,56.095178955078126,0.08122267574071884,0.12779127061367035,0.1027703657746315
1790592492050191000,56.10519116210938,0.06929091364145279,0.08763479441404343,0.020531948655843735
1790592492060204000,56.1152041015625,0.07577517628669739,0.15296879410743713,0.004285866394639015
1790592492070217200,56.12521728515625,0.04144011065363884,0.09288787841796875,-0.06821522861719131
1790592492080229000,56.13522900390625,0.026615889742970467,0.09437897801399231,0.00834505632519722
1790592492090242000,56.14524194335937,0.003302044700831175,0.06566797196865082,0.09087348729372025
1790592492100255000,56.1552548828125,0.029540840536355972,0.07331816852092743,0.12135177105665207
1790592492110267100,56.16526708984375,0.025451023131608963,0.0759432464838028,0.001691148616373539
1790592492120280000,56.17528002929687,0.0263341274112463,0.14129668474197388,-0.13794264197349548
1790592492130293200,56.18529321289063,0.020273571833968163,0.08589734137058258,-0.05484429746866226
1790592492140306000,56.195305908203125,-0.016227712854743004,0.04277117922902107,0.03366346284747124
1790592492150318000,56.20531811523438,-0.012804487720131874,0.045971766114234924,0.10740532726049423
1790592492160331000,56.2153310546875,-0.011103526689112186,0.004167860373854637,0.14822466671466827
1790592492170344200,56.22534423828125,-0.014087598770856857,-0.006203554105013609,0.022408410906791687
1790592492180356000,56.235356201171875,-0.028995707631111145,0.0867689996957779,-0.13114891946315765
1790592492190369000,56.245369140625,-0.040184978395700455,0.08064346015453339,-0.09446174651384354
1790592492200382000,56.2553818359375,-0.018095921725034714,0.036241110414266586,0.050689052790403366
1790592492210394000,56.26539404296875,-0.021422741934657097,0.05743055045604706,0.021873382851481438
1790592492220407000,56.27540698242188,-0.04621890187263489,0.046571776270866394,0.05084271728992462
1790592492230420200,56.285420166015626,-0.03438061848282814,0.01465645432472229,0.019212085753679276
1790592492240433000,56.29543286132812,-0.0275898240506649,0.041093919426202774,-0.012845449149608612
1790592492250445000,56.305445068359376,-0.06852874159812927,0.008416667580604553,-0.06499174237251282
1790592492260458000,56.3154580078125,-0.03650262579321861,0.036895979195833206,-0.0934486836194992
1790592492270471200,56.32547119140625,-0.013301965780556202,0.02897893264889717,0.02640075609087944
1790592492280483000,56.335483154296874,-0.05985055863857269,-0.026953041553497314,0.01827411912381649
1790592492290496000,56.34549609375,-0.05975255370140076,0.009923484176397324,-0.0072450884617865086
1790592492300509000,56.35550903320313,-0.045659370720386505,-0.003220014739781618,0.03576602786779404
1790592492310522000,56.365522216796876,-0.01970393769443035,-0.06194670870900154,0.08187626302242279
1790592492320534000,56.375533935546876,-0.03790243715047836,-0.06860246509313583,0.04875410348176956
1790592492330547200,56.385547119140625,-0.07344978302717209,-0.050836242735385895,-0.06203073263168335
1790592492340560100,56.39556005859375,-0.06453617662191391,-0.055103693157434464,-0.1196567490696907
1790592492350572000,56.405572021484375,-0.07324551790952682,-0.08589436858892441,-0.1541135311126709
1790592492360585200,56.41558520507812,-0.09713966399431229,-0.08290629833936691,-0.04880387708544731
1790592492370598100,56.42559814453125,-0.08318842947483063,-0.135885089635849,0.10689596831798553
1790592492380611000,56.43561108398438,-0.02440394088625908,-0.16646696627140045,0.20316603779792786
1790592492390623000,56.445623046875,-0.06583233922719955,-0.16557426750659943,0.09418310225009918
1790592492400636200,56.45563623046875,-0.109489805996418,-0.1311555802822113,-0.034192975610494614
1790592492410649000,56.465649169921875,-0.09996767342090607,-0.160578191280365,-0.025907883420586586
1790592492420661200,56.4756611328125,-0.09171080589294434,-0.1836422234773636,0.03322174772620201
1790592492430674200,56.485674072265624,-0.08237190544605255,-0.2232586145401001,-0.05557256564497948
1790592492440687000,56.49568701171875,-0.09210202842950821,-0.19288206100463867,-0.11629929393529892
1790592492450700000,56.50569995117188,-0.11535169184207916,-0.21939755976200104,-0.16532543301582336
1790592492460712200,56.51571215820312,-0.09226208180189133,-0.22103780508041382,-0.08751612156629562
1790592492470725000,56.52572509765625,-0.0675617977976799,-0.24511437118053436,0.10709837079048157
1790592492480738000,56.535738037109375,-0.07697447389364243,-0.24051962792873383,0.18882544338703156
1790592492490750000,56.54575,-0.07247079908847809,-0.25521308183670044,0.17524199187755585
1790592492500763100,56.55576318359375,-0.10371820628643036,-0.2595372796058655,0.023576578125357628
1790592492510776000,56.565776123046874,-0.05068294703960419,-0.152865931391716,-0.2920788526535034
1790592492520788200,56.575788330078126,0.01340495701879263,-0.13481636345386505,-0.37897539138793945
1790592492530801200,56.58580126953125,-0.024801816791296005,-0.20562981069087982,-0.14415091276168823
1790592492540814000,56.59581396484375,-0.11496180295944214,-0.22234433889389038,0.028081847354769707
1790592492550827000,56.605826904296876,-0.09074115008115768,-0.2185775637626648,0.2446700781583786
1790592492560839200,56.61583911132813,-0.020169515162706375,-0.2562834322452545,0.20507419109344482
1790592492570852000,56.62585205078125,0.02199631556868553,-0.16534523665905,0.04702358320355415
1790592492580865000,56.635864990234374,-0.04697795957326889,-0.17431050539016724,-0.1599426567554474
1790592492590877200,56.64587719726563,-0.06554791331291199,-0.10370372235774994,-0.2049572616815567
1790592492600890000,56.65589013671875,-0.023945078253746033,-0.11901157349348068,-0.04628000035881996
1790592492610903000,56.66590307617187,-0.010199437849223614,-0.1409458965063095,0.0306914784014225
1790592492620916200,56.67591625976563,-0.01408312562853098,-0.13918741047382355,0.12328639626502991
1790592492630928100,56.68592822265625,-0.07334298640489578,-0.1420827955007553,0.04602036997675896
1790592492640941000,56.69594116210938,-0.022568490356206894,-0.10631442070007324,-0.010741714388132095
1790592492650954000,56.7059541015625,-0.015245063230395317,-0.1305406540632248,-0.005177837330847979
1790592492660966100,56.71596606445313,-0.047852542251348495,-0.09751773625612259,-0.03572562709450722
1790592492670979000,56.72597900390625,-0.010622348636388779,-0.05768030136823654,-0.03284062445163727
1790592492680992000,56.73599194335937,-0.03199687972664833,-0.08287354558706284,0.017678208649158478
1790592492691005000,56.7460048828125,-0.013224788941442966,-0.037601664662361145,0.03245449438691139
1790592492701017000,56.75601708984375,0.009148693643510342,0.011417275294661522,0.1151009052991867
1790592492711030000,56.76603002929688,0.02360086888074875,-0.03509936109185219,0.028501296415925026
1790592492721043200,56.77604321289063,0.07788514345884323,0.07733263820409775,-0.08095089346170425
1790592492731055000,56.78605517578125,0.02643127739429474,0.060173630714416504,-0.1267538070678711
1790592492741068000,56.79606811523438,-0.0036419369280338287,0.05876215547323227,0.0022081732749938965
1790592492751081000,56.8060810546875,0.009024057537317276,0.028784282505512238,0.1549721509218216
1790592492761094100,56.81609423828125,0.041089583188295364,0.0016314903041347861,0.15052466094493866
1790592492771106000,56.82610595703125,0.10812453925609589,-0.0026245075277984142,-0.03782579302787781
1790592492781119200,56.836119140625,0.08309109508991241,0.058729398995637894,-0.17017744481563568
1790592492791132200,56.84613208007813,0.023283153772354126,0.047710567712783813,-0.10835881531238556
1790592492801144000,56.85614404296875,0.08231931179761887,0.03500942140817642,0.10964834690093994
1790592492811157000,56.86615698242188,0.09149576723575592,0.007297631818801165,0.19980406761169434
1790592492821170200,56.876170166015626,0.07705557346343994,0.01354354340583086,0.1693873107433319
1790592492831182000,56.88618212890625,0.0820428729057312,-0.008547111414372921,-0.016591880470514297
1790592492841195000,56.896195068359376,0.0885537713766098,0.07889671623706818,-0.22959603369235992
1790592492851208200,56.906208251953124,0.06351765990257263,0.05993155017495155,-0.19821281731128693
1790592492861221000,56.91622119140625,0.03210114687681198,0.021439816802740097,0.03116791881620884
1790592492871233000,56.92623291015625,0.04044057056307793,-0.0023707083892077208,0.1567966789007187
1790592492881246200,56.93624609375,0.036640238016843796,0.028289467096328735,0.12330743670463562
1790592492891259100,56.94625903320313,0.05333053693175316,0.03564005717635155,-0.01781054213643074
1790592492901271000,56.95627099609375,0.0693313404917717,0.06822516024112701,-0.028681298717856407
1790592492911284200,56.9662841796875,0.06867647171020508,0.0459480881690979,-0.061324991285800934
1790592492921297200,56.976297119140625,0.09196847677230835,0.07172694802284241,0.029158031567931175
1790592492931310000,56.98631005859375,0.060296300798654556,0.04155227541923523,0.06654694676399231
1790592492941322000,56.996322021484374,0.02072359062731266,0.04454726725816727,0.0315554104745388
1790592492951335200,57.00633520507812,0.026483740657567978,0.07057220488786697,-0.06678953766822815
1790592492961348000,57.01634814453125,0.0327104777097702,0.09625227004289627,-0.030351633206009865
1790592492971360300,57.0263603515625,0.06213121861219406,0.06260349601507187,0.04199686646461487
1790592492981373200,57.03637329101562,0.053908973932266235,0.06169535964727402,0.12699244916439056
1790592492991386000,57.04638623046875,0.01963302493095398,0.06605175882577896,0.08551211655139923
1790592493001398000,57.05639794921875,0.07581959664821625,0.13202545046806335,-0.04029401019215584
1790592493011411200,57.0664111328125,0.08114352077245712,0.13973450660705566,-0.01859883777797222
1790592493021424000,57.076424072265624,-0.01712338998913765,0.13206912577152252,0.026549464091658592
1790592493031437000,57.08643701171875,0.0375228114426136,0.16753551363945007,-0.061467207968235016
1790592493041449000,57.09644897460937,0.10387972742319107,0.18101510405540466,0.007876445539295673
1790592493051462000,57.1064619140625,0.062398333102464676,0.14517854154109955,-0.046649910509586334
1790592493061474800,57.116474853515626,0.0632457509636879,0.2249055951833725,-0.0737244039773941
1790592493071487000,57.12648706054687,0.05610128864645958,0.2000678926706314,-0.011662902310490608
1790592493081500000,57.1365,0.07405765354633331,0.2003837376832962,0.11763569712638855
1790592493091512800,57.146512939453125,0.05518409609794617,0.1753454953432083,0.23201872408390045
1790592493101525800,57.15652587890625,0.013671273365616798,0.16391627490520477,0.04279395192861557
1790592493111538000,57.166537841796874,0.0807240754365921,0.24848975241184235,-0.12268049269914627
1790592493121550800,57.17655078125,0.12381908297538757,0.18214693665504456,-0.1882970631122589
1790592493131563800,57.18656372070313,0.09712808579206467,0.17949283123016357,-0.1170433834195137
1790592493141576000,57.19657592773437,0.03637631982564926,0.17159949243068695,0.06904898583889008
1790592493151588900,57.2065888671875,0.03376881778240204,0.12511615455150604,0.16307374835014343
1790592493161601800,57.216601806640625,0.13147060573101044,0.16094179451465607,0.11278475075960159
1790592493171614000,57.22661401367188,0.1163792759180069,0.1683693528175354,0.014538342133164406
1790592493181627000,57.236626953125,0.03993483632802963,0.15356190502643585,-0.14576105773448944
1790592493191639800,57.24663989257812,0.03449372947216034,0.1440216600894928,0.015980711206793785
1790592493201652700,57.25665283203125,0.00397683447226882,0.09779184311628342,0.1084752231836319
1790592493211665000,57.26666479492187,0.05379578843712807,0.11837594956159592,0.04705021530389786
1790592493221677800,57.276677734375,0.10285814106464386,0.145220085978508,-0.04405439645051956
1790592493231691000,57.28669091796875,0.020406674593687057,0.12553240358829498,-0.10859530419111252
1790592493241703000,57.29670288085938,-0.008415653370320797,0.1367264688014984,-0.06065893918275833
1790592493251715800,57.3067158203125,0.015816448256373405,0.09339576214551926,0.08504233509302139
1790592493261728800,57.316728759765624,0.044154081493616104,0.08300384134054184,0.11484044790267944
1790592493271742000,57.32674194335937,0.007746006362140179,0.07532115280628204,0.05695318058133125
1790592493281753900,57.33675390625,-0.07936492562294006,0.06480299681425095,-0.0891672819852829
1790592493291766800,57.34676684570312,-0.10345934331417084,0.09213156253099442,-0.1392006278038025
1790592493301779700,57.35677978515625,-0.03633330389857292,0.07355307787656784,-0.06523531675338745
1790592493311791900,57.3667919921875,0.01873580738902092,0.019200364127755165,0.08689776062965393
1790592493321804800,57.3768046875,-0.036363955587148666,-0.011626378633081913,0.1384282410144806
1790592493331818000,57.38681787109375,-0.0934741199016571,0.0029014309402555227,0.0846872553229332
1790592493341830000,57.39682983398438,-0.06947557628154755,-0.014746272005140781,-0.010205700993537903
1790592493351842800,57.4068427734375,-0.04698703810572624,0.006241567432880402,-0.1644037961959839
1790592493361855700,57.41685571289062,-0.03988146036863327,0.014021726325154305,-0.15353330969810486
1790592493371869000,57.42686889648437,-0.07544558495283127,-0.030070099979639053,-0.05345570296049118
1790592493381880800,57.436880859375,-0.0632440447807312,-0.024139773100614548,0.0044163851998746395
1790592493391893800,57.44689379882813,-0.04945046454668045,-0.037001244723796844,0.12723498046398163
1790592493401906700,57.45690673828125,-0.07422079145908356,-0.08397781103849411,0.1525600403547287
1790592493411918800,57.4669189453125,-0.040566157549619675,-0.03353673964738846,0.11374340951442719
1790592493421931800,57.47693188476563,-0.04313584417104721,-0.07023243606090546,-0.013217736035585403
1790592493431945000,57.486945068359375,-0.010843418538570404,-0.04762459546327591,-0.1547335833311081
1790592493441956900,57.496956787109376,-0.002808394841849804,-0.036462489515542984,-0.19820037484169006
1790592493451969800,57.5069697265625,-0.03242301195859909,-0.07837159186601639,-0.04679460451006889
1790592493461982700,57.51698266601562,-0.022524308413267136,-0.13048139214515686,0.10603515058755875
1790592493471996000,57.52699584960938,-0.021417764946818352,-0.11779169738292694,0.20069028437137604
1790592493482007800,57.5370078125,-0.023288901895284653,-0.1462845802307129,0.10656725615262985
1790592493492020700,57.54702075195313,-0.006553864572197199,-0.11087653785943985,-0.024412864819169044
1790592493502034000,57.557033935546876,0.003237513592466712,-0.08541245013475418,-0.19158828258514404
1790592493512045800,57.5670458984375,-0.006157053634524345,-0.06691040843725204,-0.1518339365720749
1790592493522059000,57.57705908203125,-0.04818280041217804,-0.12845471501350403,0.08500736951828003
1790592493532072000,57.587072021484374,-0.0742197260260582,-0.14744891226291656,0.12406129390001297
1790592493542084900,57.5970849609375,-0.038877181708812714,-0.10725809633731842,0.0632472112774849
1790592493552096800,57.6070966796875,-0.02025689370930195,-0.10240048915147781,-0.10849365592002869
1790592493562110000,57.61710986328125,-0.0011103632859885693,-0.035389501601457596,-0.15030501782894135
1790592493572123000,57.62712280273438,-0.0543389618396759,-0.09909763932228088,0.006453969981521368
1790592493582135000,57.63713500976562,-0.0935678631067276,-0.10180766880512238,0.016936970874667168
1790592493592147700,57.647147705078126,-0.030879711732268333,-0.04995645955204964,0.09755005687475204
1790592493602161000,57.657160888671875,-0.031480785459280014,-0.10539361834526062,0.12004204839468002
1790592493612172800,57.6671728515625,-0.025299057364463806,-0.06490425020456314,0.027876438573002815
1790592493622186000,57.67718603515625,0.011721811257302761,-0.002318364568054676,-0.13322404026985168
1790592493632199000,57.68719897460937,0.016691535711288452,-0.005124804098159075,-0.17317624390125275
1790592493642211800,57.6972119140625,-0.031169729307293892,-0.04726826399564743,-0.004624514374881983
1790592493652223700,57.7072236328125,-0.057551801204681396,-0.04093553498387337,-0.023948943242430687
1790592493662237000,57.71723681640625,-0.03469575196504593,-0.017312226817011833,0.10291393101215363
1790592493672249900,57.727249755859376,-0.033404652029275894,-0.0828840509057045,0.2018844485282898
1790592493682262000,57.73726196289063,-0.006983166094869375,-0.07403090596199036,0.11547153443098068
1790592493692274700,57.747274658203125,0.009227761067450047,-0.05386464670300484,0.024207666516304016
1790592493702288000,57.757287841796874,0.014253678731620312,-0.03632134199142456,-0.11565329879522324
1790592493712299800,57.7672998046875,0.0652441531419754,0.005591223482042551,-0.17056475579738617
1790592493722313000,57.77731298828125,0.007036779075860977,-0.04589620232582092,-0.14282207190990448
1790592493732326000,57.78732592773437,-0.006759726908057928,-0.03816904127597809,-0.015050789341330528
1790592493742338800,57.7973388671875,-0.007742699701339006,-0.08039825409650803,0.1470651477575302
1790592493752350700,57.80735083007813,-0.014525504782795906,-0.11548753082752228,0.17079657316207886
1790592493762364000,57.81736401367188,0.010783313773572445,-0.044417884200811386,0.01929120533168316
1790592493772376800,57.827376953125,0.03276265040040016,-0.02765141800045967,-0.0699731633067131
1790592493782389000,57.83738891601563,0.0476185604929924,-0.04052860289812088,-0.09071705490350723
1790592493792401700,57.847401611328124,0.03485855832695961,-0.011301739141345024,-0.08359149843454361
1790592493802414800,57.85741479492187,-0.01923530548810959,-0.05808735638856888,0.009419133886694908
1790592493812426800,57.8674267578125,-0.0007772019016556442,-0.0520118847489357,-0.028695227578282356
1790592493822440000,57.87743994140625,0.07193827629089355,-0.023518458008766174,-0.041445113718509674
1790592493832452900,57.88745288085938,0.026922602206468582,-0.054452408105134964,0.012237023562192917
1790592493842465800,57.8974658203125,-0.004689385648816824,-0.041525423526763916,0.08662790060043335
1790592493852477700,57.90747778320313,0.012216093949973583,-0.022517109289765358,0.053862228989601135
1790592493862491000,57.917490966796876,0.08563625067472458,0.04062324017286301,-0.004239953588694334
1790592493872503800,57.92750390625,0.0893431007862091,0.03353177756071091,0.03568562492728233
1790592493882516000,57.937515869140626,0.028918109834194183,0.04297534376382828,0.008557334542274475
1790592493892529000,57.94752880859375,0.0898062214255333,0.08891194313764572,-0.1118851900100708
1790592493902541800,57.95754174804687,0.15118463337421417,0.08717742562294006,-0.16295956075191498
1790592493912553700,57.9675537109375,0.09777972847223282,0.07362406700849533,-0.12974807620048523
1790592493922567000,57.97756689453125,0.028011037036776543,0.0809919685125351,0.017089569941163063
1790592493932579800,57.98757983398438,-0.008043903857469559,0.04987639561295509,0.23253823816776276
1790592493942592800,57.9975927734375,0.03264413774013519,0.05491456389427185,0.2879471778869629
1790592493952604700,58.007604736328126,0.08728288114070892,0.09349790960550308,0.21766448020935059
1790592493962617900,58.017617919921875,0.06372109800577164,0.1129445731639862,-0.0494399219751358
1790592493972630800,58.027630859375,0.06820213049650192,0.194753959774971,-0.2285819798707962
1790592493982643000,58.037642822265624,0.10256702452898026,0.20387102663516998,-0.2445066124200821
1790592493992656000,58.04765576171875,0.07974693179130554,0.1889147162437439,-0.07562092691659927
1790592494002668800,58.05766870117188,0.034045495092868805,0.16567783057689667,0.10361088067293167
1790592494012682000,58.067681884765626,0.05226790904998779,0.13187673687934875,0.18529988825321198
1790592494022694000,58.07769384765625,0.055767569690942764,0.1407274752855301,0.13287821412086487
1790592494032706800,58.087706787109376,0.04602945223450661,0.15871687233448029,-0.06041534245014191
1790592494042719700,58.0977197265625,0.09398072957992554,0.20376209914684296,-0.17352911829948425
1790592494052732400,58.107732421875,0.09876935929059982,0.19189772009849548,-0.05646241456270218
1790592494062745600,58.11774560546875,0.07200033217668533,0.15725931525230408,0.11228346079587936
1790592494072758500,58.127758544921875,0.04440998658537865,0.15844762325286865,0.1299857646226883
1790592494082770700,58.13777075195313,0.05742857977747917,0.16186711192131042,0.05389578640460968
1790592494092783400,58.147783447265624,0.07558254897594452,0.16132329404354095,-0.1351388543844223
1790592494102796500,58.15779663085937,0.07972882688045502,0.19091688096523285,-0.16449673473834991
1790592494112809500,58.1678095703125,0.05592416226863861,0.1482543647289276,-0.0810718834400177
1790592494122821600,58.17782153320312,0.04822469875216484,0.1397104114294052,0.13797125220298767
1790592494132834600,58.18783447265625,0.037235163152217865,0.08464395999908447,0.19292211532592773
1790592494142847500,58.197847412109375,0.011174265295267105,0.11670389771461487,0.08291438966989517
1790592494152859400,58.207859375,0.0035062264651060104,0.14951111376285553,-0.04954139143228531
1790592494162872600,58.21787255859375,0.01872246339917183,0.13225649297237396,-0.1118423119187355
1790592494172885500,58.227885498046874,0.046265941113233566,0.12610353529453278,0.006485927850008011
1790592494182897700,58.237897705078126,0.012425685301423073,0.1018008440732956,0.04598965868353844
1790592494192910300,58.24791040039062,-0.004999643657356501,0.12760181725025177,-0.012138621881604195
1790592494202923500,58.25792358398437,-0.024323275312781334,0.11693905293941498,0.048933785408735275
1790592494212936400,58.2679365234375,-0.045925237238407135,0.11848581582307816,-0.015019629150629044
1790592494222948600,58.27794848632813,-0.008686790242791176,0.12394769489765167,0.031899940222501755
1790592494232961500,58.28796142578125,-0.0270045455545187,0.08861207216978073,0.155992329120636
1790592494242974500,58.297974365234374,-0.01912025734782219,0.06460580974817276,0.033168938010931015
1790592494252986400,58.307986328125,0.036264706403017044,0.10716045647859573,-0.13819988071918488
1790592494262999600,58.31799951171875,0.01295352354645729,0.1157001480460167,-0.14699311554431915
1790592494273012500,58.32801245117187,-0.04076163470745087,0.06994970142841339,-0.03800004720687866
1790592494283024600,58.338024658203125,0.0002313372096978128,0.07842095196247101,-0.023051191121339798
1790592494293037300,58.34803735351562,0.013562588952481747,0.09111251682043076,0.07477736473083496
1790592494303050500,58.35805053710938,-0.006205789279192686,0.05087241530418396,0.09558358043432236
1790592494313063400,58.3680634765625,0.02132170833647251,0.059807587414979935,0.07109101861715317
1790592494323075600,58.37807568359375,0.001238288008607924,0.0708041861653328,0.05691022798418999
1790592494333088500,58.388088623046876,0.010365474037826061,0.058489736169576645,0.06227916106581688
1790592494343101400,58.39810131835937,0.04546673595905304,0.051931437104940414,-0.031985290348529816
1790592494353113300,58.40811328125,0.008290338329970837,0.10137328505516052,-0.19552361965179443
1790592494363126500,58.41812646484375,-0.03673146292567253,0.11470507085323334,-0.13477398455142975
1790592494373139500,58.42813940429688,-0.026124095544219017,0.04959610849618912,0.06605765223503113
1790592494383152400,58.43815234375,0.024969182908535004,0.06461233645677567,0.22943592071533203
1790592494393164300,58.44816430664063,-0.009028729982674122,0.06769680976867676,0.24098818004131317
1790592494403177500,58.45817749023438,0.0025778580456972122,0.09021516889333725,0.039994362741708755
1790592494413190400,58.4681904296875,0.06943678110837936,0.18344072997570038,-0.19188787043094635
1790592494423202600,58.47820263671875,0.02314331941306591,0.16704976558685303,-0.28846102952957153
1790592494433215500,58.488215576171875,-0.01515639666467905,0.14112816751003265,-0.14395231008529663
1790592494443228400,58.498228515625,-0.030751602724194527,0.11270050704479218,0.04995458200573921
1790592494453240300,58.508240234375,-0.007121108006685972,0.09491831064224243,0.20703740417957306
1790592494463253500,58.51825341796875,0.030164744704961777,0.09852369874715805,0.16374853253364563
1790592494473266400,58.52826635742188,0.002386110369116068,0.14882762730121613,-0.004254592582583427
1790592494483279400,58.538279296875,0.022106284275650978,0.18018820881843567,-0.1375250369310379
1790592494493291300,58.54829125976563,0.04776344820857048,0.17708535492420197,-0.0741167664527893
1790592494503304400,58.558304443359376,0.011787601746618748,0.16517651081085205,-0.02201228402554989
1790592494513317600,58.568317626953124,0.038290850818157196,0.2155912071466446,-0.01064751110970974
1790592494523329500,58.57832958984375,0.02831384725868702,0.15565970540046692,0.16022595763206482
1790592494533342500,58.588342529296874,-0.024262279272079468,0.10672863572835922,0.15253661572933197
1790592494543355400,58.59835546875,-0.0031921465415507555,0.19114018976688385,0.00007757171988487244
1790592494553367300,58.6083671875,0.025896495208144188,0.1838681697845459,-0.12683510780334473
1790592494563380500,58.61838037109375,0.03234587609767914,0.1983640193939209,-0.09531952440738678
1790592494573393700,58.6283935546875,0.013058462180197239,0.19299481809139252,-0.04416792094707489
1790592494583406300,58.63840625,-0.016165470704436302,0.17699241638183594,-0.03151257708668709
1790592494593418200,58.648418212890626,-0.022934960201382637,0.19893473386764526,0.16427263617515564
1790592494603431400,58.658431396484374,-0.019915467128157616,0.13958805799484253,0.11885561794042587
1790592494613444600,58.66844458007812,0.019748855382204056,0.20409061014652252,0.03357960283756256
1790592494623456500,58.67845654296875,-0.0024850773625075817,0.2132478952407837,-0.14294616878032684
1790592494633469700,58.6884697265625,-0.012652227655053139,0.2288428246974945,-0.13902679085731506
1790592494643482400,58.698482421875,-0.011092680506408215,0.18360531330108643,-0.03996998071670532
1790592494653495600,58.70849560546875,-0.04600006341934204,0.19622842967510223,0.1693321168422699
1790592494663507500,58.71850756835938,-0.050598010420799255,0.13356664776802063,0.21643836796283722
1790592494673520600,58.72852075195313,-0.01579182781279087,0.1470813900232315,0.08646838366985321
1790592494683533300,58.738533203125,0.0007179063395597041,0.21685540676116943,-0.15209625661373138
1790592494693545500,58.74854541015625,-0.01862063817679882,0.21076476573944092,-0.21721427142620087
1790592494703558400,58.75855834960937,-0.03113057278096676,0.16299644112586975,-0.1291816085577011
1790592494713571600,58.76857153320312,-0.048915423452854156,0.12970906496047974,0.07320690900087357
1790592494723583500,58.77858349609375,-0.07754254341125488,0.0772722065448761,0.09418036788702011
1790592494733596700,58.7885966796875,-0.04880863428115845,0.08025867491960526,0.07627913355827332
1790592494743609300,58.798609375,-0.03311489149928093,0.06500408798456192,-0.012427566573023796
1790592494753622500,58.80862255859375,-0.0446770042181015,0.026234859600663185,0.04267776384949684
1790592494763634400,58.81863452148438,-0.058059122413396835,-0.050297465175390244,0.1113942414522171
1790592494773647600,58.828647705078126,-0.07340026646852493,-0.03938915580511093,0.047761205583810806
1790592494783660300,58.83866040039062,-0.08861304074525833,-0.06655100733041763,-0.009709278121590614
1790592494793672400,58.84867236328125,-0.07427404820919037,-0.08252011984586716,-0.1922047883272171
1790592494803685400,58.85868530273437,-0.05425559729337692,-0.04878478869795799,-0.14695875346660614
1790592494813698600,58.86869848632813,-0.09770294278860092,-0.13414335250854492,-0.03345641866326332
1790592494823711500,58.87871142578125,-0.08158256113529205,-0.14796383678913116,0.03688379004597664
1790592494833723600,58.8887236328125,-0.10911991447210312,-0.17782452702522278,0.12469992786645889
1790592494843736300,58.898736328125,-0.11999359726905823,-0.18687768280506134,0.03958982601761818
1790592494853749500,58.90874951171875,-0.09644539654254913,-0.17938220500946045,0.06388185173273087
1790592494863761400,58.918761474609376,-0.1484270989894867,-0.22114670276641846,0.020472325384616852
1790592494873774600,58.928774658203125,-0.12153636664152145,-0.2001814991235733,-0.12606091797351837
1790592494883787500,58.93878759765625,-0.11407365649938583,-0.20913824439048767,-0.13433189690113068
1790592494893799400,58.94879931640625,-0.18481892347335815,-0.21140192449092865,-0.061102159321308136
1790592494903812400,58.95881225585938,-0.17688296735286713,-0.20940668880939484,0.03516285493969917
1790592494913825500,58.96882543945313,-0.14892111718654633,-0.21021069586277008,0.03807768598198891
1790592494923838500,58.97883837890625,-0.14326615631580353,-0.17015862464904785,-0.00902031920850277
1790592494933850600,58.9888505859375,-0.13274987041950226,-0.15744495391845703,-0.05342293903231621
1790592494943863300,58.99886328125,-0.1230493113398552,-0.15261557698249817,0.024886514991521835
1790592494953876500,59.00887646484375,-0.1597260981798172,-0.15872247517108917,0.024146156385540962
1790592494963888400,59.018888427734375,-0.11546303331851959,-0.12090958654880524,-0.04975070431828499
1790592494973901600,59.02890161132812,-0.06067115068435669,-0.12648144364356995,-0.020910535007715225
1790592494983914500,59.03891455078125,-0.07132220268249512,-0.12264756858348846,-0.08854390680789948
1790592494993926400,59.04892651367187,-0.0897241085767746,-0.10237957537174225,0.005317873787134886
1790592495003939300,59.05893920898438,-0.10267772525548935,-0.14306148886680603,0.08254102617502213
1790592495013952500,59.068952392578126,-0.059258077293634415,-0.09559251368045807,0.06273749470710754
1790592495023965400,59.07896533203125,-0.06741826981306076,-0.11035281419754028,-0.059051260352134705
1790592495033977600,59.0889775390625,-0.08432269096374512,-0.10047221928834915,-0.06205291301012039
1790592495043990300,59.098990234375,-0.06364670395851135,-0.1097022071480751,0.003408120945096016
1790592495054003500,59.10900341796875,-0.018712516874074936,-0.14563968777656555,0.07711057364940643
1790592495064015600,59.119015625,-0.01766349747776985,-0.14417681097984314,0.11343635618686676
1790592495074028500,59.12902856445312,-0.044039178639650345,-0.1250995397567749,-0.01901356503367424
1790592495084041500,59.13904150390625,-0.037118688225746155,-0.12601006031036377,-0.06846393644809723
1790592495094054400,59.149054443359375,-0.06235213950276375,-0.14538775384426117,-0.13576281070709229
1790592495104066600,59.15906665039063,-0.06841722130775452,-0.12333092838525772,-0.048165589570999146
1790592495114079500,59.16907958984375,-0.07308414578437805,-0.20679013431072235,0.12650048732757568
1790592495124092700,59.1790927734375,-0.06405363231897354,-0.2245909720659256,0.19077429175376892
1790592495134104600,59.1891044921875,-0.08528275787830353,-0.21296679973602295,0.07633612304925919
1790592495144117500,59.19911743164062,-0.10005078464746475,-0.209993377327919,-0.14301779866218567
1790592495154130400,59.20913037109375,-0.08293092250823975,-0.18353088200092316,-0.26740792393684387
1790592495164143600,59.2191435546875,-0.10016769915819168,-0.22908584773540497,-0.2819935381412506
1790592495174155500,59.22915551757813,-0.1421809196472168,-0.26664307713508606,-0.0058255912736058235
1790592495184168700,59.23916870117188,-0.12958896160125732,-0.34586280584335327,0.20433004200458527
1790592495194181400,59.249181396484374,-0.07478004693984985,-0.3403114378452301,0.26440855860710144
1790592495204193500,59.25919360351563,-0.1135583370923996,-0.36002257466316223,0.060386985540390015
1790592495214206500,59.26920654296875,-0.1779405176639557,-0.3069092631340027,-0.22406019270420074
1790592495224219600,59.2792197265625,-0.117881178855896,-0.2862316966056824,-0.2562391757965088
1790592495234231600,59.2892314453125,-0.06710508465766907,-0.39805302023887634,0.005276594776660204
1790592495244244500,59.29924438476562,-0.12815697491168976,-0.47214269638061523,0.07421944290399551
1790592495254257400,59.30925732421875,-0.18414141237735748,-0.4366036355495453,0.06457586586475372
1790592495264270600,59.3192705078125,-0.16647720336914062,-0.4427608549594879,-0.08634493499994278
1790592495274282500,59.32928247070313,-0.10726076364517212,-0.4106796085834503,-0.12943966686725616
1790592495284295700,59.339295654296876,-0.06724809855222702,-0.3789821267127991,-0.10521582514047623
1790592495294308600,59.34930859375,-0.08869905769824982,-0.3947216868400574,0.05132371559739113
1790592495304320500,59.359320556640625,-0.09585311263799667,-0.4252969026565552,0.12854500114917755
1790592495314333400,59.36933349609375,-0.09529251605272293,-0.3572278320789337,0.12566745281219482
1790592495324346600,59.3793466796875,-0.07798225432634354,-0.3570561707019806,-0.005756429862231016
1790592495334359600,59.38935961914063,0.00269953696988523,-0.3098340630531311,-0.07504016906023026
1790592495344371500,59.39937133789063,0.047353558242321014,-0.27832674980163574,-0.19320860505104065
1790592495354384600,59.40938452148438,0.03644844517111778,-0.20447249710559845,-0.18720610439777374
1790592495364397600,59.4193974609375,0.026637094095349312,-0.16580820083618164,-0.03547624126076698
1790592495374409500,59.429409423828126,0.038801081478595734,-0.14410822093486786,0.175418421626091
1790592495384422700,59.439422607421875,0.07546988129615784,-0.16636160016059875,0.28431373834609985
1790592495394435600,59.449435546875,0.07940656691789627,-0.1256312131881714,0.15607641637325287
1790592495404448500,59.45944848632813,0.08951485902070999,-0.003261900506913662,-0.1364625096321106
1790592495414460700,59.46946069335937,0.12972299754619598,0.07081791758537292,-0.16721989214420319
1790592495424473600,59.4794736328125,0.16362370550632477,0.07616741210222244,-0.04413657635450363
1790592495434486500,59.489486572265626,0.1587434709072113,0.11674439907073975,0.10677757114171982
1790592495444498400,59.49949853515625,0.16264019906520844,0.14003188908100128,0.1773556023836136
1790592495454511600,59.50951171875,0.1690554916858673,0.14195255935192108,0.14155340194702148
1790592495464524500,59.519524658203125,0.18925955891609192,0.20951375365257263,-0.15145637094974518
1790592495474536700,59.52953662109375,0.22022680938243866,0.2909276485443115,-0.1880447417497635
1790592495484549600,59.539549560546874,0.1723301112651825,0.2634829878807068,-0.14682379364967346
1790592495494562600,59.5495625,0.14551714062690735,0.3266979157924652,0.07892543077468872
1790592495504575500,59.55957543945313,0.18130071461200714,0.2967112362384796,0.21468539535999298
1790592495514587600,59.56958764648437,0.273089200258255,0.3367886245250702,0.1981104165315628
1790592495524600600,59.5796005859375,0.27790871262550354,0.38912639021873474,0.11345251649618149
1790592495534613500,59.589613525390625,0.21639584004878998,0.39348945021629333,-0.02570084109902382
1790592495544625400,59.59962548828125,0.22174985706806183,0.3937235474586487,-0.06966910511255264
1790592495554638600,59.609638671875,0.21177659928798676,0.40491947531700134,0.03590872511267662
1790592495564651500,59.61965161132812,0.2003718763589859,0.3685811758041382,0.21170026063919067
1790592495574664700,59.62966479492187,0.20056921243667603,0.3403836190700531,0.16288772225379944
1790592495584676600,59.63967651367187,0.1783778816461563,0.42657071352005005,-0.03914155066013336
1790592495594689500,59.649689453125,0.1385287493467331,0.4101206362247467,-0.12675341963768005
1790592495604702500,59.659702392578126,0.14153093099594116,0.3967358469963074,-0.08467575162649155
1790592495614714600,59.66971459960938,0.14713048934936523,0.40702924132347107,-0.005913822446018457
1790592495624727600,59.6797275390625,0.12007223814725876,0.3903471827507019,0.18322840332984924
1790592495634740500,59.689740478515624,0.09638981521129608,0.3232150077819824,0.291023313999176
1790592495644753400,59.69975341796875,0.08473608642816544,0.3250690996646881,0.09891671687364578
1790592495654765600,59.709765625,0.08257945626974106,0.384248822927475,-0.019064512103796005
1790592495664778500,59.71977856445312,0.04243496432900429,0.306207537651062,-0.12120126932859421
1790592495674791700,59.72979174804688,0.062094684690237045,0.35960260033607483,-0.11989393085241318
1790592495684803600,59.73980346679687,0.07572022080421448,0.31827059388160706,-0.11539824306964874
1790592495694816500,59.74981640625,0.06317326426506042,0.29573971033096313,-0.054615315049886703
1790592495704829400,59.759829345703125,0.04375935345888138,0.2573084533214569,0.06667675822973251
1790592495714841600,59.76984155273438,-0.002004937268793583,0.1824861317873001,0.18594616651535034
1790592495724854500,59.7798544921875,0.02276778779923916,0.1618756651878357,0.14322373270988464
1790592495734867500,59.78986743164062,0.09121955186128616,0.19395211338996887,-0.0006626015529036522
1790592495744880400,59.79988037109375,0.06305529177188873,0.14081378281116486,-0.08844491839408875
1790592495754892500,59.809892578125,0.008290311321616173,0.11922033876180649,-0.09773536026477814
1790592495764905500,59.81990551757813,-0.002525851596146822,0.10359556972980499,-0.09213020652532578
1790592495774918700,59.82991870117188,0.02952449396252632,0.08707571774721146,0.07933183014392853
1790592495784930600,59.8399306640625,0.021424755454063416,-0.0029330002143979073,0.3230683207511902
1790592495794943500,59.84994360351563,0.005388796795159578,-0.05190214142203331,0.14641021192073822
1790592495804956400,59.85995629882812,-0.018482446670532227,0.02252841740846634,-0.02913978323340416
1790592495814969600,59.86996948242187,-0.049959149211645126,-0.020017975941300392,-0.1744929850101471
1790592495824981500,59.8799814453125,-0.053410604596138,-0.0074659669771790504,-0.15278342366218567
1790592495834994400,59.88999438476562,-0.0927974209189415,-0.042560040950775146,-0.06724775582551956
1790592495845007600,59.90000756835938,-0.09385709464550018,-0.045786190778017044,0.09298425912857056
1790592495855019500,59.91001953125,-0.05533873289823532,-0.07464607059955597,0.07213703542947769
1790592495865032400,59.92003247070313,-0.08113197982311249,-0.04082765430212021,-0.008830515667796135
1790592495875045600,59.930045654296876,-0.13088329136371613,-0.054039593786001205,-0.18101665377616882
1790592495885057500,59.9400576171875,-0.1004825085401535,-0.01182502880692482,-0.05320064350962639
1790592495895070500,59.950070556640625,-0.07482747733592987,-0.1077619418501854,0.046018086373806
1790592495905083600,59.960083740234374,-0.09615114331245422,-0.08567795157432556,0.13089728355407715
1790592495915096600,59.9700966796875,-0.1646348536014557,-0.08638901263475418,0.09736675769090652
1790592495925108700,59.980108642578124,-0.15856312215328217,-0.0813513770699501,-0.13771125674247742
1790592495935121700,59.99012158203125,-0.08505614846944809,-0.0015678638592362404,-0.07910201698541641
1790592495945134600,60.00013452148438,-0.08941227942705154,-0.07151605933904648,-0.07847324758768082
1790592495955146500,60.010146484375,-0.06294844299554825,-0.025650030001997948,0.016519581899046898
1790592495965159700,60.02015966796875,-0.08939816057682037,-0.07325563579797745,0.094735287129879
1790592495975172600,60.030172607421875,-0.10856280475854874,-0.04195177182555199,0.07082436233758926
1790592495985185500,60.040185546875,-0.055916108191013336,-0.0011343011865392327,-0.10652139037847519
1790592495995197400,60.050197509765624,-0.016235271468758583,0.03504553809762001,-0.16721749305725098
1790592496005210600,60.06021069335937,-0.05210112780332565,0.010652849450707436,-0.11471594125032425
1790592496015223600,60.0702236328125,-0.08403482288122177,-0.008661193773150444,0.019707119092345238
1790592496025235700,60.08023559570312,-0.05013811215758324,-0.03198462724685669,0.10155963897705078
1790592496035248600,60.09024853515625,-0.02957664243876934,0.0021930523216724396,0.12431048601865768
1790592496045261600,60.100261474609376,-0.026647964492440224,-0.013299621641635895,0.05951898172497749
1790592496055273700,60.11027368164063,-0.009392811916768551,-0.01753777451813221,-0.10776802152395248
1790592496065286700,60.12028662109375,-0.0024946925695985556,0.0032804207876324654,-0.16985774040222168
1790592496075299800,60.1302998046875,-0.0012395447120070457,-0.04186335578560829,-0.05273405835032463
1790592496085312500,60.1403125,-0.03417485952377319,-0.08877946436405182,0.12274215370416641
1790592496095324700,60.15032470703125,-0.08592406660318375,-0.0911392942070961,0.15906848013401031
1790592496105337600,60.16033764648437,-0.08488436788320541,-0.0634663850069046,0.04094582796096802
1790592496115350800,60.17035083007813,-0.04017123207449913,-0.03745635598897934,-0.02980850264430046
1790592496125362700,60.18036279296875,-0.030813416466116905,-0.03209328278899193,-0.08306187391281128
1790592496135375600,60.19037573242188,-0.0380534864962101,-0.008239082992076874,-0.07455653697252274
1790592496145388500,60.200388427734374,-0.06503769755363464,-0.07067183405160904,0.026660898700356483
1790592496155400700,60.21040063476563,-0.07714096456766129,-0.08066614717245102,0.03209987282752991
1790592496165413600,60.22041357421875,-0.07169719785451889,-0.09463336318731308,0.046705979853868484
1790592496175426800,60.2304267578125,-0.07865843176841736,-0.12775535881519318,-0.04798963665962219
1790592496185439500,60.240439453125,-0.07904352992773056,-0.11720604449510574,-0.025261420756578445
1790592496195451600,60.25045166015625,-0.09894825518131256,-0.1498313546180725,-0.12237358838319778
1790592496205464600,60.26046459960938,-0.06602306663990021,-0.09590635448694229,-0.07006990909576416
1790592496215477800,60.27047778320313,-0.08813555538654327,-0.13122332096099854,0.09794146567583084
1790592496225489700,60.28048974609375,-0.12352550774812698,-0.18369825184345245,0.18097138404846191
1790592496235502600,60.290502685546876,-0.08029787242412567,-0.14451542496681213,0.12891855835914612
1790592496245515500,60.300515625,-0.07441601902246475,-0.11587046831846237,-0.05358840152621269
1790592496255527700,60.310527587890626,-0.06289491802453995,-0.08374955505132675,-0.31049051880836487
1790592496265540600,60.32054052734375,-0.03870649263262749,-0.037914153188467026,-0.31743311882019043
1790592496275553800,60.3305537109375,-0.0645226389169693,-0.06468211859464645,-0.14303572475910187
1790592496285566500,60.34056640625,-0.0532233826816082,-0.10714968293905258,0.13709419965744019
1790592496295578600,60.35057861328125,-0.01031692884862423,-0.1486409306526184,0.36252811551094055
1790592496305591600,60.36059155273438,0.008795512840151787,-0.1572975367307663,0.31946584582328796
1790592496315604700,60.370604736328126,-0.008256441913545132,-0.12044285237789154,0.13417431712150574
1790592496325616600,60.38061669921875,0.0025740456767380238,-0.05104328691959381,-0.1070149838924408
1790592496335629800,60.3906298828125,0.034812942147254944,-0.015132692642509937,-0.15123969316482544
1790592496345642500,60.400642578125,0.039930474013090134,-0.04385967552661896,-0.057838380336761475
1790592496355654700,60.410654541015624,0.032656848430633545,-0.05204223841428757,-0.03863805532455444
1790592496365667600,60.42066748046875,-0.0028697217348963022,-0.045355573296546936,-0.039242591708898544
1790592496375680800,60.4306806640625,-0.012462960556149483,-0.04949545860290527,-0.05921923369169235
1790592496385693700,60.440693603515626,0.01041465811431408,-0.07998839020729065,0.03740105405449867
1790592496395705600,60.45070556640625,-0.03086167760193348,-0.08953821659088135,0.058524712920188904
1790592496405718500,60.460718505859376,-0.0184745155274868,-0.09204691648483276,0.11997023224830627
1790592496415731700,60.470731689453125,-0.0038907777052372694,-0.1586134284734726,0.14364147186279297
1790592496425743600,60.48074365234375,-0.015331451781094074,-0.12606799602508545,0.034469444304704666
1790592496435756800,60.4907568359375,-0.013014234602451324,-0.09412045776844025,-0.11193624138832092
1790592496445769700,60.50076977539062,-0.008189918473362923,-0.12703819572925568,-0.025310799479484558
1790592496455781600,60.51078173828125,-0.032322149723768234,-0.15300586819648743,-0.05383485183119774
1790592496465794600,60.52079467773437,-0.02255341224372387,-0.12807628512382507,-0.0383128821849823
1790592496475807700,60.53080786132813,-0.05487113818526268,-0.21530945599079132,0.013744991272687912
1790592496485820700,60.540820556640625,-0.07311352342367172,-0.21371689438819885,0.01728513091802597
1790592496495832600,60.55083251953125,-0.08940248191356659,-0.23334544897079468,0.016882726922631264
1790592496505845800,60.560845703125,-0.0867273360490799,-0.2379005253314972,-0.004887282382696867
1790592496515858700,60.57085864257812,-0.010464790277183056,-0.1739889234304428,-0.0788978636264801
1790592496525870600,60.58087060546875,-0.019001554697752,-0.1877441555261612,-0.05872068554162979
1790592496535883800,60.5908837890625,-0.07702410966157913,-0.20269779860973358,-0.00924927368760109
1790592496545896700,60.60089672851562,-0.07776553183794022,-0.15573295950889587,0.03391337767243385
1790592496555908600,60.61090869140625,-0.044125281274318695,-0.19220787286758423,0.1109466403722763
1790592496565921800,60.620921875,-0.06836430728435516,-0.23536573350429535,0.13977590203285217
1790592496575934700,60.63093481445313,-0.09574533253908157,-0.1946401447057724,-0.013451742008328438
1790592496585947600,60.64094775390625,-0.025781430304050446,-0.14540068805217743,-0.15666668117046356
1790592496595959600,60.65095947265625,0.060691412538290024,-0.14115560054779053,-0.16368678212165833
1790592496605972700,60.66097265625,-0.03469130024313927,-0.1700860559940338,-0.10598673671483994
1790592496615985700,60.67098559570312,-0.1212373748421669,-0.1709398627281189,0.03643352538347244
1790592496625997800,60.680997802734375,-0.061462193727493286,-0.19075565040111542,0.11729934811592102
1790592496636010800,60.6910107421875,0.023449765518307686,-0.1960207223892212,0.085368312895298
1790592496646023700,60.70102368164063,0.0038853862788528204,-0.18269799649715424,-0.010607220232486725
1790592496656035600,60.71103564453125,-0.03284679353237152,-0.16247208416461945,-0.06384780257940292
1790592496666048800,60.721048828125,0.009467371739447117,-0.14975708723068237,-0.0921420305967331
1790592496676061700,60.731061767578126,0.03628593683242798,-0.1408112645149231,-0.08675258606672287
1790592496686073900,60.74107397460938,-0.012253369204699993,-0.13498985767364502,-0.028654929250478745
1790592496696086500,60.75108642578125,-0.03014715015888214,-0.10868501663208008,0.10424825549125671
1790592496706099700,60.761099609375,0.00888147670775652,-0.13658642768859863,0.2205684781074524
1790592496716112600,60.77111254882813,0.05236157774925232,-0.1291772425174713,0.1390395313501358
1790592496726124800,60.78112475585937,0.07402532547712326,-0.05192239582538605,0.04743131622672081
1790592496736137700,60.7911376953125,0.06666062027215958,-0.07273660600185394,-0.1416270136833191
1790592496746150700,60.80115063476563,0.11916270852088928,0.008565712720155716,-0.21143938601016998
1790592496756162600,60.81116259765625,0.12604324519634247,0.027079209685325623,-0.1331821233034134
1790592496766175700,60.82117578125,0.09611145406961441,0.03525884449481964,0.0583830326795578
1790592496776188700,60.831188720703125,0.08315517753362656,0.028176432475447655,0.1606987565755844
1790592496786200800,60.84120092773438,0.08658426254987717,0.07227305322885513,0.15913201868534088
1790592496796213500,60.851213623046874,0.09213588386774063,0.08499417454004288,0.1435975432395935
1790592496806226700,60.86122680664062,0.11291547119617462,0.09242891520261765,-0.01642755977809429
1790592496816239600,60.87123950195313,0.11365555971860886,0.14186544716358185,-0.0979679599404335
1790592496826251800,60.88125170898437,0.04476384446024895,0.11473315954208374,-0.13911671936511993
1790592496836264700,60.8912646484375,0.08281482011079788,0.14307372272014618,-0.15291748940944672
1790592496846277600,60.901277587890625,0.1357744336128235,0.13594309985637665,-0.06310558319091797
1790592496856289500,60.91128955078125,0.10055360943078995,0.10322403907775879,0.13583175837993622
1790592496866302700,60.921302734375,0.02419731579720974,0.042010221630334854,0.21116246283054352
1790592496876315600,60.931315673828124,0.02666047215461731,0.10384082794189453,0.07544030994176865
1790592496886327800,60.941327880859376,0.09318863600492477,0.10312364250421524,0.006937152706086636
1790592496896340700,60.9513408203125,0.12120801955461502,0.04024534672498703,-0.01876901090145111
1790592496906353700,60.96135375976562,0.09493353962898254,0.04474662244319916,-0.026255689561367035
1790592496916365600,60.97136547851562,0.06228691339492798,0.017271321266889572,-0.09214868396520615
1790592496926378800,60.98137866210938,0.07522321492433548,0.008405390195548534,-0.0964432954788208
1790592496936391700,60.9913916015625,0.04933888837695122,-0.014629887416958809,-0.06077452003955841
1790592496946404600,61.001404541015624,0.005292068235576153,0.0014928895980119705,-0.008680954575538635
1790592496956416500,61.01141650390625,0.015363343991339207,-0.05302920565009117,0.13315768539905548
1790592496966429700,61.0214296875,0.008065483532845974,-0.09811652451753616,0.17606998980045319
1790592496976442600,61.03144262695312,-0.0018361490219831467,-0.08079665899276733,0.129198357462883
1790592496986454800,61.041454833984375,0.006130697671324015,-0.07288254052400589,0.057919375598430634
1790592496996467700,61.0514677734375,0.004298176150768995,-0.04789116978645325,0.04513753578066826
1790592497006480600,61.06148071289063,-0.016795391216874123,-0.0978347659111023,0.032238781452178955
1790592497016492500,61.07149243164063,-0.010997156612575054,-0.013593917712569237,-0.12606802582740784
1790592497026505700,61.08150561523438,0.031203825026750565,0.02014354057610035,-0.36574429273605347
1790592497036518700,61.0915185546875,0.07135817408561707,0.09798240661621094,-0.5048140287399292
1790592497046530800,61.10153076171875,0.000986801809631288,0.05497901886701584,-0.22532963752746582
1790592497056543000,61.11154296875,-0.058089833706617355,0.05197736993432045,0.10795484483242035
1790592497066556000,61.12155590820313,-0.02605626732110977,0.01953660510480404,0.48517322540283203
1790592497076569000,61.13156909179688,0.06209942698478699,-0.062334027141332626,0.6315930485725403
1790592497086581000,61.1415810546875,0.060276757925748825,-0.07437045127153397,0.5232412815093994
1790592497096594000,61.151593994140626,-0.009184875525534153,0.03242097795009613,0.09414395689964294
1790592497106606800,61.16160693359375,0.0250958651304245,0.12322863936424255,-0.23837672173976898
1790592497116618800,61.17161865234375,0.10509775578975677,0.13118749856948853,-0.3920360803604126
1790592497126632000,61.1816318359375,0.08187206089496613,0.17861999571323395,-0.2948213815689087
1790592497136645000,61.19164501953125,0.08405239135026932,0.20214982330799103,-0.09767341613769531
1790592497146657000,61.20165698242187,0.11848627030849457,0.18524540960788727,0.17817895114421844
1790592497156670000,61.211669921875,0.13415497541427612,0.13875114917755127,0.2635287046432495
1790592497166683000,61.22168286132813,0.13905438780784607,0.16441842913627625,0.1781536489725113
1790592497176694800,61.23169482421875,0.10809940844774246,0.19879956543445587,0.05808395892381668
1790592497186708000,61.2417080078125,0.10321730375289917,0.1774151772260666,-0.13315683603286743
1790592497196721200,61.25172119140625,0.15096324682235718,0.23486648499965668,-0.1303277611732483
1790592497206733800,61.26173388671875,0.13446442782878876,0.24739372730255127,0.012776665389537811
1790592497216745700,61.271745849609374,0.13274775445461273,0.26430293917655945,0.09188346564769745
1790592497226759000,61.28175903320312,0.14756159484386444,0.2557089328765869,0.13237950205802917
1790592497236772000,61.29177221679687,0.09498067945241928,0.27916765213012695,-0.03193354606628418
1790592497246784000,61.30178393554687,0.11845724284648895,0.3301070034503937,-0.10021886229515076
1790592497256797200,61.31179711914063,0.17859061062335968,0.2677046060562134,-0.02497124671936035
1790592497266809900,61.321809814453125,0.1449277251958847,0.24615377187728882,0.06314263492822647
1790592497276821800,61.33182177734375,0.07207296043634415,0.2343791276216507,0.09218866378068924
1790592497286835000,61.3418349609375,0.07981637120246887,0.23812167346477509,0.0018332046456634998
1790592497296848100,61.35184814453125,0.10894282907247543,0.2638595402240753,-0.06207307428121567
1790592497306860000,61.361860107421876,0.12430687248706818,0.28216075897216797,-0.13060392439365387
1790592497316873000,61.371873046875,0.12944063544273376,0.29293006658554077,-0.04402110353112221
1790592497326886000,61.38188598632812,0.0848698765039444,0.2795780897140503,0.09695274382829666
1790592497336899000,61.39189916992188,0.09466923773288727,0.2938230633735657,0.1968066245317459
1790592497346911000,61.40191088867188,0.08988034725189209,0.29193782806396484,0.16263347864151
1790592497356924200,61.41192407226563,0.09744638204574585,0.3226504623889923,0.07984352856874466
1790592497366936800,61.421936767578124,0.09737980365753174,0.29645535349845886,-0.04437216743826866
1790592497376949000,61.43194897460938,0.06355073302984238,0.3297975957393646,-0.33416321873664856
1790592497386962000,61.4419619140625,0.06076080724596977,0.38370075821876526,-0.3602403700351715
1790592497396975000,61.45197509765625,0.025585778057575226,0.29979681968688965,-0.18648749589920044
1790592497406987000,61.461987060546875,0.014976543374359608,0.2649379074573517,0.055254559963941574
1790592497417000000,61.472,0.03283996134996414,0.2194167524576187,0.37078002095222473
1790592497427012900,61.48201293945313,0.008298400789499283,0.1886175572872162,0.3364311158657074
1790592497437025000,61.49202490234375,0.04450700432062149,0.2571777105331421,0.13764557242393494
1790592497447038000,61.50203784179688,0.03487621620297432,0.24446190893650055,-0.09288723021745682
1790592497457051100,61.512051025390626,0.027457181364297867,0.28829115629196167,-0.26740097999572754
1790592497467063800,61.52206372070312,0.05906810238957405,0.25891169905662537,-0.26199981570243835
1790592497477076000,61.532075927734375,0.05754051357507706,0.17340531945228577,-0.08274431526660919
1790592497487089000,61.5420888671875,-0.01849326677620411,0.1176443099975586,0.034134093672037125
1790592497497102000,61.55210205078125,-0.06970798224210739,0.10559429973363876,0.050094153732061386
1790592497507114000,61.562114013671874,-0.05488909035921097,0.09616910666227341,0.17755170166492462
1790592497517127000,61.572126953125,-0.041272882372140884,0.07174552977085114,0.2049282044172287
1790592497527139800,61.58213989257813,-0.027668921276926994,0.07323876023292542,0.19969908893108368
1790592497537152000,61.59215209960937,-0.03883076086640358,0.08375931531190872,0.050868600606918335
1790592497547165000,61.6021650390625,-0.03463681787252426,0.13002748787403107,-0.18017953634262085
1790592497557178000,61.61217822265625,-0.025581803172826767,0.10175322741270065,-0.3607519567012787
1790592497567190000,61.62218994140625,-0.0464966706931591,0.08933757245540619,-0.269756555557251
1790592497577203000,61.632202880859374,-0.12113362550735474,0.03865761682391167,0.011747829616069794
1790592497587216000,61.6422158203125,-0.13073565065860748,-0.05026586353778839,0.21629510819911957
1790592497597228000,61.65222802734375,-0.07483776658773422,-0.08015425503253937,0.29208922386169434
1790592497607241000,61.66224096679687,-0.08025942742824554,-0.10031358897686005,0.23231294751167297
1790592497617254100,61.67225415039063,-0.04189392924308777,-0.11206585168838501,-0.035426609218120575
1790592497627266800,61.682266845703126,0.007220086175948381,-0.1070985198020935,-0.1320069432258606
1790592497637279000,61.69227905273438,-0.03744884952902794,-0.17753726243972778,-0.17433921992778778
1790592497647292000,61.7022919921875,-0.09123298525810242,-0.1777697503566742,-0.1591448187828064
1790592497657305000,61.71230517578125,-0.14559662342071533,-0.19640815258026123,-0.08041511476039886
1790592497667317000,61.72231689453125,-0.13357724249362946,-0.23869621753692627,0.03383076190948486
1790592497677330000,61.73232983398437,-0.08125492185354233,-0.27007466554641724,0.09450076520442963
1790592497687342800,61.7423427734375,-0.08356760442256927,-0.27946576476097107,0.08092503994703293
1790592497697355000,61.75235498046875,-0.09520535171031952,-0.29922962188720703,0.04945073276758194
1790592497707368000,61.76236791992188,-0.143417090177536,-0.31519073247909546,-0.059504780918359756
1790592497717381000,61.77238110351563,-0.1788637638092041,-0.30805453658103943,-0.10476014018058777
1790592497727393000,61.78239306640625,-0.14750584959983826,-0.26345402002334595,-0.12118678539991379
1790592497737406000,61.79240600585938,-0.1052023321390152,-0.26182523369789124,0.006360786966979504
1790592497747419000,61.8024189453125,-0.11783955991268158,-0.2957238256931305,0.0374705046415329
1790592497757432000,61.81243212890625,-0.11161868274211884,-0.22862042486667633,0.07543227076530457
1790592497767444000,61.82244384765625,-0.07103157788515091,-0.20805735886096954,0.04904007166624069
1790592497777457000,61.83245678710937,-0.081793412566185,-0.18848471343517303,0.1185898557305336
1790592497787469800,61.8424697265625,-0.14206740260124207,-0.1500406563282013,0.026494815945625305
1790592497797482000,61.85248193359375,-0.09858676791191101,-0.08549229800701141,-0.03234266862273216
1790592497807495000,61.86249487304688,-0.06000315770506859,-0.09077654033899307,-0.15722255408763885
1790592497817508000,61.872508056640626,-0.01838540844619274,0.009476296603679657,-0.2609209716320038
1790592497827520000,61.88252001953125,-0.03734498471021652,0.013529094867408276,-0.1719767302274704
1790592497837533000,61.892532958984376,-0.04673529043793678,0.06462237238883972,0.048815567046403885
1790592497847545900,61.9025458984375,0.024007588624954224,0.03787970915436745,0.28771230578422546
1790592497857558000,61.91255810546875,0.08725766092538834,0.03927600383758545,0.26354438066482544
1790592497867571000,61.922571044921874,0.07568170130252838,0.09134931862354279,0.18531082570552826
1790592497877584000,61.932583984375,0.05482941493391991,0.09553448110818863,0.004918418824672699
1790592497887595800,61.942595703125,0.047843944281339645,0.11169321089982986,-0.08407829701900482
1790592497897609000,61.95260888671875,0.05484779179096222,0.10626355558633804,-0.11471477150917053
1790592497907622000,61.962621826171876,0.0967174768447876,0.11680914461612701,-0.0744728073477745
1790592497917634000,61.97263403320313,0.1436101496219635,0.09586284309625626,-0.0692647323012352
1790592497927647000,61.98264697265625,0.09561732411384583,0.09830603003501892,-0.07754422724246979
1790592497937660000,61.992659912109374,0.06586875021457672,0.11771009117364883,-0.02624695748090744
1790592497947673000,62.00267309570312,0.10843192785978317,0.07644680142402649,0.08368141204118729
1790592497957685000,62.01268505859375,0.10447447001934052,0.01767856627702713,0.1901140958070755
1790592497967698000,62.02269799804687,0.0332556813955307,-0.0008045702707022429,0.08838827908039093
1790592497977710800,62.0327109375,0.02309066243469715,0.06926585733890533,-0.04809606447815895
1790592497987722800,62.04272265625,0.058435603976249695,0.009362313896417618,-0.10665817558765411
1790592497997736000,62.05273583984375,0.05454312637448311,0.011139441281557083,-0.06903223693370819
1790592498007749000,62.0627490234375,0.026299238204956055,0.007754829712212086,-0.041742559522390366
1790592498017761000,62.07276098632813,0.0023446374107152224,-0.04272432252764702,0.030413124710321426
1790592498027774000,62.08277392578125,0.014589852653443813,-0.062376588582992554,-0.04937091842293739
1790592498037787000,62.09278686523437,0.03185991942882538,-0.025491274893283844,-0.10148870944976807
1790592498047798800,62.102798828125,-0.045001305639743805,-0.08594663441181183,-0.0692940205335617
1790592498057811700,62.11281176757812,-0.07323826849460602,-0.08545288443565369,0.10155361890792847
1790592498067825000,62.12282495117187,-0.06369376927614212,-0.12455980479717255,0.044963039457798004
1790592498077836800,62.1328369140625,-0.03720144182443619,-0.0589352510869503,-0.11471636593341827
1790592498087849700,62.142849609375,-0.01807541772723198,-0.052041925489902496,-0.0825861245393753
1790592498097862700,62.152862548828125,-0.03877723217010498,-0.03734207525849342,-0.048659320920705795
1790592498107874800,62.16287475585938,-0.06957881897687912,-0.02162090316414833,0.13517175614833832
1790592498117887700,62.1728876953125,-0.09304233640432358,-0.045597873628139496,0.257377564907074
1790592498127901000,62.18290087890625,-0.05894694849848747,-0.026741361245512962,0.23241469264030457
1790592498137913600,62.19291357421875,0.014131522737443447,-0.04522183537483215,0.02778857946395874
1790592498147925800,62.20292578125,0.04071040078997612,0.03753935545682907,-0.1921437829732895
1790592498157938700,62.21293872070312,0.022290116176009178,0.08228977769613266,-0.29806116223335266
1790592498167952000,62.22295190429688,0.0491827167570591,0.0736672654747963,-0.21929843723773956
1790592498177963800,62.2329638671875,0.02440333366394043,0.04747188091278076,0.020489655435085297
1790592498187977000,62.24297705078125,-0.009753569960594177,0.06854493916034698,0.11380868405103683
1790592498197989600,62.25298974609375,0.03589726984500885,0.09657098352909088,0.18321092426776886
1790592498208001800,62.263001708984376,0.07731874287128448,0.05660492554306984,0.13313737511634827
1790592498218014700,62.2730146484375,0.06680352240800858,0.1375056356191635,0.05590037629008293
1790592498228028000,62.28302783203125,0.04557892680168152,0.14349988102912903,-0.029586296528577805
1790592498238039800,62.293039794921874,0.08952907472848892,0.17397309839725494,-0.12690645456314087
1790592498248052700,62.303052734375,0.12035516649484634,0.24270130693912506,-0.14567935466766357
1790592498258065700,62.31306567382813,0.08262589573860168,0.2130454033613205,-0.034345898777246475
1790592498268077800,62.32307788085937,0.055070966482162476,0.19931067526340485,0.01641075685620308
1790592498278090800,62.3330908203125,0.047540612518787384,0.19991175830364227,0.14165548980236053
1790592498288104000,62.34310400390625,0.05363525450229645,0.1409062296152115,0.1037408709526062
1790592498298116900,62.353116943359375,0.09543942660093307,0.21533119678497314,-0.06300443410873413
1790592498308128800,62.363128662109375,0.08109510689973831,0.22586746513843536,-0.0870373323559761
1790592498318141700,62.3731416015625,0.08948247134685516,0.22079066932201385,0.004065142013132572
1790592498328155000,62.38315478515625,0.13179801404476166,0.19394463300704956,0.17764133214950562
1790592498338166800,62.39316674804687,0.07347477972507477,0.1772833615541458,0.18688489496707916
1790592498348179700,62.4031796875,0.060328081250190735,0.2017519623041153,0.0600808747112751
1790592498358193000,62.41319287109375,0.05860821157693863,0.18891765177249908,-0.031783267855644226
1790592498368204800,62.42320483398437,0.017470097169280052,0.17084065079689026,-0.05617675930261612
1790592498378217700,62.4332177734375,-0.018826924264431,0.1480296105146408,-0.03884384036064148
1790592498388231000,62.44323095703125,-0.016557645052671432,0.09931185841560364,0.031048692762851715
1790592498398242800,62.45324291992188,0.020260024815797806,0.10082879662513733,-0.04366708919405937
1790592498408255700,62.463255859375,0.01192353293299675,0.17416134476661682,-0.04333872348070145
1790592498418269000,62.47326904296875,-0.01684473268687725,0.15535703301429749,0.05579398572444916
1790592498428280800,62.48328076171875,-0.052198994904756546,0.13957805931568146,0.12190056592226028
1790592498438293800,62.49329370117187,-0.0485970713198185,0.19159652292728424,0.09145744144916534
1790592498448306700,62.503306640625,-0.03705519437789917,0.19638942182064056,0.00902807991951704
1790592498458318600,62.51331860351563,-0.01894543506205082,0.1887567937374115,-0.03331990912556648
1790592498468331800,62.52333178710938,-0.0295376256108284,0.18845026195049286,-0.03970297425985336
1790592498478345000,62.533344970703126,-0.030051348730921745,0.18235881626605988,-0.1129889041185379
1790592498488356900,62.54335693359375,-0.01388489454984665,0.20524469017982483,-0.017398200929164886
1790592498498369800,62.553369873046876,-0.037992097437381744,0.12485664337873459,-0.015170999802649021
1790592498508382700,62.5633828125,-0.015146699734032154,0.15715385973453522,0.006263185758143663
1790592498518396000,62.57339599609375,-0.02856583707034588,0.1119040846824646,-0.0073381103575229645
1790592498528407800,62.58340771484375,-0.02304936572909355,0.09591526538133621,0.0797126367688179
1790592498538421000,62.5934208984375,-0.030417531728744507,0.055197667330503464,0.07807265967130661
1790592498548433700,62.60343359375,-0.0351204089820385,0.08830128610134125,0.08643472194671631
1790592498558445600,62.61344555664063,-0.007583057042211294,0.08545517176389694,0.09659015387296677
1790592498568458800,62.623458740234376,0.03539077565073967,0.035599466413259506,-0.09688636660575867
1790592498578472000,62.633471923828125,0.043417274951934814,0.11036504805088043,-0.2656055986881256
1790592498588483800,62.64348388671875,-0.010984445922076702,0.06624605506658554,-0.23204125463962555
1790592498598497000,62.6534970703125,-0.10918398201465607,0.04614584892988205,-0.06428848206996918
1790592498608509700,62.663509765625,-0.08730051666498184,-0.005804434418678284,0.22248390316963196
1790592498618521600,62.673521484375,-0.024993473663926125,-0.0552031435072422,0.24245335161685944
1790592498628534800,62.68353466796875,-0.0368136465549469,-0.016231508925557137,0.09551636874675751
1790592498638548000,62.6935478515625,-0.13097822666168213,-0.04302956536412239,-0.0560595765709877
1790592498648559900,62.70355981445312,-0.14863897860050201,-0.033740460872650146,-0.14248155057430267
1790592498658572800,62.71357275390625,-0.06931512802839279,-0.04190012067556381,-0.08441558480262756
1790592498668585700,62.723585693359375,-0.034323323518037796,-0.09026099741458893,0.06009898707270622
1790592498678597600,62.73359765625,-0.08147644996643066,-0.13921602070331573,0.108415387570858
1790592498688610800,62.74361083984375,-0.15867936611175537,-0.11210637539625168,0.07998800277709961
1790592498698624000,62.7536240234375,-0.16525790095329285,-0.11750753223896027,-0.020051509141921997
1790592498708636000,62.763635986328126,-0.07130423933267593,-0.09955623000860214,-0.05292317271232605
1790592498718648800,62.77364892578125,-0.06502051651477814,-0.11262329667806625,-0.03306398168206215
1790592498728661800,62.78366186523437,-0.14357976615428925,-0.1311969757080078,-0.061376847326755524
1790592498738675000,62.79367504882813,-0.1543719619512558,-0.1289186328649521,-0.10120681673288345
1790592498748686800,62.80368676757813,-0.11768452078104019,-0.12367994338274002,-0.011597038246691227
1790592498758699800,62.81369970703125,-0.12014901638031006,-0.14597298204898834,-0.016907647252082825
1790592498768712700,62.823712646484374,-0.13229036331176758,-0.11389229446649551,-0.025294475257396698
1790592498778724900,62.833724853515626,-0.13758552074432373,-0.1317482441663742,0.0068450868129730225
1790592498788737800,62.84373779296875,-0.1323162019252777,-0.1571100652217865,0.044884614646434784
1790592498798751000,62.8537509765625,-0.1142818033695221,-0.13370007276535034,-0.01627834141254425
1790592498808763000,62.863762939453125,-0.11404558271169662,-0.08965432643890381,-0.04358053579926491
1790592498818775800,62.87377587890625,-0.12977421283721924,-0.0975271686911583,-0.09554946422576904
1790592498828788700,62.88378881835938,-0.12677815556526184,-0.08305128663778305,-0.10362017154693604
1790592498838801000,62.89380078125,-0.12241216748952866,-0.1092115193605423,-0.05962475389242172
1790592498848813800,62.90381372070313,-0.0763181746006012,-0.10713692009449005,0.03717263042926788
1790592498858826800,62.91382666015625,-0.047747522592544556,-0.14566059410572052,0.15813474357128143
1790592498868839000,62.9238388671875,-0.08268766105175018,-0.15010115504264832,0.07251571118831635
1790592498878851800,62.933851806640625,-0.11111769825220108,-0.09863930195569992,-0.007774868980050087
1790592498888864800,62.94386474609375,-0.08201361447572708,-0.11976455897092819,0.007118592970073223
1790592498898877000,62.953876953125,-0.021153993904590607,-0.13285692036151886,-0.0026876982301473618
1790592498908889900,62.96388989257812,-0.027752507477998734,-0.11156015843153,-0.0261504165828228
1790592498918902800,62.97390283203125,-0.049895092844963074,-0.1299000084400177,-0.15446683764457703
1790592498928915700,62.98391577148438,-0.038712482899427414,-0.10737153887748718,-0.17035605013370514
1790592498938927900,62.99392797851562,-0.04043208435177803,-0.10158422589302063,-0.07097168266773224
1790592498948940800,63.00394091796875,-0.05505630001425743,-0.09957221150398254,0.07954911887645721
1790592498958954000,63.0139541015625,-0.04807296022772789,-0.11987188458442688,0.18217536807060242
1790592498968966000,63.0239658203125,-0.06188837066292763,-0.09414095431566238,0.13203710317611694
1790592498978978800,63.033978759765624,-0.06061138957738876,-0.08099719136953354,-0.014095081947743893
1790592498988991700,63.04399169921875,-0.019983533769845963,-0.05728946253657341,-0.11922603100538254
1790592498999004000,63.05400390625,-0.00847548246383667,-0.07868556678295135,-0.010071844793856144
1790592499009016800,63.06401684570312,-0.06384819000959396,-0.11210930347442627,-0.019805699586868286
1790592499019029800,63.07402978515625,-0.05710533633828163,-0.07499255985021591,-0.027921415865421295
1790592499029041700,63.08404174804687,0.0017334793228656054,-0.08128800988197327,0.01107312086969614
1790592499039054800,63.09405493164063,0.022442486137151718,-0.08259455859661102,0.04181265830993652
1790592499049067800,63.10406787109375,-0.023299969732761383,-0.1073843240737915,-0.02085951343178749
1790592499059080400,63.11408056640625,-0.028600990772247314,-0.08069918304681778,0.025140203535556793
1790592499069093400,63.12409326171875,-0.004530275706201792,-0.08641859143972397,-0.027262285351753235
1790592499079106600,63.1341064453125,0.022723449394106865,-0.055202875286340714,-0.03485522419214249
1790592499089118500,63.14411840820313,0.0015899349236860871,-0.06478174030780792,0.033820245414972305
1790592499099131600,63.154131591796876,-0.002075373660773039,-0.07925308495759964,0.06475898623466492
1790592499109144600,63.16414453125,0.051248036324977875,-0.07661043107509613,0.07497646659612656
1790592499119156500,63.174156494140625,0.02781780995428562,-0.10981286317110062,0.034852221608161926
1790592499129169400,63.18416943359375,0.0002644796622917056,-0.06606884300708771,-0.018907148391008377
1790592499139182600,63.1941826171875,0.00325973704457283,-0.08855018019676208,0.0033044139854609966
1790592499149194500,63.20419458007812,0.07822159677743912,-0.06270527094602585,0.017014898359775543
1790592499159207700,63.21420776367187,0.04609828069806099,-0.07699206471443176,-0.022561803460121155
1790592499169220400,63.22422045898438,-0.0014495307113975286,-0.019345808774232864,0.006353733129799366
1790592499179233500,63.234233642578126,0.045235149562358856,-0.007189011666923761,0.02614687755703926
1790592499189245400,63.244245361328126,0.05621989071369171,0.013502685353159904,0.08185621351003647
1790592499199258600,63.254258544921875,0.0036115406546741724,0.0014846378471702337,0.07894617319107056
1790592499209271600,63.264271484375,-0.027180993929505348,-0.00247122161090374,-0.04906611517071724
1790592499219283500,63.274283447265624,0.008694449439644814,0.016874246299266815,-0.08599111437797546
1790592499229296400,63.28429638671875,0.02111862786114216,-0.01679077185690403,0.012738395482301712
1790592499239309600,63.2943095703125,0.048351582139730453,0.0010084646055474877,0.037429627031087875
1790592499249321500,63.30432153320312,0.06414706259965897,0.03357120230793953,0.08054167777299881
1790592499259334700,63.31433471679688,-0.002703347010537982,-0.024644434452056885,0.009286140091717243
1790592499269347300,63.324347412109375,-0.01283241342753172,0.030222276225686073,-0.14390712976455688
1790592499279359500,63.334359375,0.029588012024760246,0.055498071014881134,-0.1594802290201187
1790592499289372400,63.344372314453125,0.01762988790869713,-0.031561464071273804,0.058599893003702164
1790592499299385600,63.354385498046874,0.005382276140153408,-0.10772734135389328,0.1214614138007164
1790592499309397500,63.3643974609375,-0.012453446164727211,-0.047662403434515,0.10556660592556
1790592499319410700,63.37441064453125,-0.03325299918651581,-0.08322972059249878,0.05456547066569328
1790592499329423400,63.38442333984375,0.014413505792617798,-0.0875992625951767,-0.08587177842855453
1790592499339435500,63.394435546875,0.02399209700524807,-0.04793680086731911,-0.19675487279891968
1790592499349448400,63.40444848632813,0.003456994891166687,-0.04950593784451485,-0.16549763083457947
1790592499359461600,63.41446166992188,-0.016241341829299927,-0.09489072859287262,-0.05248772352933884
1790592499369473500,63.4244736328125,-0.03376121446490288,-0.11598962545394897,0.11677533388137817
1790592499379486500,63.43448657226563,-0.027621828019618988,-0.1281176656484604,0.17830155789852142
1790592499389499400,63.44449951171875,0.01706894300878048,-0.10990216583013535,0.07592244446277618
1790592499399512600,63.4545126953125,0.0011277940357103944,-0.1145389974117279,0.026233455166220665
1790592499409524500,63.4645244140625,-0.05471336841583252,-0.1290484368801117,-0.03053395263850689
1790592499419537700,63.47453759765625,-0.003442989429458976,-0.10294439643621445,-0.019755341112613678
1790592499429550300,63.48455029296875,0.012560212053358555,-0.1289789378643036,0.059681691229343414
1790592499439562500,63.4945625,-0.018460022285580635,-0.1493196189403534,0.03119678795337677
1790592499449575400,63.50457543945313,-0.024195140227675438,-0.0846378281712532,-0.11267436295747757
1790592499459588600,63.514588623046876,-0.005041684955358505,-0.038771532475948334,-0.13099077343940735
1790592499469600500,63.5246005859375,0.057665903121232986,-0.04453195258975029,0.04839148744940758
1790592499479613400,63.534613525390625,0.03519788011908531,-0.06471072137355804,0.11265462636947632
1790592499489626400,63.54462646484375,-0.022619081661105156,-0.03219325840473175,0.12193627655506134
1790592499499638500,63.554638427734375,-0.017968136817216873,-0.040096722543239594,0.017450083047151566
1790592499509651500,63.5646513671875,0.0446784682571888,0.018602540716528893,-0.12835904955863953
1790592499519664600,63.57466455078125,0.0651555135846138,-0.01279532816261053,-0.2048194706439972
1790592499529676500,63.58467651367187,0.04254047945141792,0.0152498884126544,-0.1784168928861618
1790592499539689500,63.594689453125,0.03764479234814644,-0.019464949145913124,-0.032743580639362335
1790592499549702400,63.604702392578126,0.02616177499294281,-0.05325699970126152,0.15742343664169312
1790592499559714600,63.61471459960938,0.033293187618255615,-0.05283275619149208,0.22828856110572815
1790592499569727500,63.6247275390625,0.07419668138027191,0.008564821444451809,0.1332443356513977
1790592499579740400,63.634740478515624,0.0687747523188591,-0.022160600870847702,-0.0726742148399353
1790592499589752300,63.64475244140625,0.0586070641875267,0.024353638291358948,-0.29777657985687256
1790592499599765500,63.654765625,0.04173807054758072,0.038598354905843735,-0.2447093427181244
1790592499609778400,63.6647783203125,0.026071492582559586,-0.0064996154978871346,-0.09853990375995636
1790592499619790600,63.67479052734375,0.06630627065896988,-0.043409962207078934,0.16130658984184265
1790592499629803500,63.68480346679687,0.013318946585059166,-0.06762022525072098,0.2648489773273468
1790592499639816400,63.69481640625,-0.0459425114095211,-0.03400580585002899,0.1270623356103897
1790592499649829400,63.704829345703125,-0.03399796783924103,0.03285125270485878,0.0190916545689106
1790592499659841500,63.71484155273438,-0.01232223492115736,0.03780712932348251,0.06799954175949097
1790592499669854500,63.7248544921875,-0.0008083240245468915,0.03973659127950668,0.08237341791391373
1790592499679867400,63.73486743164062,0.021671151742339134,0.07534465193748474,0.03779769688844681
1790592499689879300,63.74487939453125,0.029322413727641106,0.07891621440649033,-0.196261927485466
1790592499699892500,63.754892578125,0.023486096411943436,0.15798360109329224,-0.3532558083534241
1790592499709905400,63.76490551757813,-0.013260199688374996,0.14285977184772491,-0.1298895627260208
1790592499719917600,63.77491748046875,-0.04513930156826973,0.0946163535118103,0.06365326792001724
1790592499729930500,63.78493041992188,0.018860185518860817,0.07697397470474243,0.3220219612121582
1790592499739943400,63.794943359375,0.018563775345683098,0.032707441598176956,0.30393165349960327
1790592499749955300,63.80495532226563,0.01954701542854309,0.12084528803825378,0.0877346321940422
1790592499759968500,63.814968505859376,0.04232822731137276,0.12517957389354706,-0.11037418991327286
1790592499769981400,63.8249814453125,0.06040869280695915,0.12249778211116791,-0.17673324048519135
1790592499779993600,63.83499365234375,0.026743141934275627,0.12217634171247482,-0.08067009598016739
1790592499790006300,63.84500634765625,0.03766689822077751,0.11891929060220718,-0.013246310874819756
1790592499800019500,63.85501953125,0.07353994250297546,0.09872481226921082,0.11883662641048431
1790592499810031400,63.86503125,0.0187656432390213,0.06619509309530258,0.05401528254151344
1790592499820044500,63.87504443359375,0.01078095380216837,0.11643482744693756,0.0022767228074371815
1790592499830057500,63.88505737304688,0.017568286508321762,0.06315429508686066,0.07674109935760498
1790592499840069600,63.89506958007812,0.017360292375087738,0.05991509556770325,-0.030347267165780067
1790592499850082300,63.905082275390626,0.034911591559648514,0.14038915932178497,-0.08739537745714188
1790592499860095500,63.915095458984375,0.030779428780078888,0.0810755118727684,-0.11256571114063263
1790592499870107400,63.925107421875,0.04234180971980095,0.10042630136013031,-0.020410213619470596
1790592499880120600,63.93512060546875,0.030934425070881844,0.0623452290892601,0.05624035373330116
1790592499890133500,63.94513354492187,0.020251687616109848,0.06096651032567024,0.07452908158302307
1790592499900146400,63.955146484375,0.003548341104760766,0.04992850869894028,0.09847515821456909
1790592499910158300,63.96515844726562,-0.029117725789546967,0.03562147542834282,0.038139913231134415
1790592499920171500,63.97517163085938,-0.03469571843743324,0.05402418226003647,-0.026006845757365227
1790592499930184400,63.985184326171876,-0.01220292504876852,0.05203799903392792,0.051252786070108414
1790592499940196600,63.99519653320313,0.00924750603735447,0.004633463453501463,0.05235773324966431
1790592499950209300,64.00520922851562,0.0033086566254496574,0.050394028425216675,-0.11476654559373856
1790592499960222500,64.01522241210938,-0.034585729241371155,0.07327883690595627,-0.21297939121723175
1790592499970234400,64.025234375,-0.05648224055767059,0.05270378664135933,-0.19081416726112366
1790592499980247600,64.03524755859375,-0.01891995035111904,0.01943611167371273,-0.05930168926715851
1790592499990260500,64.04526049804687,-0.0414566844701767,-0.021259121596813202,0.16298438608646393
1790592500000272600,64.05527270507812,-0.06031585857272148,-0.06089840829372406,0.3045409917831421
1790592500010285300,64.06528540039062,-0.021241694688796997,-0.040106043219566345,0.1274905651807785
1790592500020298500,64.07529858398438,-0.011341924779117107,-0.006334233097732067,-0.0782114639878273
1790592500030310400,64.08531030273437,-0.025317128747701645,-0.017175961285829544,-0.2931613028049469
1790592500040323600,64.09532348632813,-0.02787376381456852,-0.017665717750787735,-0.2946300506591797
1790592500050336800,64.10533666992187,-0.08027278631925583,-0.1022154837846756,-0.09882965683937073
1790592500060349000,64.11534887695312,-0.09556438773870468,-0.14138446748256683,0.14558036625385284
1790592500070361900,64.12536181640625,-0.04645037651062012,-0.1641576886177063,0.24357563257217407
1790592500080375000,64.135375,-0.04459149017930031,-0.17892172932624817,0.2760632634162903
1790592500090387000,64.14538696289063,-0.07117116451263428,-0.19669459760189056,0.2414802610874176
1790592500100399900,64.15539990234375,-0.0922921672463417,-0.15298838913440704,-0.026107246056199074
1790592500110412800,64.16541284179688,-0.030972618609666824,-0.07322698086500168,-0.32779812812805176
1790592500120425000,64.17542504882813,0.003884698497131467,-0.07621291279792786,-0.3092276155948639
1790592500130438000,64.18543798828125,-0.07563382387161255,-0.09646385908126831,-0.20246043801307678
1790592500140451000,64.195451171875,-0.10129044950008392,-0.097279854118824,0.06156028434634209
1790592500150463000,64.205462890625,-0.07455763965845108,-0.16990958154201508,0.2049078643321991
1790592500160476000,64.21547583007812,-0.060576584190130234,-0.15444433689117432,0.1282959133386612
1790592500170488800,64.22548876953125,-0.11085599660873413,-0.12973687052726746,-0.015387758612632751
1790592500180501000,64.2355009765625,-0.13070213794708252,-0.130070298910141,-0.025328004732728004
1790592500190514000,64.24551391601562,-0.08838770538568497,-0.12792298197746277,-0.021735401824116707
1790592500200526800,64.25552685546874,-0.037232909351587296,-0.09433625638484955,-0.011575710028409958
1790592500210538800,64.26553881835937,-0.006010010372847319,-0.09992463886737823,-0.08763665705919266
1790592500220552000,64.27555200195313,-0.02084062248468399,-0.06781863421201706,-0.1337234526872635
1790592500230564900,64.28556494140625,-0.07436376065015793,-0.08007263392210007,-0.09351851046085358
1790592500240577000,64.29557690429688,-0.030439186841249466,-0.0944659560918808,0.06912899017333984
1790592500250590000,64.30558984375,0.0182146355509758,-0.10992560535669327,0.12381859868764877
1790592500260603000,64.31560278320312,-0.012058848515152931,-0.10077498108148575,0.12397785484790802
1790592500270615800,64.32561572265625,-0.031928159296512604,-0.12883059680461884,0.1360933780670166
1790592500280628000,64.3356279296875,-0.04335178807377815,-0.10449648648500443,-0.1750463843345642
1790592500290641000,64.34564086914062,0.014559180475771427,0.027364075183868408,-0.23254430294036865
1790592500300653800,64.35565380859374,0.018258310854434967,-0.06397542357444763,-0.26531609892845154
1790592500310665700,64.36566577148437,-0.00466218451038003,-0.032523490488529205,-0.023339157924056053
1790592500320679000,64.37567895507813,0.004062863998115063,-0.06500233709812164,0.15014049410820007
1790592500330691800,64.38569189453125,0.052615389227867126,-0.05757223814725876,0.16026687622070312
1790592500340704000,64.3957041015625,0.05876222997903824,-0.01247613225132227,0.08716044574975967
1790592500350717000,64.40571704101562,0.008920637890696526,-0.021401982754468918,-0.05512585863471031
1790592500360729900,64.41572973632813,0.03563028201460838,0.0317685604095459,-0.07776778191328049
1790592500370741800,64.42574169921875,0.04434973746538162,-0.04351793974637985,0.06434301286935806
1790592500380755000,64.4357548828125,0.07401708513498306,-0.08904360979795456,0.015008754096925259
1790592500390767900,64.44576782226562,0.07308977097272873,-0.04096316918730736,-0.059597041457891464
1790592500400780000,64.45578002929688,0.051399923861026764,-0.034926846623420715,-0.1183873862028122
1790592500410792700,64.46579272460937,0.04209670051932335,-0.043173592537641525,0.05283895507454872
1790592500420806000,64.47580590820313,0.02802189253270626,-0.07976089417934418,0.1649409979581833
1790592500430817800,64.48581787109374,0.0699983760714531,-0.07020919770002365,0.21597781777381897
1790592500440831000,64.4958310546875,0.09362886846065521,-0.13095031678676605,0.11965899914503098
1790592500450844000,64.50584399414062,0.06712908297777176,-0.09528472274541855,-0.09248201549053192
1790592500460856000,64.51585595703125,0.029572919011116028,-0.08774558454751968,-0.228632390499115
1790592500470868700,64.52586865234375,0.0017420871881768107,-0.0692555233836174,-0.12706635892391205
1790592500480882000,64.5358818359375,0.0003372697392478585,-0.10611873120069504,0.052803535014390945
1790592500490893800,64.54589379882813,0.030925804749131203,-0.10750064253807068,0.09415284544229507
1790592500500907000,64.55590698242187,0.012788613326847553,-0.0786982923746109,0.10442998260259628
1790592500510920000,64.565919921875,0.011842657811939716,-0.027717934921383858,-0.009966903366148472
1790592500520931800,64.57593188476562,0.04451698064804077,-0.00709175318479538,-0.04073626920580864
1790592500530944800,64.58594482421876,0.06207413971424103,-0.012149362824857235,-0.09020980447530746
1790592500540958000,64.5959580078125,0.03970225527882576,0.0351230762898922,-0.11986543238162994
1790592500550969900,64.60596997070313,0.004339734558016062,0.008469096384942532,-0.029342733323574066
1790592500560983000,64.61598315429687,0.013338022865355015,0.014161070808768272,0.024112235754728317
1790592500570996000,64.62599584960938,0.008609847165644169,0.05252017825841904,0.1266290247440338
1790592500581008000,64.6360078125,0.036049194633960724,0.046612486243247986,0.16932828724384308
1790592500591020800,64.64602075195313,0.10187188535928726,0.09730230271816254,0.02906598523259163
1790592500601034000,64.65603393554687,0.12316439300775528,0.14756733179092407,-0.09920357167720795
1790592500611046000,64.6660458984375,0.044959865510463715,0.1197357028722763,-0.1401033252477646
1790592500621058800,64.67605883789062,0.06117798388004303,0.1299862116575241,-0.07135169953107834
1790592500631072000,64.68607202148438,0.07205939292907715,0.10131514817476273,0.15747828781604767
1790592500641084000,64.696083984375,0.052253466099500656,0.027589263394474983,0.21506834030151367
1790592500651096800,64.70609692382813,0.08280391991138458,0.07263822853565216,0.04211786761879921
1790592500661110000,64.71611010742187,0.10212808102369308,0.12817233800888062,-0.2007341831922531
1790592500671122000,64.72612182617188,0.09386029839515686,0.13728752732276917,-0.1851014345884323
1790592500681134800,64.736134765625,0.07717239856719971,0.10531015694141388,0.031021542847156525
1790592500691148000,64.74614794921875,0.07980813086032867,0.08532553166151047,0.16440224647521973
1790592500701160000,64.75615991210938,0.0936533659696579,0.06627487391233444,0.26475200057029724
1790592500711172900,64.7661728515625,0.0900660902261734,0.01812518760561943,0.04442709684371948
1790592500721186000,64.77618603515624,0.08431659638881683,0.1635710746049881,-0.11795595288276672
1790592500731198000,64.78619799804687,0.07278244197368622,0.10198041051626205,-0.16512027382850647
1790592500741211000,64.7962109375,0.12367597967386246,0.08067591488361359,-0.04349689930677414
1790592500751224000,64.80622412109375,0.10571349412202835,0.06245749816298485,0.09006915241479874
1790592500761236000,64.81623608398438,0.05469851195812225,0.03720540180802345,0.13362568616867065
1790592500771249000,64.82624877929688,0.0582229420542717,0.053402483463287354,0.043289657682180405
1790592500781261800,64.83626171875,0.037439364939928055,0.10619699209928513,-0.02170984447002411
1790592500791275000,64.84627490234375,0.008861515671014786,0.12217728793621063,-0.09251397103071213
1790592500801287000,64.85628686523438,0.019326938316226006,0.1810200959444046,-0.10005258768796921
1790592500811300000,64.86630004882812,0.022555755451321602,0.20315203070640564,-0.1384657472372055
1790592500821313000,64.87631298828126,-0.00035355420550331473,0.24335883557796478,-0.019200880080461502
1790592500831325000,64.88632495117187,-0.018100859597325325,0.23259781301021576,0.16606591641902924
1790592500841337900,64.896337890625,0.004835881292819977,0.23359543085098267,0.24519482254981995
1790592500851351000,64.90635107421875,-0.01190341729670763,0.22712847590446472,0.27789735794067383
1790592500861363000,64.91636303710938,-0.06222624331712723,0.22352920472621918,0.027392186224460602
1790592500871376100,64.92637622070312,0.058331333100795746,0.3552083969116211,-0.2482694834470749
1790592500881388800,64.93638891601563,0.16455231606960297,0.3482722043991089,-0.4325559735298157
1790592500891400700,64.94640063476562,0.09263896942138672,0.2755862772464752,-0.21352055668830872
1790592500901414000,64.95641381835938,-0.017925357446074486,0.27945610880851746,0.01188965979963541
1790592500911427000,64.96642700195312,0.025693224743008614,0.2181680053472519,0.21685479581356049
1790592500921439000,64.97643896484375,0.11786442995071411,0.15860320627689362,0.22143515944480896
1790592500931452200,64.9864521484375,0.09970992803573608,0.1792333871126175,0.09009178727865219
1790592500941464800,64.99646484375,0.03077906370162964,0.17172300815582275,-0.01555314939469099
1790592500951476700,65.00647680664062,0.03681565448641777,0.09841176867485046,0.09264016896486282
1790592500961490000,65.01648999023438,0.08101001381874084,0.05992589518427849,0.25132647156715393
1790592500971503000,65.02650317382812,0.08781731873750687,-0.006424365099519491,0.09978675842285156
1790592500981515000,65.03651489257813,0.019639061763882637,0.031695056706666946,-0.03749360144138336
1790592500991528000,65.04652783203124,-0.05337868630886078,0.022169729694724083,-0.2265692502260208
1790592501001540900,65.05654077148438,-0.026881834492087364,0.03195018693804741,-0.2279950976371765
1790592501011552800,65.066552734375,-0.032474204897880554,-0.07596482336521149,-0.06539979577064514
1790592501021566000,65.07656591796875,-0.08658937364816666,-0.10193943232297897,0.05765927582979202
1790592501031579100,65.0865791015625,-0.11292750388383865,-0.13336952030658722,0.11662966012954712
1790592501041591000,65.09659106445312,-0.1411072015762329,-0.19372527301311493,0.15250909328460693
1790592501051603200,65.10660327148437,-0.18773862719535828,-0.1850801259279251,0.07845403999090195
1790592501061616400,65.11661645507813,-0.18341045081615448,-0.1592107117176056,-0.05330665409564972
1790592501071628300,65.12662817382812,-0.15665102005004883,-0.17346660792827606,-0.09194885194301605
1790592501081641200,65.13664111328124,-0.14340072870254517,-0.15913720428943634,-0.19737780094146729
1790592501091654400,65.146654296875,-0.15118300914764404,-0.13049012422561646,-0.09598540514707565
1790592501101666300,65.15666625976563,-0.15927475690841675,-0.1719275712966919,-0.005579344928264618
1790592501111679200,65.16667919921875,-0.17236340045928955,-0.16701963543891907,0.05681292340159416
1790592501121692400,65.1766923828125,-0.19231340289115906,-0.15137702226638794,-0.047938521951436996
1790592501131704300,65.18670434570312,-0.1432609111070633,-0.1025484949350357,-0.12174403667449951
1790592501141717200,65.19671728515625,-0.09673681110143661,-0.1236409991979599,-0.1145327240228653
1790592501151730200,65.20673022460937,-0.1133890300989151,-0.14903903007507324,0.019965164363384247
1790592501161742300,65.21674243164063,-0.09289919584989548,-0.16441959142684937,0.06817663460969925
1790592501171755300,65.22675537109374,-0.1050000712275505,-0.14430047571659088,0.06689298897981644
1790592501181768400,65.2367685546875,-0.09347044676542282,-0.13814696669578552,-0.009427879936993122
1790592501191780400,65.2467802734375,-0.04713703691959381,-0.09095948934555054,-0.1073235496878624
1790592501201793300,65.25679321289063,-0.07286397367715836,-0.0968991369009018,-0.008080053143203259
1790592501211806200,65.26680615234375,-0.07844515889883041,-0.13767452538013458,0.11049160361289978
1790592501221818000,65.27681811523438,0.011190449818968773,-0.14376971125602722,0.12513631582260132
1790592501231831300,65.28683129882812,0.02909701131284237,-0.15283244848251343,0.09297093003988266
1790592501241844500,65.29684448242188,-0.046087220311164856,-0.17159894108772278,-0.05817464366555214
1790592501251856400,65.3068564453125,-0.04683823138475418,-0.12288439273834229,-0.17027242481708527
1790592501261869300,65.31686938476562,-0.0009679454960860312,-0.1307726800441742,-0.14979217946529388
1790592501271882200,65.32688232421874,0.011466353200376034,-0.1510305404663086,-0.03834741190075874
1790592501281894100,65.33689404296875,-0.05615503340959549,-0.1768815815448761,0.10208427160978317
1790592501291907300,65.3469072265625,-0.09297536313533783,-0.17634016275405884,0.04291894659399986
1790592501301920500,65.35692041015625,-0.04640946164727211,-0.14914236962795258,-0.044430870562791824
1790592501311932400,65.36693237304688,-0.024107620120048523,-0.17294569313526154,-0.057853203266859055
1790592501321945000,65.37694506835938,-0.08200793713331223,-0.18437039852142334,0.08003968745470047
1790592501331958300,65.38695825195313,-0.13981039822101593,-0.24051164090633392,0.05059268698096275
1790592501341970200,65.39697021484375,-0.09549032896757126,-0.1534063071012497,-0.08053923398256302
1790592501351983400,65.4069833984375,-0.06247539073228836,-0.12583619356155396,-0.10524697601795197
1790592501361996300,65.41699633789062,-0.047515083104372025,-0.1359570026397705,-0.05473426729440689
1790592501372008400,65.42700854492188,-0.0224014762789011,-0.11939986795186996,-0.026368673890829086
1790592501382021000,65.43702124023437,-0.06803660094738007,-0.13772694766521454,0.005192981101572514
1790592501392034300,65.44703442382813,-0.09197629243135452,-0.19353508949279785,0.02101934887468815
1790592501402046200,65.45704614257812,-0.042693961411714554,-0.16898153722286224,-0.03160551190376282
1790592501412059400,65.46705932617188,-0.03649332374334335,-0.1481255292892456,0.025857513770461082
1790592501422072300,65.477072265625,-0.05808889865875244,-0.1886465847492218,0.13730600476264954
1790592501432084200,65.48708422851563,-0.01463836058974266,-0.18637198209762573,0.13838911056518555
1790592501442097200,65.49709716796875,-0.006908802781254053,-0.12321298569440842,-0.01567341759800911
1790592501452110300,65.5071103515625,0.005185410380363464,-0.07157322764396667,-0.17206037044525146
1790592501462122200,65.51712231445312,0.04559994488954544,-0.061686500906944275,-0.15466326475143433
1790592501472135400,65.52713549804687,-0.0008495785878039896,-0.059938669204711914,-0.058431535959243774
1790592501482148400,65.5371484375,0.007827798835933208,-0.057788699865341187,0.1165943369269371
1790592501492160300,65.54716015625,0.038414206355810165,-0.0879836231470108,0.22188988327980042
1790592501502173200,65.55717309570312,0.049238622188568115,-0.052794475108385086,0.03407496213912964
1790592501512186400,65.56718627929688,0.05606323853135109,0.031519073992967606,-0.09724178165197372
1790592501522198300,65.5771982421875,0.013381289318203926,-0.003627195954322815,-0.11304018646478653
1790592501532211200,65.58721118164063,0.027028124779462814,0.050102878361940384,-0.10079284012317657
1790592501542224400,65.59722436523438,0.057306405156850815,0.05259186774492264,0.04535877704620361
1790592501552236300,65.607236328125,0.04398420825600624,0.028257500380277634,0.1457466185092926
1790592501562249500,65.61724951171875,0.053924720734357834,0.0797092393040657,0.04804430902004242
1790592501572262400,65.62726245117187,0.14274592697620392,0.11572476476430893,-0.09478075057268143
1790592501582274300,65.6372744140625,0.11374038457870483,0.08865133672952652,-0.09351788461208344
1790592501592287200,65.64728735351562,0.0806540697813034,0.06303971260786057,-0.07879380136728287
1790592501602300400,65.65730053710938,0.06189742684364319,0.04378586262464523,0.07694706320762634
1790592501612312300,65.66731225585937,0.010032630525529385,-0.028407378122210503,0.18933963775634766
1790592501622325500,65.67732543945313,0.025905068963766098,-0.0015869480557739735,0.1584983766078949
1790592501632338200,65.68733813476562,0.06354405730962753,0.00979513581842184,0.10352487862110138
1790592501642350000,65.69735009765625,0.04468834772706032,0.02462494745850563,-0.015965301543474197
1790592501652363300,65.70736328125,0.09705914556980133,0.06936312466859818,-0.21322962641716003
1790592501662376400,65.71737646484375,0.16814742982387543,0.09056055545806885,-0.2705635130405426
1790592501672388400,65.72738842773437,0.12196848541498184,0.035966821014881134,-0.2101086676120758
1790592501682401500,65.73740161132812,0.005538811907172203,-0.0037092212587594986,0.04782113432884216
1790592501692414200,65.74741430664062,-0.09357871860265732,-0.040322091430425644,0.2841883897781372
1790592501702426000,65.75742602539063,-0.04452328756451607,-0.04848308116197586,0.32904481887817383
1790592501712439300,65.76743920898437,0.027562089264392853,-0.017352595925331116,0.14100274443626404
1790592501722452500,65.77745239257813,0.022040823474526405,0.05499989911913872,-0.1134207472205162
1790592501732464400,65.78746435546876,0.028364498168230057,0.07614272832870483,-0.23139134049415588
1790592501742477300,65.79747729492188,0.08730478584766388,0.03622354939579964,-0.07374630868434906
1790592501752490200,65.807490234375,0.05361020192503929,-0.014560004696249962,0.07681017369031906
1790592501762502100,65.81750219726563,-0.03449808433651924,-0.026394560933113098,0.12904594838619232
1790592501772515300,65.82751538085938,-0.01186414621770382,-0.002859406638890505,0.03118809685111046
1790592501782528500,65.83752856445312,0.04685962200164795,0.013663643039762974,-0.031066488474607468
1790592501792540400,65.84754052734375,0.09017220884561539,0.019902365282177925,-0.04142884910106659
1790592501802553300,65.85755322265625,0.021485287696123123,-0.005479956977069378,0.022640947252511978
1790592501812566300,65.86756616210937,-0.00776234595105052,-0.03698355332016945,0.05112665146589279
1790592501822578200,65.877578125,0.027207622304558754,-0.021605929359793663,0.013487396761775017
1790592501832591400,65.88759130859376,0.060068633407354355,-0.021435488015413284,-0.041094355285167694
1790592501842604300,65.89760424804687,0.03236723318696022,-0.018495358526706696,-0.0523693822324276
1790592501852616200,65.9076162109375,0.013588217087090015,-0.007760421838611364,-0.05918201059103012
1790592501862629400,65.91762939453125,0.02730429358780384,-0.01184304803609848,0.038144540041685104
1790592501872642300,65.92764233398438,0.03073631040751934,-0.014300080016255379,0.11147308349609375
1790592501882654200,65.937654296875,0.03614572435617447,-0.005127886775881052,0.13230565190315247
1790592501892667400,65.94766748046875,-0.0010178901720792055,-0.009933029301464558,0.028773408383131027
1790592501902680300,65.95768041992187,-0.009613242000341415,0.05250105634331703,-0.17023131251335144
1790592501912692200,65.96769213867188,0.027270738035440445,0.07143133133649826,-0.2212420105934143
1790592501922705400,65.97770532226562,0.04211626574397087,0.042882781475782394,-0.08599445223808289
1790592501932718300,65.98771826171875,0.02621932327747345,0.022550346329808235,0.010401325300335884
1790592501942730200,65.99773022460937,-0.02011648379266262,0.03293401375412941,0.17472156882286072
1790592501952743200,66.0077431640625,-0.016236258670687675,0.00367678957991302,0.15163302421569824
1790592501962756400,66.01775634765625,0.049235958606004715,0.08046291023492813,0.02306572161614895
1790592501972768300,66.02776831054688,0.048581622540950775,0.07859843224287033,0.0912913829088211
1790592501982781400,66.03778149414063,0.0156369861215353,0.03896447271108627,0.018489079549908638
1790592501992794400,66.04779443359375,0.05473858490586281,0.1118333488702774,-0.08177334070205688
1790592502002806300,66.05780615234374,0.052248794585466385,0.05843857303261757,-0.08630817383527756
1790592502012819200,66.06781909179688,0.05910004302859306,0.05789662152528763,-0.0556916743516922
1790592502022832400,66.07783227539062,0.05516442283987999,0.06796176731586456,0.05526706576347351
1790592502032844300,66.08784423828125,0.004516424611210823,0.036215294152498245,0.10709510743618011
1790592502042857500,66.097857421875,0.0627477690577507,0.0602005198597908,0.07884456217288971
1790592502052870400,66.10787036132812,0.0846746414899826,0.06417794525623322,0.005202834960073233
1790592502062882300,66.11788232421875,0.04763193801045418,0.050887446850538254,-0.014399096369743347
1790592502072895500,66.1278955078125,0.05944439023733139,0.07101961225271225,-0.09239722788333893
1790592502082908400,66.13790844726563,0.06655316799879074,0.06284823268651962,-0.08159144967794418
1790592502092920600,66.14792065429687,0.03376299515366554,0.0510600209236145,-0.03263003006577492
1790592502102933500,66.15793359375,0.045397281646728516,0.049023501574993134,-0.01116814836859703
1790592502112946400,66.16794653320312,0.015463082119822502,0.021753527224063873,0.010638080537319183
1790592502122958300,66.17795825195313,-0.03473776951432228,0.022104797884821892,0.10287933051586151
1790592502132971500,66.18797143554687,-0.021822771057486534,0.0379098616540432,0.07764694094657898
1790592502142984400,66.197984375,0.021490346640348434,0.07678588479757309,0.030582759529352188
1790592502152996600,66.20799658203126,0.03519897162914276,0.08688725531101227,-0.09367500990629196
1790592502163009300,66.21800927734375,0.06772015988826752,0.12945708632469177,-0.15962445735931396
1790592502173022500,66.2280224609375,0.07321932166814804,0.05501428246498108,-0.03648815304040909
1790592502183034400,66.23803442382813,-0.01939237117767334,0.009930690750479698,0.03449680656194687
1790592502193047600,66.24804760742188,-0.0385732538998127,-0.0014591163489967585,0.06968089193105698
1790592502203060500,66.258060546875,-0.030123578384518623,-0.0342644639313221,0.07376458495855331
1790592502213072600,66.26807275390625,-0.013690009713172913,-0.018664734438061714,0.0665157288312912
1790592502223085300,66.27808520507813,0.023969750851392746,0.005340733099728823,0.09447545558214188
1790592502233098500,66.28809838867187,0.02561771497130394,0.008901379071176052,0.03811923786997795
1790592502243110400,66.2981103515625,0.0490759052336216,0.028511565178632736,-0.05562456324696541
1790592502253123600,66.30812353515626,0.06471425294876099,0.0017750263214111328,-0.2048334777355194
1790592502263136500,66.31813647460937,0.07190212607383728,0.0027795706409960985,-0.12428431957960129
1790592502273148400,66.3281484375,0.025417711585760117,-0.060549333691596985,0.01646267995238304
1790592502283161300,66.33816137695312,-0.01060234010219574,-0.09007447212934494,0.13714835047721863
1790592502293174500,66.34817456054688,-0.007010535802692175,-0.1023218184709549,0.21341675519943237
1790592502303186400,66.3581865234375,0.004747587256133556,-0.09377387166023254,0.10848474502563477
1790592502313199600,66.36819970703125,0.06281834840774536,-0.013453194871544838,-0.09060917794704437
1790592502323212300,66.37821240234375,0.0367388091981411,-0.005329488310962915,-0.14153972268104553
1790592502333224400,66.38822436523438,0.006888263393193483,-0.037015125155448914,-0.11179693788290024
1790592502343237400,66.3982373046875,0.015905993059277534,-0.03981384262442589,-0.052873432636260986
1790592502353250600,66.40825048828125,0.002941458486020565,-0.042858101427555084,0.05086121708154678
1790592502363262500,66.41826245117187,-0.002869558986276388,-0.04591807350516319,0.07203361392021179
1790592502373275400,66.428275390625,0.0008849655278027058,-0.021566128358244896,0.07090150564908981
1790592502383288300,66.43828833007812,0.0016745927277952433,-0.0036768759600818157,-0.00004910258576273918
1790592502393300500,66.44830053710938,0.041608162224292755,0.05994337797164917,-0.03849449381232262
1790592502403313400,66.4583134765625,0.05632026121020317,0.04591517895460129,-0.02029472030699253
1790592502413326600,66.46832666015625,0.030935276299715042,0.08760031312704086,0.00830070674419403
1790592502423338500,66.47833837890624,0.009202550165355206,0.09882020950317383,0.10499289631843567
1790592502433351400,66.48835131835938,0.027577828615903854,0.0917963832616806,0.06440898030996323
1790592502443364400,66.4983642578125,0.060436177998781204,0.12098623067140579,0.01876799389719963
1790592502453376500,66.50837646484375,0.04319779947400093,0.1385878473520279,-0.08528383821249008
1790592502463389400,66.51838940429687,0.07881011813879013,0.22928392887115479,-0.16065502166748047
1790592502473402600,66.52840258789062,0.10899864882230759,0.23975308239459991,-0.168031707406044
1790592502483414500,66.53841455078125,0.07984316349029541,0.2548300623893738,-0.02522609569132328
1790592502493427500,66.54842749023437,0.06553798913955688,0.2618187367916107,0.12817730009555817
1790592502503440400,66.5584404296875,0.04746818169951439,0.22896088659763336,0.24125486612319946
1790592502513452500,66.56845263671875,0.07759305834770203,0.24494625627994537,0.06670968979597092
1790592502523465500,66.57846557617188,0.1403842717409134,0.3620454668998718,-0.05234399810433388
1790592502533477600,66.5884775390625,0.13261103630065918,0.3186154365539551,-0.06263125687837601
1790592502543490300,66.598490234375,0.13012656569480896,0.3486526906490326,-0.02938089333474636
1790592502553503500,66.60850341796875,0.12675634026527405,0.344626784324646,0.05452439561486244
1790592502563515400,66.61851538085938,0.0923839882016182,0.28980642557144165,0.19028116762638092
1790592502573528600,66.62852856445312,0.11676176637411118,0.2875312864780426,0.05944778025150299
1790592502583541500,66.63854150390625,0.13502545654773712,0.3231414556503296,-0.0076260617934167385
1790592502593553700,66.6485537109375,0.10388218611478806,0.2529940605163574,-0.09544725716114044
1790592502603566300,66.65856640625,0.11951200664043427,0.2963532507419586,-0.06398094445466995
1790592502613579500,66.66857958984374,0.10432373732328415,0.26365336775779724,-0.0510915108025074
1790592502623591400,66.67859130859375,0.08271830528974533,0.24023404717445374,0.09315967559814453
1790592502633604600,66.6886044921875,0.05754025653004646,0.16509322822093964,0.13938309252262115
1790592502643617300,66.6986171875,0.041418809443712234,0.16680164635181427,0.09890038520097733
1790592502653629400,66.70862939453124,0.023690147325396538,0.13222236931324005,0.06497810035943985
1790592502663642400,66.71864233398438,-0.004903947468847036,0.07319953292608261,-0.1426248848438263
1790592502673655600,66.72865551757812,-0.0009981556795537472,0.14022676646709442,-0.19757655262947083
1790592502683667500,66.73866748046875,-0.016596555709838867,0.09476900845766068,-0.10230010747909546
1790592502693680600,66.7486806640625,-0.0012455633841454983,0.06279456615447998,0.07759109884500504
1790592502703693300,66.758693359375,-0.0392528660595417,0.03152904659509659,0.22781361639499664
1790592502713705500,66.76870556640625,-0.12197704613208771,0.02082740142941475,0.18544885516166687
1790592502723718400,66.77871850585937,-0.08135371655225754,0.08576672524213791,-0.07980598509311676
1790592502733731600,66.78873168945313,-0.01969168148934841,0.16352568566799164,-0.21401731669902802
1790592502743743500,66.79874340820312,-0.0666797012090683,0.1502746045589447,-0.19979044795036316
1790592502753756400,66.80875634765626,-0.08422087877988815,0.10546319931745529,-0.06306535005569458
1790592502763769300,66.81876928710938,-0.09461545944213867,0.06082781404256821,0.07847260683774948
1790592502773781500,66.82878149414063,-0.12305375933647156,0.03294238820672035,0.17855046689510345
1790592502783794400,66.83879443359375,-0.10345529019832611,0.017557572573423386,0.18460410833358765
1790592502793807600,66.8488076171875,-0.11291244626045227,0.039103079587221146,0.029869381338357925
1790592502803819500,66.85881958007812,-0.08587523549795151,0.07367117702960968,-0.0813351720571518
1790592502813832400,66.86883251953125,-0.059673719108104706,0.046198539435863495,-0.10639897733926773
1790592502823845400,66.87884545898437,0.011572230607271194,0.06073540449142456,-0.17456232011318207
1790592502833857500,66.888857421875,0.038843799382448196,0.049328550696372986,-0.006012186873704195
1790592502843870500,66.89887036132812,-0.05211140587925911,-0.019045978784561157,0.10961241275072098
1790592502853883400,66.90888330078126,-0.05259610339999199,0.018678763881325722,0.1000916138291359
1790592502863895300,66.91889526367187,-0.02474742755293846,0.029836609959602356,0.08681362867355347
1790592502873908500,66.92890844726563,-0.022528747096657753,0.016816681250929832,0.011387309990823269
1790592502883921400,66.93892138671875,0.002278065076097846,0.04971524327993393,-0.08637972921133041
1790592502893933600,66.94893359375,0.01797766610980034,0.06032900512218475,-0.24552437663078308
1790592502903946500,66.95894653320312,0.011540273204445839,0.05703653767704964,-0.21224790811538696
1790592502913959400,66.96895947265625,-0.04123985022306442,0.06741088628768921,-0.05416559800505638
1790592502923971300,66.97897143554688,-0.04597601667046547,0.06531338393688202,0.15567710995674133
1790592502933984500,66.98898461914062,-0.06981131434440613,0.0626307800412178,0.21373935043811798
1790592502943997400,66.99899755859374,-0.047402672469615936,0.10992851853370667,0.12162886559963226
1790592502954009600,67.00900952148437,0.03139467164874077,0.15607070922851562,-0.011448230594396591
1790592502964022300,67.01902221679687,0.031437814235687256,0.15907874703407288,0.015769807621836662
1790592502974035500,67.02903540039063,-0.027356792241334915,0.15176916122436523,0.005145925562828779
1790592502984047400,67.03904736328126,-0.0542704313993454,0.17476050555706024,0.03785380348563194
1790592502994060500,67.049060546875,-0.03424212709069252,0.13231611251831055,-0.05104251205921173
1790592503004073500,67.05907348632813,0.009397760033607483,0.19920219480991364,-0.18208201229572296
1790592503014085600,67.06908569335937,-0.026201512664556503,0.1735394448041916,-0.08930760622024536
1790592503024098300,67.07909838867188,-0.06420109421014786,0.13353556394577026,0.039308689534664154
1790592503034111500,67.08911157226562,-0.01083534024655819,0.151767298579216,0.16431720554828644
1790592503044123400,67.09912329101563,0.04151468351483345,0.15793491899967194,0.1599874347448349
1790592503054136600,67.10913647460937,0.07022915035486221,0.15924492478370667,0.11124599725008011
1790592503064149500,67.1191494140625,0.027164239436388016,0.10730983316898346,-0.021037742495536804
1790592503074161400,67.12916137695312,-0.047486562281847,0.09728436172008514,-0.1323687881231308
1790592503084174600,67.13917456054688,-0.03543362766504288,0.09948573261499405,-0.23756392300128937
1790592503094186500,67.1491865234375,0.027040403336286545,0.12028635293245316,-0.186224564909935
1790592503104199700,67.15919970703125,0.0437978096306324,0.08035624772310257,0.04688724875450134
1790592503114212600,67.16921264648437,-0.026450518518686295,0.026509255170822144,0.12484090030193329
1790592503124224800,67.17922485351562,-0.030308905988931656,0.04382938891649246,0.12510348856449127
1790592503134237400,67.18923754882813,-0.04238394647836685,0.06090104952454567,0.07154625654220581
1790592503144250600,67.19925073242187,0.004058654420077801,0.05266149714589119,-0.010341953486204147
1790592503154262500,67.20926245117188,0.0005741746281273663,0.008459948003292084,0.03128405287861824
1790592503164275700,67.21927563476562,-0.09125082194805145,-0.09331807494163513,-0.035286981612443924
1790592503174288400,67.22928833007812,-0.10984847694635391,-0.07130571454763412,-0.12558412551879883
1790592503184300500,67.23930053710937,-0.12085532397031784,-0.11940693110227585,-0.037837494164705276
1790592503194313500,67.2493134765625,-0.18081612884998322,-0.19306518137454987,0.10259684920310974
1790592503204326700,67.25932666015625,-0.15396614372730255,-0.14835549890995026,0.08494435250759125
1790592503214338600,67.26933862304688,-0.10750116407871246,-0.1266603320837021,0.01037450972944498
1790592503224351700,67.27935180664062,-0.11337769776582718,-0.14474238455295563,-0.1289476901292801
1790592503234364400,67.28936450195313,-0.11644858866930008,-0.1267724484205246,-0.16418957710266113
1790592503244376600,67.29937646484375,-0.1354300081729889,-0.18508368730545044,-0.017915718257427216
1790592503254389500,67.30938940429688,-0.14854739606380463,-0.22149255871772766,0.02532469667494297
1790592503264402700,67.31940258789062,-0.16430266201496124,-0.219166561961174,0.06509740650653839
1790592503274414600,67.32941455078125,-0.20803043246269226,-0.25242355465888977,0.11740215867757797
1790592503284427500,67.33942749023437,-0.1871909350156784,-0.24099062383174896,0.03844742476940155
1790592503294440400,67.3494404296875,-0.10398286581039429,-0.19496215879917145,-0.1124640628695488
1790592503304452600,67.35945263671876,-0.10636027157306671,-0.17248214781284332,-0.19238606095314026
1790592503314465500,67.36946557617188,-0.1402873396873474,-0.18102982640266418,-0.15505945682525635
1790592503324478700,67.37947875976562,-0.14530660212039948,-0.16831110417842865,-0.10949543118476868
1790592503334490600,67.38949072265625,-0.11764200031757355,-0.18023404479026794,0.022524219006299973
1790592503344503600,67.39950366210938,-0.10213228315114975,-0.24533873796463013,0.15329474210739136
1790592503354516500,67.4095166015625,-0.10416960716247559,-0.2458905577659607,0.10291865468025208
1790592503364528600,67.41952856445313,-0.09053076058626175,-0.22300787270069122,0.014650584198534489
1790592503374541600,67.42954150390625,-0.12072381377220154,-0.2374805510044098,-0.11446079611778259
1790592503384554800,67.4395546875,-0.0896306112408638,-0.19504095613956451,-0.17372386157512665
1790592503394566700,67.44956665039062,-0.04588951915502548,-0.19167764484882355,-0.014776014722883701
1790592503404579600,67.45957958984376,-0.09821557253599167,-0.25788646936416626,0.1261366307735443
1790592503414592500,67.46959252929688,-0.08661936968564987,-0.2399522364139557,0.13865961134433746
1790592503424604700,67.47960473632813,-0.08512267470359802,-0.23045247793197632,0.11878576874732971
1790592503434617600,67.48961767578125,-0.1274629384279251,-0.2899133861064911,-0.0915866419672966
1790592503444630500,67.49963061523438,-0.0754077285528183,-0.19627372920513153,-0.31199410557746887
1790592503454642400,67.50964233398437,-0.04833749681711197,-0.21211500465869904,-0.17065510153770447
1790592503464655600,67.51965551757813,-0.14196890592575073,-0.268510103225708,0.049321480095386505
1790592503474668500,67.52966845703125,-0.11595835536718369,-0.26889359951019287,0.09780911356210709
1790592503484680700,67.5396806640625,-0.03827980160713196,-0.23344533145427704,0.12093760818243027
1790592503494693600,67.54969360351562,-0.08308695256710052,-0.2956218719482422,0.08638149499893188
1790592503504705800,67.55970581054687,-0.09500540047883987,-0.2845207452774048,-0.0738699659705162
1790592503514718500,67.56971850585937,-0.08512507379055023,-0.24613796174526215,-0.11698920279741287
1790592503524731600,67.57973168945313,-0.10188914090394974,-0.3126906156539917,-0.059699010103940964
1790592503534743600,67.58974365234376,-0.07170380651950836,-0.3069123327732086,-0.05545606464147568
1790592503544756700,67.5997568359375,-0.10868898779153824,-0.30678024888038635,0.04526016116142273
1790592503554769400,67.60976928710937,-0.13500180840492249,-0.3178286552429199,0.03501471132040024
1790592503564781600,67.61978149414062,-0.03192709758877754,-0.2861247658729553,0.025366079062223434
1790592503574794500,67.62979443359374,-0.028020506724715233,-0.31859323382377625,0.04219885542988777
1790592503584807700,67.6398076171875,-0.060344893485307693,-0.3247342109680176,-0.07948310673236847
1790592503594819600,67.64981958007813,0.010605715215206146,-0.2721935212612152,-0.1303367018699646
1790592503604832800,67.65983276367187,-0.024712860584259033,-0.32006409764289856,-0.08895916491746902
1790592503614845400,67.66984545898437,-0.07830924540758133,-0.3693280518054962,-0.03273237496614456
1790592503624857600,67.67985766601562,-0.061972878873348236,-0.33517780900001526,0.06092407554388046
1790592503634870500,67.68987060546876,-0.075215183198452,-0.36153244972229004,0.1396242082118988
1790592503644883700,67.6998837890625,-0.03487761318683624,-0.33076414465904236,0.11300298571586609
1790592503654895600,67.7098955078125,0.025404902175068855,-0.28085997700691223,0.023323435336351395
1790592503664908500,67.71990844726562,-0.0006091222749091685,-0.2577091157436371,-0.0991540178656578
1790592503674921500,67.72992138671874,-0.039038803428411484,-0.24904799461364746,-0.08706752210855484
1790592503684933600,67.73993359375,-0.04558432102203369,-0.2689433991909027,-0.07697147876024246
1790592503694946600,67.74994653320313,-0.016107121482491493,-0.26282984018325806,-0.10174021124839783
1790592503704959700,67.75995971679687,-0.011552584357559681,-0.241516575217247,0.002929479582235217
1790592503714971600,67.7699716796875,-0.038801249116659164,-0.23269033432006836,0.18043236434459686
1790592503724984600,67.77998461914062,-0.02636854723095894,-0.24140632152557373,0.13944044709205627
1790592503734997500,67.78999755859375,0.022916976362466812,-0.14628459513187408,0.03678224980831146
1790592503745009700,67.800009765625,0.033154431730508804,-0.11927268654108047,-0.01278476882725954
1790592503755022600,67.81002270507813,0.0731673613190651,-0.05955849215388298,-0.09160634875297546
1790592503765035500,67.82003540039062,0.07676209509372711,0.0077829970978200436,-0.05479427054524422
1790592503775047400,67.83004736328125,0.06219513714313507,0.026044026017189026,-0.005517801269888878
1790592503785060600,67.840060546875,0.11138904839754105,0.050890784710645676,0.019756928086280823
1790592503795073500,67.85007348632813,0.10181418806314468,0.049515530467033386,0.06127135083079338
1790592503805085700,67.86008569335938,0.08726480603218079,0.04961379989981651,0.06685200333595276
1790592503815098600,67.8700986328125,0.14248625934123993,0.07980073243379593,0.08275187015533447
1790592503825111600,67.88011157226562,0.14085747301578522,0.0858122855424881,0.07115194201469421
1790592503835123500,67.89012353515625,0.11317283660173416,0.13951492309570312,-0.020979050546884537
1790592503845136600,67.90013671875,0.16638892889022827,0.22085505723953247,-0.11294493079185486
1790592503855149600,67.91014965820312,0.20133039355278015,0.23145604133605957,-0.08121948689222336
1790592503865161700,67.92016162109375,0.1702052354812622,0.22205135226249695,0.047824516892433167
1790592503875174400,67.93017431640625,0.12844127416610718,0.21833942830562592,0.11486773192882538
1790592503885187600,67.9401875,0.19106072187423706,0.24597053229808807,0.03191292658448219
1790592503895199500,67.95019946289062,0.21372129023075104,0.2205008566379547,0.045464955270290375
1790592503905212700,67.96021264648438,0.1534171998500824,0.17089229822158813,0.06720566749572754
1790592503915225600,67.9702255859375,0.11066973209381104,0.18579959869384766,-0.0031742192804813385
1790592503925237800,67.98023779296875,0.15331120789051056,0.22517123818397522,-0.10728038102388382
1790592503935250400,67.99025048828125,0.16507066786289215,0.2397049069404602,-0.1013103723526001
1790592503945263600,68.000263671875,0.13603875041007996,0.2272927165031433,-0.0010681916028261185
1790592503955275500,68.01027563476562,0.13488426804542542,0.23432132601737976,0.08201124519109726
1790592503965288700,68.02028881835938,0.15595945715904236,0.22437068819999695,0.14358752965927124
1790592503975301600,68.03030151367187,0.10936584323644638,0.1770298182964325,0.17844697833061218
1790592503985313500,68.0403134765625,0.10464779287576675,0.16916470229625702,0.0647832602262497
1790592503995326500,68.05032641601562,0.10692745447158813,0.162702277302742,-0.07885593175888062
1790592504005339600,68.06033959960938,0.072987861931324,0.15638099610805511,-0.15826687216758728
1790592504015351600,68.0703515625,0.08179893344640732,0.1526949107646942,-0.08166370540857315
1790592504025364700,68.08036474609375,0.053687404841184616,0.12226776033639908,-0.014211158268153667
1790592504035376600,68.09037670898438,0.06495843082666397,0.14076288044452667,0.029815953224897385
1790592504045389600,68.1003896484375,0.10502622276544571,0.145390123128891,0.030555780977010727
1790592504055402200,68.11040234375,0.06068193167448044,0.11377094686031342,0.14777986705303192
1790592504065415200,68.12041528320313,0.0003157934988848865,0.10804994404315948,0.1406969279050827
1790592504075427300,68.13042724609375,0.02993813529610634,0.1328498274087906,0.010890999808907509
1790592504085440300,68.14044018554688,0.07787956297397614,0.1380712240934372,-0.10738451033830643
1790592504095452200,68.1504521484375,0.04330587014555931,0.11008113622665405,-0.14801982045173645
1790592504105465000,68.16046508789063,-0.0006815603119321167,0.09198016673326492,-0.17085936665534973
1790592504115478300,68.17047827148437,-0.006431324873119593,0.08572013676166534,-0.062052179127931595
1790592504125490200,68.180490234375,0.009628068655729294,0.04042908921837807,0.1524886041879654
1790592504135503400,68.19050341796876,-0.001687702490016818,0.0007730242796242237,0.19471143186092377
1790592504145516000,68.20051611328125,-0.014758762903511524,0.023875679820775986,0.058827634900808334
1790592504155528200,68.21052807617187,0.0029962651897221804,0.04723826050758362,-0.040460072457790375
1790592504165541000,68.220541015625,0.011175897903740406,0.045653413981199265,-0.023379091173410416
1790592504175554300,68.23055419921874,-0.013250349089503288,0.034764278680086136,-0.0017438353970646858
1790592504185566200,68.24056616210937,-0.024979442358016968,0.033090218901634216,-0.004846684634685516
1790592504195579400,68.25057934570313,-0.004001989495009184,0.01650112122297287,0.013341640122234821
1790592504205592000,68.26059204101563,-0.02534749172627926,-0.007896630093455315,0.05012122541666031
1790592504215604000,68.27060400390624,-0.05985087528824806,-0.010253527201712132,0.04326944798231125
1790592504225617200,68.2806171875,-0.05767800286412239,-0.05335785448551178,0.08556416630744934
1790592504235630300,68.29063037109376,-0.05861330404877663,-0.09238941222429276,0.05861830711364746
1790592504245642200,68.30064233398437,-0.031885288655757904,-0.04980120435357094,-0.11478650569915771
1790592504255655200,68.3106552734375,-0.004904268309473991,-0.033293865621089935,-0.13344994187355042
1790592504265668000,68.32066821289062,-0.0684821829199791,-0.1006726399064064,-0.03177470341324806
1790592504275680000,68.33067993164063,-0.10822799801826477,-0.09248927980661392,-0.07104647904634476
1790592504285693200,68.34069311523437,-0.02481752261519432,-0.056102242320775986,-0.15031173825263977
1790592504295706400,68.35070629882813,-0.011347521096467972,-0.10825172811746597,-0.07203584164381027
1790592504305718300,68.36071826171874,-0.05266913026571274,-0.1621522456407547,0.039742354303598404
1790592504315731200,68.37073120117188,-0.062382474541664124,-0.14856000244617462,0.06211237609386444
1790592504325744000,68.380744140625,-0.04468150809407234,-0.15885791182518005,-0.0033241556957364082
1790592504335756000,68.39075610351563,-0.001200343482196331,-0.12591955065727234,0.008540057577192783
1790592504345769200,68.40076928710937,-0.014732398092746735,-0.1520472913980484,0.12189271301031113
1790592504355782100,68.4107822265625,-0.050471484661102295,-0.17691217362880707,0.03900422528386116
1790592504365794300,68.42079418945312,-0.02006511203944683,-0.10989744961261749,-0.05986775830388069
1790592504375807200,68.43080712890625,0.0012433731462806463,-0.10734108090400696,-0.07032493501901627
1790592504385820200,68.44082006835937,0.002396788215264678,-0.0941842645406723,-0.058203551918268204
1790592504395832000,68.45083203125,-0.04309159889817238,-0.10185790061950684,-0.026851221919059753
1790592504405845200,68.46084521484374,-0.06940576434135437,-0.11340003460645676,0.03190956264734268
1790592504415858200,68.47085815429688,-0.026845252141356468,-0.12300898879766464,0.07805361598730087
1790592504425870000,68.4808701171875,-0.03364536538720131,-0.13872642815113068,0.0883115828037262
1790592504435883300,68.49088330078125,-0.049939386546611786,-0.15853768587112427,-0.01679086498916149
1790592504445896200,68.50089624023437,0.01875339075922966,-0.07959067821502686,-0.24490632116794586
1790592504455908000,68.510908203125,0.07203685492277145,-0.060100335627794266,-0.2262634038925171
1790592504465921300,68.52092138671875,-0.015402715653181076,-0.06574437022209167,-0.035581864416599274
1790592504475934200,68.53093432617187,-0.0539327934384346,-0.06278613209724426,0.1659855991601944
1790592504485946000,68.54094604492188,0.026183610782027245,-0.057572729885578156,0.19864660501480103
1790592504495959300,68.55095922851562,0.039180904626846313,-0.023253636434674263,0.13412433862686157
1790592504505972200,68.56097216796876,0.021437590941786766,0.021562037989497185,-0.09169253706932068
1790592504515984400,68.570984375,0.09414854645729065,0.09392119199037552,-0.180076465010643
1790592504525997000,68.5809970703125,0.07019820809364319,0.06335023045539856,-0.1081324964761734
1790592504536010200,68.59101025390625,-0.007986610755324364,0.059585317969322205,-0.04847449064254761
1790592504546022100,68.60102221679688,0.07037637382745743,0.10840079933404922,-0.030833978205919266
1790592504556035300,68.61103540039062,0.10843933373689651,0.12124282866716385,0.00141849834471941
1790592504566048300,68.62104833984375,0.039437633007764816,0.1383049041032791,0.03736797720193863
1790592504576060400,68.63106030273437,0.05424560606479645,0.19086052477359772,0.05513685569167137
1790592504586073000,68.64107299804688,0.12402069568634033,0.2237047553062439,0.0860082134604454
1790592504596086300,68.65108618164062,0.12247419357299805,0.23183059692382812,0.04953249916434288
1790592504606098200,68.66109814453125,0.09583086520433426,0.2669489085674286,0.034342892467975616
1790592504616111400,68.671111328125,0.06017939746379852,0.2242480367422104,0.07606557011604309
1790592504626124000,68.6811240234375,0.0443841889500618,0.2099633812904358,0.01588665321469307
1790592504636136200,68.69113623046874,0.055734846740961075,0.24384170770645142,-0.09008905291557312
1790592504646149000,68.70114916992188,0.06573314964771271,0.21010372042655945,-0.029562320560216904
1790592504656162300,68.71116235351562,0.018960317596793175,0.14709733426570892,0.09265066683292389
1790592504666174200,68.72117431640625,-0.02126566506922245,0.18470728397369385,0.10326230525970459
1790592504676187400,68.7311875,0.04733976349234581,0.23067425191402435,-0.01623319834470749
1790592504686200000,68.74119995117188,0.08975965529680252,0.227564737200737,-0.04555167257785797
1790592504696212200,68.75121215820313,0.02272283285856247,0.15899845957756042,0.14563505351543427
1790592504706225200,68.76122509765625,-0.021541034802794456,0.07418610155582428,0.1839965581893921
1790592504716238300,68.77123828125,-0.0019319138955324888,0.02260652929544449,0.01866752654314041
1790592504726250200,68.78125024414062,0.019098270684480667,0.028234587982296944,-0.2540244460105896
1790592504736263200,68.79126318359376,0.019404267892241478,0.036186255514621735,-0.321273535490036
1790592504746276000,68.80127612304688,-0.012886027805507183,-0.031194651499390602,-0.1351984739303589
1790592504756288300,68.81128833007813,-0.06310152262449265,-0.08632980287075043,0.07903685420751572
1790592504766301200,68.82130126953125,-0.015291927382349968,-0.08883610367774963,0.0799923986196518
1790592504776314400,68.831314453125,0.042255789041519165,-0.06902272254228592,0.029205922037363052
1790592504786326300,68.841326171875,-0.01223595067858696,-0.11468528211116791,0.02312166430056095
1790592504796339200,68.85133911132813,-0.07916092127561569,-0.13053534924983978,-0.008805643767118454
1790592504806352100,68.86135205078125,-0.05790197104215622,-0.13291621208190918,-0.07204294204711914
1790592504816364300,68.8713642578125,-0.009968801401555538,-0.16078487038612366,-0.015919212251901627
1790592504826377200,68.88137719726562,-0.06568586081266403,-0.16664381325244904,0.040351249277591705
1790592504836390100,68.89139013671875,-0.13132692873477936,-0.10828543454408646,0.06754186004400253
1790592504846402000,68.90140209960937,-0.09645681828260422,-0.052806202322244644,0.12825393676757812
1790592504856415200,68.91141528320313,-0.046021342277526855,-0.021653875708580017,0.10233818739652634
1790592504866428200,68.92142822265625,-0.04600562900304794,0.016692979261279106,0.006177034229040146
1790592504876440300,68.9314404296875,-0.05375489592552185,0.07757950574159622,-0.09033805876970291
1790592504886453200,68.94145336914063,-0.0227623600512743,0.08406616747379303,-0.06156766042113304
1790592504896466200,68.95146606445313,-0.029010668396949768,0.04329849034547806,0.016328472644090652
1790592504906478000,68.96147802734374,-0.0715852901339531,0.027568263933062553,0.0045170858502388
1790592504916491300,68.9714912109375,-0.043005846440792084,0.04260021075606346,-0.010426709428429604
1790592504926504200,68.98150415039062,0.020000815391540527,0.07068857550621033,-0.03109949827194214
1790592504936516400,68.99151635742187,0.039663203060626984,0.09897347539663315,0.051122937351465225
1790592504946529000,69.00152905273437,0.012906687334179878,0.11040589213371277,0.06521185487508774
1790592504956542200,69.01154223632813,0.0948987603187561,0.16627928614616394,0.0010656295344233513
1790592504966554000,69.02155419921876,0.14436164498329163,0.16529470682144165,-0.06019160524010658
1790592504976567300,69.0315673828125,0.11364182084798813,0.17004552483558655,-0.06582312285900116
1790592504986580200,69.04158032226563,0.1073751375079155,0.16757197678089142,0.010256198234856129
1790592504996592400,69.05159228515625,0.07453090697526932,0.13406434655189514,0.12071612477302551
1790592505006605000,69.06160498046874,0.06258103251457214,0.12137997895479202,0.11778105795383453
1790592505016618200,69.0716181640625,0.09233786165714264,0.16305126249790192,-0.013489877805113792
1790592505026630100,69.08163012695313,0.11716225743293762,0.17586931586265564,-0.11768898367881775
1790592505036643300,69.09164331054687,0.10278438031673431,0.1845879852771759,-0.05551322549581528
1790592505046656300,69.10165625,0.07431358844041824,0.15829911828041077,0.08475039899349213
1790592505056668400,69.11166845703124,0.06590519100427628,0.10310617089271545,0.141974538564682
1790592505066681600,69.121681640625,0.07812297344207764,0.07803809642791748,0.11666172742843628
1790592505076694500,69.13169458007812,0.05780705064535141,0.061097461730241776,-0.01761910878121853
1790592505086706700,69.14170678710937,0.021073270589113235,0.05962180346250534,-0.07549972087144852
1790592505096719600,69.1517197265625,-0.03875650465488434,0.0073620630428195,-0.015595905482769012
1790592505106732500,69.16173266601562,-0.03263070061802864,-0.036803532391786575,0.037394341081380844
1790592505116744400,69.17174438476563,0.02934504859149456,-0.05477853864431381,-0.03947087749838829
1790592505126757600,69.18175756835937,-0.000031215662602335215,-0.060212720185518265,-0.12609685957431793
1790592505136770600,69.1917705078125,-0.028228765353560448,-0.08754873275756836,-0.11573822051286697
1790592505146782700,69.20178271484374,-0.02415679208934307,-0.12712064385414124,0.011229317635297775
1790592505156795400,69.21179541015626,-0.06707922369241714,-0.19397318363189697,0.13646286725997925
1790592505166808600,69.22180859375,-0.0886596143245697,-0.22498010098934174,0.11893047392368317
1790592505176820500,69.23182055664063,-0.07815637439489365,-0.22534814476966858,0.006377303972840309
1790592505186833700,69.24183374023437,-0.06389834731817245,-0.23040547966957092,-0.1038389503955841
1790592505196846600,69.2518466796875,-0.042708102613687515,-0.2334606647491455,-0.17864342033863068
1790592505206858800,69.26185864257812,-0.05109626054763794,-0.2497299164533615,-0.08550868183374405
1790592505216871400,69.27187133789063,-0.10108805447816849,-0.31694331765174866,0.060203518718481064
1790592505226884600,69.28188452148437,-0.0855351984500885,-0.321104496717453,0.06841430813074112
1790592505236896500,69.291896484375,-0.03448266535997391,-0.297832190990448,0.024826353415846825
1790592505246909700,69.30190966796874,-0.043434079736471176,-0.28797104954719543,-0.03972627595067024
1790592505256922400,69.31192236328125,-0.0708092451095581,-0.2994476854801178,-0.028844598680734634
1790592505266934500,69.3219345703125,-0.07162630558013916,-0.33335742354393005,-0.03218047320842743
1790592505276947500,69.33194750976563,-0.018579067662358284,-0.34880271553993225,0.007694503292441368
1790592505286960600,69.34196069335937,-0.04357416555285454,-0.3795297145843506,0.0196134801954031
1790592505296972500,69.35197265625,-0.08694933354854584,-0.35992059111595154,-0.04119846969842911
1790592505306985700,69.36198583984375,-0.04074056074023247,-0.35634398460388184,-0.04225121811032295
1790592505316998400,69.37199829101563,-0.00608165143057704,-0.36076241731643677,0.015265338122844696
1790592505327010600,69.38201049804688,-0.002128455089405179,-0.3442023694515228,0.06956798583269119
1790592505337023500,69.3920234375,-0.0031374029349535704,-0.34282514452934265,0.03956983610987663
1790592505347036700,69.40203662109376,0.019496005028486252,-0.28090959787368774,-0.11238214373588562
1790592505357048600,69.41204858398437,0.06588667631149292,-0.20037241280078888,-0.1904609650373459
1790592505367061500,69.4220615234375,0.02978326380252838,-0.20981785655021667,-0.11055415123701096
1790592505377074400,69.43207446289063,-0.0027621632907539606,-0.22183935344219208,0.03634528070688248
1790592505387086600,69.44208666992188,0.011921707540750504,-0.20750968158245087,0.1254860758781433
1790592505397099500,69.452099609375,0.039844151586294174,-0.2073989063501358,0.06779135018587112
1790592505407112700,69.46211279296875,0.08056575059890747,-0.14949138462543488,-0.05716656148433685
1790592505417124600,69.47212451171875,0.06274387985467911,-0.07981511205434799,-0.13992375135421753
1790592505427137500,69.48213745117188,0.050021953880786896,-0.032155707478523254,-0.12691634893417358
1790592505437150500,69.492150390625,0.08176444470882416,0.021512845531105995,-0.027257397770881653
1790592505447162600,69.50216259765625,0.13345959782600403,0.05330513045191765,0.0579640232026577
1790592505457175600,69.51217553710937,0.15436327457427979,0.1376437097787857,0.056489430367946625
1790592505467188500,69.5221884765625,0.13910283148288727,0.20005196332931519,0.06067671999335289
1790592505477200400,69.53220043945312,0.13625352084636688,0.24170513451099396,0.03190392628312111
1790592505487213600,69.54221362304688,0.1746632158756256,0.27948635816574097,0.009166921488940716
1790592505497226500,69.5522265625,0.1788390576839447,0.2790330648422241,-0.029390323907136917
1790592505507238700,69.56223876953125,0.14773307740688324,0.2868262827396393,-0.02165863662958145
1790592505517251600,69.57225146484375,0.11664066463708878,0.2952304184436798,0.011164559051394463
1790592505527263700,69.582263671875,0.13242068886756897,0.3136126399040222,0.03226025775074959
1790592505537276400,69.5922763671875,0.1550660878419876,0.32200291752815247,0.11726462841033936
1790592505547289600,69.60228955078125,0.14035052061080933,0.28897544741630554,0.13763195276260376
1790592505557301500,69.61230151367188,0.1634739488363266,0.35858356952667236,0.03986145183444023
1790592505567314700,69.62231469726562,0.19480231404304504,0.38316720724105835,-0.02640492096543312
1790592505577327600,69.63232763671876,0.15336406230926514,0.3609335422515869,0.018563618883490562
1790592505587340500,69.64234057617188,0.11597967147827148,0.3562849760055542,0.09149428457021713
1790592505597352400,69.6523525390625,0.11242861300706863,0.32557475566864014,0.09790078550577164
1790592505607365600,69.66236572265625,0.09892585128545761,0.30383962392807007,0.054077405482530594
1790592505617377500,69.67237744140625,0.0742841511964798,0.3027450740337372,-0.03361249715089798
1790592505627390700,69.682390625,0.05325876176357269,0.2733914256095886,-0.00042125722393393517
1790592505637403400,69.6924033203125,0.02796938456594944,0.22646546363830566,0.08952833712100983
1790592505647415600,69.70241552734375,0.01042341347783804,0.21821604669094086,0.07761069387197495
1790592505657428500,69.71242846679688,0.004789762664586306,0.2062070518732071,0.04527219757437706
1790592505667441700,69.72244165039062,-0.005427454598248005,0.16648361086845398,0.017252277582883835
1790592505677453600,69.73245361328125,-0.006815760396420956,0.14087678492069244,-0.02213933691382408
1790592505687466500,69.74246655273437,-0.03828074410557747,0.10286416113376617,-0.055191826075315475
1790592505697479400,69.7524794921875,-0.053425874561071396,0.05107233673334122,-0.046348001807928085
1790592505707491600,69.76249169921876,-0.053531866520643234,0.02087874710559845,-0.018312640488147736
1790592505717504500,69.77250439453125,-0.08214806020259857,-0.022654881700873375,0.07923229038715363
1790592505727517700,69.782517578125,-0.09534242749214172,-0.0699390396475792,0.11393062025308609
1790592505737529600,69.79252954101563,-0.09633312374353409,-0.08808315545320511,0.05509526655077934
1790592505747542500,69.80254248046874,-0.1004229411482811,-0.09560232609510422,-0.056770019233226776
1790592505757555500,69.81255541992188,-0.08832260221242905,-0.10137659311294556,-0.11216083914041519
1790592505767567600,69.82256762695313,-0.10624487698078156,-0.1326996237039566,-0.12014445662498474
1790592505777580500,69.83258056640625,-0.12068027257919312,-0.14217914640903473,-0.03511904925107956
1790592505787593700,69.84259375,-0.10326213389635086,-0.17666655778884888,0.09334304928779602
1790592505797605600,69.85260571289062,-0.09891452640295029,-0.19516487419605255,0.055400997400283813
1790592505807618600,69.86261865234376,-0.08825922012329102,-0.15253111720085144,-0.04714002460241318
1790592505817631500,69.87263159179687,-0.0880110114812851,-0.14083053171634674,-0.11582348495721817
1790592505827643600,69.8826435546875,-0.060640376061201096,-0.17401137948036194,-0.05287567526102066
1790592505837656600,69.89265649414062,-0.09392322599887848,-0.18741481006145477,-0.07386777549982071
1790592505847669500,69.90266943359374,-0.11011764407157898,-0.17356610298156738,-0.04384995624423027
1790592505857681400,69.91268139648437,-0.07780258357524872,-0.16990159451961517,0.06668587028980255
1790592505867694600,69.92269458007813,-0.04940343648195267,-0.1877112090587616,0.12721019983291626
1790592505877707500,69.93270751953125,-0.06472459435462952,-0.16490817070007324,0.06571462005376816
1790592505887719700,69.9427197265625,-0.07872483879327774,-0.141169011592865,0.01710633747279644
1790592505897732600,69.95273266601562,-0.054889015853405,-0.14616963267326355,-0.10104800015687943
1790592505907745500,69.96274560546875,-0.03231712803244591,-0.09583242237567902,-0.1430939882993698
1790592505917757400,69.97275732421875,-0.082171231508255,-0.13172677159309387,-0.015387688763439655
1790592505927770600,69.9827705078125,-0.1162828654050827,-0.15209943056106567,0.11786730587482452
1790592505937783600,69.99278344726562,-0.079434834420681,-0.15376417338848114,0.12276352196931839
1790592505947795700,70.00279565429688,-0.06611423194408417,-0.15362274646759033,-0.008279180154204369
1790592505957808400,70.01280834960937,-0.07004213333129883,-0.13762301206588745,-0.06780055910348892
1790592505967821600,70.02282153320313,-0.08870423585176468,-0.16266684234142303,-0.01815231889486313
1790592505977833500,70.03283349609374,-0.0737370029091835,-0.18118540942668915,-0.02026180550456047
1790592505987846700,70.0428466796875,-0.060878198593854904,-0.20511551201343536,0.05242784321308136
1790592505997859600,70.05285961914062,-0.08944538980722427,-0.24402295053005219,0.058118753135204315
1790592506007871700,70.06287182617187,-0.07057076692581177,-0.21034514904022217,-0.04692111536860466
1790592506017884400,70.07288452148437,-0.06211976334452629,-0.2321295440196991,-0.05322881042957306
1790592506027897600,70.08289770507812,-0.05918043106794357,-0.2607742249965668,0.0044845519587397575
1790592506037909500,70.09290942382812,-0.06674620509147644,-0.27471959590911865,0.010953903198242188
1790592506047922700,70.10292260742187,-0.05934661254286766,-0.3011064827442169,-0.029082462191581726
1790592506057935000,70.11293505859375,-0.05298538878560066,-0.306443989276886,-0.014256379567086697
1790592506067947300,70.122947265625,-0.07873948663473129,-0.3246653378009796,0.051014237105846405
1790592506077960000,70.1329599609375,-0.097833551466465,-0.3598877489566803,0.07893801480531693
1790592506087973000,70.14297314453125,-0.08606157451868057,-0.38171476125717163,0.015810975804924965
1790592506097985000,70.15298510742187,-0.09520793706178665,-0.3941463828086853,-0.09425906836986542
1790592506107998200,70.16299829101563,-0.10876129567623138,-0.4066517949104309,-0.14462609589099884
1790592506118011000,70.17301098632812,-0.11501014232635498,-0.43763527274131775,-0.08576278388500214
1790592506128023000,70.18302294921875,-0.13204771280288696,-0.4727804958820343,0.025970403105020523
1790592506138036000,70.19303588867187,-0.14732865989208221,-0.5036249756813049,0.06428689509630203
1790592506148049200,70.20304907226563,-0.1256428062915802,-0.511023998260498,0.038556236773729324
1790592506158061000,70.21306103515624,-0.13451460003852844,-0.5289399027824402,-0.029205232858657837
1790592506168074200,70.22307421875,-0.14036902785301208,-0.5282275080680847,-0.094757080078125
1790592506178087000,70.2330869140625,-0.1414894163608551,-0.5285255312919617,-0.10138329118490219
1790592506188099000,70.24309912109375,-0.1230749860405922,-0.5480773448944092,-0.09152267128229141
1790592506198112000,70.25311206054687,-0.10446561872959137,-0.5651602149009705,-0.015251602046191692
1790592506208125200,70.26312524414062,-0.12835045158863068,-0.6355278491973877,0.06650690734386444
1790592506218137000,70.27313720703125,-0.1411735713481903,-0.6615336537361145,0.008608723059296608
1790592506228150000,70.28314990234375,-0.11509455740451813,-0.6336210370063782,-0.1285419464111328
1790592506238163000,70.29316284179687,-0.09879814833402634,-0.6239303350448608,-0.13360540568828583
1790592506248175000,70.30317504882812,-0.11514142900705338,-0.608900785446167,-0.03577658161520958
1790592506258188000,70.31318798828126,-0.0903676450252533,-0.5952728390693665,0.05683803930878639
1790592506268201200,70.323201171875,-0.03243963420391083,-0.5690175294876099,-0.0010428386740386486
1790592506278213000,70.33321313476563,-0.012775116600096226,-0.4878361225128174,-0.12805697321891785
1790592506288226000,70.34322607421875,-0.07410504668951035,-0.46442535519599915,-0.12604042887687683
1790592506298239000,70.35323901367188,-0.11066944897174835,-0.4408276081085205,-0.042018499225378036
1790592506308251100,70.36325122070312,-0.06210964545607567,-0.4047713577747345,0.042226340621709824
1790592506318264000,70.37326416015625,-0.023982496932148933,-0.3831326365470886,0.05078840255737305
1790592506328277000,70.38327709960937,-0.02691037580370903,-0.32087430357933044,-0.045032400637865067
1790592506338289000,70.39328881835938,-0.015846647322177887,-0.2369689643383026,-0.12411876767873764
1790592506348302000,70.40330200195312,-0.005153789184987545,-0.1852029711008072,-0.05147411674261093
1790592506358315000,70.41331494140626,-0.028666572645306587,-0.16420422494411469,0.0772164836525917
1790592506368327200,70.4233271484375,-0.05243661627173424,-0.1526287943124771,0.0939352735877037
1790592506378340000,70.43334008789063,-0.028406115248799324,-0.1240306943655014,-0.032424792647361755
1790592506388353000,70.44335302734375,-0.011549902148544788,-0.08613310754299164,-0.11641024053096771
1790592506398365000,70.45336499023438,-0.05329442024230957,-0.09147727489471436,-0.05705450102686882
1790592506408378000,70.46337817382812,-0.055251576006412506,-0.09362644702196121,0.01475417148321867
1790592506418391000,70.47339111328125,-0.011459887959063053,-0.09004662930965424,0.06108145788311958
1790592506428403200,70.4834033203125,-0.022971136495471,-0.08779571950435638,0.04686550423502922
1790592506438416100,70.493416015625,-0.03459316864609718,-0.052180204540491104,-0.0054070232436060905
1790592506448429000,70.50342895507812,-0.012337133288383484,-0.039661750197410583,-0.023943688720464706
1790592506458441000,70.51344091796875,-0.0021966148633509874,-0.045871708542108536,-0.00874289870262146
1790592506468454100,70.5234541015625,-0.004669626243412495,-0.03739619627594948,-0.01739710569381714
1790592506478467000,70.53346704101563,-0.02128588780760765,-0.03633306547999382,-0.02401932328939438
1790592506488479200,70.54347924804688,-0.02110399305820465,-0.03692854568362236,0.03285301476716995
1790592506498492000,70.55349194335938,-0.01976948417723179,-0.041831690818071365,0.0800013467669487
1790592506508505000,70.56350512695313,-0.034307412803173065,-0.03248479589819908,0.05950167030096054
1790592506518517000,70.57351708984375,-0.03492819517850876,0.0034106201492249966,-0.00009721284732222557
1790592506528530200,70.5835302734375,-0.022438237443566322,0.03872093930840492,-0.03821157291531563
1790592506538543000,70.59354321289062,-0.010790368542075157,0.04569682478904724,-0.0010881749913096428
1790592506548555000,70.60355493164063,-0.029018109664320946,0.020796269178390503,0.027733352035284042
1790592506558568000,70.61356787109375,-0.030985118821263313,0.021898284554481506,-0.02810780704021454
1790592506568581000,70.6235810546875,-0.04334777966141701,0.016252649948000908,-0.05246774107217789
1790592506578593000,70.63359301757812,-0.06230548769235611,-0.0020200980361551046,-0.013217008672654629
1790592506588606200,70.64360620117188,-0.04271234944462776,0.005831433460116386,0.025636646896600723
1790592506598619000,70.65361889648437,-0.006313595455139875,0.002634308533743024,0.01640639640390873
1790592506608631000,70.66363110351563,-0.010802086442708969,0.005239679012447596,-0.02299879863858223
1790592506618644000,70.67364404296875,-0.011933131143450737,0.01491094846278429,-0.06905604153871536
1790592506628657200,70.6836572265625,0.012172470800578594,0.019240183755755424,-0.08132069557905197
1790592506638669000,70.6936689453125,-0.009773840196430683,0.005366977769881487,-0.01316507812589407
1790592506648682200,70.70368212890625,-0.04764904826879501,-0.016456827521324158,0.03042660653591156
1790592506658695000,70.71369482421875,-0.04438108578324318,-0.023232974112033844,0.009676055982708931
1790592506668707000,70.72370703125,-0.028971770778298378,-0.029903659597039223,0.003749723546206951
1790592506678720000,70.73371997070312,-0.05052659660577774,-0.035328518599271774,0.04317888990044594
1790592506688733200,70.74373315429688,-0.05274767056107521,-0.027559014037251472,0.03704562783241272
1790592506698745000,70.7537451171875,-0.012996265664696693,-0.004490979015827179,-0.017420541495084763
1790592506708758000,70.76375805664063,-0.018798494711518288,-0.003979652188718319,-0.0222906656563282
1790592506718771000,70.77377099609375,-0.05334395170211792,-0.013433074578642845,0.005534840282052755
1790592506728783000,70.783783203125,-0.03922174125909805,-0.021357577294111252,0.033107079565525055
1790592506738796000,70.79379614257813,-0.024619633331894875,-0.03866386413574219,0.06167268007993698
1790592506748809200,70.80380932617187,-0.03234492987394333,-0.03772909194231033,0.07126138359308243
1790592506758821000,70.81382104492188,-0.01743043027818203,-0.0226577315479517,0.03676919266581535
1790592506768834000,70.823833984375,0.02512102574110031,0.007670878898352385,-0.019466117024421692
1790592506778847000,70.83384692382812,0.044952522963285446,0.031202036887407303,-0.02686171606183052
1790592506788859100,70.84385913085937,0.03295311704277992,0.03931456059217453,0.006436852738261223
1790592506798872000,70.8538720703125,0.054204877465963364,0.05074617639183998,0.03601951152086258
1790592506808885000,70.86388500976562,0.08912051469087601,0.06616134941577911,0.036656539887189865
1790592506818897000,70.87389697265625,0.06857449561357498,0.07248609513044357,0.033590443432331085
1790592506828910000,70.88391015625,0.046995699405670166,0.09363824874162674,0.00640622666105628
1790592506838923000,70.89392309570313,0.09129445254802704,0.1222216933965683,-0.02113831415772438
1790592506848935200,70.90393505859375,0.10940980911254883,0.13764964044094086,-0.00017764000222086906
1790592506858948000,70.91394799804688,0.07458258420228958,0.15403874218463898,0.03568208962678909
1790592506868961000,70.9239609375,0.07664839923381805,0.18289275467395782,0.020666921511292458
1790592506878973000,70.93397290039063,0.09317917376756668,0.19090327620506287,-0.0027518514543771744
1790592506888986000,70.94398608398437,0.06901897490024567,0.19789141416549683,-0.00985530111938715
1790592506898999300,70.95399926757813,0.053610194474458694,0.20105524361133575,0.020065579563379288
1790592506909011200,70.96401123046876,0.04883461073040962,0.18417826294898987,0.05546644702553749
1790592506919023900,70.97402392578125,0.04538235813379288,0.19444048404693604,0.02851445972919464
1790592506929037000,70.984037109375,0.03885441645979881,0.20929400622844696,-0.010533607564866543
1790592506939049000,70.99404907226562,0.028815895318984985,0.21374760568141937,-0.015408257953822613
1790592506949062100,71.00406225585938,0.04026535898447037,0.21758203208446503,0.01653449423611164
1790592506959075300,71.01407543945312,0.03546740859746933,0.19164922833442688,0.06523705273866653
1790592506969087200,71.02408715820313,0.022073037922382355,0.1637406349182129,0.06389934569597244
1790592506979100000,71.03409985351563,0.020091645419597626,0.15895280241966248,0.0006013344973325729
1790592506989112000,71.04411206054688,0.020160354673862457,0.1586097925901413,-0.06282690912485123
1790592506999125000,71.054125,0.019666071981191635,0.16353504359722137,-0.048776332288980484
1790592507009138200,71.06413818359376,0.016790658235549927,0.1590294986963272,0.023076817393302917
1790592507019150000,71.07415014648437,0.03715931624174118,0.16060848534107208,0.03662538155913353
1790592507029163000,71.0841630859375,0.06599549204111099,0.17692939937114716,0.00942998006939888
1790592507039176000,71.09417602539062,0.06348545849323273,0.1717303842306137,0.0063455067574977875
1790592507049188000,71.10418798828125,0.050490833818912506,0.16236750781536102,0.015562173910439014
1790592507059201800,71.11420190429688,0.054095953702926636,0.15297427773475647,0.022102098912000656
1790592507069214500,71.12421435546875,0.05350632965564728,0.13900093734264374,0.017893772572278976
1790592507079226600,71.1342265625,0.05545549839735031,0.1324833780527115,0.003731880336999893
1790592507089239600,71.14423950195312,0.0582885667681694,0.12258122116327286,-0.0009861760772764683
1790592507099252700,71.15425268554688,0.06370064616203308,0.11728046089410782,0.00819613691419363
1790592507109264600,71.1642646484375,0.06608737260103226,0.11541704833507538,-0.00967660266906023
1790592507119277800,71.17427783203125,0.07155910134315491,0.1179228201508522,-0.026096057146787643
1790592507129290500,71.18429052734375,0.07346566021442413,0.11352620273828506,0.006255491636693478
1790592507139302700,71.194302734375,0.053789954632520676,0.10129696875810623,0.059529099613428116
1790592507149315600,71.20431567382812,0.04215966537594795,0.10438836365938187,0.04884636402130127
1790592507159328800,71.21432885742188,0.05976928398013115,0.1180059090256691,-0.00486293900758028
1790592507169340700,71.22434057617187,0.07388483732938766,0.12735998630523682,-0.03788800165057182
1790592507179353600,71.234353515625,0.07317084819078445,0.12444010376930237,-0.02229226380586624
1790592507189366500,71.24436645507812,0.0717116966843605,0.09797360748052597,0.04366811364889145
1790592507199378700,71.25437866210937,0.05885981768369675,0.07905851304531097,0.07383160293102264
1790592507209391600,71.2643916015625,0.05212654545903206,0.08387936651706696,0.032087888568639755
1790592507219404800,71.27440478515625,0.05515376105904579,0.09506304562091827,-0.02973579615354538
1790592507229416700,71.28441674804688,0.06451237201690674,0.09394344687461853,-0.040844373404979706
1790592507239429600,71.2944296875,0.06229769065976143,0.07693757116794586,-0.006862973794341087
1790592507249442600,71.30444262695312,0.06218024715781212,0.06423881649971008,0.028720587491989136
1790592507259454700,71.31445483398437,0.062344297766685486,0.06896059960126877,0.020999282598495483
1790592507269467600,71.32446752929687,0.05058351159095764,0.07132282853126526,0.0025038965977728367
1790592507279480600,71.33448046875,0.041699204593896866,0.07409997284412384,-0.008985779248178005
1790592507289492500,71.34449243164063,0.04889826104044914,0.06352855265140533,-0.004994499497115612
1790592507299505700,71.35450561523437,0.047403428703546524,0.05585065856575966,0.00047430163249373436
1790592507309518600,71.3645185546875,0.04074686020612717,0.05302025005221367,-0.001992051489651203
1790592507319530800,71.37453076171874,0.04480738192796707,0.05945871025323868,-0.009579132311046124
1790592507329543700,71.38454370117188,0.04346887394785881,0.06667454540729523,-0.0017515681684017181
1790592507339556600,71.394556640625,0.04676460847258568,0.07840786129236221,0.01486511342227459
1790592507349568500,71.40456860351563,0.05978080630302429,0.09296257048845291,0.02685226872563362
1790592507359581700,71.41458178710937,0.06474360823631287,0.1183353066444397,0.019285429269075394
1790592507369593600,71.42459350585938,0.07449264079332352,0.1430361270904541,-0.0035075023770332336
1790592507379606800,71.43460668945312,0.0857439637184143,0.16241700947284698,-0.005744824185967445
1790592507389619700,71.44461962890625,0.07844849675893784,0.15809524059295654,0.023198410868644714
1790592507399632600,71.45463256835937,0.06802808493375778,0.14428114891052246,0.03947165608406067
1790592507409644500,71.46464453125,0.05881701037287712,0.13111262023448944,0.027412597090005875
1790592507419657700,71.47465771484374,0.05260145664215088,0.12473461031913757,-0.004697136580944061
1790592507429669600,71.48466967773437,0.05509177967905998,0.12382940948009491,-0.023497454822063446
1790592507439682800,71.49468286132813,0.055239319801330566,0.11836539953947067,0.00040761101990938187
1790592507449695500,71.50469555664063,0.0419088676571846,0.11183639615774155,0.034876905381679535
1790592507459707600,71.51470776367188,0.040070220828056335,0.11487053334712982,0.03519115597009659
1790592507469720600,71.52472045898438,0.045776307582855225,0.11072345823049545,0.010488474741578102
1790592507479733800,71.53473364257812,0.03962600603699684,0.09702122956514359,-0.00886764656752348
1790592507489745700,71.54474560546875,0.018040817230939865,0.07855433970689774,-0.0011138529516756535
1790592507499758800,71.5547587890625,-0.002589360112324357,0.05237466096878052,0.018202852457761765
1790592507509771500,71.564771484375,-0.01102172676473856,0.03867616131901741,0.013691991567611694
1790592507519783700,71.57478369140625,-0.0032101429533213377,0.021183986216783524,-0.00989323016256094
1790592507529796600,71.58479663085937,0.0033971595112234354,-0.0059943716041743755,-0.02550388127565384
1790592507539809800,71.59480981445313,0.0011401306837797165,-0.03359883651137352,-0.025977127254009247
1790592507549821700,71.60482177734374,0.003651491366326809,-0.06165337190032005,-0.02171659842133522
1790592507559834600,71.61483471679688,-0.0024045368190854788,-0.07877376675605774,-0.02382422611117363
1790592507569847600,71.62484765625,-0.009261377155780792,-0.08761066943407059,-0.028071701526641846
1790592507579859700,71.63485961914063,-0.010084293782711029,-0.10256697982549667,-0.02371290698647499
1790592507589872600,71.64487255859375,-0.013485949486494064,-0.12765662372112274,-0.0030140187591314316
1790592507599885800,71.6548857421875,-0.011939718388020992,-0.1527681052684784,0.024427194148302078
1790592507609897700,71.66489770507812,-0.0006806725286878645,-0.17545770108699799,0.04418092221021652
1790592507619910700,71.67491064453125,-0.004221877548843622,-0.1886909455060959,0.026926837861537933
1790592507629923600,71.68492358398437,-0.03109210915863514,-0.18123330175876617,-0.0012560654431581497
1790592507639935700,71.69493579101562,-0.060414042323827744,-0.16850924491882324,-0.0184134803712368
1790592507649948700,71.70494873046874,-0.06732282042503357,-0.14671020209789276,-0.026076726615428925
1790592507659961600,71.71496166992188,-0.06965707987546921,-0.13164390623569489,-0.02123216912150383
1790592507669973500,71.72497338867187,-0.076323501765728,-0.13300718367099762,0.01715889386832714
1790592507679986700,71.73498657226563,-0.09460317343473434,-0.14170798659324646,0.06228029727935791
1790592507689998600,71.74499853515626,-0.10793203115463257,-0.14540445804595947,0.08516883850097656
1790592507700011800,71.75501171875,-0.10880395025014877,-0.1370200216770172,0.06910731643438339
1790592507710024700,71.76502465820313,-0.0886014774441719,-0.1315498948097229,0.032166071236133575
1790592507720036900,71.77503686523437,-0.09079432487487793,-0.13796332478523254,-0.04193931445479393
1790592507730049500,71.78504956054688,-0.11235634237527847,-0.12122748047113419,-0.16563914716243744
1790592507740062700,71.79506274414062,-0.11262079328298569,-0.09299930930137634,-0.20838820934295654
1790592507750074600,71.80507470703125,-0.10228905826807022,-0.07519926875829697,-0.09389598667621613
1790592507760087800,71.815087890625,-0.1214720755815506,-0.07919108122587204,0.09759008884429932
1790592507770100500,71.8251005859375,-0.14951089024543762,-0.057148102670907974,0.12025465816259384
1790592507780112600,71.83511254882812,-0.13101257383823395,-0.008372841402888298,0.027722056955099106
1790592507790125600,71.84512548828125,-0.08769520372152328,0.017951173707842827,0.045763641595840454
1790592507800138800,71.855138671875,-0.0900433138012886,-0.029533786699175835,0.20442040264606476
1790592507810150700,71.86515063476563,-0.11847042292356491,-0.10814550518989563,0.26712027192115784
1790592507820163800,71.87516381835937,-0.14762617647647858,-0.16546444594860077,0.15656712651252747
1790592507830176500,71.88517651367188,-0.159344881772995,-0.1786007583141327,-0.05992018058896065
1790592507840188700,71.89518872070313,-0.15317566692829132,-0.18093208968639374,-0.23507681488990784
1790592507850201600,71.90520166015625,-0.1626991331577301,-0.2099592238664627,-0.24947360157966614
1790592507860214800,71.91521484375,-0.18096308410167694,-0.23574739694595337,-0.12829816341400146
1790592507870226700,71.92522680664062,-0.1614876538515091,-0.26865503191947937,0.029150575399398804
1790592507880239600,71.93523950195312,-0.12223932892084122,-0.2793114185333252,0.08965519815683365
1790592507890252500,71.94525244140625,-0.1118045300245285,-0.2708801031112671,0.026627495884895325
1790592507900264700,71.9552646484375,-0.12485509365797043,-0.2444671243429184,-0.08728548884391785
1790592507910277600,71.96527758789063,-0.13342513144016266,-0.23984813690185547,-0.12759988009929657
1790592507920289800,71.97528979492188,-0.14487113058567047,-0.23510371148586273,-0.09607391804456711
1790592507930302700,71.985302734375,-0.14248573780059814,-0.21357019245624542,-0.03888333588838577
1790592507940315600,71.99531567382813,-0.10245843231678009,-0.18402908742427826,0.008776861242949963
1790592507950327600,72.00532763671875,-0.04859067127108574,-0.14494319260120392,0.027653079479932785
1790592507960340700,72.0153408203125,-0.04843407869338989,-0.11119535565376282,0.006929958704859018
1790592507970353700,72.02535375976562,-0.0863625556230545,-0.09994909167289734,-0.024400267750024796
1790592507980365800,72.03536572265625,-0.11250574141740799,-0.09783560782670975,-0.032041143625974655
1790592507990378500,72.04537841796875,-0.1126873716711998,-0.10289295017719269,-0.016923174262046814
1790592508000391700,72.0553916015625,-0.10210370272397995,-0.09913576394319534,0.0007887091487646103
1790592508010403600,72.06540356445312,-0.08175156265497208,-0.08438131958246231,0.012904494069516659
1790592508020416800,72.07541674804688,-0.03799794986844063,-0.06606569141149521,0.022247929126024246
1790592508030429700,72.0854296875,0.0012735549826174974,-0.042483940720558167,0.03729505464434624
1790592508040441900,72.09544189453125,0.004995056428015232,-0.020510997623205185,0.036436453461647034
1790592508050454500,72.10545458984375,-0.009994812309741974,0.006710238289088011,0.04285067319869995
1790592508060466700,72.115466796875,-0.03729034960269928,0.012282369658350945,0.06302332133054733
1790592508070478800,72.12547875976563,-0.042189233005046844,0.0113566555082798,0.06058253347873688
1790592508080491800,72.13549169921875,-0.032677751034498215,0.0056881168857216835,0.030000388622283936
1790592508090505000,72.1455048828125,-0.03468151390552521,0.016011593863368034,-0.008311578072607517
1790592508100516900,72.15551684570312,-0.016319554299116135,0.039120640605688095,-0.010588581673800945
1790592508110529800,72.16552978515625,0.011064933612942696,0.056221865117549896,-0.0011394191533327103
1790592508120542700,72.17554272460937,0.0444260872900486,0.08008752018213272,0.0074519384652376175
1790592508130555000,72.18555493164062,0.046213600784540176,0.09977786988019943,0.026561450213193893
1790592508140567800,72.19556787109374,0.02613549493253231,0.10231665521860123,0.035954419523477554
1790592508150580000,72.205580078125,-0.00675108190625906,0.11018949747085571,0.022668708115816116
1790592508160593000,72.21559301757813,-0.019642913714051247,0.111934132874012,-0.012100190855562687
1790592508170605800,72.22560571289063,-0.005897805094718933,0.11809854954481125,-0.06973312795162201
1790592508180617700,72.23561767578126,-0.0007155599887482822,0.11709773540496826,-0.11407635360956192
1790592508190631000,72.245630859375,-0.009287476539611816,0.09356604516506195,-0.11981439590454102
1790592508200643800,72.25564379882813,-0.01511500496417284,0.062356989830732346,-0.09928728640079498
1790592508210656000,72.26565600585937,-0.027870215475559235,0.02819555625319481,-0.05931803956627846
1790592508220668700,72.27566870117188,-0.030165327712893486,-0.005791705101728439,-0.059110578149557114
1790592508230681900,72.28568188476562,-0.0060448115691542625,-0.021064402535557747,-0.07614707946777344
1790592508240693800,72.29569384765625,0.000165680015925318,-0.07080532610416412,-0.035941075533628464
1790592508250707000,72.30570703125,-0.041721049696207047,-0.12633036077022552,0.06016441807150841
1790592508260719900,72.31571997070313,-0.0684296265244484,-0.17316284775733948,0.11571875959634781
1790592508270732000,72.32573193359374,-0.05132387578487396,-0.18450498580932617,0.029882147908210754
1790592508280744700,72.33574462890626,-0.011061141267418861,-0.16602371633052826,-0.12827633321285248
1790592508290758000,72.3457578125,0.005364703014492989,-0.15963639318943024,-0.1993478387594223
1790592508300769800,72.35576977539063,-0.005972906015813351,-0.17517992854118347,-0.09969262033700943
1790592508310783000,72.36578295898437,-0.011227855458855629,-0.23423020541667938,0.04138993099331856
1790592508320795000,72.375794921875,-0.0035883120726794004,-0.2860310971736908,0.044681597501039505
1790592508330807800,72.38580786132812,0.009783686138689518,-0.279029905796051,-0.1324942409992218
1790592508340820700,72.39582080078125,0.007917733862996101,-0.24791383743286133,-0.30131882429122925
1790592508350833000,72.4058330078125,0.027150550857186317,-0.2190917730331421,-0.3112689256668091
1790592508360845800,72.415845703125,0.04725954681634903,-0.22359810769557953,-0.2078658491373062
1790592508370859000,72.42585888671876,0.026646681129932404,-0.24816709756851196,-0.06764295697212219
1790592508380871000,72.43587084960937,-0.036172762513160706,-0.255377858877182,0.10178814828395844
1790592508390883800,72.4458837890625,-0.0621284618973732,-0.24454785883426666,0.271708220243454
1790592508400896800,72.45589672851563,-0.02939048781991005,-0.23336657881736755,0.35967323184013367
1790592508410909000,72.46590893554688,0.02559526637196541,-0.20931637287139893,0.2946431040763855
1790592508420921900,72.475921875,0.08049313724040985,-0.17662793397903442,0.13140995800495148
1790592508430934800,72.48593481445313,0.09002325683832169,-0.11732465773820877,-0.006949249189347029
1790592508440947000,72.49594702148437,0.062217459082603455,-0.10995222628116608,-0.03175952285528183
1790592508450960000,72.5059599609375,0.05683600902557373,-0.0870322659611702,0.08727232366800308
1790592508460972800,72.51597290039062,-0.009394677355885506,-0.11081989109516144,-0.083497554063797
1790592508470985000,72.52598486328125,-0.01363123394548893,0.015217671170830727,-0.12955772876739502
1790592508480998000,72.53599780273437,0.05706876888871193,0.006910739000886679,0.10314475744962692
1790592508491010000,72.54601000976562,0.10682487487792969,-0.12056013196706772,0.15802398324012756
1790592508501022700,72.55602270507812,0.04142829030752182,-0.09341932833194733,0.1082519069314003
1790592508511036000,72.56603588867188,-0.0889427661895752,-0.004394646268337965,-0.08534658700227737
1790592508521047800,72.5760478515625,-0.04528716206550598,0.11922609806060791,-0.08587416261434555
1790592508531061000,72.58606103515625,0.057955868542194366,0.1003088653087616,-0.02543691173195839
1790592508541074000,72.59607397460937,0.0715467780828476,0.10077278316020966,-0.009960219264030457
1790592508551085800,72.6060859375,0.009584073908627033,0.0744176134467125,0.00755938608199358
1790592508561098800,72.6160986328125,-0.06211061775684357,0.08380738645792007,0.002226139884442091
1790592508571112000,72.62611181640625,-0.03500523045659065,0.11037987470626831,0.014552313834428787
1790592508581123800,72.63612377929688,0.012490914203226566,0.1475629210472107,-0.03013872355222702
1790592508591137000,72.64613696289062,0.0446200892329216,0.17193377017974854,-0.047315314412117004
1790592508601149700,72.65614965820312,-0.006262799259275198,0.15209561586380005,0.018621891736984253
1790592508611161900,72.66616186523437,-0.04522351175546646,0.16110163927078247,0.04379701986908913
1790592508621174800,72.6761748046875,0.013846729882061481,0.22154925763607025,0.004894627258181572
1790592508631188000,72.68618798828125,0.06921278685331345,0.28250184655189514,-0.06304208189249039
1790592508641199900,72.69619995117188,0.026476506143808365,0.31075745820999146,-0.02972140535712242
1790592508651213000,72.70621313476562,-0.03335700184106827,0.32011234760284424,0.03128175809979439
1790592508661225000,72.71622485351563,0.025155577808618546,0.3234871029853821,0.025618813931941986
1790592508671238000,72.72623779296875,0.09055961668491364,0.2983977198600769,0.02383156679570675
1790592508681250800,72.73625073242188,0.0565505176782608,0.26868563890457153,0.004568389616906643
1790592508691263000,72.74626293945313,0.0011724801734089851,0.26771196722984314,-0.011323224753141403
1790592508701276000,72.75627587890625,-0.009591484442353249,0.27370649576187134,-0.023680025711655617
1790592508711288800,72.76628881835937,0.022433027625083923,0.28532692790031433,0.01631293073296547
1790592508721300700,72.77630078125,0.02669328637421131,0.275861531496048,0.03718119487166405
1790592508731314000,72.78631396484376,0.01115587167441845,0.24633556604385376,0.025542115792632103
1790592508741326800,72.79632690429688,0.005476414691656828,0.22832781076431274,-0.0009422232396900654
1790592508751339000,72.80633911132813,0.012489049695432186,0.23208951950073242,-0.040705882012844086
1790592508761352000,72.81635205078125,0.0015775469364598393,0.2335428148508072,-0.03352493420243263
1790592508771364900,72.82636474609374,-0.021660396829247475,0.21042311191558838,0.003763316199183464
1790592508781376800,72.83637670898437,-0.022885983809828758,0.1881662756204605,0.03296327963471413
1790592508791390000,72.84638989257813,-0.025714794173836708,0.14937973022460938,0.03339364752173424
1790592508801403000,72.85640283203125,-0.045554809272289276,0.12373482435941696,0.005134577862918377
1790592508811415000,72.8664150390625,-0.03284088149666786,0.12175077199935913,-0.05274762958288193
1790592508821427700,72.876427734375,-0.007736060302704573,0.11385370045900345,-0.0641627386212349
1790592508831439600,72.88643969726563,-0.032004646956920624,0.08543217927217484,-0.014806373044848442
1790592508841452800,72.89645288085937,-0.06393967568874359,0.06031697243452072,0.0276220440864563
1790592508851466000,72.90646606445313,-0.05890124291181564,0.04564375430345535,0.03982970863580704
1790592508861478000,72.91647778320312,-0.04769013449549675,0.03714827075600624,0.016236763447523117
1790592508871491000,72.92649096679688,-0.05759922415018082,0.04233903810381889,-0.03585653007030487
1790592508881503700,72.93650366210937,-0.05519518628716469,0.04147910326719284,-0.07100600004196167
1790592508891515600,72.946515625,-0.051621757447719574,0.019188975915312767,-0.04076819866895676
1790592508901528800,72.95652880859375,-0.06929076462984085,-0.01738394796848297,0.021519675850868225
1790592508911542000,72.9665419921875,-0.06936666369438171,-0.03784447908401489,0.02955043874680996
1790592508921554000,72.97655395507813,-0.04722168296575546,-0.04244642332196236,0.0026735509745776653
1790592508931566800,72.98656689453125,-0.05140204727649689,-0.05118372291326523,-0.012078231200575829
1790592508941579800,72.99657983398437,-0.06448562443256378,-0.049589019268751144,-0.029609020799398422
1790592508951591700,73.006591796875,-0.055186666548252106,-0.05174325034022331,-0.033958762884140015
1790592508961604900,73.01660498046876,-0.05045955628156662,-0.058496229350566864,-0.013601291924715042
1790592508971616800,73.02661669921875,-0.0513482503592968,-0.05938119813799858,0.006996926385909319
1790592508981630000,73.0366298828125,-0.044710587710142136,-0.06189628690481186,0.0023792716674506664
1790592508991643000,73.04664282226562,-0.0373525395989418,-0.062411610037088394,-0.01574833318591118
1790592509001654800,73.05665478515625,-0.04588371142745018,-0.060255248099565506,-0.01575152948498726
1790592509011667700,73.06666772460937,-0.054880935698747635,-0.054969672113657,-0.003936681430786848
1790592509021681000,73.07668090820313,-0.045134562999010086,-0.046534907072782516,-0.0006708470173180103
1790592509031692800,73.08669287109375,-0.020519765093922615,-0.030231038108468056,-0.014424741268157959
1790592509041705700,73.09670581054688,-0.00720875384286046,-0.01539296843111515,-0.017096690833568573
1790592509051719000,73.10671899414062,-0.012413903139531612,-0.008573944680392742,0.0057569583877921104
1790592509061731800,73.11673193359375,-0.014517799951136112,-0.003324055578559637,0.01456483080983162
1790592509071744800,73.12674487304687,-0.006079840008169413,0.014802217483520508,-0.005766006652265787
1790592509081757700,73.1367578125,-0.0011348824482411146,0.019968749955296516,0.0042059337720274925
1790592509091769600,73.14676953125,-0.004416163079440594,0.023022329434752464,0.0017824568785727024
1790592509101782800,73.15678271484374,0.006663385778665543,0.03197241574525833,-0.013157077133655548
1790592509111795700,73.16679565429688,0.022070039063692093,0.03504783660173416,-0.0202751737087965
1790592509121808000,73.17680786132813,0.01510294247418642,0.04009053111076355,0.005419802386313677
1790592509131820800,73.18682080078125,0.008617080748081207,0.04798147827386856,0.01523381657898426
1790592509141832700,73.19683276367188,0.023662609979510307,0.0626232698559761,-0.00010865367949008942
1790592509151845600,73.206845703125,0.032902445644140244,0.07325354218482971,0.0007496830075979233
1790592509161858800,73.21685888671875,0.023959552869200706,0.07338563352823257,0.006033128593116999
1790592509171870700,73.22687060546875,0.037424229085445404,0.08116686344146729,0.005974539089947939
1790592509181884000,73.2368837890625,0.050307802855968475,0.0715339407324791,0.012410866096615791
1790592509191896600,73.246896484375,0.04984414577484131,0.06715463846921921,0.017362216487526894
1790592509201908700,73.25690869140625,0.053436484187841415,0.054687049239873886,0.012030034326016903
1790592509211921700,73.26692163085937,0.06257565319538116,0.04092330113053322,0.013222331181168556
1790592509221934800,73.27693481445313,0.05819794908165932,0.03361079469323158,0.02336551435291767
1790592509231946800,73.28694677734374,0.052826352417469025,0.03357936814427376,0.019596874713897705
1790592509241960000,73.2969599609375,0.05443090945482254,0.03617062419652939,0.0060344599187374115
1790592509251972600,73.30697265625,0.05519523471593857,0.04215314984321594,-0.00949363224208355
1790592509261984800,73.31698486328125,0.05640670657157898,0.04275022819638252,-0.006722348276525736
1790592509271997700,73.32699780273437,0.06073221191763878,0.03261450678110123,0.013934994116425514
1790592509282009600,73.33700952148438,0.06852941960096359,0.020437732338905334,0.030307842418551445
1790592509292022800,73.34702270507813,0.07006233185529709,0.009162175469100475,0.01399677898734808
1790592509302035700,73.35703564453125,0.06835445016622543,-0.0015730269951745868,0.001929996069520712
1790592509312047600,73.36704760742188,0.06586518883705139,-0.012388390488922596,0.0055111488327383995
1790592509322060800,73.37706079101562,0.07017258554697037,-0.008133724331855774,0.005564678460359573
1790592509332073700,73.38707373046876,0.0772336944937706,-0.0010403947671875358,0.01679150015115738
1790592509342086000,73.3970859375,0.07128236442804337,0.007168114185333252,0.027780845761299133
1790592509352098800,73.40709887695313,0.06583859771490097,0.02112520858645439,0.019074706360697746
1790592509362111700,73.41711181640625,0.07338865846395493,0.027463266626000404,-0.0058404975570738316
1790592509372123600,73.42712353515626,0.07175241410732269,0.013243316672742367,0.05935954302549362
1790592509382136800,73.43713671875,0.06883838027715683,-0.005819589830935001,0.13142867386341095
1790592509392148700,73.44714868164063,0.060013461858034134,-0.004683751612901688,0.07700245827436447
1790592509402162000,73.45716186523437,0.05155233293771744,0.0021331419702619314,-0.049239903688430786
1790592509412174600,73.46717456054688,0.06003183498978615,0.003857006086036563,-0.12401267141103745
1790592509422186500,73.4771865234375,0.06658800691366196,-0.0003766210866160691,-0.11002495139837265
1790592509432199700,73.48719970703125,0.05958069488406181,-0.009657737798988819,-0.027865372598171234
1790592509442212900,73.497212890625,0.04692455753684044,-0.013990434817969799,0.06627151370048523
1790592509452224800,73.50722485351562,0.034131795167922974,-0.0070350561290979385,0.09488584846258163
1790592509462238000,73.51723803710938,0.023540938273072243,0.004261007532477379,0.05357223004102707
1790592509472250600,73.52725073242188,0.013881653547286987,0.021761704236268997,-0.020112112164497375
1790592509482262500,73.53726245117187,0.014047568663954735,0.023371320217847824,-0.06083663925528526
1790592509492275700,73.54727563476563,0.00932791456580162,0.010251255705952644,-0.039606716483831406
1790592509502289000,73.55728881835938,-0.006424950435757637,-0.010336843319237232,0.012463141232728958
1790592509512300800,73.56730078125,-0.015613121911883354,-0.021687768399715424,0.0353226512670517
1790592509522313700,73.57731372070313,-0.012332107871770859,-0.006458481773734093,0.036948513239622116
1790592509532325600,73.58732568359375,-0.01866057701408863,0.005220278166234493,0.02168646827340126
1790592509542338600,73.59733862304688,-0.021860631182789803,0.021730545908212662,-0.008859191089868546
1790592509552351700,73.60735180664062,-0.02594245783984661,0.03529562056064606,-0.03265560045838356
1790592509562363600,73.61736376953125,-0.027518516406416893,0.040763091295957565,-0.009236028417944908
1790592509572376800,73.627376953125,-0.027109988033771515,0.03808395192027092,0.02293975092470646
1790592509582389800,73.6373896484375,-0.021876610815525055,0.045886214822530746,0.04405169561505318
1790592509592401700,73.64740161132812,-0.012453814037144184,0.04680926725268364,0.09207382053136826
1790592509602414600,73.65741455078125,-0.02268701046705246,0.05028708651661873,0.11429310590028763
1790592509612427800,73.667427734375,-0.041251908987760544,0.06455869972705841,0.09822624921798706
1790592509622439700,73.67743969726563,-0.053219087421894073,0.06891003996133804,0.06632824242115021
1790592509632452600,73.68745263671875,-0.053349848836660385,0.05693646892905235,0.06538388133049011
1790592509642464500,73.69746459960938,-0.08073672652244568,0.10622385889291763,0.043553415685892105
1790592509652477700,73.70747778320313,-0.08976324647665024,0.0916808694601059,-0.0716293603181839
1790592509662490600,73.71749072265625,-0.07811644673347473,0.10766436159610748,-0.12841781973838806
1790592509672502800,73.72750268554688,-0.0783686488866806,0.0959206223487854,-0.13417769968509674
1790592509682515700,73.737515625,-0.11919144541025162,0.0650697648525238,-0.06451206654310226
1790592509692528600,73.74752856445312,-0.16930894553661346,0.051113467663526535,0.04520510882139206
1790592509702540500,73.75754052734375,-0.21773666143417358,0.040283989161252975,0.0778522714972496
1790592509712553700,73.7675537109375,-0.26846083998680115,0.04754989221692085,0.01746509037911892
1790592509722566700,73.77756665039063,-0.289768785238266,0.055153217166662216,-0.10060055553913116
1790592509732578800,73.78757885742188,-0.20632554590702057,0.04069065302610397,-0.23359137773513794
1790592509742591700,73.797591796875,-0.03575780615210533,-0.03942575305700302,-0.3067537248134613
1790592509752604700,73.80760473632813,0.09378767013549805,-0.10174478590488434,-0.30460721254348755
1790592509762616600,73.81761645507812,0.11893723160028458,-0.09321681410074234,-0.24697589874267578
1790592509772629800,73.82762963867188,0.09356743097305298,-0.003354834159836173,-0.22460852563381195
1790592509782641700,73.8376416015625,0.03803199529647827,0.05841319262981415,-0.26173537969589233
1790592509792654800,73.84765478515625,-0.05562205985188484,-0.01457100361585617,-0.28562289476394653
1790592509802667500,73.85766748046875,-0.15016640722751617,-0.11029007285833359,-0.29384592175483704
1790592509812679700,73.8676796875,-0.22530269622802734,-0.17276276648044586,-0.24029427766799927
1790592509822692600,73.87769262695312,-0.28929394483566284,-0.1833174079656601,-0.152409166097641
1790592509832705800,73.88770581054688,-0.35755103826522827,-0.14774423837661743,-0.08437072485685349
1790592509842717700,73.8977177734375,-0.44603216648101807,-0.15217174589633942,-0.09192318469285965
1790592509852730600,73.90773071289063,-0.5144319534301758,-0.2704448401927948,-0.1202102079987526
1790592509862743600,73.91774365234374,-0.524430513381958,-0.2305280715227127,-0.0435311533510685
1790592509872755700,73.92775561523437,-0.48342400789260864,-0.18518401682376862,-0.018491845577955246
1790592509882768600,73.9377685546875,-0.4659179747104645,-0.2793680429458618,0.02589639276266098
1790592509892781800,73.94778173828125,-0.46416082978248596,-0.3950914442539215,0.0547030046582222
1790592509902793700,73.95779370117188,-0.45526745915412903,-0.45493292808532715,0.046444009989500046
1790592509912806700,73.967806640625,-0.4331477880477905,-0.3575272858142853,-0.008022425696253777
1790592509922818600,73.97781860351563,-0.41122332215309143,-0.21114903688430786,-0.0769096091389656
1790592509932831700,73.98783178710937,-0.4059843420982361,-0.2293165922164917,-0.20216473937034607
1790592509942844700,73.9978447265625,-0.42146262526512146,-0.45223408937454224,-0.2845946252346039
1790592509952856800,74.00785693359374,-0.44575679302215576,-0.6389791965484619,-0.2733880579471588
1790592509962869800,74.01786987304688,-0.41904208064079285,-0.7232764959335327,-0.15863564610481262
1790592509972882700,74.02788256835937,-0.3471492528915405,-0.6632357835769653,0.0032858888152986765
1790592509982894600,74.03789453125,-0.2478295862674713,-0.4644494652748108,0.19530938565731049
1790592509992907800,74.04790771484375,-0.1257886290550232,-0.07543515413999557,0.26729995012283325
1790592510002920700,74.05792065429688,-0.0718308538198471,0.7941740155220032,-0.14051416516304016
1790592510012932900,74.06793286132813,-0.06288209557533264,1.5498441457748413,-0.7196449041366577
1790592510022945500,74.07794555664063,-0.09546294808387756,2.0823209285736084,-1.295178771018982
1790592510032957700,74.08795776367188,-0.1904834657907486,2.4649195671081543,-1.8344414234161377
1790592510042970600,74.097970703125,-0.3520337641239166,2.6993539333343506,-2.277682065963745
1790592510052983800,74.10798388671876,-0.5245530605316162,2.7418386936187744,-2.6057732105255127
1790592510062995200,74.1179951171875,-0.7088421583175659,2.5129711627960205,-2.806138515472412
1790592510073008400,74.12800830078125,-0.9297189116477966,1.9443360567092896,-2.9081270694732666
1790592510083021300,74.13802124023438,-1.1197717189788818,1.1866382360458374,-2.983560800552368
1790592510093033200,74.148033203125,-1.2134931087493896,0.03248625248670578,-3.302095413208008
1790592510103046400,74.15804638671875,-1.2209049463272095,-1.033859133720398,-3.7386229038238525
1790592510113059300,74.16805932617187,-1.1523836851119995,-1.745840311050415,-4.2170891761779785
1790592510123071200,74.1780712890625,-1.0830967426300049,-2.0931313037872314,-4.59118127822876
1790592510133084400,74.18808447265624,-1.0379263162612915,-2.0860612392425537,-4.7966156005859375
1790592510143096300,74.19809643554687,-0.9902256727218628,-1.7672744989395142,-4.876039028167725
1790592510153109200,74.20810913085937,-0.9382255673408508,-1.222130537033081,-4.865359783172607
1790592510163122400,74.21812231445313,-0.8937196135520935,-0.5982546806335449,-4.768234729766846
1790592510173134300,74.22813427734376,-0.8638618588447571,0.01840212754905224,-4.572509288787842
1790592510183147300,74.23814721679688,-0.8407258987426758,0.5899953246116638,-4.28635835647583
1790592510193160200,74.24816015625,-0.8127108216285706,1.113219141960144,-3.945786237716675
1790592510203172000,74.25817211914062,-0.7690586447715759,1.585586667060852,-3.5558488368988037
1790592510213185300,74.26818530273438,-0.7106004357337952,2.03145694732666,-3.1355369091033936
1790592510223198500,74.27819848632812,-0.6175439953804016,2.4838223457336426,-2.7394859790802
1790592510233210400,74.28821044921875,-0.46678856015205383,2.793830156326294,-2.3945565223693848
1790592510243223300,74.29822338867187,-0.5799374580383301,1.5934374332427979,-2.6715803146362305
1790592510253235500,74.3082353515625,-0.9188936948776245,0.5770459771156311,-3.369825601577759
1790592510263248100,74.318248046875,-1.1794507503509521,-0.29856568574905396,-3.8941235542297363
1790592510273261300,74.32826123046875,-1.420287847518921,-0.5543127655982971,-4.195350170135498
1790592510283273200,74.33827319335937,-1.5956215858459473,-0.3701229691505432,-4.107790946960449
1790592510293286400,74.34828637695313,-1.653918981552124,-0.19060595333576202,-3.575901746749878
1790592510303299000,74.35829907226562,-1.7429686784744263,0.37799733877182007,-2.820849657058716
1790592510313311200,74.36831127929688,-1.8843992948532104,1.0498476028442383,-2.3132824897766113
1790592510323324200,74.37832421875,-1.8758153915405273,1.2308768033981323,-2.163745880126953
1790592510333337300,74.38833740234375,-1.6733312606811523,0.7960361242294312,-2.246159553527832
1790592510343349200,74.39834936523438,-1.299271821975708,0.07787899672985077,-2.4443628787994385
1790592510353362400,74.40836254882812,-0.8197845220565796,-0.5167552828788757,-2.6825361251831055
1790592510363374300,74.41837426757813,-0.40162938833236694,-0.8619363903999329,-2.894075393676758
1790592510373387300,74.42838720703125,-0.1545007973909378,-0.9346897006034851,-3.0084476470947266
1790592510383400200,74.43840014648437,-0.08356857299804688,-0.6789748668670654,-2.9626903533935547
1790592510393412400,74.44841235351562,-0.09762074053287506,-0.17286799848079681,-2.752573251724243
1790592510403425300,74.45842529296876,-0.14872626960277557,0.3583284914493561,-2.4674625396728516
1790592510413438200,74.46843823242187,-0.1821843534708023,0.7463239431381226,-2.1716697216033936
1790592510423450000,74.4784501953125,-0.16313529014587402,0.8934957981109619,-1.8913874626159668
1790592510433463300,74.48846337890625,-0.06993638724088669,0.7254071831703186,-1.593459129333496
1790592510443476200,74.49847631835938,0.10619816184043884,0.29013586044311523,-1.2368069887161255
1790592510453488400,74.50848828125,0.3178640604019165,-0.09938179701566696,-0.8408671021461487
1790592510463501300,74.51850122070313,0.49435868859291077,-0.21933455765247345,-0.4599522352218628
1790592510473514200,74.52851416015625,0.5927675366401672,-0.17560864984989166,-0.11736081540584564
1790592510483526100,74.53852612304688,0.6094610095024109,-0.03840899094939232,0.18898314237594604
1790592510493539300,74.54853930664062,0.5797278881072998,0.1744319051504135,0.4502280652523041
1790592510503551200,74.55855126953125,0.5171622633934021,0.4670640230178833,0.6447911262512207
1790592510513564400,74.568564453125,0.47123977541923523,0.9576617479324341,0.73929762840271
1790592510523577000,74.5785771484375,0.5359018445014954,1.5644115209579468,0.7034049034118652
1790592510533589200,74.58858935546876,0.7279482483863831,1.898146629333496,0.573258638381958
1790592510543602200,74.59860229492188,0.9860261678695679,1.8826619386672974,0.40718045830726624
1790592510553615400,74.60861547851563,1.2283210754394531,1.6485322713851929,0.2381264567375183
1790592510563627300,74.61862719726562,1.3972991704940796,1.3303425312042236,0.11466816067695618
1790592510573640400,74.62864038085938,1.4374966621398926,1.0679181814193726,0.14080150425434113
1790592510583653000,74.63865307617188,1.327478289604187,0.7627649307250977,0.4464445114135742
1790592510593665300,74.64866528320313,1.1370675563812256,-0.13099405169487,0.8541523218154907
1790592510603678200,74.65867822265625,0.9647282958030701,-1.4199022054672241,1.0512737035751343
1790592510613690400,74.6686904296875,0.9652766585350037,-1.8385751247406006,1.0915366411209106
1790592510623703300,74.67870336914062,1.096551537513733,-1.4998027086257935,1.1653450727462769
1790592510633716200,74.68871630859375,1.1641883850097656,-1.138798475265503,1.3228540420532227
1790592510643728400,74.69872827148437,1.1215064525604248,-0.9252732992172241,1.4391777515411377
1790592510653741300,74.7087412109375,1.0501587390899658,-0.8954331278800964,1.3541706800460815
1790592510663754200,74.71875415039062,1.052828311920166,-1.1310579776763916,1.0850965976715088
1790592510673767400,74.72876733398438,1.076818585395813,-1.3890000581741333,0.712466299533844
1790592510683779300,74.738779296875,1.0148484706878662,-1.4070719480514526,0.35300856828689575
1790592510694419500,74.74941943359374,0.8353535532951355,-1.2707610130310059,0.12303794920444489
1790592510704431400,74.75943139648437,0.5506235361099243,-1.077021837234497,0.11277864873409271
1790592510714444300,74.7694443359375,0.2308809757232666,-0.8523434400558472,0.2835594415664673
1790592510724456200,74.77945629882812,-0.02521897852420807,-0.6654755473136902,0.5723600387573242
1790592510734469400,74.78946948242188,-0.14301884174346924,-0.5130996108055115,0.8938989639282227
1790592510744482300,74.799482421875,-0.09877016395330429,-0.4306904971599579,1.1834007501602173
1790592510754494200,74.809494140625,0.06239502876996994,-0.3501932621002197,1.386264443397522
1790592510764507400,74.81950732421875,0.23144130408763885,-0.22860369086265564,1.459205985069275
1790592510774520300,74.82952026367188,0.3306903839111328,-0.16644124686717987,1.4013699293136597
1790592510784532200,74.8395322265625,0.3584413230419159,-0.2115301638841629,1.2526326179504395
1790592510794545400,74.84954541015625,0.3473180830478668,-0.3578759431838989,1.0712865591049194
1790592510805183500,74.86018359375,0.33495384454727173,-0.6070196628570557,0.8913465738296509
1790592510815195400,74.8701953125,0.26950931549072266,-0.9278861284255981,0.7783228158950806
1790592510825208000,74.8802080078125,0.29753589630126953,-1.3141499757766724,0.8629066944122314
1790592510835220200,74.89022021484375,0.29778704047203064,-1.6060023307800293,0.9015877842903137
1790592510845233200,74.90023315429687,0.10488895326852798,-1.6036311388015747,0.8584767580032349
1790592510855246300,74.91024633789063,-0.19302767515182495,-1.251124382019043,0.8304238319396973
1790592510865258200,74.92025830078126,-0.3911130726337433,-0.8446908593177795,0.7613369226455688
1790592510875271400,74.930271484375,-0.40632158517837524,-0.3981109857559204,0.6852250695228577
1790592510885284000,74.9402841796875,-0.2619987726211548,-0.21666847169399261,0.6194383502006531
1790592510895296300,74.95029614257813,-0.11734757572412491,-0.2706880569458008,0.5683200359344482
1790592510905309200,74.96030908203124,-0.040300991386175156,-0.4225026071071625,0.5754690170288086
1790592510915322400,74.970322265625,-0.02029878832399845,-0.6025123000144958,0.6504897475242615
1790592510925334300,74.98033422851563,-0.05814177170395851,-0.5880460143089294,0.7194621562957764
1790592510935347200,74.99034716796875,-0.14527001976966858,-0.3333311975002289,0.7370851039886475
1790592510945359000,75.00035913085938,-0.24726322293281555,-0.0517604798078537,0.6952868103981018
1790592510955372300,75.01037231445312,-0.2883230447769165,0.042313285171985626,0.6275399327278137
1790592510965385200,75.02038525390626,-0.26580122113227844,-0.037424419075250626,0.5389935970306396
1790592510975397400,75.0303974609375,-0.17050106823444366,-0.14795252680778503,0.4346272647380829
1790592510985410300,75.04041040039063,-0.050710488110780716,-0.3131188452243805,0.3283655345439911
1790592510995423200,75.05042333984375,0.05356824770569801,-0.4271010756492615,0.21273986995220184
1790592511005435100,75.06043505859375,0.1852319985628128,-0.3373142182826996,0.07855996489524841
1790592511015448300,75.0704482421875,0.3389371335506439,-0.0672299861907959,-0.12186101078987122
1790592511025461200,75.08046118164063,0.48331135511398315,0.28488704562187195,-0.3729587495326996
1790592511035473400,75.09047338867188,0.5726476311683655,0.6138404607772827,-0.6354519128799438
1790592511045486300,75.100486328125,0.560352623462677,0.8225712776184082,-0.8493114709854126
1790592511055499300,75.11049926757812,0.4906798005104065,0.7879605889320374,-0.9737732410430908
1790592511065511000,75.12051098632813,0.39503157138824463,0.3880821168422699,-0.9870728254318237
1790592511075524000,75.13052416992187,0.3143300414085388,-0.21754518151283264,-0.8631108999252319
1790592511085536000,75.14053588867188,0.274713933467865,-0.6235376596450806,-0.6291687488555908
1790592511095549200,75.15054907226562,0.2504035532474518,-0.6090133190155029,-0.34033316373825073
1790592511105562000,75.16056201171875,0.1826050579547882,-0.4351811110973358,-0.02611132711172104
1790592511115574000,75.17057397460937,0.06655701249837875,-0.2105429321527481,0.25550517439842224
1790592511125587000,75.1805869140625,-0.04512583836913109,-0.04817693307995796,0.44840380549430847
1790592511135600000,75.19060009765624,-0.12911075353622437,-0.1109021008014679,0.5125513076782227
1790592511145612000,75.20061206054687,-0.19030992686748505,-0.3176925778388977,0.46406877040863037
1790592511155625200,75.21062524414063,-0.2555573880672455,-0.5555972456932068,0.3651970624923706
1790592511165638100,75.22063818359375,-0.33063483238220215,-0.6882679462432861,0.27070677280426025
1790592511175650000,75.23065014648438,-0.3799799978733063,-0.544517457485199,0.18773038685321808
1790592511185663000,75.2406630859375,-0.40393754839897156,-0.11005707830190659,0.08001537621021271
1790592511195676200,75.25067626953125,-0.39741331338882446,0.36505722999572754,-0.016100237146019936
1790592511205688000,75.26068798828125,-0.3956327438354492,0.6530523300170898,-0.09347918629646301
1790592511215701000,75.27070092773438,-0.3760310709476471,0.6793749928474426,-0.18327297270298004
1790592511225714200,75.28071411132812,-0.3268265128135681,0.5500873327255249,-0.27805620431900024
1790592511235726000,75.29072607421875,-0.25869858264923096,0.38263222575187683,-0.33475756645202637
1790592511245739000,75.30073901367187,-0.1851058453321457,0.20922638475894928,-0.3375728130340576
1790592511255752200,75.31075219726563,-0.13420137763023376,0.09097562730312347,-0.2789030969142914
1790592511265764000,75.32076416015624,-0.14562660455703735,-0.06898794323205948,-0.08840025961399078
1790592511275777000,75.33077709960938,-0.1919325888156891,-0.22585317492485046,0.2464408427476883
1790592511285789000,75.34078881835937,-0.2742258906364441,-0.23237818479537964,0.6507182717323303
1790592511295802000,75.35080200195313,-0.3524692952632904,0.0003764876164495945,0.9870906472206116
1790592511305815000,75.36081494140625,-0.3762747347354889,0.30970582365989685,1.1418837308883667
1790592511315827200,75.3708271484375,-0.3363209366798401,0.4272793233394623,1.0792877674102783
1790592511325840000,75.38083984375,-0.32443127036094666,0.15292581915855408,0.8208369612693787
1790592511335853000,75.39085302734375,-0.33209291100502014,-0.192711740732193,0.5891933441162109
1790592511345865000,75.40086499023438,-0.2428048998117447,-0.3629703223705292,0.4883754849433899
1790592511355878100,75.41087817382812,-0.15403242409229279,-0.36262330412864685,0.4188312888145447
1790592511365891000,75.42089111328124,-0.14028678834438324,-0.3155639171600342,0.3720419406890869
1790592511375903200,75.4309033203125,-0.12178314477205276,-0.3197863698005676,0.35766488313674927
1790592511385916000,75.440916015625,-0.051073022186756134,-0.33925193548202515,0.33181196451187134
1790592511395929000,75.45092919921875,0.006352985743433237,-0.34303441643714905,0.30175313353538513
1790592511405941000,75.46094091796876,0.05465500429272652,-0.3035202920436859,0.45789721608161926
1790592511415954200,75.4709541015625,0.08345150202512741,-0.3438911736011505,0.5459508895874023
1790592511425967000,75.48096704101563,0.09570949524641037,-0.3705565929412842,0.5352700352668762
1790592511435979000,75.49097900390625,0.12491212040185928,-0.34455934166908264,0.5842133164405823
1790592511445992000,75.50099194335938,0.06919453293085098,-0.33906257152557373,0.6799321174621582
1790592511456005000,75.51100512695312,0.0711362436413765,-0.35688817501068115,0.7204515933990479
1790592511466017000,75.52101708984375,0.10123848915100098,-0.41111040115356445,0.6401005387306213
1790592511476030200,75.5310302734375,0.11609519273042679,-0.5148405432701111,0.5154139995574951
1790592511486043000,75.54104296875,0.09375553578138351,-0.5586005449295044,0.29080063104629517
1790592511496055000,75.55105493164062,0.07681623101234436,-0.5454921722412109,0.07512134313583374
1790592511506068000,75.56106787109375,0.1133771762251854,-0.4858536124229431,-0.061706285923719406
1790592511516081200,75.5710810546875,0.10726681351661682,-0.4028109312057495,-0.13642685115337372
1790592511526093000,75.58109301757813,0.12409506738185883,-0.3252599537372589,-0.12203113734722137
1790592511536106000,75.59110595703125,0.12290196865797043,-0.2142021209001541,0.017012497410178185
1790592511546119200,75.601119140625,0.07097379118204117,-0.09933040291070938,0.22581525146961212
1790592511556131000,75.61113110351563,-0.02805612049996853,-0.09554311633110046,0.4333050549030304
1790592511566144000,75.62114404296875,-0.07807880640029907,-0.2629172205924988,0.6123677492141724
1790592511576157200,75.6311572265625,-0.0815153494477272,-0.42143121361732483,0.7230042219161987
1790592511586169000,75.64116918945312,-0.04681649059057236,-0.46790844202041626,0.7446368336677551
1790592511596182000,75.65118212890626,0.0026157719548791647,-0.4845268428325653,0.708190381526947
1790592511606195200,75.6611953125,0.006039531901478767,-0.5080981850624084,0.6597520112991333
1790592511616207000,75.67120703125,-0.005927116144448519,-0.4497419595718384,0.6346546411514282
1790592511626220000,75.68121997070313,-0.037849895656108856,-0.28804147243499756,0.617548942565918
1790592511636233200,75.69123315429688,-0.08323362469673157,-0.09418676793575287,0.5693928599357605
1790592511646245000,75.7012451171875,-0.11608397960662842,0.07701560109853745,0.4591425061225891
1790592511656258000,75.71125805664063,-0.11420805007219315,0.20574694871902466,0.29917412996292114
1790592511666271200,75.72127124023437,-0.08416333049535751,0.29471516609191895,0.12517066299915314
1790592511676283100,75.731283203125,-0.05395109951496124,0.3138451874256134,0.004869015887379646
1790592511686296000,75.74129614257812,-0.0230680201202631,0.2439020574092865,-0.03790188580751419
1790592511696309000,75.75130908203126,-0.002608284819871187,0.10394042730331421,0.004162745550274849
1790592511706321000,75.76132080078125,0.007374840788543224,-0.04208549112081528,0.10805053263902664
1790592511716334000,75.771333984375,0.011148806661367416,-0.1511179655790329,0.22803951799869537
1790592511726347300,75.78134716796875,0.007533298805356026,-0.22898879647254944,0.31911322474479675
1790592511736359200,75.79135913085938,0.0038179229013621807,-0.2736002206802368,0.34725484251976013
1790592511746372000,75.8013720703125,0.005732202902436256,-0.25639858841896057,0.3069804012775421
1790592511756385000,75.81138500976563,0.018196063116192818,-0.1851169466972351,0.20482927560806274
1790592511766398200,75.82139819335937,0.03218325227499008,-0.10147744417190552,0.06712466478347778
1790592511776410000,75.83141015625,0.061262838542461395,-0.04469112679362297,-0.0552758164703846
1790592511786423300,75.84142333984374,0.09479523450136185,-0.04208682104945183,-0.11715968698263168
1790592511796436000,75.85143603515625,0.0964551791548729,-0.06616205722093582,-0.10107126086950302
1790592511806447900,75.86144775390625,0.07431498914957047,-0.08163129538297653,-0.03288129344582558
1790592511816461000,75.8714609375,0.06357473134994507,-0.055675335228443146,0.048112623393535614
1790592511826474200,75.88147412109375,0.05787130445241928,0.021364323794841766,0.08403573930263519
1790592511836486100,75.89148608398438,0.05361051484942436,0.1169438436627388,0.05354840308427811
1790592511846499300,75.90149926757813,0.06218322739005089,0.2241126447916031,-0.013106254860758781
1790592511856512000,75.91151196289063,0.0682416558265686,0.30147585272789,-0.09158801287412643
1790592511866524000,75.92152392578124,0.07054182887077332,0.30721336603164673,-0.17124928534030914
1790592511876537000,75.931537109375,0.07792570441961288,0.22736862301826477,-0.22125546634197235
1790592511886550300,75.94155029296876,0.08460678160190582,0.08283354341983795,-0.2217169851064682
1790592511896562200,75.95156225585937,0.08113348484039307,-0.0899084061384201,-0.15646182000637054
1790592511906575000,75.9615751953125,0.08010470122098923,-0.22657650709152222,-0.04739472270011902
1790592511916588000,75.97158813476562,0.0708339735865593,-0.27815449237823486,0.0721210241317749
1790592511926600000,75.98159985351562,0.053868040442466736,-0.2550283968448639,0.15263716876506805
1790592511936613000,75.99161303710937,0.03752235695719719,-0.17398786544799805,0.1734742820262909
1790592511946626300,76.00162622070313,0.015173641964793205,-0.0636107549071312,0.13755223155021667
1790592511956639000,76.01163891601563,0.002318829530850053,0.038020797073841095,0.06429772078990936
1790592511966651100,76.02165112304688,0.008391901850700378,0.09343292564153671,-0.009352795779705048
1790592511976664000,76.0316640625,0.019915666431188583,0.11401303857564926,-0.06245942786335945
1790592511986677200,76.04167724609376,0.02825429104268551,0.08498963713645935,-0.08920501917600632
1790592511996689200,76.05168920898437,0.04708470404148102,0.02789466083049774,-0.09484373033046722
1790592512006702000,76.0617021484375,0.06352013349533081,0.015290184877812862,-0.08814188092947006
1790592512016715000,76.07171508789062,0.06256326287984848,0.044040072709321976,-0.06982705742120743
1790592512026727200,76.08172705078125,0.05679512023925781,0.08054136484861374,-0.07242896407842636
1790592512036740000,76.09173999023437,0.038933832198381424,0.08684772998094559,-0.09142982214689255
1790592512046753300,76.10175317382813,-0.003204566426575184,0.12067866325378418,-0.10209977626800537
1790592512056765200,76.11176513671874,-0.0407002754509449,0.21712876856327057,-0.12681816518306732
1790592512066777900,76.12177783203126,-0.05976877734065056,0.2655104100704193,-0.172700434923172
1790592512076790800,76.13179077148438,-0.04700291156768799,0.20621700584888458,-0.20899319648742676
1790592512086804000,76.14180395507813,-0.012762650847434998,0.12089703977108002,-0.21274426579475403
1790592512096815900,76.15181591796875,0.02271598018705845,0.022323595359921455,-0.19955922663211823
1790592512106828800,76.16182885742188,0.043040160089731216,-0.03320305049419403,-0.20766721665859222
1790592512116841700,76.171841796875,0.05294419080018997,-0.017999859526753426,-0.24471576511859894
1790592512126854000,76.18185400390625,0.04743810370564461,0.029281901195645332,-0.2849407196044922
1790592512136866800,76.19186669921875,0.031165923923254013,0.06840773671865463,-0.2981233596801758
1790592512146880000,76.2018798828125,0.012454021722078323,0.13021863996982574,-0.3014432489871979
1790592512156892000,76.21189184570312,-0.00768054137006402,0.18973895907402039,-0.3130567669868469
1790592512166904800,76.22190478515626,-0.022504759952425957,0.18327440321445465,-0.31881558895111084
1790592512176917800,76.23191772460937,-0.009288557805120945,0.11956705898046494,-0.30351492762565613
1790592512186931000,76.24193090820313,0.004640573635697365,0.0425199419260025,-0.2619190216064453
1790592512196942800,76.25194287109375,0.009881940670311451,0.004009035415947437,-0.19021977484226227
1790592512206956000,76.2619560546875,-0.002602159511297941,-0.015208069235086441,-0.10756538063287735
1790592512216968700,76.27196875,-0.022854967042803764,-0.014444008469581604,-0.04360184818506241
1790592512226980900,76.28198095703125,-0.03617263585329056,0.0028921053744852543,-0.0024546771310269833
1790592512236993800,76.29199389648437,-0.04119748994708061,0.0362204983830452,0.0010705492459237576
1790592512247007000,76.30200708007813,-0.04136073961853981,0.08234432339668274,-0.034124456346035004
1790592512257019000,76.31201879882812,-0.03923633694648743,0.11447642743587494,-0.09356354922056198
1790592512267031800,76.32203173828125,-0.030066540464758873,0.10027405619621277,-0.15407909452915192
1790592512277044700,76.33204467773437,-0.008441672660410404,0.012274954468011856,-0.181252121925354
1790592512287057000,76.34205688476563,0.018076220527291298,-0.10735557228326797,-0.16751499474048615
1790592512297069800,76.35206982421874,0.03398488089442253,-0.21351929008960724,-0.12328788638114929
1790592512307083000,76.3620830078125,0.0196530781686306,-0.2544611394405365,-0.06893303245306015
1790592512317095700,76.372095703125,-0.002500160364434123,-0.1970023661851883,-0.03243814408779144
1790592512327107800,76.38210791015625,-0.01674141362309456,-0.07260691374540329,-0.03429889306426048
1790592512337120800,76.39212084960937,-0.008260310627520084,0.04375671222805977,-0.07168088108301163
1790592512347134000,76.40213403320313,0.005292163696140051,0.10273754596710205,-0.12518905103206635
1790592512357145900,76.41214575195312,0.010311690159142017,0.09726474434137344,-0.15943171083927155
1790592512367158800,76.42215869140625,0.0155906081199646,0.05486402288079262,-0.16016221046447754
1790592512377171700,76.43217163085937,0.024111391976475716,0.015493183396756649,-0.1482778638601303
1790592512387183900,76.44218383789062,0.0290765892714262,-0.03382057324051857,-0.11013659834861755
1790592512397196800,76.45219677734374,0.032345350831747055,-0.08847396075725555,-0.05631650984287262
1790592512407210000,76.4622099609375,0.031270235776901245,-0.12146785855293274,-0.00945420004427433
1790592512417222700,76.47222265625,0.021105747669935226,-0.11875756084918976,0.014574436470866203
1790592512427234800,76.48223486328125,0.0034670995082706213,-0.08706062287092209,0.00851015280932188
1790592512437247700,76.49224780273437,-0.0031726935412734747,-0.046606142073869705,-0.01902373693883419
1790592512447261000,76.50226098632812,0.000940292258746922,-0.025716040283441544,-0.03707277774810791
1790592512457272800,76.51227294921875,0.0010225839214399457,-0.00790588278323412,-0.05140484496951103
1790592512467285800,76.52228564453125,-0.00799514539539814,0.046063873916864395,-0.07579807192087173
1790592512477298700,76.53229858398437,-0.004404406063258648,0.08590822666883469,-0.10740739107131958
1790592512487310800,76.54231079101562,0.008897018618881702,0.07764710485935211,-0.11420031636953354
1790592512497323800,76.55232373046876,0.017261741682887077,0.028983423486351967,-0.09303564578294754
1790592512507337000,76.5623369140625,0.018751513212919235,-0.018456796184182167,-0.052683163434267044
1790592512517348900,76.57234887695313,0.015967711806297302,-0.038530103862285614,-0.01884264312684536
1790592512527361800,76.58236181640625,0.012595617212355137,-0.04198954999446869,-0.0016074622981250286
1790592512537374700,76.59237475585938,0.008694351650774479,-0.037645936012268066,0.001879414077848196
1790592512547388000,76.60238793945312,0.003855654736980796,-0.024574343115091324,-0.005749742966145277
1790592512557399800,76.61239990234375,-0.002825683681294322,0.007294374983757734,-0.017086287960410118
1790592512567412700,76.62241284179687,-0.010998925194144249,0.03858118876814842,-0.0348421148955822
1790592512577426000,76.63242602539063,-0.0027082383166998625,0.05602889135479927,-0.06037330627441406
1790592512587437800,76.64243774414062,0.0016279204282909632,0.05342352017760277,-0.07157642394304276
1790592512597450800,76.65245068359376,0.008892757818102837,0.03297417238354683,-0.05673915892839432
1790592512607464000,76.6624638671875,0.009530585259199142,0.008575089275836945,-0.025136491283774376
1790592512617475800,76.67247583007813,0.0056226616725325584,-0.0030043350998312235,0.002809123834595084
1790592512627488800,76.68248876953125,-0.0011910353787243366,-0.00047939224168658257,0.015510272234678268
1790592512637502000,76.692501953125,0.0013893012655898929,0.005663188640028238,0.014656195417046547
1790592512647513900,76.70251391601562,0.002585859503597021,0.007572409231215715,0.002199526410549879
1790592512657526800,76.71252685546875,0.008682101964950562,0.013022568076848984,-0.02004346251487732
1790592512667539700,76.72253979492187,0.015238538384437561,0.022953229025006294,-0.03719448298215866
1790592512677551900,76.7325517578125,0.01884312741458416,0.04585268720984459,-0.046251628547906876
1790592512687564800,76.74256469726562,0.022369418293237686,0.05877247825264931,-0.05258702114224434
1790592512697578000,76.75257788085938,0.02618812397122383,0.04403268173336983,-0.05444590747356415
1790592512707591000,76.7625908203125,0.031384482979774475,0.012648394331336021,-0.05085090547800064
1790592512717602800,76.77260278320313,0.03170992061495781,-0.00935171265155077,-0.031156567856669426
1790592512727615700,76.78261572265625,0.02118351310491562,-0.026502471417188644,-0.008503185585141182
1790592512737629000,76.79262890625,0.00993937999010086,-0.040827881544828415,0.011478245258331299
1790592512747640800,76.80264086914063,0.005265532061457634,-0.05511574074625969,0.008747173473238945
1790592512757654000,76.81265405273437,0.004590154625475407,-0.05308854207396507,-0.008883219212293625
1790592512767667000,76.8226669921875,-0.0002514722873456776,-0.0254001896828413,-0.03610045835375786
1790592512777678800,76.83267895507812,-0.00470081577077508,0.008280809968709946,-0.06895960122346878
1790592512787691800,76.84269189453126,-0.004347680602222681,0.01314853597432375,-0.09702559560537338
1790592512797705000,76.852705078125,0.000410855864174664,-0.014208786189556122,-0.09859765321016312
1790592512807716900,76.862716796875,-0.004804679192602634,-0.0411117747426033,-0.06912072747945786
1790592512817730000,76.87272998046875,-0.018310634419322014,-0.04651852324604988,-0.036048524081707
1790592512827742700,76.88274267578124,-0.03315775841474533,-0.0544547438621521,-0.014412207528948784
1790592512837754600,76.89275463867187,-0.034743938595056534,-0.050686635076999664,-0.014169594272971153
1790592512847767800,76.90276782226563,-0.03730509802699089,-0.027573328465223312,-0.030239639803767204
1790592512857781000,76.91278100585937,-0.03712693229317665,0.008574822917580605,-0.0550999790430069
1790592512867794000,76.9227939453125,-0.03613996505737305,0.03458724915981293,-0.09237464517354965
1790592512877805800,76.93280590820312,-0.027878839522600174,0.046726468950510025,-0.1203431636095047
1790592512887818800,76.94281884765626,-0.02965623326599598,0.02948969043791294,-0.12021826207637787
1790592512897832000,76.95283203125,-0.0376712828874588,0.02636021003127098,-0.08607707172632217
1790592512907843800,76.96284375,-0.0344853438436985,0.03612575680017471,-0.03810501843690872
1790592512917857000,76.97285693359375,-0.0541386753320694,0.01835821010172367,0.007212660741060972
1790592512927869700,76.98286962890624,-0.07020658254623413,0.011184987612068653,0.038531702011823654
1790592512937881900,76.9928818359375,-0.07350864261388779,0.03533080220222473,0.0462612621486187
1790592512947894800,77.00289477539063,-0.07767941802740097,0.061828188598155975,0.02549685910344124
1790592512957908000,77.01290795898437,-0.0808246061205864,0.08750879019498825,-0.011724811047315598
1790592512967919900,77.022919921875,-0.07961100339889526,0.10822232067584991,-0.0435117669403553
1790592512977933000,77.03293310546874,-0.06598734110593796,0.08759747445583344,-0.0478961318731308
1790592512987945700,77.04294580078125,-0.04803577437996864,0.0415269136428833,-0.016279082745313644
1790592512997958000,77.0529580078125,-0.04469457268714905,0.029936568811535835,0.03802836686372757
1790592513007970800,77.062970703125,-0.05920746922492981,0.056537020951509476,0.0784761905670166
1790592513017984000,77.07298388671875,-0.06686165928840637,0.0639246329665184,0.08984309434890747
1790592513027996000,77.08299584960938,-0.06712770462036133,0.057552751153707504,0.06860784441232681
1790592513038008800,77.0930087890625,-0.05497384071350098,0.03972608223557472,0.028301168233156204
1790592513048021800,77.10302172851563,-0.04358057305216789,0.023669086396694183,0.0012210807763040066
1790592513058035000,77.11303491210937,-0.03695382922887802,0.022913014516234398,-0.01204465702176094
1790592513068048100,77.12304809570313,-0.038234807550907135,0.04116285964846611,-0.016749665141105652
1790592513078061000,77.13306103515625,-0.03224163129925728,0.05362405627965927,-0.01450328715145588
1790592513088074000,77.14307397460938,-0.02707509696483612,0.05042107030749321,-0.011010019108653069
1790592513098086100,77.15308618164063,-0.0254399161785841,0.057261399924755096,-0.01192055456340313
1790592513108099000,77.16309912109375,-0.026091856881976128,0.08790799975395203,-0.02815944515168667
1790592513118112000,77.17311206054687,-0.016812872141599655,0.09537044167518616,-0.047213029116392136
1790592513128124000,77.1831240234375,-0.008439892902970314,0.07600792497396469,-0.06419786810874939
1790592513138137000,77.19313720703126,0.0006121908081695437,0.04424653202295303,-0.05922974646091461
1790592513148150000,77.20314990234375,0.011759118176996708,0.011604967527091503,-0.02727527730166912
1790592513158162200,77.213162109375,0.0013581422390416265,-0.014308388344943523,0.01154775358736515
1790592513168175000,77.22317504882812,-0.008495553396642208,-0.019113264977931976,0.032031457871198654
1790592513178188000,77.23318798828124,0.004266314208507538,-0.03460833430290222,0.036179330199956894
1790592513188200000,77.24319995117187,0.00725890789180994,-0.054907482117414474,0.02496316097676754
1790592513198213000,77.25321313476563,0.01472374889999628,-0.03923238068819046,-0.0038887267000973225
1790592513208226000,77.26322607421875,0.01865404285490513,-0.0020384066738188267,0.0101032555103302
1790592513218238200,77.27323828125,-0.00233113463036716,-0.05693574249744415,0.024091241881251335
1790592513228251000,77.2832509765625,0.007483945228159428,-0.09140609949827194,-0.028312576934695244
1790592513238264000,77.29326416015626,0.053638920187950134,-0.09042472392320633,-0.07866576313972473
1790592513248276000,77.30327587890625,0.059172436594963074,-0.07366891205310822,-0.0494636669754982
1790592513258289200,77.3132890625,0.020917462185025215,-0.038186293095350266,-0.010636644437909126
1790592513268302000,77.32330200195312,0.019954996183514595,-0.053951140493154526,0.0020357416942715645
