time,seconds_elapsed,z,y,x
1789225098555132000,0.0351318359375,-0.931355893611908,0.9417603611946106,-0.08200192451477051
1789225098565171000,0.0451708984375,-1.0198500156402588,1.1196000576019287,-0.0044109937734901905
1789225098575210000,0.0552099609375,-1.0785107612609863,1.3224658966064453,0.12730363011360168
1789225098585249000,0.0652490234375,-1.0898152589797974,1.5316262245178223,0.30375349521636963
1789225098595288000,0.0752880859375,-1.1019662618637085,1.7433207035064697,0.499071329832077
1789225098605327000,0.0853271484375,-1.112316608428955,1.8997899293899536,0.7020925879478455
1789225098615365000,0.095365234375,-1.0556421279907227,1.9774261713027954,0.8948649764060974
1789225098625404200,0.105404052734375,-0.3842960000038147,2.0844085216522217,0.9393317699432373
1789225098635443000,0.11544287109375,0.3851926922798157,2.0589349269866943,0.8911709189414978
1789225098645482000,0.12548193359375,0.6243994235992432,1.6381125450134277,0.8948953747749329
1789225098655521000,0.13552099609375,0.6970552206039429,1.2258988618850708,0.795074999332428
1789225098665560000,0.14556005859375,0.5285122990608215,0.8176493048667908,0.6287928223609924
1789225098675597800,0.155597900390625,0.2638457715511322,0.4854508638381958,0.3935398459434509
1789225098685637000,0.16563720703125,-0.012615926563739777,0.08525604009628296,0.08111109584569931
1789225098695676200,0.17567626953125,-0.28373822569847107,-0.2546789050102234,-0.22637800872325897
1789225098705715000,0.18571484375,-0.551416277885437,-0.14487968385219574,-0.307611882686615
1789225098715754000,0.19575390625,-0.8454609513282776,0.34144148230552673,-0.15489158034324646
1789225098725792000,0.2057919921875,-1.0507432222366333,0.9326145052909851,0.1829541027545929
1789225098735831000,0.2158310546875,-1.0187270641326904,1.3617613315582275,0.658642590045929
1789225098745870000,0.2258701171875,-0.7005727291107178,1.3726813793182373,1.2352046966552734
1789225098755908900,0.235908935546875,-0.2924979031085968,1.2359267473220825,1.7097067832946777
1789225098765948200,0.2459482421875,0.08113746345043182,1.1395817995071411,1.9761323928833008
1789225098775987000,0.255987060546875,0.268232524394989,1.0790084600448608,1.9614756107330322
1789225098786025000,0.26602490234375,0.2724171280860901,0.8216472268104553,1.7432665824890137
1789225098796064300,0.276064208984375,0.11453510075807571,0.4325157403945923,1.3909876346588135
1789225098806103000,0.28610302734375,-0.053524211049079895,0.0159470085054636,0.9894620776176453
1789225098816142000,0.29614208984375,-0.10856402665376663,-0.29163238406181335,0.6248497366905212
1789225098826180900,0.306180908203125,-0.08669707924127579,-0.4512113928794861,0.36532124876976013
1789225098836220000,0.316219970703125,-0.04067126289010048,-0.4139889180660248,0.1996728926897049
1789225098846258000,0.3262578125,-0.0067636300809681416,-0.3082462549209595,0.14614948630332947
1789225098856297000,0.336296875,-0.003358778776600957,-0.23294669389724731,0.21183262765407562
1789225098866336000,0.3463359375,-0.016413327306509018,-0.17262902855873108,0.3423416316509247
1789225098876375000,0.356375,-0.03954820707440376,-0.11617746949195862,0.4773029088973999
1789225098886414000,0.3664140625,-0.06034243479371071,0.011506720446050167,0.6083102226257324
1789225098896453000,0.376453125,-0.05331968143582344,0.1191444993019104,0.7095558643341064
1789225098906491100,0.3864912109375,-0.05762414634227753,0.259194016456604,0.7433931827545166
1789225098916530200,0.3965302734375,-0.10962316393852234,0.39717984199523926,0.7370809316635132
1789225098926569000,0.40656884765625,-0.14304983615875244,0.5462060570716858,0.6749392747879028
1789225098936608000,0.41660791015625,-0.1891896277666092,0.5348546504974365,0.6169763803482056
1789225098946647000,0.42664697265625,-0.21646332740783691,0.5055587887763977,0.6042296886444092
1789225098956685000,0.43668505859375,-0.24720712006092072,0.5434121489524841,0.6174789071083069
1789225098966723800,0.446723876953125,-0.3145749866962433,0.5714296698570251,0.658249020576477
1789225098976763100,0.45676318359375,-0.36321255564689636,0.4783812165260315,0.823161244392395
1789225098986802200,0.46680224609375,-0.35228481888771057,0.29426997900009155,1.1000077724456787
1789225098996841000,0.476841064453125,-0.37466681003570557,0.10057001560926437,1.3333702087402344
1789225099006880000,0.4868798828125,-0.42830154299736023,-0.08809656649827957,1.5568312406539917
1789225099016918000,0.49691796875,-0.536841094493866,-0.4246743321418762,1.888702630996704
1789225099026957000,0.50695703125,-0.6070592999458313,-0.4310520589351654,2.280954122543335
1789225099036996000,0.51699609375,-0.5981342792510986,-0.31979796290397644,2.589688539505005
1789225099047035000,0.527034912109375,-0.49912673234939575,-0.15952575206756592,2.6631553173065186
1789225099057074200,0.53707421875,-0.4425465166568756,-0.10556583851575851,2.638261079788208
1789225099067113000,0.547113037109375,-0.5094600319862366,-0.30185920000076294,2.5090763568878174
1789225099077151000,0.55715087890625,-0.5881732106208801,-0.6286908388137817,2.331878185272217
1789225099087190000,0.56718994140625,-0.6502773761749268,-0.844010055065155,2.1059300899505615
1789225099097229000,0.57722900390625,-0.6649577617645264,-0.9686422944068909,1.8487166166305542
1789225099107268000,0.58726806640625,-0.6277901530265808,-0.9749749898910522,1.6357886791229248
1789225099117307000,0.597306884765625,-0.5457991361618042,-0.7768898606300354,1.5021713972091675
1789225099127345200,0.60734521484375,-0.4543520510196686,-0.2729330062866211,1.551039695739746
1789225099137384000,0.617384033203125,-0.3837391436100006,-0.053221143782138824,1.7188060283660889
1789225099147423000,0.627423095703125,-0.3436338007450104,-0.6248518824577332,1.8210258483886719
1789225099157462000,0.6374619140625,-0.38565340638160706,-1.1227740049362183,1.9339507818222046
1789225099167501000,0.6475009765625,-0.3847000002861023,-1.2685598134994507,1.9965028762817383
1789225099177540000,0.6575400390625,-0.32519352436065674,-1.4096125364303589,1.9659316539764404
1789225099187577900,0.667577880859375,-0.18626467883586884,-1.379412293434143,1.8321595191955566
1789225099197617200,0.6776171875,0.0011057445080950856,-1.2354356050491333,1.6505720615386963
1789225099207656000,0.687656005859375,0.17789329588413239,-0.9275049567222595,1.5138717889785767
1789225099217695000,0.697695068359375,0.3241674304008484,-0.6658467054367065,1.4915952682495117
1789225099227734000,0.707734130859375,0.39356034994125366,-0.7098703980445862,1.4473811388015747
1789225099237772300,0.717772216796875,0.4233595132827759,-0.8208693265914917,1.414171814918518
1789225099247811000,0.72781103515625,0.4230399429798126,-0.8157107830047607,1.2300446033477783
1789225099257850000,0.73785009765625,0.41233643889427185,-0.4017391800880432,1.064280390739441
1789225099267889200,0.74788916015625,0.41279423236846924,-0.5710490942001343,0.8727615475654602
1789225099277928200,0.75792822265625,0.3943001627922058,-0.6416279673576355,0.6010927557945251
1789225099287967200,0.76796728515625,0.40938618779182434,-0.5340871214866638,0.33177047967910767
1789225099298005000,0.7780048828125,0.39446449279785156,-0.31335845589637756,0.09624876827001572
1789225099308044300,0.788044189453125,0.360628217458725,-0.19971178472042084,-0.05397295206785202
1789225099318083000,0.7980830078125,0.33858925104141235,-0.11945529282093048,-0.11293374001979828
1789225099328122000,0.8081220703125,0.36765071749687195,-0.00008335694292327389,-0.10912515223026276
1789225099338161200,0.8181611328125,0.4358398914337158,0.1264524757862091,-0.04408809915184975
1789225099348199200,0.82819921875,0.5477989315986633,0.31565994024276733,0.027542944997549057
1789225099358238200,0.83823828125,0.6952483057975769,0.4568905830383301,0.07725324481725693
1789225099368277000,0.848277099609375,0.7880480289459229,0.53370201587677,0.1433345228433609
1789225099378316300,0.85831640625,0.7855553030967712,0.6120705604553223,0.23905253410339355
1789225099388355300,0.868355224609375,0.8748177886009216,0.685759961605072,0.2630302906036377
1789225099398394000,0.87839404296875,0.870913028717041,0.49629712104797363,0.20081059634685516
1789225099408432000,0.88843212890625,0.7795817852020264,0.37125876545906067,0.07931586354970932
1789225099418471200,0.89847119140625,0.6664238572120667,0.533925473690033,-0.03760489821434021
1789225099428510200,0.90851025390625,0.5491352677345276,0.7198811769485474,-0.10300254821777344
1789225099438549000,0.918549072265625,0.4345408082008362,0.7086168527603149,-0.13341104984283447
1789225099448588000,0.928588134765625,0.3166530430316925,0.5371606349945068,-0.14747174084186554
1789225099458626000,0.9386259765625,0.20872631669044495,0.3411805033683777,-0.16580334305763245
1789225099468665000,0.9486650390625,0.1614551991224289,0.1395656168460846,-0.22913624346256256
1789225099478704000,0.9587041015625,0.16224269568920135,-0.056178051978349686,-0.4070034623146057
1789225099488743200,0.9687431640625,0.19433699548244476,-0.3476402461528778,-0.8193766474723816
1789225099498782200,0.9787822265625,0.22138112783432007,-0.3744620084762573,-1.517899513244629
1789225099508821200,0.9888212890625,0.5047595500946045,-0.8782985210418701,-2.251094102859497
1789225099518859300,0.998859375,0.6207770109176636,-1.1203868389129639,-2.419267177581787
1789225099528898300,1.008898193359375,0.5896320939064026,-0.16672374308109283,-1.846792221069336
1789225099538937000,1.01893701171875,0.5673443675041199,0.896234393119812,-1.0306750535964966
1789225099548976000,1.02897607421875,0.44976767897605896,1.3855769634246826,-0.49611547589302063
1789225099559015000,1.039014892578125,0.38798555731773376,1.1288751363754272,-0.17391027510166168
1789225099569053200,1.04905322265625,0.37262284755706787,0.6653345823287964,0.07538929581642151
1789225099579092200,1.05909228515625,0.3792133629322052,0.2895956039428711,0.30761775374412537
1789225099589131000,1.069131103515625,0.3826901316642761,-0.14523229002952576,0.418308824300766
1789225099599170300,1.07917041015625,0.3551032245159149,-0.5852517485618591,0.31357815861701965
1789225099609209000,1.089208984375,0.3239852488040924,-0.8909397721290588,-0.023498401045799255
1789225099619247000,1.0992470703125,0.29917657375335693,-1.1133334636688232,-0.459358811378479
1789225099629286100,1.1092861328125,0.23675954341888428,-1.1307885646820068,-0.8046560287475586
1789225099639325200,1.1193251953125,0.2056991010904312,-1.1848390102386475,-0.908716082572937
1789225099649364200,1.1293642578125,0.15248514711856842,-1.1919336318969727,-0.8801009654998779
1789225099659403000,1.139403076171875,0.04969751462340355,-0.8715154528617859,-0.7106464505195618
1789225099669442300,1.1494423828125,0.009124522097408772,-0.46188053488731384,-0.43571391701698303
1789225099679480000,1.15947998046875,-0.10163474828004837,-0.3470378518104553,-0.2246863692998886
1789225099689519000,1.16951904296875,-0.23208649456501007,-0.4462922513484955,-0.003922570031136274
1789225099699558100,1.17955810546875,-0.37378931045532227,-0.47431111335754395,0.2594832479953766
1789225099709597200,1.18959716796875,-0.507113516330719,-0.46496421098709106,0.4501410722732544
1789225099719636200,1.19963623046875,-0.6200094819068909,-0.38783562183380127,0.49227067828178406
1789225099729674000,1.209674072265625,-0.7159211039543152,-0.054307714104652405,0.49825453758239746
1789225099739713300,1.21971337890625,-0.7563830018043518,-0.02641909010708332,0.5294420123100281
1789225099749752000,1.229751953125,-0.3985005021095276,-0.060556553304195404,0.5223726630210876
1789225099759791000,1.239791015625,-0.20886079967021942,0.03632791340351105,0.49523797631263733
1789225099769830100,1.249830078125,-0.1322813481092453,0.28058478236198425,0.513752818107605
1789225099779868200,1.2598681640625,-0.1737305074930191,0.43282440304756165,0.6060702204704285
1789225099789907200,1.2699072265625,-0.18951719999313354,0.4046979546546936,0.6161702275276184
1789225099799946000,1.279946044921875,-0.22496306896209717,0.33613646030426025,0.5847209692001343
1789225099809985300,1.2899853515625,-0.25877270102500916,0.4740775525569916,0.6127408742904663
1789225099820024300,1.3000244140625,-0.3020309507846832,0.4684700071811676,0.6330544352531433
1789225099830063000,1.31006298828125,-0.31133711338043213,0.32960107922554016,0.6082481741905212
1789225099840101000,1.32010107421875,-0.23963283002376556,0.4820798337459564,0.5123370885848999
1789225099850140200,1.33014013671875,0.0017134778900071979,0.8108228445053101,0.3092347979545593
1789225099860179200,1.34017919921875,0.299022912979126,0.8346333503723145,0.09433022886514664
1789225099870218000,1.350218017578125,0.5866347551345825,0.6969884037971497,-0.008615592494606972
1789225099880257000,1.360257080078125,0.8699465990066528,0.4694220721721649,-0.045148834586143494
1789225099890295300,1.37029541015625,1.1619198322296143,0.1520739495754242,-0.11719267070293427
1789225099900334000,1.380333984375,1.4593435525894165,-0.11235424131155014,-0.12499865889549255
1789225099910373000,1.390373046875,1.7760043144226074,-0.2220461070537567,-0.12297971546649933
1789225099920412200,1.400412109375,1.7735790014266968,-0.566287100315094,-0.6973676085472107
1789225099930451200,1.410451171875,1.7894189357757568,0.40608280897140503,-0.6662036180496216
1789225099940489000,1.420489013671875,1.6451996564865112,0.18937897682189941,-0.976475715637207
1789225099950528300,1.4305283203125,1.5959086418151855,0.9122927188873291,-0.8015997409820557
1789225099960567300,1.4405673828125,1.5660518407821655,0.7525336742401123,-0.663194477558136
1789225099970606000,1.450606201171875,1.3456060886383057,0.6939777135848999,-0.7684857249259949
1789225099980645000,1.46064501953125,1.1910325288772583,0.8174266815185547,-0.5612883567810059
1789225099990683100,1.47068310546875,1.0619349479675293,0.6237853169441223,-0.4296797215938568
1789225100000722200,1.48072216796875,0.8363391160964966,0.2763996422290802,-0.44198620319366455
1789225100010761200,1.49076123046875,0.6238462924957275,0.021623270586133003,-0.4536660313606262
1789225100020800000,1.500800048828125,0.4184523820877075,0.08438039571046829,-0.42737236618995667
1789225100030839300,1.51083935546875,0.2818034589290619,0.05854932963848114,-0.4469415545463562
1789225100040878000,1.520878173828125,0.22940443456172943,0.10470084846019745,-0.4192925989627838
1789225100050916000,1.530916015625,0.22951574623584747,0.03533561900258064,-0.17198534309864044
1789225100060955100,1.540955078125,0.2761263847351074,-0.1593281328678131,0.3408358693122864
1789225100070994200,1.550994140625,0.16320942342281342,-0.5379566550254822,0.0929427221417427
1789225100081033200,1.561033203125,-0.01606152392923832,-0.9013652205467224,-0.2748430073261261
1789225100091072000,1.571072021484375,-0.1629638820886612,-0.7744371294975281,-0.08813837915658951
1789225100101110300,1.5811103515625,-0.3111421763896942,-0.9573145508766174,-0.25338539481163025
1789225100111149000,1.591149169921875,-0.5318612456321716,-0.6590945720672607,-0.22948485612869263
1789225100121188000,1.60118798828125,-0.5523532032966614,-0.8405855298042297,-0.3087402582168579
1789225100131227100,1.61122705078125,-0.5113530158996582,-0.9239339232444763,-0.2582850754261017
1789225100141266200,1.62126611328125,-0.5625306963920593,-0.7776012420654297,-0.3853231966495514
1789225100151304200,1.63130419921875,-0.46456846594810486,-0.97185218334198,-0.22422191500663757
1789225100161343000,1.641343017578125,-0.3698691427707672,-0.8156993389129639,-0.26992788910865784
1789225100171382300,1.65138232421875,-0.25313451886177063,-0.8059542775154114,-0.21260520815849304
1789225100181421000,1.661421142578125,-0.29522979259490967,-1.084373116493225,-0.6312234997749329
1789225100191460000,1.671460205078125,-0.4611188769340515,-0.9463396668434143,-0.5123400092124939
1789225100201498000,1.681498046875,-0.3700030744075775,-0.5061084628105164,-0.46955764293670654
1789225100211537200,1.691537109375,-0.324199378490448,-1.1897940635681152,-0.8594250082969666
1789225100221576200,1.701576171875,-0.32573044300079346,-0.6481846570968628,-0.5864259600639343
1789225100231615500,1.711615478515625,-0.3098638355731964,-1.301661491394043,-0.8602764010429382
1789225100241654500,1.721654541015625,-0.22592447698116302,-1.23164701461792,-0.6995553970336914
1789225100251692500,1.731692626953125,0.01883680373430252,-0.8370797038078308,-0.5194748640060425
1789225100261731600,1.741731689453125,0.20696862041950226,-0.49441346526145935,-0.4740607738494873
1789225100271770400,1.751770263671875,0.2760283946990967,-0.6701671481132507,-0.5912678241729736
1789225100281809700,1.7618095703125,0.43025949597358704,-0.3551538288593292,-0.4709584712982178
1789225100291848400,1.771848388671875,0.5392816066741943,-0.3664400577545166,-0.47114327549934387
1789225100301886500,1.781886474609375,0.6701735854148865,-0.228544220328331,-0.4033125638961792
1789225100311925500,1.791925537109375,0.7705768942832947,-0.15528705716133118,-0.46584174036979675
1789225100321964500,1.801964599609375,0.7231829762458801,-0.038543928414583206,-0.635992169380188
1789225100332003600,1.812003662109375,0.5850275158882141,0.01745435781776905,-0.627629816532135
1789225100342042400,1.82204248046875,0.4455716013908386,-0.03778066858649254,-0.6453004479408264
1789225100352080600,1.83208056640625,0.36984914541244507,-0.09096319228410721,-0.6995426416397095
1789225100362119400,1.842119384765625,0.37832361459732056,-0.014929148368537426,-0.7200455069541931
1789225100372158500,1.852158447265625,0.42533692717552185,-0.037822213023900986,-0.7194060683250427
1789225100382197500,1.862197509765625,0.5118638277053833,0.02003096602857113,-0.6546470522880554
1789225100392236500,1.872236572265625,0.605664074420929,-0.0034503915812820196,-0.5991220474243164
1789225100402274600,1.882274658203125,0.7007138729095459,0.0154354153200984,-0.4763830602169037
1789225100412313300,1.892313232421875,0.7391347885131836,0.09177891910076141,-0.42950209975242615
1789225100422352600,1.9023525390625,0.7051206231117249,0.08298356831073761,-0.33955782651901245
1789225100432391400,1.912391357421875,0.6427456736564636,0.08139605820178986,-0.22703075408935547
1789225100442430500,1.922430419921875,0.6067919135093689,0.14429858326911926,-0.1377890259027481
1789225100452468700,1.93246875,0.5726621747016907,0.133204385638237,-0.13409735262393951
1789225100462507500,1.942507568359375,0.5871902704238892,0.18182305991649628,-0.13194125890731812
1789225100472546600,1.952546630859375,0.6794562935829163,0.022399315610527992,-0.21619169414043427
1789225100482585300,1.96258544921875,0.5664519667625427,0.016742227599024773,-0.1725374162197113
1789225100492624600,1.972624755859375,0.4195708930492401,-0.10579300671815872,-0.17259573936462402
1789225100502662400,1.982662353515625,0.1685008704662323,0.004001932218670845,-0.1385171264410019
1789225100512701400,1.992701416015625,0.10298630595207214,0.06359682232141495,-0.25630101561546326
1789225100522740500,2.002740478515625,0.12660667300224304,-0.0019571571610867977,-0.36116859316825867
1789225100532779500,2.012779541015625,0.27800577878952026,-0.012685701251029968,-0.38394659757614136
1789225100542818600,2.022818603515625,0.3905693590641022,-0.24667982757091522,-0.27767741680145264
1789225100552856300,2.032856201171875,0.3784596920013428,-0.17895084619522095,-0.2614332139492035
1789225100562895600,2.0428955078125,0.44398677349090576,-0.10228775441646576,-0.28846535086631775
1789225100572934700,2.0529345703125,0.588104248046875,-0.14759477972984314,-0.5172945261001587
1789225100582973400,2.062973388671875,0.5707891583442688,-0.19348131120204926,-0.538931131362915
1789225100593012500,2.073012451171875,0.5958148837089539,-0.20263566076755524,-0.586605966091156
1789225100603050500,2.083050537109375,0.5239316821098328,-0.2343597710132599,-0.555831253528595
1789225100613089500,2.093089599609375,0.6419467329978943,-0.19082029163837433,-0.6897371411323547
1789225100623128300,2.10312841796875,0.6322861313819885,-0.14596226811408997,-0.6779319047927856
1789225100633167600,2.113167724609375,0.6259967684745789,0.22387383878231049,-0.6242638826370239
1789225100643206700,2.12320654296875,0.7006188035011292,0.07676748186349869,-0.698763370513916
1789225100653244400,2.133244384765625,0.7941447496414185,0.1616927534341812,-0.8270803689956665
1789225100663283700,2.14328369140625,0.6029915809631348,-0.2820303440093994,-0.8298172950744629
1789225100673322500,2.153322509765625,0.16206906735897064,0.11813089996576309,-0.47781744599342346
1789225100683361500,2.163361572265625,-0.019030150026082993,0.07990095764398575,-0.4044497311115265
1789225100693400600,2.173400634765625,0.0032794165890663862,0.21134446561336517,-0.4472464621067047
1789225100703438600,2.1834384765625,0.007188670802861452,0.1243605688214302,-0.3989172875881195
1789225100713477600,2.1934775390625,0.041004691272974014,0.030611172318458557,-0.35582229495048523
1789225100723516400,2.203516357421875,0.07300443202257156,0.06597821414470673,-0.29397064447402954
1789225100733555500,2.213555419921875,0.09683626145124435,0.05186878889799118,-0.2046833634376526
1789225100743594500,2.223594482421875,0.13103657960891724,0.01380822341889143,-0.15623913705348969
1789225100753632500,2.233632568359375,0.10719089955091476,0.0772194191813469,-0.13320891559123993
1789225100763671600,2.243671630859375,0.048833586275577545,0.06662829220294952,-0.13748861849308014
1789225100773710600,2.253710693359375,0.008272044360637665,0.07506412267684937,-0.13447205722332
1789225100783749600,2.26374951171875,-0.008381234481930733,0.06443864107131958,-0.0990339070558548
1789225100793788400,2.273788330078125,0.0010508833220228553,0.09282208234071732,-0.048046089708805084
1789225100803826700,2.28382666015625,0.015061507001519203,0.1007726863026619,0.015233813785016537
1789225100813865500,2.293865478515625,0.01218689139932394,0.08890244364738464,0.08674874156713486
1789225100823904500,2.303904541015625,-0.006170544307678938,0.07240815460681915,0.1511453092098236
1789225100833943600,2.313943603515625,-0.03793087229132652,0.03434385731816292,0.19729922711849213
1789225100843982300,2.323982421875,-0.06870822608470917,-0.011807125061750412,0.22996662557125092
1789225100854020600,2.3340205078125,-0.08695273846387863,-0.05447469279170036,0.27145254611968994
1789225100864059400,2.344059326171875,-0.09647141396999359,-0.09615769237279892,0.3302743136882782
1789225100874098400,2.354098388671875,-0.08792798966169357,-0.22735193371772766,0.34259143471717834
1789225100884137700,2.3641376953125,-0.08881322294473648,-0.12215733528137207,0.4321892261505127
1789225100894176500,2.374176513671875,-0.09069234877824783,-0.13452932238578796,0.47841450572013855
1789225100904214500,2.384214599609375,-0.10112927854061127,-0.15324388444423676,0.48351046442985535
1789225100914253600,2.394253662109375,-0.10943594574928284,-0.14915698766708374,0.43063342571258545
1789225100924292600,2.404292724609375,-0.13669367134571075,-0.16068528592586517,0.3863077461719513
1789225100934331400,2.414331298828125,-0.12848153710365295,-0.1396939903497696,0.330471396446228
1789225100944370400,2.424370361328125,-0.13710059225559235,-0.03869706019759178,0.22904197871685028
1789225100954408400,2.434408447265625,-0.1361652910709381,0.08433565497398376,-0.016732107847929
1789225100964447500,2.444447509765625,-0.0741083174943924,0.07750331610441208,0.02623107098042965
1789225100974486500,2.454486572265625,-0.07359486073255539,-0.00818123109638691,0.18938857316970825
1789225100984525600,2.464525634765625,-0.06367857754230499,0.01181964110583067,0.16488268971443176
1789225100994564600,2.474564697265625,-0.0870632603764534,0.0791691243648529,0.019273295998573303
1789225101004602400,2.484602294921875,-0.0874456912279129,0.12656860053539276,-0.0820796862244606
1789225101014641400,2.494641357421875,-0.08752478659152985,0.07198364287614822,-0.06566982716321945
1789225101024680700,2.5046806640625,-0.09298773109912872,0.045401837676763535,0.019778497517108917
1789225101034719500,2.514719482421875,-0.09705304354429245,0.039254460483789444,0.06701765209436417
1789225101044758500,2.524758544921875,-0.1046110987663269,0.061040718108415604,0.03236459568142891
1789225101054796500,2.534796630859375,-0.10285314172506332,0.08736500144004822,-0.002916161436587572
1789225101064835600,2.544835693359375,-0.10926124453544617,0.07588011771440506,0.04307689517736435
1789225101074874600,2.55487451171875,-0.12397707253694534,0.055692289024591446,0.13288109004497528
1789225101084913400,2.564913330078125,-0.14404132962226868,0.04103611782193184,0.17878413200378418
1789225101094951700,2.57495166015625,-0.15667429566383362,0.05841297656297684,0.15014103055000305
1789225101104990500,2.584990478515625,-0.15920323133468628,0.056462209671735764,0.1140781044960022
1789225101115029500,2.595029541015625,-0.14491777122020721,0.02503158338367939,0.11848457157611847
1789225101125068500,2.605068603515625,-0.13776053488254547,-0.008729043416678905,0.1358363926410675
1789225101135107600,2.615107666015625,-0.13473545014858246,-0.02352077141404152,0.1294650435447693
1789225101145145300,2.625145263671875,-0.12639495730400085,-0.021743644028902054,0.08835542947053909
1789225101155184400,2.635184326171875,-0.11793675273656845,-0.036307141184806824,0.012593023478984833
1789225101165223700,2.6452236328125,-0.14630261063575745,-0.019838685169816017,-0.053589459508657455
1789225101175262500,2.655262451171875,-0.15547321736812592,-0.01997211016714573,-0.08113453537225723
1789225101185301500,2.665301513671875,-0.14330017566680908,-0.05637379363179207,-0.06065082922577858
1789225101195339500,2.675339599609375,-0.12218423187732697,-0.06565943360328674,-0.05643264949321747
1789225101205378600,2.685378662109375,-0.09634038060903549,-0.06305300444364548,-0.09991727769374847
1789225101215417600,2.69541748046875,-0.09737582504749298,-0.04309633746743202,-0.11787230521440506
1789225101225456400,2.705456298828125,-0.1128770187497139,-0.056886717677116394,-0.07128217071294785
1789225101235495400,2.715495361328125,-0.13956429064273834,-0.0649489089846611,-0.00917299184948206
1789225101245533200,2.725533203125,-0.15660212934017181,-0.05116172134876251,0.028601018711924553
1789225101255572200,2.735572265625,-0.14212065935134888,-0.034802988171577454,0.01925625279545784
1789225101265611500,2.745611572265625,-0.10579993575811386,-0.02159077860414982,0.03142796456813812
1789225101275650300,2.755650390625,-0.08978341519832611,-0.025252358987927437,0.07828734815120697
1789225101285688300,2.765688232421875,-0.08340940624475479,-0.03364238142967224,0.10486382991075516
1789225101295727400,2.775727294921875,-0.09646102786064148,-0.005046956706792116,0.09591081738471985
1789225101305766400,2.785766357421875,-0.08805875480175018,0.01949753426015377,0.05155880004167557
1789225101315805200,2.79580517578125,-0.07521060109138489,0.053519152104854584,0.022718362510204315
1789225101325844200,2.80584423828125,-0.04393230378627777,0.05543822422623634,0.014271880500018597
1789225101335882500,2.815882568359375,-0.025660356506705284,0.06611084192991257,0.01672864705324173
1789225101345921300,2.82592138671875,-0.012337093241512775,0.06942647695541382,-0.014696388505399227
1789225101355960300,2.835960205078125,-0.017106547951698303,0.08612210303544998,-0.050206977874040604
1789225101365999000,2.8459990234375,-0.023671774193644524,0.08113080263137817,-0.06498592346906662
1789225101376038400,2.856038330078125,-0.022601982578635216,0.07545693963766098,-0.04867352917790413
1789225101386076200,2.866076171875,-0.011355984956026077,0.07726336270570755,-0.027147997170686722
1789225101396115200,2.876115234375,0.008431301452219486,0.09148091077804565,-0.012913933955132961
1789225101406154500,2.886154541015625,0.026009496301412582,0.11534470319747925,-0.003608849598094821
1789225101416193300,2.896193359375,0.03334224224090576,0.13683108985424042,0.007388674188405275
1789225101426232300,2.906232421875,0.018568890169262886,0.1290874183177948,0.019234947860240936
1789225101436270300,2.916270263671875,0.00033342777169309556,0.09153018146753311,0.03110172599554062
1789225101446309400,2.926309326171875,-0.02539031207561493,0.060436446219682693,0.06431826949119568
1789225101456348400,2.936348388671875,-0.03934500738978386,0.018307367339730263,0.06281597912311554
1789225101466387200,2.94638720703125,-0.04165636748075485,0.014436730183660984,0.02521187998354435
1789225101476425500,2.956425537109375,-0.038231540471315384,-0.004485828336328268,-0.0009187905816361308
1789225101486464300,2.96646435546875,-0.04406173527240753,-0.019001653417944908,0.015431420877575874
1789225101496503300,2.97650341796875,-0.04854410141706467,-0.024148745462298393,0.029931534081697464
1789225101506542000,2.9865419921875,-0.05835944786667824,-0.033418409526348114,0.022298380732536316
1789225101516581400,2.996581298828125,-0.061648182570934296,-0.04695659130811691,-0.01330115832388401
1789225101526619100,3.006619140625,-0.05270049721002579,-0.042753856629133224,-0.051239218562841415
1789225101536658200,3.016658203125,-0.02731897309422493,-0.02810487151145935,-0.05621134117245674
1789225101546697500,3.026697509765625,-0.012850550934672356,0.032964076846838,-0.011107511818408966
1789225101556736300,3.036736328125,0.010988735593855381,0.0850086361169815,0.004551874939352274
1789225101566775300,3.046775390625,0.02642548270523548,0.1279830038547516,0.01666552945971489
1789225101576813300,3.056813232421875,0.05173669755458832,0.1929774433374405,-0.021560685709118843
1789225101586852400,3.066852294921875,0.08343364298343658,0.29542845487594604,-0.025890186429023743
1789225101596891400,3.076891357421875,0.09810073673725128,0.3159680962562561,0.04887166991829872
1789225101606930200,3.08693017578125,0.13655172288417816,0.2711159288883209,0.100662961602211
1789225101616969500,3.096969482421875,0.17228680849075317,0.2925596833229065,0.043290749192237854
1789225101627007200,3.10700732421875,0.19458945095539093,0.351021945476532,-0.04590703919529915
1789225101637046300,3.11704638671875,0.1677946001291275,0.39962196350097656,-0.03996925428509712
1789225101647085300,3.127085205078125,0.16483795642852783,0.3013380169868469,-0.038709577172994614
1789225101657124400,3.137124267578125,0.1502169370651245,0.22740332782268524,-0.0548320896923542
1789225101667162400,3.147162353515625,0.11732929199934006,0.16911418735980988,-0.05308079347014427
1789225101677201200,3.157201171875,0.07710916548967361,0.11167220026254654,-0.041675008833408356
1789225101687240400,3.167240478515625,0.028387432917952538,0.0798780545592308,-0.048284176737070084
1789225101697279200,3.177279296875,-0.013668141327798367,0.04436133801937103,-0.06473052501678467
1789225101707318300,3.187318359375,-0.06018291413784027,-0.008101868443191051,-0.041789792478084564
1789225101717356300,3.197356201171875,-0.0952114686369896,-0.08422087132930756,0.008627044036984444
1789225101727395300,3.207395263671875,-0.12361834198236465,-0.16089913249015808,0.028026575222611427
1789225101737434400,3.217434326171875,-0.14674577116966248,-0.21681512892246246,0.004022971261292696
1789225101747473200,3.22747314453125,-0.17302744090557098,-0.27900925278663635,-0.016109727323055267
1789225101757511400,3.237511474609375,-0.21811369061470032,-0.3378520607948303,0.0211833156645298
1789225101767550200,3.24755029296875,-0.2540093660354614,-0.39264634251594543,0.054308779537677765
1789225101777589200,3.25758935546875,-0.28349748253822327,-0.3836536407470703,0.047092143446207047
1789225101787628300,3.267628173828125,-0.281124085187912,-0.3753206133842468,0.004077832214534283
1789225101797667300,3.277667236328125,-0.2643062174320221,-0.3692283630371094,-0.007166033610701561
1789225101807705300,3.287705322265625,-0.238291934132576,-0.3842105269432068,0.02515408955514431
1789225101817744100,3.297744140625,-0.2252376526594162,-0.3646717071533203,0.06679447740316391
1789225101827783400,3.307783447265625,-0.22165675461292267,-0.2937008738517761,0.08717884123325348
1789225101837822200,3.317822265625,-0.19987688958644867,-0.19437800347805023,0.08283469825983047
1789225101847861200,3.327861328125,-0.16139023005962372,-0.07961945980787277,0.06981077045202255
1789225101857899500,3.3378994140625,-0.07862583547830582,-0.01158554945141077,0.06521043181419373
1789225101867938300,3.347938232421875,-0.021398233249783516,0.01673503778874874,0.07576773315668106
1789225101877977300,3.357977294921875,0.00900015328079462,0.006713829003274441,0.06382771581411362
1789225101888016100,3.36801611328125,0.02014894410967827,-0.008520251139998436,0.014152037911117077
1789225101898054400,3.378054443359375,0.01836063154041767,-0.015251124277710915,-0.03363173082470894
1789225101908093200,3.38809326171875,0.011419900692999363,-0.014371482655405998,-0.07466411590576172
1789225101918132200,3.39813232421875,0.011322695761919022,0.01852494850754738,-0.10509978979825974
1789225101928171500,3.408171630859375,0.02648194134235382,0.07543616741895676,-0.11101120710372925
1789225101938210300,3.418210205078125,0.06017385795712471,0.127431720495224,-0.08415429294109344
1789225101948248300,3.428248291015625,0.10746174305677414,0.16574396193027496,-0.06010141968727112
1789225101958287400,3.438287353515625,0.1379978209733963,0.20333421230316162,-0.06396912783384323
1789225101968326400,3.448326416015625,0.14138402044773102,0.21121983230113983,-0.04722929745912552
1789225101978365400,3.458365478515625,0.12426362931728363,0.16679351031780243,0.007799067068845034
1789225101988403200,3.4684033203125,0.09713081270456314,0.12012241035699844,0.04376425966620445
1789225101998442500,3.4784423828125,0.07669398188591003,0.09802829474210739,0.04550676420331001
1789225102008481300,3.488481201171875,0.06814496219158173,0.09629590809345245,0.0458654910326004
1789225102018520300,3.498520263671875,0.06570444256067276,0.0940849557518959,0.06647463142871857
1789225102028559000,3.50855908203125,0.06873831897974014,0.08811361342668533,0.07163131237030029
1789225102038597400,3.518597412109375,0.06809409707784653,0.0871540755033493,0.013713149353861809
1789225102048636200,3.52863623046875,0.05325816199183464,0.08788937330245972,-0.05275748670101166
1789225102058675200,3.53867529296875,0.027712587267160416,0.05132896825671196,-0.06264021247625351
1789225102068714500,3.548714599609375,-0.006835002917796373,0.0008684568456374109,-0.040290962904691696
1789225102078752300,3.558752197265625,-0.04035807400941849,-0.0461089052259922,-0.049740925431251526
1789225102088791300,3.568791259765625,-0.07351416349411011,-0.07974383234977722,-0.04049043357372284
1789225102098830300,3.578830322265625,-0.0959443747997284,-0.14097122848033905,0.008526376448571682
1789225102108869400,3.588869384765625,-0.10800156742334366,-0.1856774538755417,0.056052085012197495
1789225102118908400,3.598908447265625,-0.1150703951716423,-0.17163807153701782,0.07462070882320404
1789225102128946400,3.608946533203125,-0.11430713534355164,-0.1402583122253418,0.082095667719841
1789225102138985500,3.6189853515625,-0.10300041735172272,-0.13993287086486816,0.06148679554462433
1789225102149024300,3.629024169921875,-0.10519459843635559,-0.11305970698595047,-0.01678377389907837
1789225102159063300,3.639063232421875,-0.13438551127910614,-0.07997605949640274,-0.02985456772148609
1789225102169102300,3.649102294921875,-0.16399426758289337,-0.11566827446222305,0.07474880665540695
1789225102179140400,3.659140380859375,-0.18395385146141052,-0.18187472224235535,0.08874212205410004
1789225102189179400,3.669179443359375,-0.19467388093471527,-0.1225043460726738,-0.07333413511514664
1789225102199218200,3.67921826171875,-0.20245003700256348,-0.11411405354738235,-0.13843271136283875
1789225102209257500,3.689257568359375,-0.21135884523391724,-0.258335143327713,0.05516418442130089
1789225102219295200,3.699295166015625,-0.21309790015220642,-0.3632546365261078,0.2146846055984497
1789225102229334000,3.709333984375,-0.2154630422592163,-0.299094557762146,0.0753709226846695
1789225102239373000,3.719373046875,-0.21591497957706451,-0.15466786921024323,-0.17745041847229004
1789225102249412000,3.729412109375,-0.21792221069335938,-0.11731251329183578,-0.2319440245628357
1789225102259449900,3.739449951171875,-0.23202045261859894,-0.20339412987232208,-0.06605731695890427
1789225102269489200,3.7494892578125,-0.2442994862794876,-0.2723252773284912,0.06485649198293686
1789225102279528200,3.759528076171875,-0.25446343421936035,-0.2878650724887848,0.05313166230916977
1789225102289567000,3.76956689453125,-0.2623376250267029,-0.30588722229003906,-0.015913719311356544
1789225102299606000,3.77960595703125,-0.27043095231056213,-0.33801665902137756,-0.07423428446054459
1789225102309644000,3.78964404296875,-0.2892645597457886,-0.3713301420211792,-0.11621369421482086
1789225102319683000,3.79968310546875,-0.30628082156181335,-0.37559065222740173,-0.08212203532457352
1789225102329721900,3.809721923828125,-0.3126516342163086,-0.3994949460029602,0.020170515403151512
1789225102339761000,3.819760986328125,-0.3073407709598541,-0.3675242066383362,0.06154884770512581
1789225102349799000,3.829798828125,-0.26884931325912476,-0.28701046109199524,0.005130313336849213
1789225102359838000,3.839837890625,-0.24519456923007965,-0.23275548219680786,0.0102539686486125
1789225102369877000,3.849876953125,-0.23162603378295898,-0.29601648449897766,0.11156328022480011
1789225102379916000,3.859916015625,-0.2345115691423416,-0.3532438278198242,0.16498416662216187
1789225102389955000,3.869955078125,-0.24501535296440125,-0.351614773273468,0.1262711137533188
1789225102399992800,3.879992919921875,-0.23319624364376068,-0.39051929116249084,-0.02382836677134037
1789225102410032000,3.8900322265625,-0.20529696345329285,-0.32243236899375916,-0.22641555964946747
1789225102420071200,3.9000712890625,-0.17788903415203094,-0.23134800791740417,-0.24006585776805878
1789225102430110000,3.91010986328125,-0.172786682844162,-0.209864541888237,0.0014743260107934475
1789225102440148200,3.920148193359375,-0.1607622504234314,-0.23429372906684875,0.0719413012266159
1789225102450187000,3.93018701171875,-0.14961399137973785,-0.12862882018089294,-0.13629472255706787
1789225102460226000,3.94022607421875,-0.1376824975013733,-0.09890234470367432,-0.2072027176618576
1789225102470264800,3.950264892578125,-0.1480720192193985,-0.24866467714309692,0.09571453928947449
1789225102480304000,3.96030419921875,-0.14304663240909576,-0.37183162569999695,0.39642056822776794
1789225102490342100,3.970342041015625,-0.12251899391412735,-0.31601494550704956,0.31278055906295776
1789225102500381000,3.980380859375,-0.08119764924049377,-0.16593463718891144,0.02214258722960949
1789225102510420000,3.990419921875,-0.014335529878735542,-0.04188406839966774,-0.20960915088653564
1789225102520459000,4.000458984375,0.05038008466362953,0.034507110714912415,-0.06499950587749481
1789225102530497000,4.0104970703125,0.07720930129289627,0.15247023105621338,0.002540655666962266
1789225102540535800,4.020535888671875,0.107312873005867,0.3686075806617737,-0.0995233952999115
1789225102550575000,4.0305751953125,0.17783044278621674,0.4973381459712982,-0.25556838512420654
1789225102560614100,4.0406142578125,0.29860666394233704,0.4958832561969757,-0.3258441388607025
1789225102570653000,4.05065283203125,0.3293837606906891,0.43774592876434326,-0.14464665949344635
1789225102580691200,4.060691162109375,0.3112582862377167,0.28399255871772766,0.11573139578104019
1789225102590730000,4.07072998046875,0.3064941465854645,0.3094902038574219,0.1209447979927063
1789225102600769000,4.08076904296875,0.327939510345459,0.496380478143692,-0.016325443983078003
1789225102610808000,4.09080810546875,0.3618154525756836,0.6048318147659302,0.06180744245648384
1789225102620846000,4.10084619140625,0.4778650999069214,0.5227678418159485,0.1371232271194458
1789225102630885000,4.110885009765625,0.5681265592575073,0.6146658062934875,-0.034803520888090134
1789225102640924000,4.120923828125,0.5712065100669861,0.7129921317100525,-0.2349318116903305
1789225102650963000,4.130962890625,0.46183234453201294,0.5756784677505493,-0.11399048566818237
1789225102661001000,4.1410009765625,0.33056700229644775,0.32206273078918457,0.18174529075622559
1789225102671040000,4.1510400390625,0.23009125888347626,0.20242048799991608,0.24368296563625336
1789225102681078800,4.161078857421875,0.12938489019870758,0.2036769539117813,0.09470812976360321
1789225102691118000,4.1711181640625,0.09224923700094223,0.15689560770988464,-0.07572538405656815
1789225102701157000,4.1811572265625,0.10707878321409225,0.03629728779196739,-0.23711800575256348
1789225102711195000,4.19119482421875,0.1234510987997055,0.015448731370270252,-0.31130409240722656
1789225102721234200,4.201234130859375,0.16652506589889526,0.057667821645736694,-0.07869188487529755
1789225102731273000,4.21127294921875,0.18619810044765472,0.1632123589515686,0.1602189689874649
1789225102741312000,4.22131201171875,0.2073603719472885,0.3071564733982086,0.11691942811012268
1789225102751350000,4.23135009765625,0.24574372172355652,0.38619962334632874,-0.08442513644695282
1789225102761389000,4.24138916015625,0.15244093537330627,0.3801151216030121,-0.1419299691915512
1789225102771428000,4.251427978515625,0.04698748141527176,0.12554781138896942,0.16051803529262543
1789225102781467000,4.261466796875,0.009468602947890759,-0.1880553960800171,0.23061323165893555
1789225102791505200,4.271505126953125,-0.021261345595121384,-0.03482269495725632,-0.12003026902675629
1789225102801544000,4.2815439453125,-0.011058243922889233,0.12422048300504684,-0.3281453847885132
1789225102811583000,4.2915830078125,0.04454003646969795,0.03807308152318001,-0.06178533658385277
1789225102821622000,4.3016220703125,0.08728750050067902,0.07407795637845993,0.2507307529449463
1789225102831661000,4.3116611328125,0.07103103399276733,0.270293265581131,0.2703196406364441
1789225102841699000,4.321698974609375,0.04571289196610451,0.45750683546066284,0.06858944892883301
1789225102851737900,4.33173779296875,0.14012302458286285,0.466754674911499,-0.169945627450943
1789225102861777200,4.341777099609375,0.2244562804698944,0.41083094477653503,-0.28752365708351135
1789225102871816000,4.35181591796875,0.18605110049247742,0.2017267346382141,-0.022701583802700043
1789225102881854000,4.36185400390625,0.19032546877861023,0.17636996507644653,0.2472340315580368
1789225102891893000,4.37189306640625,0.1952403336763382,0.20635449886322021,0.2727670967578888
1789225102901932000,4.38193212890625,0.22063836455345154,0.2865329682826996,-0.004855475388467312
1789225102911971000,4.39197119140625,0.31040605902671814,0.43849000334739685,-0.4172331690788269
1789225102922009000,4.402009033203125,0.3191092908382416,0.5347025394439697,-0.388195663690567
1789225102932048100,4.412048095703125,0.36400458216667175,0.4678971469402313,0.21142436563968658
1789225102942087000,4.4220869140625,0.4089829623699188,0.4233741760253906,0.2474215179681778
1789225102952126000,4.4321259765625,0.39487701654434204,0.7153945565223694,-0.09482397884130478
1789225102962165000,4.4421650390625,0.3896569609642029,0.8229718804359436,-0.30577829480171204
1789225102972203000,4.452203125,0.31012165546417236,0.6716875433921814,-0.07637812942266464
1789225102982242000,4.462241943359375,0.3047010600566864,0.5305834412574768,0.1945772022008896
1789225102992281000,4.472281005859375,0.3456074595451355,0.5473639965057373,0.27898529171943665
1789225103002320100,4.482320068359375,0.4075547158718109,0.6597158908843994,0.3162197470664978
1789225103012358000,4.49235791015625,0.4430416226387024,0.6815034747123718,0.3825974464416504
1789225103022397000,4.50239697265625,0.45039060711860657,0.6801117062568665,0.2717393636703491
1789225103032436200,4.512436279296875,0.38421210646629333,0.7540399432182312,0.14911171793937683
1789225103042475000,4.52247509765625,0.3166474401950836,0.7433516383171082,0.0032402679789811373
1789225103052513000,4.532512939453125,0.2783229649066925,0.7407585382461548,-0.20458084344863892
1789225103062552000,4.542552001953125,0.20341144502162933,0.7526625990867615,-0.2202194482088089
1789225103072591000,4.552591064453125,0.21371148526668549,0.5517500042915344,-0.11651889234781265
1789225103082630000,4.5626298828125,0.19228368997573853,0.49028101563453674,-0.03515132889151573
1789225103092669000,4.5726689453125,0.17214593291282654,0.5252957344055176,-0.089577816426754
1789225103102707000,4.58270703125,0.14110678434371948,0.5070397853851318,-0.20011791586875916
1789225103112746000,4.59274609375,0.16148529946804047,0.23284363746643066,0.004474376793950796
1789225103122785000,4.602784912109375,0.16340117156505585,0.08167355507612228,0.48409342765808105
1789225103132824000,4.612823974609375,0.14035391807556152,-0.06524478644132614,0.21892409026622772
1789225103142862000,4.622862060546875,0.03238776698708534,0.24822339415550232,-0.41774609684944153
1789225103152900900,4.63290087890625,-0.09993351995944977,0.4097808599472046,-0.6722337603569031
1789225103162940000,4.64293994140625,-0.18443961441516876,0.36545732617378235,-0.26380661129951477
1789225103172979200,4.652979248046875,-0.16102510690689087,0.2972519099712372,0.07424253970384598
1789225103183017000,4.663016845703125,-0.011454788036644459,0.5443482398986816,-0.055200669914484024
1789225103193056000,4.673055908203125,0.18419833481311798,0.5665475726127625,-0.17423172295093536
1789225103203095000,4.683094970703125,0.38313886523246765,0.4124855697154999,-0.3891754448413849
1789225103213134000,4.693134033203125,0.32439112663269043,0.3588652014732361,-0.5493781566619873
1789225103223171800,4.703171875,0.010597783140838146,0.14203304052352905,0.27415192127227783
1789225103233211400,4.71321142578125,-0.20353208482265472,-0.13381771743297577,0.6867600083351135
1789225103243250700,4.723250732421875,-0.41426509618759155,-0.014177071861922741,0.7351749539375305
1789225103253289500,4.73328955078125,-0.4626014530658722,0.07309737801551819,0.6642259359359741
1789225103263327500,4.743327392578125,-0.3201761543750763,0.10883114486932755,0.48600852489471436
1789225103273366500,4.753366455078125,-0.05152950435876846,0.17379070818424225,0.40839147567749023
1789225103283405600,4.763405517578125,0.08930031955242157,-0.060144830495119095,0.4667091369628906
1789225103293444600,4.773444580078125,0.06290679425001144,0.03742273896932602,0.5232189893722534
1789225103303483400,4.7834833984375,0.06543386727571487,0.13862818479537964,0.10808145999908447
1789225103313521700,4.793521728515625,0.025802835822105408,0.571515679359436,-0.42925843596458435
1789225103323560400,4.803560546875,0.038186535239219666,0.6850464940071106,-0.6090726852416992
1789225103333599500,4.813599609375,0.1235341876745224,0.5232240557670593,-0.549550473690033
1789225103343638800,4.823638671875,0.18720237910747528,0.44833704829216003,-0.3777720630168915
1789225103353676500,4.833676513671875,0.24322037398815155,0.47087565064430237,-0.1874561756849289
1789225103363715600,4.843715576171875,0.2951411008834839,0.37855395674705505,-0.21226751804351807
1789225103373754600,4.853754638671875,0.28736546635627747,0.4142131507396698,-0.360769122838974
1789225103383793700,4.863793701171875,0.20146946609020233,0.420176237821579,-0.1881837546825409
1789225103393831400,4.87383154296875,0.1450520008802414,0.4170036315917969,0.16828301548957825
1789225103403870500,4.883870361328125,0.1082838624715805,0.4442126154899597,0.2849031090736389
1789225103413909800,4.89390966796875,0.09639471024274826,0.6461933851242065,0.264085978269577
1789225103423948500,4.903948486328125,0.18177112936973572,0.7216386198997498,0.27123257517814636
1789225103433986600,4.913986572265625,0.25778546929359436,0.5663571357727051,0.2487589567899704
1789225103444025600,4.924025634765625,0.2951240539550781,0.35897013545036316,0.30051615834236145
1789225103454064600,4.934064697265625,0.25300803780555725,0.41484832763671875,0.2617618441581726
1789225103464103400,4.944103515625,0.2077968716621399,0.4621015787124634,-0.029580529779195786
1789225103474141700,4.9541416015625,0.17635132372379303,0.5572233200073242,-0.33874502778053284
1789225103484180500,4.964180419921875,0.1293148398399353,0.6466748714447021,-0.30704623460769653
1789225103494219500,4.974219482421875,0.10587690025568008,0.6096526980400085,-0.0476657897233963
1789225103504258600,4.984258544921875,0.12527883052825928,0.5762822031974792,0.07815339416265488
1789225103514297600,4.994297607421875,0.18630382418632507,0.5571279525756836,0.004719387739896774
1789225103524335600,5.004335693359375,0.20726823806762695,0.5546903610229492,-0.16368240118026733
1789225103534374400,5.01437451171875,0.13924124836921692,0.31574705243110657,-0.12729616463184357
1789225103544413400,5.024413330078125,0.026767166331410408,0.17847174406051636,-0.06191902607679367
1789225103554452700,5.03445263671875,-0.13468164205551147,0.05916079133749008,0.015387744642794132
1789225103564490500,5.044490478515625,-0.2450406402349472,0.08893732726573944,0.05306880921125412
1789225103574529500,5.054529541015625,-0.3052677810192108,0.1770261824131012,0.13716503977775574
1789225103584568600,5.064568603515625,-0.2459927201271057,0.1772456169128418,0.06962648034095764
1789225103594607600,5.074607666015625,-0.20578858256340027,0.20106039941310883,0.009863283485174179
1789225103604645400,5.084645263671875,-0.25818201899528503,0.042901661247015,0.23629775643348694
1789225103614684700,5.0946845703125,-0.3107331097126007,-0.1487351506948471,0.46403664350509644
1789225103624723700,5.1047236328125,-0.3277973234653473,-0.442137748003006,0.3091125786304474
1789225103634762500,5.114762451171875,-0.4851965308189392,-0.4448312520980835,0.03238137438893318
1789225103644800800,5.12480078125,-0.7686859965324402,-0.6026435494422913,0.09232460707426071
1789225103654839600,5.134839599609375,-0.8076861500740051,-0.8569107055664062,0.09880141168832779
1789225103664878600,5.144878662109375,-0.7957735657691956,-0.7910645604133606,-0.12341541051864624
1789225103674917400,5.15491748046875,-0.8199356198310852,-0.6300205588340759,-0.21082435548305511
1789225103684955600,5.16495556640625,-0.8120550513267517,-0.6505687236785889,-0.040463004261255264
1789225103694994400,5.174994384765625,-0.8626700639724731,-0.7541297078132629,0.11165595799684525
1789225103705033500,5.185033447265625,-0.931125819683075,-0.8185358643531799,0.02195669710636139
1789225103715072500,5.195072509765625,-1.0394717454910278,-0.9159537553787231,-0.03512443229556084
1789225103725110500,5.205110595703125,-1.1161220073699951,-1.1052086353302002,-0.040334105491638184
1789225103735149600,5.215149658203125,-1.1346651315689087,-1.362693190574646,-0.013480122201144695
1789225103745188400,5.225188232421875,-1.1210395097732544,-1.5149301290512085,0.19235239923000336
1789225103755227600,5.2352275390625,-1.1409168243408203,-1.489417314529419,0.36415159702301025
1789225103765266700,5.2452666015625,-1.2210873365402222,-1.3155443668365479,0.3380480706691742
1789225103775304400,5.255304443359375,-1.2834068536758423,-1.2233693599700928,0.07592912018299103
1789225103785343700,5.26534375,-1.2076905965805054,-1.074076771736145,-0.04315812140703201
1789225103795382500,5.275382568359375,-1.1491715908050537,-1.160422682762146,0.18212293088436127
1789225103805421600,5.285421630859375,-1.056217908859253,-1.2261574268341064,0.526911199092865
1789225103815459600,5.29545947265625,-0.9003577828407288,-1.413293719291687,0.4202904999256134
1789225103825498600,5.30549853515625,-0.7743614912033081,-1.3537486791610718,-0.0558299757540226
1789225103835537700,5.31553759765625,-0.7579183578491211,-1.2151330709457397,-0.6373447775840759
1789225103845576400,5.325576416015625,-0.815470278263092,-1.2678241729736328,-0.33253347873687744
1789225103855614700,5.33561474609375,-0.8759624361991882,-1.1379036903381348,0.20166414976119995
1789225103865653500,5.345653564453125,-0.9363892674446106,-1.034993052482605,0.15244972705841064
1789225103875692500,5.355692626953125,-0.9981586337089539,-0.6199485063552856,-0.009010273031890392
1789225103885731600,5.365731689453125,-0.8642300963401794,-0.6233730316162109,-0.20131047070026398
1789225103895769600,5.37576953125,-0.542442262172699,-0.6810616254806519,-0.14965873956680298
1789225103905808400,5.385808349609375,-0.434075266122818,-0.8923717737197876,0.19678816199302673
1789225103915847400,5.395847412109375,-0.39643388986587524,-0.9784238338470459,0.3766324818134308
1789225103925886700,5.40588671875,-0.39655426144599915,-0.8105146884918213,0.2696988582611084
1789225103935924500,5.415924560546875,-0.3939600884914398,-0.7883201837539673,0.028150144964456558
1789225103945963500,5.425963623046875,-0.39546558260917664,-0.7360455393791199,-0.2961166203022003
1789225103956002600,5.43600244140625,-0.4193804860115051,-0.7028787732124329,-0.26742982864379883
1789225103966041600,5.44604150390625,-0.37413790822029114,-0.6193639039993286,0.04096660763025284
1789225103976079400,5.456079345703125,-0.3165893852710724,-0.518915593624115,0.19998209178447723
1789225103986118700,5.46611865234375,-0.21084804832935333,-0.4441518783569336,0.24379055202007294
1789225103996157700,5.47615771484375,-0.08669388294219971,-0.43443721532821655,0.0992640033364296
1789225104006196500,5.486196533203125,-0.07836271822452545,-0.6243624091148376,-0.22375160455703735
1789225104016234800,5.49623486328125,-0.14689117670059204,-0.48841601610183716,-0.40254825353622437
1789225104026273500,5.5062734375,-0.2502330243587494,-0.5913256406784058,-0.0015923039754852653
1789225104036312600,5.5163125,-0.27761003375053406,-0.6641390919685364,0.48371127247810364
1789225104046351600,5.5263515625,-0.2680639326572418,-0.6598623394966125,0.4264192283153534
1789225104056389600,5.5363896484375,-0.20709539949893951,-0.5552978515625,0.1144445538520813
1789225104066428700,5.5464287109375,-0.1702928990125656,-0.5432448983192444,-0.027269437909126282
1789225104076467500,5.556467529296875,-0.15373629331588745,-0.5926406979560852,0.13935309648513794
1789225104086506500,5.566506591796875,-0.1662992238998413,-0.5207534432411194,0.2701449394226074
1789225104096544500,5.57654443359375,-0.1737440973520279,-0.49466219544410706,0.11225809901952744
1789225104106583600,5.58658349609375,-0.09468603134155273,-0.4768126308917999,-0.2939424216747284
1789225104116622300,5.596622314453125,-0.09741336852312088,-0.2652348577976227,-0.41316094994544983
1789225104126661600,5.60666162109375,-0.07328406721353531,-0.5170351266860962,-0.17064817249774933
1789225104136699600,5.61669970703125,-0.041680868715047836,-0.5307989120483398,0.27232658863067627
1789225104146738400,5.626738525390625,-0.04724554345011711,-0.46637091040611267,0.3885757029056549
1789225104156777700,5.63677783203125,-0.029809560626745224,-0.47272467613220215,0.2103244811296463
1789225104166816500,5.64681640625,0.024947427213191986,-0.3687026798725128,-0.1762719750404358
1789225104176854500,5.6568544921875,0.03819771856069565,-0.17096908390522003,-0.21936377882957458
1789225104186893600,5.6668935546875,0.037688255310058594,-0.17144711315631866,0.3568952679634094
1789225104196932600,5.6769326171875,0.09392622858285904,-0.37115970253944397,0.46243715286254883
1789225104206971600,5.6869716796875,0.1719171702861786,-0.03025936894118786,0.08044344186782837
1789225104217009700,5.697009765625,0.3155515491962433,0.047985367476940155,-0.4667772948741913
1789225104227048700,5.707048583984375,0.3359425961971283,0.15550516545772552,-0.1694079339504242
1789225104237087200,5.717087158203125,0.3467555642127991,-0.10029757767915726,0.40140682458877563
1789225104247126000,5.7271259765625,0.3602340817451477,-0.22726377844810486,0.18524175882339478
1789225104257164300,5.737164306640625,0.33762651681900024,0.09260636568069458,0.05585500970482826
1789225104267203000,5.747203125,0.3893626630306244,0.2498292773962021,-0.08396760374307632
1789225104277242000,5.7572421875,0.4216287434101105,0.24783030152320862,0.086035817861557
1789225104287281200,5.76728125,0.4622192978858948,0.24949930608272552,0.19854584336280823
1789225104297319200,5.777319091796875,0.48414164781570435,0.5303744077682495,0.14381521940231323
1789225104307358200,5.787358154296875,0.5639358162879944,0.23288863897323608,-0.26229527592658997
1789225104317397000,5.79739697265625,0.5859414935112,0.3635241389274597,-0.3050360679626465
1789225104327436300,5.807436279296875,0.566871702671051,0.1510811299085617,0.04290032759308815
1789225104337474000,5.81747412109375,0.5221990346908569,0.07787083089351654,0.2302316129207611
1789225104347513000,5.82751318359375,0.4424855411052704,0.30900365114212036,0.25657400488853455
1789225104357552000,5.83755224609375,0.467467337846756,0.33662062883377075,0.023840084671974182
1789225104367591200,5.847591064453125,0.5490524768829346,0.28215497732162476,-0.2841867208480835
1789225104377629000,5.85762890625,0.5511249303817749,0.3836406171321869,-0.4063808023929596
1789225104387668200,5.867668212890625,0.4691064953804016,0.2746230363845825,-0.22696790099143982
1789225104397707300,5.877707275390625,0.2693995237350464,0.22014355659484863,0.026209766045212746
1789225104407746000,5.88774609375,0.19419823586940765,0.05050258710980415,0.06299840658903122
1789225104417785000,5.89778515625,0.12676459550857544,0.0010420948965474963,-0.07555174827575684
1789225104427823000,5.907822998046875,0.16370823979377747,-0.2191358059644699,-0.08081149309873581
1789225104437862100,5.917862060546875,0.16312234103679657,-0.33172574639320374,-0.08767072856426239
1789225104447901200,5.927901123046875,0.13067971169948578,-0.4025932550430298,0.058404188603162766
1789225104457939200,5.937939208984375,0.0701306164264679,-0.2152705043554306,0.4348936676979065
1789225104467978200,5.947978271484375,0.017899638041853905,-0.14552098512649536,0.3920700252056122
1789225104478017000,5.95801708984375,0.03284583240747452,0.07873742282390594,0.21694828569889069
1789225104488056000,5.96805615234375,0.12198050320148468,0.04156928136944771,0.013006346300244331
1789225104498094000,5.978093994140625,0.20262926816940308,-0.027093669399619102,-0.055988699197769165
1789225104508133000,5.988133056640625,0.22837671637535095,-0.26639893651008606,0.08340860903263092
1789225104518172200,5.998172119140625,0.19159500300884247,-0.2346937358379364,0.3299861550331116
1789225104528211200,6.008211181640625,0.13704200088977814,-0.16409999132156372,0.24583666026592255
1789225104538249200,6.018249267578125,0.10283849388360977,-0.00794394314289093,-0.0710265040397644
1789225104548288000,6.0282880859375,0.1592639535665512,0.17144179344177246,-0.25936445593833923
1789225104558327300,6.038327392578125,0.3101080656051636,0.14070385694503784,-0.29314371943473816
1789225104568366000,6.048365966796875,0.4380204975605011,0.1581164002418518,-0.14500299096107483
1789225104578404000,6.058404052734375,0.5156790614128113,0.2217337191104889,0.1550431102514267
1789225104588443100,6.068443115234375,0.530046820640564,0.34656140208244324,-0.019051188603043556
1789225104598482200,6.078482177734375,0.5076096653938293,0.46646732091903687,-0.3916897475719452
1789225104608521200,6.088521240234375,0.464962363243103,0.4777356684207916,-0.4131433665752411
1789225104618559200,6.098559326171875,0.48698297142982483,0.3395509123802185,-0.14498035609722137
1789225104628598300,6.108598388671875,0.49275538325309753,0.38098275661468506,0.02816852182149887
1789225104638637000,6.118636962890625,0.5422547459602356,0.5020146369934082,0.048167530447244644
1789225104648676000,6.128676025390625,0.6125121116638184,0.5815827250480652,0.017103886231780052
1789225104658714000,6.138714111328125,0.6731552481651306,0.6461403965950012,0.013198093511164188
1789225104668753200,6.148753173828125,0.6641457676887512,0.6852023005485535,0.14907203614711761
1789225104678792200,6.158792236328125,0.6335551142692566,0.6260327100753784,0.38356149196624756
1789225104688831000,6.1688310546875,0.6418417692184448,0.524957537651062,0.41666379570961
1789225104698869200,6.178869140625,0.6697240471839905,0.6484480500221252,0.03802674263715744
1789225104708908000,6.188907958984375,0.6113957166671753,0.779369056224823,-0.20677314698696136
1789225104718947000,6.198947021484375,0.565230131149292,0.6075149774551392,0.05041363835334778
1789225104728986400,6.208986328125,0.5634825229644775,0.4757143259048462,0.2610507607460022
1789225104739024100,6.219024169921875,0.5178114771842957,0.6721834540367126,0.1968158632516861
1789225104749063200,6.229063232421875,0.5402560234069824,0.6927971243858337,-0.062005847692489624
1789225104759102200,6.239102294921875,0.6131808757781982,0.5624337792396545,-0.5963387489318848
1789225104769141200,6.249141357421875,0.562547504901886,0.5191390514373779,-0.5411441922187805
1789225104779179000,6.259178955078125,0.5389865040779114,0.5698349475860596,0.01347825862467289
1789225104789218300,6.26921826171875,0.48342418670654297,0.6711158156394958,0.32255861163139343
1789225104799257000,6.279257080078125,0.4431433379650116,0.7936409115791321,0.4355914294719696
1789225104809296100,6.289296142578125,0.5315717458724976,0.8121469616889954,0.2165602743625641
1789225104819334100,6.299334228515625,0.5568858981132507,0.6604149341583252,-0.12140046060085297
1789225104829373200,6.309373291015625,0.4949876368045807,0.6065199971199036,-0.7693406343460083
1789225104839412200,6.319412109375,0.36578330397605896,0.5512391924858093,-0.0980440080165863
1789225104849451000,6.329450927734375,0.34931138157844543,0.4607186019420624,0.5534616112709045
1789225104859489300,6.3394892578125,0.274664044380188,0.651243269443512,0.48166385293006897
1789225104869528000,6.349528076171875,0.24364781379699707,1.0106009244918823,0.2637786567211151
1789225104879567000,6.359567138671875,0.445237398147583,0.6199540495872498,-0.3035636246204376
1789225104889606100,6.369606201171875,0.5285394787788391,0.9070441722869873,-0.38907477259635925
1789225104899644200,6.37964404296875,0.48087793588638306,0.8429807424545288,-0.052747100591659546
1789225104909683200,6.38968310546875,0.39628368616104126,0.7228732705116272,0.1286647617816925
1789225104919722000,6.399721923828125,0.3052770793437958,0.7416562438011169,0.06963234394788742
1789225104929761300,6.40976123046875,0.24237535893917084,0.8041489124298096,0.036307405680418015
1789225104939799000,6.419799072265625,0.2761666178703308,0.6393275260925293,-0.21568648517131805
1789225104949838000,6.429838134765625,0.32419538497924805,0.6600934863090515,-0.4276072680950165
1789225104959877400,6.43987744140625,0.3107578754425049,0.6045370101928711,-0.008065116591751575
1789225104969916200,6.449916259765625,0.3123994469642639,0.46425262093544006,0.2918800711631775
1789225104979954200,6.4599541015625,0.24055348336696625,0.694418728351593,0.20084868371486664
1789225104989993200,6.4699931640625,0.19583794474601746,0.7349382042884827,-0.10250453650951385
1789225105000032300,6.4800322265625,0.17632842063903809,0.7443159818649292,-0.3091581165790558
1789225105010071000,6.490071044921875,0.08892161399126053,0.6569679975509644,-0.03305329009890556
1789225105020109000,6.500109130859375,0.11882971227169037,0.30485230684280396,0.20930741727352142
1789225105030148000,6.510148193359375,0.10532029718160629,0.2609029710292816,0.15652036666870117
1789225105040187100,6.520187255859375,-0.023803332820534706,0.32621246576309204,0.08541902899742126
1789225105050225200,6.53022509765625,-0.08697164803743362,0.3490954041481018,0.18851664662361145
1789225105060264200,6.54026416015625,-0.14182956516742706,0.24589471518993378,0.3427933156490326
1789225105070303200,6.55030322265625,-0.12106037884950638,0.2235148549079895,0.23083321750164032
1789225105080342000,6.560342041015625,-0.15174664556980133,0.33666136860847473,-0.04845142364501953
1789225105090380300,6.57038037109375,-0.19064371287822723,0.2508934736251831,-0.2100970447063446
1789225105100419000,6.580419189453125,-0.2472180426120758,0.038784679025411606,-0.12068087607622147
1789225105110458000,6.5904580078125,-0.3395785987377167,-0.09415686130523682,0.13493917882442474
1789225105120497200,6.6004970703125,-0.39462828636169434,-0.22103038430213928,0.30931150913238525
1789225105130535200,6.61053515625,-0.42245805263519287,-0.20078742504119873,0.15950417518615723
1789225105140574200,6.62057421875,-0.39770129323005676,-0.07221613824367523,-0.12392647564411163
1789225105150613000,6.630613037109375,-0.405676931142807,-0.029764819890260696,-0.07025392353534698
1789225105160652300,6.64065234375,-0.41541585326194763,-0.14750823378562927,0.2542099058628082
1789225105170690000,6.65068994140625,-0.4268951416015625,-0.2612830102443695,0.21926124393939972
1789225105180729000,6.66072900390625,-0.4912549555301666,-0.0908777117729187,-0.10081742703914642
1789225105190768000,6.67076806640625,-0.5477320551872253,-0.16312207281589508,-0.19656206667423248
1789225105200807200,6.68080712890625,-0.5940995812416077,-0.41198354959487915,-0.010261692106723785
1789225105210845200,6.69084521484375,-0.614927351474762,-0.5316007733345032,0.12014398723840714
1789225105220884000,6.700884033203125,-0.6398904919624329,-0.50636225938797,0.09212486445903778
1789225105230923000,6.710923095703125,-0.6606759428977966,-0.3969188630580902,0.1399214118719101
1789225105240961800,6.7209619140625,-0.6521474123001099,-0.552981436252594,0.23697899281978607
1789225105250999800,6.730999755859375,-0.6110652089118958,-0.7277505993843079,-0.08257690072059631
1789225105261038800,6.741038818359375,-0.653626561164856,-0.6569485664367676,-0.4640448987483978
1789225105271078000,6.751077880859375,-0.744778573513031,-0.7628771066665649,-0.20665517449378967
1789225105281117000,6.761116943359375,-0.7604230046272278,-0.8438001871109009,0.023443806916475296
1789225105291155000,6.771155029296875,-0.8466242551803589,-0.6800932884216309,-0.0445869080722332
1789225105301194000,6.781194091796875,-0.8693681359291077,-0.6711490750312805,-0.2102762758731842
1789225105311232800,6.791232666015625,-0.8961342573165894,-0.8225868344306946,-0.3880763649940491
1789225105321271000,6.80127099609375,-0.8879386186599731,-0.7394455671310425,-0.20728154480457306
1789225105331309800,6.811309814453125,-0.7589511275291443,-0.8250382542610168,0.13750486075878143
1789225105341348900,6.821348876953125,-0.6805854439735413,-0.6108739972114563,0.4877294600009918
1789225105351388000,6.831387939453125,-0.6001907587051392,-0.6529266834259033,0.37576058506965637
1789225105361426000,6.841426025390625,-0.5515100359916687,-0.7500692009925842,0.1322523057460785
1789225105371465000,6.85146484375,-0.6880170106887817,-0.7495903372764587,-0.11606455594301224
1789225105381503700,6.861503662109375,-0.7706335783004761,-1.0043747425079346,0.03839505836367607
1789225105391542800,6.871542724609375,-0.7497733235359192,-1.0206109285354614,0.4204398989677429
1789225105401580800,6.881580810546875,-0.674771249294281,-1.020119071006775,0.20097491145133972
1789225105411619800,6.891619873046875,-0.6146104335784912,-0.48696354031562805,-0.27227598428726196
1789225105421659000,6.901658935546875,-0.46016520261764526,-0.3316631615161896,-0.39988428354263306
1789225105431698000,6.911697998046875,-0.29931214451789856,-0.3820347189903259,-0.16939249634742737
1789225105441736000,6.92173583984375,-0.220957413315773,-0.42444607615470886,-0.03706987202167511
1789225105451774700,6.931774658203125,-0.12600986659526825,-0.30827900767326355,-0.3923925459384918
1789225105461814000,6.94181396484375,-0.07985728234052658,-0.05595088377594948,-0.648999035358429
1789225105471852800,6.951852783203125,-0.14150600135326385,-0.2103215456008911,-0.20209850370883942
1789225105481890800,6.961890869140625,-0.19961057603359222,-0.44542914628982544,0.3998781740665436
1789225105491930000,6.97193017578125,-0.22636283934116364,-0.47724005579948425,0.3428116738796234
1789225105501969000,6.981968994140625,-0.2269873470067978,-0.25038933753967285,0.07081611454486847
1789225105512008000,6.992008056640625,-0.11250577121973038,-0.10499698668718338,-0.0403684601187706
1789225105522046000,7.0020458984375,0.03232571482658386,0.050267964601516724,0.42642882466316223
1789225105532085000,7.0120849609375,0.11966434866189957,-0.0706680417060852,0.7966947555541992
1789225105542123800,7.022123779296875,0.203342467546463,0.07044912874698639,0.4186933934688568
1789225105552162000,7.032162109375,0.11509409546852112,0.22565096616744995,-0.11601635068655014
1789225105562200800,7.042200927734375,-0.007050719112157822,0.1046086996793747,-0.18334531784057617
1789225105572240000,7.052239990234375,-0.10504892468452454,-0.10461216419935226,0.2312350869178772
1789225105582279000,7.06227880859375,-0.0503702312707901,-0.39212462306022644,0.2169906347990036
1789225105592317000,7.07231689453125,-0.015527027659118176,-0.18152345716953278,-0.09840806573629379
1789225105602356000,7.08235595703125,0.06876521557569504,-0.07610994577407837,-0.4369991719722748
1789225105612394800,7.092394775390625,0.07836271822452545,-0.09015785902738571,-0.4855448603630066
1789225105622433800,7.102433837890625,0.03615400940179825,-0.13435247540473938,-0.28405410051345825
1789225105632471800,7.112471923828125,-0.014288391917943954,-0.11258672922849655,-0.1500512808561325
1789225105642510800,7.1225107421875,-0.07033594697713852,-0.039331428706645966,-0.10179293900728226
1789225105652550000,7.1325498046875,-0.06574945151805878,-0.065994992852211,-0.026885144412517548
1789225105662589000,7.1425888671875,-0.070973239839077,-0.1797412633895874,0.16582705080509186
1789225105672627000,7.152626953125,-0.060991182923316956,-0.2607407867908478,0.2568451166152954
1789225105682665700,7.162665771484375,-0.07602845132350922,-0.2794950306415558,0.25849199295043945
1789225105692705000,7.172705078125,-0.1030598059296608,-0.2531832754611969,0.4174228012561798
1789225105702744000,7.182744140625,-0.09241195768117905,-0.27657991647720337,0.517041802406311
1789225105712781800,7.19278173828125,-0.06575797498226166,-0.1108226552605629,0.28783443570137024
1789225105722821000,7.202821044921875,0.05674024298787117,0.05602651834487915,-0.10243795812129974
1789225105732860000,7.21285986328125,0.07185900956392288,0.11811785399913788,-0.13886094093322754
1789225105742898000,7.22289794921875,0.08347092568874359,-0.008446482010185719,0.19215133786201477
1789225105752937000,7.23293701171875,0.1028938889503479,-0.1609361618757248,0.24312449991703033
1789225105762976000,7.24297607421875,0.1138400137424469,-0.17915751039981842,-0.1422455608844757
1789225105773014800,7.253014892578125,0.15424123406410217,-0.01224574726074934,-0.6621105670928955
1789225105783052800,7.263052734375,0.11574497818946838,0.14450445771217346,-0.3747006356716156
1789225105793092000,7.273092041015625,0.10993342101573944,0.0076094502583146095,0.22617481648921967
1789225105803131000,7.283130859375,0.09650150686502457,0.0781957358121872,0.3736417591571808
1789225105813170000,7.293169921875,0.130791574716568,0.4449545741081238,0.19092334806919098
1789225105823208000,7.3032080078125,0.2599825859069824,0.23404045403003693,-0.24021846055984497
1789225105833247000,7.3132470703125,0.40752488374710083,0.509717583656311,-0.6290959119796753
1789225105843285800,7.32328564453125,0.36881718039512634,0.26858699321746826,-0.024444356560707092
1789225105853324800,7.33332470703125,0.3612484633922577,0.1814398318529129,0.7534191608428955
1789225105863362800,7.34336279296875,0.386023610830307,0.07099960744380951,0.4765886664390564
1789225105873401900,7.35340185546875,0.32359403371810913,0.3826379179954529,-0.13243021070957184
1789225105883441000,7.36344091796875,0.34266307950019836,0.7937639355659485,-0.2703087031841278
1789225105893479000,7.37347900390625,0.323003888130188,0.6196866631507874,0.4145553708076477
1789225105903518000,7.38351806640625,0.37431076169013977,0.30982550978660583,0.582650363445282
1789225105913556700,7.393556640625,0.45105719566345215,0.4153386056423187,0.2371470332145691
1789225105923596000,7.403595947265625,0.400932252407074,0.275893896818161,-0.2593868374824524
1789225105933633800,7.4136337890625,0.2618670165538788,0.38868436217308044,-0.3516179621219635
1789225105943672800,7.4236728515625,0.1902623474597931,0.1749206781387329,0.2075449377298355
1789225105953711900,7.4337119140625,0.11563391983509064,-0.03526025265455246,0.3826424479484558
1789225105963751000,7.4437509765625,0.10982423275709152,0.19907209277153015,0.026823891326785088
1789225105973789000,7.453788818359375,0.23131418228149414,0.17980438470840454,-0.5552642941474915
1789225105983827700,7.46382763671875,0.2082088589668274,0.4501431882381439,-0.7162033915519714
1789225105993867000,7.473866943359375,0.15285053849220276,0.2992737889289856,-0.07659970223903656
1789225106003906000,7.483906005859375,0.13054735958576202,-0.019535884261131287,0.15976889431476593
1789225106013943800,7.49394384765625,0.07586786895990372,0.18930041790008545,-0.031202927231788635
1789225106023983000,7.503983154296875,0.0331486314535141,0.15939098596572876,-0.1279931217432022
1789225106034022000,7.51402197265625,0.04327796399593353,-0.0291160736232996,-0.10280520468950272
1789225106044061000,7.52406103515625,0.005352953914552927,-0.04452219232916832,0.09742269665002823
1789225106054099000,7.534098876953125,-0.0662703663110733,-0.016157664358615875,0.5012183785438538
1789225106064138000,7.544137939453125,-0.09653399884700775,-0.0957891121506691,0.8579045534133911
1789225106074176800,7.5541767578125,-0.11894556134939194,0.09558644145727158,0.7787581086158752
1789225106084215000,7.564215087890625,-0.0328596793115139,-0.08293429762125015,0.3808932900428772
1789225106094254000,7.574254150390625,-0.062377624213695526,-0.11753302067518234,-0.16959142684936523
1789225106104292900,7.58429296875,-0.061283331364393234,0.09399840235710144,-0.74007648229599
1789225106114332000,7.594331787109375,-0.04302070289850235,-0.1370161771774292,-0.025427861139178276
1789225106124370000,7.604369873046875,-0.004462392535060644,-0.3621523678302765,0.34018474817276
1789225106134409000,7.614408935546875,-0.04147686809301376,-0.09581494331359863,0.12128807604312897
1789225106144447700,7.62444775390625,-0.0683249980211258,0.1419222503900528,-0.42753827571868896
1789225106154486800,7.63448681640625,0.03130865469574928,0.14057202637195587,-0.8844011425971985
1789225106164524800,7.64452490234375,-0.06334381550550461,0.31440508365631104,-0.6916194558143616
1789225106174563800,7.654563720703125,-0.04499650374054909,-0.04027818143367767,-0.1388188749551773
1789225106184603000,7.664602783203125,0.031926773488521576,-0.23024864494800568,0.02118171751499176
1789225106194641000,7.674640869140625,0.04456959664821625,-0.03937030956149101,-0.17130011320114136
1789225106204680000,7.684679931640625,0.056105345487594604,0.10830517113208771,-0.19666752219200134
1789225106214718700,7.69471875,0.028665732592344284,-0.0472271665930748,0.14624163508415222
1789225106224758000,7.704758056640625,-0.005138303153216839,-0.031245803460478783,0.4432240426540375
1789225106234796300,7.71479638671875,-0.0555490143597126,0.06317976862192154,0.5771256685256958
1789225106244835300,7.72483544921875,-0.010304036550223827,0.09111366420984268,0.3429621458053589
1789225106254874400,7.734874267578125,0.022036593407392502,0.21099746227264404,0.16555353999137878
1789225106264913400,7.744913330078125,-0.00376064982265234,0.060976799577474594,0.39717239141464233
1789225106274951400,7.754951416015625,0.012849219143390656,-0.24646703898906708,0.5274443626403809
1789225106284990200,7.764990234375,0.011001784354448318,-0.22668933868408203,0.14095978438854218
1789225106295029500,7.775029541015625,-0.047918256372213364,-0.1689235121011734,-0.3676283359527588
1789225106305068500,7.785068603515625,-0.08139259368181229,-0.13598127663135529,-0.49494582414627075
1789225106315106300,7.795106201171875,-0.08858206123113632,-0.15129896998405457,-0.22873251140117645
1789225106325145600,7.8051455078125,-0.08069857209920883,-0.2611687481403351,-0.12236080318689346
1789225106335184400,7.815184326171875,0.023670176044106483,-0.15383243560791016,-0.47486796975135803
1789225106345222400,7.825222412109375,0.02100861258804798,0.07738613337278366,-0.7291199564933777
1789225106355261400,7.835261474609375,-0.010456369258463383,-0.15628308057785034,-0.3051665723323822
1789225106365300500,7.845300537109375,-0.037704236805438995,-0.42644238471984863,0.14790689945220947
1789225106375339500,7.855339599609375,-0.0333571583032608,-0.4259273409843445,0.03430071473121643
1789225106385377300,7.865377197265625,-0.13295964896678925,-0.31602054834365845,-0.12943574786186218
1789225106395416600,7.87541650390625,-0.14813381433486938,-0.2449471652507782,0.02322383038699627
1789225106405455400,7.885455322265625,-0.12811562418937683,-0.29410219192504883,0.42901235818862915
1789225106415494400,7.895494384765625,-0.12275254726409912,-0.2653355300426483,0.7084589004516602
1789225106425532400,7.905532470703125,-0.04466520622372627,-0.08691146224737167,0.4791466295719147
1789225106435571500,7.915571533203125,0.011347196996212006,-0.03892689198255539,0.008509065955877304
1789225106445610200,7.9256103515625,-0.07056897133588791,0.02816426008939743,0.022518625482916832
1789225106455648500,7.9356484375,-0.1009918600320816,-0.2816716134548187,0.4205344319343567
1789225106465687600,7.9456875,-0.04084543511271477,-0.5708983540534973,0.1558292806148529
1789225106475726300,7.955726318359375,-0.019031215459108353,-0.33192920684814453,-0.3868443965911865
1789225106485765400,7.965765380859375,0.00812344066798687,-0.1653708517551422,-0.5573508739471436
1789225106495803400,7.975803466796875,0.02943245694041252,-0.24497592449188232,-0.36051052808761597
1789225106505842400,7.985842529296875,0.0415695458650589,-0.2904320955276489,-0.1728133261203766
1789225106515881200,7.995881103515625,0.016801349818706512,-0.14105752110481262,-0.17960305511951447
1789225106525920500,8.00592041015625,0.05194442346692085,0.029160281643271446,-0.5388461947441101
1789225106535958300,8.015958251953125,0.09447696805000305,0.1954517811536789,-0.6342800259590149
1789225106545997300,8.025997314453125,0.1100359559059143,-0.03117363154888153,-0.10883487015962601
1789225106556036400,8.036036376953126,0.13084030151367188,-0.1707642823457718,0.3803742229938507
1789225106566074400,8.046074462890624,0.1571512669324875,-0.11745365709066391,0.4047653377056122
1789225106576113400,8.056113525390625,0.1939644068479538,0.03267698734998703,0.1817048192024231
1789225106586152200,8.066152099609376,0.20171740651130676,0.19229674339294434,0.21865405142307281
1789225106596191500,8.07619140625,0.2127104103565216,0.1163838654756546,0.4598221778869629
1789225106606229200,8.086229248046875,0.20235709846019745,0.12333445250988007,0.6826273202896118
1789225106616268300,8.096268310546876,0.22482991218566895,0.11502032727003098,0.5285767316818237
1789225106626307600,8.1063076171875,0.27181074023246765,0.31329241394996643,-0.017438111826777458
1789225106636346400,8.116346435546875,0.29611554741859436,0.44998499751091003,-0.4206646680831909
1789225106646384400,8.12638427734375,0.32034924626350403,0.28763285279273987,-0.30805689096450806
1789225106656423400,8.13642333984375,0.3684539198875427,0.1825232058763504,-0.0394054614007473
1789225106666462500,8.14646240234375,0.3918015956878662,0.24479004740715027,-0.21199321746826172
1789225106676500200,8.156500244140625,0.4041118025779724,0.47198617458343506,-0.6177926659584045
1789225106686539500,8.16653955078125,0.4086380898952484,0.5149248838424683,-0.6670970916748047
1789225106696578600,8.17657861328125,0.4223640263080597,0.3464098870754242,-0.4235858917236328
1789225106706617300,8.186617431640625,0.40237727761268616,0.3961468040943146,-0.02702282927930355
1789225106716655600,8.196655517578124,0.3765776455402374,0.44684645533561707,0.144631490111351
1789225106726694400,8.2066943359375,0.34369051456451416,0.5432318449020386,0.1287507861852646
1789225106736733400,8.2167333984375,0.3724888861179352,0.4594256579875946,-0.13751071691513062
1789225106746771500,8.226771484375,0.32116392254829407,0.5489445924758911,-0.005795571021735668
1789225106756810500,8.236810546875,0.33783823251724243,0.2811933159828186,0.32080093026161194
1789225106766849300,8.246849365234375,0.34376004338264465,0.1681796908378601,0.4613889157772064
1789225106776888300,8.256888427734374,0.3259466886520386,0.3204299509525299,0.36736735701560974
1789225106786926600,8.266926513671875,0.27310317754745483,0.5218376517295837,0.21052901446819305
1789225106796965400,8.27696533203125,0.2423125058412552,0.5575532913208008,0.27388879656791687
1789225106807004400,8.28700439453125,0.2150832861661911,0.5511281490325928,0.32793286442756653
1789225106817043200,8.297043212890625,0.2787858247756958,0.6310948729515076,0.15554006397724152
1789225106827081500,8.30708154296875,0.3496674597263336,0.34981924295425415,-0.2848024368286133
1789225106837120300,8.317120361328126,0.31940701603889465,0.3414055407047272,-0.7250877022743225
1789225106847159300,8.3271591796875,0.21231971681118011,0.2692197561264038,-0.2687326669692993
1789225106857197300,8.337197265625,0.19609335064888,0.014164554886519909,0.016436230391263962
1789225106867236400,8.347236328125,0.08579958975315094,0.11994744092226028,-0.08798737823963165
1789225106877275400,8.357275390625,0.013974138535559177,0.2512120008468628,-0.3688608705997467
1789225106887314400,8.367314453125,0.03554494306445122,0.2727755904197693,-0.48159486055374146
1789225106897352400,8.3773525390625,0.05112843215465546,0.36724433302879333,-0.2813136875629425
1789225106907391200,8.38739111328125,0.12698377668857574,0.28876015543937683,-0.2464127093553543
1789225106917430500,8.397430419921875,0.17209959030151367,0.44176942110061646,-0.33579185605049133
1789225106927469600,8.407469482421876,0.09711643308401108,0.5094784498214722,0.05210820958018303
1789225106937507300,8.41750732421875,0.07925247400999069,0.2245689332485199,0.581666886806488
1789225106947546400,8.42754638671875,0.06682297587394714,0.1456083357334137,0.544765055179596
1789225106957585400,8.43758544921875,0.10547875612974167,0.20093336701393127,0.10562789440155029
1789225106967623400,8.44762353515625,0.11615989357233047,0.35852086544036865,0.028062527999281883
1789225106977662200,8.457662109375,0.05823054909706116,0.3435507118701935,0.6727342009544373
1789225106987701500,8.467701416015625,0.007168430835008621,0.00815113727003336,0.7258317470550537
1789225106997740500,8.477740478515624,0.026326412335038185,0.3980538845062256,0.309253454208374
1789225107007778300,8.4877783203125,-0.04072719067335129,0.2807219326496124,-0.34489506483078003
1789225107017817600,8.497817626953125,-0.0841154083609581,0.26751425862312317,-0.9150461554527283
1789225107027856400,8.5078564453125,-0.08056674897670746,0.4637279808521271,-0.4865289032459259
1789225107037895400,8.5178955078125,0.016691895201802254,0.06666184961795807,0.2661227583885193
1789225107047933400,8.527933349609375,0.14891065657138824,-0.21759596467018127,-0.04499863460659981
1789225107057972500,8.537972412109376,0.09066252410411835,0.13218893110752106,-0.4779103696346283
1789225107068011300,8.54801123046875,-0.09825519472360611,0.43768227100372314,-0.26822346448898315
1789225107078049500,8.558049560546875,-0.24407178163528442,0.3621448874473572,0.20507432520389557
1789225107088088600,8.568088623046876,-0.24577833712100983,0.3111211359500885,0.2595391571521759
1789225107098127400,8.57812744140625,-0.21306726336479187,-0.06354888528585434,0.0446644052863121
1789225107108166400,8.58816650390625,-0.1469641476869583,-0.09021804481744766,-0.2386503964662552
1789225107118204400,8.598204345703126,-0.158287912607193,-0.3521204888820648,-0.0670461431145668
1789225107128243500,8.608243408203125,-0.2066144347190857,-0.33874744176864624,0.48831507563591003
1789225107138282200,8.6182822265625,-0.2839970886707306,-0.3948945999145508,0.5828205347061157
1789225107148320500,8.628320556640626,-0.4510739743709564,0.048474591225385666,0.14694470167160034
1789225107158359300,8.638359375,-0.4760517477989197,0.2677382230758667,-0.3465971052646637
1789225107168398300,8.6483984375,-0.43011274933815,0.14794819056987762,-0.31760644912719727
1789225107178437400,8.658437255859376,-0.34570226073265076,-0.060385845601558685,0.17314541339874268
1789225107188475400,8.668475341796874,-0.23176266252994537,-0.16426457464694977,0.5465093851089478
1789225107198514400,8.678514404296875,-0.14732927083969116,-0.1604117751121521,0.3533111810684204
1789225107208553200,8.68855322265625,-0.19658362865447998,-0.4094162881374359,-0.1622972935438156
1789225107218592500,8.698592529296874,-0.3624764680862427,-0.3413757085800171,-0.5923658609390259
1789225107228630300,8.70863037109375,-0.507930338382721,-0.5405538082122803,-0.27002614736557007
1789225107238669000,8.7186689453125,-0.5804846882820129,-0.5793104767799377,0.19448985159397125
1789225107248708400,8.728708251953124,-0.6169633269309998,-0.2652361989021301,-0.04157993197441101
1789225107258746000,8.73874609375,-0.4900810122489929,-0.009916280396282673,-0.457645058631897
1789225107268785200,8.74878515625,-0.3909760117530823,-0.02407950349152088,-0.4510563910007477
1789225107278824200,8.75882421875,-0.3746359348297119,-0.21827241778373718,0.018665563315153122
1789225107288863200,8.76886328125,-0.3439411222934723,-0.4801844656467438,0.332120418548584
1789225107298901000,8.77890087890625,-0.41240328550338745,-0.44580942392349243,0.26272642612457275
1789225107308940300,8.788940185546876,-0.4984460175037384,-0.44466933608055115,0.07674431055784225
1789225107318979300,8.798979248046875,-0.6021819710731506,-0.48780110478401184,0.17963235080242157
1789225107329017000,8.80901708984375,-0.6869283318519592,-0.6304866075515747,0.21898667514324188
1789225107339056000,8.81905615234375,-0.6420838832855225,-0.5277194976806641,0.096535325050354
1789225107349095200,8.82909521484375,-0.6056355834007263,-0.4197496175765991,0.1970648616552353
1789225107359134200,8.83913427734375,-0.46509072184562683,-0.4902360141277313,0.2843068242073059
1789225107369172200,8.849172119140626,-0.3871770203113556,-0.44268926978111267,0.08218648284673691
1789225107379211300,8.859211181640624,-0.3939390480518341,-0.4117151200771332,-0.052323926240205765
1789225107389250000,8.86925,-0.4249560832977295,-0.5851854085922241,-0.024295486509799957
1789225107399288000,8.8792880859375,-0.5334876179695129,-0.5840528011322021,0.040533844381570816
1789225107409327000,8.8893271484375,-0.6120948195457458,-0.6821801662445068,-0.15562021732330322
1789225107419366100,8.8993662109375,-0.5837348103523254,-0.6544926166534424,-0.5289972424507141
1789225107429405200,8.9094052734375,-0.5397948026657104,-0.4853571057319641,-0.6044883131980896
1789225107439443200,8.919443115234374,-0.44618335366249084,-0.6867477297782898,-0.15875715017318726
1789225107449482200,8.929482177734375,-0.3638298809528351,-0.811054527759552,0.2574038505554199
1789225107459521000,8.93952099609375,-0.33742383122444153,-0.6758192181587219,0.08546137064695358
1789225107469559300,8.949559326171874,-0.3826911747455597,-0.31583064794540405,-0.20129156112670898
1789225107479598000,8.95959814453125,-0.4048164486885071,-0.2346537858247757,-0.025780996307730675
1789225107489637000,8.96963720703125,-0.3363519310951233,-0.48835504055023193,0.2612571716308594
1789225107499676200,8.97967626953125,-0.32714298367500305,-0.5485554933547974,0.39617717266082764
1789225107509714200,8.989714111328125,-0.2859167158603668,-0.38590243458747864,0.2519896328449249
1789225107519753200,8.999753173828125,-0.1862255334854126,-0.32147735357284546,0.1519719511270523
1789225107529792000,9.0097919921875,-0.1112959012389183,-0.40587374567985535,0.10952755808830261
1789225107539831000,9.0198310546875,-0.09777742624282837,-0.31816786527633667,0.13506273925304413
1789225107549869000,9.029869140625,-0.12354803830385208,-0.25133582949638367,0.4073065221309662
1789225107559908000,9.039908203125,-0.0802394449710846,-0.2981099784374237,0.2148425281047821
1789225107569947100,9.049947021484375,0.007837150245904922,-0.10095085203647614,-0.2012833058834076
1789225107579985200,9.059985107421875,0.0067902617156505585,0.013127786107361317,-0.35244327783584595
1789225107590024200,9.070024169921876,0.011005779728293419,-0.06739448755979538,-0.09241408854722977
1789225107600063000,9.08006298828125,0.05895599350333214,-0.2458995133638382,-0.16285176575183868
1789225107610102300,9.090102294921875,0.09135761111974716,-0.21313731372356415,-0.33068764209747314
1789225107620140000,9.10014013671875,0.11788588762283325,-0.2867042124271393,-0.4079741835594177
1789225107630179000,9.110178955078124,0.10980266332626343,-0.32402360439300537,-0.14232198894023895
1789225107640218400,9.12021826171875,0.0766282007098198,-0.1959327608346939,0.008923187851905823
1789225107650256100,9.130256103515626,-0.0036887445021420717,0.0639510229229927,-0.004286890383809805
1789225107660295200,9.140295166015624,0.010318417102098465,0.19028019905090332,0.21587663888931274
1789225107670334200,9.150334228515625,0.06728529930114746,0.08942309021949768,0.2964708209037781
1789225107680373200,9.160373291015626,0.10474985092878342,0.3343883752822876,0.1413440853357315
1789225107690411000,9.170410888671874,0.3134460747241974,0.3968528211116791,0.2211768627166748
1789225107700450300,9.1804501953125,0.3741711974143982,-0.018676482141017914,0.4021410644054413
1789225107710489000,9.190489013671876,0.3410779535770416,-0.13930197060108185,0.3269767761230469
1789225107720527000,9.200527099609374,0.23823226988315582,0.07628384977579117,0.08052972704172134
1789225107730566100,9.210566162109375,0.22447757422924042,0.1061253696680069,-0.05692586675286293
1789225107740605200,9.220605224609375,0.2727489769458771,0.14332333207130432,-0.04127127304673195
1789225107750644200,9.230644287109374,0.347773939371109,0.26243507862091064,-0.04249046742916107
1789225107760682000,9.240681884765625,0.4831991493701935,0.390253484249115,-0.28524160385131836
1789225107770721300,9.25072119140625,0.6024339199066162,0.556053102016449,-0.5480197072029114
1789225107780760000,9.260760009765624,0.6192416548728943,0.47438010573387146,-0.3945459723472595
1789225107790798000,9.270798095703125,0.5726997256278992,0.39850664138793945,-0.2561185956001282
1789225107800837000,9.280837158203125,0.4543994665145874,0.4967495799064636,-0.19492501020431519
1789225107810876200,9.290876220703124,0.4259489178657532,0.3314436972141266,-0.1929212510585785
1789225107820915200,9.300915283203125,0.45471876859664917,0.3397807478904724,-0.24777677655220032
1789225107830953200,9.310953125,0.47523096203804016,0.4753188490867615,-0.07139801979064941
1789225107840992300,9.3209921875,0.5312753319740295,0.5274046659469604,0.44714686274528503
1789225107851031000,9.331031005859375,0.540424644947052,0.565690815448761,0.640105128288269
1789225107861069300,9.3410693359375,0.5626537799835205,0.720652163028717,0.3921392858028412
1789225107871108000,9.351108154296876,0.5904558300971985,0.8395359516143799,0.05614689365029335
1789225107881147100,9.361147216796875,0.5302481651306152,0.8280721306800842,0.14155898988246918
1789225107891186200,9.371186279296875,0.4901273548603058,0.686427891254425,0.5168396830558777
1789225107901224200,9.38122412109375,0.5296944975852966,0.4047682583332062,0.0975332111120224
1789225107911263200,9.39126318359375,0.490894615650177,0.44807925820350647,-0.5039262771606445
1789225107921302000,9.401302001953125,0.3849008083343506,0.5640862584114075,-0.5720491409301758
1789225107931340300,9.41134033203125,0.3507625460624695,0.5211742520332336,-0.08019976317882538
1789225107941379000,9.421379150390624,0.32827746868133545,0.45526260137557983,0.043113913387060165
1789225107951418000,9.431418212890625,0.4262748956680298,0.5749687552452087,-0.29096606373786926
1789225107961457200,9.44145703125,0.5888952016830444,0.42001646757125854,-0.9978294372558594
1789225107971495200,9.4514951171875,0.5117580890655518,0.6110865473747253,-0.749184250831604
1789225107981534200,9.4615341796875,0.20661522448062897,0.6071378588676453,0.29711848497390747
1789225107991573000,9.471572998046875,0.1835637092590332,-0.012437760829925537,0.3706505000591278
1789225108001611300,9.481611328125,0.02540229633450508,0.3774551451206207,0.18523430824279785
1789225108011650000,9.491650146484375,-0.0008170577930286527,0.22292070090770721,-0.090361587703228
1789225108021689000,9.501689208984375,0.03135738894343376,0.09915667772293091,0.21945911645889282
1789225108031728000,9.51172802734375,-0.003516437951475382,0.10409657657146454,0.7986007928848267
1789225108041766100,9.52176611328125,-0.03395397216081619,-0.09345884621143341,0.6359053254127502
1789225108051805200,9.53180517578125,-0.08682651072740555,0.10388325899839401,0.026282204315066338
1789225108061844200,9.54184423828125,-0.18241934478282928,0.2808798551559448,-0.2705009877681732
1789225108071882200,9.55188232421875,-0.20908556878566742,0.05739671364426613,0.09493263810873032
1789225108081921000,9.561921142578125,-0.12608602643013,-0.35067999362945557,0.27479562163352966
1789225108091960000,9.5719599609375,-0.10256339609622955,-0.12495072185993195,-0.08681851625442505
1789225108101999000,9.5819990234375,-0.10899439454078674,0.029346968978643417,-0.4928413927555084
1789225108112037000,9.592037109375,-0.21110424399375916,-0.10189280658960342,-0.2515789866447449
1789225108122076200,9.602076171875,-0.2645895779132843,-0.3021169900894165,0.030466562137007713
1789225108132115200,9.612115234375,-0.32550618052482605,-0.1965540647506714,-0.11903957277536392
1789225108142153200,9.6221533203125,-0.35545557737350464,-0.1519884616136551,-0.2879524230957031
1789225108152192000,9.63219189453125,-0.3233570158481598,-0.22627973556518555,-0.2413281947374344
1789225108162231300,9.642231201171874,-0.3117019534111023,-0.2852330803871155,0.28818464279174805
1789225108172270000,9.65227001953125,-0.227214515209198,-0.513970673084259,0.5361545085906982
1789225108182308000,9.66230810546875,-0.24630378186702728,-0.3062171936035156,0.3553597033023834
1789225108192347100,9.67234716796875,-0.3040142059326172,-0.16887609660625458,0.21968841552734375
1789225108202386200,9.68238623046875,-0.43533414602279663,-0.21965965628623962,0.62635737657547
1789225108212424000,9.692423828125,-0.4551331698894501,-0.3589285910129547,0.4184643626213074
1789225108222463200,9.702463134765624,-0.24238574504852295,-0.4849957227706909,-0.17146176099777222
1789225108232502300,9.712502197265625,-0.30159154534339905,-0.2583804130554199,-0.5706131458282471
1789225108242541600,9.72254150390625,-0.24273541569709778,-0.6462639570236206,-0.11979298293590546
1789225108252579600,9.73257958984375,-0.22577133774757385,-0.6590481996536255,0.20591402053833008
1789225108262618600,9.74261865234375,-0.31079116463661194,-0.19619187712669373,0.10082381963729858
1789225108272657700,9.75265771484375,-0.2866725027561188,-0.14647385478019714,-0.372539758682251
1789225108282695400,9.7626953125,-0.21976111829280853,-0.25511059165000916,-0.5586749911308289
1789225108292734700,9.772734619140625,-0.2642923593521118,-0.4171881675720215,-0.36147698760032654
1789225108302773800,9.782773681640625,-0.2913985550403595,-0.5101245045661926,-0.1951170265674591
1789225108312812500,9.7928125,-0.3268260657787323,-0.5381369590759277,-0.07292107492685318
1789225108322850800,9.802850830078125,-0.3247857987880707,-0.5616332292556763,0.12600426375865936
1789225108332889600,9.8128896484375,-0.3148761987686157,-0.6790733337402344,0.21836243569850922
1789225108342928600,9.8229287109375,-0.30836156010627747,-0.6152085661888123,-0.1033511534333229
1789225108352966700,9.832966552734375,-0.31335100531578064,-0.49935388565063477,-0.08455030620098114
1789225108363005700,9.843005615234375,-0.3120465874671936,-0.4718996286392212,0.36442163586616516
1789225108373044700,9.853044677734376,-0.26348942518234253,-0.45933297276496887,0.5428795218467712
1789225108383083500,9.86308349609375,-0.2041667103767395,-0.22533617913722992,0.41693225502967834
1789225108393121800,9.873121826171875,-0.1282045692205429,-0.1151375100016594,0.229774609208107
1789225108403160600,9.88316064453125,-0.0696435272693634,-0.3723365366458893,-0.15538373589515686
1789225108413199600,9.89319970703125,-0.1218300312757492,-0.44860655069351196,-0.32339829206466675
1789225108423237600,9.903237548828125,-0.13599778711795807,-0.4452672004699707,0.24288055300712585
1789225108433276700,9.913276611328126,-0.08362219482660294,-0.5569974780082703,0.2912749946117401
1789225108443315700,9.923315673828125,-0.06523599475622177,-0.22899696230888367,-0.029155755415558815
1789225108453353700,9.933353759765625,0.027342675253748894,-0.012502741999924183,-0.31479334831237793
1789225108463392800,9.943392822265626,0.06560724228620529,-0.22084209322929382,-0.4475681781768799
1789225108473431600,9.953431640625,0.021505558863282204,-0.2915218472480774,-0.49351757764816284
1789225108483470600,9.963470703125,-0.009973538108170033,-0.2085697203874588,-0.172711580991745
1789225108493508600,9.973508544921875,-0.023617977276444435,-0.1947290003299713,0.15948286652565002
1789225108503547600,9.983547607421874,-0.03184128552675247,-0.3165547847747803,-0.06823445111513138
1789225108513586700,9.993586669921875,0.134750097990036,-0.08798578381538391,-0.4154757559299469
1789225108523624700,10.003624755859375,0.27816611528396606,-0.1815897673368454,-0.08517535030841827
1789225108533663700,10.013663818359374,0.19618842005729675,0.01804158464074135,0.5177446007728577
1789225108543702500,10.02370263671875,0.13006825745105743,0.1825740784406662,0.7518071532249451
1789225108553741600,10.033741455078125,0.1270410418510437,0.2806284725666046,0.6338600516319275
1789225108563779600,10.043779541015626,0.24449522793293,0.27537164092063904,0.33793091773986816
1789225108573818600,10.053818603515625,0.44056034088134766,0.2032066434621811,-0.07097936421632767
1789225108583857700,10.063857666015625,0.4292781352996826,0.38841086626052856,-0.38954269886016846
1789225108593895700,10.073895751953126,0.3262002170085907,0.2926363945007324,0.2858501374721527
1789225108603934700,10.083934814453125,0.3017023205757141,0.2932526469230652,0.8113722205162048
1789225108613973500,10.093973388671875,0.37956249713897705,0.3573820888996124,0.6270820498466492
1789225108624011800,10.10401171875,0.46800822019577026,0.15828470885753632,0.0027478495612740517
1789225108634050600,10.114050537109375,0.5511167049407959,0.006381999235600233,-0.8921166062355042
1789225108644089600,10.124089599609375,0.5323147773742676,0.7182308435440063,-1.400421142578125
1789225108654128600,10.134128662109376,0.556121826171875,0.40963491797447205,-0.7510066032409668
1789225108664166700,10.144166748046874,0.5447157621383667,0.2611996531486511,-0.12166651338338852
1789225108674205400,10.154205322265625,0.5096672177314758,0.4249076247215271,-0.4708367586135864
1789225108684244700,10.16424462890625,0.398246169090271,0.3983926475048065,-0.9615553617477417
1789225108694282500,10.174282470703124,0.26296186447143555,0.519136369228363,-0.5515398383140564
1789225108704321500,10.184321533203125,0.17016960680484772,0.2864932715892792,0.3111373782157898
1789225108714360800,10.19436083984375,0.12047794461250305,0.05307946354150772,0.5722483396530151
1789225108724399600,10.204399658203124,0.14536571502685547,0.38348907232284546,0.6255813241004944
1789225108734437600,10.214437744140625,0.3072108030319214,0.4511013925075531,0.5074192881584167
1789225108744476700,10.2244765625,0.4869382381439209,0.46318763494491577,0.3097008764743805
1789225108754515700,10.234515625,0.3760194480419159,0.5417903065681458,0.4266471862792969
1789225108764553500,10.244553466796875,0.268463671207428,0.48638588190078735,0.6154860854148865
1789225108774592500,10.254592529296875,0.26891934871673584,0.38224083185195923,0.40123504400253296
1789225108784631800,10.2646318359375,0.2675720453262329,0.3691583275794983,-0.015296132303774357
1789225108794669600,10.274669677734375,0.10186857730150223,0.35938799381256104,-0.35913020372390747
1789225108804708600,10.28470849609375,0.06399869173765182,0.1791098266839981,-0.348257839679718
1789225108814747600,10.29474755859375,0.15206170082092285,0.10528700798749924,-0.2336827963590622
1789225108824786700,10.30478662109375,0.1461404263973236,0.1540265828371048,-0.32794511318206787
1789225108834824400,10.314824462890625,0.09002789109945297,0.16934189200401306,-0.3824094235897064
1789225108844863700,10.32486376953125,0.04525536298751831,0.10886576026678085,-0.47908109426498413
1789225108854902800,10.33490283203125,-0.036547090858221054,0.1305532157421112,-0.4631170630455017
1789225108864940500,10.3449404296875,-0.09696409851312637,0.0906824991106987,-0.1850803792476654
1789225108874979800,10.354979736328126,-0.13203899562358856,0.07480792701244354,0.15030720829963684
1789225108885018600,10.3650185546875,-0.13582520186901093,-0.0007118629291653633,0.1799154430627823
1789225108895057700,10.3750576171875,-0.1433347910642624,0.17585279047489166,0.07509288936853409
1789225108905095700,10.385095703125,-0.08308956027030945,0.25668877363204956,0.16662174463272095
1789225108915134700,10.395134765625,-0.0969901978969574,0.019115105271339417,0.43672963976860046
1789225108925173800,10.405173828125,-0.14577078819274902,-0.08661079406738281,0.7111896872520447
1789225108935211800,10.415211669921876,-0.18626201152801514,-0.038429681211709976,0.8063141107559204
1789225108945250800,10.425250732421874,-0.21600712835788727,0.007907990366220474,0.5324753522872925
1789225108955289600,10.43528955078125,-0.17333130538463593,0.10350615531206131,0.15596190094947815
1789225108965328600,10.44532861328125,-0.12498375028371811,0.13259612023830414,-0.0537995807826519
1789225108975366700,10.45536669921875,-0.10124219954013824,0.18788814544677734,-0.07836484909057617
1789225108985405700,10.46540576171875,-0.07359672337770462,0.30402034521102905,-0.17653429508209229
1789225108995444500,10.475444580078126,0.018858110532164574,0.2479456216096878,-0.5861207246780396
1789225109005482800,10.485482666015624,0.015536349266767502,0.18436211347579956,-0.6798735857009888
1789225109015521800,10.495521728515625,-0.03960147127509117,0.1157526969909668,-0.31443649530410767
1789225109025560600,10.505560546875,-0.09242713451385498,0.08451328426599503,-0.09699498862028122
1789225109035598800,10.515598876953124,-0.15293309092521667,0.17565970122814178,0.1861238032579422
1789225109045637600,10.5256376953125,-0.16042056679725647,-0.00014221279707271606,0.025970613583922386
1789225109055676700,10.5356767578125,-0.14455372095108032,0.24241690337657928,-0.45134347677230835
1789225109065715500,10.545715576171874,-0.12788446247577667,0.2708842158317566,-0.2575226128101349
1789225109075753700,10.555753662109375,-0.11934556812047958,0.14180320501327515,0.7401673197746277
1789225109085792500,10.56579248046875,-0.036681849509477615,-0.15369342267513275,0.7774840593338013
1789225109095831600,10.57583154296875,-0.021587850525975227,0.33879855275154114,0.1862819939851761
1789225109105869600,10.58586962890625,0.007881359197199345,0.3204818665981293,-0.4523642659187317
1789225109115908600,10.59590869140625,-0.09489615261554718,0.3745032846927643,-0.3672078251838684
1789225109125947600,10.60594775390625,-0.14379525184631348,0.07303079962730408,0.19257503747940063
1789225109135985700,10.615985595703124,-0.14277952909469604,0.0095684714615345,0.12584954500198364
1789225109146024700,10.626024658203125,-0.08625446259975433,-0.0536203496158123,-0.20384153723716736
1789225109156063500,10.6360634765625,-0.04352058097720146,-0.04402604699134827,-0.6297590136528015
1789225109166102500,10.6461025390625,-0.07916246354579926,-0.066553995013237,-1.2480642795562744
1789225109176140500,10.656140625,-0.18213944137096405,-0.15945836901664734,-0.34933269023895264
1789225109186179600,10.6661796875,-0.24011220037937164,-0.17976470291614532,0.5544965267181396
1789225109196218600,10.676218505859374,-0.2915804386138916,-0.14809413254261017,0.45007580518722534
1789225109206256600,10.686256591796875,-0.3698720633983612,0.1533472090959549,0.304214745759964
1789225109216295700,10.696295654296875,-0.2958604097366333,0.09754040837287903,0.4113350808620453
1789225109226334500,10.70633447265625,-0.15093599259853363,0.04785247519612312,0.25372201204299927
1789225109236372200,10.716372314453125,-0.08997782319784164,-0.08866089582443237,0.17308495938777924
1789225109246411000,10.726410888671875,-0.1471654772758484,-0.09565994888544083,0.5970620512962341
1789225109256450300,10.7364501953125,-0.09640296548604965,-0.30552050471305847,0.6581344604492188
1789225109266489300,10.7464892578125,-0.04945463314652443,-0.1758602410554886,0.051118310540914536
1789225109276527000,10.756527099609375,-0.03741182014346123,-0.0029324067290872335,-0.4323732554912567
1789225109286566100,10.766566162109376,-0.06851620972156525,0.03019705042243004,-0.33956289291381836
1789225109296605200,10.776605224609375,-0.09730923920869827,0.08357585221529007,-0.1185639277100563
1789225109306643200,10.786643310546875,-0.012649748474359512,0.0010349043877795339,-0.38481345772743225
1789225109316682000,10.796681884765626,0.07081904262304306,0.2721918523311615,-0.8254364132881165
1789225109326721300,10.80672119140625,0.15715312957763672,0.42316991090774536,-0.7261835932731628
1789225109336760000,10.816760009765625,0.20194244384765625,0.10615546256303787,-0.20257441699504852
1789225109346798000,10.826798095703126,0.15860696136951447,0.016497217118740082,0.12445404380559921
1789225109356837000,10.836837158203124,0.06513532996177673,0.13716238737106323,0.2031344771385193
1789225109366876200,10.846876220703125,-0.007544469088315964,0.17659394443035126,0.37060976028442383
1789225109376914200,10.8569140625,0.016084959730505943,-0.05050045624375343,0.4904711842536926
1789225109386953200,10.866953125,0.14082635939121246,0.043765589594841,0.014181865379214287
1789225109396992300,10.8769921875,0.1087896004319191,0.295430064201355,-0.0554874949157238
1789225109407030000,10.887030029296875,0.11588478833436966,0.28065431118011475,0.39546290040016174
1789225109417069300,10.8970693359375,0.15894651412963867,0.19893519580364227,0.410499632358551
1789225109427108000,10.907108154296875,0.12521597743034363,0.46745720505714417,0.14684855937957764
1789225109437147100,10.917147216796875,0.13184139132499695,0.4271417260169983,-0.07604257017374039
1789225109447185200,10.92718505859375,0.14803367853164673,0.22812983393669128,-0.17813405394554138
1789225109457224200,10.93722412109375,0.11658413708209991,0.1829514354467392,-0.35782045125961304
1789225109467263200,10.94726318359375,0.03732233867049217,0.04186515882611275,-0.2615181505680084
1789225109477301200,10.95730126953125,-0.02472159080207348,-0.02521800436079502,0.08013451844453812
1789225109487340300,10.96734033203125,-0.09953431040048599,-0.11008602380752563,0.10378818213939667
1789225109497379000,10.977379150390625,-0.13204005360603333,0.011050520464777946,-0.12520532310009003
1789225109507417000,10.9874169921875,-0.07371363788843155,0.22478917241096497,-0.16421210765838623
1789225109517456100,10.9974560546875,-0.04567774012684822,0.0057138120755553246,0.2634769082069397
1789225109527495200,11.0074951171875,-0.0005584649043157697,-0.13730593025684357,0.19142454862594604
1789225109537534200,11.0175341796875,-0.023877102881669998,0.16865186393260956,-0.26184359192848206
1789225109547572200,11.027572265625,-0.06667809933423996,0.10760635137557983,-0.2813784182071686
1789225109557611300,11.037611328125,-0.09031764417886734,-0.075389564037323,0.1751111000776291
1789225109567650000,11.047650146484376,-0.13611069321632385,-0.1993786245584488,0.2998354434967041
1789225109577688300,11.057688232421874,-0.14027348160743713,-0.21340815722942352,-0.09904669225215912
1789225109587727000,11.06772705078125,-0.15652276575565338,0.015037273056805134,-0.429658442735672
1789225109597766100,11.07776611328125,-0.2398296445608139,0.025047296658158302,-0.03173422813415527
1789225109607804200,11.08780419921875,-0.1876591145992279,-0.17280399799346924,0.20229052007198334
1789225109617843200,11.09784326171875,-0.13304460048675537,-0.07739012688398361,0.1320270150899887
1789225109627882200,11.10788232421875,-0.08943480998277664,-0.1166485846042633,-0.11464934796094894
1789225109637921000,11.117921142578124,-0.10340974479913712,-0.2645552158355713,-0.20477604866027832
1789225109647959300,11.127959228515625,-0.2345360666513443,-0.3664075434207916,0.09025426208972931
1789225109657998000,11.137998046875,-0.3176299035549164,-0.29234370589256287,0.4461071789264679
1789225109668037000,11.148037109375,-0.3359473943710327,-0.3758210241794586,0.5203723311424255
1789225109678075100,11.1580751953125,-0.26052239537239075,-0.30551305413246155,0.14167430996894836
1789225109688114200,11.1681142578125,-0.13608060777187347,-0.12357546389102936,-0.42265406250953674
1789225109698153200,11.1781533203125,-0.19698336720466614,-0.10279322415590286,-0.2492915838956833
1789225109708191200,11.188191162109375,-0.1571720391511917,-0.27514368295669556,0.20651589334011078
1789225109718230300,11.198230224609375,-0.15126967430114746,-0.33627548813819885,0.16393087804317474
1789225109728269000,11.20826904296875,-0.17464929819107056,-0.1785508394241333,-0.12538987398147583
1789225109738307300,11.218307373046875,-0.14967897534370422,-0.34542983770370483,-0.40956035256385803
1789225109748346000,11.22834619140625,-0.23831216990947723,-0.23536591231822968,-0.08111456036567688
1789225109758385200,11.23838525390625,-0.2845856547355652,-0.3557354807853699,0.09454488009214401
1789225109768424000,11.248423828125,-0.34195706248283386,-0.20914176106452942,0.11372443288564682
1789225109778462200,11.258462158203125,-0.3380749821662903,-0.1587827205657959,0.2343994528055191
1789225109788501200,11.268501220703126,-0.20428761839866638,-0.45669829845428467,-0.1861642748117447
1789225109798540000,11.2785400390625,-0.1597566455602646,-0.3611997365951538,-0.3767491281032562
1789225109808578300,11.288578369140625,-0.1890934854745865,-0.3266896903514862,0.4642358422279358
1789225109818617000,11.2986171875,-0.18077297508716583,-0.3849934935569763,0.9298282861709595
1789225109828656000,11.30865625,-0.207938551902771,-0.28045961260795593,0.6261922717094421
1789225109838694100,11.318694091796875,-0.18502257764339447,-0.24482759833335876,-0.023866184055805206
1789225109848733200,11.328733154296875,-0.13381372392177582,-0.14295688271522522,-0.3560127019882202
1789225109858772000,11.33877197265625,-0.2113572508096695,-0.354608952999115,-0.22440381348133087
1789225109868811000,11.34881103515625,-0.18317994475364685,-0.4529283344745636,0.07267607003450394
1789225109878849000,11.35884912109375,-0.14090412855148315,-0.38857409358024597,0.08453618735074997
1789225109888888000,11.36888818359375,-0.11899003386497498,-0.1415049284696579,-0.09469934552907944
1789225109898927000,11.378927001953125,-0.019399531185626984,-0.1575659215450287,-0.16237106919288635
1789225109908965000,11.388965087890625,0.04043557494878769,-0.14786297082901,-0.33242934942245483
1789225109919004200,11.399004150390626,-0.006975085008889437,-0.04713262617588043,-0.25161653757095337
1789225109929043000,11.40904296875,-0.030083067715168,-0.20316296815872192,0.08309115469455719
1789225109939081200,11.419081298828125,-0.01673317328095436,-0.2800750732421875,0.14375370740890503
1789225109949120000,11.4291201171875,0.017831195145845413,-0.23137623071670532,-0.08565524965524673
1789225109959159000,11.439158935546875,0.04350167140364647,-0.20693613588809967,-0.04196209833025932
1789225109969198300,11.4491982421875,0.008725580759346485,-0.02791259065270424,0.441506028175354
1789225109979236000,11.459236083984376,0.008195345290005207,-0.13493464887142181,0.38903990387916565
1789225109989275100,11.469275146484375,0.09572652727365494,0.040229443460702896,-0.07739492505788803
1789225109999314200,11.479314208984375,0.09568950533866882,0.12367240339517593,-0.42949119210243225
1789225110009352200,11.489352294921876,0.05541772022843361,-0.09500613808631897,-0.00803449098020792
1789225110019391000,11.499390869140624,0.07232160121202469,-0.3421485424041748,0.2638627886772156
1789225110029430300,11.50943017578125,0.08015848696231842,-0.17903633415699005,0.0514054000377655
1789225110039468000,11.519468017578125,0.06306178867816925,-0.15813876688480377,-0.18293891847133636
1789225110049507000,11.529507080078124,0.015113705769181252,-0.2786619961261749,-0.25532710552215576
1789225110059546000,11.539546142578125,-0.07725910097360611,-0.17595532536506653,-0.2566693425178528
1789225110069584100,11.549584228515625,-0.09004493802785873,-0.13246457278728485,-0.002805107505992055
1789225110079623200,11.559623046875,-0.004708202555775642,-0.23165905475616455,0.2768252193927765
1789225110089662000,11.569661865234375,0.11410313844680786,-0.19817833602428436,0.28002846240997314
1789225110099701200,11.579701171875,0.19838765263557434,-0.008238222450017929,0.04218393936753273
1789225110109739000,11.589739013671876,0.15161535143852234,0.11662568151950836,0.12179567664861679
1789225110119778000,11.599778076171875,0.09782882779836655,-0.08642037212848663,0.5313605666160583
1789225110129817300,11.6098173828125,0.03610660508275032,-0.19910190999507904,0.4463042616844177
1789225110139855000,11.619855224609376,0.03675428777933121,0.06067293509840965,-0.12245028465986252
1789225110149894100,11.62989404296875,0.04297942668199539,0.2748560607433319,-0.2729671001434326
1789225110159933200,11.63993310546875,0.1524486541748047,-0.14693059027194977,0.027524568140506744
1789225110169971200,11.64997119140625,0.26369795203208923,-0.4174981713294983,-0.11087458580732346
1789225110180010000,11.660010009765625,0.2349315583705902,0.13787265121936798,-0.45470839738845825
1789225110190049300,11.67004931640625,0.27111539244651794,0.09669804573059082,-0.5616111159324646
1789225110200087000,11.680087158203126,0.26631584763526917,0.010281399823725224,-0.41022905707359314
1789225110210126000,11.6901259765625,0.20175309479236603,0.2557936906814575,-0.30926650762557983
1789225110220165400,11.700165283203125,0.22317342460155487,0.25034165382385254,-0.3008330762386322
1789225110230204200,11.7102041015625,0.24698075652122498,0.26760321855545044,-0.15920883417129517
1789225110240242200,11.7202421875,0.2988484799861908,0.15418051183223724,-0.002380599733442068
1789225110250281200,11.73028125,0.3014405369758606,0.20909090340137482,0.15178632736206055
1789225110260320500,11.740320556640626,0.2684996426105499,0.2929666340351105,0.36277660727500916
1789225110270358300,11.750358154296874,0.23141831159591675,0.2287309169769287,0.4743790328502655
1789225110280397300,11.760397216796875,0.21567663550376892,0.24925322830677032,0.5533233880996704
1789225110290436400,11.770436279296876,0.25139495730400085,0.2571937143802643,0.4172148108482361
1789225110300474400,11.780474365234374,0.2787269651889801,0.20586234331130981,0.3048355281352997
1789225110310513200,11.79051318359375,0.2623530626296997,0.2705630362033844,0.27430665493011475
1789225110320552400,11.800552490234375,0.24162620306015015,0.2863854169845581,0.18973664939403534
1789225110330590200,11.810590087890626,0.2280518114566803,0.27043867111206055,0.05837675556540489
1789225110340629200,11.820629150390625,0.2447168081998825,0.15549318492412567,-0.42404982447624207
1789225110350668500,11.83066845703125,0.25560006499290466,0.3202911913394928,-1.0310492515563965
1789225110360707300,11.840707275390624,0.18404999375343323,0.2886219322681427,-0.7387803196907043
1789225110370745300,11.850745361328125,0.196114644408226,0.24387657642364502,0.11322882026433945
1789225110380784400,11.860784423828125,0.20215043425559998,0.1805625855922699,0.15784555673599243
1789225110390823400,11.870823486328124,0.26572009921073914,0.36780864000320435,-0.17744669318199158
1789225110400861200,11.880861083984374,0.32056817412376404,0.2812151610851288,-0.7084407806396484
1789225110410900500,11.890900390625,0.13075534999370575,0.26857075095176697,-0.33391058444976807
1789225110420939300,11.900939208984376,0.05223577469587326,-0.05222965031862259,0.31640803813934326
1789225110430977300,11.910977294921874,0.0230517890304327,-0.20838116109371185,0.25615349411964417
1789225110441016300,11.921016357421875,-0.11341684311628342,0.061707839369773865,0.2841816544532776
1789225110451055400,11.931055419921876,-0.19643741846084595,0.2188471257686615,0.5208818316459656
1789225110461093400,11.94109326171875,-0.14320030808448792,0.35804763436317444,0.5485901236534119
1789225110471132200,11.951132080078125,-0.047021038830280304,0.21719463169574738,0.46800127625465393
1789225110481171500,11.96117138671875,0.09133417159318924,0.015933958813548088,0.1646517962217331
1789225110491210200,11.971210205078124,0.24697516858577728,-0.4493738114833832,-0.633073091506958
1789225110501248300,11.981248291015625,-0.0019174759509041905,-0.8721809983253479,-0.8833063244819641
1789225110511287300,11.991287353515625,-0.18467450141906738,-0.7291527390480042,-0.15511368215084076
1789225110521326300,12.001326416015624,-0.30839404463768005,-0.5199015140533447,-0.10393625497817993
1789225110531364000,12.011364013671875,-0.4291478991508484,0.15332430601119995,-0.43733739852905273
1789225110541403400,12.0214033203125,-0.3877040445804596,-0.01143667846918106,-0.624488353729248
1789225110551442400,12.0314423828125,-0.36644724011421204,-0.33511754870414734,-0.47372549772262573
1789225110561480200,12.041480224609375,-0.38788142800331116,-0.3092590570449829,-0.16826996207237244
1789225110571519500,12.05151953125,-0.42519044876098633,-0.13069969415664673,0.31199705600738525
1789225110581558300,12.061558349609374,-0.4689064919948578,-0.1445539891719818,0.42373955249786377
1789225110591596300,12.07159619140625,-0.39117494225502014,-0.1401674896478653,0.5591242909431458
1789225110601635300,12.08163525390625,-0.26863011717796326,-0.3486645221710205,0.8618338108062744
1789225110611674400,12.09167431640625,-0.3414803743362427,-0.43632325530052185,1.0885423421859741
1789225110621713400,12.10171337890625,-0.34050217270851135,-0.43066856265068054,0.6890199780464172
1789225110631751400,12.11175146484375,-0.3577890396118164,-0.5764307975769043,-0.07077057659626007
1789225110641790500,12.12179052734375,-0.287513792514801,-0.650553286075592,-0.206670880317688
1789225110651829200,12.131829345703125,-0.1254016011953354,-0.8068360686302185,-0.33886459469795227
1789225110661867300,12.1418671875,-0.10097721219062805,-0.29207074642181396,-0.2606193423271179
1789225110671906300,12.15190625,-0.12700802087783813,0.2722565531730652,-0.3379250466823578
1789225110681945300,12.1619453125,-0.10149519890546799,0.27896931767463684,-0.41531065106391907
1789225110691983000,12.171983154296875,0.013176522217690945,0.2324763834476471,-0.34668898582458496
1789225110702022400,12.1820224609375,0.10266938805580139,0.12822134792804718,-0.35325685143470764
1789225110712061400,12.1920615234375,0.11468982696533203,0.1547059565782547,-0.4076117277145386
1789225110722099200,12.20209912109375,0.10875843465328217,0.0022152173332870007,0.0016317188274115324
1789225110732138500,12.212138427734375,0.16911925375461578,-0.18294771015644073,0.20748580992221832
1789225110742177300,12.22217724609375,0.16400279104709625,-0.012090484611690044,0.3408010005950928
1789225110752215300,12.23221533203125,0.14980600774288177,0.08467600494623184,0.5090376734733582
1789225110762254300,12.24225439453125,0.1500811129808426,0.23315468430519104,0.6698516011238098
1789225110772293400,12.25229345703125,0.14365489780902863,0.40310272574424744,0.5181283950805664
1789225110782332400,12.26233251953125,0.2702173590660095,0.6875852942466736,0.19980765879154205
1789225110792370400,12.272370361328125,0.41372179985046387,0.7084817886352539,0.0389239639043808
1789225110802409500,12.282409423828126,0.48161962628364563,0.5216735601425171,-0.014116085134446621
1789225110812448300,12.2924482421875,0.4525325894355774,0.43287524580955505,-0.06282956153154373
1789225110822486500,12.302486572265625,0.3841732442378998,0.3547604978084564,-0.10907934606075287
1789225110832525300,12.312525390625,0.37974813580513,0.3332133889198303,-0.15690386295318604
1789225110842564400,12.322564453125,0.41322433948516846,0.33689653873443604,-0.2695028483867645
1789225110852602400,12.332602294921875,0.47446930408477783,0.35034337639808655,-0.49790218472480774
1789225110862641400,12.342641357421876,0.5565176010131836,0.3751877248287201,-0.673574686050415
1789225110872680400,12.352680419921874,0.4476107954978943,0.6993247866630554,-0.36370259523391724
1789225110882718200,12.36271826171875,0.3622460961341858,0.8185169696807861,-0.09210728853940964
1789225110892757500,12.372757568359376,0.38609763979911804,0.558063268661499,-0.3064986765384674
1789225110902796300,12.38279638671875,0.4099441170692444,0.4501000642776489,-0.4149106442928314
1789225110912835300,12.39283544921875,0.4051264524459839,0.4696711003780365,-0.10633868724107742
1789225110922873300,12.402873291015625,0.33825740218162537,0.49955976009368896,0.5157405734062195
1789225110932912400,12.412912353515624,0.3481270968914032,0.34342527389526367,0.8307256698608398
1789225110942951200,12.422951171875,0.32891955971717834,0.1454799622297287,0.4659426808357239
1789225110952989400,12.432989501953125,0.2811824083328247,0.5693337917327881,-0.19454844295978546
1789225110963028500,12.443028564453124,0.09963924437761307,0.8696621656417847,0.08352365344762802
1789225110973067300,12.4530673828125,0.17239759862422943,0.4192904829978943,0.7475849986076355
1789225110983105500,12.46310546875,0.29263240098953247,0.17581602931022644,0.5793802738189697
1789225110993144300,12.473144287109376,0.375863641500473,0.5489243865013123,-0.14112889766693115
1789225111003183400,12.483183349609375,0.27814027667045593,0.39364877343177795,-0.47663605213165283
1789225111013221400,12.493221435546875,0.13054576516151428,0.5042392015457153,0.3562241494655609
1789225111023260400,12.503260498046876,0.1296410858631134,0.06072832643985748,0.3776567578315735
1789225111033299200,12.51329931640625,0.12668924033641815,0.2985651195049286,-0.025561552494764328
1789225111043337500,12.52333740234375,0.010940798558294773,0.1890154629945755,-0.602381706237793
1789225111053376300,12.533376220703126,-0.006050968077033758,0.3226366341114044,-1.0894262790679932
1789225111063415300,12.543415283203124,0.026495790109038353,0.011111240833997726,-0.24589312076568604
1789225111073454300,12.553454345703125,-0.06543892621994019,-0.15505270659923553,0.8159917593002319
1789225111083492400,12.563492431640626,-0.17611324787139893,-0.1975700706243515,0.6266378164291382
1789225111093531400,12.573531494140624,-0.27544623613357544,-0.02340572327375412,0.15869031846523285
1789225111103570200,12.583570068359375,-0.21674828231334686,0.036017388105392456,-0.43594881892204285
1789225111113608400,12.5936083984375,-0.07898376137018204,0.30862894654273987,-0.9264149069786072
1789225111123647200,12.603647216796874,-0.04533206298947334,-0.05588456988334656,0.273990273475647
1789225111133686300,12.613686279296875,0.01889193244278431,-0.13663561642169952,0.7990910410881042
1789225111143724300,12.623724365234375,0.07097430527210236,0.34085559844970703,0.32461777329444885
1789225111153763300,12.633763427734374,-0.020911939442157745,0.19950218498706818,-0.24696557223796844
1789225111163802400,12.64380224609375,-0.10743697732686996,0.20934976637363434,-0.5800915956497192
1789225111173840400,12.65384033203125,-0.2140750139951706,0.09121645987033844,-0.17955990135669708
1789225111183879400,12.66387939453125,-0.2538093626499176,-0.24124591052532196,0.19947795569896698
1789225111193918200,12.673918212890625,-0.2258768081665039,-0.454505980014801,0.06346765905618668
1789225111203956500,12.68395654296875,-0.17432066798210144,-0.43366700410842896,-0.16987904906272888
1789225111213995300,12.693995361328126,-0.16297774016857147,-0.2800215184688568,-0.05026343837380409
1789225111224034300,12.704034423828125,-0.23586206138134003,0.02576315402984619,0.04150722920894623
1789225111234072300,12.714072265625,-0.18952998518943787,-0.004307130351662636,-0.004853078629821539
1789225111244110800,12.72411083984375,-0.08380941301584244,0.05371702462434769,-0.13846813142299652
1789225111254150000,12.73414990234375,-0.041253697127103806,0.30608507990837097,-0.4643455743789673
1789225111264189000,12.74418896484375,0.012528841383755207,0.25734710693359375,-0.507483720779419
1789225111274227000,12.75422705078125,0.0980416089296341,0.09004387259483337,0.05403207615017891
1789225111284266000,12.764265869140624,0.16329438984394073,-0.04856513813138008,0.1380542814731598
1789225111294304800,12.7743046875,0.09108330309391022,0.17731192708015442,-0.09218265861272812
1789225111304343000,12.784343017578125,-0.009791644290089607,0.1357029676437378,-0.018559569492936134
1789225111314381800,12.7943818359375,-0.09405113011598587,0.03434758633375168,0.19641105830669403
1789225111324420900,12.8044208984375,-0.12617897987365723,0.0473768375813961,0.06527753919363022
1789225111334459000,12.814458984375,-0.09043482691049576,0.215896338224411,-0.05891790986061096
1789225111344498000,12.824497802734374,-0.040162332355976105,0.15642422437667847,0.15240338444709778
1789225111354537000,12.834536865234375,0.008772452361881733,0.011959457769989967,0.2536836564540863
1789225111364575000,12.844574951171875,-0.007476558443158865,0.009198025800287724,0.3844664394855499
1789225111374614000,12.854614013671876,-0.04222628474235535,0.04072719067335129,0.5132534503936768
1789225111384652800,12.86465283203125,0.0022831279784440994,-0.14467968046665192,0.21229441463947296
1789225111394691000,12.874691162109375,0.0013651363551616669,-0.13488857448101044,-0.4017418324947357
1789225111404729900,12.884729736328126,-0.08650639653205872,0.03598969057202339,-0.5040581226348877
1789225111414769000,12.894768798828125,-0.09495900571346283,0.020563865080475807,-0.07290323823690414
1789225111424807000,12.904806884765625,-0.09310118108987808,-0.016940634697675705,0.18098895251750946
1789225111434846000,12.914845947265626,-0.009374593384563923,0.03647332265973091,-0.24437272548675537
1789225111444885000,12.924885009765624,0.08760255575180054,0.19163601100444794,-0.7586573362350464
1789225111454923800,12.934923828125,-0.0016439693281427026,-0.034984882920980453,-0.5667324066162109
1789225111464962000,12.944962158203126,-0.0597488172352314,-0.21054498851299286,0.079891636967659
1789225111475000800,12.955000732421874,-0.14289429783821106,-0.18234530091285706,0.199830561876297
1789225111485039900,12.965039794921875,-0.20673933625221252,-0.035351600497961044,-0.159967303276062
1789225111495078000,12.975077880859375,-0.2437540739774704,0.004141747951507568,-0.08593008667230606
1789225111505117000,12.985116943359374,-0.26371926069259644,-0.07846977561712265,0.673659086227417
1789225111515156000,12.995156005859375,-0.19420009851455688,-0.33377957344055176,0.4416242837905884
1789225111525194000,13.005194091796875,-0.1877555251121521,-0.10358498245477676,-0.09239251166582108
1789225111535233000,13.01523291015625,-0.24047279357910156,-0.17376193404197693,-0.14086684584617615
1789225111545271800,13.025271728515625,-0.25301414728164673,-0.41681239008903503,0.2705260217189789
1789225111555310000,13.03531005859375,-0.27941620349884033,-0.41827741265296936,0.35995978116989136
1789225111565348900,13.045348876953126,-0.37718668580055237,-0.1562117040157318,0.28838518261909485
1789225111575388000,13.055387939453125,-0.38529255986213684,-0.1626722663640976,0.14818599820137024
1789225111585426000,13.065426025390625,-0.29328566789627075,-0.5485456585884094,-0.29916778206825256
1789225111595465000,13.07546484375,-0.42428258061408997,-0.6517450213432312,-0.6728481650352478
1789225111605504000,13.08550390625,-0.5190149545669556,-0.8332338333129883,-0.49414899945259094
1789225111615542000,13.0955419921875,-0.5562504529953003,-0.868813157081604,0.03268630802631378
1789225111625581000,13.1055810546875,-0.6035774946212769,-0.7312395572662354,0.09394992887973785
1789225111635619800,13.115619873046874,-0.6103067398071289,-0.560904860496521,-0.2423873394727707
1789225111645659000,13.125658935546875,-0.5075497627258301,-0.34981685876846313,-0.32791075110435486
1789225111655697000,13.13569677734375,-0.34085744619369507,-0.39315366744995117,0.08829443901777267
1789225111665736000,13.14573583984375,-0.3066597878932953,-0.31111472845077515,0.4687211513519287
1789225111675775000,13.15577490234375,-0.322997510433197,-0.18631234765052795,0.5471349954605103
1789225111685813000,13.16581298828125,-0.3036547005176544,-0.2079332172870636,0.3809513449668884
1789225111695852000,13.17585205078125,-0.35500043630599976,-0.20038023591041565,0.2114187628030777
1789225111705890800,13.185890869140625,-0.35425955057144165,-0.5315946340560913,0.3399141728878021
1789225111715929000,13.19592919921875,-0.2974039912223816,-0.6680195927619934,0.5187216997146606
1789225111725968000,13.2059677734375,-0.25186553597450256,-0.45283910632133484,0.6856979131698608
1789225111736007000,13.2160068359375,-0.26367130875587463,-0.22005167603492737,0.596773624420166
1789225111746045000,13.226044921875,-0.13613227009773254,-0.36468929052352905,0.14459872245788574
1789225111756084000,13.236083984375,-0.09298906475305557,-0.35682550072669983,-0.4562138617038727
1789225111766123000,13.246123046875,-0.17253901064395905,-0.2908920347690582,-0.7154715657234192
1789225111776161000,13.2561611328125,-0.20904189348220825,-0.20499283075332642,-0.1013396680355072
1789225111786200000,13.266199951171876,-0.09853855520486832,-0.2976492643356323,0.12144120782613754
1789225111796238800,13.27623876953125,0.08443312346935272,-0.21560153365135193,-0.30737966299057007
1789225111806277000,13.286277099609375,0.22046206891536713,-0.000811997801065445,-0.8731061816215515
1789225111816316000,13.29631591796875,0.15027019381523132,-0.12079858779907227,-0.6617279052734375
1789225111826355000,13.30635498046875,0.0007337008719332516,-0.22659052908420563,0.006158027332276106
1789225111836393000,13.31639306640625,-0.14968882501125336,-0.25689783692359924,0.24364808201789856
1789225111846432000,13.326431884765626,-0.25744912028312683,-0.10086163133382797,0.11658360064029694
1789225111856470800,13.336470703125,-0.23752227425575256,0.02497832104563713,-0.039993222802877426
1789225111866509000,13.346509033203125,0.04331391677260399,-0.11802437156438828,0.13801166415214539
1789225111876548000,13.356548095703126,0.17476248741149902,-0.16733014583587646,0.6047884225845337
1789225111886587000,13.3665869140625,0.19230952858924866,-0.1492968052625656,0.5261095762252808
1789225111896626000,13.3766259765625,0.08333589881658554,0.19055449962615967,0.3688850998878479
1789225111906664000,13.386663818359375,0.004502340219914913,0.17831061780452728,0.38693228363990784
1789225111916703000,13.396702880859374,0.0019326560432091355,0.15142174065113068,0.22885501384735107
1789225111926741800,13.40674169921875,0.03870558366179466,0.04716671258211136,-0.030614634975790977
1789225111936780000,13.416780029296875,0.05897144228219986,-0.012012987397611141,-0.24143126606941223
1789225111946818800,13.42681884765625,0.16182857751846313,-0.028053205460309982,-0.2577630877494812
1789225111956857900,13.43685791015625,0.24561642110347748,-0.28664880990982056,-0.11907526105642319
1789225111966896000,13.446896240234375,0.2346242219209671,-0.35844284296035767,-0.1432005614042282
1789225111976935000,13.456934814453126,0.12298504263162613,-0.03472255915403366,-0.17920517921447754
1789225111986974000,13.466973876953125,0.024833178147673607,0.2864703834056854,-0.2536328136920929
1789225111997012000,13.477011962890625,-0.008433432318270206,0.09462504088878632,-0.220511332154274
1789225112007051000,13.487051025390626,0.03231612965464592,0.0892007127404213,-0.5499100089073181
1789225112017089800,13.49708984375,0.11066499352455139,-0.06373956799507141,-0.41543740034103394
1789225112027128000,13.507128173828125,0.12433633208274841,-0.0689053013920784,0.28775909543037415
1789225112037166800,13.517166748046876,0.10591151565313339,-0.13068264722824097,0.39253342151641846
1789225112047206000,13.527205810546874,0.0057553574442863464,0.006458964664489031,0.24710619449615479
1789225112057244000,13.537243896484375,-0.0539252832531929,-0.11901800334453583,0.3551889955997467
1789225112067283000,13.547282958984376,-0.10430590063333511,-0.18702954053878784,0.18000519275665283
1789225112077322000,13.557322021484374,-0.1165899932384491,-0.05847715958952904,-0.04060415178537369
1789225112087360000,13.567360107421875,-0.0887565016746521,-0.2658684253692627,0.06518726050853729
1789225112097399000,13.57739892578125,-0.02497965097427368,-0.31490814685821533,0.13051912188529968
1789225112107437800,13.587437744140624,-0.05272872373461723,-0.1673240065574646,0.07555947452783585
1789225112117476000,13.59747607421875,-0.0907948836684227,-0.06939185410737991,0.20954203605651855
1789225112127515000,13.607514892578125,-0.07911399006843567,-0.2333613485097885,0.0923890545964241
1789225112137554000,13.617553955078124,-0.07381509989500046,-0.10314502567052841,-0.2107633650302887
1789225112147592000,13.627592041015625,-0.07122757285833359,-0.03700302541255951,-0.34395632147789
1789225112157631000,13.637630859375,-0.06815747916698456,-0.2549095153808594,-0.05582571402192116
1789225112167670000,13.647669921875,-0.05172977223992348,-0.3117661476135254,0.054550591856241226
1789225112177708800,13.657708740234375,-0.0757131353020668,-0.23415018618106842,-0.0008676578872837126
1789225112187747000,13.6677470703125,-0.07036790251731873,-0.26218581199645996,-0.0922633484005928
1789225112197785900,13.677785888671876,-0.10021395236253738,-0.26413363218307495,0.036605946719646454
1789225112207825000,13.687824951171875,-0.12317971885204315,-0.32229548692703247,0.027407122775912285
1789225112217863000,13.69786279296875,-0.1099022626876831,-0.11695804446935654,-0.22503498196601868
1789225112227902000,13.70790185546875,-0.10695201903581619,-0.03345036879181862,0.031096933409571648
1789225112237940700,13.717940673828124,0.003915112931281328,-0.3472040295600891,0.2492835968732834
1789225112247979000,13.72797900390625,0.08235399425029755,-0.14240401983261108,-0.1722942739725113
1789225112258018000,13.73801806640625,0.030182402580976486,0.08146689832210541,-0.4082202613353729
1789225112268056800,13.748056884765624,0.002469549188390374,-0.1362696886062622,0.05133775621652603
1789225112278095000,13.75809521484375,-0.018070613965392113,-0.16709871590137482,0.29858216643333435
1789225112288134000,13.7681337890625,0.005782521795481443,-0.10054738074541092,-0.000005060006060375599
1789225112298173000,13.7781728515625,0.06873378902673721,0.18529608845710754,-0.31191688776016235
1789225112308211000,13.7882109375,0.116306371986866,0.18119482696056366,0.10259508341550827
1789225112318250000,13.79825,0.1710553616285324,-0.08481422066688538,0.3654927611351013
1789225112328288800,13.808288818359374,0.2015267312526703,0.15064303576946259,-0.09861738979816437
1789225112338327000,13.8183271484375,0.13074496388435364,0.3078009784221649,-0.2725503146648407
1789225112348365800,13.82836572265625,0.15589825809001923,0.057320814579725266,0.26723089814186096
1789225112358404900,13.83840478515625,0.24506701529026031,-0.02472691796720028,0.259491503238678
1789225112368443100,13.848443115234375,0.28694576025009155,0.35466063022613525,-0.020913803949952126
1789225112378482000,13.85848193359375,0.35088133811950684,0.3267962336540222,-0.1052744910120964
1789225112388521000,13.86852099609375,0.3195644021034241,0.32228776812553406,-0.12110938131809235
1789225112398559000,13.87855908203125,0.2507731020450592,0.39440616965293884,-0.17101861536502838
1789225112408598000,13.888597900390625,0.18867243826389313,0.3647627830505371,-0.05464939773082733
1789225112418636800,13.89863671875,0.23543035984039307,0.30829551815986633,0.04358822479844093
1789225112428674800,13.9086748046875,0.28130996227264404,0.3265959620475769,-0.01672678254544735
1789225112438713900,13.9187138671875,0.35496795177459717,0.2551494836807251,-0.12822294235229492
1789225112448753000,13.9287529296875,0.340484082698822,0.2841353118419647,0.027888355776667595
1789225112458790700,13.938790771484374,0.281235933303833,0.22820813953876495,-0.10993955284357071
1789225112468830000,13.948829833984375,0.171794131398201,0.3969974219799042,-0.32328352332115173
1789225112478869000,13.958868896484375,0.07871265709400177,0.349569171667099,0.014328605495393276
1789225112488906800,13.96890673828125,0.11829495429992676,0.2574147582054138,0.2778100371360779
1789225112498946000,13.978946044921875,0.22842784225940704,0.2023235410451889,-0.020384633913636208
1789225112508984800,13.98898486328125,0.3016112446784973,0.2662540674209595,-0.4461556375026703
1789225112519023900,13.99902392578125,0.2563513517379761,0.17063592374324799,-0.1395656168460846
1789225112529062000,14.009061767578125,0.16941726207733154,0.15179245173931122,0.520264208316803
1789225112539101000,14.019100830078125,0.08456601947546005,0.23178182542324066,0.24812965095043182
1789225112549140000,14.029139892578126,0.08947768807411194,0.3534882962703705,-0.2677321135997772
1789225112559178000,14.039177978515625,0.13176335394382477,0.4260847270488739,-0.3563714325428009
1789225112569217000,14.049217041015625,0.15685619413852692,0.2305634319782257,-0.0043718451634049416
1789225112579255800,14.059255859375,0.1667248010635376,0.06334355473518372,0.08602117002010345
1789225112589294000,14.069294189453124,0.11616921424865723,0.13014522194862366,0.05762627720832825
1789225112599332900,14.079332763671875,0.07186460494995117,0.30192896723747253,0.2240605354309082
1789225112609372000,14.089371826171876,0.06638222187757492,0.18335464596748352,0.003251187037676573
1789225112619410000,14.099409912109374,0.11411751806735992,0.23039644956588745,-0.3623521029949188
1789225112629449000,14.109448974609375,0.13117852807044983,0.30780842900276184,-0.36960095167160034
1789225112639488000,14.119488037109376,0.13819728791713715,0.17277950048446655,0.2432110607624054
1789225112649525800,14.12952587890625,0.1465529501438141,0.028254540637135506,0.23126624524593353
1789225112659565000,14.13956494140625,0.05812295898795128,0.3140452802181244,-0.15626975893974304
1789225112669603800,14.149603759765625,0.06125643476843834,0.14465464651584625,-0.2574208974838257
1789225112679641900,14.159641845703124,0.031307853758335114,0.01954520493745804,-0.05368266999721527
1789225112689681000,14.169680908203125,0.04260951280593872,0.11522912234067917,-0.14765018224716187
1789225112699720000,14.179719970703125,0.10901117324829102,0.26884159445762634,-0.178836852312088
1789225112709757700,14.1897578125,0.19043518602848053,0.154085174202919,0.005275189410895109
1789225112719797000,14.199796875,0.18893636763095856,0.15192827582359314,-0.12324923276901245
1789225112729836000,14.2098359375,0.07091838121414185,0.21770888566970825,-0.0949091985821724
1789225112739873800,14.219873779296876,0.0008575378451496363,0.1574074625968933,0.1420583426952362
1789225112749913000,14.2299130859375,0.003917243797332048,0.07580315321683884,0.30855968594551086
1789225112759952000,14.239951904296875,0.043904341757297516,0.15896780788898468,0.2604454457759857
1789225112769990000,14.249989990234376,0.10230506956577301,0.17094936966896057,0.10025975853204727
1789225112780029000,14.26002880859375,0.13777543604373932,0.11799747496843338,0.03930985555052757
1789225112790068000,14.27006787109375,0.10231652110815048,0.08312125504016876,0.044555217027664185
1789225112800105700,14.280105712890625,-0.0013164004776626825,0.134172722697258,0.10610619932413101
1789225112810145000,14.29014501953125,-0.047636762261390686,0.10259907692670822,0.040224917232990265
1789225112820184000,14.30018408203125,-0.029148830100893974,0.12020523846149445,-0.1868031769990921
1789225112830221800,14.310221923828125,0.041599374264478683,0.16330157220363617,-0.3105895519256592
1789225112840260900,14.3202607421875,0.15798191726207733,0.13298282027244568,-0.21656745672225952
1789225112850300000,14.3302998046875,0.21139906346797943,0.2873241901397705,-0.20961607992649078
1789225112860338000,14.340337890625,0.2231590449810028,0.3566734194755554,-0.12088993936777115
1789225112870376700,14.350376708984374,0.15883438289165497,0.28236937522888184,-0.04486973583698273
1789225112880416000,14.360416015625,0.061051636934280396,0.24248374998569489,-0.10183262079954147
1789225112890453800,14.370453857421875,-0.05367734283208847,0.1440056413412094,0.11987340450286865
1789225112900492800,14.380492919921876,-0.05750377103686333,0.018927885219454765,0.17664854228496552
1789225112910532000,14.390531982421875,-0.030058033764362335,0.09987599402666092,0.34607139229774475
1789225112920569900,14.40056982421875,0.049021072685718536,-0.049184322357177734,0.3310562074184418
1789225112930609000,14.41060888671875,0.11503977328538895,0.16656528413295746,0.020135894417762756
1789225112940648000,14.42064794921875,0.07040013372898102,0.2532370686531067,-0.11139816045761108
1789225112950686000,14.43068603515625,0.01690121926367283,0.27076172828674316,0.189053013920784
1789225112960724700,14.440724853515626,0.048114798963069916,0.08422486484050751,0.08032946288585663
1789225112970764000,14.450763916015624,0.024264592677354813,0.2622697055339813,-0.26287904381752014
1789225112980803000,14.460802978515625,0.03056243620812893,0.20566047728061676,-0.29892730712890625
1789225112990840800,14.4708408203125,0.06632070243358612,0.08162908256053925,0.0398254431784153
1789225113000880000,14.480880126953124,0.06736759096384048,-0.029702501371502876,-0.19521209597587585
1789225113010918000,14.49091796875,-0.0065170214511454105,0.09410998970270157,-0.42142951488494873
1789225113020957000,14.50095703125,-0.07956406474113464,0.018991267308592796,-0.23897849023342133
1789225113030996000,14.510995849609374,-0.10882901400327682,0.007536479737609625,0.23172856867313385
1789225113041034000,14.521033935546875,-0.11836019903421402,-0.04399781674146652,0.1819189339876175
1789225113051072800,14.53107275390625,-0.09859368205070496,0.12302818894386292,0.03623257204890251
1789225113061111800,14.54111181640625,-0.09596328437328339,-0.004989964887499809,0.2039794921875
1789225113071150800,14.55115087890625,-0.09444181621074677,-0.17323702573776245,0.3962898254394531
1789225113081188900,14.56118896484375,-0.14664563536643982,-0.018100706860423088,0.1560945212841034
1789225113091228000,14.571227783203126,-0.23609349131584167,0.022830747067928314,0.3875514566898346
1789225113101267000,14.581266845703125,-0.18451471626758575,-0.23849086463451385,0.3372965455055237
1789225113111305000,14.591304931640625,-0.18726469576358795,-0.10423079878091812,0.07598105072975159
1789225113121343700,14.60134375,-0.17108066380023956,-0.075651615858078,0.02172180637717247
1789225113131383000,14.611383056640625,-0.14453241229057312,-0.13945803046226501,0.1692710518836975
1789225113141420800,14.6214208984375,-0.15670199692249298,-0.16513222455978394,0.1280711442232132
1789225113151459800,14.6314599609375,-0.13569657504558563,-0.2916523516178131,-0.18334878981113434
1789225113161499000,14.641498779296874,-0.1988835334777832,-0.1796906739473343,-0.3926844298839569
1789225113171537000,14.651536865234375,-0.28840863704681396,-0.006490656174719334,0.04357277601957321
1789225113181576000,14.661575927734376,-0.296887069940567,-0.4044305682182312,0.11824248731136322
1789225113191615000,14.671614990234374,-0.22905927896499634,-0.20873616635799408,-0.135015070438385
1789225113201653000,14.681653076171875,-0.2294265329837799,-0.2471996694803238,-0.5624870657920837
1789225113211691800,14.69169189453125,-0.2519523501396179,-0.42235738039016724,-0.1619739830493927
1789225113221731000,14.70173095703125,-0.2257191389799118,-0.43892648816108704,0.5396877527236938
1789225113231768800,14.711768798828125,-0.15918193757534027,-0.5901386737823486,0.33425894379615784
1789225113241808400,14.721808349609375,-0.16985668241977692,-0.24532108008861542,-0.12910844385623932
1789225113251847400,14.731847412109374,-0.23529215157032013,-0.06244659796357155,-0.010970359668135643
1789225113261885400,14.741885498046875,-0.25934529304504395,-0.31868425011634827,0.18273518979549408
1789225113271924500,14.751924560546875,-0.27225521206855774,-0.24519537389278412,0.09202020615339279
1789225113281963500,14.761963623046874,-0.23240607976913452,-0.22840280830860138,-0.000150202278746292
1789225113292001500,14.77200146484375,-0.17659235000610352,-0.39382612705230713,0.1561688333749771
1789225113302040600,14.78204052734375,-0.1704620122909546,-0.5217811465263367,0.15720932185649872
1789225113312079400,14.792079345703126,-0.20919130742549896,-0.468996524810791,0.17706584930419922
1789225113322117600,14.80211767578125,-0.3093447983264923,-0.381099671125412,0.23160234093666077
1789225113332156400,14.812156494140625,-0.32849425077438354,-0.5103801488876343,-0.057315219193696976
1789225113342195500,14.822195556640626,-0.23572731018066406,-0.26857179403305054,-0.3848174512386322
1789225113352233500,14.8322333984375,-0.1942717432975769,-0.37078872323036194,-0.17851008474826813
1789225113362272500,14.8422724609375,-0.13644279539585114,-0.4388820230960846,0.32773151993751526
1789225113372311600,14.8523115234375,-0.14645788073539734,-0.362079381942749,0.2529422342777252
1789225113382349600,14.862349609375,-0.18286143243312836,-0.17623548209667206,0.12947623431682587
1789225113392388600,14.872388671875,-0.16550880670547485,-0.4459913372993469,-0.06649354100227356
1789225113402427400,14.882427490234376,-0.18289311230182648,-0.3183143138885498,-0.19415536522865295
1789225113412465700,14.892465576171874,-0.15978886187076569,-0.28307539224624634,0.04063371196389198
1789225113422504400,14.90250439453125,-0.06351106613874435,-0.41161417961120605,0.0031973912846297026
1789225113432543500,14.91254345703125,-0.020014187321066856,-0.2609333395957947,-0.19560225307941437
1789225113442581500,14.92258154296875,-0.030164826661348343,-0.2139013707637787,-0.025256354361772537
1789225113452620500,14.93262060546875,-0.06897000968456268,-0.20463170111179352,0.18559995293617249
1789225113462659600,14.94265966796875,-0.0776527151465416,-0.2542661130428314,-0.011796471662819386
1789225113472697600,14.952697509765626,-0.06521442532539368,-0.209246426820755,-0.22155022621154785
1789225113482736600,14.962736572265625,-0.03531777858734131,-0.1837080419063568,-0.03357313945889473
1789225113492775400,14.972775390625,0.05950780212879181,-0.29615655541419983,0.013538711704313755
1789225113502813700,14.982813720703126,0.04457758739590645,-0.06463918089866638,-0.09416192024946213
1789225113512852500,14.9928525390625,0.01793905347585678,-0.08030042797327042,0.09052004665136337
1789225113522891500,15.0028916015625,0.02538658306002617,-0.1711331307888031,0.14888694882392883
1789225113532929500,15.012929443359376,0.07018467783927917,-0.01377999410033226,0.009223858825862408
1789225113542968600,15.022968505859374,0.14547277987003326,-0.004772917367517948,0.0329185351729393
1789225113553007600,15.033007568359375,0.1869368702173233,0.016033295542001724,0.3488333523273468
1789225113563045400,15.04304541015625,0.160344660282135,-0.005330849438905716,0.357147216796875
1789225113573084700,15.053084716796874,0.11538464576005936,0.10540524870157242,0.05408187583088875
1789225113583123500,15.06312353515625,0.08910936862230301,0.19037634134292603,-0.12696807086467743
1789225113593161500,15.073161376953125,0.14458008110523224,-0.010905644856393337,-0.04975956678390503
1789225113603200500,15.083200439453124,0.2177661508321762,-0.03743685409426689,-0.12928049266338348
1789225113613239600,15.093239501953125,0.22955302894115448,0.13206855952739716,-0.21516716480255127
1789225113623277300,15.10327734375,0.2374490350484848,0.14381656050682068,-0.006067479960620403
1789225113633316600,15.113316650390624,0.2173032909631729,0.014706508256494999,0.06326206028461456
1789225113643355600,15.123355712890625,0.17770715057849884,0.16703452169895172,-0.34933537244796753
1789225113653393400,15.133393310546875,0.16421982645988464,0.32598796486854553,-0.8998427391052246
1789225113663432700,15.1434326171875,0.16704703867435455,0.14908908307552338,-0.2571665644645691
1789225113673471500,15.153471435546875,0.23088115453720093,0.057134926319122314,0.5041196346282959
1789225113683509500,15.163509521484375,0.2289964258670807,0.2174772024154663,0.3378089368343353
1789225113693548500,15.173548583984376,0.21845696866512299,0.2950691878795624,-0.0041089910082519054
1789225113703587600,15.183587646484375,0.16441237926483154,0.18453256785869598,0.035293009132146835
1789225113713625300,15.193625244140625,0.08560837805271149,0.09428229182958603,0.39153820276260376
1789225113723664600,15.20366455078125,0.06323196738958359,0.12640027701854706,0.15487293899059296
1789225113733703700,15.21370361328125,0.02118225023150444,0.26971936225891113,0.18725404143333435
1789225113743741400,15.223741455078125,0.09983658045530319,0.11644751578569412,0.40007737278938293
1789225113753780500,15.233780517578126,0.16862577199935913,0.03687199577689171,0.07655629515647888
1789225113763819500,15.243819580078124,0.1491844207048416,0.15746845304965973,-0.3366536498069763
1789225113773857500,15.253857421875,0.1136581227183342,-0.0005065332516096532,-0.22643740475177765
1789225113783896300,15.263896240234375,0.0353982038795948,0.06765121221542358,0.18896779417991638
1789225113793935600,15.273935546875,-0.018871426582336426,-0.002983539365231991,0.2508615255355835
1789225113803973400,15.283973388671875,0.02166934311389923,-0.015727564692497253,-0.24421720206737518
1789225113814012400,15.294012451171875,0.0963936448097229,0.02238892950117588,-0.9312314987182617
1789225113824051700,15.3040517578125,-0.004002464935183525,0.19371381402015686,-0.49885693192481995
1789225113834089500,15.31408935546875,-0.0070829433389008045,-0.08234494179487228,0.39203301072120667
1789225113844128500,15.32412841796875,-0.01830417290329933,-0.15106141567230225,0.21432055532932281
1789225113854167600,15.33416748046875,-0.022042451426386833,0.06863418966531754,-0.18067683279514313
1789225113864206600,15.34420654296875,0.01648949459195137,0.11894476413726807,-0.15998007357120514
1789225113874244400,15.354244384765625,0.004189684987068176,-0.034815236926078796,0.17418457567691803
1789225113884283600,15.36428369140625,-0.054001450538635254,-0.054240867495536804,0.3401176333427429
1789225113894321400,15.3743212890625,-0.11165968328714371,-0.0014005564153194427,0.4382694959640503
1789225113904360400,15.3843603515625,-0.08476575464010239,-0.029882797971367836,0.22962307929992676
1789225113914399700,15.394399658203126,-0.03051263466477394,0.1048387959599495,-0.1526675671339035
1789225113924437500,15.4044375,0.006701578386127949,0.03056509979069233,-0.06614226847887039
1789225113934476500,15.4144765625,0.05005411058664322,-0.06270093470811844,0.2541310787200928
1789225113944515600,15.424515625,0.05037635564804077,-0.06227589026093483,0.05167997255921364
1789225113954553600,15.4345537109375,0.01734144054353237,0.14459019899368286,-0.3235700726509094
1789225113964592400,15.44459228515625,-0.02196362242102623,0.03977324441075325,-0.32715949416160583
1789225113974631400,15.45463134765625,-0.05945906415581703,-0.046243660151958466,0.011934157460927963
1789225113984670700,15.464670654296874,-0.04980723559856415,-0.03405890241265297,-0.10163847357034683
1789225113994708500,15.47470849609375,-0.059241220355033875,0.11293773353099823,-0.27273404598236084
1789225114004747500,15.48474755859375,-0.016769658774137497,0.00827816966921091,-0.1677253544330597
1789225114014786600,15.49478662109375,-0.010323477908968925,-0.013994112610816956,0.06892100721597672
1789225114024824600,15.504824462890625,-0.004575310740619898,-0.06997615844011307,0.00112465291749686
1789225114034863400,15.51486328125,-0.029342176392674446,-0.017794976010918617,-0.04532327130436897
1789225114044902700,15.524902587890624,-0.04242042824625969,0.0006564692012034357,0.26492008566856384
1789225114054940400,15.5349404296875,-0.042775958776474,-0.02821272984147072,0.34877848625183105
1789225114064979500,15.5449794921875,-0.05464380234479904,0.2825920283794403,0.16196733713150024
1789225114075018500,15.5550185546875,-0.032408807426691055,0.3319110870361328,0.04844609647989273
1789225114085056500,15.565056396484374,0.00814927276223898,0.1907009780406952,0.1708471029996872
1789225114095095600,15.575095458984375,0.03723525255918503,0.037279196083545685,0.10377512872219086
1789225114105134600,15.585134521484376,-0.021766282618045807,0.03568928688764572,-0.023605993017554283
1789225114115172600,15.595172607421874,-0.04580077901482582,0.004305532667785883,0.079051673412323
1789225114125211400,15.60521142578125,-0.05958370119333267,-0.008332764729857445,0.0715564712882042
1789225114135250700,15.615250732421876,-0.0905381590127945,0.0452127531170845,-0.07520793378353119
1789225114145288400,15.625288330078124,-0.05828993767499924,0.124898262321949,-0.34066811203956604
1789225114155327500,15.635327392578125,0.012809271924197674,0.10939626395702362,-0.4928549826145172
1789225114165366500,15.645366455078126,0.020259466022253036,0.11580862104892731,-0.1843613237142563
1789225114175404500,15.655404541015624,0.015177088789641857,0.15768496692180634,0.08073478937149048
1789225114185443600,15.665443603515625,-0.017343036830425262,0.16526778042316437,0.10152795910835266
1789225114195482400,15.675482421875,-0.006364422384649515,0.12981978058815002,-0.07605402171611786
1789225114205520600,15.685520751953124,0.001955559244379401,0.08494684845209122,-0.23136398196220398
1789225114215559400,15.695559326171875,-0.007577492389827967,0.07610035687685013,0.0614127591252327
1789225114225598500,15.705598388671875,0.04044915735721588,0.03248923271894455,0.31126919388771057
1789225114235636500,15.715636474609376,0.04269872605800629,0.17919611930847168,0.19635805487632751
1789225114245675500,15.725675537109375,0.05740230530500412,0.279971718788147,0.11435267329216003
1789225114255714600,15.735714599609375,0.07362495362758636,0.340078741312027,-0.07179109752178192
1789225114265752600,15.745752685546876,0.07913929224014282,0.11713780462741852,-0.2018183469772339
1789225114275791600,15.75579150390625,0.10818719118833542,-0.03388499468564987,-0.28782832622528076
1789225114285830700,15.76583056640625,0.0648983046412468,0.13522493839263916,-0.06904058903455734
1789225114295868700,15.77586865234375,0.06155151128768921,0.25501710176467896,-0.04627162590622902
1789225114305907700,15.78590771484375,0.053341250866651535,0.3418891727924347,0.04193226993083954
1789225114315946500,15.795946533203125,0.06897134333848953,0.15537148714065552,-0.19972935318946838
1789225114325984800,15.80598486328125,0.0646037608385086,0.11485334485769272,-0.3435696065425873
1789225114336023600,15.8160234375,0.0359761118888855,0.052919674664735794,-0.2553926110267639
1789225114346062600,15.8260625,0.007382815238088369,0.038005173206329346,-0.08417107164859772
1789225114356100600,15.8361005859375,-0.021140705794095993,0.09209450334310532,0.2310662418603897
1789225114366139600,15.8461396484375,0.030218355357646942,0.04416240006685257,0.4008922874927521
1789225114376178700,15.8561787109375,0.060392770916223526,0.08354682475328445,0.25178083777427673
1789225114386216700,15.866216796875,0.04776699095964432,0.23592092096805573,0.04038390889763832
1789225114396255700,15.876255859375,0.015527027659118176,0.08896902203559875,0.11400113999843597
1789225114406294500,15.88629443359375,-0.012853480875492096,0.05260542035102844,0.44941747188568115
1789225114416332800,15.896332763671875,-0.022608906030654907,-0.021031515672802925,0.34086012840270996
1789225114426371600,15.90637158203125,-0.025713086128234863,0.03887975588440895,-0.0771656259894371
1789225114436410600,15.91641064453125,-0.05998264253139496,0.03349537402391434,-0.3097165822982788
1789225114446448600,15.92644873046875,-0.07138203829526901,-0.11768002808094025,-0.0098419776186347
1789225114456487700,15.93648779296875,-0.04369182139635086,-0.18988391757011414,0.035177163779735565
1789225114466526700,15.946526611328125,-0.056478455662727356,-0.006707170978188515,-0.12360876053571701
1789225114476564700,15.956564697265625,0.01859712041914463,-0.14034698903560638,-0.3672049045562744
1789225114486603800,15.966603759765626,0.003951332066208124,-0.12655821442604065,-0.4251132011413574
1789225114496642600,15.976642578125,-0.04338768869638443,-0.026013491675257683,-0.1244998499751091
1789225114506680800,15.986680908203125,-0.07167179137468338,0.03039572201669216,0.12554433941841125
1789225114516719600,15.9967197265625,-0.026646258309483528,-0.06859584152698517,-0.031868450343608856
1789225114526758700,16.006758544921876,0.039318643510341644,0.010735735297203064,-0.37344416975975037
1789225114536796700,16.016796630859375,0.04619545862078667,0.014854846522212029,-0.2728744149208069
1789225114546835700,16.026835693359374,0.04356611892580986,-0.048649560660123825,0.3514949083328247
1789225114556874800,16.036874755859376,0.02244272455573082,-0.10882208496332169,0.37953001260757446
1789225114566912800,16.046912841796875,-0.04561089351773262,0.09917878359556198,0.060404222458601
1789225114576951800,16.056951904296874,-0.0623837485909462,0.12752680480480194,-0.05537617206573486
1789225114586990600,16.066990478515624,-0.03743046149611473,0.0029883331153541803,0.04785647243261337
1789225114597028600,16.077028564453126,0.022768961265683174,-0.03242345154285431,0.11728561669588089
1789225114607067600,16.087067626953125,0.04560849815607071,0.04139804095029831,-0.016700949519872665
1789225114617106700,16.097106689453124,0.034393660724163055,0.054302386939525604,-0.018732674419879913
1789225114627144400,16.10714453125,-0.0015017564874142408,-0.014667092822492123,0.19632583856582642
1789225114637183700,16.117183837890625,-0.036907948553562164,-0.06788450479507446,0.024765001609921455
1789225114647222800,16.127222900390624,-0.07254956662654877,0.10708357393741608,-0.2854416072368622
1789225114657260500,16.137260498046874,-0.08429677039384842,-0.033847976475954056,-0.13609392940998077
1789225114667299800,16.1472998046875,-0.05765237659215927,-0.11273373663425446,0.022188127040863037
1789225114677338600,16.157338623046876,-0.0819220319390297,-0.032707080245018005,0.027641214430332184
1789225114687376600,16.167376708984374,-0.0774279460310936,-0.07353973388671875,0.0974554494023323
1789225114697415700,16.177415771484377,-0.08331193774938583,-0.2157493382692337,0.11650583893060684
1789225114707454700,16.187454833984376,-0.10903114825487137,-0.18077430129051208,-0.008842759765684605
1789225114717492500,16.197492431640626,-0.12319383770227432,-0.19211244583129883,0.17636917531490326
1789225114727531800,16.20753173828125,-0.08050895482301712,-0.2440667301416397,0.15703755617141724
1789225114737570800,16.21757080078125,-0.06738436967134476,-0.08381607383489609,0.09679871797561646
1789225114747608600,16.227608642578126,-0.08742652088403702,-0.011390605941414833,0.14511191844940186
1789225114757648000,16.23764794921875,-0.10515491664409637,-0.1459396332502365,0.03922969475388527
1789225114767686700,16.247686767578124,-0.17921662330627441,-0.08821667730808258,-0.1299833059310913
1789225114777724700,16.257724609375,-0.21770116686820984,-0.2144545018672943,-0.02449682168662548
1789225114787763700,16.267763671875,-0.1961764395236969,-0.32742980122566223,0.0659763514995575
1789225114797802800,16.277802734375,-0.1574772447347641,-0.33378541469573975,0.011927499435842037
1789225114807840500,16.287840576171874,-0.11871093511581421,-0.31573158502578735,0.22845235466957092
1789225114817879600,16.297879638671876,-0.0907653197646141,-0.46739462018013,0.168656125664711
1789225114827917600,16.30791748046875,-0.12207584083080292,-0.23515738546848297,-0.3781294524669647
1789225114837956600,16.31795654296875,-0.2317565381526947,-0.2775610387325287,-0.5266720652580261
1789225114847995600,16.32799560546875,-0.2821744382381439,-0.3812658488750458,-0.03291933238506317
1789225114858033700,16.33803369140625,-0.2555372416973114,-0.3859948515892029,0.14834046363830566
1789225114868072700,16.34807275390625,-0.1876593828201294,-0.33344534039497375,-0.010959972627460957
1789225114878111500,16.358111572265624,-0.08184772729873657,-0.22021625936031342,-0.22245411574840546
1789225114888149800,16.368149658203127,-0.06464503705501556,-0.28937801718711853,0.025014806538820267
1789225114898188500,16.3781884765625,-0.06254460662603378,-0.3721922039985657,0.07205501943826675
1789225114908227600,16.3882275390625,-0.14296860992908478,-0.21250879764556885,-0.04541781544685364
1789225114918265600,16.398265625,-0.18841038644313812,-0.24056227505207062,0.30973654985427856
1789225114928304600,16.4083046875,-0.15762771666049957,-0.3345569372177124,0.6349676251411438
1789225114938343700,16.41834375,-0.08566803485155106,-0.38856637477874756,0.21499380469322205
1789225114948381700,16.428381591796875,-0.02581721544265747,-0.1863781362771988,-0.35248029232025146
1789225114958420700,16.438420654296873,-0.071532242000103,-0.3024269640445709,-0.19809390604496002
1789225114968459500,16.44845947265625,-0.07042116671800613,-0.44375133514404297,0.2129351794719696
1789225114978497800,16.458497802734374,-0.10826814919710159,-0.3414497375488281,-0.061885472387075424
1789225114988536600,16.46853662109375,-0.0680277869105339,-0.015024223364889622,-0.4730439782142639
1789225114998575600,16.47857568359375,0.08508586883544922,-0.13489097356796265,-0.5824993848800659
1789225115008613600,16.488613525390626,0.1489386111497879,-0.15496401488780975,-0.2091044783592224
1789225115018652700,16.498652587890625,0.13792484998703003,-0.08608081936836243,0.1981719434261322
1789225115028691500,16.50869140625,0.12289263308048248,-0.1502198576927185,0.1592216044664383
1789225115038729700,16.518729736328126,0.0939193069934845,-0.018677014857530594,-0.07644949853420258
1789225115048768800,16.528768798828125,0.07803115248680115,-0.00615136930719018,0.014651114121079445
1789225115058807600,16.5388076171875,0.10439351946115494,-0.09599417448043823,0.24505263566970825
1789225115068845800,16.548845703125,0.13710805773735046,-0.030977889895439148,0.24925829470157623
1789225115078884600,16.558884521484377,0.1714218258857727,0.007124488707631826,0.3583504259586334
1789225115088923600,16.568923583984375,0.24405048787593842,-0.03636280074715614,0.36634817719459534
1789225115098961700,16.578961669921874,0.24010127782821655,0.05195241421461105,0.25590047240257263
1789225115109000700,16.589000732421876,0.20700165629386902,0.13838770985603333,0.3168890178203583
1789225115119039500,16.59903955078125,0.1989077776670456,0.042385540902614594,0.28530365228652954
1789225115129077800,16.609077880859374,0.22569358348846436,0.06005028635263443,-0.13896720111370087
1789225115139116800,16.61911669921875,0.2375718057155609,0.19480490684509277,-0.5060866475105286
1789225115149155600,16.629155517578123,0.2381683588027954,0.05240515246987343,-0.2787080705165863
1789225115159193900,16.63919384765625,0.25371190905570984,0.009058210067451,-0.10199107974767685
1789225115169232600,16.649232666015624,0.2650553584098816,0.11513511091470718,-0.23635554313659668
1789225115179271700,16.659271728515623,0.350497305393219,0.2680743336677551,-0.5379958152770996
1789225115189309700,16.669309814453126,0.38212472200393677,0.42240291833877563,-0.30977118015289307
1789225115199348700,16.6793486328125,0.39373958110809326,0.3302636742591858,0.06447699666023254
1789225115209387500,16.689387451171875,0.34902164340019226,0.4382290244102478,-0.041429199278354645
1789225115219425800,16.69942578125,0.26838377118110657,0.4695746898651123,0.04686124995350838
1789225115229464600,16.709464599609376,0.266592800617218,0.23080871999263763,0.2879577577114105
1789225115239503400,16.71950341796875,0.2932068407535553,0.15197435021400452,0.01955186389386654
1789225115249541400,16.729541259765625,0.3388097584247589,0.1288197636604309,-0.2344772219657898
1789225115259580400,16.739580322265624,0.37116554379463196,0.22800706326961517,0.22843636572360992
1789225115269619200,16.749619140625,0.3797856867313385,0.22534151375293732,0.3402955234050751
1789225115279657500,16.759657470703125,0.34937530755996704,0.4501163065433502,-0.11696550250053406
1789225115289696300,16.7696962890625,0.30371221899986267,0.6056414246559143,-0.3595198094844818
1789225115299735300,16.7797353515625,0.22333215177059174,0.4578935205936432,-0.13338495790958405
1789225115309773300,16.789773193359373,0.21128667891025543,0.34588736295700073,-0.03888215124607086
1789225115319812400,16.799812255859376,0.21265581250190735,0.40685829520225525,0.043597545474767685
1789225115329851400,16.809851318359375,0.3016525208950043,0.3172623813152313,0.07717521488666534
1789225115339889400,16.819889404296877,0.32966604828834534,0.3883786201477051,0.0889703556895256
1789225115349928400,16.829928466796876,0.3015390634536743,0.46406540274620056,0.09310197830200195
1789225115359967200,16.83996728515625,0.23805703222751617,0.3852542042732239,0.13249120116233826
1789225115370005200,16.850005126953125,0.17855536937713623,0.2697526514530182,0.2149469256401062
1789225115380044300,16.860044189453124,0.16822442412376404,0.1532345563173294,0.008900018408894539
1789225115390083300,16.870083251953126,0.12575499713420868,0.22798097133636475,-0.03792501240968704
1789225115400121000,16.88012109375,0.14441683888435364,0.09727808088064194,-0.07441404461860657
1789225115410160400,16.890160400390624,0.12006489187479019,0.08449224382638931,-0.19782359898090363
1789225115420199200,16.90019921875,0.08119232207536697,0.143757164478302,-0.4162116050720215
1789225115430237200,16.9102373046875,0.04755473509430885,0.1608586609363556,-0.49041178822517395
1789225115440276500,16.9202763671875,0.03790051117539406,0.1661681979894638,-0.4605247378349304
1789225115450314200,16.930314208984374,0.03633297234773636,0.1769273728132248,-0.1349801868200302
1789225115460353300,16.940353271484376,0.062192533165216446,0.09560056030750275,0.1461409628391266
1789225115470392300,16.950392333984375,0.044193558394908905,0.135446235537529,0.3114319145679474
1789225115480430300,16.960430419921874,0.006683468818664551,0.12702958285808563,0.44086501002311707
1789225115490469000,16.97046923828125,-0.0144095653668046,-0.014090784825384617,0.2568027675151825
1789225115500508400,16.98050830078125,-0.07229071110486984,0.05227625370025635,0.038595329970121384
1789225115510546200,16.990546142578125,-0.09736011177301407,-0.015381352975964546,0.03621393069624901
1789225115520585200,17.000585205078124,-0.11987233906984329,-0.05134627968072891,0.3625566363334656
1789225115530624500,17.01062451171875,-0.1072620078921318,-0.15993161499500275,0.2969496548175812
1789225115540662300,17.020662353515625,-0.07829426974058151,-0.01641838811337948,-0.15298369526863098
1789225115550701300,17.030701416015624,-0.049972351640462875,-0.006105563137680292,-0.40470805764198303
1789225115560740400,17.040740234375,-0.018072210252285004,-0.14025777578353882,-0.2792215049266815
1789225115570778400,17.0507783203125,-0.045885201543569565,-0.04023530334234238,-0.07316982001066208
1789225115580817200,17.060817138671876,-0.06816919893026352,0.04542447254061699,-0.1593494415283203
1789225115590856200,17.070856201171875,-0.014890532940626144,0.17233341932296753,-0.453014075756073
1789225115600894200,17.080894287109373,0.0193161740899086,0.15203161537647247,-0.4550074636936188
1789225115610933200,17.090933349609376,0.00818229652941227,0.03202584385871887,0.07156526297330856
1789225115620972000,17.100971923828126,-0.020800087600946426,-0.02653067745268345,0.34414219856262207
1789225115631010300,17.11101025390625,-0.06653241813182831,0.06792499125003815,0.20248493552207947
1789225115641049300,17.12104931640625,-0.03458407521247864,0.04680345952510834,0.13643427193164825
1789225115651088100,17.131088134765626,-0.04123478755354881,0.12128754705190659,0.30338916182518005
1789225115661126400,17.14112646484375,-0.04014289379119873,0.2269439399242401,0.37776967883110046
1789225115671165200,17.151165283203124,-0.030587736517190933,0.19719348847866058,0.2419053018093109
1789225115681204200,17.161204345703126,0.022157233208417892,0.18936672806739807,0.10894672572612762
1789225115691242200,17.1712421875,0.07437170296907425,-0.0586199052631855,-0.08680440485477448
1789225115701281300,17.18128125,0.04265851527452469,-0.12078021466732025,-0.08288609236478806
1789225115711320000,17.191320068359374,0.011089136824011803,-0.058524828404188156,-0.030849259346723557
1789225115721358300,17.2013583984375,-0.03430790454149246,-0.004411792848259211,-0.20703041553497314
1789225115731397400,17.2113974609375,-0.08156170696020126,0.3054477870464325,-0.3355353772640228
1789225115741436200,17.221436279296874,-0.058339204639196396,0.32902610301971436,-0.4549419581890106
1789225115751474400,17.231474365234376,0.036082103848457336,0.2538943290710449,-0.5364556908607483
1789225115761513200,17.24151318359375,0.11410446465015411,0.07149308919906616,-0.2804223299026489
1789225115771552300,17.25155224609375,0.10221292078495026,0.025367408990859985,0.09195735305547714
1789225115781590300,17.26159033203125,0.06671325117349625,0.04435601457953453,0.23257066309452057
1789225115791629300,17.27162939453125,0.025589250028133392,0.1075323224067688,0.29809269309043884
1789225115801667300,17.281667236328126,0.02425766922533512,0.060557618737220764,0.3438178300857544
1789225115811706400,17.291706298828124,0.04809189587831497,0.31355392932891846,0.09800539165735245
1789225115821745200,17.3017451171875,0.029869481921195984,0.5355284214019775,0.1105819046497345
1789225115831783200,17.311783203125,0.09679631888866425,0.3981311321258545,0.2568006217479706
1789225115841822500,17.321822509765624,0.14988616108894348,0.3029332458972931,0.17590099573135376
1789225115851861200,17.331861328125,0.16440679132938385,0.32242971658706665,-0.10153914242982864
1789225115861899300,17.341899169921874,0.11573325842618942,0.31250622868537903,-0.06722883880138397
1789225115871938300,17.351938232421876,0.06784456223249435,0.263155460357666,0.2567569613456726
1789225115881977300,17.361977294921875,0.055511727929115295,0.05311967805027962,0.02299453131854534
1789225115892015000,17.37201513671875,0.03554254770278931,0.3710116147994995,-0.47777241468429565
1789225115902054400,17.382054443359376,0.03784618154168129,0.37787166237831116,-0.440382719039917
1789225115912093200,17.39209326171875,0.10868360102176666,0.256321519613266,-0.05465179309248924
1789225115922131200,17.402131103515625,0.1876860111951828,0.24013537168502808,-0.09632787108421326
1789225115932170500,17.41217041015625,0.12489905953407288,0.45946985483169556,-0.024990305304527283
1789225115942209300,17.422209228515626,0.12313205003738403,0.3332788944244385,0.26293283700942993
1789225115952247300,17.432247314453125,0.10168801248073578,0.2590547204017639,0.3926530182361603
1789225115962286300,17.442286376953124,0.1313798576593399,0.2627525329589844,0.10989960283041
1789225115972325400,17.452325439453126,0.0969340056180954,0.5332974791526794,-0.12351235002279282
1789225115982363100,17.462363037109377,0.05070418864488602,0.37249553203582764,0.39081570506095886
1789225115992402400,17.47240234375,0.09850633144378662,0.08368930220603943,0.3770681917667389
1789225116002441200,17.482441162109374,0.09646928310394287,0.2973909378051758,-0.16814640164375305
1789225116012479200,17.492479248046877,0.09185748547315598,0.2667882740497589,-0.46618446707725525
1789225116022518300,17.502518310546876,0.0779951959848404,0.1694801151752472,-0.0002306297537870705
1789225116032557300,17.512557373046874,0.09786717593669891,0.046669233590364456,0.2392037957906723
1789225116042595300,17.52259521484375,0.08776447176933289,0.2849411964416504,-0.12939341366291046
1789225116052634000,17.532634033203124,0.09251128882169724,0.5146667957305908,-0.43674910068511963
1789225116062673400,17.54267333984375,0.043422307819128036,0.37070775032043457,-0.24413970112800598
1789225116072711200,17.552711181640625,-0.02100221998989582,0.3007260262966156,0.23166412115097046
1789225116082750200,17.562750244140624,0.03361974656581879,0.0337345264852047,0.08898952603340149
1789225116092789200,17.572789306640626,0.05168769508600235,0.21555651724338531,-0.27894774079322815
1789225116102827300,17.5828271484375,-0.0041646515019237995,0.22861267626285553,0.006811034400016069
1789225116112866000,17.592865966796875,-0.03051609732210636,0.05463847890496254,0.5126116275787354
1789225116122904300,17.602904296875,-0.09937185794115067,0.11909336596727371,0.42209264636039734
1789225116132943400,17.612943359375,-0.11587920039892197,0.1057855486869812,0.032472722232341766
1789225116142982100,17.622982177734375,-0.11514123529195786,0.10764496773481369,-0.4338715374469757
1789225116153020400,17.6330205078125,-0.1372593194246292,0.00740198977291584,-0.22428423166275024
1789225116163059200,17.64305908203125,-0.11488451063632965,0.040641702711582184,0.33103492856025696
1789225116173098200,17.65309814453125,-0.0841662734746933,0.09978305548429489,0.3413600027561188
1789225116183136300,17.66313623046875,-0.03993942588567734,0.13406752049922943,0.028990639373660088
1789225116193175300,17.67317529296875,-0.07922158390283585,0.24586649239063263,-0.16088369488716125
1789225116203214000,17.683214111328127,-0.17949652671813965,0.026693662628531456,-0.12824159860610962
1789225116213252400,17.69325244140625,-0.2088480144739151,-0.19547203183174133,-0.11810586601495743
1789225116223291100,17.703291015625,-0.27385658025741577,-0.24166321754455566,0.07026084512472153
1789225116233330200,17.713330078125,-0.2236195057630539,-0.3218747079372406,0.1602514535188675
1789225116243368400,17.723368408203125,-0.1978459656238556,-0.24518153071403503,-0.034865837544202805
1789225116253407500,17.733407470703124,-0.16882310807704926,-0.160288468003273,-0.30667179822921753
1789225116263446300,17.7434462890625,-0.20798568427562714,-0.08424430340528488,0.09517844766378403
1789225116273484500,17.753484619140625,-0.2360817790031433,0.047205064445734024,0.5329131484031677
1789225116283523300,17.7635234375,-0.17649726569652557,0.012866795994341373,0.45548468828201294
1789225116293562400,17.773562255859375,-0.07725590467453003,-0.4300515055656433,-0.09185082465410233
1789225116303600600,17.7836005859375,-0.14436756074428558,-0.3057117164134979,-0.7873931527137756
1789225116313639400,17.793639404296876,-0.28028759360313416,-0.007414240390062332,-0.7751609683036804
1789225116323677400,17.803677490234374,-0.24486593902111053,-0.4876559376716614,0.20873883366584778
1789225116333716500,17.813716552734373,-0.23117835819721222,-0.6289869546890259,0.5120305418968201
1789225116343755500,17.823755615234376,-0.2817491292953491,-0.29000920057296753,-0.011050254106521606
1789225116353793300,17.833793212890626,-0.34502291679382324,0.14569835364818573,-0.5415817499160767
1789225116363832600,17.84383251953125,-0.21477915346622467,0.09793828427791595,-0.4436943531036377
1789225116373871400,17.853871337890624,-0.1929239183664322,0.036971334367990494,0.21998216211795807
1789225116383909400,17.863909423828126,-0.09141699969768524,-0.09426897764205933,0.5010167360305786
1789225116393948700,17.87394873046875,-0.05410398170351982,-0.11846805363893509,0.29558372497558594
1789225116403987500,17.883987548828124,-0.05716954544186592,-0.05131298676133156,0.013189039193093777
1789225116414025500,17.894025390625,-0.12278717011213303,-0.28626585006713867,0.22010865807533264
1789225116424064500,17.904064453125,-0.1616051346063614,-0.45480427145957947,0.3437589704990387
1789225116434103600,17.914103515625,-0.24262356758117676,-0.24235297739505768,0.11605336517095566
1789225116444141300,17.924141357421874,-0.29360631108283997,-0.019836554303765297,0.03182477504014969
1789225116454180400,17.934180419921876,-0.16863694787025452,-0.12067128717899323,-0.06120210513472557
1789225116464219400,17.944219482421875,-0.11961214989423752,0.0005454153870232403,-0.07186673581600189
1789225116474257400,17.95425732421875,-0.04516987502574921,-0.089577816426754,-0.0763978362083435
1789225116484296400,17.96429638671875,-0.020296748727560043,-0.14846377074718475,0.0444156676530838
1789225116494335500,17.97433544921875,-0.023969247937202454,-0.24213886260986328,0.03837322071194649
1789225116504373500,17.98437353515625,-0.028081435710191727,-0.21012820303440094,-0.25880253314971924
1789225116514412300,17.994412353515624,-0.09307587891817093,-0.12390356510877609,-0.32373732328414917
1789225116524451600,18.00445166015625,-0.10746707022190094,-0.229140505194664,0.06511588394641876
1789225116534489300,18.0144892578125,-0.07660529762506485,-0.3087799549102783,-0.04055088758468628
1789225116544528400,18.0245283203125,-0.11088843643665314,0.02678341045975685,-0.1561184972524643
1789225116554566400,18.03456640625,-0.0612441822886467,-0.14834898710250854,0.12453687191009521
1789225116564605400,18.04460546875,-0.0215953066945076,-0.20722907781600952,0.2833864390850067
1789225116574644200,18.054644287109376,-0.005852562841027975,-0.06283355504274368,0.11386558413505554
1789225116584682500,18.0646826171875,0.010992197319865227,-0.013287043198943138,-0.1471519023180008
1789225116594721500,18.074721435546873,-0.05698152631521225,-0.08524192869663239,0.03148335590958595
1789225116604760300,18.08476025390625,-0.10260680317878723,-0.2331128865480423,0.43537142872810364
1789225116614798600,18.094798583984375,-0.12187184393405914,-0.29833555221557617,0.23910845816135406
1789225116624837400,18.10483740234375,-0.15676750242710114,-0.2607061564922333,-0.06986536830663681
1789225116634876400,18.11487646484375,-0.174503892660141,-0.34402209520339966,-0.10788492113351822
1789225116644914400,18.12491455078125,-0.21093833446502686,-0.33555591106414795,0.40397676825523376
1789225116654953500,18.134953369140625,-0.1997530609369278,-0.45137810707092285,0.5714238286018372
1789225116664992300,18.1449921875,-0.14446397125720978,-0.37328436970710754,0.023679763078689575
1789225116675030500,18.155030517578126,-0.08149832487106323,-0.25932928919792175,-0.6689101457595825
1789225116685069300,18.1650693359375,-0.13427498936653137,-0.32608169317245483,-0.17890477180480957
1789225116695108400,18.1751083984375,-0.11187966167926788,-0.476808100938797,0.37754514813423157
1789225116705146600,18.185146728515626,-0.12969806790351868,-0.36852291226387024,0.08517029136419296
1789225116715185400,18.195185302734377,-0.08813252300024033,-0.15775234997272491,-0.4693792164325714
1789225116725224400,18.205224365234375,-0.08624088019132614,-0.191875159740448,-0.49925321340560913
1789225116735262500,18.215262451171874,-0.09819580614566803,-0.3620751202106476,-0.054014500230550766
1789225116745301500,18.225301513671877,-0.11240270733833313,-0.34799179434776306,0.030416496098041534
1789225116755339300,18.23533935546875,-0.1261206567287445,-0.20275923609733582,-0.004032824654132128
1789225116765378600,18.245378662109374,-0.003832022426649928,-0.26295599341392517,-0.07499141991138458
1789225116775417300,18.255417236328125,0.041962362825870514,-0.1859498918056488,-0.026508573442697525
1789225116785455400,18.265455322265623,0.06203380972146988,-0.16903775930404663,0.07272480428218842
1789225116795494700,18.27549462890625,0.010282731615006924,-0.11944729834794998,0.24431146681308746
1789225116805533400,18.285533447265625,-0.006939398590475321,-0.1656680554151535,0.42823684215545654
1789225116815571500,18.295571533203123,-0.018808308988809586,-0.054555121809244156,0.45667245984077454
1789225116825610500,18.305610595703126,0.01028779149055481,0.05903429165482521,0.15085075795650482
1789225116835649500,18.3156494140625,0.09126733243465424,0.11502059549093246,0.09782189875841141
1789225116845687300,18.325687255859375,0.14466211199760437,-0.15145210921764374,0.3298146426677704
1789225116855726600,18.3357265625,0.20235364139080048,-0.2538333237171173,-0.01332725677639246
1789225116865765400,18.345765380859376,0.11693860590457916,-0.01267158705741167,-0.33078643679618835
1789225116875803400,18.355803466796875,0.09306416660547256,-0.014762167818844318,-0.027211913838982582
1789225116885842400,18.365842529296874,0.10467500984668732,0.14408127963542938,0.41361820697784424
1789225116895881500,18.375881591796876,0.16420598328113556,0.11374200880527496,0.1492834985256195
1789225116905919500,18.38591943359375,0.3611060082912445,-0.04954252019524574,-0.5827779173851013
1789225116915958500,18.39595849609375,0.39258456230163574,0.1573438197374344,-1.4166018962860107
1789225116925996500,18.40599658203125,0.22317156195640564,0.5861439108848572,-0.6011657118797302
1789225116936035300,18.416035400390626,0.22124157845973969,0.14926432073116302,0.6337391138076782
1789225116946074400,18.426074462890625,0.2198929488658905,-0.05132364109158516,0.3384736478328705
1789225116956112400,18.4361123046875,0.1248207613825798,0.19915837049484253,-0.128290593624115
1789225116966151400,18.4461513671875,0.10706520080566406,0.5433285236358643,-0.20451825857162476
1789225116976190200,18.456190185546873,0.1623457670211792,0.12474513053894043,0.2949046194553375
1789225116986228500,18.466228515625,0.22279499471187592,-0.022334333509206772,0.4638174772262573
1789225116996267500,18.476267578125,0.2023879885673523,0.3206248879432678,0.3557645082473755
1789225117006306300,18.486306396484373,0.25309404730796814,0.42695799469947815,0.2556733191013336
1789225117016344600,18.496344482421875,0.3175095319747925,0.31806930899620056,0.052871204912662506
1789225117026383400,18.50638330078125,0.3195841312408447,0.34948980808258057,-0.3130921423435211
1789225117036422400,18.51642236328125,0.2448989599943161,0.3813420236110687,-0.24126161634922028
1789225117046460400,18.52646044921875,0.19632850587368011,0.35491815209388733,0.16195854544639587
1789225117056499500,18.53649951171875,0.21848386526107788,0.26899445056915283,0.16876904666423798
1789225117066538200,18.546538330078125,0.28078585863113403,0.31491321325302124,-0.29020944237709045
1789225117076576500,18.556576416015623,0.3023654520511627,0.2766537070274353,-1.0605051517486572
1789225117086615300,18.566615234375,0.1782589554786682,0.30875730514526367,-0.37658241391181946
1789225117096653600,18.576653564453125,0.11459395289421082,0.16038727760314941,0.48998329043388367
1789225117106692600,18.586692626953123,0.02118251658976078,0.16623984277248383,0.11840227991342545
1789225117116731400,18.5967314453125,-0.011739480309188366,0.28556063771247864,-0.3658999502658844
1789225117126769700,18.606769775390624,0.011183146387338638,0.40940481424331665,-0.366450697183609
1789225117136808400,18.616808349609375,-0.016988836228847504,0.29042571783065796,0.3551093637943268
1789225117146847500,18.626847412109374,0.03087668865919113,0.046006638556718826,0.5219233632087708
1789225117156885500,18.636885498046876,0.03242824599146843,0.1528068631887436,0.27841299772262573
1789225117166924500,18.646924560546875,0.09055893123149872,0.20961341261863708,-0.2299218773841858
1789225117176963300,18.65696337890625,0.007001183927059174,0.18586760759353638,-0.087411068379879
1789225117187001300,18.66700146484375,-0.001189900329336524,-0.010485131293535233,0.17002339661121368
1789225117197040600,18.67704052734375,-0.08120377361774445,0.08487121760845184,0.03736894205212593
1789225117207079400,18.687079345703125,-0.155449777841568,0.1923087239265442,-0.061887603253126144
1789225117217117400,18.697117431640624,-0.16465924680233002,0.05101950839161873,-0.23452968895435333
1789225117227156500,18.707156494140627,-0.21992917358875275,0.05233750492334366,-0.43268004059791565
1789225117237195500,18.717195556640625,-0.22240591049194336,-0.17435050010681152,-0.27510932087898254
1789225117247233000,18.72723291015625,-0.24582281708717346,-0.26198500394821167,0.012495019473135471
1789225117257272000,18.73727197265625,-0.253930002450943,-0.1842353492975235,0.18538503348827362
1789225117267309800,18.747309814453125,-0.24841007590293884,-0.21073514223098755,0.12677232921123505
1789225117277349000,18.75734912109375,-0.25604936480522156,-0.057579405605793,-0.11921773850917816
1789225117287388000,18.767387939453126,-0.33285704255104065,-0.19296599924564362,0.00039707732503302395
1789225117297426000,18.777426025390625,-0.42442983388900757,-0.23827701807022095,0.5108441114425659
1789225117307465000,18.78746484375,-0.4461236894130707,-0.402579665184021,0.45429959893226624
1789225117317504000,18.79750390625,-0.3647824823856354,-0.2971198260784149,-0.07570461183786392
1789225117327541800,18.807541748046877,-0.35025203227996826,-0.36372441053390503,-0.3704473078250885
1789225117337580800,18.817580810546875,-0.4006326496601105,-0.42752230167388916,0.31864482164382935
1789225117347620000,18.8276201171875,-0.3517226278781891,-0.7104296684265137,0.25489941239356995
1789225117357657900,18.837657958984376,-0.4257153570652008,-0.3311680853366852,-0.2660130262374878
1789225117367697000,18.84769677734375,-0.45948103070259094,-0.289006769657135,-0.3413029909133911
1789225117377736000,18.85773583984375,-0.46179667115211487,-0.5089319348335266,-0.009875267744064331
1789225117387774000,18.86777392578125,-0.44387730956077576,-0.5356724858283997,-0.28912633657455444
1789225117397812700,18.877812744140623,-0.4171210527420044,-0.3531996011734009,-0.5912846326828003
1789225117407851000,18.88785107421875,-0.43391576409339905,-0.5299522876739502,-0.13691364228725433
1789225117417889800,18.897889892578124,-0.4318150579929352,-0.6927257180213928,0.30974799394607544
1789225117427928800,18.9079287109375,-0.5053278803825378,-0.6014909148216248,0.21427953243255615
1789225117437966800,18.917966796875,-0.545436441898346,-0.44784143567085266,0.10120624303817749
1789225117448006000,18.928005859375,-0.5623728036880493,-0.6407179236412048,0.31260770559310913
1789225117458045000,18.938044921875,-0.5503078699111938,-0.7178009748458862,0.4703770875930786
1789225117468083000,18.9480830078125,-0.5119346380233765,-0.4478480815887451,0.38293859362602234
1789225117478122000,18.9581220703125,-0.3948540985584259,-0.46806734800338745,0.17729835212230682
1789225117488160800,18.968160888671875,-0.23260608315467834,-0.5022228956222534,-0.13524436950683594
1789225117498199000,18.978198974609374,-0.17762884497642517,-0.5247431397438049,-0.19613595306873322
1789225117508237800,18.98823779296875,-0.15560264885425568,-0.3976552188396454,-0.06425169110298157
1789225117518276900,18.99827685546875,-0.20092245936393738,-0.1874934583902359,0.0203982163220644
1789225117528315000,19.00831494140625,-0.207451730966568,-0.14022554457187653,0.07375092059373856
1789225117538354000,19.01835400390625,-0.15434110164642334,-0.27285149693489075,-0.293224960565567
1789225117548392000,19.028391845703126,-0.1508270651102066,-0.17788664996623993,-0.502468466758728
1789225117558431000,19.038430908203125,-0.10669049620628357,-0.3180360198020935,-0.2619439959526062
1789225117568470000,19.048469970703124,-0.078939288854599,-0.3236731290817261,-0.02014814503490925
1789225117578507800,19.0585078125,-0.030605845153331757,-0.22763556241989136,0.03880199044942856
1789225117588547000,19.068547119140625,0.07395251840353012,-0.17650313675403595,0.004482632502913475
1789225117598585900,19.0785859375,0.10741407424211502,-0.1880314201116562,0.03526930883526802
1789225117608623900,19.088623779296874,0.1287156343460083,-0.12378346174955368,0.05949661508202553
1789225117618663000,19.098662841796877,0.10421375185251236,0.06216483563184738,0.16493116319179535
1789225117628702000,19.108701904296876,0.13643799722194672,0.16500306129455566,0.272009938955307
1789225117638739700,19.11873974609375,0.1974204033613205,0.14784006774425507,0.17973807454109192
1789225117648779000,19.128779052734377,0.24495728313922882,0.31164389848709106,-0.29920586943626404
1789225117658816800,19.138816650390623,0.3094678521156311,0.3602452576160431,-0.2573942542076111
1789225117668855800,19.148855712890626,0.38308772444725037,0.07089867442846298,0.20250597596168518
1789225117678895000,19.15889501953125,0.4041149914264679,-0.01002200786024332,0.13816426694393158
1789225117688932900,19.168932861328123,0.3332267105579376,0.2590310275554657,-0.07897844165563583
1789225117698972000,19.178971923828126,0.31707942485809326,0.19272418320178986,-0.061284929513931274
1789225117709011000,19.189010986328125,0.29535654187202454,0.21022488176822662,0.02413622848689556
1789225117719049000,19.199049072265623,0.33003783226013184,0.2722155451774597,0.13249678909778595
1789225117729087700,19.209087646484374,0.4280261695384979,0.2802194058895111,-0.2807839810848236
1789225117739127000,19.219126953125,0.4946579337120056,0.5207561254501343,-0.5946868062019348
1789225117749164800,19.229164794921875,0.39347219467163086,0.23833826184272766,-0.06216137483716011
1789225117759203800,19.239203857421874,0.32081103324890137,0.05810431391000748,0.25042980909347534
1789225117769243000,19.249242919921876,0.22477851808071136,0.2085268497467041,-0.016172312200069427
1789225117779281000,19.259281005859375,0.25752660632133484,0.20523864030838013,-0.10910438001155853
1789225117789320000,19.26931982421875,0.3268236517906189,0.19790242612361908,0.1347879022359848
1789225117799358000,19.27935791015625,0.40244758129119873,0.2877761125564575,0.28525596857070923
1789225117809397000,19.28939697265625,0.4800664782524109,0.32176312804222107,0.13170211017131805
1789225117819435800,19.299435791015625,0.46011459827423096,0.5031928420066833,-0.0397183857858181
1789225117829474000,19.30947412109375,0.36570608615875244,0.42847517132759094,0.1499205231666565
1789225117839512800,19.319512939453126,0.329505980014801,0.2878251373767853,0.18832597136497498
1789225117849552000,19.3295517578125,0.31801286339759827,0.2852621078491211,-0.0006556702428497374
1789225117859590000,19.33958984375,0.3124130368232727,0.31087106466293335,0.014973889105021954
1789225117869629000,19.34962890625,0.36029401421546936,0.2981451451778412,0.16651947796344757
1789225117879668000,19.35966796875,0.4360998272895813,0.2669970691204071,0.0841662734746933
1789225117889706000,19.3697060546875,0.5078014135360718,0.3765257000923157,-0.35675039887428284
1789225117899745000,19.3797451171875,0.43967562913894653,0.5722365975379944,-0.43577197194099426
1789225117909782800,19.38978271484375,0.398543119430542,0.38196974992752075,0.029193304479122162
1789225117919822000,19.399822021484376,0.37449049949645996,0.25100693106651306,-0.11347170174121857
1789225117929860900,19.40986083984375,0.3416382968425751,0.5012069344520569,-0.4332241415977478
1789225117939899000,19.41989892578125,0.4031756818294525,0.41390901803970337,-0.24715785682201385
1789225117949938000,19.42993798828125,0.4647596776485443,0.35822126269340515,0.19159606099128723
1789225117959977000,19.43997705078125,0.4886684715747833,0.5171600580215454,0.27335670590400696
1789225117970014700,19.4500146484375,0.49136093258857727,0.7123686671257019,0.3398188054561615
1789225117980054000,19.460053955078124,0.4883047044277191,0.7361219525337219,0.16786064207553864
1789225117990093000,19.470093017578126,0.4228402078151703,0.6153284311294556,0.07912677526473999
1789225118000130800,19.480130859375,0.3196198046207428,0.5012684464454651,0.2275596559047699
1789225118010169900,19.490169921875,0.262368768453598,0.3596827983856201,0.4118219017982483
1789225118020209000,19.500208984375,0.2784563899040222,0.24459749460220337,0.27892085909843445
1789225118030247000,19.510246826171876,0.3162511885166168,0.41964998841285706,0.0829409584403038
1789225118040286000,19.520285888671875,0.33532261848449707,0.4014510214328766,-0.17932873964309692
1789225118050324000,19.530323974609374,0.31149983406066895,0.4621577858924866,-0.31822749972343445
1789225118060362800,19.54036279296875,0.24880875647068024,0.4859219789505005,-0.19821108877658844
1789225118070401800,19.55040185546875,0.20441651344299316,0.4063946604728699,-0.2616814076900482
1789225118080439800,19.560439697265625,0.17442773282527924,0.3620258569717407,-0.39834100008010864
1789225118090478800,19.570478759765624,0.1964949518442154,0.19377478957176208,-0.18054048717021942
1789225118100518000,19.580517822265627,0.23843200504779816,0.1795697659254074,0.04025421291589737
1789225118110556000,19.590555908203125,0.21039904654026031,0.24867212772369385,-0.022916235029697418
1789225118120595000,19.600594970703124,0.1390465646982193,0.3120609521865845,-0.14850957691669464
1789225118130633700,19.6106337890625,0.03828214108943939,0.33887046575546265,0.14357127249240875
1789225118140672000,19.620672119140625,-0.027347201481461525,0.2635221779346466,0.440120667219162
1789225118150710800,19.630710693359376,0.03340855613350868,0.14253051578998566,0.14654763042926788
1789225118160749000,19.6407490234375,0.031080953776836395,0.09324578940868378,0.003659183392301202
1789225118170787800,19.650787841796873,0.02305525168776512,-0.0057343184016644955,0.402314156293869
1789225118180827000,19.660826904296876,0.013992780819535255,-0.1467668116092682,0.5192937850952148
1789225118190865000,19.670864990234374,-0.029328593984246254,-0.05386296659708023,0.10178974270820618
1789225118200904000,19.680904052734373,0.022777751088142395,0.09173151850700378,-0.5072008967399597
1789225118210943000,19.69094287109375,-0.05630534887313843,0.21440577507019043,-0.12345588952302933
1789225118220981000,19.70098095703125,-0.0020876519847661257,0.07874035090208054,0.132976695895195
1789225118231020000,19.71102001953125,0.017955830320715904,0.20666556060314178,-0.15237276256084442
1789225118241058800,19.721058837890624,0.06645279377698898,0.2680620849132538,-0.46517568826675415
1789225118251097000,19.73109716796875,0.08667204529047012,0.14191852509975433,-0.33579346537590027
1789225118261136100,19.74113623046875,0.040831051766872406,-0.00788615271449089,0.0580020509660244
1789225118271174000,19.751173828125,0.011784753762185574,-0.12854066491127014,-0.024266457185149193
1789225118281213000,19.761212890625,-0.08764862269163132,-0.07093196362257004,-0.10225952416658401
1789225118291252000,19.771251953125,-0.13461080193519592,-0.026139991357922554,0.014376808889210224
1789225118301290000,19.7812900390625,-0.12387081235647202,0.006943127140402794,-0.011000719852745533
1789225118311328800,19.791328857421874,-0.05230927839875221,0.1595821976661682,0.0022325278259813786
1789225118321368000,19.8013681640625,0.01956118457019329,0.19929073750972748,0.34251126646995544
1789225118331405800,19.81140576171875,0.08901748806238174,0.13844655454158783,0.3264971673488617
1789225118341444900,19.82144482421875,0.09811591356992722,0.1878548562526703,0.014184794388711452
1789225118351484000,19.83148388671875,0.007706922013312578,0.06072193756699562,0.07260629534721375
1789225118361522000,19.84152197265625,-0.07151546329259872,-0.09475021064281464,0.15373043715953827
1789225118371561000,19.85156103515625,-0.15928393602371216,-0.013912886381149292,-0.09297441691160202
1789225118381599000,19.861598876953124,-0.17587755620479584,0.009029979817569256,-0.060266803950071335
1789225118391638000,19.871637939453127,-0.07484520971775055,-0.08892054855823517,-0.012063587084412575
1789225118401676800,19.8816767578125,0.0034884747583419085,0.04984292387962341,-0.20314405858516693
1789225118411715000,19.891715087890624,0.01447161752730608,0.13278254866600037,-0.19698284566402435
1789225118421753900,19.90175390625,-0.009673133492469788,0.10286646336317062,0.18824687600135803
1789225118431793000,19.91179296875,-0.017068998888134956,0.01943361945450306,0.3483894169330597
1789225118441831000,19.921830810546876,-0.014911571517586708,0.06805974245071411,0.01836462691426277
1789225118451870000,19.931869873046875,-0.007162305526435375,0.11680624634027481,-0.5322902798652649
1789225118461909000,19.941908935546873,-0.03891783952713013,-0.060332849621772766,-0.3283560276031494
1789225118471947000,19.951947021484376,-0.023678164929151535,-0.10711020976305008,0.227457657456398
1789225118481986000,19.961986083984375,-0.04903385415673256,0.033968884497880936,0.14135979115962982
1789225118492024000,19.972024169921873,0.010030529461801052,0.04248993471264839,-0.4956454336643219
1789225118502063000,19.98206298828125,-0.02393968775868416,0.01239302009344101,-0.8314010500907898
1789225118512102000,19.992101806640626,-0.1500728577375412,0.0753413587808609,-0.13457751274108887
1789225118522140000,20.002139892578125,-0.19242404401302338,0.09450573474168777,0.24716344475746155
1789225118532179000,20.012178955078124,-0.19973894953727722,0.26631584763526917,0.12312272936105728
1789225118542218000,20.022218017578126,-0.0682927742600441,-0.03975886479020119,-0.2237129807472229
1789225118552255700,20.032255859375,0.055321045219898224,0.12088754028081894,-0.5170990824699402
1789225118562295000,20.042294921875,-0.029101159423589706,-0.05128369480371475,0.2658337950706482
1789225118572332800,20.052332763671874,-0.09646368771791458,-0.15489371120929718,0.9088287353515625
1789225118582371800,20.062371826171876,-0.1684635728597641,-0.08024077862501144,0.5692299008369446
1789225118592411100,20.0724111328125,-0.20226575434207916,0.15556561946868896,0.198465958237648
1789225118602449000,20.082448974609374,-0.20536114275455475,0.03989575058221817,0.14161865413188934
1789225118612488000,20.092488037109376,-0.1960134506225586,-0.0814349353313446,0.04803250730037689
1789225118622527000,20.10252685546875,-0.18344412744045258,-0.27316814661026,-0.18176260590553284
1789225118632565000,20.11256494140625,-0.19882947206497192,-0.17597715556621552,0.16202005743980408
1789225118642603800,20.122603759765624,-0.14383573830127716,-0.2253071516752243,0.060500361025333405
1789225118652643000,20.13264306640625,-0.11626828461885452,-0.015111841261386871,-0.264011412858963
1789225118662680800,20.142680908203126,-0.1275249421596527,0.05312899872660637,-0.2027520388364792
1789225118672720000,20.152719970703124,-0.1850835680961609,-0.207414448261261,-0.17725014686584473
1789225118682758000,20.1627578125,-0.22804833948612213,-0.18979443609714508,-0.4345080554485321
1789225118692797000,20.172796875,-0.3468511700630188,-0.08642783015966415,-0.2909199893474579
1789225118702836000,20.1828359375,-0.32833874225616455,-0.2671020030975342,0.22140802443027496
1789225118712874000,20.1928740234375,-0.23298877477645874,-0.41698336601257324,0.2697089612483978
1789225118722913000,20.2029130859375,-0.16783428192138672,-0.2136070877313614,-0.0008823052630759776
1789225118732951800,20.212951904296876,-0.15995290875434875,-0.32078441977500916,-0.08464324474334717
1789225118742990000,20.222989990234375,-0.2434627264738083,-0.35754135251045227,0.3209191560745239
1789225118753028900,20.23302880859375,-0.31289106607437134,-0.28392040729522705,0.4002869427204132
1789225118763068000,20.24306787109375,-0.3719245493412018,-0.03437475115060806,0.29195141792297363
1789225118773106000,20.25310595703125,-0.30191725492477417,-0.02906041406095028,0.02684546262025833
1789225118783145000,20.26314501953125,-0.2343352735042572,-0.14505599439144135,0.03039092943072319
1789225118793183000,20.273182861328124,-0.17227855324745178,-0.29242733120918274,-0.011801797896623611
1789225118803222000,20.283221923828126,-0.2234961986541748,-0.3007289469242096,0.06066414713859558
1789225118813261000,20.293260986328125,-0.270586222410202,-0.3917587101459503,0.30920737981796265
1789225118823298800,20.303298828125,-0.3071011006832123,-0.44318675994873047,0.11664912104606628
1789225118833338000,20.313338134765626,-0.34505805373191833,-0.09299305826425552,-0.14457155764102936
1789225118843377000,20.323376953125,-0.2791629433631897,-0.23102949559688568,-0.31365618109703064
1789225118853415000,20.333414794921875,-0.1962834894657135,-0.4065488576889038,-0.24859116971492767
1789225118863454000,20.343453857421874,-0.17781659960746765,-0.2786009907722473,-0.006403836887329817
1789225118873492000,20.353491943359376,-0.21838533878326416,-0.14005883038043976,-0.09801498055458069
1789225118883530800,20.36353076171875,-0.25579288601875305,-0.22025993466377258,0.06353875994682312
1789225118893570000,20.373570068359374,-0.2453431785106659,-0.2572571039199829,0.36324504017829895
1789225118903607800,20.38360791015625,-0.22332683205604553,-0.2342178225517273,0.12766581773757935
1789225118913646800,20.393646728515623,-0.15808044373989105,0.009677127934992313,-0.2576448619365692
1789225118923686100,20.40368603515625,-0.10721726715564728,-0.083328977227211,0.0783746987581253
1789225118933724000,20.413723876953124,-0.06183620169758797,-0.18061132729053497,0.6917246580123901
1789225118943763000,20.423762939453123,-0.05173749476671219,-0.20958171784877777,0.46277883648872375
1789225118953802000,20.433802001953126,-0.09720484912395477,-0.061416756361722946,-0.18862344324588776
1789225118963840000,20.443840087890624,-0.2244301736354828,0.03425624221563339,-0.2505222260951996
1789225118973878800,20.453878662109375,-0.22997061908245087,-0.21038946509361267,0.2739758789539337
1789225118983917000,20.4639169921875,-0.16582785546779633,-0.362189918756485,0.22964997589588165
1789225118993955800,20.473955810546876,-0.10795816034078598,-0.09157838672399521,-0.1640041172504425
1789225119003995000,20.483994873046875,-0.05163443088531494,0.033850375562906265,-0.34174323081970215
1789225119014033000,20.494032958984373,-0.1125880628824234,-0.0033246902748942375,0.028958147391676903
1789225119024072000,20.504072021484376,-0.1256767064332962,-0.1723264902830124,0.13280385732650757
1789225119034111000,20.514111083984375,-0.13556954264640808,-0.23604156076908112,-0.1943415105342865
1789225119044149000,20.52414892578125,-0.07542498409748077,-0.34094586968421936,-0.7820606827735901
1789225119054188000,20.53418798828125,-0.12668177485466003,-0.27159982919692993,-0.7892205715179443
1789225119064225800,20.544225830078126,-0.19635699689388275,-0.13542786240577698,0.2712288498878479
1789225119074265000,20.55426513671875,-0.13036014139652252,-0.23637019097805023,0.4580482542514801
1789225119084304000,20.564303955078124,-0.1139577254652977,0.048765674233436584,-0.006413957104086876
1789225119094342000,20.574341796875,-0.10296259820461273,0.3325633108615875,-0.2264818698167801
1789225119104381000,20.584380859375,-0.09917318820953369,-0.10118333995342255,-0.16483262181282043
1789225119114420000,20.594419921875,-0.1827157586812973,-0.13575170934200287,0.10072581470012665
1789225119124457700,20.604457763671874,-0.2546224296092987,-0.05369039252400398,0.39312437176704407
1789225119134497000,20.6144970703125,-0.2602292001247406,-0.10897628217935562,0.5996450781822205
1789225119144536000,20.6245361328125,-0.18850865960121155,-0.05835331976413727,0.37745407223701477
1789225119154573800,20.63457373046875,-0.06253661215305328,-0.0431317575275898,0.12268757075071335
1789225119164613000,20.644613037109377,0.0035025894176214933,-0.11937779188156128,0.28217628598213196
1789225119174651000,20.65465087890625,0.006587595213204622,-0.19326800107955933,0.1777004897594452
1789225119184690000,20.66468994140625,-0.06778091192245483,-0.032889772206544876,-0.26910391449928284
1789225119194729000,20.67472900390625,-0.15937288105487823,0.19693996012210846,-0.19218115508556366
1789225119204767000,20.68476708984375,-0.17708955705165863,0.1943066269159317,0.002341983839869499
1789225119214805800,20.6948056640625,-0.12773320078849792,0.21103288233280182,-0.26070430874824524
1789225119224845000,20.704844970703125,-0.07421031594276428,-0.06597502529621124,-0.5300145745277405
1789225119234882800,20.7148828125,-0.0011044129496440291,-0.4069400727748871,-0.48910045623779297
1789225119244922400,20.72492236328125,-0.039100531488657,-0.3400084376335144,-0.15161456167697906
1789225119254960400,20.73496044921875,-0.16350211203098297,-0.07285210490226746,0.12079166620969772
1789225119264999400,20.74499951171875,-0.246827632188797,0.1429038941860199,0.3801206946372986
1789225119275038200,20.7550380859375,-0.23237837851047516,-0.2297501116991043,0.3950367867946625
1789225119285076500,20.765076416015624,-0.21041981875896454,-0.12129074335098267,0.02159157767891884
1789225119295115300,20.775115234375,-0.07342441380023956,0.10852381587028503,-0.28111183643341064
1789225119305154300,20.785154296875,-0.02665744349360466,-0.19856448471546173,0.10690327733755112
1789225119315192300,20.7951923828125,0.04589825123548508,-0.3691602051258087,0.4464304745197296
1789225119325231400,20.8052314453125,0.025648638606071472,-0.12176504731178284,-0.016630109399557114
1789225119335269000,20.81526904296875,-0.04372484236955643,0.07755551487207413,-0.3350871801376343
1789225119345308400,20.825308349609376,-0.1442069709300995,0.01732253096997738,-0.08688216656446457
1789225119355347500,20.835347412109375,-0.18571367859840393,-0.01302498858422041,0.2483203262090683
1789225119365385200,20.84538525390625,-0.13291729986667633,0.05932004749774933,0.027291009202599525
1789225119375424500,20.855424560546876,-0.011231615208089352,-0.036618996411561966,-0.3628317415714264
1789225119385463300,20.86546337890625,0.05572424829006195,0.01329796202480793,-0.1320009082555771
1789225119395501300,20.875501220703125,0.00010093380114994943,-0.04815367981791496,0.5169911980628967
1789225119405540400,20.885540283203124,-0.033718548715114594,-0.3476943075656891,0.5002819895744324
1789225119415579400,20.895579345703126,-0.1413174420595169,-0.22450873255729675,0.1623162031173706
1789225119425617200,20.9056171875,-0.2007775753736496,-0.1631963849067688,0.0988277792930603
1789225119435656200,20.91565625,-0.16993124783039093,-0.3216105103492737,0.28166258335113525
1789225119445694200,20.925694091796874,-0.11660624295473099,-0.32463908195495605,0.1628190129995346
1789225119455733200,20.935733154296877,-0.09143750369548798,-0.16326455771923065,-0.038299717009067535
1789225119465772300,20.945772216796875,-0.06422799080610275,-0.12573209404945374,-0.22026978433132172
1789225119475810300,20.955810302734374,-0.054063767194747925,-0.1464323103427887,-0.21346861124038696
1789225119485849300,20.965849365234376,-0.020776385441422462,-0.2983209192752838,-0.3327158987522125
1789225119495888100,20.97588818359375,0.001856755930930376,-0.24850702285766602,-0.605969250202179
1789225119505926400,20.985926513671874,-0.08583181351423264,-0.12175440043210983,-0.2858125865459442
1789225119515965200,20.995965087890625,-0.08473992347717285,-0.24583107233047485,-0.00315957423299551
1789225119526003500,21.00600341796875,-0.09105055034160614,-0.34983256459236145,-0.08621983975172043
1789225119536042200,21.016042236328126,-0.059357598423957825,-0.24701911211013794,-0.26042068004608154
1789225119546081300,21.026081298828124,-0.032046616077423096,-0.2576459050178528,-0.056831859052181244
1789225119556119300,21.036119384765627,-0.0193108469247818,-0.24272316694259644,0.30866196751594543
1789225119566158300,21.046158447265626,-0.020656809210777283,-0.16656553745269775,0.42995163798332214
1789225119576197400,21.056197265625,-0.014625015668570995,-0.06987228989601135,0.4475143849849701
1789225119586235400,21.0662353515625,0.04340686276555061,-0.13820767402648926,0.29039907455444336
1789225119596274400,21.0762744140625,0.02123578079044819,-0.09605835378170013,0.27691522240638733
1789225119606312200,21.086312255859376,-0.009187106974422932,-0.052734050899744034,0.5206741094589233
1789225119616351500,21.0963515625,-0.006913566030561924,-0.05855492129921913,0.5934460163116455
1789225119626390300,21.106390380859374,0.14351774752140045,0.008430502377450466,0.3852052092552185
1789225119636428300,21.11642822265625,0.1801636517047882,-0.5780388712882996,-0.32053887844085693
1789225119646467300,21.12646728515625,0.12802428007125854,-0.5983161330223083,-1.2801834344863892
1789225119656506400,21.13650634765625,0.09392569959163666,-0.20565834641456604,-0.6183710694313049
1789225119666544000,21.146544189453124,0.11722861975431442,-0.14581206440925598,0.22875195741653442
1789225119676583200,21.156583251953126,0.09468016773462296,-0.005629123654216528,0.05672639608383179
1789225119686621400,21.166621337890625,0.09186414629220963,-0.006512760184705257,-0.4600413739681244
1789225119696660200,21.17666015625,0.1520603746175766,0.24443477392196655,-0.844448983669281
1789225119706699300,21.18669921875,0.1302725225687027,0.2039792239665985,-0.49875813722610474
1789225119716737300,21.1967373046875,0.13214817643165588,-0.07935979962348938,0.2299138903617859
1789225119726776300,21.2067763671875,0.15887406468391418,-0.1561475247144699,0.47233930230140686
1789225119736815000,21.216815185546874,0.1971287876367569,0.05378147214651108,0.47218191623687744
1789225119746853400,21.226853271484377,0.2293383777141571,0.07785831391811371,0.5053316354751587
1789225119756892200,21.23689208984375,0.23220421373844147,-0.10613815486431122,0.5252358317375183
1789225119766930400,21.246930419921874,0.20543012022972107,-0.04231869429349899,0.38417962193489075
1789225119776969500,21.256969482421876,0.17045243084430695,-0.06918971985578537,0.07981520146131516
1789225119787008300,21.26700830078125,0.15617549419403076,-0.02834189310669899,-0.11003942042589188
1789225119797046500,21.277046630859374,0.1709459125995636,0.11192360520362854,-0.028025776147842407
1789225119807085300,21.287085205078125,0.2400759756565094,0.17256031930446625,0.07393573969602585
1789225119817124400,21.297124267578123,0.3129453957080841,0.2555742561817169,-0.15269367396831512
1789225119827162400,21.307162353515626,0.43280601501464844,0.24463210999965668,-0.6052718162536621
1789225119837201400,21.317201416015624,0.48269954323768616,0.2055627405643463,-0.6368529200553894
1789225119847239200,21.3272392578125,0.4467942714691162,0.23212191462516785,-0.12766848504543304
1789225119857278500,21.337278564453126,0.34712308645248413,0.4001207649707794,0.28561604022979736
1789225119867317200,21.347317138671876,0.35552215576171875,0.6896204948425293,0.32917922735214233
1789225119877355300,21.357355224609375,0.4475697875022888,-0.04968606308102608,-0.3129110336303711
1789225119887394300,21.367394287109374,0.5172511339187622,-0.10928574204444885,-1.1306226253509521
1789225119897433300,21.377433349609376,0.52399742603302,0.26704633235931396,-0.3204387426376343
1789225119907471400,21.387471435546875,0.5059726238250732,0.29146912693977356,0.6055748462677002
1789225119917510100,21.39751025390625,0.4642403721809387,0.45310649275779724,0.23876836895942688
1789225119927548400,21.40754833984375,0.3901941180229187,0.5349206924438477,-0.3276119530200958
1789225119937587200,21.417587158203126,0.4340529143810272,0.6950019598007202,-0.6079325675964355
1789225119947626200,21.427626220703125,0.29999417066574097,0.8251737952232361,-0.13798104226589203
1789225119957664300,21.437664306640624,0.37755075097084045,0.5150635838508606,0.1257169097661972
1789225119967703300,21.447703369140626,0.4601795971393585,0.41060298681259155,0.1891467571258545
1789225119977742300,21.457742431640625,0.5268446207046509,0.41510823369026184,-0.04826526716351509
1789225119987780400,21.4677802734375,0.540359377861023,0.45046916604042053,-0.17491722106933594
1789225119997819400,21.4778193359375,0.44932985305786133,0.2991859018802643,0.06187375262379646
1789225120007857400,21.487857421875,0.35864922404289246,0.2811874747276306,0.11462591588497162
1789225120017896400,21.497896484375,0.19708776473999023,0.45671001076698303,0.07516026496887207
1789225120027935200,21.507935302734374,0.23550386726856232,0.2962002456188202,-0.3826887905597687
1789225120037973500,21.517973388671876,0.2558043301105499,0.5034279823303223,-0.8260942101478577
1789225120048012300,21.52801220703125,0.1983863264322281,0.33579984307289124,-0.16243471205234528
1789225120058051300,21.53805126953125,0.23085638880729675,0.02533864602446556,0.4327831268310547
1789225120068089300,21.54808935546875,0.19586271047592163,0.18292561173439026,0.28453585505485535
1789225120078128400,21.55812841796875,0.1834409385919571,0.35483184456825256,0.09520880877971649
1789225120088166100,21.568166259765626,0.136173278093338,0.16327334940433502,0.16736821830272675
1789225120098205400,21.578205322265624,0.06240319088101387,0.07466891407966614,0.5568102598190308
1789225120108244500,21.588244384765623,-0.02899782918393612,0.07419859617948532,0.6538808941841125
1789225120118282200,21.5982822265625,-0.01320821326225996,0.27035027742385864,0.35939091444015503
1789225120128321500,21.608321533203124,0.07920879870653152,0.31955188512802124,-0.004735366906970739
1789225120138360300,21.6183603515625,0.1498536765575409,0.04086567461490631,0.04501381516456604
1789225120148398300,21.6283984375,0.19640733301639557,-0.06785228103399277,0.2503232955932617
1789225120158437400,21.638437255859376,0.16265122592449188,0.010392719879746437,0.14204661548137665
1789225120168475400,21.648475341796875,0.1480693519115448,0.2118094563484192,-0.17910663783550262
1789225120178514200,21.65851416015625,0.1269579529762268,0.2642742693424225,-0.2741556465625763
1789225120188553200,21.66855322265625,0.14506052434444427,0.2098270058631897,-0.3393429219722748
1789225120198591200,21.67859130859375,0.13320492208003998,0.3527204990386963,-0.7809717059135437
1789225120208630300,21.68863037109375,0.09562079608440399,0.3671114146709442,-0.829284131526947
1789225120218669300,21.69866943359375,0.0792069360613823,0.12767620384693146,-0.22757084667682648
1789225120228707300,21.708707275390626,0.10235300660133362,0.06438697874546051,0.09749619662761688
1789225120238746400,21.718746337890625,0.09792523086071014,0.21598875522613525,0.13467419147491455
1789225120248784400,21.728784423828124,0.1126226857304573,0.144166499376297,0.42509084939956665
1789225120258823400,21.738823486328126,0.09043242782354355,-0.04992974177002907,0.5151272416114807
1789225120268862500,21.748862548828125,0.006833671126514673,0.19938980042934418,0.018039986491203308
1789225120278900500,21.758900390625,-0.10975419729948044,0.2984876334667206,-0.25624269247055054
1789225120288939500,21.768939453125,-0.1697472184896469,0.037766288965940475,0.4350247085094452
1789225120298978300,21.778978271484377,-0.10569527000188828,-0.12641173601150513,0.7489264607429504
1789225120309016600,21.7890166015625,-0.03020370937883854,0.12892602384090424,0.293902188539505
1789225120319055400,21.799055419921874,0.06912767142057419,0.23491504788398743,-0.4701904058456421
1789225120329093400,21.80909326171875,-0.017707090824842453,0.12888367474079132,-0.15563993155956268
1789225120339132400,21.81913232421875,-0.08802306652069092,-0.2169317752122879,0.28104206919670105
1789225120349171500,21.82917138671875,-0.17607702314853668,-0.0895804837346077,-0.24459217488765717
1789225120359209200,21.839209228515625,-0.30001309514045715,0.22167088091373444,-0.6685665845870972
1789225120369248500,21.84924853515625,-0.22212015092372894,-0.11422457545995712,-0.347849041223526
1789225120379287600,21.85928759765625,-0.14473001658916473,-0.22000320255756378,-0.07348087430000305
1789225120389325300,21.8693251953125,-0.1038006991147995,-0.019412580877542496,-0.15697070956230164
1789225120399364400,21.8793642578125,-0.10475943237543106,-0.04381006583571434,0.0902276337146759
1789225120409402400,21.88940234375,-0.16912829875946045,-0.060916878283023834,0.4795205295085907
1789225120419441400,21.89944140625,-0.2528493106365204,0.04698694869875908,0.47279685735702515
1789225120429480200,21.909480224609375,-0.24353888630867004,0.09408841282129288,0.09536246955394745
1789225120439518500,21.9195185546875,-0.2390168458223343,0.14549247920513153,-0.02099875919520855
1789225120449557200,21.92955712890625,-0.21422041952610016,-0.031626634299755096,0.31396085023880005
1789225120459596300,21.93959619140625,-0.17238402366638184,-0.23320342600345612,0.6282806992530823
1789225120469634300,21.94963427734375,-0.18112078309059143,-0.24545077979564667,0.4649975001811981
1789225120479673300,21.95967333984375,-0.19519692659378052,-0.0667438730597496,-0.0346117727458477
1789225120489711400,21.96971142578125,-0.3043689429759979,-0.011655856855213642,-0.18895713984966278
1789225120499750400,21.97975048828125,-0.27534475922584534,-0.389276921749115,-0.09855160862207413
1789225120509789400,21.98978955078125,-0.23524154722690582,-0.6156690716743469,-0.633823037147522
1789225120519827500,21.999827392578126,-0.32850465178489685,-0.2192671000957489,-0.689857006072998
1789225120529866500,22.009866455078125,-0.3930546045303345,-0.0801723301410675,-0.17477473616600037
1789225120539904300,22.019904296875,-0.3760194480419159,-0.3899240791797638,0.11137259751558304
1789225120549943600,22.029943603515626,-0.3442854881286621,-0.3858132064342499,-0.23102256655693054
1789225120559982300,22.039982421875,-0.2830095887184143,-0.18290750682353973,-0.6467995047569275
1789225120570020400,22.050020263671875,-0.3366217017173767,-0.16640734672546387,0.037516217678785324
1789225120580059400,22.060059326171874,-0.3439110219478607,-0.42336219549179077,0.7678982615470886
1789225120590098400,22.070098388671877,-0.3518965244293213,-0.28078025579452515,0.6195071935653687
1789225120600136200,22.08013623046875,-0.28069132566452026,-0.2016281932592392,0.16785691678524017
1789225120610175500,22.090175537109374,-0.30395856499671936,-0.0863812267780304,-0.00746271014213562
1789225120620213500,22.100213623046876,-0.28422585129737854,-0.4380873441696167,0.43666574358940125
1789225120630252300,22.110252197265623,-0.22257661819458008,-0.6398478746414185,0.5432366728782654
1789225120640291300,22.120291259765626,-0.18785032629966736,-0.43941357731819153,0.04711904376745224
1789225120650329300,22.130329345703124,-0.1896439641714096,-0.05080645531415939,-0.4217693507671356
1789225120660368400,22.140368408203123,-0.2456289380788803,-0.14070332050323486,-0.23088940978050232
1789225120670407200,22.1504072265625,-0.28616783022880554,-0.35983434319496155,-0.2843917906284332
1789225120680445400,22.160445556640624,-0.3564271032810211,-0.26259326934814453,-0.4835405647754669
1789225120690484200,22.170484130859375,-0.3320908546447754,-0.30916157364845276,-0.436233252286911
1789225120700522500,22.1805224609375,-0.27101951837539673,-0.37981417775154114,-0.17705067992210388
1789225120710561500,22.1905615234375,-0.18265396356582642,-0.3564228415489197,-0.03262052685022354
1789225120720600300,22.200600341796875,-0.1432809978723526,-0.30752134323120117,0.13578686118125916
1789225120730638600,22.210638671875,-0.1721627116203308,-0.17276272177696228,0.39612069725990295
1789225120740677400,22.220677490234376,-0.20481014251708984,-0.18831025063991547,0.6362371444702148
1789225120750716400,22.23071630859375,-0.1685677021741867,-0.11268340796232224,0.23413367569446564
1789225120760754400,22.24075439453125,-0.1279209405183792,0.0017928400775417686,-0.29166701436042786
1789225120770793500,22.25079345703125,-0.1173924058675766,-0.13480708003044128,0.04788177087903023
1789225120780831200,22.260831298828126,-0.09256428480148315,-0.22215290367603302,0.5836930274963379
1789225120790870500,22.27087060546875,-0.0879753977060318,-0.23258531093597412,0.455809086561203
1789225120800909300,22.280909423828124,-0.035285018384456635,-0.20282235741615295,-0.22591009736061096
1789225120810947300,22.290947265625,-0.0740252286195755,0.03590952977538109,-0.41266587376594543
1789225120820986600,22.300986572265625,-0.12412381172180176,0.017467940226197243,-0.058334413915872574
1789225120831024400,22.3110244140625,-0.14350496232509613,-0.06349535286426544,0.09250596165657043
1789225120841063400,22.3210634765625,-0.06614067405462265,-0.09573957324028015,-0.37835848331451416
1789225120851102500,22.3311025390625,0.01871136948466301,-0.036003805696964264,-0.8415815234184265
1789225120861140500,22.341140380859375,-0.034035731106996536,-0.01272618118673563,-0.39044710993766785
1789225120871179300,22.35117919921875,-0.0710344985127449,-0.07869401574134827,0.2545214891433716
1789225120881218600,22.361218505859377,-0.11796951293945312,-0.09119542688131332,0.1177668496966362
1789225120891256300,22.37125634765625,-0.11703953891992569,-0.01792413927614689,-0.26527640223503113
1789225120901295400,22.38129541015625,-0.09103323519229889,0.1463974267244339,-0.4903191030025482
1789225120911333400,22.39133349609375,-0.08961617201566696,0.07161719352006912,-0.010862767696380615
1789225120921372400,22.401372314453123,-0.03533748537302017,-0.0723106786608696,0.431681364774704
1789225120931411500,22.411411376953126,-0.07291068881750107,0.009631055407226086,0.34995320439338684
1789225120941449500,22.421449462890624,-0.08610798418521881,0.08161550015211105,0.2805536389350891
1789225120951488500,22.431488525390623,-0.11695031821727753,-0.07617413252592087,0.3193633556365967
1789225120961527300,22.44152734375,-0.11209564656019211,-0.03886564075946808,0.19892588257789612
1789225120971565600,22.451565673828124,-0.08422113955020905,-0.09142711758613586,0.008839830756187439
1789225120981604400,22.461604248046875,-0.07159695774316788,0.008349808864295483,-0.1465633362531662
1789225120991642400,22.471642333984374,-0.08754929155111313,-0.04625378176569939,-0.17579606175422668
1789225121001681400,22.481681396484376,-0.13311678171157837,-0.02225603722035885,-0.22200269997119904
1789225121011720400,22.491720458984375,-0.15691451728343964,-0.05549974367022514,-0.06741312891244888
1789225121021758200,22.50175830078125,-0.10178574919700623,-0.12500984966754913,-0.032696161419153214
1789225121031797500,22.511797607421876,-0.022665897384285927,0.015455921180546284,-0.2691686153411865
1789225121041835300,22.521835205078126,0.019123626872897148,0.05730563402175903,-0.2974260747432709
1789225121051874300,22.531874267578125,-0.0046610645949840546,-0.04712117463350296,0.3038507103919983
1789225121061913600,22.54191357421875,-0.04932946711778641,-0.22995170950889587,0.36150574684143066
1789225121071951400,22.551951416015626,-0.1541658639907837,0.07662979513406754,0.08613727986812592
1789225121081990400,22.561990478515625,-0.16175401210784912,-0.11884276568889618,-0.06660112738609314
1789225121092029400,22.572029541015624,-0.12703518569469452,-0.13570855557918549,-0.10586864501237869
1789225121102067500,22.5820673828125,-0.09489348530769348,-0.09812869876623154,0.24496687948703766
1789225121112106200,22.592106201171877,-0.02496500499546528,-0.2200964093208313,0.43521803617477417
1789225121122144500,22.60214453125,0.037321537733078,-0.0989564061164856,0.15452273190021515
1789225121132183300,22.612183349609374,0.08587123453617096,0.09603145718574524,-0.4109313488006592
1789225121142222300,22.622222412109377,0.057083792984485626,-0.03098641149699688,-0.47058722376823425
1789225121152260400,22.63226025390625,0.007245928514748812,-0.04466360807418823,-0.07995209097862244
1789225121162299400,22.64229931640625,-0.04304014518857002,0.11840441077947617,0.05899327993392944
1789225121172337400,22.65233740234375,-0.037632331252098083,0.3978584110736847,0.2732459306716919
1789225121182376400,22.66237646484375,0.06183939799666405,0.24548326432704926,0.14785045385360718
1789225121192415500,22.67241552734375,0.20705091953277588,0.006302370689809322,-0.2760225236415863
1789225121202453200,22.682453369140624,0.2665725648403168,0.028315261006355286,-0.593106746673584
1789225121212492500,22.692492431640623,0.20857824385166168,-0.04349075257778168,0.13701936602592468
1789225121222531300,22.70253125,0.12216878682374954,0.13914936780929565,0.582038938999176
1789225121232569300,22.7125693359375,0.05655675381422043,0.25397902727127075,0.41914212703704834
1789225121242608400,22.7226083984375,0.055694688111543655,0.23241087794303894,-0.09005772322416306
1789225121252646400,22.732646484375,0.12060923874378204,0.43082064390182495,-0.36406636238098145
1789225121262685200,22.742685302734376,0.08653675764799118,0.20582692325115204,0.056712016463279724
1789225121272724500,22.752724365234375,0.12084545940160751,0.10536050796508789,0.4613543152809143
1789225121282762200,22.76276220703125,0.16348932683467865,0.07576000690460205,0.3529146611690521
1789225121292801300,22.77280126953125,0.2308846116065979,0.14048653841018677,-0.01895531453192234
1789225121302839300,22.78283935546875,0.21301932632923126,-0.08771680295467377,-0.6988329291343689
1789225121312878300,22.79287841796875,0.1343756467103958,-0.21275514364242554,-0.7300563454627991
1789225121322917400,22.80291748046875,0.05992565304040909,-0.10821249336004257,-0.26971617341041565
1789225121332955400,22.812955322265626,-0.01507136132568121,0.23666952550411224,-0.28944724798202515
1789225121342994400,22.822994384765625,0.05763320252299309,0.4066101014614105,-0.15360820293426514
1789225121353033200,22.833033203125,0.18709984421730042,0.3105674684047699,-0.1747949719429016
1789225121363071500,22.843071533203126,0.3207809329032898,0.28679367899894714,-0.20384101569652557
1789225121373110300,22.8531103515625,0.3062922954559326,0.24299293756484985,-0.18092398345470428
1789225121383148500,22.8631484375,0.10655546933412552,0.21081475913524628,0.25365516543388367
1789225121393187300,22.873187255859374,-0.009178318083286285,-0.06216643378138542,0.579585075378418
1789225121403226400,22.883226318359377,-0.0835963562130928,-0.18104781210422516,0.5574597716331482
1789225121413264600,22.8932646484375,-0.09838222712278366,0.012501676566898823,0.36425918340682983
1789225121423303400,22.903303466796874,-0.024388963356614113,0.09194989502429962,0.10115697979927063
1789225121433341400,22.913341552734376,0.02731657586991787,-0.021286379545927048,0.2122078686952591
1789225121443380500,22.92338037109375,0.09602506458759308,-0.006879477761685848,0.4630257189273834
1789225121453419500,22.93341943359375,0.08722065389156342,-0.03705469146370888,0.15372751653194427
1789225121463457300,22.943457275390625,0.11852877587080002,0.07192399352788925,-0.7459865808486938
1789225121473496300,22.953496337890623,-0.034260235726833344,0.12161751091480255,-0.8178820610046387
1789225121483535400,22.963535400390626,-0.07029519975185394,-0.06885229796171188,-0.18297913670539856
1789225121493573400,22.973573486328124,-0.05864653363823891,-0.1898631453514099,-0.19125224649906158
1789225121503612200,22.983612060546875,-0.07463562488555908,0.06886108964681625,-0.3478282690048218
1789225121513650400,22.993650390625,0.034377146512269974,-0.13728807866573334,-0.49081870913505554
1789225121523689500,23.003689453125,-0.0329773910343647,-0.0920843854546547,-0.25964808464050293
1789225121533728300,23.013728271484375,-0.116707444190979,-0.16846437752246857,0.2362077385187149
1789225121543766500,23.0237666015625,-0.1903744637966156,-0.19173561036586761,0.40688228607177734
1789225121553805300,23.033805419921876,-0.22870801389217377,-0.2655661702156067,0.4027588963508606
1789225121563843600,23.043843505859375,-0.2057046890258789,-0.27222007513046265,0.22503764927387238
1789225121573882400,23.05388232421875,-0.23374351859092712,-0.17344555258750916,0.13106641173362732
1789225121583921400,23.06392138671875,-0.21182197332382202,-0.41148608922958374,0.38163498044013977
1789225121593959400,23.07395947265625,-0.22529757022857666,-0.49947214126586914,0.388011634349823
1789225121603998500,23.08399853515625,-0.29548385739326477,-0.3321340084075928,0.2008393555879593
1789225121614037500,23.09403759765625,-0.291766881942749,-0.4449119567871094,-0.07254397124052048
1789225121624075500,23.104075439453126,-0.31446579098701477,-0.28603067994117737,-0.2747010588645935
1789225121634114600,23.114114501953125,-0.3065974712371826,-0.32363027334213257,-0.10999254882335663
1789225121644152300,23.12415234375,-0.23137223720550537,-0.4210857152938843,0.057852648198604584
1789225121654191600,23.134191650390626,-0.17105484008789062,-0.34767407178878784,0.09369213879108429
1789225121664230400,23.14423046875,-0.12869779765605927,-0.33792316913604736,0.07028321921825409
1789225121674268400,23.154268310546875,-0.09635502845048904,-0.3900172710418701,-0.1352156102657318
1789225121684307500,23.164307373046874,-0.13382437825202942,-0.3413788974285126,-0.2609463632106781
1789225121694345500,23.174345458984376,-0.17915217578411102,-0.29526466131210327,0.015986690297722816
1789225121704384300,23.18438427734375,-0.1766916811466217,-0.3016061782836914,0.35223686695098877
1789225121714423300,23.19442333984375,-0.10421694815158844,-0.3793225586414337,0.192939892411232
1789225121724461300,23.20446142578125,-0.07158683240413666,-0.2113327533006668,-0.16989769041538239
1789225121734500400,23.214500244140623,-0.06944139301776886,-0.178724467754364,-0.12014744430780411
1789225121744539400,23.224539306640626,-0.059601809829473495,-0.21135325729846954,0.2774542570114136
1789225121754577400,23.234577392578124,0.02569684199988842,-0.3112223148345947,0.10567715764045715
1789225121764616400,23.244616455078123,0.07029147446155548,-0.08122055232524872,-0.2967294156551361
1789225121774654500,23.254654541015626,0.08405468612909317,-0.022912239655852318,-0.4788014590740204
1789225121784693500,23.264693603515624,0.021036310121417046,-0.12209341675043106,0.07750570774078369
1789225121794732300,23.274732177734375,-0.015119298361241817,-0.2321741133928299,0.45783519744873047
1789225121804770600,23.2847705078125,-0.047618649899959564,-0.09287641197443008,0.29174715280532837
1789225121814809300,23.294809326171876,0.0013065468519926071,0.01290514599531889,0.056644368916749954
1789225121824847400,23.304847412109375,0.06902433931827545,-0.09140394628047943,-0.07713313400745392
1789225121834886400,23.314886474609374,0.08052600175142288,-0.12921683490276337,0.08303762972354889
1789225121844925400,23.324925537109376,0.023519175127148628,-0.11617347598075867,0.4765028953552246
1789225121854963200,23.334963134765626,0.013002084568142891,-0.21359030902385712,0.371455579996109
1789225121865002500,23.34500244140625,0.052326053380966187,-0.09229318052530289,-0.11699692904949188
1789225121875040300,23.355040283203124,0.06828078627586365,-0.06484077870845795,-0.3043074309825897
1789225121885079300,23.365079345703126,0.0900513306260109,-0.21155938506126404,0.3196735978126526
1789225121895118600,23.37511865234375,0.11326983571052551,-0.2605189383029938,0.3706054985523224
1789225121905156400,23.38515625,0.10402706265449524,0.020899156108498573,0.14557556807994843
1789225121915195400,23.3951953125,0.15671931207180023,-0.08768084645271301,-0.10557063668966293
1789225121925233400,23.4052333984375,0.19447360932826996,-0.11773781478404999,-0.5226752161979675
1789225121935272400,23.4152724609375,0.1470738649368286,0.13953818380832672,-0.8424792885780334
1789225121945311200,23.425311279296874,0.0900084525346756,0.09075227379798889,-0.25386983156204224
1789225121955349500,23.435349609375,0.14054113626480103,-0.037276264280080795,0.38035425543785095
1789225121965388300,23.44538818359375,0.22035953402519226,-0.011692608706653118,0.17372332513332367
1789225121975427300,23.45542724609375,0.33308979868888855,0.24614346027374268,-0.3830944001674652
1789225121985465300,23.46546533203125,0.3995971977710724,0.20950208604335785,-0.37428784370422363
1789225121995504400,23.47550439453125,0.2941107153892517,0.23028087615966797,0.7260333895683289
1789225122005542400,23.48554248046875,0.2419857382774353,-0.08244746923446655,0.7217246294021606
1789225122015581400,23.49558154296875,0.20387856662273407,0.21655014157295227,0.18077510595321655
1789225122025620500,23.505620361328123,0.16542544960975647,0.17804883420467377,-0.596393883228302
1789225122035658200,23.515658203125,0.16011163592338562,0.2608630061149597,-0.5266161561012268
1789225122045697500,23.525697509765624,0.2438877671957016,-0.05434979125857353,0.34172511100769043
1789225122055735300,23.5357353515625,0.2859097719192505,-0.13672615587711334,0.3608551323413849
1789225122065774300,23.5457744140625,0.27016809582710266,0.2678951025009155,-0.059834036976099014
1789225122075813400,23.5558134765625,0.2836463749408722,0.28707146644592285,-0.3717527985572815
1789225122085851400,23.565851318359375,0.22086313366889954,0.3732476234436035,-0.6548806428909302
1789225122095890200,23.57589013671875,0.16396203637123108,0.20958411693572998,-0.4257481098175049
1789225122105928400,23.585928466796876,0.16249437630176544,0.09037410467863083,0.26830920577049255
1789225122115967500,23.595967529296875,0.19613702595233917,0.11765366047620773,0.26004090905189514
1789225122126006300,23.60600634765625,0.2187507152557373,0.4425036609172821,0.06514864414930344
1789225122136044500,23.61604443359375,0.23293684422969818,0.3276476263999939,-0.11755672097206116
1789225122146083300,23.626083251953126,0.1665993630886078,0.07520128041505814,0.1993218958377838
1789225122156122400,23.636122314453125,0.12005263566970825,-0.09254751354455948,0.21848173439502716
1789225122166160400,23.646160400390624,0.018576081842184067,0.07561779767274857,0.06782032549381256
1789225122176199400,23.656199462890626,0.003940945956856012,-0.034688472747802734,0.169439896941185
1789225122186237400,23.666237548828125,0.025202292948961258,-0.07588783651590347,0.19505365192890167
1789225122196276500,23.6762763671875,0.021222731098532677,0.03789385408163071,0.02472265623509884
1789225122206315500,23.6863154296875,0.0015590144321322441,0.16315829753875732,-0.22965769469738007
1789225122216353500,23.696353515625,-0.04020600765943527,0.1641244888305664,-0.21976324915885925
1789225122226392600,23.706392578125,-0.039207588881254196,0.0013829795643687248,-0.16847583651542664
1789225122236430300,23.716430419921874,-0.013361345045268536,-0.044675059616565704,-0.18792755901813507
1789225122246469400,23.726469482421876,0.04023583605885506,-0.19037766754627228,-0.32734084129333496
1789225122256508700,23.7365087890625,0.0026911243330687284,-0.11240164190530777,-0.12789112329483032
1789225122266546400,23.74654638671875,-0.037869617342948914,-0.1732942909002304,-0.021264275535941124
1789225122276585500,23.75658544921875,-0.13971608877182007,-0.05198969691991806,0.09283806383609772
1789225122286623500,23.76662353515625,-0.18215036392211914,-0.11566401273012161,0.25192517042160034
1789225122296662500,23.77666259765625,-0.1693112701177597,-0.010133327916264534,0.04856620356440544
1789225122306701300,23.786701416015624,-0.1050071120262146,0.09795718640089035,-0.28269055485725403
1789225122316739600,23.796739501953127,-0.0915171355009079,-0.09955748170614243,0.00950775109231472
1789225122326778400,23.8067783203125,-0.09455979615449905,-0.25308898091316223,0.3303704559803009
1789225122336816600,23.816816650390624,-0.14258670806884766,-0.1616102010011673,0.25396090745925903
1789225122346855700,23.826855712890627,-0.13350559771060944,-0.338136225938797,0.05371489375829697
1789225122356894500,23.83689453125,-0.13452932238578796,-0.20670656859874725,-0.14817428588867188
1789225122366932700,23.8469326171875,-0.14956898987293243,-0.1564042568206787,-0.0928788110613823
1789225122376971500,23.856971435546875,-0.14831729233264923,-0.03338592126965523,-0.04868657886981964
1789225122387009500,23.867009521484373,-0.13398043811321259,0.0051683965139091015,0.09935854375362396
1789225122397048600,23.877048583984376,-0.10405129939317703,-0.1080566942691803,0.03142929449677467
1789225122407087600,23.887087646484375,-0.0994994267821312,-0.09392169862985611,-0.3150487542152405
1789225122417125400,23.89712548828125,-0.14335928857326508,-0.18522684276103973,-0.16813121736049652
1789225122427164700,23.90716455078125,-0.13811659812927246,-0.3072936236858368,0.5612865090370178
1789225122437203500,23.917203369140626,-0.08798471838235855,-0.4023250639438629,0.47453561425209045
1789225122447241500,23.927241455078125,-0.07505400478839874,-0.03117576241493225,0.004259459674358368
1789225122457280500,23.937280517578124,-0.06065376102924347,0.04267449304461479,-0.1661847084760666
1789225122467318500,23.947318603515626,-0.07629663497209549,-0.05811523273587227,0.3012184202671051
1789225122477357600,23.957357666015625,-0.047335024923086166,-0.12319304049015045,0.3494642674922943
1789225122487396400,23.967396240234375,0.007252586539834738,-0.008474977687001228,-0.03455185145139694
1789225122497434600,23.9774345703125,0.08793864399194717,0.06287403404712677,-0.3488389551639557
1789225122507473400,23.987473388671877,0.11625656485557556,-0.07805778086185455,-0.28219494223594666
1789225122517511700,23.99751171875,0.0648394525051117,-0.09973671287298203,-0.005738845560699701
1789225122527550500,24.007550537109374,-0.05999862030148506,-0.011118165217339993,0.08230392634868622
1789225122537589500,24.017589599609376,-0.10242677479982376,0.05283711478114128,0.12083214521408081
1789225122547627500,24.02762744140625,-0.08104585111141205,-0.07798534631729126,-0.07514508068561554
1789225122557666600,24.03766650390625,0.07326409220695496,-0.02474369667470455,-0.5164678692817688
1789225122567704300,24.047704345703124,0.1755017787218094,-0.04505003243684769,-0.36856526136398315
1789225122577743600,24.05774365234375,0.21420736610889435,0.05657725781202316,0.40873265266418457
1789225122587782700,24.06778271484375,0.22263148427009583,0.1785857230424881,0.3367553949356079
1789225122597820400,24.0778203125,0.2078424096107483,0.4074769616127014,-0.024950357154011726
1789225122607859700,24.087859619140627,0.2018662840127945,0.40056392550468445,-0.23887169361114502
1789225122617897500,24.0978974609375,0.12417973577976227,0.3279762864112854,0.11804887652397156
1789225122627936500,24.1079365234375,0.12226466089487076,0.22776924073696136,0.29286569356918335
1789225122637975600,24.1179755859375,0.15119831264019012,0.24062566459178925,0.14731009304523468
1789225122648013600,24.128013671875,0.220229834318161,0.24917493760585785,-0.04875155910849571
1789225122658052400,24.13805224609375,0.249968022108078,0.2992066740989685,-0.12519386410713196
1789225122668090600,24.148090576171874,0.21267232298851013,0.3458298444747925,0.12051842361688614
1789225122678129400,24.15812939453125,0.21626491844654083,0.26108404994010925,0.1164856031537056
1789225122688168400,24.16816845703125,0.19806008040905,0.3909696340560913,-0.15710332989692688
1789225122698206500,24.17820654296875,0.21052607893943787,0.4994814395904541,-0.2843089699745178
1789225122708245500,24.18824560546875,0.23911111056804657,0.32794803380966187,-0.1539381593465805
1789225122718283500,24.198283447265624,0.25754737854003906,0.3347875773906708,-0.10800156742334366
1789225122728322600,24.208322509765626,0.1992875337600708,0.3877413272857666,-0.021439511328935623
1789225122738361600,24.218361572265625,0.17467087507247925,0.3423222005367279,-0.17154085636138916
1789225122748399600,24.228399658203124,0.15829908847808838,0.46325021982192993,-0.1844201683998108
1789225122758438700,24.238438720703126,0.16281794011592865,0.2644188702106476,0.1459585428237915
1789225122768476400,24.248476318359376,0.22009961307048798,0.21450111269950867,0.07062463462352753
1789225122778515500,24.258515380859375,0.17793963849544525,0.35114923119544983,-0.027630561962723732
1789225122788554500,24.268554443359374,0.12419039011001587,0.257811039686203,0.20532040297985077
1789225122798592500,24.278592529296876,0.08599133789539337,0.0858943983912468,0.20569004118442535
1789225122808631300,24.28863134765625,0.03948988392949104,0.3564430773258209,0.0031135017052292824
1789225122818669600,24.298669677734374,0.053637128323316574,0.27102911472320557,0.025019865483045578
1789225122828708400,24.308708251953124,0.087269127368927,0.2717646658420563,0.09227053821086884
1789225122838747400,24.318747314453127,0.08250792324542999,0.25635427236557007,0.10833606123924255
1789225122848785700,24.32878564453125,0.1258719116449356,0.11161015182733536,-0.1577499508857727
1789225122858824400,24.338824462890624,0.06772977858781815,0.05012521892786026,-0.2428368777036667
1789225122868863500,24.348863525390627,0.011185276322066784,0.05477163568139076,-0.0145272770896554
1789225122878901500,24.358901611328125,-0.04603273794054985,0.07956619560718536,0.21750275790691376
1789225122888940500,24.3689404296875,-0.042453184723854065,0.1156323254108429,0.10053699463605881
1789225122898978600,24.378978515625,-0.01230380404740572,0.19535325467586517,-0.22870667278766632
1789225122909017600,24.389017578125,0.04159298166632652,0.23388946056365967,-0.6931366920471191
1789225122919056400,24.399056396484376,0.020310597494244576,-0.020719924941658974,-0.23564474284648895
1789225122929094700,24.4090947265625,0.0032288164366036654,-0.06114111840724945,0.4131971597671509
1789225122939133400,24.419133544921873,-0.01053493283689022,0.00452843913808465,0.2439519464969635
1789225122949171500,24.42917138671875,0.004448810592293739,0.11856739223003387,-0.11503071337938309
1789225122959210800,24.439210693359374,-0.015783224254846573,0.17672523856163025,-0.09323380887508392
1789225122969249500,24.44924951171875,-0.03630287945270538,-0.07636161893606186,0.0632772371172905
1789225122979287600,24.45928759765625,-0.038660842925310135,0.03458860516548157,-0.17310680449008942
1789225122989326600,24.46932666015625,-0.06874843686819077,0.08063998818397522,-0.11476360261440277
1789225122999364600,24.479364501953125,-0.026074210181832314,-0.014574681408703327,0.18516239523887634
1789225123009403400,24.4894033203125,0.0036602485924959183,-0.027274496853351593,0.1452951431274414
1789225123019442400,24.4994423828125,0.018924688920378685,0.07261987775564194,-0.09293419867753983
1789225123029480400,24.50948046875,0.007524229120463133,-0.002201635157689452,-0.24829423427581787
1789225123039519500,24.51951953125,-0.0563836470246315,0.023800404742360115,0.10742499679327011
1789225123049557500,24.5295576171875,-0.02943378873169422,-0.20815666019916534,0.3303872346878052
1789225123059596500,24.539596435546876,-0.0034077810123562813,-0.036384373903274536,-0.029635390266776085
1789225123069635600,24.549635498046875,0.005108742043375969,0.06072593107819557,-0.40652087330818176
1789225123079673600,24.559673583984374,-0.050565704703330994,-0.07966712862253189,-0.04977954179048538
1789225123089712600,24.569712646484376,-0.07351469993591309,-0.09082311391830444,0.4284171164035797
1789225123099750400,24.57975048828125,-0.06203913688659668,-0.028869731351733208,0.2926137447357178
1789225123109789700,24.589789794921874,0.04306944087147713,0.08056808263063431,-0.14816071093082428
1789225123119828500,24.599828369140624,0.11533964425325394,0.189911887049675,-0.34487882256507874
1789225123129866500,24.609866455078127,0.11780679225921631,-0.1355716735124588,0.03387700766324997
1789225123139905500,24.619905517578125,0.07178284227848053,-0.2563508152961731,-0.09062497317790985
1789225123149943600,24.629943603515624,-0.07059986889362335,-0.040702953934669495,-0.0828876942396164
1789225123159982300,24.639982421875,-0.1329447329044342,-0.050633881241083145,0.23861762881278992
1789225123170021600,24.650021728515625,-0.1021609902381897,-0.08320487290620804,0.3873580992221832
1789225123180059400,24.660059326171876,-0.0008141283178701997,-0.03524081036448479,0.028492361307144165
1789225123190098400,24.670098388671875,0.1712343394756317,0.1666286587715149,-0.4125249683856964
1789225123200136400,24.680136474609377,0.1573837697505951,0.17726612091064453,0.13111567497253418
1789225123210175500,24.690175537109376,0.14531885087490082,-0.007273625582456589,0.6147686243057251
1789225123220214500,24.700214599609374,0.12923868000507355,-0.04579491913318634,0.18270030617713928
1789225123230252500,24.71025244140625,-0.01335628516972065,0.007748999632894993,-0.42851272225379944
1789225123240291600,24.72029150390625,-0.08038405328989029,0.032707612961530685,-0.29180896282196045
1789225123250329600,24.73032958984375,-0.01714250072836876,-0.10982103645801544,0.2884533703327179
1789225123260368600,24.74036865234375,0.0943150520324707,-0.24631017446517944,0.183317631483078
1789225123270407400,24.750407470703124,0.14144740998744965,0.018824288621544838,-0.30770987272262573
1789225123280445700,24.76044580078125,0.1187404990196228,0.23403246700763702,-0.1429169476032257
1789225123290484500,24.770484375,0.0831255093216896,0.01654408872127533,0.2161054015159607
1789225123300522500,24.7805224609375,0.06966030597686768,0.05213057994842529,0.11781798303127289
1789225123310561500,24.7905615234375,0.0754321739077568,0.10054418444633484,-0.26929140090942383
1789225123320600600,24.8006005859375,0.11559690535068512,-0.022780945524573326,-0.2851686179637909
1789225123330638300,24.810638427734375,0.16197745501995087,-0.10193195939064026,0.09416724741458893
1789225123340677400,24.820677490234374,0.17502374947071075,-0.007165235001593828,0.10942529141902924
1789225123350715600,24.830715576171876,0.15353895723819733,0.20682455599308014,0.2207249253988266
1789225123360754400,24.84075439453125,0.21742312610149384,0.09181274473667145,0.08848033100366592
1789225123370793500,24.85079345703125,0.2643144726753235,0.1751031130552292,-0.28352704644203186
1789225123380831500,24.86083154296875,0.23609454929828644,0.25455158948898315,-0.46500471234321594
1789225123390870500,24.87087060546875,0.1547168791294098,0.23074133694171906,0.01672704890370369
1789225123400908500,24.880908447265625,0.16796636581420898,0.06378696858882904,0.3362608253955841
1789225123410947600,24.890947509765624,0.1942823976278305,0.1252434104681015,0.20316030085086823
1789225123420986400,24.900986328125,0.20712575316429138,0.3093024492263794,-0.020537499338388443
1789225123431024600,24.911024658203125,0.30142083764076233,0.24340306222438812,-0.2939155101776123
1789225123441063700,24.921063720703124,0.32019132375717163,0.12290488183498383,0.04132480174303055
1789225123451101400,24.931101318359374,0.2997733950614929,0.13907933235168457,0.37453871965408325
1789225123461140700,24.941140625,0.2634745240211487,0.24763216078281403,0.03580833226442337
1789225123471178500,24.951178466796875,0.25670209527015686,0.4458469748497009,-0.2101745456457138
1789225123481217500,24.961217529296874,0.23862536251544952,0.24423983693122864,0.11286050826311111
1789225123491256600,24.971256591796877,0.2941855490207672,0.10574054718017578,0.12033013999462128
1789225123501294600,24.981294677734375,0.2842855155467987,0.24284380674362183,-0.09993086010217667
1789225123511333400,24.99133349609375,0.2741876244544983,0.22987687587738037,-0.10079691559076309
1789225123521371600,25.00137158203125,0.22614897787570953,0.1777801215648651,0.09814015030860901
1789225123531410400,25.011410400390623,0.18705964088439941,0.21099638938903809,-0.016884440556168556
1789225123541449500,25.021449462890626,0.17472174763679504,0.3655087351799011,-0.09096532315015793
1789225123551487500,25.031487548828125,0.2518085241317749,0.24173513054847717,-0.023676833137869835
1789225123561526500,25.041526611328123,0.3385000228881836,0.21566811203956604,0.08518680185079575
1789225123571564500,25.051564453125,0.3650940954685211,0.26395174860954285,0.23698511719703674
1789225123581603600,25.061603515625,0.35886842012405396,0.260985791683197,0.2701238989830017
1789225123591642600,25.071642578125,0.3069674074649811,0.2851329445838928,0.2005290985107422
1789225123601680600,25.0816806640625,0.24711577594280243,0.23371315002441406,-0.11785472929477692
1789225123611719700,25.0917197265625,0.18555840849876404,0.45546790957450867,-0.5106329321861267
1789225123621757400,25.10175732421875,0.1263105273246765,0.44010627269744873,-0.09749672561883926
1789225123631796500,25.11179638671875,0.20773987472057343,0.23720376193523407,0.360172301530838
1789225123641835500,25.12183544921875,0.3151624798774719,0.25843608379364014,0.029170667752623558
1789225123651873500,25.13187353515625,0.392411470413208,0.45619308948516846,-0.4540974497795105
1789225123661912300,25.141912353515625,0.3696688711643219,0.2681848406791687,-0.21208828687667847
1789225123671950600,25.15195068359375,0.2972063720226288,0.15986263751983643,0.3252779543399811
1789225123681989400,25.1619892578125,0.1491442173719406,0.2346774935722351,0.17617769539356232
1789225123692028400,25.1720283203125,0.04939071834087372,0.48252537846565247,-0.16096624732017517
1789225123702066400,25.18206640625,0.13385580480098724,0.41095131635665894,-0.4738019108772278
1789225123712105500,25.19210546875,0.1956920027732849,0.24477192759513855,-0.34693506360054016
1789225123722143500,25.2021435546875,0.3121970593929291,0.08656737953424454,0.02449389174580574
1789225123732182500,25.2121826171875,0.2967347204685211,0.29416078329086304,0.1362883299589157
1789225123742221600,25.2222216796875,0.24693068861961365,0.44587042927742004,0.08590053021907806
1789225123752259600,25.232259521484377,0.15548253059387207,0.5223824977874756,0.29842984676361084
1789225123762298600,25.242298583984375,0.0827164500951767,0.548878014087677,0.29818376898765564
1789225123772336400,25.25233642578125,0.06517447531223297,0.3253602385520935,0.02616715617477894
1789225123782375700,25.262375732421877,0.07249843329191208,0.2764430344104767,-0.31511613726615906
1789225123792414500,25.27241455078125,0.08006873726844788,0.12751615047454834,-0.018705245107412338
1789225123802452500,25.282452392578126,0.11243946105241776,-0.008279235102236271,0.47431591153144836
1789225123812491500,25.292491455078125,0.08111722022294998,0.05859753116965294,0.3016964793205261
1789225123822529500,25.302529541015623,0.026101907715201378,0.25573617219924927,-0.12395256757736206
1789225123832568300,25.312568359375,0.006264820229262114,0.3300870954990387,-0.29510462284088135
1789225123842607600,25.322607666015625,-0.05216732993721962,0.26403698325157166,0.014253770932555199
1789225123852645600,25.332645751953127,-0.019165439531207085,0.1518814116716385,-0.0005083974683657289
1789225123862684400,25.342684326171874,0.04662182927131653,0.29587745666503906,-0.2216319888830185
1789225123872722700,25.35272265625,0.14250734448432922,0.11953971534967422,-0.40145501494407654
1789225123882761500,25.362761474609375,0.17696146667003632,-0.006846454460173845,-0.5168330073356628
1789225123892799500,25.372799560546873,0.0403897687792778,0.14866191148757935,-0.06569485366344452
1789225123902838500,25.382838623046876,-0.11717136204242706,0.32431310415267944,0.42058610916137695
1789225123912877600,25.392877685546875,-0.22363469004631042,0.46008798480033875,0.6069144606590271
1789225123922915600,25.40291552734375,-0.16347627341747284,0.41503793001174927,0.6920085549354553
1789225123932954600,25.41295458984375,0.060133643448352814,-0.1427965611219406,0.1694212555885315
1789225123942992400,25.422992431640626,0.10229574143886566,-0.07450299710035324,-0.537746787071228
1789225123953031400,25.433031494140625,0.07001983374357224,-0.03976712003350258,0.059170644730329514
1789225123963070700,25.44307080078125,-0.027031883597373962,-0.12075384706258774,0.4356670379638672
1789225123973108500,25.4531083984375,-0.18131385743618011,0.17820489406585693,0.34725064039230347
1789225123983147500,25.4631474609375,-0.2710011303424835,0.21675440669059753,-0.041664354503154755
1789225123993185500,25.473185546875,-0.12637577950954437,0.17452466487884521,-0.3860718011856079
1789225124003224600,25.483224609375,-0.04929031804203987,0.0971321389079094,-0.44670000672340393
1789225124013263400,25.493263427734377,0.0436694510281086,0.03652925044298172,-0.43577811121940613
1789225124023301600,25.503301513671875,0.04201003536581993,0.07184196263551712,-0.18277780711650848
1789225124033340400,25.51334033203125,-0.002040247665718198,-0.032281775027513504,0.010931743308901787
1789225124043378700,25.523378662109376,-0.10225766152143478,0.09838569164276123,-0.14467595517635345
1789225124053417500,25.53341748046875,-0.17331533133983612,0.14391270279884338,-0.27875787019729614
1789225124063456500,25.54345654296875,-0.19529733061790466,0.07789639383554459,-0.05205707624554634
1789225124073494500,25.55349462890625,-0.12207930535078049,-0.006422212813049555,0.29653605818748474
1789225124083533600,25.563533447265623,-0.06724827736616135,0.052380383014678955,0.3592098355293274
1789225124093571300,25.5735712890625,-0.056464340537786484,0.047018639743328094,0.3339204490184784
1789225124103610600,25.583610595703124,-0.07779599726200104,0.07369126379489899,0.12294003367424011
1789225124113648400,25.5936484375,-0.15690280497074127,0.032639168202877045,0.0003534014686010778
1789225124123687400,25.6036875,-0.23485618829727173,-0.07494401931762695,0.15704181790351868
1789225124133726700,25.613726806640624,-0.2465844750404358,-0.19387252628803253,0.004490622319281101
1789225124143764500,25.623764404296875,-0.2421729564666748,-0.02822231687605381,-0.1674494445323944
1789225124153803500,25.633803466796873,-0.22844089567661285,-0.04825488105416298,-0.10901303589344025
1789225124163841500,25.643841552734376,-0.19578441977500916,-0.1521138995885849,-0.03965446725487709
1789225124173880600,25.653880615234375,-0.17432652413845062,0.005080778617411852,-0.11923078447580338
1789225124183919400,25.66391943359375,-0.15965251624584198,0.0908055379986763,-0.01649269089102745
1789225124193957600,25.67395751953125,-0.11585336178541183,-0.06536915153265,0.04496374726295471
1789225124203996400,25.683996337890626,-0.10631552338600159,-0.0436880923807621,0.049981407821178436
1789225124214034400,25.694034423828125,-0.14020957052707672,-0.025772208347916603,0.15286651253700256
1789225124224073500,25.704073486328124,-0.21909160912036896,-0.025779930874705315,0.2683875262737274
1789225124234112500,25.714112548828126,-0.26030829548835754,-0.15276291966438293,0.079647958278656
1789225124244150500,25.724150634765625,-0.30872881412506104,-0.06533213704824448,-0.061291586607694626
1789225124254189300,25.734189208984375,-0.31779101490974426,-0.12975986301898956,0.1741156131029129
1789225124264227300,25.744227294921874,-0.2273559272289276,-0.18586866557598114,0.31546342372894287
1789225124274266400,25.754266357421876,-0.13160648941993713,-0.042460374534130096,0.2325751930475235
1789225124284305400,25.764305419921875,-0.06715267151594162,0.060624998062849045,0.10782819241285324
1789225124294343200,25.77434326171875,-0.05224456265568733,0.07983517646789551,-0.0916212648153305
1789225124304382200,25.78438232421875,-0.12661227583885193,0.09536194056272507,0.015618374571204185
1789225124314420200,25.794420166015627,-0.17611803114414215,-0.03484826162457466,0.053710099309682846
1789225124324459300,25.804459228515626,-0.19832107424736023,0.042753323912620544,-0.15182441473007202
1789225124334497300,25.814497314453124,-0.21582390367984772,0.09327535331249237,-0.16674689948558807
1789225124344536300,25.824536376953127,-0.13891448080539703,-0.1781710684299469,-0.18048988282680511
1789225124354575000,25.8345751953125,-0.13909398019313812,-0.22352176904678345,-0.10792380571365356
1789225124364613400,25.84461328125,-0.14701847732067108,-0.20782484114170074,-0.13135695457458496
1789225124374652400,25.85465234375,-0.19038459658622742,-0.02226961962878704,-0.0729122906923294
1789225124384690200,25.864690185546873,-0.16197532415390015,-0.033664487302303314,0.1511884480714798
1789225124394729500,25.8747294921875,-0.12288251519203186,0.01925012655556202,0.10499512404203415
1789225124404768300,25.884768310546875,-0.09276083111763,0.22705072164535522,-0.09041831642389297
1789225124414806300,25.89480615234375,-0.07757708430290222,0.2191520631313324,-0.0039015309885144234
1789225124424845300,25.90484521484375,-0.08790002763271332,0.22891387343406677,0.37617337703704834
1789225124434883300,25.91488330078125,-0.039318379014730453,0.0009289105655625463,0.2628422677516937
1789225124444922000,25.924922119140625,-0.023433953523635864,0.11332549154758453,-0.1061626523733139
1789225124454961400,25.93496142578125,-0.035944417119026184,-0.02387870103120804,-0.2395305633544922
1789225124464999200,25.944999267578126,-0.1041325256228447,-0.023238742724061012,0.05210474506020546
1789225124475038200,25.9550380859375,-0.13392797112464905,-0.022589199244976044,-0.09637899696826935
1789225124485076200,25.965076171875,-0.12259675562381744,0.11495614796876907,-0.24360254406929016
1789225124495115300,25.975115234375,-0.05709151551127434,0.14768719673156738,-0.2161373645067215
1789225124505153300,25.9851533203125,0.010863566771149635,0.13217055797576904,-0.18574456870555878
1789225124515192300,25.9951923828125,0.040467798709869385,0.0984000712633133,-0.12654702365398407
1789225124525231400,26.0052314453125,-0.0008942894637584686,0.0497630275785923,-0.10191065073013306
1789225124535269400,26.015269287109376,-0.058702461421489716,-0.025902437046170235,-0.0738300159573555
1789225124545308400,26.025308349609375,-0.13135908544063568,0.009939982555806637,0.3106425702571869
1789225124555346200,26.03534619140625,-0.12031655758619308,-0.10457887500524521,0.43856748938560486
1789225124565385200,26.04538525390625,-0.1058763638138771,0.07733100652694702,0.09928237646818161
1789225124575424300,26.05542431640625,-0.015660984441637993,0.24058571457862854,-0.20760831236839294
1789225124585462300,26.065462158203125,0.007228618022054434,0.15497973561286926,0.1150221899151802
1789225124595501300,26.075501220703124,0.07629024237394333,-0.05450984835624695,0.35604387521743774
1789225124605539300,26.085539306640626,0.07108988612890244,0.13531574606895447,0.09672840684652328
1789225124615578000,26.095578125,0.039438486099243164,0.24031752347946167,-0.04219831898808479
1789225124625616400,26.105616455078124,0.03976445645093918,0.14151372015476227,0.025705896317958832
1789225124635655200,26.1156552734375,0.01877741515636444,0.0734499841928482,0.19751067459583282
1789225124645694200,26.125694091796873,0.08873067051172256,0.024292822927236557,-0.18084727227687836
1789225124655732200,26.135732177734376,0.09909994900226593,0.1746964454650879,-0.5171443223953247
1789225124665771300,26.145771240234374,0.12276480346918106,0.09389746934175491,-0.3033316433429718
1789225124675809300,26.155809326171877,0.07439114153385162,0.19136463105678558,0.0001257012045243755
1789225124685848300,26.165848388671876,0.03411828726530075,0.28242504596710205,0.11333641409873962
1789225124695887400,26.175887451171874,0.038306642323732376,0.16978876292705536,-0.08215745538473129
1789225124705925000,26.185925048828125,0.12689776718616486,0.3281448483467102,-0.2591647207736969
1789225124715964400,26.19596435546875,0.20835161209106445,0.22343415021896362,0.011899270117282867
1789225124726002200,26.206002197265626,0.24794216454029083,0.052251752465963364,0.2552165985107422
1789225124736041200,26.216041259765625,0.19743424654006958,0.21709103882312775,0.27841484546661377
1789225124746080300,26.226080322265624,0.11301176995038986,0.2998756766319275,0.35746732354164124
1789225124756118300,26.2361181640625,0.044085968285799026,0.26871880888938904,0.22771331667900085
1789225124766157300,26.2461572265625,0.022058963775634766,0.27402037382125854,0.049193911254405975
1789225124776195300,26.2561953125,0.07166486233472824,0.2428019940853119,-0.021802766248583794
1789225124786234400,26.266234375,0.1357106864452362,0.24188266694545746,0.011000187136232853
1789225124796272400,26.2762724609375,0.20591402053833008,0.2625408172607422,0.002704440150409937
1789225124806311400,26.2863115234375,0.23756195604801178,0.160772904753685,-0.14111877977848053
1789225124816350200,26.29635009765625,0.2110549807548523,0.13221102952957153,-0.388493150472641
1789225124826388500,26.306388427734376,0.085971899330616,0.19919192790985107,-0.16452716290950775
1789225124836427300,26.31642724609375,0.01908021792769432,0.11122452467679977,-0.07457250356674194
1789225124846465300,26.32646533203125,-0.005276254843920469,0.1762368083000183,-0.3767794966697693
1789225124856504300,26.33650439453125,0.025075791403651237,0.2527393102645874,-0.3862936496734619
1789225124866543400,26.34654345703125,0.07815152406692505,0.26125022768974304,-0.07352960854768753
1789225124876581000,26.3565810546875,0.13717730343341827,0.21141637861728668,-0.016651147976517677
1789225124886620200,26.3666201171875,0.14890852570533752,0.2668988108634949,0.05923189967870712
1789225124896658200,26.376658203125,0.1324443221092224,0.13650165498256683,0.18972332775592804
1789225124906697200,26.386697265625,0.08989021182060242,0.001371794263832271,0.04934198409318924
1789225124916735200,26.3967353515625,-0.00996182020753622,0.04319833591580391,0.04757604002952576
1789225124926774300,26.406774169921874,-0.07733979821205139,0.11942785978317261,0.39312463998794556
1789225124936813300,26.416813232421877,-0.0758308470249176,0.20504902303218842,0.44418278336524963
1789225124946851300,26.426851318359375,-0.041428666561841965,0.45879366993904114,0.4608866572380066
1789225124956890400,26.436890380859374,0.12759365141391754,0.15499064326286316,0.020049341022968292
1789225124966928100,26.44692822265625,0.23186518251895905,0.06547967344522476,-0.5842546820640564
1789225124976967400,26.456967529296875,0.04490835219621658,0.21696160733699799,-0.32554322481155396
1789225124987006200,26.467006103515626,-0.04427531734108925,0.029985062777996063,0.22338542342185974
1789225124997044200,26.477044189453125,-0.15586230158805847,-0.009998838417232037,0.11277981102466583
1789225125007083300,26.487083251953123,-0.19254282116889954,-0.02467259019613266,-0.16403181850910187
1789225125017121300,26.497121337890626,-0.11520009487867355,0.0789046660065651,-0.3830624222755432
1789225125027160000,26.50716015625,-0.08955571800470352,0.14859026670455933,-0.15272429585456848
1789225125037198300,26.5171982421875,-0.03190333768725395,-0.06431347876787186,-0.015578427352011204
1789225125047237000,26.527237060546874,-0.01618136651813984,0.03266633301973343,-0.14671434462070465
1789225125057276200,26.537276123046876,-0.0809537023305893,0.019449064508080482,0.07903596013784409
1789225125067314400,26.547314453125,-0.11594204604625702,-0.10734909027814865,0.2705412209033966
1789225125077353200,26.557353271484374,-0.18340817093849182,-0.024117853492498398,0.2477053999900818
1789225125087391500,26.5673916015625,-0.21748624742031097,-0.09148597717285156,0.32519274950027466
1789225125097430300,26.57743017578125,-0.20755718648433685,-0.12986665964126587,0.24832379817962646
1789225125107469300,26.58746923828125,-0.2381662279367447,-0.18212586641311646,0.14252465963363647
1789225125117507300,26.59750732421875,-0.18320444226264954,-0.18972252309322357,-0.27726036310195923
1789225125127546400,26.60754638671875,-0.23655954003334045,-0.20151421427726746,-0.1346302479505539
1789225125137584000,26.617584228515625,-0.20705464482307434,-0.19102215766906738,0.30439797043800354
1789225125147623400,26.62762353515625,-0.18264198303222656,-0.06953273713588715,0.2009837031364441
1789225125157661200,26.6376611328125,-0.1871485859155655,0.19955891370773315,0.07609742879867554
1789225125167700200,26.6477001953125,-0.14689570665359497,-0.26650065183639526,-0.24788649380207062
1789225125177739300,26.6577392578125,-0.2157975435256958,-0.6496933102607727,-0.6007835865020752
1789225125187777300,26.66777734375,-0.390065997838974,-0.6301864385604858,-0.33129751682281494
1789225125197816300,26.67781640625,-0.5373153686523438,-0.4135649502277374,0.09291156381368637
1789225125207854300,26.687854248046875,-0.5649920105934143,-0.31392383575439453,0.22833676636219025
1789225125217893400,26.697893310546874,-0.5148657560348511,-0.20088542997837067,0.2626017928123474
1789225125227932200,26.70793212890625,-0.49054256081581116,-0.15513232350349426,0.19304509460926056
1789225125237970400,26.717970458984375,-0.3392195999622345,-0.3993988037109375,-0.05495699122548103
1789225125248009500,26.728009521484374,-0.38310718536376953,-0.4434126019477844,0.3501121997833252
1789225125258047200,26.738047119140624,-0.3568231165409088,-0.542591392993927,0.6135528683662415
1789225125268086500,26.74808642578125,-0.21808919310569763,-0.5674242973327637,0.14341521263122559
1789225125278124300,26.758124267578125,-0.35347843170166016,-0.8053303360939026,-0.04406306520104408
1789225125288163300,26.768163330078124,-0.3854571580886841,-0.9250990748405457,0.23032481968402863
1789225125298202600,26.77820263671875,-0.5070413947105408,-0.7913497686386108,0.07896725088357925
1789225125308240400,26.788240478515625,-0.6069549322128296,-0.4281974136829376,-0.06228494644165039
1789225125318279400,26.798279541015624,-0.563072144985199,-0.46896108984947205,0.04122333601117134
1789225125328317400,26.8083173828125,-0.5143874287605286,-0.5765493512153625,-0.20271609723567963
1789225125338356500,26.8183564453125,-0.38119634985923767,-0.6610676646232605,-0.7053802609443665
1789225125348394500,26.82839453125,-0.2983960211277008,-0.6494424343109131,-0.7252948880195618
1789225125358433500,26.83843359375,-0.3130303621292114,-0.6371314525604248,0.1299729198217392
1789225125368472300,26.848472412109373,-0.34101083874702454,-0.6900244951248169,0.24892087280750275
1789225125378510600,26.858510498046876,-0.4122354984283447,-0.44057926535606384,0.011139203794300556
1789225125388549400,26.86854931640625,-0.35992303490638733,-0.5183315873146057,-0.08178913593292236
1789225125398587400,26.87858740234375,-0.38325735926628113,-0.495858758687973,0.3278215527534485
1789225125408626400,26.88862646484375,-0.3013180196285248,-0.5877162218093872,0.38063228130340576
1789225125418664400,26.89866455078125,-0.29540449380874634,-0.39143142104148865,0.30957329273223877
1789225125428703500,26.908703369140625,-0.23849433660507202,-0.4716271758079529,0.3641430735588074
1789225125438742300,26.9187421875,-0.18028481304645538,-0.5498461127281189,0.22183306515216827
1789225125448780500,26.928780517578126,-0.20927545428276062,-0.344446063041687,-0.1519698202610016
1789225125458819300,26.9388193359375,-0.2429005354642868,-0.38598552346229553,-0.05168396607041359
1789225125468857600,26.948857666015623,-0.2100573629140854,-0.46558767557144165,0.18617279827594757
1789225125478896400,26.958896484375,-0.16487710177898407,-0.36364826560020447,-0.008499478921294212
1789225125488935400,26.968935302734376,-0.12542183697223663,-0.1403650939464569,-0.19169646501541138
1789225125498973400,26.978973388671875,-0.05330183729529381,-0.2050359696149826,-0.30806541442871094
1789225125509012500,26.989012451171874,-0.0580260194838047,-0.32401028275489807,-0.19850030541419983
1789225125519050200,26.99905029296875,-0.07468169182538986,-0.3563477396965027,-0.023848341777920723
1789225125529089500,27.009089599609375,-0.08192496001720428,-0.3224014937877655,0.02087332308292389
1789225125539127300,27.019127197265625,-0.05571253225207329,-0.33500996232032776,-0.014513695612549782
1789225125549166300,27.029166259765624,-0.046124085783958435,-0.2612188160419464,-0.11410126835107803
1789225125559205600,27.03920556640625,-0.04424362629652023,-0.14979003369808197,-0.16581453382968903
1789225125569243400,27.049243408203125,-0.038719698786735535,-0.12939581274986267,0.09799500554800034
1789225125579282400,27.059282470703124,0.004706604406237602,-0.10208722203969955,0.37253549695014954
1789225125589320400,27.069320556640626,0.08366453647613525,-0.10323743522167206,0.2503054440021515
1789225125599359500,27.079359375,0.14808613061904907,0.08899645507335663,-0.10003206133842468
1789225125609397500,27.0893974609375,0.15726338326931,-0.003885019337758422,-0.10598981380462646
1789225125619436500,27.0994365234375,0.11893943697214127,-0.10000116378068924,0.2841683328151703
1789225125629475300,27.109475341796873,0.05325549840927124,-0.0944567322731018,0.47797641158103943
1789225125639513600,27.119513671875,0.02094735950231552,-0.0910223200917244,0.11717189848423004
1789225125649552400,27.129552490234374,0.0515097975730896,-0.20485860109329224,-0.5192498564720154
1789225125659590400,27.13959033203125,-0.020311662927269936,-0.0979478657245636,-0.5954639315605164
1789225125669629400,27.14962939453125,-0.03291613981127739,-0.17723017930984497,0.3403586447238922
1789225125679668500,27.15966845703125,-0.0009366337326355278,-0.2741686999797821,0.37957075238227844
1789225125689706200,27.169706298828125,0.009079781360924244,0.06958040595054626,0.03844592720270157
1789225125699745500,27.17974560546875,0.09449508041143417,0.0971747562289238,-0.4029509127140045
1789225125709783600,27.189783447265626,0.08429171144962311,0.026257436722517014,-0.25679877400398254
1789225125719822300,27.199822265625,0.02863510698080063,0.1269204020500183,0.43064433336257935
1789225125729860600,27.209860595703127,0.04013330489397049,0.09232354164123535,0.39109480381011963
1789225125739899400,27.2198994140625,0.034814171493053436,-0.1194092184305191,0.04687429964542389
1789225125749938400,27.2299384765625,0.06041593849658966,-0.15630066394805908,-0.49338868260383606
1789225125759976400,27.2399765625,-0.015260978601872921,-0.09993405640125275,-0.12831030786037445
1789225125770015500,27.250015380859374,-0.02366005629301071,-0.417263001203537,0.6423968076705933
1789225125780053500,27.260053466796876,-0.08728217333555222,-0.3265000879764557,0.318816602230072
1789225125790092500,27.270092529296875,-0.13667476177215576,-0.07084275037050247,-0.2750912308692932
1789225125800130300,27.28013037109375,-0.09158024936914444,-0.06575078517198563,-0.32165420055389404
1789225125810169300,27.29016943359375,-0.09860673546791077,-0.16676154732704163,-0.16497164964675903
1789225125820208600,27.300208740234375,-0.06221943348646164,-0.10230480134487152,-0.28147321939468384
1789225125830246400,27.310246337890625,-0.08647444099187851,-0.09766557067632675,-0.2686769962310791
1789225125840285400,27.320285400390624,-0.066703662276268,-0.15522554516792297,0.08355055004358292
1789225125850323500,27.330323486328126,-0.04000920057296753,-0.196299210190773,0.22479982674121857
1789225125860362500,27.340362548828125,-0.027050526812672615,-0.13341690599918365,0.17381973564624786
1789225125870400500,27.350400390625,-0.026584472507238388,-0.16699723899364471,0.08264188468456268
1789225125880439600,27.360439453125,-0.06403224915266037,-0.18074820935726166,-0.096610426902771
1789225125890478300,27.370478271484377,-0.1387898474931717,-0.22202613949775696,0.016350744292140007
1789225125900516600,27.3805166015625,-0.19048339128494263,-0.2607940435409546,0.18959683179855347
1789225125910555400,27.390555419921874,-0.21746255457401276,-0.15532007813453674,0.34242260456085205
1789225125920593400,27.400593505859376,-0.17939692735671997,-0.3331201672554016,0.2940361499786377
1789225125930632400,27.410632568359375,-0.10517195612192154,-0.24620898067951202,-0.09290730208158493
1789225125940670500,27.42067041015625,-0.09831804782152176,-0.23002387583255768,-0.2678375840187073
1789225125950709200,27.430709228515624,-0.14339737594127655,-0.19632823765277863,0.39180079102516174
1789225125960748500,27.44074853515625,-0.08736180514097214,-0.5346894860267639,0.21916563808918
1789225125970786300,27.450786376953126,-0.09615103155374527,-0.1367408037185669,-0.4260581135749817
1789225125980825300,27.460825439453124,-0.13076014816761017,-0.05080219358205795,-0.6752610206604004
1789225125990863400,27.47086328125,-0.18394772708415985,-0.3619467616081238,-0.02466593123972416
1789225126000902400,27.48090234375,-0.1918860822916031,-0.46870967745780945,0.28123754262924194
1789225126010940700,27.490940673828124,-0.22516360878944397,-0.3053884208202362,0.0335390530526638
1789225126020979500,27.5009794921875,-0.15846846997737885,-0.25958576798439026,-0.31643787026405334
1789225126031018500,27.5110185546875,-0.17286205291748047,-0.33646535873413086,-0.05542996898293495
1789225126041056500,27.521056396484376,-0.18334585428237915,-0.37551236152648926,0.5209153890609741
1789225126051095600,27.531095458984375,-0.23249982297420502,-0.2511459290981293,0.4254564940929413
1789225126061133300,27.54113330078125,-0.23062415421009064,-0.015166969038546085,0.2509118616580963
1789225126071172400,27.55117236328125,-0.10534825921058655,-0.15965837240219116,0.027630295604467392
1789225126081211400,27.56121142578125,-0.07671288400888443,-0.3872944712638855,0.07439620047807693
1789225126091249400,27.57124951171875,-0.0762481689453125,-0.44690078496932983,0.21960079669952393
1789225126101288400,27.581288330078124,-0.13549178838729858,-0.3033369779586792,0.2792668044567108
1789225126111326500,27.591326416015626,-0.1679842174053192,-0.21497276425361633,0.030885212123394012
1789225126121365500,27.601365478515625,-0.17212648689746857,-0.2582419216632843,-0.05312420427799225
1789225126131403500,27.611403564453123,-0.11556361615657806,-0.27264404296875,-0.2558530867099762
1789225126141442600,27.621442626953126,-0.08521796017885208,-0.13220331072807312,-0.20918357372283936
1789225126151481300,27.6314814453125,-0.03819984942674637,-0.043231625109910965,0.16597618162631989
1789225126161519600,27.64151953125,0.02365819178521633,-0.18888495862483978,0.12610094249248505
1789225126171558400,27.651558349609374,0.02449974976480007,-0.17739927768707275,-0.13599245250225067
1789225126181596400,27.661596435546876,0.0057681407779455185,-0.3632519841194153,-0.25554922223091125
1789225126191635500,27.671635498046875,-0.06534545123577118,-0.33438995480537415,0.05279317498207092
1789225126201673500,27.681673583984374,-0.1083696186542511,-0.09852097928524017,0.1711440533399582
1789225126211712300,27.691712158203124,-0.06767731159925461,-0.06227056309580803,0.11477185785770416
1789225126221750500,27.70175048828125,0.06955084949731827,-0.07192212343215942,-0.1773446947336197
1789225126231789300,27.711789306640625,0.16671122610569,0.03317153453826904,-0.4822358787059784
1789225126241828400,27.721828369140624,0.13697569072246552,-0.015310512855648994,-0.05962790921330452
1789225126251866400,27.731866455078126,0.09763281792402267,-0.12526844441890717,0.22573165595531464
1789225126261905400,27.741905517578125,0.008374043740332127,-0.046292662620544434,-0.07203345000743866
1789225126271943400,27.751943359375,-0.040770333260297775,0.010295514017343521,-0.2609735429286957
1789225126281982500,27.761982421875,-0.03074166737496853,-0.13066613674163818,-0.10176125168800354
1789225126292021200,27.772021240234373,0.03253583982586861,-0.10994540899991989,0.21117135882377625
1789225126302059500,27.7820595703125,0.1219932809472084,-0.038248054683208466,0.32809746265411377
1789225126312098300,27.792098388671874,0.1871137022972107,0.08121895790100098,0.2955930233001709
1789225126322136300,27.80213623046875,0.22397983074188232,0.07382575422525406,0.06380853801965714
1789225126332175400,27.81217529296875,0.16501398384571075,0.09239012002944946,-0.02070767432451248
1789225126342213400,27.82221337890625,0.07833075523376465,0.05293139070272446,0.2887372672557831
1789225126352252200,27.832252197265625,0.04523059353232384,0.06403304636478424,0.406800776720047
1789225126362290400,27.84229052734375,0.050279416143894196,0.14589808881282806,0.21795469522476196
1789225126372329200,27.8523291015625,0.17509537935256958,-0.05543689429759979,-0.2890584468841553
1789225126382368300,27.8623681640625,0.2164287120103836,0.018088722601532936,-0.5497411489486694
1789225126392406300,27.87240625,0.23409505188465118,-0.14715802669525146,-0.07849640399217606
1789225126402445300,27.8824453125,0.2442491501569748,-0.08172735571861267,0.12595073878765106
1789225126412483300,27.8924833984375,0.23635022342205048,0.26639866828918457,-0.30387014150619507
1789225126422522400,27.9025224609375,0.3059564530849457,0.502700924873352,-0.40928685665130615
1789225126432561400,27.9125615234375,0.3846968114376068,0.36271509528160095,-0.11707548797130585
1789225126442599400,27.922599365234376,0.43284621834754944,0.339104026556015,-0.09945575147867203
1789225126452638500,27.932638427734375,0.3462626039981842,0.3887416124343872,-0.24918799102306366
1789225126462676200,27.94267626953125,0.22093850374221802,0.23974041640758514,0.06882913410663605
1789225126472715300,27.95271533203125,0.1968853622674942,-0.04237382113933563,0.17823205888271332
1789225126482753300,27.962753173828126,0.16264669597148895,0.04735233634710312,-0.027043601498007774
1789225126492792300,27.972792236328125,0.21713577210903168,0.12424551695585251,0.2468436062335968
1789225126502830300,27.982830322265624,0.3033806383609772,0.014430871233344078,0.3158018887042999
1789225126512869400,27.992869384765626,0.3705389201641083,0.285941481590271,-0.15680505335330963
1789225126522908200,28.002908203125,0.25746670365333557,0.39950719475746155,-0.2791496217250824
1789225126532946400,28.012946533203124,0.1805386245250702,0.25283199548721313,0.1714383363723755
1789225126542985200,28.022985107421874,0.19238808751106262,0.09336243569850922,0.22468531131744385
1789225126553023200,28.033023193359377,0.19878819584846497,0.13550616800785065,-0.09957452863454819
1789225126563062500,28.0430625,0.19036169350147247,0.09575129300355911,-0.10672084987163544
1789225126573100300,28.053100341796874,0.1963740438222885,-0.07417009770870209,0.030773624777793884
1789225126583139300,28.063139404296876,0.1710021048784256,-0.04772278293967247,-0.01895158737897873
1789225126593178400,28.073178466796875,0.1218409538269043,0.08504299074411392,-0.10251758992671967
1789225126603216400,28.08321630859375,0.12220180779695511,0.24929878115653992,-0.3464120030403137
1789225126613255200,28.093255126953125,0.138714998960495,0.254526287317276,-0.2822279632091522
1789225126623293400,28.10329345703125,0.21752487123012543,0.1599087119102478,-0.042515236884355545
1789225126633332200,28.113332275390626,0.2313022017478943,0.19493646919727325,-0.007387342397123575
1789225126643370500,28.12337060546875,0.2250448316335678,0.16438867151737213,0.06401493400335312
1789225126653409300,28.1334091796875,0.18659624457359314,0.012603143230080605,0.31099197268486023
1789225126663448300,28.1434482421875,0.14968456327915192,0.0000852211524033919,0.20587247610092163
1789225126673486300,28.153486328125,0.10632963478565216,0.1991831362247467,0.023089606314897537
1789225126683525400,28.163525390625,0.1274612843990326,0.21206006407737732,0.023491743952035904
1789225126693563100,28.173563232421873,0.18071438372135162,0.19609546661376953,0.17803338170051575
1789225126703602400,28.1836025390625,0.24047279357910156,0.21543854475021362,0.07806897163391113
1789225126713640200,28.19364013671875,0.2902941405773163,0.3614144027233124,-0.07503482699394226
1789225126723679200,28.20367919921875,0.3382701873779297,0.34881871938705444,-0.1746080219745636
1789225126733718300,28.21371826171875,0.40473949909210205,0.20463649928569794,-0.24008609354496002
1789225126743756300,28.22375634765625,0.43538475036621094,0.1980057656764984,-0.438967227935791
1789225126753795300,28.23379541015625,0.31661123037338257,0.4357011318206787,-0.28836095333099365
1789225126763833300,28.243833251953124,0.17596250772476196,0.6079003214836121,-0.07083874940872192
1789225126773872400,28.253872314453126,0.1534862220287323,0.4436863660812378,-0.17116428911685944
1789225126783910400,28.263910400390625,0.18469980359077454,0.43369871377944946,-0.28075069189071655
1789225126793949400,28.273949462890624,0.2912566065788269,0.3231426477432251,-0.2899838984012604
1789225126803987200,28.2839873046875,0.34999075531959534,0.29914116859436035,0.011591408401727676
1789225126814026200,28.294026123046876,0.3548571467399597,0.3251860737800598,0.3577951490879059
1789225126824065300,28.304065185546875,0.2872741222381592,0.41692373156547546,0.3995615243911743
1789225126834103300,28.314103271484374,0.2588145136833191,0.3142615258693695,0.137069970369339
1789225126844142000,28.32414208984375,0.19817008078098297,0.3693189322948456,-0.24007278680801392
1789225126854180400,28.334180419921875,0.09014613926410675,0.39192435145378113,0.015172561630606651
1789225126864219400,28.344219482421874,0.07205554842948914,0.23398347198963165,0.28183913230895996
1789225126874257400,28.35425732421875,0.06857825815677643,0.2730610966682434,0.015364308841526508
1789225126884296400,28.36429638671875,0.06951356679201126,0.3614298403263092,-0.22981669008731842
1789225126894335200,28.374335205078125,0.08746380358934402,0.09696409851312637,-0.24593013525009155
1789225126904373500,28.38437353515625,0.027162645012140274,-0.06983154267072678,0.10785722732543945
1789225126914412300,28.394412353515627,-0.05637006461620331,-0.15135756134986877,0.05596526339650154
1789225126924450300,28.4044501953125,-0.1888601928949356,-0.1132541224360466,-0.12961845099925995
1789225126934489300,28.4144892578125,-0.2503824234008789,-0.29830920696258545,-0.19579879939556122
1789225126944527400,28.42452734375,-0.3262590765953064,-0.3192448318004608,-0.22894743084907532
1789225126954566100,28.434566162109373,-0.4131545424461365,-0.3203761577606201,-0.01631186157464981
1789225126964605400,28.44460546875,-0.4628986716270447,-0.3594346046447754,0.13713015615940094
1789225126974643200,28.454643310546874,-0.4646587669849396,-0.32721754908561707,0.15767191350460052
1789225126984682200,28.46468212890625,-0.4353727698326111,-0.3966469466686249,0.11585283279418945
1789225126994720300,28.47472021484375,-0.38209062814712524,-0.49476394057273865,0.26907992362976074
1789225127004759300,28.48475927734375,-0.35576316714286804,-0.5847958326339722,0.383338063955307
1789225127014797300,28.49479736328125,-0.36151665449142456,-0.5149200558662415,0.35100382566452026
1789225127024836400,28.50483642578125,-0.38549870252609253,-0.4076569974422455,0.27935120463371277
1789225127034874000,28.5148740234375,-0.38025757670402527,-0.32878348231315613,0.21375702321529388
1789225127044913400,28.524913330078125,-0.3787667453289032,-0.3803979456424713,0.050638411194086075
1789225127054952400,28.534952392578123,-0.3426244556903839,-0.30725395679473877,-0.2773916721343994
1789225127064990200,28.544990234375,-0.3430929183959961,-0.33929604291915894,-0.2775929868221283
1789225127075029200,28.555029296875,-0.3030613362789154,-0.4267611801624298,0.01329716295003891
1789225127085067300,28.5650673828125,-0.26717817783355713,-0.38203179836273193,-0.07262866199016571
1789225127095106300,28.575106201171874,-0.23334723711013794,-0.25241148471832275,-0.18204490840435028
1789225127105144300,28.585144287109376,-0.19163094460964203,-0.2927900552749634,-0.11314519494771957
1789225127115183400,28.595183349609375,-0.13586223125457764,-0.3511574864387512,-0.17500457167625427
1789225127125222100,28.60522216796875,-0.14280082285404205,-0.2048380970954895,-0.2775692939758301
1789225127135260400,28.615260498046876,-0.15639999508857727,-0.20678220689296722,0.12608548998832703
1789225127145299200,28.62529931640625,-0.1322520524263382,-0.3115549683570862,0.23406682908535004
1789225127155337200,28.635337158203125,-0.11312362551689148,-0.12472062557935715,0.012721387669444084
1789225127165376500,28.64537646484375,-0.08919326215982437,-0.1476813405752182,-0.029646309092640877
1789225127175414300,28.655414306640626,-0.07432056963443756,-0.2008388340473175,0.08592689037322998
1789225127185453300,28.665453369140625,-0.061893727630376816,-0.2004619985818863,0.23956838250160217
1789225127195492400,28.675492431640624,-0.021756427362561226,-0.2506040036678314,0.12902162969112396
1789225127205530400,28.6855302734375,-0.015530490316450596,-0.0862525999546051,-0.21226193010807037
1789225127215569200,28.695569091796877,-0.04475868120789528,-0.12872202694416046,-0.11824169009923935
1789225127225607400,28.705607421875,-0.08391167968511581,-0.21825642883777618,0.3191335201263428
1789225127235646200,28.715646240234374,-0.12236852198839188,-0.22703181207180023,0.18701408803462982
1789225127245684500,28.7256845703125,-0.0952460914850235,-0.1804099828004837,-0.19814184308052063
1789225127255722800,28.73572265625,-0.013167200610041618,-0.34144148230552673,-0.5092065334320068
1789225127265761000,28.745760986328126,-0.04168672487139702,-0.3638882040977478,-0.1656387597322464
1789225127275799800,28.7557998046875,-0.09849461168050766,-0.3586212694644928,0.20639072358608246
1789225127285838800,28.7658388671875,-0.17497527599334717,-0.2550210952758789,0.1621449589729309
1789225127295876900,28.775876953125,-0.2009272426366806,-0.09486658871173859,0.05372501537203789
1789225127305916000,28.785916015625,-0.18337169289588928,-0.27656289935112,0.009690443985164165
1789225127315953700,28.79595361328125,-0.141531303524971,-0.40977099537849426,0.23255228996276855
1789225127325992700,28.80599267578125,-0.10559859871864319,-0.42723095417022705,0.38043469190597534
1789225127336030700,28.81603076171875,-0.11779188364744186,-0.27548936009407043,0.3762953281402588
1789225127346069800,28.82606982421875,-0.1004328653216362,-0.3838177025318146,0.23854252696037292
1789225127356107800,28.836107666015625,-0.06555770337581635,-0.36384719610214233,-0.18882104754447937
1789225127366146800,28.846146728515624,-0.13702549040317535,-0.2915825843811035,-0.33164024353027344
1789225127376185900,28.856185791015626,-0.19002719223499298,-0.26325348019599915,-0.1483077108860016
1789225127386223900,28.866223876953125,-0.173495352268219,-0.20956067740917206,0.05371915549039841
1789225127396263000,28.876262939453124,-0.02528165467083454,-0.32769477367401123,-0.14889493584632874
1789225127406300700,28.88630078125,0.11076033860445023,-0.30542996525764465,-0.5682120323181152
1789225127416340000,28.896340087890625,0.11535082757472992,-0.20077277719974518,-0.4053400456905365
1789225127426377700,28.906377685546875,-0.0036567864008247852,-0.11377823352813721,0.09973911195993423
1789225127436416800,28.916416748046874,-0.16325443983078003,-0.1027439534664154,0.3629299998283386
1789225127446455800,28.926455810546877,-0.28786399960517883,-0.023302925750613213,0.31409400701522827
1789225127456493800,28.936493896484375,-0.28745895624160767,-0.11551674455404282,0.20087957382202148
1789225127466532600,28.94653271484375,-0.12894199788570404,-0.20478937029838562,0.05404992029070854
1789225127476571000,28.95657080078125,0.033609893172979355,-0.21525052189826965,0.18265290558338165
1789225127486609700,28.966609619140623,0.09960568696260452,-0.2948494851589203,0.4597737193107605
1789225127496648000,28.97664794921875,0.07574190199375153,-0.16971953213214874,0.4303945302963257
1789225127506687000,28.98668701171875,0.006961236707866192,0.039508525282144547,0.33724328875541687
1789225127516724700,28.996724853515627,-0.005261074751615524,0.038249384611845016,0.16883695125579834
1789225127526764000,29.006763916015625,0.056300289928913116,-0.039798811078071594,-0.2414187490940094
1789225127536802800,29.016802734375,0.035764921456575394,-0.04969192296266556,-0.632416844367981
1789225127546840800,29.0268408203125,0.04267076402902603,-0.15833398699760437,-0.28385940194129944
1789225127556880000,29.0368798828125,0.05459346994757652,-0.2075907438993454,0.18871505558490753
1789225127566918000,29.04691796875,-0.002034122357144952,-0.12802481651306152,-0.10469365864992142
1789225127576956700,29.056956787109375,-0.023867782205343246,-0.13959358632564545,-0.6128631234169006
1789225127586995000,29.066994873046873,-0.04446706548333168,-0.17482507228851318,-0.47947391867637634
1789225127597033700,29.07703369140625,-0.020144682377576828,-0.2340412586927414,0.19727951288223267
1789225127607072000,29.087072021484374,0.021996112540364265,-0.15897606313228607,0.23151205480098724
1789225127617110800,29.09711083984375,0.09089794754981995,-0.1338675171136856,-0.08351167291402817
1789225127627149800,29.10714990234375,0.14672179520130157,-0.1584482342004776,-0.41588935256004333
1789225127637187800,29.117187744140626,0.042326685041189194,-0.1414002776145935,-0.0394294299185276
1789225127647227000,29.127226806640625,-0.07630302757024765,-0.09507804363965988,0.5140739679336548
1789225127657264600,29.1372646484375,-0.15762637555599213,0.029512351378798485,0.724530041217804
1789225127667303700,29.1473037109375,-0.04767564311623573,-0.21787187457084656,0.46927666664123535
1789225127677341700,29.157341796875,0.12425270676612854,-0.5420888066291809,-0.2148025780916214
1789225127687380700,29.167380615234375,0.19600598514080048,-0.35182008147239685,-1.1929965019226074
1789225127697419000,29.1774189453125,0.13164085149765015,-0.14956845343112946,-0.10319828987121582
1789225127707457800,29.187457763671876,0.09563411772251129,-0.1455761045217514,0.6952949166297913
1789225127717496800,29.197496826171875,-0.008411061950027943,0.027699004858732224,0.2847079038619995
1789225127727534800,29.207534912109374,-0.043042007833719254,0.04162627458572388,-0.2635655999183655
1789225127737574000,29.217573974609376,0.09957346320152283,-0.07324358820915222,-0.3296242356300354
1789225127747611600,29.227611572265626,0.039864324033260345,0.0019038938917219639,-0.18992413580417633
1789225127757651000,29.23765087890625,0.06378989666700363,-0.18422336876392365,-0.1772344410419464
1789225127767688700,29.247688720703124,0.08226371556520462,-0.2520676553249359,0.027699004858732224
1789225127777727700,29.257727783203126,0.11832424998283386,-0.22659160196781158,0.1297188401222229
1789225127787765800,29.267765869140625,0.14568795263767242,-0.04525003582239151,0.050340134650468826
1789225127797804800,29.2778046875,0.1868697553873062,0.05969848483800888,0.27660417556762695
1789225127807843800,29.28784375,0.21644015610218048,-0.10944260656833649,0.23909273743629456
1789225127817881900,29.2978818359375,0.259609192609787,0.07344625145196915,-0.31186574697494507
1789225127827921000,29.3079208984375,0.2075878083705902,0.11096007376909256,-0.5680402517318726
1789225127837959000,29.317958984375,0.13690724968910217,0.011446000076830387,0.17841102182865143
1789225127847998000,29.327998046875,0.13656876981258392,-0.10494505614042282,0.3597829341888428
1789225127858035700,29.33803564453125,0.11715298891067505,0.19512662291526794,0.10557489842176437
1789225127868075000,29.348074951171874,0.23363272845745087,0.1291627734899521,-0.06485836207866669
1789225127878113800,29.35811376953125,0.3405064344406128,0.022049108520150185,-0.18819068372249603
1789225127888151800,29.36815185546875,0.32049307227134705,0.21455223858356476,-0.12855611741542816
1789225127898190800,29.37819091796875,0.2696559727191925,0.3381737768650055,0.0800652727484703
1789225127908228900,29.388228759765624,0.30732452869415283,0.31190621852874756,0.2546996772289276
1789225127918267600,29.398267578125,0.36489859223365784,0.3176698386669159,0.11678600311279297
1789225127928306000,29.408305908203126,0.4145684242248535,0.48285719752311707,-0.2556783854961395
1789225127938344700,29.4183447265625,0.3880199193954468,0.5584129691123962,0.10466142743825912
1789225127948383000,29.428383056640627,0.3981921076774597,0.35084402561187744,0.37672358751296997
1789225127958421800,29.438421875,0.3883618414402008,0.5281612873077393,-0.03672339394688606
1789225127968460800,29.448460693359376,0.4342837929725647,0.5720488429069519,-0.6721605658531189
1789225127978498800,29.458498779296875,0.4977858066558838,0.36182957887649536,-0.49818262457847595
1789225127988537900,29.468537841796874,0.5540760159492493,0.4143527150154114,0.28866297006607056
1789225127998575900,29.478575927734376,0.5458303093910217,0.7077358365058899,0.22847551107406616
1789225128008614700,29.48861474609375,0.5198168158531189,0.948915421962738,0.04914570972323418
1789225128018653000,29.49865283203125,0.5741453170776367,0.7419417500495911,-0.3508616089820862
1789225128028691700,29.508691650390624,0.5530469417572021,0.7028710842132568,-0.45085427165031433
1789225128038730000,29.51872998046875,0.4817863404750824,0.6994736790657043,0.1340656578540802
1789225128048768800,29.528768798828125,0.4613836109638214,0.6115983724594116,0.3985913097858429
1789225128058807800,29.538807861328124,0.42814549803733826,0.5986564755439758,0.13376818597316742
1789225128068845800,29.548845703125,0.39224714040756226,0.4998071491718292,-0.12437041848897934
1789225128078884900,29.558884765625,0.30055052042007446,0.37663063406944275,-0.2711646556854248
1789225128088922600,29.568922607421875,0.2250797152519226,0.2589189112186432,-0.15528333187103271
1789225128098962000,29.5789619140625,0.14698810875415802,0.365177184343338,0.3126646876335144
1789225128108999700,29.588999755859376,0.1746455729007721,0.3886561393737793,0.2190742939710617
1789225128119038700,29.599038818359375,0.24188266694545746,0.4746578633785248,-0.0378003753721714
1789225128129076700,29.60907666015625,0.2904358208179474,0.3645031154155731,0.04352191090583801
1789225128139115800,29.61911572265625,0.24296657741069794,0.34074586629867554,-0.09771377593278885
1789225128149153800,29.62915380859375,0.051770519465208054,0.39015549421310425,-0.07486838102340698
1789225128159192800,29.63919287109375,-0.062319565564394,0.17406873404979706,0.43862980604171753
1789225128169232000,29.64923193359375,-0.07134795188903809,-0.011815913021564484,0.38783055543899536
1789225128179270000,29.659269775390626,-0.06812606006860733,0.08876262605190277,0.06571030616760254
1789225128189309000,29.669308837890625,-0.04862159863114357,-0.10685667395591736,0.007288539316505194
1789225128199346700,29.6793466796875,-0.041905906051397324,-0.21687665581703186,0.18537145853042603
1789225128209386000,29.689385986328126,-0.14368154108524323,0.13049009442329407,0.452224999666214
1789225128219423700,29.699423828125,-0.21320495009422302,0.28423386812210083,0.24691231548786163
1789225128229462800,29.709462890625,-0.038369227200746536,-0.025072863325476646,-0.45661893486976624
1789225128239500800,29.719500732421874,-0.011142399162054062,0.06446820497512817,-1.151021122932434
1789225128249539800,29.729539794921877,-0.10461322963237762,0.05717407166957855,-0.40536561608314514
1789225128259579400,29.739579345703124,-0.02900288999080658,-0.21949879825115204,0.4262394607067108
1789225128269617400,29.749617431640626,0.0019054916920140386,-0.14696282148361206,0.06735533475875854
1789225128279656400,29.759656494140625,0.00974290817975998,0.023748205974698067,-0.3294711112976074
1789225128289694200,29.769694091796875,-0.03616226464509964,0.11965343356132507,-0.2271505892276764
1789225128299733500,29.7797333984375,-0.15029922127723694,0.18030771613121033,0.1451345533132553
1789225128309771300,29.789771240234376,-0.15930603444576263,0.023966852575540543,0.11918098479509354
1789225128319810300,29.799810302734375,-0.06508819013834,-0.19176331162452698,-0.07213810831308365
1789225128329848300,29.809848388671874,0.02076173759996891,-0.08729096502065659,-0.016113456338644028
1789225128339887400,29.819887451171876,0.05626433715224266,0.06499950587749481,0.31499603390693665
1789225128349926100,29.829926025390623,0.12054266035556793,0.033423203974962234,0.3416438698768616
1789225128359964400,29.83996435546875,0.18660663068294525,-0.14150972664356232,-0.16425418853759766
1789225128370003200,29.850003173828124,0.12256240099668503,0.08590584993362427,-0.707499086856842
1789225128380041500,29.86004150390625,-0.041670214384794235,0.24858371913433075,-0.0796910971403122
1789225128390080300,29.870080322265625,-0.053583335131406784,0.24285951256752014,0.2902142405509949
1789225128400118300,29.8801181640625,-0.039914924651384354,0.5128092169761658,0.29688066244125366
1789225128410157300,29.8901572265625,-0.037578266113996506,0.6738995909690857,0.1857198029756546
1789225128420195300,29.9001953125,0.17709195613861084,0.24333569407463074,-0.15082253515720367
1789225128430234400,29.910234375,0.33695217967033386,0.19216199219226837,0.062130216509103775
1789225128440273400,29.9202734375,0.2353193163871765,0.27219635248184204,0.6924437284469604
1789225128450311400,29.9303115234375,0.16332554817199707,0.40094316005706787,0.9011822938919067
1789225128460350200,29.94035009765625,0.21529287099838257,0.26151177287101746,0.4020097553730011
1789225128470388500,29.950388427734374,0.17619739472866058,0.3244180381298065,-0.24020354449748993
1789225128480427300,29.96042724609375,0.12104253470897675,0.25607597827911377,-0.12586446106433868
1789225128490465300,29.97046533203125,0.14475904405117035,0.2179160863161087,0.2495853304862976
1789225128500504300,29.98050439453125,0.21104513108730316,0.3027753233909607,-0.1510757952928543
1789225128510542300,29.990542236328125,0.2713145911693573,0.3790474534034729,-0.6925856471061707
1789225128520581000,30.0005810546875,0.25545865297317505,0.21719835698604584,-0.7794209718704224
1789225128530619400,30.010619384765626,0.19276200234889984,-0.07157911360263824,-0.656843900680542
1789225128540658200,30.020658203125,0.1136714369058609,-0.1136205717921257,-0.6308788657188416
1789225128550697200,30.030697265625,-0.04596003517508507,0.09139436483383179,-0.5774350762367249
1789225128560735200,30.0407353515625,-0.12226013094186783,0.29122066497802734,-0.22168712317943573
1789225128570774300,30.050774169921876,-0.1002882570028305,0.25988855957984924,0.15911029279232025
1789225128580812300,30.060812255859375,-0.06703522801399231,0.2007986158132553,0.03145512938499451
1789225128590851300,30.070851318359374,0.14513055980205536,0.23197118937969208,0.16430611908435822
1789225128600889000,30.08088916015625,0.11727682501077652,0.2372056245803833,0.7979221940040588
1789225128610928400,30.090928466796875,0.1255834847688675,-0.058340270072221756,0.8854427337646484
1789225128620966100,30.100966064453125,0.013782924041152,-0.00805979035794735,0.40632086992263794
1789225128631005200,30.111005126953124,-0.17883393168449402,-0.03008839301764965,0.29260683059692383
1789225128641044500,30.12104443359375,-0.20503836870193481,-0.12737633287906647,0.3190682530403137
1789225128651082200,30.131082275390625,-0.25692179799079895,0.11829548329114914,0.38029274344444275
1789225128661121300,30.141121337890624,-0.1327761560678482,0.06413557380437851,-0.007526093162596226
1789225128671159300,30.1511591796875,0.11858124285936356,0.11017736792564392,-0.5729117393493652
1789225128681198300,30.1611982421875,0.15668681263923645,0.1378750503063202,-0.4742770195007324
1789225128691236400,30.171236328125,0.10113753378391266,0.18374106287956238,0.11454229056835175
1789225128701275400,30.181275390625,0.08133932948112488,-0.03217045217752457,-0.10151597112417221
1789225128711313200,30.191313232421876,0.024086426943540573,-0.00893703568726778,-0.6785763502120972
1789225128721352400,30.2013525390625,-0.07190641760826111,-0.024591894820332527,-0.8814557194709778
1789225128731391500,30.2113916015625,-0.09491932392120361,-0.2371651530265808,-0.150741308927536
1789225128741429200,30.22142919921875,-0.04029682278633118,-0.21704602241516113,0.3479427993297577
1789225128751468500,30.231468505859375,-0.010416954755783081,0.16319744288921356,0.11753781139850616
1789225128761506300,30.24150634765625,0.10374583303928375,0.3382536768913269,0.11839455366134644
1789225128771545300,30.25154541015625,0.19668057560920715,0.17266418039798737,0.2754978835582733
1789225128781583400,30.261583251953127,0.17147375643253326,0.27577218413352966,0.30463898181915283
1789225128791622400,30.271622314453126,0.1405872106552124,0.26154717803001404,0.452305406332016
1789225128801660400,30.281660400390624,0.14430710673332214,0.19215185940265656,0.39529645442962646
1789225128811699500,30.291699462890627,0.12925998866558075,0.20092058181762695,0.18654830753803253
1789225128821737200,30.3017373046875,0.12439971417188644,0.16674503684043884,0.1485639065504074
1789225128831776300,30.3117763671875,0.11120561510324478,0.1529645174741745,0.18202413618564606
1789225128841815300,30.321815185546875,0.13056866824626923,0.2397793084383011,0.0941547304391861
1789225128851853300,30.331853271484373,0.15033677220344543,0.36606985330581665,-0.03421522676944733
1789225128861892000,30.34189208984375,0.21682311594486237,0.31849515438079834,-0.3477236032485962
1789225128871930400,30.351930419921874,0.21464411914348602,0.24196895956993103,-0.2893015742301941
1789225128881969200,30.36196923828125,0.25167110562324524,-0.0611451119184494,-0.2001056671142578
1789225128892007400,30.37200732421875,0.23718379437923431,0.04586789011955261,-0.23635049164295197
1789225128902046200,30.382046142578126,0.18253839015960693,0.23465804755687714,-0.1783692091703415
1789225128912084200,30.392084228515625,0.18837204575538635,0.14780090749263763,-0.06465809047222137
1789225128922123500,30.40212353515625,0.1832510530948639,0.3559200167655945,-0.03458620607852936
1789225128932161300,30.412161376953126,0.1948925256729126,0.5636079907417297,-0.008505870588123798
1789225128942200300,30.422200439453125,0.28117015957832336,0.4082793593406677,-0.2911120057106018
1789225128952239400,30.4322392578125,0.32807374000549316,0.30337533354759216,-0.3183998167514801
1789225128962277400,30.44227734375,0.28199175000190735,0.34598857164382935,0.26258528232574463
1789225128972316200,30.452316162109376,0.27110686898231506,0.29034847021102905,0.38467738032341003
1789225128982354400,30.4623544921875,0.23884214460849762,0.4016507565975189,0.09932978451251984
1789225128992393200,30.472393310546874,0.182833731174469,0.2731388509273529,-0.02075081877410412
1789225129002431500,30.482431396484376,0.09677474945783615,0.16819806396961212,0.027066504582762718
1789225129012470300,30.49247021484375,-0.000517718493938446,0.1931593418121338,0.344115287065506
1789225129022508300,30.50250830078125,-0.062021028250455856,0.3074986934661865,0.501645565032959
1789225129032547300,30.51254736328125,0.010496316477656364,0.38835838437080383,0.19364537298679352
1789225129042586400,30.52258642578125,0.15838830173015594,0.18029068410396576,-0.40476107597351074
1789225129052624100,30.5326240234375,0.2572336494922638,-0.10816481709480286,-0.7424392104148865
1789225129062663400,30.542663330078124,0.26016712188720703,-0.1680859476327896,-0.29898083209991455
1789225129072701200,30.552701171875,0.14573003351688385,0.34393978118896484,-0.14950133860111237
1789225129082740200,30.562740234375,0.10062487423419952,0.7556279897689819,-0.1304224580526352
1789225129092778200,30.5727783203125,0.19688403606414795,0.5715205073356628,-0.21516689658164978
1789225129102817300,30.5828173828125,0.29071706533432007,0.4220393896102905,-0.37276238203048706
1789225129112855300,30.592855224609377,0.3031822443008423,0.435567706823349,-0.4903489351272583
1789225129122894300,30.602894287109375,0.1549464464187622,0.44649651646614075,0.009364207275211811
1789225129132932400,30.612932373046874,0.04333548992872238,0.33299073576927185,0.8090100288391113
1789225129142971400,30.622971435546877,-0.0015843145083636045,0.25996634364128113,0.9051799774169922
1789225129153010400,30.633010498046875,-0.008759669028222561,0.27346429228782654,0.5735141038894653
1789225129163048200,30.643048095703126,-0.01161457784473896,0.27546459436416626,0.29260843992233276
1789225129173087200,30.653087158203125,-0.040164198726415634,0.012561065144836903,0.495674192905426
1789225129183125200,30.663125244140623,-0.06551962345838547,-0.1073235273361206,0.4591103196144104
1789225129193164300,30.673164306640626,-0.13789954781532288,0.026395387947559357,0.04710252955555916
1789225129203202300,30.683202392578124,-0.22816579043865204,0.06775215268135071,-0.2512487471103668
1789225129213241300,30.693241455078127,-0.23880697786808014,-0.044913146644830704,-0.18665988743305206
1789225129223279400,30.703279296875,-0.22256489098072052,-0.1158275306224823,-0.20023562014102936
1789225129233318400,30.713318359375,-0.20235629379749298,-0.09654411673545837,-0.3766615092754364
1789225129243356200,30.723356201171875,-0.23144254088401794,-0.08851761370897293,-0.24359002709388733
1789225129253395000,30.73339501953125,-0.2831805646419525,-0.15907646715641022,-0.2176700085401535
1789225129263433700,30.743433837890624,-0.3673396706581116,-0.2628129720687866,-0.18791717290878296
1789225129273471700,30.7534716796875,-0.41594234108924866,-0.39174726605415344,-0.02100834622979164
1789225129283510800,30.7635107421875,-0.4255358576774597,-0.4717606008052826,0.036547623574733734
1789225129293548800,30.773548828125,-0.4100136160850525,-0.4815501272678375,0.08364616334438324
1789225129303587600,30.783587646484374,-0.36493057012557983,-0.5130294561386108,0.0758737251162529
1789225129313625900,30.7936259765625,-0.39604106545448303,-0.38421982526779175,0.3289467394351959
1789225129323664600,30.80366455078125,-0.4318411648273468,-0.286618173122406,0.22214145958423615
1789225129333703000,30.813702880859374,-0.4350907504558563,-0.06508845835924149,0.04585537314414978
1789225129343741700,30.82374169921875,-0.386286199092865,-0.12450651079416275,0.1088670939207077
1789225129353779700,30.83377978515625,-0.2798806428909302,-0.15424390137195587,0.1664787232875824
1789225129363819000,30.843819091796874,-0.17307697236537933,-0.15466095507144928,-0.07085207104682922
1789225129373857800,30.85385791015625,-0.1348036229610443,-0.16017022728919983,-0.058404453098773956
1789225129383895800,30.863895751953127,-0.12880511581897736,-0.26976436376571655,0.09928557276725769
1789225129393934800,30.873934814453126,-0.1683133840560913,-0.1655610054731369,-0.03117709420621395
1789225129403972900,30.883972900390624,-0.2182745486497879,0.014239123091101646,-0.21752087771892548
1789225129414011600,30.89401171875,-0.1229536160826683,0.04848497733473778,-0.49861007928848267
1789225129424050000,30.9040498046875,-0.04464123770594597,0.05756982043385506,-0.4250548779964447
1789225129434088700,30.914088623046876,0.020329507067799568,0.13260065019130707,0.05631227418780327
1789225129444126700,30.924126708984375,0.09352515637874603,0.06137627363204956,0.07429394125938416
1789225129454165800,30.934165771484373,0.1352590173482895,0.3243029713630676,-0.274957537651062
1789225129464203800,30.944203857421876,0.08142402023077011,0.26101428270339966,-0.10102328658103943
1789225129474242600,30.95424267578125,0.034636273980140686,0.04879017546772957,0.39024364948272705
1789225129484281900,30.96428173828125,0.015676697716116905,0.059606071561574936,0.13917332887649536
1789225129494319600,30.974319580078124,0.021702632308006287,0.3708353340625763,-0.19746913015842438
1789225129504358700,30.984358642578126,0.14315874874591827,0.21694110333919525,0.09358561038970947
1789225129514396700,30.994396728515625,0.24429602921009064,0.18401964008808136,0.2635307013988495
1789225129524435700,31.004435791015624,0.21190239489078522,0.47124528884887695,0.07234956324100494
1789225129534473700,31.0144736328125,0.1516915261745453,0.5116091966629028,0.10027839988470078
1789225129544512800,31.0245126953125,0.2000790238380432,0.19689735770225525,-0.31440454721450806
1789225129554550800,31.03455078125,0.05898661911487579,0.07345983386039734,-0.3709964454174042
1789225129564589800,31.04458984375,-0.036018721759319305,0.05835385248064995,-0.038062162697315216
1789225129574627800,31.0546279296875,-0.10989960283041,0.1484091728925705,0.018372882157564163
1789225129584666600,31.06466650390625,-0.0673513412475586,0.0668775662779808,-0.16377535462379456
1789225129594705000,31.074704833984374,-0.010611898265779018,0.0791637971997261,-0.4512377679347992
1789225129604743700,31.08474365234375,-0.07153463363647461,0.10877681523561478,-0.17844776809215546
1789225129614782700,31.09478271484375,-0.0874057486653328,-0.06882993131875992,0.19423578679561615
1789225129624820700,31.10482080078125,-0.11685790866613388,-0.040537040680646896,0.3224289119243622
1789225129634859800,31.11485986328125,-0.1475367248058319,-0.063772052526474,0.3766562044620514
1789225129644897800,31.124897705078126,-0.16218677163124084,-0.14860385656356812,0.25780197978019714
1789225129654936800,31.134936767578125,-0.27389466762542725,-0.12548895180225372,0.2858509123325348
1789225129664974600,31.144974609375,-0.3289312720298767,-0.27930060029029846,0.31319865584373474
1789225129675014000,31.155013916015626,-0.35711047053337097,-0.34705862402915955,0.04861573874950409
1789225129685051600,31.1650517578125,-0.39064711332321167,-0.10089758783578873,0.024871261790394783
1789225129695090700,31.175090576171876,-0.30382806062698364,-0.2873862385749817,-0.094900943338871
1789225129705128700,31.185128662109374,-0.27615487575531006,-0.27205467224121094,-0.2559550702571869
1789225129715167700,31.195167724609377,-0.33799853920936584,-0.3210672438144684,-0.2769903242588043
1789225129725206800,31.205206787109375,-0.48000550270080566,-0.3615451455116272,-0.21577437222003937
1789225129735244800,31.215244873046874,-0.5480649471282959,-0.4222452640533447,-0.3811388313770294
1789225129745283800,31.225283935546877,-0.5860354900360107,-0.45403966307640076,-0.027546405792236328
1789225129755321900,31.23532177734375,-0.47052010893821716,-0.7136856317520142,0.2446020245552063
1789225129765361000,31.24536083984375,-0.3749951720237732,-0.6327812075614929,-0.00887817982584238
1789225129775398700,31.255398681640624,-0.3651859760284424,-0.46972569823265076,0.025352228432893753
1789225129785437700,31.265437744140623,-0.3956626355648041,-0.4532545804977417,0.3343662619590759
1789225129795475700,31.275475830078125,-0.5088147521018982,-0.25015366077423096,0.5146058201789856
1789225129805514800,31.2855146484375,-0.5976018905639648,-0.16473674774169922,0.30008020997047424
1789225129815552800,31.295552734375,-0.4788195788860321,-0.3567080497741699,-0.00436172541230917
1789225129825591800,31.305591796875,-0.38061365485191345,-0.37743091583251953,-0.36295023560523987
1789225129835629800,31.3156298828125,-0.27402302622795105,-0.6024861335754395,-0.1264016181230545
1789225129845668900,31.3256689453125,-0.16200408339500427,-0.7313753962516785,0.25267112255096436
1789225129855708000,31.3357080078125,-0.2360929548740387,-0.36495667695999146,0.11216621845960617
1789225129865745700,31.34574560546875,-0.31476354598999023,-0.03771409019827843,-0.08666618913412094
1789225129875785000,31.355784912109375,-0.27810218930244446,-0.39188656210899353,-0.2585865557193756
1789225129885822700,31.36582275390625,-0.22419369220733643,-0.4818635880947113,-0.6929896473884583
1789225129895861800,31.37586181640625,-0.20468389987945557,-0.39057067036628723,-0.43120813369750977
1789225129905899800,31.385899658203126,-0.15757790207862854,-0.15680666267871857,0.14794844388961792
1789225129915938800,31.395938720703125,-0.11309779435396194,-0.1086612343788147,0.15330220758914948
1789225129925976800,31.405976806640624,-0.03972690552473068,-0.16947531700134277,-0.12943468987941742
1789225129936016000,31.416015869140626,0.07079613953828812,-0.19963854551315308,-0.2549595832824707
1789225129946053600,31.4260537109375,0.06621630489826202,-0.09748154878616333,0.035831499844789505
1789225129956093000,31.436093017578123,0.018426943570375443,0.18289045989513397,0.5152923464775085
1789225129966131700,31.446131591796874,0.015112640336155891,0.3276199400424957,0.6692219972610474
1789225129976169700,31.456169677734376,0.08317584544420242,0.3039364516735077,0.4827032685279846
1789225129986208800,31.466208740234375,0.17124232649803162,0.14460432529449463,0.14204289019107819
1789225129996246800,31.476246826171874,0.1439952552318573,0.10318604111671448,0.05342860519886017
1789225130006285600,31.48628564453125,0.1390465646982193,-0.13788090646266937,0.30182695388793945
1789225130016323800,31.49632373046875,0.14524906873703003,-0.13085494935512543,0.24626649916172028
1789225130026362600,31.506362548828125,0.11202000826597214,0.18618185818195343,-0.021455490961670876
1789225130036401000,31.51640087890625,0.12456829100847244,0.36039119958877563,-0.1821972280740738
1789225130046440000,31.52643994140625,0.2190236896276474,0.22396571934223175,-0.3254358768463135
1789225130056477700,31.536477783203125,0.2588949501514435,0.22969551384449005,-0.5516876578330994
1789225130066517000,31.54651708984375,0.2561705410480499,0.22239606082439423,-0.4764467179775238
1789225130076554800,31.5565546875,0.1961924135684967,0.23354564607143402,-0.11322029680013657
1789225130086593800,31.56659375,0.20415793359279633,0.18243159353733063,0.06079224497079849
1789225130096632800,31.5766328125,0.21308724582195282,0.13851474225521088,-0.19596098363399506
1789225130106670800,31.5866708984375,0.22313322126865387,0.0791398286819458,-0.385392427444458
1789225130116709600,31.596709716796877,0.21548381447792053,-0.018315624445676804,-0.0310500618070364
1789225130126748000,31.606747802734375,0.18686069548130035,0.13025227189064026,0.3139214515686035
1789225130136786700,31.61678662109375,0.18184836208820343,0.4539286196231842,0.17832313477993011
1789225130146825000,31.626824951171876,0.2819099724292755,0.46180304884910583,0.1932687908411026
1789225130156863700,31.63686376953125,0.3679945170879364,0.35367605090141296,0.053939130157232285
1789225130166901800,31.64690185546875,0.34822747111320496,0.33969658613204956,0.04380660131573677
1789225130176940800,31.65694091796875,0.24243207275867462,0.2891961336135864,0.17378723621368408
1789225130186978800,31.666978759765627,0.10963941365480423,0.1675035059452057,0.1453036665916443
1789225130197017600,31.677017578125,0.011783688329160213,0.1381610631942749,-0.009528524242341518
1789225130207056000,31.687055908203124,-0.012518188916146755,0.08655326813459396,0.10070983320474625
1789225130217094700,31.6970947265625,0.10615146905183792,-0.05149834603071213,-0.03623310476541519
1789225130227132700,31.707132568359373,0.15667855739593506,-0.0031941954512149096,-0.2542181611061096
1789225130237172000,31.717171875,0.13492080569267273,0.04669320210814476,-0.17332251369953156
1789225130247210800,31.727210693359375,0.08586324006319046,-0.03610846772789955,-0.1761598438024521
1789225130257249300,31.737249267578125,-0.009247826412320137,0.09096506237983704,-0.3997676372528076
1789225130267288300,31.747288330078124,-0.09670071303844452,0.04086913540959358,-0.26495441794395447
1789225130277326300,31.757326416015626,-0.11315611749887466,-0.044316597282886505,-0.2209440916776657
1789225130287365400,31.767365478515625,-0.07906872034072876,-0.03476117551326752,-0.2733316719532013
1789225130297403400,31.7774033203125,-0.01193948369473219,-0.1618400365114212,-0.1719784140586853
1789225130307442400,31.7874423828125,0.029928870499134064,-0.1594836711883545,-0.08016141504049301
1789225130317480400,31.79748046875,-0.006959904916584492,-0.11331404000520706,0.13042618334293365
1789225130327519500,31.80751953125,-0.020124709233641624,-0.15781733393669128,0.26343563199043274
1789225130337557200,31.81755712890625,-0.05596792697906494,-0.09264364838600159,-0.007011037785559893
1789225130347596300,31.82759619140625,-0.10036468505859375,0.03190626576542854,-0.1342339664697647
1789225130357634300,31.83763427734375,-0.11342483013868332,-0.025370337069034576,0.22557027637958527
1789225130367673300,31.84767333984375,-0.09912791848182678,0.003055977402254939,0.3891426920890808
1789225130377712400,31.85771240234375,-0.05675462633371353,0.0686216726899147,0.21464039385318756
1789225130387750400,31.86775048828125,-0.011532286182045937,0.0813334733247757,0.054542869329452515
1789225130397789400,31.87778955078125,0.03400244191288948,-0.10029331594705582,-0.09397576004266739
1789225130407827500,31.887827392578124,-0.01127768773585558,-0.1317194104194641,0.09132405370473862
1789225130417866500,31.897866455078123,-0.04905862361192703,-0.23318985104560852,0.13399162888526917
1789225130427904300,31.907904296875,-0.08345974236726761,-0.0636356994509697,-0.2768577039241791
1789225130437943600,31.917943603515624,-0.09797583520412445,-0.019099658355116844,-0.06342797726392746
1789225130447981300,31.927981201171875,0.001058872789144516,-0.1396854668855667,0.20356084406375885
1789225130458020400,31.938020263671874,0.06144072487950325,0.08609813451766968,-0.11518677324056625
1789225130468058400,31.948058349609376,0.0969795435667038,0.17993994057178497,-0.148724764585495
1789225130478097400,31.958097412109375,0.1375485360622406,-0.06338243186473846,0.016084693372249603
1789225130488135400,31.968135498046873,0.046182140707969666,-0.03050091676414013,0.010433732531964779
1789225130498174500,31.978174560546876,-0.1300850361585617,0.0869133248925209,0.2966391146183014
1789225130508213200,31.988213134765626,-0.16185814142227173,-0.2388429343700409,0.06464477628469467
1789225130518251500,31.99825146484375,-0.2447194755077362,-0.28176671266555786,0.009576194919645786
1789225130528290600,32.00829052734375,-0.1729656606912613,-0.3774532675743103,0.3852528929710388
1789225130538328300,32.018328369140626,-0.11659026145935059,-0.3173025846481323,0.6037759184837341
1789225130548367600,32.02836767578125,-0.08713570237159729,-0.06739768385887146,0.31535476446151733
1789225130558405400,32.0384052734375,-0.06253821402788162,-0.055937036871910095,0.19217130541801453
1789225130568444400,32.0484443359375,-0.02425500564277172,-0.2826703190803528,-0.11982414126396179
1789225130578482400,32.058482421875,-0.031091339886188507,-0.316394180059433,-0.43529340624809265
1789225130588521500,32.068521484375,-0.14397208392620087,-0.12128514796495438,-0.05162138119339943
1789225130598559500,32.0785595703125,-0.1318349987268448,-0.26686951518058777,-0.1367916762828827
1789225130608598500,32.0885986328125,-0.1086292713880539,-0.19709229469299316,-0.6067583560943604
1789225130618636300,32.09863623046875,-0.07397835701704025,-0.2595391571521759,-0.656398355960846
1789225130628675600,32.10867553710938,-0.030668163672089577,-0.45163482427597046,-0.24187974631786346
1789225130638713300,32.11871337890625,-0.02256203442811966,-0.2646324634552002,0.003858920419588685
1789225130648752400,32.12875244140625,-0.0395471416413784,-0.009282714687287807,-0.030247917398810387
1789225130658790400,32.13879028320312,-0.01931457594037056,0.07622792571783066,0.09223166108131409
1789225130668829400,32.14882934570313,0.00011052118497900665,0.01943894475698471,0.310455858707428
1789225130678868200,32.1588681640625,-0.02275058627128601,-0.10091782361268997,0.2372967004776001
1789225130688906500,32.16890649414062,-0.08520464599132538,-0.19619373977184296,0.2718570828437805
1789225130698945300,32.1789453125,-0.12096743285655975,-0.27565208077430725,0.40763595700263977
1789225130708983300,32.1889833984375,-0.10548567771911621,-0.29244038462638855,0.5629048943519592
1789225130719022600,32.19902270507812,-0.02340252697467804,-0.2181059718132019,0.24602654576301575
1789225130729060400,32.20906030273437,0.03705842047929764,-0.10457994043827057,-0.010783671401441097
1789225130739099400,32.21909936523438,0.07271575182676315,-0.1503990888595581,0.011035340838134289
1789225130749137400,32.22913745117187,0.05652346462011337,-0.07439274340867996,-0.19209326803684235
1789225130759176400,32.23917651367187,0.01852867752313614,-0.0023843280505388975,-0.3176940679550171
1789225130769214500,32.24921435546875,0.07546067237854004,-0.11933811008930206,-0.584133505821228
1789225130779253500,32.25925341796875,0.09319119900465012,-0.1418791115283966,-0.5285623669624329
1789225130789291300,32.26929125976562,0.12060204893350601,-0.08518306910991669,-0.15797951817512512
1789225130799330600,32.27933056640625,0.10933954268693924,0.04586682468652725,0.10112954676151276
1789225130809368300,32.289368408203124,0.1359940469264984,0.062191735953092575,-0.0142918536439538
1789225130819407400,32.29940747070312,0.1899947077035904,0.09564636647701263,-0.028667064383625984
1789225130829446400,32.3094462890625,0.22051478922367096,0.08456548303365707,0.04048004746437073
1789225130839484400,32.319484375,0.18553391098976135,0.20495207607746124,0.16370397806167603
1789225130849523200,32.32952319335938,0.15210005640983582,0.25169748067855835,0.461603581905365
1789225130859561500,32.3395615234375,0.15820348262786865,0.2631072700023651,0.5315142273902893
1789225130869600300,32.34960034179687,0.19004610180854797,0.20815320312976837,0.137404203414917
1789225130879638500,32.359638427734374,0.1900186687707901,0.20738114416599274,-0.009353820234537125
1789225130889677300,32.36967724609375,0.18821491301059723,0.07832010835409164,0.25121811032295227
1789225130899715300,32.37971533203125,0.23439306020736694,-0.05651121214032173,0.07231973856687546
1789225130909754600,32.389754638671874,0.1908027082681656,0.2090086042881012,-0.269318550825119
1789225130919792400,32.39979248046875,0.16594529151916504,0.23479706048965454,-0.3210456669330597
1789225130929831400,32.40983154296875,0.15009894967079163,0.24709181487560272,-0.18277807533740997
1789225130939869400,32.419869384765626,0.1365349441766739,0.39998361468315125,-0.1531948745250702
1789225130949908500,32.429908447265625,0.16974109411239624,0.2967813313007355,-0.24316124618053436
1789225130959946500,32.43994653320313,0.2522769868373871,0.05164055898785591,-0.32866764068603516
1789225130969985500,32.449985595703126,0.22334226965904236,-0.01830150932073593,-0.3988954424858093
1789225130980024300,32.4600244140625,0.09586474299430847,0.1070694625377655,-0.124422088265419
1789225130990062600,32.4700625,-0.01386734563857317,0.037933800369501114,0.005947371479123831
1789225131000101400,32.480101318359374,-0.06135709956288338,-0.01314989011734724,-0.011263839900493622
1789225131010139400,32.490139404296876,-0.04062412679195404,-0.0651736781001091,-0.22833943367004395
1789225131020178400,32.500178466796875,-0.014360297471284866,-0.06591376662254333,-0.20565302670001984
1789225131030216400,32.51021655273438,0.04970124363899231,-0.23803919553756714,0.09837024658918381
1789225131040255200,32.520255126953124,0.01931670680642128,-0.05596845969557762,0.19752319157123566
1789225131050293500,32.53029345703125,-0.07307953387498856,0.16484461724758148,0.008347944356501102
1789225131060332300,32.540332275390625,-0.14842648804187775,0.19480650126934052,0.2935221493244171
1789225131070370600,32.55037060546875,-0.1999615877866745,0.10428379476070404,0.2167205959558487
1789225131080409300,32.560409423828126,-0.18665936589241028,-0.04100282862782478,-0.07596027851104736
1789225131090447400,32.570447265625,-0.1626560240983963,-0.2785266935825348,0.006833404768258333
1789225131100486400,32.580486328125,-0.1208270862698555,-0.3042408525943756,0.47291722893714905
1789225131110524400,32.5905244140625,-0.11901719868183136,-0.33782491087913513,0.39698702096939087
1789225131120563500,32.6005634765625,-0.20445913076400757,-0.02954058162868023,0.19107355177402496
1789225131130601500,32.6106015625,-0.290012389421463,-0.2542314827442169,0.10992969572544098
1789225131140640500,32.620640625,-0.25699877738952637,-0.6429659128189087,-0.24936695396900177
1789225131150679300,32.63067919921875,-0.20987918972969055,-0.6775925755500793,-0.41948407888412476
1789225131160717600,32.64071752929687,-0.15472006797790527,-0.420438289642334,-0.2883164882659912
1789225131170756400,32.65075634765625,-0.14013659954071045,-0.05951019749045372,-0.132005974650383
1789225131180794400,32.66079443359375,-0.09270277619361877,-0.013265471905469894,-0.019151058048009872
1789225131190833400,32.67083349609375,-0.08317611366510391,0.04478558152914047,-0.34683331847190857
1789225131200871400,32.68087133789062,-0.07565934211015701,-0.1938307285308838,-0.5158412456512451
1789225131210910200,32.69091015625,-0.1512417197227478,-0.33402884006500244,-0.17891834676265717
1789225131220948500,32.70094848632812,-0.25375503301620483,-0.27222591638565063,0.29975154995918274
1789225131230987300,32.7109873046875,-0.2826303541660309,-0.19236944615840912,0.4719235897064209
1789225131241025500,32.721025634765624,-0.2335251420736313,-0.04785247519612312,0.5238525867462158
1789225131251064300,32.73106420898438,-0.1216750368475914,-0.20340558886528015,0.1097123846411705
1789225131261102000,32.74110205078125,-0.004010987002402544,-0.2537505030632019,0.014797321520745754
1789225131271141400,32.75114135742187,0.015017565339803696,-0.10787586867809296,0.6185966730117798
1789225131281179400,32.761179443359374,0.058099254965782166,-0.12430837005376816,0.39310920238494873
1789225131291218200,32.77121826171875,0.03358699008822441,0.2465653121471405,-0.19984839856624603
1789225131301256400,32.78125634765625,0.0022130869328975677,0.22816286981105804,-0.054001182317733765
1789225131311295200,32.79129516601562,-0.010207896120846272,0.03795776888728142,-0.02624412067234516
1789225131321334300,32.80133422851563,-0.005263737868517637,0.10254288464784622,-0.42051446437835693
1789225131331372300,32.81137231445312,0.051956143230199814,-0.10483107715845108,-0.4551725685596466
1789225131341411300,32.82141137695312,0.19917675852775574,-0.31757983565330505,-0.28131982684135437
1789225131351449300,32.831449462890625,0.23013919591903687,0.06385301798582077,-0.10887055844068527
1789225131361488400,32.84148828125,0.2409103512763977,0.31533077359199524,-0.25044259428977966
1789225131371526100,32.851526123046874,0.23880645632743835,0.22487331926822662,-0.33956101536750793
1789225131381565400,32.8615654296875,0.17712470889091492,0.24973180890083313,-0.40094050765037537
1789225131391603200,32.871603271484375,0.08805768936872482,0.3100803792476654,-0.1468685418367386
1789225131401642200,32.881642333984374,0.09508390724658966,0.29977259039878845,0.2585868239402771
1789225131411680300,32.89168017578125,0.18179643154144287,0.4287305772304535,0.3600204885005951
1789225131421719300,32.90171923828125,0.28684136271476746,0.3956381380558014,0.2053438276052475
1789225131431757300,32.91175732421875,0.33523285388946533,0.2375507652759552,0.0983116552233696
1789225131441796400,32.92179638671875,0.23408439755439758,0.0011624698527157307,0.17215950787067413
1789225131451834000,32.931834228515626,0.09955641627311707,0.029578132554888725,0.4174313247203827
1789225131461873400,32.941873291015625,0.03965633362531662,0.2529270648956299,0.3448474109172821
1789225131471911400,32.95191137695313,0.0715455561876297,0.3505287170410156,0.04145689681172371
1789225131481950200,32.9619501953125,0.18269871175289154,0.3109413683414459,-0.14009585976600647
1789225131491988500,32.97198852539063,0.21826788783073425,0.48433658480644226,-0.20173977315425873
1789225131502027300,32.98202734375,0.20414860546588898,0.402130663394928,-0.3333260416984558
1789225131512065500,32.9920654296875,0.16162191331386566,0.30566510558128357,-0.1687336266040802
1789225131522104300,33.00210424804688,0.09343168139457703,0.1585124135017395,0.2389012575149536
1789225131532143400,33.012143310546875,0.0661502555012703,0.06482294201850891,0.16418121755123138
1789225131542181400,33.02218139648438,0.026316825300455093,0.08147941529750824,0.10939067602157593
1789225131552220400,33.032220458984376,0.03508767858147621,-0.06578300893306732,0.22848829627037048
1789225131562258200,33.04225805664063,0.02948678657412529,-0.06428098678588867,-0.024622522294521332
1789225131572297200,33.052297119140626,-0.050393134355545044,0.087699756026268,-0.006582801695913076
1789225131582335200,33.06233520507813,-0.10411521792411804,0.06918919086456299,0.10810170322656631
1789225131592374300,33.07237426757813,-0.1255483329296112,0.0011893677292391658,0.13145789504051208
1789225131602412300,33.08241235351562,-0.09596966952085495,-0.029752569273114204,-0.17831061780452728
1789225131612451300,33.09245141601563,-0.07959043234586716,0.0723748654127121,-0.26300686597824097
1789225131622489000,33.10248901367188,-0.00187992537394166,-0.06376273185014725,-0.11790746450424194
1789225131632528400,33.1125283203125,0.044373057782649994,-0.1601017862558365,-0.09956441074609756
1789225131642566100,33.12256616210937,0.01944134198129177,-0.07235942035913467,-0.17572815716266632
1789225131652605200,33.13260522460938,-0.07766949385404587,0.04448571056127548,0.10575199872255325
1789225131662643500,33.1426435546875,-0.07685190439224243,-0.0813252180814743,-0.2114430069923401
1789225131672682200,33.15268212890625,-0.1616450846195221,-0.014081996865570545,-0.26009151339530945
1789225131682720500,33.162720458984374,-0.18576747179031372,-0.16415032744407654,0.1731310337781906
1789225131692759300,33.17275927734375,-0.17780515551567078,-0.17496275901794434,0.42757317423820496
1789225131702797300,33.18279736328125,-0.08513646572828293,-0.19951710104942322,0.23815077543258667
1789225131712836400,33.19283642578125,0.017911089584231377,-0.15024569630622864,-0.07016870379447937
1789225131722874400,33.202874267578125,-0.013865215703845024,0.004083424806594849,0.1719493865966797
1789225131732913200,33.2129130859375,-0.03923022747039795,-0.08182855695486069,0.15096022188663483
1789225131742952400,33.22295239257812,-0.0862632468342781,0.126888707280159,-0.24669979512691498
1789225131752990200,33.232990234375,-0.11586614698171616,0.012212724424898624,-0.11371590942144394
1789225131763029200,33.243029296875,-0.026488598436117172,-0.21441508829593658,0.04129897058010101
1789225131773067300,33.2530673828125,0.021510351449251175,-0.082403264939785,-0.09052936732769012
1789225131783106300,33.26310620117187,0.07884341478347778,-0.09868769347667694,-0.12258823215961456
1789225131793144300,33.273144287109375,0.08737964928150177,-0.01263882964849472,0.20707914233207703
1789225131803183400,33.283183349609374,-0.023188943043351173,0.10538474470376968,0.2648217976093292
1789225131813221000,33.29322119140625,0.016868995502591133,-0.0657353401184082,-0.2551577389240265
1789225131823260400,33.303260498046875,0.05491571128368378,0.17547328770160675,-0.8132659792900085
1789225131833298200,33.313298095703125,0.011353322304785252,0.18266701698303223,0.11680890619754791
1789225131843337200,33.323337158203124,0.10128454118967056,0.016440758481621742,0.6388947367668152
1789225131853375200,33.333375244140626,0.11722063273191452,0.23135359585285187,0.20679445564746857
1789225131863414300,33.343414306640625,0.16732294857501984,0.10787719488143921,-0.01703331246972084
1789225131873452500,33.35345263671875,0.16809047758579254,0.054601460695266724,0.34605568647384644
1789225131883491300,33.3634912109375,0.1267387717962265,0.1267070770263672,0.3332085907459259
1789225131893529300,33.373529296875,0.06273182481527328,0.23710894584655762,-0.061232998967170715
1789225131903568400,33.383568359375,0.004874916281551123,0.16611520946025848,0.06813085079193115
1789225131913606400,33.3936064453125,0.039089612662792206,-0.057318150997161865,0.28750741481781006
1789225131923645200,33.403645263671876,0.1317194104194641,-0.051350004971027374,-0.2451956421136856
1789225131933683500,33.41368334960937,0.16496285796165466,0.19135025143623352,-0.483049213886261
1789225131943722200,33.42372216796875,0.2441980242729187,0.16013933718204498,-0.05042988434433937
1789225131953761300,33.43376123046875,0.2661520540714264,0.24557754397392273,-0.03166498616337776
1789225131963799300,33.44379931640625,0.29813796281814575,0.35628968477249146,-0.4502031207084656
1789225131973838300,33.45383837890625,0.3008895218372345,0.27418601512908936,-0.7599694728851318
1789225131983876400,33.46387646484375,0.17470575869083405,0.3034411072731018,-0.17859451472759247
1789225131993915400,33.47391528320313,0.10263609886169434,0.21459458768367767,0.23984667658805847
1789225132003953200,33.483953125,0.094031423330307,0.24315886199474335,0.027880899608135223
1789225132013992200,33.4939921875,0.13857732713222504,0.22556574642658234,-0.03646959364414215
1789225132024030200,33.5040302734375,0.2558269798755646,0.012479572556912899,-0.22218193113803864
1789225132034069200,33.5140693359375,0.257404625415802,0.13859063386917114,0.07872197777032852
1789225132044107300,33.52410717773437,0.18746337294578552,0.4069749414920807,0.7120786905288696
1789225132054146300,33.53414624023438,0.21304436028003693,0.31788715720176697,0.35141128301620483
1789225132064184300,33.54418432617187,0.22310125827789307,0.5785840153694153,-0.2903735041618347
1789225132074223400,33.55422338867187,0.20899556577205658,0.40732595324516296,-0.2688511610031128
1789225132084261400,33.564261474609374,0.2018289864063263,0.2895253002643585,0.2775906026363373
1789225132094300200,33.57430004882813,0.20953591167926788,0.3904132843017578,0.23166199028491974
1789225132104338400,33.58433837890625,0.28803497552871704,0.37678083777427673,-0.27823400497436523
1789225132114377200,33.59437719726562,0.22599025070667267,0.2663504481315613,-0.3433946371078491
1789225132124415500,33.60441552734375,0.21997497975826263,-0.1037817895412445,-0.3497755825519562
1789225132134454300,33.61445434570312,0.11678387224674225,0.023064572364091873,-0.35532188415527344
1789225132144492300,33.6244921875,-0.004801679402589798,0.23258744180202484,-0.1392686814069748
1789225132154531300,33.63453125,-0.013102752156555653,0.12463673949241638,0.1744128167629242
1789225132164569300,33.6445693359375,0.015621836297214031,0.04384415224194527,-0.007236873731017113
1789225132174608100,33.654608154296874,0.06405089050531387,0.2722890377044678,-0.40177538990974426
1789225132184646400,33.664646484375,0.09797929227352142,0.12409931421279907,0.05876850709319115
1789225132194685200,33.674685302734375,0.0915626734495163,0.023624103516340256,0.512178361415863
1789225132204723500,33.68472338867188,0.027750138193368912,0.17994552850723267,0.2848040461540222
1789225132214762200,33.69476220703125,-0.04259113594889641,0.20167692005634308,0.3648775815963745
1789225132224801300,33.70480126953125,-0.02624412067234516,0.025789253413677216,0.4902746379375458
1789225132234839300,33.71483935546875,-0.02027038484811783,0.013515009544789791,0.20791111886501312
1789225132244878300,33.72487841796875,-0.04673448204994202,0.005031510256230831,0.06850555539131165
1789225132254916400,33.734916259765626,-0.050092995166778564,-0.04621942713856697,0.3655305802822113
1789225132264955400,33.744955322265625,-0.022425148636102676,-0.019160911440849304,0.42564716935157776
1789225132274993400,33.75499340820313,0.008955145254731178,0.22275371849536896,0.03609967976808548
1789225132285032200,33.7650322265625,-0.011685950681567192,0.07909774780273438,-0.296818345785141
1789225132295070500,33.77507055664063,0.022042185068130493,-0.174688458442688,-0.2655744254589081
1789225132305109200,33.785109130859375,-0.04687776044011116,-0.192062646150589,-0.09388095140457153
1789225132315147500,33.7951474609375,-0.12379730492830276,-0.05943802744150162,-0.11729493737220764
1789225132325186300,33.805186279296876,-0.15501540899276733,-0.059366654604673386,-0.17159518599510193
1789225132335224300,33.81522436523438,-0.08215052634477615,-0.22799988090991974,-0.2557779848575592
1789225132345263400,33.82526342773438,-0.01786501705646515,-0.2114190310239792,-0.6196470260620117
1789225132355301400,33.83530126953125,-0.02456047013401985,-0.03592524304986,-0.4594935476779938
1789225132365340200,33.84534008789063,0.009267267771065235,0.023430490866303444,0.24554452300071716
1789225132375378400,33.85537841796875,0.028264926746487617,0.10704842209815979,0.3642091155052185
1789225132385417200,33.86541723632813,0.05818527564406395,0.3238361179828644,0.06580724567174911
1789225132395455500,33.87545556640625,0.06011047586798668,0.05526192486286163,-0.08850350230932236
1789225132405494300,33.88549438476562,-0.030398918315768242,-0.14440858364105225,0.15747031569480896
1789225132415532300,33.8955322265625,-0.13462571799755096,-0.13961568474769592,0.2733769416809082
1789225132425571300,33.9055712890625,-0.17498353123664856,-0.0026610305067151785,0.29057538509368896
1789225132435609300,33.915609375,-0.09850473701953888,0.0030245520174503326,0.4016478359699249
1789225132445648400,33.9256484375,0.013830062001943588,0.07805006206035614,0.2725982367992401
1789225132455686400,33.935686279296874,0.044557880610227585,0.13294179737567902,0.19317638874053955
1789225132465725400,33.94572534179687,0.08889605104923248,-0.039446741342544556,0.051833368837833405
1789225132475764200,33.95576416015625,0.0412779301404953,-0.13397377729415894,0.0316319614648819
1789225132485802500,33.965802490234374,-0.029253758490085602,0.0021752698812633753,-0.04174771159887314
1789225132495841300,33.97584130859375,-0.09705890715122223,-0.02852325327694416,-0.38159263134002686
1789225132505879300,33.98587939453125,-0.13835254311561584,-0.029639918357133865,-0.3977300524711609
1789225132515918300,33.99591845703125,-0.10329150408506393,-0.1391160786151886,-0.3345737159252167
1789225132525956400,34.005956298828124,-0.061217550188302994,-0.05470478907227516,-0.30555006861686707
1789225132535995100,34.0159951171875,-0.006110090296715498,-0.009220129810273647,0.031752072274684906
1789225132546033400,34.026033447265625,0.026015089824795723,0.03820065036416054,0.16437935829162598
1789225132556072200,34.036072265625,0.023450197651982307,0.08002692461013794,0.07656747847795486
1789225132566110500,34.0461103515625,-0.05116864666342735,0.061229001730680466,0.14220666885375977
1789225132576149200,34.05614916992187,-0.12011841684579849,-0.01176451425999403,0.23107662796974182
1789225132586187300,34.066187255859376,-0.13540922105312347,-0.08347518742084503,0.22939510643482208
1789225132596226300,34.076226318359375,-0.09920620918273926,-0.1111731231212616,0.3667992949485779
1789225132606264300,34.08626440429688,0.025364745408296585,-0.30844199657440186,0.07476052641868591
1789225132616303000,34.09630322265625,0.04899071156978607,-0.06403171271085739,-0.23213256895542145
1789225132626341400,34.10634130859375,-0.033787257969379425,0.013831925578415394,-0.06443225592374802
1789225132636380400,34.11638037109375,-0.11296729743480682,-0.052022986114025116,0.0041553303599357605
1789225132646418400,34.12641845703125,-0.16235695779323578,-0.018850119784474373,-0.291098952293396
1789225132656457500,34.13645751953125,-0.11688826978206635,0.10110664367675781,-0.6597337126731873
1789225132666495200,34.1464951171875,-0.05344484746456146,-0.05627019703388214,-0.2981121242046356
1789225132676534500,34.15653442382813,0.013100089505314827,-0.15033277869224548,0.22098538279533386
1789225132686572300,34.166572265625,-0.00185036426410079,-0.011360778473317623,0.34374165534973145
1789225132696611300,34.176611328125,-0.03802993893623352,0.11388581991195679,0.12910498678684235
1789225132706649300,34.1866494140625,-0.07078762352466583,-0.04092080146074295,-0.06336858868598938
1789225132716688400,34.1966884765625,-0.14767813682556152,-0.13122087717056274,-0.01555152889341116
1789225132726726400,34.20672631835937,-0.18969988822937012,-0.08552368730306625,0.24919916689395905
1789225132736765400,34.21676538085938,-0.14727413654327393,-0.023985760286450386,0.36034274101257324
1789225132746803200,34.22680322265625,-0.05012601613998413,0.010213222354650497,0.17035922408103943
1789225132756842500,34.23684252929687,0.049903642386198044,0.04506387934088707,-0.15671131014823914
1789225132766880300,34.24688037109375,0.05594342574477196,-0.01823919080197811,-0.1862654834985733
1789225132776919300,34.25691918945312,-0.047152064740657806,-0.019605126231908798,0.0021313277538865805
1789225132786957300,34.266957275390624,-0.13096441328525543,0.002016545506194234,-0.025910692289471626
1789225132796996400,34.27699633789062,-0.13541720807552338,0.049977678805589676,-0.2194487303495407
1789225132807035100,34.28703515625,-0.08659428358078003,0.029388515278697014,-0.20046386122703552
1789225132817073400,34.297073486328124,-0.004427238833159208,-0.09431052207946777,-0.26386573910713196
1789225132827112200,34.3071123046875,0.009029979817569256,0.03538408875465393,-0.22498197853565216
1789225132837150200,34.31715014648437,-0.047377102077007294,0.1127326712012291,0.27272313833236694
1789225132847189500,34.327189453125,-0.0722438395023346,0.12481863051652908,0.55979323387146
1789225132857227300,34.337227294921874,-0.014614362269639969,-0.06192941218614578,0.04933958500623703
1789225132867266300,34.34726635742187,0.041359689086675644,-0.05933070182800293,-0.6803942322731018
1789225132877304300,34.35730419921875,-0.010788199491798878,-0.08130177855491638,-0.14890426397323608
1789225132887343400,34.36734326171875,-0.05487656593322754,-0.12611372768878937,0.5345552563667297
1789225132897381400,34.37738134765625,-0.06366979330778122,-0.14932957291603088,0.16948729753494263
1789225132907420400,34.38742041015625,-0.02491307258605957,0.11495134979486465,-0.32574453949928284
1789225132917458200,34.397458251953125,0.0057404437102377415,0.13748063147068024,-0.13663427531719208
1789225132927497500,34.40749755859375,-0.02105868048965931,0.11437637358903885,0.09601787477731705
1789225132937535200,34.41753515625,-0.08699242025613785,0.24429894983768463,0.11399953812360764
1789225132947574300,34.42757421875,-0.08569146692752838,0.10621405392885208,0.31518325209617615
1789225132957612300,34.4376123046875,-0.029619943350553513,-0.034203775227069855,0.17732897400856018
1789225132967651300,34.4476513671875,-0.03129240870475769,-0.05312127619981766,0.16002801060676575
1789225132977689300,34.457689453125,-0.03906750679016113,-0.11854448914527893,0.3425922393798828
1789225132987728400,34.467728271484376,-0.06785760819911957,-0.09519123286008835,0.3899272680282593
1789225132997766100,34.47776611328125,-0.07991587370634079,0.006179599091410637,-0.013025786727666855
1789225133007805400,34.48780541992188,-0.07082916796207428,0.1558346003293991,-0.4500390589237213
1789225133017843200,34.49784326171875,-0.10196418315172195,0.07547877728939056,-0.07836750894784927
1789225133027882200,34.50788232421875,-0.11656549572944641,0.028836175799369812,0.2744949460029602
1789225133037920300,34.51792016601563,-0.10643855482339859,0.1595718115568161,0.07259590923786163
1789225133047959300,34.52795922851563,-0.018990468233823776,-0.00435986090451479,-0.26812171936035156
1789225133057997300,34.53799731445312,-0.005998503882437944,-0.12332619726657867,-0.343993604183197
1789225133068036400,34.54803637695313,-0.09250383079051971,-0.1508512943983078,-0.23560400307178497
1789225133078074000,34.55807421875,-0.22336651384830475,-0.08184240013360977,-0.16750749945640564
1789225133088113400,34.56811352539062,-0.30251458287239075,-0.02400067448616028,0.11338461190462112
1789225133098151200,34.57815112304687,-0.2811698913574219,-0.07674910873174667,0.2655717432498932
1789225133108190200,34.58819018554688,-0.21333837509155273,0.054121557623147964,0.1263672560453415
1789225133118228200,34.59822827148437,-0.12196505069732666,-0.012504073791205883,0.04855075851082802
1789225133128267300,34.60826733398437,-0.09492438286542892,-0.11519050598144531,0.47690823674201965
1789225133138305500,34.618305419921874,-0.09335604310035706,-0.20805147290229797,0.6591557860374451
1789225133148344300,34.62834423828125,-0.13629871606826782,-0.1366467922925949,0.057308297604322433
1789225133158382300,34.63838232421875,-0.1961817592382431,-0.13744761049747467,-0.40472859144210815
1789225133168421400,34.64842138671875,-0.23916970193386078,-0.15351125597953796,-0.00022184131375979632
1789225133178459400,34.65845947265625,-0.2501493990421295,-0.1177615225315094,0.27169010043144226
1789225133188498200,34.668498291015624,-0.18294104933738708,-0.09965788573026657,-0.08975385129451752
1789225133198536400,34.678536376953126,-0.02894376777112484,-0.06281784176826477,-0.6746143698692322
1789225133208575200,34.6885751953125,-0.02617035061120987,-0.27138596773147583,-0.5541002154350281
1789225133218614300,34.6986142578125,-0.032588303089141846,-0.24366113543510437,-0.07983171194791794
1789225133228652300,34.70865234375,-0.09102817624807358,-0.01697578839957714,-0.16516339778900146
1789225133238691300,34.71869140625,-0.08689121901988983,0.0820368155837059,-0.19781054556369781
1789225133248729300,34.728729248046875,-0.0603320486843586,-0.044012732803821564,-0.1265435665845871
1789225133258768600,34.7387685546875,-0.08066235482692719,0.002570749493315816,-0.08599080890417099
1789225133268806400,34.748806396484376,-0.09061405807733536,-0.0033846113365143538,0.332869291305542
1789225133278845400,34.758845458984375,-0.035827506333589554,-0.1850915551185608,0.5250792503356934
1789225133288883500,34.76888354492188,0.022343654185533524,-0.16141526401042938,0.13657861948013306
1789225133298922500,34.778922607421876,0.029589051380753517,-0.10145711898803711,-0.029576268047094345
1789225133308960500,34.78896044921875,0.02279719151556492,-0.04108298942446709,0.444862961769104
1789225133318999600,34.79899951171875,0.037646979093551636,-0.0189041830599308,0.35400548577308655
1789225133329037300,34.80903735351563,0.061034057289361954,0.23289503157138824,-0.06597448885440826
1789225133339076600,34.81907666015625,0.10457035154104233,0.10452055186033249,-0.32683590054512024
1789225133349114400,34.8291142578125,0.11618785560131073,0.05215667933225632,-0.24479004740715027
1789225133359153400,34.8391533203125,0.10130185633897781,0.057075802236795425,-0.07232879102230072
1789225133369191400,34.84919140625,0.12163136154413223,0.016229037195444107,-0.0957089513540268
1789225133379230500,34.85923046875,0.17514145374298096,0.0669979453086853,-0.3219892084598541
1789225133389268700,34.869268798828124,0.20225270092487335,0.06306951493024826,-0.4026627540588379
1789225133399307500,34.8793076171875,0.17528633773326874,0.11977380514144897,-0.1970590054988861
1789225133409345500,34.88934545898437,0.1264447569847107,0.1495857685804367,0.2805887758731842
1789225133419384600,34.89938452148437,0.12021429091691971,0.12860457599163055,0.42889145016670227
1789225133429422600,34.909422607421874,0.14219442009925842,0.19742704927921295,0.10344862937927246
1789225133439461400,34.91946142578125,0.17679022252559662,0.1559528410434723,-0.06293635815382004
1789225133449499600,34.929499755859375,0.21955285966396332,0.029080387204885483,0.0036487970501184464
1789225133459538400,34.93953833007812,0.19804809987545013,0.13249465823173523,0.07936060428619385
1789225133469576700,34.94957666015625,0.1731315702199936,0.25749945640563965,0.028235899284482002
1789225133479615500,34.95961547851562,0.2107897251844406,0.30479344725608826,-0.18727907538414001
1789225133489653500,34.969653564453125,0.21715575456619263,0.3343183398246765,-0.11119683086872101
1789225133499692500,34.979692626953124,0.22278593480587006,0.26035836338996887,-0.12598562240600586
1789225133509730600,34.98973046875,0.199905127286911,0.2811792194843292,-0.17575691640377045
1789225133519769300,34.99976928710937,0.22328075766563416,0.22779588401317596,-0.01912708953022957
1789225133529807600,35.0098076171875,0.29744952917099,0.16740603744983673,-0.23113521933555603
1789225133539846400,35.019846435546874,0.266892671585083,0.3327622413635254,-0.3456985354423523
1789225133549884700,35.029884765625,0.16398733854293823,0.39936283230781555,0.24626277387142181
1789225133559923500,35.03992333984375,0.16378094255924225,0.23238477110862732,0.4320880174636841
1789225133569961500,35.04996142578125,0.1652078628540039,0.26299887895584106,-0.020774520933628082
1789225133580000500,35.06000048828125,0.1586833894252777,0.28814178705215454,-0.18618638813495636
1789225133590038500,35.07003857421875,0.13503398001194,0.20090781152248383,0.4602088928222656
1789225133600077600,35.08007763671875,0.20341676473617554,0.05596259981393814,0.20054560899734497
1789225133610115600,35.09011547851563,0.21049198508262634,0.4046225845813751,-0.4785071909427643
1789225133620154600,35.10015454101563,0.1737488955259323,0.38144588470458984,-0.3099658489227295
1789225133630192600,35.11019262695312,0.15849749743938446,0.27193430066108704,0.4154416620731354
1789225133640231700,35.12023168945313,0.21502095460891724,0.14221732318401337,-0.04536854848265648
1789225133650269400,35.13026953125,0.1816539466381073,0.5155296325683594,-0.6160892844200134
1789225133660308500,35.14030859375,0.1189144030213356,0.4772062301635742,-0.05620042234659195
1789225133670346500,35.15034643554687,0.15901760756969452,0.0936465933918953,0.10322438925504684
1789225133680385500,35.16038549804688,0.12304230034351349,0.27733761072158813,-0.3470807373523712
1789225133690423600,35.17042358398437,0.020831245929002762,0.2940819561481476,-0.41041654348373413
1789225133700462600,35.18046264648437,-0.017416540533304214,-0.0699673667550087,0.2754853665828705
1789225133710500400,35.19050024414062,0.000036485307646216825,-0.25725311040878296,0.3709961771965027
1789225133720539600,35.20053955078125,-0.05768619850277901,0.09742695093154907,-0.039799343794584274
1789225133730577400,35.210577392578124,-0.07604443281888962,0.18619650602340698,0.22784221172332764
1789225133740616400,35.22061645507812,-0.08829870074987411,0.07992839068174362,0.49080967903137207
1789225133750654500,35.230654541015625,-0.11277341842651367,0.07325450330972672,0.1399962455034256
1789225133760693500,35.24069360351562,-0.13531175255775452,0.05927291139960289,-0.3091197609901428
1789225133770732500,35.25073266601562,-0.1927875578403473,-0.10813632607460022,0.2520618140697479
1789225133780770600,35.2607705078125,-0.13966815173625946,-0.357927531003952,0.45786768198013306
1789225133790809600,35.2708095703125,-0.13345232605934143,-0.16835306584835052,-0.037333790212869644
1789225133800847600,35.28084765625,-0.23120898008346558,-0.11757110804319382,-0.16642040014266968
1789225133810886700,35.29088671875,-0.2765468955039978,-0.30477508902549744,0.020633639767766
1789225133820924400,35.30092431640625,-0.3412281572818756,-0.26328223943710327,-0.0823364183306694
1789225133830963700,35.310963623046874,-0.3162865936756134,-0.35047972202301025,-0.5662058591842651
1789225133841001500,35.32100146484375,-0.28346315026283264,-0.3601091802120209,-0.6599648594856262
1789225133851040500,35.33104052734375,-0.2944580018520355,-0.435486763715744,0.11282375454902649
1789225133861078500,35.34107861328125,-0.28052034974098206,-0.4574764668941498,0.2754259705543518
1789225133871117600,35.35111767578125,-0.31832683086395264,-0.2864783704280853,0.09650257229804993
1789225133881155600,35.361155517578126,-0.2884560227394104,-0.5105948448181152,-0.15703968703746796
1789225133891194600,35.371194580078125,-0.38421425223350525,-0.41252657771110535,-0.06760407984256744
1789225133901232400,35.381232421875,-0.42959877848625183,-0.25391721725463867,0.5854799747467041
1789225133911271700,35.391271728515626,-0.4337144196033478,-0.3126199543476105,0.490186482667923
1789225133921309400,35.40130932617188,-0.30111002922058105,-0.2846445143222809,0.09417097270488739
1789225133931348500,35.411348388671875,-0.23686766624450684,-0.3550422489643097,-0.115297831594944
1789225133941386500,35.42138647460938,-0.26941707730293274,-0.3960477411746979,0.3912164866924286
1789225133951425500,35.43142553710938,-0.24461400508880615,-0.5967848300933838,0.4051661491394043
1789225133961463600,35.44146362304687,-0.27953070402145386,-0.47626399993896484,0.1048521101474762
1789225133971502600,35.45150268554688,-0.2551955580711365,-0.4555014669895172,-0.20247134566307068
1789225133981540400,35.46154028320313,-0.2651565670967102,-0.4797881841659546,-0.2308606505393982
1789225133991579600,35.47157958984375,-0.2737516462802887,-0.4394330382347107,-0.566290557384491
1789225134001617400,35.48161743164062,-0.3163267970085144,-0.4085736572742462,-0.45457175374031067
1789225134011656400,35.49165649414063,-0.25599583983421326,-0.42731696367263794,-0.03856470435857773
1789225134021694500,35.50169458007812,-0.22730319201946259,-0.21904419362545013,0.13420440256595612
1789225134031733500,35.5117333984375,-0.1583946943283081,-0.21106696128845215,0.011286742985248566
1789225134041771500,35.521771484375,-0.11445813626050949,-0.23351235687732697,-0.05753013864159584
1789225134051810600,35.531810546875,-0.14980706572532654,-0.2511986792087555,0.2894376814365387
1789225134061848600,35.5418486328125,-0.13037239015102386,-0.4196252226829529,0.3457994759082794
1789225134071887600,35.5518876953125,-0.18955741822719574,-0.22437185049057007,0.04038817062973976
1789225134081925600,35.561925537109374,-0.20549163222312927,-0.2363787144422531,0.23747193813323975
1789225134091964400,35.57196435546875,-0.1705925166606903,-0.35161954164505005,0.409751296043396
1789225134102002700,35.582002685546875,-0.14294171333312988,-0.2358628660440445,0.12160712480545044
1789225134112041500,35.59204150390625,-0.06691085547208786,-0.23016023635864258,-0.05146638676524162
1789225134122079500,35.60207958984375,0.022702116519212723,-0.2269977331161499,-0.1048491820693016
1789225134132118500,35.61211840820312,0.012298744171857834,-0.050811782479286194,-0.20061326026916504
1789225134142156500,35.622156494140626,-0.033306024968624115,0.019466375932097435,-0.061896391212940216
1789225134152195300,35.6321953125,-0.06228627637028694,-0.027293939143419266,0.06981956213712692
1789225134162233600,35.64223364257813,-0.056889381259679794,-0.1647663116455078,-0.1858883798122406
1789225134172272400,35.6522724609375,-0.03334251046180725,-0.1673157513141632,-0.546934187412262
1789225134182310700,35.662310546875,0.009496299549937248,-0.24357004463672638,-0.143270343542099
1789225134192349400,35.672349365234375,0.10050290822982788,-0.4135492444038391,0.17962248623371124
1789225134202387500,35.68238745117188,0.0915626734495163,-0.0376800000667572,-0.1189010888338089
1789225134212426500,35.692426513671876,0.034867703914642334,0.20392756164073944,-0.2904488742351532
1789225134222464500,35.70246459960938,0.005601160228252411,-0.039267778396606445,0.02787051349878311
1789225134232503300,35.71250341796875,-0.04176928475499153,-0.042273689061403275,-0.028487566858530045
1789225134242541600,35.72254150390625,-0.08816581219434738,0.07335969805717468,-0.015204252675175667
1789225134252580400,35.732580322265626,-0.05422888323664665,-0.01034718006849289,0.30268797278404236
1789225134262619000,35.74261889648437,0.015063904225826263,-0.1458892971277237,0.3664703965187073
1789225134272658000,35.75265795898437,0.05633677542209625,-0.1454530656337738,0.1186281144618988
1789225134282696000,35.762696044921874,0.00962572917342186,-0.06486794352531433,0.1610964834690094
1789225134292735000,35.77273486328125,-0.08127914369106293,0.0378967821598053,0.4924539029598236
1789225134302773000,35.78277294921875,-0.09790126234292984,-0.08166103810071945,0.367649644613266
1789225134312811800,35.79281176757812,-0.02895228937268257,-0.05494687333703041,-0.311383455991745
1789225134322850000,35.80285009765625,0.0016591493040323257,-0.18032635748386383,-0.7013986110687256
1789225134332888800,35.81288891601562,-0.0263581033796072,-0.19344057142734528,-0.08845529705286026
1789225134342927000,35.822927001953126,-0.04274160414934158,-0.21033166348934174,0.0513947494328022
1789225134352966000,35.8329658203125,-0.07200495153665543,-0.11946647614240646,-0.2834610044956207
1789225134363004000,35.84300390625,-0.06961449980735779,-0.07875686138868332,-0.45799553394317627
1789225134373043000,35.85304296875,-0.08407306671142578,-0.19278809428215027,-0.4322262406349182
1789225134383081000,35.8630810546875,-0.13471519947052002,-0.22147220373153687,-0.1596410572528839
1789225134393119700,35.87311962890625,-0.21097402274608612,-0.1582634001970291,0.40038976073265076
1789225134403158000,35.88315795898438,-0.20281675457954407,-0.19738364219665527,0.7225494384765625
1789225134413196800,35.89319677734375,-0.1477750837802887,-0.22206582129001617,0.4764632284641266
1789225134423234800,35.90323486328125,-0.08087460696697235,-0.4636092185974121,-0.1917947381734848
1789225134433273900,35.91327392578125,-0.17672710120677948,-0.5316764116287231,0.020789435133337975
1789225134443311900,35.92331176757813,-0.27043387293815613,-0.464663028717041,0.6462138891220093
1789225134453350700,35.9333505859375,-0.37008431553840637,-0.04876008257269859,0.36401522159576416
1789225134463389000,35.94338891601563,-0.3368792235851288,-0.052681319415569305,0.01859552226960659
1789225134473428000,35.95342797851563,-0.14528129994869232,-0.40066617727279663,-0.5720227360725403
1789225134483466000,35.96346606445312,-0.08057420700788498,-0.33447492122650146,-0.5691404342651367
1789225134493505000,35.97350512695313,-0.060323528945446014,-0.4220377802848816,-0.006395847536623478
1789225134503542800,35.98354272460937,-0.09515634179115295,-0.3148402273654938,0.22047963738441467
1789225134513582000,35.99358203125,-0.14649809896945953,-0.3433901071548462,-0.17788398265838623
1789225134523619800,36.00361987304687,-0.16006556153297424,-0.2647448480129242,-0.5298010110855103
1789225134533659000,36.01365893554687,-0.23071390390396118,-0.27086132764816284,-0.08061707764863968
1789225134543697000,36.02369677734375,-0.22246050834655762,-0.3966093957424164,0.1544060856103897
1789225134553736000,36.03373583984375,-0.17229241132736206,-0.3103858232498169,-0.10838533192873001
1789225134563774000,36.04377392578125,-0.09145854413509369,-0.24426940083503723,-0.16116279363632202
1789225134573813000,36.05381298828125,-0.030068686231970787,-0.28981396555900574,0.19844944775104523
1789225134583850800,36.063850830078124,-0.04101800546050072,-0.07953397184610367,0.5842562317848206
1789225134593890000,36.07389013671875,-0.01937130093574524,-0.07279777526855469,0.3799164295196533
1789225134603927800,36.083927734375,0.005489307455718517,0.1698092818260193,0.02695944532752037
1789225134613966800,36.093966796875,0.07393467426300049,-0.012319250032305717,-0.054420895874500275
1789225134624004900,36.1040048828125,0.11421366035938263,-0.08733809739351273,0.11695724725723267
1789225134634044000,36.1140439453125,0.10771048069000244,0.01877635158598423,0.22557532787322998
1789225134644082000,36.12408203125,0.08004796504974365,0.080480195581913,0.3072720766067505
1789225134654121000,36.134120849609374,0.10095271468162537,-0.05952058359980583,0.11497798562049866
1789225134664158700,36.14415869140625,0.08129538595676422,-0.09545807540416718,-0.10482095181941986
1789225134674198000,36.154197998046875,0.05365923419594765,-0.04573766142129898,-0.20982034504413605
1789225134684235800,36.16423583984375,0.04320313036441803,0.04235278442502022,0.0560946948826313
1789225134694274800,36.17427490234375,0.10679488629102707,0.034201111644506454,0.05445418879389763
1789225134704312800,36.18431274414063,0.14941053092479706,0.1557517796754837,-0.20341810584068298
1789225134714351900,36.194351806640626,0.16760124266147614,0.13868704438209534,-0.1810094714164734
1789225134724390000,36.20438989257813,0.1839890033006668,0.038902658969163895,0.01444312185049057
1789225134734429000,36.21442895507813,0.16399186849594116,-0.010933075100183487,0.07110133767127991
1789225134744466700,36.224466796875,0.1733108013868332,0.022548718377947807,0.10083553194999695
1789225134754506000,36.23450610351563,0.1937343180179596,0.02419774793088436,0.1215304285287857
1789225134764544000,36.2445439453125,0.1595502495765686,0.09701123088598251,0.2589966654777527
1789225134774582800,36.25458276367188,0.15339460968971252,0.08962788432836533,-0.16228078305721283
1789225134784621000,36.26462109375,0.03526850789785385,0.1382918357849121,-0.11903370916843414
1789225134794659800,36.27465991210938,0.036557476967573166,0.02845667488873005,0.49748194217681885
1789225134804698000,36.28469799804687,0.17846481502056122,-0.24426832795143127,0.21938881278038025
1789225134814737000,36.29473681640625,0.29057803750038147,0.3244539797306061,-0.3690435588359833
1789225134824775000,36.30477490234375,0.4047333598136902,0.2528594136238098,-0.23961685597896576
1789225134834814000,36.31481396484375,0.4370276629924774,0.17100264132022858,0.12895052134990692
1789225134844852000,36.32485205078125,0.3538976311683655,0.31960490345954895,-0.17850236594676971
1789225134854890800,36.33489086914062,0.300624281167984,0.2743242383003235,-0.5338228940963745
1789225134864929000,36.344928955078124,0.22915542125701904,0.09500507265329361,-0.24679327011108398
1789225134874967800,36.3549677734375,0.20415766537189484,0.12922775745391846,-0.025167405605316162
1789225134885005800,36.365005859375,0.17471322417259216,0.29412776231765747,-0.15505589544773102
1789225134895044900,36.375044921875,0.23385483026504517,0.17035788297653198,-0.23941338062286377
1789225134905083000,36.385082763671875,0.25909706950187683,0.18780718743801117,-0.18599969148635864
1789225134915122000,36.395121826171874,0.26992762088775635,0.23945359885692596,-0.06829463690519333
1789225134925160000,36.405159912109376,0.2762361168861389,0.31248998641967773,0.2885734736919403
1789225134935198700,36.41519873046875,0.32412800192832947,0.16351090371608734,0.5359838008880615
1789225134945237000,36.42523706054688,0.3267293870449066,0.15244972705841064,0.3231261372566223
1789225134955276000,36.435276123046876,0.22816233336925507,0.22246795892715454,0.18451978266239166
1789225134965313800,36.445313720703126,0.1636645644903183,0.05781190097332001,0.13673201203346252
1789225134975353000,36.45535302734375,0.06058211997151375,0.1171782910823822,0.19724781811237335
1789225134985390800,36.46539086914063,0.07323639839887619,0.1939907819032669,0.1757236272096634
1789225134995430000,36.475429931640626,0.15276451408863068,0.3207239508628845,-0.12839153409004211
1789225135005468000,36.48546801757813,0.2857515811920166,0.13854962587356567,-0.23431529104709625
1789225135015507000,36.4955068359375,0.4155135750770569,-0.13514983654022217,-0.2261982560157776
1789225135025545000,36.505544921875,0.3940359950065613,-0.04977155104279518,-0.2752600610256195
1789225135035584000,36.515583984375,0.19344882667064667,0.4913303256034851,0.07336289435625076
1789225135045621800,36.52562182617187,0.14920146763324738,0.2158646583557129,-0.14098721742630005
1789225135055661000,36.5356611328125,0.1698678582906723,0.2955392301082611,-0.5056573152542114
1789225135065698800,36.54569873046875,0.2291668802499771,0.254935622215271,-0.5505044460296631
1789225135075737900,36.55573779296875,0.3156551718711853,0.1846047341823578,-0.05098462104797363
1789225135085776000,36.56577587890625,0.39833247661590576,0.17571111023426056,0.2562549412250519
1789225135095815000,36.57581494140625,0.439152330160141,0.1273917704820633,-0.09690577536821365
1789225135105853000,36.58585302734375,0.32773950695991516,0.3148772418498993,-0.033429328352212906
1789225135115892000,36.59589208984375,0.2202838957309723,0.4318605959415436,0.16194576025009155
1789225135125929700,36.6059296875,0.23200340569019318,0.29946792125701904,-0.12933854758739471
1789225135135969000,36.61596899414062,0.252737432718277,0.35325154662132263,-0.005349225364625454
1789225135146006800,36.6260068359375,0.37233495712280273,0.3278263509273529,0.13755173981189728
1789225135156045800,36.6360458984375,0.43670275807380676,0.43744179606437683,0.015914518386125565
1789225135166083800,36.646083740234374,0.4506004750728607,0.5034050941467285,0.10973821580410004
1789225135176123000,36.65612280273437,0.4781476557254791,0.32752272486686707,0.1623028963804245
1789225135186161000,36.666160888671875,0.4955783188343048,0.38251593708992004,-0.4392758905887604
1789225135196200000,36.676199951171874,0.4016997516155243,0.49395751953125,-0.47999271750450134
1789225135206237700,36.68623779296875,0.3375394344329834,0.4385794997215271,-0.003486077766865492
1789225135216277000,36.696277099609375,0.33231988549232483,0.47223013639450073,0.21360495686531067
1789225135226314800,36.706314697265626,0.42241302132606506,0.46197056770324707,-0.10949932783842087
1789225135236353800,36.716353759765624,0.5918492078781128,0.6176360249519348,-0.5643233060836792
1789225135246392000,36.72639208984375,0.6004626750946045,0.6800118088722229,-0.24072232842445374
1789225135256430800,36.736430908203126,0.5403439402580261,0.6931438446044922,0.40015938878059387
1789225135266468600,36.746468505859376,0.46999067068099976,0.767199695110321,0.36629170179367065
1789225135276507600,36.756507568359375,0.4343791604042053,0.6911073327064514,-0.028720328584313393
1789225135286545400,36.76654541015625,0.30578067898750305,0.5277748703956604,-0.22685684263706207
1789225135296584700,36.776584716796876,0.2570866644382477,0.4130443036556244,0.2820327579975128
1789225135306622500,36.78662255859375,0.33814290165901184,0.25055205821990967,0.4583563804626465
1789225135316661500,36.79666162109375,0.3224659264087677,0.5734350085258484,0.2781003415584564
1789225135326699500,36.80669946289063,0.3369159698486328,0.5613275170326233,-0.07923197001218796
1789225135336738600,36.816738525390626,0.3197100758552551,0.541845440864563,-0.08828698843717575
1789225135346776600,36.82677661132813,0.21212078630924225,0.5287764668464661,0.07555467635393143
1789225135356815600,36.83681567382813,0.20033948123455048,0.3682698905467987,-0.26642024517059326
1789225135366853400,36.84685327148438,0.12565992772579193,0.36484748125076294,-0.2736629545688629
1789225135376892700,36.856892578125,0.10920877754688263,0.294536292552948,0.20326070487499237
1789225135386930400,36.86693041992187,0.1191953644156456,0.3426031470298767,0.3406236171722412
1789225135396969500,36.87696948242188,0.15164677798748016,0.38748353719711304,-0.07760345190763474
1789225135407007500,36.88700756835937,0.25116750597953796,0.33398622274398804,-0.5450047254562378
1789225135417046500,36.89704663085938,0.19657723605632782,0.36963316798210144,-0.1095360815525055
1789225135427084500,36.90708447265625,0.10622657090425491,0.39341679215431213,0.4726138710975647
1789225135437123600,36.91712353515625,0.1032656654715538,0.25409191846847534,0.12241405993700027
1789225135447161300,36.92716137695312,0.038125280290842056,0.3688259720802307,-0.2730291485786438
1789225135457200600,36.93720068359375,-0.06036986783146858,0.2005338966846466,-0.0529463067650795
1789225135467238400,36.94723828125,-0.13717196881771088,0.011324560269713402,0.23643064498901367
1789225135477277400,36.95727734375,-0.17275606095790863,0.12188808619976044,-0.026581276208162308
1789225135487315500,36.9673154296875,-0.10729289799928665,0.08552981168031693,-0.17565305531024933
1789225135497354500,36.9773544921875,-0.054062969982624054,0.06351319700479507,-0.08085303753614426
1789225135507392500,36.987392578125,-0.1029554083943367,0.2639499008655548,0.36261388659477234
1789225135517431600,36.997431640625,-0.1289321482181549,0.4516923427581787,0.7127841114997864
1789225135527469600,37.007469482421875,-0.033305227756500244,0.3747648298740387,0.5265287756919861
1789225135537508600,37.017508544921874,0.09588764607906342,-0.16209062933921814,-0.2301064431667328
1789225135547546600,37.027546630859376,0.015417039394378662,0.021916750818490982,-0.9761771559715271
1789225135557585400,37.03758544921875,-0.12095890939235687,0.07366862893104553,-0.07806497067213058
1789225135567623700,37.04762377929688,-0.18778294324874878,-0.16150633990764618,0.4094325304031372
1789225135577662500,37.057662353515624,-0.27311888337135315,-0.14409005641937256,-0.0715162605047226
1789225135587700500,37.06770043945313,-0.2987379729747772,-0.03521471098065376,-0.5780287384986877
1789225135597739500,37.077739501953126,-0.2821568548679352,-0.11925608664751053,-0.3300809860229492
1789225135607777500,37.08777758789063,-0.35741111636161804,0.02189730852842331,0.12988875806331635
1789225135617816600,37.09781665039063,-0.4275582730770111,0.2690434455871582,0.3053008019924164
1789225135627854600,37.1078544921875,-0.3923579156398773,0.337870717048645,0.44935277104377747
1789225135637893400,37.117893310546876,-0.23082736134529114,-0.026815634220838547,0.5308310985565186
1789225135647931600,37.127931640625,-0.12164440751075745,-0.15246517956256866,0.2626020610332489
1789225135657970400,37.13797045898438,-0.1855323165655136,-0.495672345161438,0.11728907376527786
1789225135668008400,37.14800854492187,-0.2499624341726303,-0.5028290152549744,0.730216920375824
1789225135678047500,37.15804760742188,-0.2786974012851715,-0.48457279801368713,0.2678431570529938
1789225135688085500,37.16808544921875,-0.42074722051620483,-0.004835235420614481,-0.275784969329834
1789225135698124300,37.17812426757813,-0.5081122517585754,-0.12361381947994232,-0.02888890542089939
1789225135708162600,37.18816259765625,-0.5223382711410522,-0.15179432928562164,0.20068755745887756
1789225135718201600,37.19820166015625,-0.45987358689308167,-0.04096181318163872,-0.11958285421133041
1789225135728239600,37.20823950195312,-0.3875461220741272,-0.3085767328739166,-0.6341719031333923
1789225135738278700,37.21827856445312,-0.3259432315826416,-0.4431089758872986,-0.797088623046875
1789225135748316400,37.22831640625,-0.26888978481292725,-0.4449705481529236,0.06305646151304245
1789225135758354400,37.2383544921875,-0.2992492914199829,-0.49715039134025574,0.1983967125415802
1789225135768393500,37.2483935546875,-0.42808422446250916,-0.2769511640071869,-0.07546333223581314
1789225135778431500,37.258431396484376,-0.5420398116111755,-0.28582748770713806,0.09423542022705078
1789225135788470500,37.268470458984375,-0.5872656106948853,-0.4779849350452423,0.07607851922512054
1789225135798508300,37.27850830078125,-0.5794990658760071,-0.35336020588874817,-0.15176768600940704
1789225135808547600,37.288547607421876,-0.5040373206138611,-0.43828919529914856,0.2808292806148529
1789225135818585600,37.29858569335938,-0.3563748896121979,-0.5620055198669434,0.291171133518219
1789225135828624400,37.308624267578125,-0.359054297208786,-0.3169233500957489,0.06459151208400726
1789225135838662700,37.31866259765625,-0.3848731219768524,-0.3830145001411438,0.17635293304920197
1789225135848701400,37.328701416015626,-0.43372800946235657,-0.48429423570632935,0.1975863128900528
1789225135858739700,37.33873974609375,-0.4444245994091034,-0.38888436555862427,-0.1224212497472763
1789225135868778500,37.34877856445313,-0.39657077193260193,-0.4257822036743164,-0.08890829980373383
1789225135878816500,37.35881640625,-0.33498039841651917,-0.4288986325263977,0.09987466782331467
1789225135888855600,37.36885546875,-0.3133600354194641,-0.27409279346466064,0.015350992791354656
1789225135898893600,37.3788935546875,-0.35084402561187744,-0.0878257229924202,-0.10768278688192368
1789225135908932400,37.38893237304688,-0.33817511796951294,-0.4259167015552521,0.06637129932641983
1789225135918970600,37.398970703125,-0.32613682746887207,-0.6199857592582703,0.13130448758602142
1789225135929009400,37.40900952148438,-0.27809447050094604,-0.5775999426841736,-0.19614501297473907
1789225135939047700,37.419047607421874,-0.21935498714447021,-0.40693846344947815,-0.11237633973360062
1789225135949086500,37.42908642578125,-0.1794895976781845,-0.387967973947525,0.07420126348733902
1789225135959124500,37.43912451171875,-0.2012910395860672,-0.31907546520233154,-0.10654827952384949
1789225135969163500,37.44916357421875,-0.25344106554985046,-0.16480305790901184,-0.5768784880638123
1789225135979201500,37.459201416015624,-0.24318867921829224,-0.1265302449464798,-0.5311171412467957
1789225135989240300,37.469240234375,-0.20652973651885986,-0.161912739276886,0.2263796031475067
1789225135999278600,37.479278564453125,-0.08405335992574692,-0.19678230583667755,0.2275993376970291
1789225136009317600,37.489317626953124,0.012561065144836903,0.007527424953877926,-0.12566818296909332
1789225136019355600,37.499355712890626,0.043414052575826645,-0.13958533108234406,0.22205063700675964
1789225136029394700,37.509394775390625,0.000990695902146399,-0.3125744163990021,0.45007261633872986
1789225136039432400,37.519432373046875,-0.09450626373291016,-0.2708277702331543,-0.027634557336568832
1789225136049471700,37.5294716796875,-0.17304688692092896,-0.16126132011413574,-0.2598283886909485
1789225136059509500,37.539509521484376,-0.15887273848056793,-0.16993604600429535,0.28491082787513733
1789225136069548500,37.549548583984375,-0.09280743449926376,-0.0339806042611599,0.3560800850391388
1789225136079586600,37.55958666992188,0.052081577479839325,0.15166115760803223,-0.021992649883031845
1789225136089625600,37.56962548828125,0.25048255920410156,0.03292865678668022,-0.5996349453926086
1789225136099663600,37.57966357421875,0.17515157163143158,0.06551828980445862,-0.2787482738494873
1789225136109702700,37.58970263671875,0.06444636732339859,-0.06017891690135002,0.0007302387384697795
1789225136119740400,37.59974047851563,-0.05510399863123894,0.025891784578561783,-0.031692683696746826
1789225136129779500,37.60977954101563,-0.025471804663538933,-0.05185174569487572,-0.0390363484621048
1789225136139817500,37.6198173828125,0.068049356341362,-0.12248330563306808,-0.27199822664260864
1789225136149856500,37.6298564453125,0.07953476905822754,-0.10166031122207642,-0.10372959077358246
1789225136159894500,37.63989453125,0.0009462211164645851,-0.04658854007720947,0.3921075761318207
1789225136169933600,37.64993359375,-0.09610522538423538,0.04253920540213585,0.5477400422096252
1789225136179971600,37.6599716796875,-0.14373213052749634,0.0928519070148468,0.2819025218486786
1789225136190010600,37.6700107421875,-0.0921965092420578,0.11401871591806412,-0.05203603580594063
1789225136200048400,37.68004833984375,-0.025297898799180984,0.005958823021501303,0.09003348648548126
1789225136210087400,37.69008740234375,0.023516511544585228,-0.036672525107860565,0.5779541730880737
1789225136220125400,37.70012548828125,0.052498895674943924,0.021252024918794632,0.6118034720420837
1789225136230164500,37.71016455078125,0.10487368702888489,-0.07753261178731918,-0.07310057431459427
1789225136240202500,37.72020239257812,0.04759787768125534,-0.059611931443214417,-0.593112587928772
1789225136250241500,37.73024145507812,-0.09580802172422409,-0.008229433558881283,-0.12058980017900467
1789225136260278800,37.74027880859375,-0.12623755633831024,-0.024217188358306885,-0.23029258847236633
1789225136270317800,37.75031787109375,-0.10607104003429413,0.07922691106796265,-0.38571253418922424
1789225136280355600,37.76035546875,0.05224749073386192,0.006158027332276106,-0.42206230759620667
1789225136290395000,37.77039477539063,0.11091027408838272,0.08041547983884811,-0.18595921993255615
1789225136300432600,37.7804326171875,0.09979956597089767,0.05741535499691963,-0.08727391809225082
1789225136310471700,37.7904716796875,0.02430560626089573,0.05094786733388901,-0.0032405343372374773
1789225136320509700,37.800509765625,-0.08617988973855972,0.018184330314397812,0.40780797600746155
1789225136330548700,37.810548828125,-0.07081931084394455,-0.13962474465370178,0.29707056283950806
1789225136340586800,37.82058666992187,-0.07910200953483582,-0.016382701694965363,-0.028020715340971947
1789225136350625800,37.83062573242187,-0.052619002759456635,-0.08396680653095245,0.07961413264274597
1789225136360663800,37.840663818359374,-0.023152723908424377,-0.17012059688568115,0.1866905242204666
1789225136370702800,37.85070288085937,-0.04687349870800972,0.00911626685410738,-0.04002198576927185
1789225136380740900,37.860740966796875,-0.0885399878025055,0.05593916401267052,-0.08723077923059464
1789225136390779000,37.87077880859375,-0.0733857974410057,-0.045572277158498764,-0.07181986421346664
1789225136400818000,37.88081787109375,-0.02682921662926674,-0.0965166836977005,-0.36722007393836975
1789225136410855700,37.89085571289063,-0.06290865689516068,-0.04524817317724228,-0.29491978883743286
1789225136420895000,37.90089501953125,-0.055090151727199554,-0.19205093383789062,0.004238154739141464
1789225136430932700,37.9109326171875,-0.08552236109972,-0.15908180177211761,0.059959206730127335
1789225136440971800,37.9209716796875,-0.12304629385471344,-0.11536893993616104,0.07227073609828949
1789225136451009800,37.931009765625,-0.11610743403434753,-0.15045155584812164,0.034925758838653564
1789225136461048800,37.941048828125,-0.14043541252613068,-0.06148359924554825,0.15539439022541046
1789225136471086800,37.9510869140625,-0.13540390133857727,-0.003605387406423688,0.5501227974891663
1789225136481126000,37.9611259765625,-0.04827139154076576,-0.21913447976112366,0.37307503819465637
1789225136491163600,37.97116357421875,-0.03719770163297653,-0.1267869770526886,0.045099034905433655
1789225136501203000,37.98120288085938,-0.06444663554430008,-0.1572095900774002,0.2158185839653015
1789225136511240700,37.99124072265625,-0.057023338973522186,-0.29742342233657837,0.330587774515152
1789225136521279700,38.00127978515625,-0.07335624098777771,-0.2809906601905823,0.03191026300191879
1789225136531317800,38.01131787109375,-0.058035604655742645,-0.14987657964229584,-0.14232651889324188
1789225136541356800,38.02135668945313,-0.07417622953653336,0.022706378251314163,0.05053667724132538
1789225136551394800,38.03139477539062,-0.09645570069551468,0.14650315046310425,0.17083778977394104
1789225136561433900,38.04143383789062,0.00953731220215559,-0.05807368829846382,-0.0594947524368763
1789225136571471600,38.0514716796875,0.08664567768573761,-0.1966898888349533,-0.41696155071258545
1789225136581510700,38.0615107421875,0.03989921137690544,-0.16458788514137268,-0.5319605469703674
1789225136591548700,38.071548583984374,0.05868914723396301,-0.3303060233592987,0.13619671761989594
1789225136601587700,38.08158764648437,0.05402541905641556,-0.4121425449848175,0.12209101766347885
1789225136611625700,38.091625732421875,0.02737330086529255,-0.12524127960205078,-0.262075811624527
1789225136621664800,38.101664794921874,0.045104093849658966,-0.09437603503465652,-0.4888690114021301
1789225136631702800,38.111702880859376,0.0371130146086216,-0.02418762817978859,-0.08145996928215027
1789225136641741800,38.121741943359375,0.08138380199670792,0.026018284261226654,0.12837740778923035
1789225136651779800,38.13177978515625,0.16588936746120453,0.07861971110105515,-0.20790819823741913
1789225136661818600,38.141818603515624,0.1487434059381485,0.1301281750202179,-0.19960978627204895
1789225136671857000,38.15185693359375,0.13853684067726135,-0.02028210274875164,0.303468257188797
1789225136681895700,38.161895751953125,0.12160366028547287,-0.04585883393883705,0.3520185053348541
1789225136691934000,38.17193383789063,0.1134575828909874,0.08299022167921066,0.1557837426662445
1789225136701972700,38.18197265625,0.13774162530899048,0.048538241535425186,0.09460453689098358
1789225136712010800,38.1920107421875,0.1873781532049179,-0.04903438687324524,-0.07220868021249771
1789225136722049800,38.2020498046875,0.15045714378356934,0.08661185950040817,-0.015899071469902992
1789225136732087800,38.212087890625,0.16167917847633362,0.12075544893741608,0.1603555828332901
1789225136742126600,38.222126708984376,0.20733986794948578,0.09067291021347046,0.04975317418575287
1789225136752164900,38.23216479492187,0.2309618443250656,0.13732989132404327,-0.08356226980686188
1789225136762203600,38.24220361328125,0.22514310479164124,0.1397744119167328,-0.07847324013710022
1789225136772242000,38.25224194335937,0.21898508071899414,0.12364710867404938,-0.09945441782474518
1789225136782280700,38.26228076171875,0.18077510595321655,0.17939665913581848,-0.032107602804899216
1789225136792318700,38.27231860351562,0.19880816340446472,0.0938764289021492,-0.11076059937477112
1789225136802357800,38.28235766601563,0.2026769369840622,0.14430125057697296,-0.1314680129289627
1789225136812395800,38.29239575195312,0.2515536844730377,0.14409193396568298,0.10575492680072784
1789225136822433800,38.302433837890625,0.3132231533527374,0.15806260704994202,0.1329905390739441
1789225136832472800,38.312472900390624,0.31750205159187317,0.27001550793647766,0.03393666073679924
1789225136842510600,38.322510498046874,0.2991403639316559,0.3640400171279907,0.09202340245246887
1789225136852550000,38.3325498046875,0.2635011374950409,0.36336037516593933,0.28236323595046997
1789225136862587600,38.342587646484375,0.277537077665329,0.18850919604301453,-0.21261931955814362
1789225136872626700,38.352626708984374,0.19657297432422638,0.21359165012836456,-0.5385513305664062
1789225136882664700,38.362664794921876,0.18235063552856445,0.1470930427312851,-0.006587062496691942
1789225136892703700,38.372703857421875,0.22934983670711517,0.07306302338838577,0.3654237687587738
1789225136902741800,38.38274169921875,0.2654745578765869,0.24292369186878204,0.1309090107679367
1789225136912780800,38.39278076171875,0.3902431130409241,0.32387101650238037,-0.23566365242004395
1789225136922818600,38.40281860351563,0.3482309579849243,0.4078633785247803,-0.13777756690979004
1789225136932857900,38.41285791015625,0.28580963611602783,0.27290475368499756,-0.11944064497947693
1789225136942895900,38.42289575195313,0.18517598509788513,0.3990517854690552,-0.15205584466457367
1789225136952934700,38.4329345703125,0.14637959003448486,0.3727932870388031,0.038056306540966034
1789225136962973000,38.44297290039062,0.21642205119132996,0.29186302423477173,0.03433879837393761
1789225136973011700,38.45301171875,0.25483202934265137,0.4945697784423828,0.038245923817157745
1789225136983050000,38.46305004882812,0.33213427662849426,0.3092113733291626,0.04399329051375389
1789225136993088800,38.4730888671875,0.32497143745422363,0.2432267665863037,-0.04471500590443611
1789225137003126800,38.48312670898437,0.23259302973747253,0.24292369186878204,-0.17518672347068787
1789225137013165800,38.49316577148438,0.10335062444210052,0.15169605612754822,-0.06711672246456146
1789225137023203800,38.50320385742187,-0.0000045273736759554595,0.17048758268356323,0.35567447543144226
1789225137033242600,38.51324267578125,0.011777563951909542,0.22336730360984802,0.35227468609809875
1789225137043281000,38.523281005859374,0.057558633387088776,0.282766193151474,-0.04265904799103737
1789225137053319700,38.53331958007813,0.1360931247472763,0.2838636636734009,-0.017976338043808937
1789225137063358000,38.54335791015625,0.14951439201831818,0.13799621164798737,0.17721553146839142
1789225137073396700,38.55339672851562,0.13085255026817322,0.10377886146306992,-0.3451765775680542
1789225137083434800,38.563434814453124,-0.07945035398006439,0.21618476510047913,-0.32847243547439575
1789225137093473800,38.57347387695312,-0.14016509056091309,-0.015381885692477226,0.3805910050868988
1789225137103511800,38.58351171875,-0.11733274906873703,-0.07726602256298065,0.371677428483963
1789225137113550600,38.59355053710937,-0.06247536092996597,0.1371442675590515,-0.09433209151029587
1789225137123588900,38.6035888671875,0.0267754215747118,0.05786809325218201,-0.06345274299383163
1789225137133628000,38.6136279296875,-0.04815847426652908,0.12157143652439117,0.6826329231262207
1789225137143665700,38.623665771484376,-0.05103655159473419,-0.051409393548965454,0.47838228940963745
1789225137153703700,38.63370361328125,-0.05993843451142311,-0.31012219190597534,-0.3109925091266632
1789225137163742700,38.64374267578125,-0.22028736770153046,-0.21963675320148468,-0.613740086555481
1789225137173780700,38.65378076171875,-0.27100512385368347,-0.1402766853570938,0.34968850016593933
1789225137183819800,38.66381982421875,-0.2690037786960602,-0.4057954251766205,0.1308184713125229
1789225137193857800,38.67385791015625,-0.24596743285655975,-0.031557660549879074,-0.4363972842693329
1789225137203896800,38.68389672851563,-0.2070772796869278,-0.1535879671573639,-0.114308200776577
1789225137213934600,38.6939345703125,-0.2294108271598816,-0.31253179907798767,0.01468493603169918
1789225137223973600,38.7039736328125,-0.2805946469306946,-0.10545798391103745,-0.3896569609642029
1789225137234012000,38.71401196289062,-0.34522849321365356,-0.14713352918624878,-0.1352318525314331
1789225137244050700,38.72405078125,-0.3746500313282013,-0.32864364981651306,0.6936365365982056
1789225137254089000,38.7340888671875,-0.3922889530658722,-0.3474557101726532,0.4401156008243561
1789225137264128000,38.7441279296875,-0.36483362317085266,-0.28300586342811584,-0.08065436780452728
1789225137274165800,38.754165771484374,-0.3531593978404999,-0.46071353554725647,0.40067845582962036
1789225137284205000,38.764205078125,-0.35084056854248047,-0.6135403513908386,0.48516109585762024
1789225137294242800,38.774242919921875,-0.36126285791397095,-0.3320772647857666,-0.22988326847553253
1789225137304281900,38.78428173828125,-0.41990727186203003,-0.312470018863678,-0.08432207256555557
1789225137314320000,38.79431982421875,-0.34625062346458435,-0.6021335124969482,0.22981534898281097
1789225137324359000,38.80435888671875,-0.37959977984428406,-0.4430072605609894,-0.2294398546218872
1789225137334397000,38.81439697265625,-0.44730693101882935,-0.365557998418808,-0.43543297052383423
1789225137344436000,38.82443603515625,-0.42856255173683167,-0.6131499409675598,0.07003820687532425
1789225137354473700,38.8344736328125,-0.4312501847743988,-0.7806130051612854,-0.05315669625997543
1789225137364513000,38.844512939453125,-0.4319452941417694,-0.38081419467926025,-0.5698555111885071
1789225137374551000,38.85455102539063,-0.40279513597488403,-0.13971714675426483,-0.2013336420059204
1789225137384589800,38.86458984375,-0.2741106450557709,-0.534223735332489,0.5474958419799805
1789225137394628000,38.87462817382813,-0.21853314340114594,-0.4420764744281769,0.2157064527273178
1789225137404667000,38.8846669921875,-0.31069955229759216,-0.14355769753456116,0.060379985719919205
1789225137414705200,38.894705078125,-0.29631900787353516,-0.5196743607521057,0.6779577136039734
1789225137424744000,38.904743896484376,-0.3457787036895752,-0.513461172580719,0.6819189190864563
1789225137434782000,38.91478198242187,-0.3087913990020752,-0.4145015776157379,0.21364809572696686
1789225137444820000,38.924820068359374,-0.23315095901489258,-0.4692811965942383,-0.5378376245498657
1789225137454859000,38.93485888671875,-0.21801622211933136,-0.3700595498085022,-0.2910667359828949
1789225137464897000,38.94489697265625,-0.13900183141231537,-0.5212234854698181,0.3208027780056
1789225137474936000,38.95493603515625,-0.14481177926063538,-0.28763818740844727,-0.010981012135744095
1789225137484973800,38.964973876953124,-0.16026850044727325,-0.2079438716173172,-0.3228755295276642
1789225137495013000,38.97501318359375,-0.12996253371238708,-0.30794957280158997,-0.11814235150814056
1789225137505051000,38.98505078125,-0.18852117657661438,-0.30484938621520996,-0.32790809869766235
1789225137515090000,38.99508984375,-0.13471972942352295,-0.2918742001056671,-0.45975828170776367
1789225137525128000,39.0051279296875,-0.011008708737790585,-0.5985470414161682,-0.39694470167160034
1789225137535167000,39.0151669921875,0.03344877064228058,-0.433729350566864,-0.11718947440385818
1789225137545205000,39.025205078125,0.016521984711289406,-0.08803265541791916,-0.03566478565335274
1789225137555244000,39.035244140625,-0.039744749665260315,0.20311397314071655,0.40841013193130493
1789225137565281800,39.04528173828125,-0.033312682062387466,0.0700555145740509,0.6390625238418579
1789225137575320800,39.05532080078125,0.04844369739294052,-0.056237172335386276,0.21041768789291382
1789225137585358800,39.06535888671875,0.21349923312664032,0.002814961364492774,-0.46301984786987305
1789225137595398000,39.07539794921875,0.17494544386863708,0.20964351296424866,-0.288632869720459
1789225137605436000,39.08543579101563,0.17896175384521484,-0.04825807735323906,0.5853902101516724
1789225137615475000,39.095474853515626,0.14887575805187225,-0.19676819443702698,0.4040779769420624
1789225137625513000,39.10551293945313,0.058408983051776886,0.13715599477291107,-0.059004463255405426
1789225137635552000,39.11555200195313,0.09428016096353531,0.12386441975831985,-0.10370109230279922
1789225137645589800,39.12558984375,0.17815029621124268,0.22410286962985992,-0.2514178454875946
1789225137655628800,39.13562890625,0.26855555176734924,0.20851272344589233,-0.28455397486686707
1789225137665667000,39.1456669921875,0.35131940245628357,0.21748864650726318,-0.08355561643838882
1789225137675705900,39.15570581054688,0.3828869163990021,0.26649853587150574,-0.04595683887600899
1789225137685744000,39.165744140625,0.3208664357662201,0.29934144020080566,-0.10918933898210526
1789225137695782000,39.175781982421874,0.2301144301891327,0.17196856439113617,0.14025723934173584
1789225137705821000,39.18582104492187,0.17799316346645355,0.00296250032261014,-0.05464646592736244
1789225137715859000,39.19585888671875,0.1006227508187294,0.1418876349925995,-0.40796512365341187
1789225137725898000,39.20589794921875,0.08693676441907883,0.09900594502687454,-0.08438625186681747
1789225137735936000,39.21593603515625,0.12763039767742157,0.042144790291786194,0.2935229539871216
1789225137745975000,39.22597509765625,0.15772224962711334,0.14494892954826355,0.21751101315021515
1789225137756012800,39.2360126953125,0.19381846487522125,0.25367939472198486,0.13066479563713074
1789225137766052000,39.246052001953124,0.18964317440986633,0.21502043306827545,0.21796534955501556
1789225137776089900,39.25608984375,0.20614118874073029,0.14693911373615265,-0.019765980541706085
1789225137786129000,39.26612890625,0.17269454896450043,0.08974293619394302,-0.3833226263523102
1789225137796167000,39.2761669921875,0.05885426327586174,0.16187171638011932,-0.24916455149650574
1789225137806206000,39.2862060546875,0.03317340090870857,0.139926478266716,0.2375188171863556
1789225137816244000,39.29624389648438,0.05396522954106331,0.15788443386554718,0.27510079741477966
1789225137826283000,39.306282958984376,0.16938769817352295,0.1738615483045578,-0.19801801443099976
1789225137836320800,39.31632080078125,0.22060534358024597,0.08586457371711731,-0.39641764760017395
1789225137846360000,39.32636010742188,0.1449204385280609,0.03239043056964874,0.014407169073820114
1789225137856397800,39.33639770507813,0.02683534286916256,0.1315511018037796,0.5182601809501648
1789225137866436900,39.346436767578126,-0.03351455181837082,0.1425563544034958,0.21944713592529297
1789225137876475000,39.35647485351563,0.04682715982198715,0.1190430298447609,-0.4165160059928894
1789225137886514000,39.36651391601563,0.10459139198064804,0.09017117321491241,-0.44990110397338867
1789225137896552000,39.37655200195312,0.16337214410305023,0.00037204360705800354,0.17938759922981262
1789225137906591000,39.38659106445313,0.13015107810497284,0.0541098415851593,0.1415051966905594
1789225137916628700,39.39662866210937,0.0008820389630272985,0.11312389373779297,-0.16805824637413025
1789225137926668000,39.40666796875,-0.04627694934606552,-0.15905116498470306,-0.2192567139863968
1789225137936705800,39.41670581054687,-0.06926216185092926,-0.2759982943534851,-0.4445899724960327
1789225137946744000,39.426744140625,-0.10987057536840439,-0.10904978960752487,-0.23400263488292694
1789225137956783000,39.436783203125,-0.06661577522754669,-0.10098999738693237,0.4201091229915619
1789225137966820900,39.44682080078125,0.01793825440108776,-0.12231232970952988,0.43736934661865234
1789225137976860200,39.456860107421875,0.07004086673259735,-0.028615932911634445,-0.037692517042160034
1789225137986898000,39.46689794921875,0.025079786777496338,-0.12606525421142578,-0.30235639214515686
1789225137996937000,39.47693701171875,-0.07210561633110046,-0.10406594723463058,0.47909682989120483
1789225138006975000,39.48697509765625,-0.05362354591488838,-0.34204521775245667,0.5891945362091064
1789225138017014000,39.497013916015625,-0.05164242163300514,-0.07635549455881119,-0.036129243671894073
1789225138027052000,39.50705200195313,-0.05421397089958191,-0.03350602835416794,-0.18524496257305145
1789225138037091000,39.517091064453126,-0.04381885379552841,-0.2448963075876236,0.2066091001033783
1789225138047128800,39.52712890625,-0.0433911494910717,-0.20471878349781036,0.10895311832427979
1789225138057168100,39.53716821289063,-0.02683267928659916,-0.06338802725076675,-0.07992199808359146
1789225138067206000,39.54720581054688,0.09602213650941849,-0.08436255156993866,-0.08865343779325485
1789225138077245000,39.557244873046876,0.15464843809604645,-0.0345635712146759,-0.10746174305677414
1789225138087283000,39.56728295898437,0.15397624671459198,0.0940450057387352,-0.17192302644252777
1789225138097322000,39.57732202148438,0.14064979553222656,-0.03256753087043762,-0.12717579305171967
1789225138107360000,39.58736010742187,0.1370800882577896,-0.08593887835741043,-0.08997543156147003
1789225138117399000,39.59739892578125,0.11787017434835434,0.02828143909573555,-0.045764558017253876
1789225138127436800,39.60743676757812,0.1353524923324585,0.09146147221326828,-0.041850242763757706
1789225138137475800,39.61747583007813,0.18272215127944946,0.08886755257844925,0.07509820908308029
1789225138147513900,39.62751391601562,0.22165462374687195,0.14021170139312744,-0.055513594299554825
1789225138157552000,39.63755224609375,0.2669329047203064,0.27928251028060913,-0.18888629972934723
1789225138167591000,39.6475908203125,0.29851266741752625,0.2768592834472656,0.23040418326854706
1789225138177629000,39.65762890625,0.41267359256744385,0.05332633852958679,0.1848534792661667
1789225138187668000,39.66766796875,0.4431241750717163,0.24432718753814697,-0.3231002986431122
1789225138197706000,39.6777060546875,0.4747801125049591,0.272940993309021,-0.36213958263397217
1789225138207744800,39.687744873046874,0.4709957540035248,0.39316779375076294,0.04003157094120979
1789225138217783000,39.69778295898438,0.4513711929321289,0.5674471855163574,0.07072210311889648
1789225138227821800,39.70782177734375,0.5344724655151367,0.6685892343521118,-0.37376612424850464
1789225138237859800,39.71785986328125,0.5795081257820129,0.8103227019309998,-0.4240514039993286
1789225138247899100,39.727899169921876,0.5667039155960083,0.7008427977561951,0.03776681795716286
1789225138257937000,39.73793701171875,0.5642210245132446,0.635397732257843,0.05250954627990723
1789225138267976400,39.7479765625,0.5256589651107788,0.7102496027946472,0.05771123245358467
1789225138278014500,39.75801440429687,0.585486888885498,0.5490047931671143,0.38397324085235596
1789225138288053500,39.76805346679687,0.6392894387245178,0.5889636874198914,0.008087487891316414
1789225138298091500,39.778091552734374,0.5824005603790283,0.8572419881820679,-0.0829625278711319
1789225138308130600,39.78813061523437,0.6081045866012573,0.6363918781280518,0.3208962678909302
1789225138318168300,39.79816821289062,0.5996184349060059,0.7984843850135803,0.30449599027633667
1789225138328207600,39.80820751953125,0.525272011756897,1.1606510877609253,0.16942071914672852
1789225138338245400,39.818245361328124,0.5557308793067932,1.0002905130386353,0.01272724661976099
1789225138348283600,39.82828369140625,0.5929850339889526,0.9244372844696045,-0.02082565240561962
1789225138358322400,39.838322509765625,0.6413424611091614,0.6730915904045105,-0.4279385507106781
1789225138368360400,39.8483603515625,0.4560855031013489,0.47693780064582825,-0.49956268072128296
1789225138378399500,39.8583994140625,0.3568928837776184,0.48627936840057373,-0.036745231598615646
1789225138388437500,39.8684375,0.3757339417934418,0.3497007489204407,-0.17310413718223572
1789225138398476300,39.878476318359375,0.36844193935394287,0.5547774434089661,-0.5215635895729065
1789225138408514600,39.8885146484375,0.371646523475647,0.5376530885696411,-0.42697077989578247
1789225138418553300,39.89855322265625,0.28070756793022156,0.590713381767273,0.047517452389001846
1789225138428591600,39.90859155273437,0.20694385468959808,0.6566582918167114,0.10595173388719559
1789225138438630400,39.91863037109375,0.12294669449329376,0.6655684113502502,-0.21133407950401306
1789225138448668400,39.92866845703125,-0.00811811350286007,0.46190929412841797,-0.09715504199266434
1789225138458707500,39.93870751953125,-0.11642780900001526,0.2752094566822052,0.6089504361152649
1789225138468745500,39.94874536132812,-0.13911661505699158,0.08110018074512482,0.6843191981315613
1789225138478784300,39.9587841796875,-0.1480800062417984,0.014457768760621548,0.3950138986110687
1789225138488822500,39.96882250976562,-0.13323821127414703,-0.1969205141067505,0.3231932520866394
1789225138498861600,39.97886157226562,-0.17287084460258484,-0.17090143263339996,0.45683732628822327
1789225138508899300,39.9888994140625,-0.30240514874458313,0.048345427960157394,0.3382755219936371
1789225138518938600,39.99893872070312,-0.36393266916275024,0.17877374589443207,0.10114578902721405
1789225138528976400,40.00897631835937,-0.38790804147720337,0.1016366109251976,0.13517673313617706
1789225138539015400,40.01901538085937,-0.3282998502254486,-0.051894888281822205,-0.21367447078227997
1789225138549053400,40.029053466796874,-0.3446873426437378,-0.18661221861839294,-0.5019113421440125
1789225138559091500,40.03909155273438,-0.4008353054523468,-0.30944573879241943,-0.1374710500240326
1789225138569130500,40.049130615234375,-0.40477198362350464,-0.4754568040370941,0.23601466417312622
1789225138579168500,40.05916845703125,-0.46068745851516724,-0.5262571573257446,-0.07775098830461502
1789225138589207300,40.069207275390625,-0.44812852144241333,-0.38304007053375244,-0.5866131782531738
1789225138599245600,40.07924560546875,-0.5340519547462463,-0.3583006262779236,-0.13521215319633484
1789225138609284400,40.089284423828126,-0.5208437442779541,-0.5180383324623108,0.3723594546318054
1789225138619322600,40.09932250976563,-0.5259290337562561,-0.2922435700893402,0.12851695716381073
1789225138629361400,40.109361328125,-0.41584062576293945,-0.1933193951845169,0.016222912818193436
1789225138639399400,40.1193994140625,-0.3280292749404907,-0.3760681748390198,0.18476904928684235
1789225138649438500,40.1294384765625,-0.3541993498802185,-0.4345317482948303,0.14776842296123505
1789225138659476500,40.1394765625,-0.48416054248809814,-0.4335157573223114,0.37169525027275085
1789225138669515300,40.14951538085938,-0.5798250436782837,-0.4594528079032898,0.5187076330184937
1789225138679553500,40.15955346679687,-0.5260941386222839,-0.5275921821594238,-0.052686914801597595
1789225138689592300,40.16959228515625,-0.4482707381248474,-0.4238455593585968,-0.5091122388839722
1789225138699630600,40.17963061523437,-0.44334203004837036,-0.43875420093536377,0.051362521946430206
1789225138709669400,40.18966943359375,-0.3864414393901825,-0.5389460325241089,0.40203186869621277
1789225138719707400,40.19970727539062,-0.3647550642490387,-0.27125227451324463,-0.06078318879008293
1789225138729745400,40.209745361328125,-0.27639269828796387,-0.238891139626503,-0.31395527720451355
1789225138739784400,40.21978442382812,-0.23239968717098236,-0.356254518032074,-0.06832606345415115
1789225138749822500,40.229822509765626,-0.2212330549955368,-0.36092090606689453,-0.2580659091472626
1789225138759861500,40.239861572265625,-0.26082971692085266,-0.18419113755226135,-0.4794211983680725
1789225138769899300,40.249899169921875,-0.33590343594551086,-0.2892885208129883,0.1067781150341034
1789225138779938600,40.2599384765625,-0.3359164893627167,-0.45439866185188293,0.31370973587036133
1789225138789976300,40.269976318359376,-0.3577336370944977,-0.17242209613323212,-0.11616495251655579
1789225138800015400,40.280015380859375,-0.24726784229278564,-0.19120244681835175,-0.12145984917879105
1789225138810053400,40.29005346679688,-0.15603594481945038,-0.3007041811943054,0.3902931809425354
1789225138820092400,40.300092529296876,-0.1382651925086975,-0.22734473645687103,0.3013356029987335
1789225138830130400,40.31013037109375,-0.12208808958530426,-0.06841447949409485,-0.24413836002349854
1789225138840169500,40.32016943359375,-0.10709795355796814,-0.05037582293152809,-0.41623395681381226
1789225138850207200,40.33020727539063,-0.1605776995420456,-0.17219945788383484,0.26642850041389465
1789225138860246500,40.34024658203125,-0.16095693409442902,-0.25546932220458984,0.35234394669532776
1789225138870284500,40.35028442382813,-0.18570275604724884,-0.01835104450583458,0.010782606899738312
1789225138880323300,40.3603232421875,-0.09652920067310333,-0.25281840562820435,-0.17451800405979156
1789225138890361600,40.37036157226562,-0.0558299757540226,-0.40285158157348633,-0.012130964547395706
1789225138900399400,40.3803994140625,-0.0409623458981514,-0.3569711744785309,-0.40227794647216797
1789225138910438700,40.39043872070312,-0.10460416972637177,-0.16787874698638916,-0.5370927453041077
1789225138920476400,40.400476318359374,-0.1436423808336258,-0.11616043001413345,0.04108591750264168
1789225138930515500,40.41051538085937,-0.12746953964233398,-0.1255512684583664,0.21646945178508759
1789225138940553500,40.420553466796875,-0.12906956672668457,0.15246756374835968,-0.08884038776159286
1789225138950592500,40.430592529296874,-0.052375856786966324,0.020726317539811134,-0.4018124043941498
1789225138960630500,40.440630615234376,-0.03808373585343361,-0.17974260449409485,0.14970214664936066
1789225138970669600,40.450669677734375,-0.05402914807200432,-0.274735689163208,0.19791415333747864
1789225138980707300,40.460707275390625,-0.1105121299624443,-0.09376244246959686,-0.1484009176492691
1789225138990746600,40.47074658203125,-0.12407534569501877,-0.08647310733795166,0.2527475655078888
1789225139000784400,40.480784423828126,-0.07985728234052658,-0.24798662960529327,0.6624056696891785
1789225139010823400,40.490823486328125,-0.08933919668197632,-0.09963498264551163,0.3032839894294739
1789225139020861400,40.500861328125,-0.028690766543149948,0.09644504636526108,-0.07923942804336548
1789225139030900500,40.510900390625,0.01414404809474945,-0.24267256259918213,0.00740385428071022
1789225139040938500,40.5209384765625,0.017768077552318573,-0.0908883586525917,0.3434090316295624
1789225139050977500,40.5309775390625,0.012777314521372318,0.03019651770591736,0.02311117760837078
1789225139061015300,40.54101538085938,0.021942051127552986,0.018328674137592316,-0.6415134072303772
1789225139071053600,40.55105346679687,0.0029374666046351194,0.04511980712413788,-0.7028321623802185
1789225139081092400,40.56109228515625,-0.021619008854031563,-0.08423445373773575,0.053351372480392456
1789225139091130400,40.57113037109375,0.009403621777892113,-0.13483691215515137,0.06167588010430336
1789225139101169400,40.58116943359375,0.05235641449689865,-0.000005592638444795739,-0.3822490870952606
1789225139111207400,40.59120751953125,0.12272991240024567,0.020290357992053032,-0.08655886352062225
1789225139121246500,40.60124658203125,0.0852014496922493,0.05062536150217056,0.3404068350791931
1789225139131284500,40.611284423828124,0.059240154922008514,0.13851846754550934,-0.03634149581193924
1789225139141323300,40.6213232421875,0.03304290398955345,0.17156855762004852,-0.3891911506652832
1789225139151361500,40.631361572265625,-0.024624386802315712,0.02190716378390789,0.2591695189476013
1789225139161400600,40.641400634765624,0.023256586864590645,-0.165461927652359,0.5222075581550598
1789225139171438300,40.651438232421874,0.06679926812648773,0.008738896809518337,0.12439492344856262
1789225139181477600,40.6614775390625,0.14947763085365295,-0.15353655815124512,-0.07178071141242981
1789225139191515400,40.671515380859375,0.2084493488073349,-0.2352420836687088,-0.23759444057941437
1789225139201554400,40.681554443359374,0.05507124215364456,0.10555119067430496,-0.6300258636474609
1789225139211592400,40.69159252929688,-0.1591654121875763,0.25754472613334656,-0.27235960960388184
1789225139221631500,40.701631591796875,-0.17464716732501984,-0.020604610443115234,0.25489541888237
1789225139231669500,40.71166943359375,-0.10238176584243774,0.011877698823809624,0.053283993154764175
1789225139241707300,40.72170727539063,0.05884813517332077,0.09556460380554199,-0.3796602487564087
1789225139251746300,40.73174633789063,0.2287261188030243,0.11453856527805328,-0.1589832603931427
1789225139261784300,40.74178442382812,0.17108066380023956,0.029510222375392914,0.6688036322593689
1789225139271823000,40.751822998046876,0.0793539434671402,-0.04862559214234352,0.626650333404541
1789225139281861400,40.761861328125,-0.015089470893144608,-0.020195815712213516,-0.02966814674437046
1789225139291900200,40.77190014648438,-0.18733447790145874,0.051598478108644485,-0.1653016060590744
1789225139301938200,40.78193823242187,-0.19144345819950104,-0.0694991797208786,0.5454121828079224
1789225139311977500,40.7919775390625,-0.10621964931488037,-0.11857537925243378,0.5019491314888
1789225139322015200,40.80201513671875,-0.044549889862537384,0.06348762661218643,0.18956273794174194
1789225139332054300,40.81205419921875,0.12644343078136444,-0.01643037237226963,-0.24904844164848328
1789225139342092300,40.82209228515625,0.055027831345796585,0.0777730941772461,-0.007190268486738205
1789225139352131300,40.83213134765625,-0.00008468852320220321,-0.019834691658616066,-0.12939074635505676
1789225139362169300,40.84216943359375,-0.08747871220111847,-0.025768745690584183,-0.2614920437335968
1789225139372208400,40.85220849609375,-0.09207560122013092,-0.09512651711702347,-0.128568634390831
1789225139382246100,40.86224609375,-0.03515239432454109,-0.0844578891992569,-0.23137995600700378
1789225139392284200,40.8722841796875,0.002246909076347947,-0.024513065814971924,-0.5104246735572815
1789225139402323200,40.8823232421875,0.0351521298289299,-0.04357117787003517,-0.4165671169757843
1789225139412361500,40.89236157226563,-0.007163104135543108,0.14225514233112335,0.318107932806015
1789225139422400300,40.902400146484375,-0.017890850082039833,0.09882458299398422,0.3081546425819397
1789225139432438300,40.91243823242188,0.05625421926379204,0.14188283681869507,-0.21016575396060944
1789225139442477300,40.922477294921876,0.053095974028110504,0.19804544746875763,-0.25476890802383423
1789225139452515300,40.93251538085938,0.03676813468337059,-0.02509150467813015,0.32661059498786926
1789225139462554000,40.94255419921875,0.036331906914711,-0.0908430889248848,0.5002588033676147
1789225139472592400,40.95259228515625,0.042512305080890656,-0.04169897735118866,0.008158328011631966
1789225139482631200,40.962631103515626,0.0780750960111618,0.14338591694831848,-0.33628880977630615
1789225139492669400,40.97266943359375,0.0520903654396534,0.04495842009782791,-0.36521074175834656
1789225139502708200,40.98270825195313,0.011846006847918034,0.12429025769233704,-0.47281256318092346
1789225139512746200,40.99274633789062,-0.020837370306253433,0.33323973417282104,-0.06282663345336914
1789225139522784300,41.0027841796875,0.12239435315132141,0.209152951836586,0.1385677307844162
1789225139532823300,41.0128232421875,0.2548852860927582,0.38608166575431824,0.013799968175590038
1789225139542861300,41.022861328125,0.28567516803741455,0.290092796087265,-0.06981183588504791
1789225139552900400,41.032900390625,0.20528124272823334,0.13008582592010498,0.2754267752170563
1789225139562938000,41.042938232421875,0.015486814081668854,0.06138399988412857,0.5665981769561768
1789225139572977400,41.052977294921874,-0.13134364783763885,0.10969267785549164,0.4763582944869995
1789225139583015200,41.06301513671875,-0.18155834078788757,0.17633375525474548,0.5109642148017883
1789225139593054200,41.07305419921875,-0.11378062516450882,0.04205610603094101,0.424543559551239
1789225139603092200,41.08309228515625,0.026624154299497604,0.026073679327964783,0.3364643156528473
1789225139613131300,41.09313134765625,0.09241648018360138,-0.01540612056851387,0.19498732686042786
1789225139623169300,41.103169189453126,0.12479066848754883,-0.1060798317193985,-0.10097748041152954
1789225139633208300,41.113208251953125,0.10510777682065964,-0.0028876655269414186,-0.15375255048274994
1789225139643246000,41.12324609375,0.10415703058242798,0.08901961892843246,-0.5381543040275574
1789225139653285400,41.133285400390626,0.0806727409362793,0.24489682912826538,-0.7950001955032349
1789225139663323100,41.1433232421875,0.020971061661839485,0.37229472398757935,-0.20492598414421082
1789225139673361400,41.153361328125,0.035893019288778305,0.3743669390678406,0.0030426615849137306
1789225139683400200,41.16340014648438,0.10506037622690201,0.03243410587310791,-0.06359735131263733
1789225139693438200,41.17343823242187,0.10039611160755157,-0.19200566411018372,-0.4035298824310303
1789225139703477500,41.1834775390625,0.06833085417747498,-0.25477343797683716,-0.9056167006492615
1789225139713515300,41.193515380859374,-0.08258648961782455,-0.12017274647951126,0.2532684803009033
1789225139723554300,41.20355419921875,-0.06780461221933365,-0.3301299810409546,0.7412245869636536
1789225139733592300,41.21359228515625,-0.03726614639163017,-0.053412359207868576,0.07214050740003586
1789225139743631400,41.22363134765625,-0.012890498153865337,0.17646610736846924,-0.2520197331905365
1789225139753669400,41.23366943359375,0.0182836651802063,0.056410811841487885,0.269016295671463
1789225139763708400,41.24370849609375,0.03702859207987785,-0.01745702140033245,0.23813506960868835
1789225139773746200,41.25374609375,0.009899768978357315,0.2819502055644989,-0.21736641228199005
1789225139783785200,41.26378515625,-0.04524337872862816,0.14933621883392334,-0.012461995705962181
1789225139793823200,41.2738232421875,-0.012111257761716843,-0.14945660531520844,0.07672780007123947
1789225139803862300,41.2838623046875,-0.06023058295249939,-0.03562616929411888,-0.10402866452932358
1789225139813900300,41.293900390625,-0.0170905701816082,-0.09332675486803055,-0.08158008009195328
1789225139823938300,41.30393823242188,0.012447881512343884,-0.149470716714859,0.021732458844780922
1789225139833977300,41.31397729492188,0.004323375876992941,-0.060938719660043716,-0.13619592785835266
1789225139844015400,41.32401538085937,-0.04398423433303833,0.09789886325597763,-0.008258462883532047
1789225139854054100,41.33405419921875,-0.0807395875453949,0.043053194880485535,0.29925328493118286
1789225139864092400,41.34409252929687,-0.04807431995868683,-0.038061629980802536,-0.015629559755325317
1789225139874131200,41.35413110351563,-0.10140331834554672,0.103166863322258,-0.1497546136379242
1789225139884169200,41.36416918945312,-0.13931341469287872,0.08404350280761719,0.4685054123401642
1789225139894208300,41.37420825195313,-0.09601814299821854,-0.18108856678009033,0.5543068647384644
1789225139904246300,41.38424633789062,-0.06115124002099037,-0.15484364330768585,0.26555123925209045
1789225139914285000,41.39428515625,-0.06768690049648285,-0.4057307243347168,-0.3467142879962921
1789225139924323300,41.4043232421875,-0.13191409409046173,-0.45333153009414673,-0.17664533853530884
1789225139934362000,41.41436206054688,-0.19190631806850433,-0.32945141196250916,0.2983781695365906
1789225139944400400,41.424400390625,-0.25401389598846436,-0.026524817571043968,-0.02123684622347355
1789225139954438100,41.434438232421876,-0.2080751657485962,0.13856373727321625,-0.18076525628566742
1789225139964477200,41.444477294921874,-0.09828049689531326,-0.027160247787833214,-0.09485141187906265
1789225139974515200,41.45451513671875,-0.0012572783743962646,-0.1808595359325409,-0.27165335416793823
1789225139984554200,41.46455419921875,0.019114306196570396,-0.18911612033843994,-0.32823511958122253
1789225139994592300,41.47459228515625,-0.07927537709474564,-0.17789463698863983,0.07187844812870026
1789225140004631300,41.48463134765625,-0.1738588809967041,-0.3435344696044922,0.21935206651687622
1789225140014669000,41.4946689453125,-0.26617762446403503,-0.40874889492988586,-0.18295224010944366
1789225140024708400,41.504708251953126,-0.306300550699234,-0.6401970386505127,-0.4950299859046936
1789225140034746000,41.51474609375,-0.28943073749542236,-0.5222362875938416,0.16056518256664276
1789225140044785200,41.52478515625,-0.2654031813144684,-0.3862965703010559,0.34870365262031555
1789225140054823200,41.5348232421875,-0.16021203994750977,-0.1571832299232483,-0.2013472318649292
1789225140064862200,41.5448623046875,-0.013969611376523972,-0.02291969768702984,-0.6129896640777588
1789225140074900500,41.554900390625,-0.10718318074941635,-0.13333354890346527,-0.1818600744009018
1789225140084938200,41.56493823242187,-0.20177599787712097,-0.11892025917768478,0.3952389359474182
1789225140094977300,41.57497729492187,-0.19407705962657928,-0.16275562345981598,0.15610678493976593
1789225140105015300,41.585015380859375,-0.18335038423538208,-0.21991291642189026,-0.19479452073574066
1789225140115054300,41.59505444335937,-0.13756078481674194,-0.46836161613464355,0.10647424310445786
1789225140125092400,41.60509228515625,-0.1449555903673172,-0.6196355819702148,0.21197830140590668
1789225140135131400,41.61513134765625,-0.2563106119632721,-0.44385334849357605,0.0950402319431305
1789225140145169200,41.625169189453125,-0.315679132938385,-0.44854211807250977,0.26935049891471863
1789225140155208400,41.63520849609375,-0.2423868030309677,-0.429963618516922,0.239115908741951
1789225140165246200,41.64524609375,-0.18085633218288422,-0.23079167306423187,0.1361197531223297
1789225140175285200,41.65528515625,-0.0732603669166565,-0.13594850897789001,0.21367952227592468
1789225140185323300,41.6653232421875,0.024265391752123833,-0.013933392241597176,0.3665471076965332
1789225140195361300,41.675361328125,0.13146348297595978,-0.059115782380104065,0.01001881156116724
1789225140205400300,41.685400390625,0.16040565073490143,-0.05745770037174225,-0.6054307818412781
1789225140215438300,41.69543823242188,0.0065441858023405075,-0.031324900686740875,-0.5205302834510803
1789225140225477000,41.70547705078125,-0.041613757610321045,-0.26173120737075806,0.4242761731147766
1789225140235515400,41.71551538085937,0.008723716251552105,-0.3635806143283844,0.44188952445983887
1789225140245554200,41.72555419921875,0.07724738121032715,-0.13152021169662476,-0.0390094518661499
1789225140255592400,41.73559252929687,0.20708633959293365,-0.021756161004304886,-0.23938383162021637
1789225140265630700,41.745630615234376,0.17001141607761383,0.08213907480239868,0.033365145325660706
1789225140275668700,41.75566870117188,0.04360686615109444,0.25231266021728516,0.3598572313785553
1789225140285707800,41.76570776367188,0.02382889948785305,0.10048692673444748,0.18787668645381927
1789225140295745800,41.77574584960937,0.10828572511672974,-0.19195319712162018,-0.24012018740177155
1789225140305784600,41.78578466796875,0.17461282014846802,-0.3133102357387543,-0.40482097864151
1789225140315822800,41.79582275390625,0.217950701713562,-0.1879163682460785,-0.06714441627264023
1789225140325860900,41.80586083984375,0.2276531308889389,-0.06127028167247772,0.002295911079272628
1789225140335900000,41.81589990234375,0.18537917733192444,-0.09948637336492538,-0.36678546667099
1789225140345937700,41.825937744140624,0.17237603664398193,0.061765629798173904,-0.740663468837738
1789225140355976700,41.83597680664062,0.06998121738433838,0.15855422616004944,-0.38934457302093506
1789225140366014700,41.8460146484375,0.07234609872102737,0.01684289611876011,0.21567130088806152
1789225140376053800,41.8560537109375,0.06540457159280777,0.09035759419202805,0.21717359125614166
1789225140386091800,41.866091796875,0.08141709864139557,0.39579927921295166,0.12885358929634094
1789225140396130800,41.876130859375,0.12146784365177155,0.07141825556755066,0.31669166684150696
1789225140406168600,41.88616845703125,0.17601577937602997,-0.09756064414978027,0.3031231164932251
1789225140416208000,41.896207763671875,0.14461550116539001,0.06626131385564804,0.21411362290382385
1789225140426245600,41.90624560546875,0.12479439377784729,0.054599594324827194,0.6391855478286743
1789225140436284700,41.91628466796875,0.16621454060077667,-0.0238824300467968,0.5836264491081238
1789225140446322700,41.92632275390625,0.15017539262771606,0.08223707973957062,0.0336916521191597
1789225140456360700,41.93636059570313,0.09936679899692535,0.00224877311848104,-0.014490525238215923
1789225140466399700,41.94639965820313,0.048181645572185516,-0.22118085622787476,0.10929559916257858
1789225140476437800,41.95643774414062,-0.04622182250022888,-0.021975606679916382,-0.31074297428131104
1789225140486476500,41.9664765625,-0.1169082447886467,0.2480718493461609,-0.49224698543548584
1789225140496514800,41.97651489257812,-0.06637050211429596,-0.14114168286323547,-0.7099800705909729
1789225140506553900,41.98655395507812,0.1389099508523941,-0.12902988493442535,-0.1755310744047165
1789225140516591900,41.996591796875,0.35367605090141296,-0.2907751202583313,0.15111973881721497
1789225140526631000,42.006630859375,0.42177814245224,0.04571529105305672,0.03009744919836521
1789225140536668700,42.016668701171874,0.3054094612598419,0.6349159479141235,0.14846697449684143
1789225140546708000,42.0267080078125,0.2473810315132141,0.283256471157074,0.0031257520895451307
1789225140556745700,42.036745849609375,0.16902416944503784,0.13096493482589722,-0.43115538358688354
1789225140566783700,42.04678369140625,-0.01386974286288023,0.09246761351823807,-0.47853729128837585
1789225140576822800,42.05682275390625,0.008265919052064419,-0.021731659770011902,0.38819727301597595
1789225140586860500,42.066860595703126,0.1222875639796257,-0.17162582278251648,0.5340673923492432
1789225140596899800,42.07689990234375,0.312990665435791,0.09403781592845917,-0.024110129103064537
1789225140606937900,42.08693774414063,0.3439057171344757,0.2281053364276886,-0.00427144393324852
1789225140616976600,42.0969765625,0.2646380364894867,0.06757664680480957,0.058094993233680725
1789225140627015000,42.10701489257813,0.04298555105924606,0.2766377329826355,-0.16964176297187805
1789225140637053700,42.1170537109375,-0.03488527983427048,0.2870725095272064,0.2969941198825836
1789225140647092000,42.12709204101562,0.09957905113697052,0.16109780967235565,0.5167115926742554
1789225140657130800,42.137130859375,0.3168274760246277,0.3274814486503601,0.06132194772362709
1789225140667168800,42.14716870117188,0.5317986607551575,-0.029883330687880516,-0.48637282848358154
1789225140677206800,42.157206787109374,0.5091924071311951,-0.08163121342658997,0.05401742830872536
1789225140687245800,42.16724584960937,0.31886959075927734,-0.046730753034353256,0.03341388329863548
1789225140697283800,42.177283935546875,0.033659424632787704,0.33772557973861694,-0.5220093727111816
1789225140707323000,42.187322998046874,-0.04632195830345154,0.2832053303718567,-0.21187417209148407
1789225140717360600,42.197360595703124,0.09617553651332855,0.022903984412550926,0.002965163439512253
1789225140727400000,42.20739990234375,0.3221530020236969,0.3420766592025757,-0.3342490792274475
1789225140737437700,42.217437744140625,0.4860447347164154,0.5007155537605286,-0.29402709007263184
1789225140747476700,42.227476806640624,0.5207449197769165,0.30685102939605713,0.380759596824646
1789225140757514800,42.2375146484375,0.4114203155040741,0.25353825092315674,0.4587550461292267
1789225140767553800,42.2475537109375,0.2834884226322174,0.4873579442501068,0.12295468151569366
1789225140777591800,42.257591796875,0.05739964172244072,0.3086518347263336,-0.0891256183385849
1789225140787629800,42.2676298828125,0.10301586240530014,0.10830304026603699,0.26491662859916687
1789225140797668600,42.277668701171876,0.23176851868629456,0.07902903854846954,0.43752914667129517
1789225140807707000,42.28770678710937,0.3001052439212799,0.3462463617324829,0.1302267163991928
1789225140817745700,42.29774560546875,0.38982126116752625,0.3025803565979004,-0.05342967063188553
1789225140827784000,42.30778393554687,0.38500282168388367,0.24451759457588196,-0.2936662435531616
1789225140837822700,42.31782275390625,0.25929760932922363,0.33570396900177,-0.4191863536834717
1789225140847860700,42.32786083984375,0.17981716990470886,0.26956063508987427,-0.35999226570129395
1789225140857899800,42.33789965820313,0.1785425841808319,0.30162322521209717,-0.21519486606121063
1789225140867937800,42.34793774414062,0.2800993025302887,0.26747989654541016,-0.24884070456027985
1789225140877976600,42.3579765625,0.3864124119281769,0.4940240979194641,-0.48314881324768066
1789225140888014800,42.368014892578124,0.4437335133552551,0.5117034912109375,-0.166358083486557
1789225140898054000,42.37805395507812,0.44397905468940735,0.49389439821243286,0.11595509946346283
1789225140908092000,42.388091796875,0.35464489459991455,0.528549313545227,0.2590574026107788
1789225140918129700,42.398129638671875,0.2861236333847046,0.5546810626983643,0.2285548746585846
1789225140928168700,42.408168701171874,0.2643376588821411,0.521532416343689,0.40805140137672424
1789225140938206700,42.418206787109376,0.32647904753685,0.41454604268074036,0.43681326508522034
1789225140948245800,42.428245849609375,0.31480109691619873,0.5969773530960083,0.47509461641311646
1789225140958283800,42.43828369140625,0.33911067247390747,0.4417411983013153,0.2001088559627533
1789225140968322800,42.44832275390625,0.33090442419052124,0.4613734781742096,-0.2892363369464874
1789225140978360800,42.45836083984375,0.28495344519615173,0.30696794390678406,-0.3530445992946625
1789225140988399900,42.46839990234375,0.20817077159881592,0.3676493763923645,-0.08179100602865219
1789225140998438000,42.47843798828125,0.194004625082016,0.6416934728622437,-0.1758972555398941
1789225141008476000,42.48847583007812,0.3078465163707733,0.638229489326477,-0.19668829441070557
1789225141018515000,42.49851489257812,0.41026821732521057,0.6107571125030518,-0.2558986246585846
1789225141028552700,42.508552734375,0.4320850968360901,0.5804237127304077,-0.575179398059845
1789225141038591700,42.518591796875,0.3299398124217987,0.5761511921882629,-0.448530375957489
1789225141048629800,42.52862963867187,0.12186731398105621,0.5479147434234619,0.3804874122142792
1789225141058668800,42.53866870117187,0.08411567658185959,0.3109720051288605,0.4385296702384949
1789225141068706800,42.548706787109374,0.12427321821451187,0.3860555589199066,-0.037695713341236115
1789225141078745900,42.55874584960937,0.15281377732753754,0.3597288727760315,0.1911129653453827
1789225141088783600,42.56878369140625,0.19346347451210022,0.2960425913333893,0.6834800243377686
1789225141098823000,42.578822998046874,0.18050453066825867,0.29836753010749817,0.423163503408432
1789225141108860700,42.588860595703125,0.235862597823143,0.6036709547042847,-0.39945363998413086
1789225141118899000,42.59889892578125,0.13719619810581207,0.555675745010376,-0.3246995210647583
1789225141128937700,42.608937744140626,0.041919220238924026,0.4904152452945709,0.438215970993042
1789225141138975700,42.61897583007813,0.1171516552567482,0.2993297278881073,0.09671083092689514
1789225141149014800,42.62901489257813,0.1290794163942337,0.364920973777771,-0.5760654211044312
1789225141159052800,42.639052734375,0.07549741864204407,0.29129549860954285,-0.41083094477653503
1789225141169091600,42.649091552734376,-0.03987551108002663,0.2542152404785156,0.2705012559890747
1789225141179129900,42.6591298828125,-0.06698595732450485,0.25355422496795654,0.053893592208623886
1789225141189168600,42.66916870117188,0.0036730316933244467,-0.03500032797455788,-0.6566915512084961
1789225141199207000,42.67920703125,-0.01284495834261179,0.0644407719373703,-0.3551732897758484
1789225141209245700,42.68924560546875,-0.03015550598502159,0.21277537941932678,0.39635905623435974
1789225141219283700,42.69928369140625,0.022460302338004112,0.3019454777240753,0.26336240768432617
1789225141229321700,42.70932177734375,0.011314972303807735,0.43007442355155945,-0.014627411961555481
1789225141239360800,42.71936083984375,-0.023925838991999626,0.4222785532474518,0.1359354704618454
1789225141249398800,42.729398681640625,-0.04472485929727554,0.263115257024765,-0.017292438074946404
1789225141259437800,42.73943774414062,-0.07472936809062958,0.2751373052597046,-0.052552156150341034
1789225141269476900,42.74947680664062,-0.10102728009223938,0.07326356321573257,0.1908722221851349
1789225141279516000,42.75951586914063,-0.12059379369020462,-0.061164818704128265,0.20786477625370026
1789225141289554000,42.76955395507812,-0.2217337191104889,0.013147227466106415,0.2190985232591629
1789225141299593000,42.77959301757812,-0.24654586613178253,-0.06751592457294464,0.11944330483675003
1789225141309631000,42.789630859375,-0.2922545075416565,-0.039094407111406326,0.08585365861654282
1789225141319669000,42.7996689453125,-0.34786128997802734,0.025711487978696823,0.25603097677230835
1789225141329707800,42.809707763671874,-0.24053271114826202,0.08745128661394119,-0.059914734214544296
1789225141339746000,42.81974609375,-0.10556957125663757,0.07659836858510971,-0.181490957736969
1789225141349784800,42.829784912109375,-0.01323937252163887,-0.004050667863339186,0.25202691555023193
1789225141359823000,42.83982299804688,0.005028847139328718,0.054015565663576126,0.34835904836654663
1789225141369862000,42.84986181640625,-0.035773709416389465,0.17642296850681305,-0.27229517698287964
1789225141379900000,42.85989990234375,-0.22008149325847626,0.2180529683828354,-0.2574629485607147
1789225141389939000,42.86993896484375,-0.3729749023914337,0.15677763521671295,0.3277999758720398
1789225141399977000,42.87997705078125,-0.3707367777824402,0.08824171125888824,0.13555756211280823
1789225141410015700,42.890015625,-0.26482048630714417,-0.09340504556894302,-0.2684687376022339
1789225141420054000,42.90005395507813,-0.1252676397562027,-0.16318386793136597,-0.20476272702217102
1789225141430091800,42.910091796875,-0.01203961856663227,-0.3143576681613922,0.33425867557525635
1789225141440131000,42.92013110351562,-0.07028374820947647,-0.12063241004943848,0.3032695949077606
1789225141450168800,42.9301689453125,-0.30933842062950134,0.4472147822380066,0.16699963808059692
1789225141460207900,42.94020776367187,-0.3476727604866028,0.08011001348495483,0.07027176767587662
1789225141470246000,42.950245849609374,-0.3793446719646454,-0.005665608681738377,0.06325646489858627
1789225141480285000,42.96028491210937,-0.29218870401382446,-0.03569674491882324,-0.21003791689872742
1789225141490323000,42.970322998046875,-0.16033828258514404,-0.27320462465286255,-0.046713441610336304
1789225141500362000,42.980362060546874,-0.051892492920160294,-0.29256048798561096,0.5307397842407227
1789225141510400000,42.99039990234375,-0.06819289922714233,-0.08488532900810242,0.23255255818367004
1789225141520438000,43.00043798828125,-0.17847946286201477,0.2080719769001007,-0.2819507122039795
1789225141530477000,43.01047705078125,-0.3222123980522156,0.16147038340568542,-0.0911078080534935
1789225141540515000,43.02051513671875,-0.36180081963539124,-0.11180029809474945,-0.022242987528443336
1789225141550554000,43.03055419921875,-0.25347912311553955,-0.17719794809818268,-0.33937621116638184
1789225141560592000,43.040591796875,-0.19198088347911835,-0.04854436591267586,-0.31015971302986145
1789225141570631000,43.050630859375,-0.13377563655376434,-0.13894084095954895,0.35539165139198303
1789225141580669000,43.0606689453125,-0.13827557861804962,-0.2267383337020874,0.4939258396625519
1789225141590708000,43.0707080078125,-0.1402639001607895,-0.30410608649253845,-0.24032099545001984
1789225141600746000,43.08074609375,-0.265550434589386,-0.17334727942943573,-0.36301788687705994
1789225141610785000,43.09078491210938,-0.28378671407699585,-0.06656544655561447,0.31206655502319336
1789225141620822800,43.10082275390625,-0.22568506002426147,0.0016650082543492317,0.3249298930168152
1789225141630861000,43.110861083984375,-0.16368746757507324,0.19755807518959045,0.015036740340292454
1789225141640899800,43.12089990234375,-0.1732836365699768,0.018210163339972496,0.02094949036836624
1789225141650938000,43.130938232421876,-0.24139051139354706,-0.23537470400333405,0.37046194076538086
1789225141660977000,43.14097680664062,-0.31863176822662354,-0.3188445568084717,0.20001085102558136
1789225141671015000,43.151014892578125,-0.39444610476493835,-0.42702484130859375,0.11142399907112122
1789225141681054000,43.161053955078124,-0.35226935148239136,-0.5287285447120667,0.3565807640552521
1789225141691092000,43.171092041015626,-0.3644559979438782,-0.43293890357017517,0.21013592183589935
1789225141701130800,43.181130859375,-0.3903842568397522,-0.3216872215270996,-0.1356169432401657
1789225141711169000,43.1911689453125,-0.5000860095024109,-0.3109067380428314,0.26389822363853455
1789225141721206800,43.20120678710938,-0.5113072395324707,-0.49867531657218933,0.1801665723323822
1789225141731246000,43.21124609375,-0.530423104763031,-0.27386510372161865,-0.19215959310531616
1789225141741283800,43.22128393554687,-0.4858769476413727,-0.48866555094718933,0.052569467574357986
1789225141751323000,43.23132299804688,-0.364249587059021,-0.8501302599906921,0.2548338770866394
1789225141761361000,43.24136083984375,-0.3298974931240082,-0.844014048576355,-0.14447222650051117
1789225141771400000,43.25139990234375,-0.4297436475753784,-0.5586742162704468,-0.20281410217285156
1789225141781438000,43.26143798828125,-0.5153704285621643,-0.6042896509170532,0.2068708837032318
1789225141791477000,43.27147705078125,-0.5392126441001892,-0.75434410572052,0.04921042174100876
1789225141801514800,43.2815146484375,-0.5304862260818481,-0.4287092685699463,-0.49690723419189453
1789225141811553000,43.291552978515625,-0.5443519949913025,-0.4761319160461426,-0.24097266793251038
1789225141821591800,43.301591796875,-0.42766425013542175,-0.6805327534675598,0.5498849749565125
1789225141831630000,43.311630126953126,-0.3098646402359009,-0.610596776008606,0.49921754002571106
1789225141841668900,43.3216689453125,-0.24867399036884308,-0.43871983885765076,0.04470435529947281
1789225141851707000,43.331706787109376,-0.2199629843235016,-0.5462130308151245,-0.2114480584859848
1789225141861746000,43.341745849609374,-0.30067700147628784,-0.5939472317695618,0.06735347211360931
1789225141871784000,43.35178393554688,-0.4096287786960602,-0.5698051452636719,0.11493963748216629
1789225141881822700,43.36182275390625,-0.4947173297405243,-0.4844713509082794,-0.07775125652551651
1789225141891861000,43.37186108398438,-0.4102141559123993,-0.5834519863128662,-0.15673129260540009
1789225141901900000,43.38190014648438,-0.3207426071166992,-0.5906773805618286,-0.1540529429912567
1789225141911938000,43.39193798828125,-0.21890278160572052,-0.5539646744728088,-0.30031508207321167
1789225141921975800,43.40197583007812,-0.21235033869743347,-0.4323650002479553,-0.20218639075756073
1789225141932014800,43.41201489257813,-0.17251531779766083,-0.5183520913124084,0.060326192528009415
1789225141942052900,43.42205297851562,-0.1869019716978073,-0.4205749034881592,-0.14102530479431152
1789225141952092000,43.432091796875,-0.23903627693653107,-0.16549761593341827,-0.21383824944496155
1789225141962130000,43.4421298828125,-0.2223619669675827,-0.41455164551734924,0.1279132217168808
1789225141972169000,43.4521689453125,-0.1541549414396286,-0.554099440574646,0.32419484853744507
1789225141982206700,43.46220678710937,-0.0713420882821083,-0.41870617866516113,0.12031202763319016
1789225141992246000,43.47224609375,0.02907213196158409,-0.3484154939651489,0.035462386906147
1789225142002284000,43.482283935546874,0.09297893941402435,-0.17509937286376953,0.14457768201828003
1789225142012322000,43.49232202148438,0.04938965290784836,-0.061403971165418625,0.25871384143829346
1789225142022361000,43.502361083984376,0.05138356238603592,0.041662491858005524,-0.04185876622796059
1789225142032398800,43.51239892578125,0.08016860485076904,0.08632849901914597,-0.45364072918891907
1789225142042438100,43.52243823242188,0.07936806231737137,0.053403038531541824,-0.3961225748062134
1789225142052476000,43.53247583007813,0.16895173490047455,-0.05499400943517685,0.1528095155954361
1789225142062515000,43.542514892578126,0.33187007904052734,-0.1936541497707367,-0.05403047800064087
1789225142072553000,43.55255297851563,0.4193003177642822,0.011532019823789597,-0.432165265083313
1789225142082592000,43.56259204101563,0.37827780842781067,0.18360018730163574,-0.06936576217412949
1789225142092630000,43.57263012695312,0.2792774438858032,0.14248470962047577,0.2160787731409073
1789225142102668000,43.58266796875,0.1844281703233719,0.21710248291492462,0.057610031217336655
1789225142112706800,43.59270678710938,0.19695354998111725,0.20515048503875732,-0.19524486362934113
1789225142122745000,43.6027451171875,0.2345251590013504,0.18640662729740143,-0.08723929524421692
1789225142132783900,43.61278393554687,0.28616705536842346,0.16074174642562866,0.42959558963775635
1789225142142822100,43.622822265625,0.3668597638607025,0.13126693665981293,0.31214165687561035
1789225142152861000,43.63286083984375,0.36076271533966064,0.36552178859710693,0.05730563402175903
1789225142162899000,43.64289892578125,0.3700787127017975,0.21807295083999634,-0.01179167814552784
1789225142172937000,43.65293701171875,0.3331023156642914,0.24556103348731995,-0.06715453416109085
1789225142182976000,43.66297607421875,0.2818188965320587,0.4465913474559784,0.10204993188381195
1789225142193014000,43.67301391601563,0.323861688375473,0.3890945017337799,0.05642972141504288
1789225142203053000,43.683052978515626,0.3914252817630768,0.20669911801815033,-0.19264455139636993
1789225142213090800,43.6930908203125,0.4094269275665283,0.2642470896244049,-0.5037691593170166
1789225142223130000,43.70313012695313,0.25339072942733765,0.24704253673553467,-0.22366105020046234
1789225142233168000,43.71316796875,0.1657165288925171,0.09966321289539337,0.07894887775182724
1789225142243207000,43.72320703125,0.10678450018167496,0.13082751631736755,0.031451933085918427
1789225142253245000,43.73324487304688,0.16497643291950226,0.1380329728126526,-0.2748320996761322
1789225142263283500,43.743283447265625,0.27330130338668823,0.12196185439825058,-0.5586292147636414
1789225142273321500,43.75332153320313,0.22382910549640656,0.21867509186267853,-0.1171354129910469
1789225142283359200,43.76335913085938,0.1969415545463562,0.19967688620090485,0.16207972168922424
1789225142293398300,43.77339819335938,0.12320608645677567,0.35022884607315063,0.0799504891037941
1789225142303436300,43.78343627929687,0.11294013261795044,0.26298874616622925,0.20331797003746033
1789225142313475300,43.79347534179688,0.1578895002603531,0.09704239666461945,0.22288261353969574
1789225142323513600,43.803513671875,0.1501607447862625,0.10164300352334976,0.022435801103711128
1789225142333552400,43.81355249023437,0.09607832878828049,-0.00785366166383028,0.178163081407547
1789225142343590400,43.82359033203125,-0.003367300843819976,0.03140692412853241,0.5336160063743591
1789225142353628400,43.83362841796875,-0.02279559336602688,-0.04795847088098526,0.03839612379670143
1789225142363667500,43.84366748046875,-0.07983837276697159,0.24228426814079285,-0.6189127564430237
1789225142373705500,43.85370556640625,-0.10294182598590851,0.0989401638507843,-0.13933685421943665
1789225142383744500,43.86374462890625,0.018810706213116646,-0.04078391566872597,0.23184388875961304
1789225142393782300,43.8737822265625,0.0919717326760292,0.06391320377588272,-0.1628677397966385
1789225142403821600,43.883821533203125,0.16967318952083588,0.06143459677696228,-0.379341185092926
1789225142413859300,43.893859375,0.13154257833957672,-0.04086833819746971,0.1098354235291481
1789225142423898400,43.9038984375,-0.017113739624619484,-0.04764821380376816,-0.10176737606525421
1789225142433936400,43.91393627929688,-0.18434081971645355,0.26636749505996704,-0.5270611643791199
1789225142443974400,43.92397436523437,-0.29384201765060425,0.1382039487361908,0.06718835979700089
1789225142454013400,43.93401342773438,-0.174129456281662,-0.1531251072883606,0.42396724224090576
1789225142464051500,43.94405151367187,-0.02876533567905426,-0.040474455803632736,-0.06130090728402138
1789225142474090200,43.95409033203125,0.0577852688729763,0.07600661367177963,-0.1257060021162033
1789225142484128500,43.96412841796875,0.04247981682419777,0.04896914213895798,0.7399126887321472
1789225142494167300,43.97416723632813,-0.022412631660699844,-0.10101396590471268,0.7269862294197083
1789225142504205600,43.98420556640625,-0.056045424193143845,-0.0395205095410347,0.057303234934806824
1789225142514244400,43.99424438476562,-0.12963256239891052,0.18029707670211792,-0.6315596103668213
1789225142524282400,44.004282470703124,-0.15953506529331207,0.06947441399097443,0.13767583668231964
1789225142534320400,44.0143203125,-0.044494498521089554,-0.16026104986667633,0.579501211643219
1789225142544359400,44.024359375,0.0048922267742455006,-0.0138377845287323,0.044683847576379776
1789225142554397400,44.0343974609375,0.09459734708070755,-0.14482642710208893,-0.6217468976974487
1789225142564436500,44.0444365234375,0.041855569928884506,-0.02022404596209526,-0.3324114978313446
1789225142574474200,44.05447412109375,-0.03706294670701027,0.13862764835357666,-0.45857343077659607
1789225142584513500,44.064513427734376,-0.04307636246085167,0.34761735796928406,-0.42392170429229736
1789225142594551300,44.07455126953125,0.059898488223552704,-0.024689633399248123,-0.06220025569200516
1789225142604590300,44.08459033203125,0.07707347720861435,-0.04369261860847473,-0.03482908755540848
1789225142614628400,44.09462841796875,0.018094582483172417,-0.02845347858965397,-0.32601964473724365
1789225142624666400,44.10466625976562,-0.16011829674243927,-0.07678931951522827,0.4413033723831177
1789225142634705400,44.11470532226563,-0.18895234167575836,-0.2677190601825714,1.175287127494812
1789225142644743400,44.12474340820312,-0.20127958059310913,-0.1284932643175125,0.9963335394859314
1789225142654782200,44.1347822265625,-0.030950458720326424,-0.29118096828460693,0.06552255153656006
1789225142664820500,44.144820556640624,0.08443285524845123,-0.14819613099098206,-1.1281379461288452
1789225142674859300,44.154859375,-0.06307350844144821,0.06673216074705124,0.23429851233959198
1789225142684897500,44.1648974609375,0.03310202807188034,-0.06120530143380165,0.7041030526161194
1789225142694935300,44.174935302734376,0.010365023277699947,0.22977806627750397,0.043295543640851974
1789225142704974300,44.184974365234375,0.02900182455778122,0.2345275580883026,-0.4999943673610687
1789225142715012400,44.19501245117188,0.13695545494556427,-0.031491346657276154,-0.729314923286438
1789225142725051400,44.205051513671876,-0.025901904329657555,-0.0683971643447876,-0.5611088871955872
1789225142735089400,44.21508935546875,-0.08667657524347305,-0.28448686003685,-0.08056781440973282
1789225142745128400,44.22512841796875,-0.14351855218410492,-0.3830970525741577,-0.02839382365345955
1789225142755166200,44.23516625976563,-0.18769720196723938,-0.2168196588754654,-0.41475191712379456
1789225142765205500,44.24520556640625,-0.15315066277980804,-0.15592728555202484,-0.18067976832389832
1789225142775243300,44.2552431640625,-0.07696482539176941,-0.21708038449287415,0.5015824437141418
1789225142785281500,44.26528149414062,0.003876230912283063,-0.17938466370105743,0.20579896867275238
1789225142795320600,44.27532055664062,0.08472820371389389,0.25057628750801086,-0.4457974433898926
1789225142805358300,44.2853583984375,0.13055215775966644,0.23146918416023254,-0.2947554588317871
1789225142815397400,44.2953974609375,0.09886559098958969,0.10566917061805725,0.8464484810829163
1789225142825435400,44.305435302734374,0.11672874540090561,0.07552831619977951,0.6034976243972778
1789225142835474400,44.31547436523437,0.12792547047138214,0.3474844694137573,0.06223195046186447
1789225142845512400,44.325512451171875,0.07947298884391785,0.0033390712924301624,-0.2144174873828888
1789225142855551500,44.335551513671874,0.06574305891990662,-0.18391364812850952,0.16787634789943695
1789225142865589500,44.345589599609376,0.01489585917443037,-0.09844294935464859,0.09294192492961884
1789225142875627300,44.355627197265626,-0.005167065188288689,0.05404512584209442,-0.13375486433506012
1789225142885666300,44.365666259765625,0.054672565311193466,-0.015333948656916618,-0.08645898848772049
1789225142895704600,44.37570458984375,0.08957941830158234,-0.004055195488035679,0.08792399615049362
1789225142905743400,44.385743408203126,0.11791092157363892,0.11695431917905807,0.029704898595809937
1789225142915781400,44.39578149414063,0.12801948189735413,0.22846060991287231,0.1832190901041031
1789225142925820400,44.4058203125,0.18286356329917908,0.1393618881702423,0.4068777561187744
1789225142935858400,44.4158583984375,0.2385326772928238,0.07877577096223831,-0.13050447404384613
1789225142945896400,44.425896484375,0.2502753436565399,0.08442513644695282,-1.0408695936203003
1789225142955935500,44.435935546875,0.13657888770103455,0.007004113402217627,-0.39958521723747253
1789225142965973500,44.445973388671874,0.16790059208869934,0.017345167696475983,0.6319095492362976
1789225142976012500,44.45601245117187,0.16172312200069427,0.2725662887096405,0.43903008103370667
1789225142986050300,44.46605029296875,0.217183455824852,0.6286631226539612,0.005550294183194637
1789225142996089300,44.47608935546875,0.3419216573238373,0.3191524147987366,-0.43918880820274353
1789225143006127400,44.48612744140625,0.25474226474761963,0.27185600996017456,0.037997715175151825
1789225143016166400,44.49616650390625,0.17117974162101746,0.17065109312534332,0.20818276703357697
1789225143026204400,44.506204345703125,0.04327210783958435,0.27579936385154724,-0.009472863748669624
1789225143036242400,44.51624243164063,0.06169239431619644,0.09748075157403946,0.1625838577747345
1789225143046281200,44.52628125,0.1355314552783966,0.06687543541193008,0.3315869867801666
1789225143056319500,44.53631958007813,0.20469722151756287,0.22142799198627472,0.012852149084210396
1789225143066358300,44.546358154296875,0.2215784639120102,0.34710896015167236,0.032708145678043365
1789225143076396500,44.556396484375,0.2480366975069046,0.24862580001354218,0.31700006127357483
1789225143086435300,44.56643530273438,0.29961147904396057,0.17658595740795135,-0.32212984561920166
1789225143096473300,44.57647338867187,0.26001691818237305,0.32806628942489624,-1.1141417026519775
1789225143106511400,44.586511474609374,0.2264896035194397,0.22702328860759735,-0.40931135416030884
1789225143116550400,44.59655029296875,0.23074346780776978,0.19957275688648224,0.28728291392326355
1789225143126588400,44.60658837890625,0.21520738303661346,0.39641258120536804,-0.0882188081741333
1789225143136627500,44.61662744140625,0.23965999484062195,0.5894094705581665,-0.35282036662101746
1789225143146665200,44.626665283203124,0.20211927592754364,0.3528027832508087,0.01423512864857912
1789225143156704500,44.63670458984375,0.16285549104213715,0.20277388393878937,0.24194179475307465
1789225143166742300,44.6467421875,0.1411547213792801,0.272646963596344,-0.06041301041841507
1789225143176781300,44.65678125,0.08030416071414948,0.2849062979221344,0.18188750743865967
1789225143186819300,44.6668193359375,0.13979758322238922,0.01907648891210556,0.5146710276603699
1789225143196857300,44.676857421875,0.09228678792715073,0.1467236578464508,0.3785848617553711
1789225143206896400,44.686896484375,0.02448483742773533,0.27842575311660767,0.30269941687583923
1789225143216934400,44.69693432617188,0.08720840513706207,-0.006422212813049555,0.04734354838728905
1789225143226973200,44.70697314453125,0.060753095895051956,0.1017274260520935,-0.0748358890414238
1789225143237011500,44.71701147460937,0.09221301972866058,0.21805590391159058,-0.3382140100002289
1789225143247050200,44.72705029296875,0.1397283375263214,0.260579377412796,-0.3535442054271698
1789225143257088500,44.73708862304687,0.10214394330978394,0.318667471408844,0.023689882829785347
1789225143267126000,44.7471259765625,0.09628499299287796,0.19862787425518036,0.051249340176582336
1789225143277165000,44.7571650390625,0.1177615225315094,0.10319802165031433,-0.4353083372116089
1789225143287203000,44.767203125,-0.06015841290354729,-0.0034317492973059416,-0.3279821276664734
1789225143297241900,44.77724194335938,-0.1648818999528885,-0.1373695731163025,0.3432796001434326
1789225143307280100,44.78728002929687,-0.24322117865085602,-0.21129919588565826,0.27981966733932495
1789225143317319000,44.79731884765625,-0.18396876752376556,-0.1629849225282669,-0.2201656550168991
1789225143327357000,44.80735693359375,-0.1227131336927414,-0.18169283866882324,-0.3508131504058838
1789225143337395000,44.81739501953125,-0.12444019317626953,-0.2554485499858856,0.4055858552455902
1789225143347434000,44.82743408203125,-0.09556886553764343,-0.27784305810928345,0.46631765365600586
1789225143357472000,44.837471923828126,-0.1912224143743515,0.12135811895132065,-0.01925438828766346
1789225143367511000,44.847510986328125,-0.18136127293109894,0.044386640191078186,-0.015517440624535084
1789225143377549000,44.85754907226563,-0.21687425673007965,-0.07103582471609116,0.14126019179821014
1789225143387588000,44.867588134765626,-0.2209739238023758,-0.03971279039978981,-0.09562265872955322
1789225143397625900,44.8776259765625,-0.21731367707252502,-0.0506565198302269,-0.4062034487724304
1789225143407665000,44.887664794921875,-0.22089029848575592,-0.2819443345069885,-0.18475227057933807
1789225143417703000,44.89770288085938,-0.18771770596504211,-0.5051819682121277,0.0842038244009018
1789225143427741000,44.90774096679687,-0.24187254905700684,-0.31056877970695496,0.020372916013002396
1789225143437780200,44.9177802734375,-0.3318285346031189,-0.14429379999637604,0.09391797333955765
1789225143447818000,44.92781787109375,-0.343022882938385,-0.33309993147850037,0.0801108181476593
1789225143457857000,44.93785693359375,-0.37573128938674927,-0.3046344816684723,-0.14846058189868927
1789225143467895000,44.94789501953125,-0.4401840269565582,-0.32752272486686707,-0.2001274973154068
1789225143477934000,44.95793408203125,-0.4370273947715759,-0.48737844824790955,-0.2471727728843689
1789225143487972000,44.96797216796875,-0.4038561284542084,-0.5354791283607483,0.20011365413665771
1789225143498009900,44.978009765625,-0.32932090759277344,-0.562475860118866,0.5362602472305298
1789225143508049000,44.988048828125,-0.2674484848976135,-0.47395533323287964,0.06709328293800354
1789225143518087000,44.9980869140625,-0.28481894731521606,-0.2624257504940033,-0.24504730105400085
1789225143528126000,45.0081259765625,-0.34407347440719604,-0.31395819783210754,0.05661188066005707
1789225143538164200,45.01816430664063,-0.35983461141586304,-0.3091575801372528,0.05240914598107338
1789225143548203000,45.028203125,-0.33914557099342346,-0.16805531084537506,-0.06862033903598785
1789225143558241000,45.03824096679688,-0.23331688344478607,-0.325245201587677,-0.1443158984184265
1789225143568279000,45.04827905273437,-0.18035832047462463,-0.4082873463630676,-0.2581271529197693
1789225143578318000,45.05831811523438,-0.19469891488552094,-0.5234892964363098,-0.09306948632001877
1789225143588356000,45.06835620117187,-0.26354455947875977,-0.5265868306159973,0.2398059368133545
1789225143598395100,45.07839501953125,-0.33024662733078003,-0.43841037154197693,0.067674919962883
1789225143608433000,45.08843286132812,-0.35936933755874634,-0.2679062783718109,-0.09489855170249939
1789225143618472200,45.09847216796875,-0.3002612888813019,-0.3134913444519043,0.07204889506101608
1789225143628510000,45.108510009765624,-0.1559334099292755,-0.35952940583229065,-0.034744396805763245
1789225143638548200,45.11854833984375,-0.11270017921924591,-0.25866857171058655,-0.1307055503129959
1789225143648587000,45.1285869140625,-0.09913910180330276,-0.23046383261680603,0.03586745262145996
1789225143658625000,45.138625,-0.08332604914903641,-0.23944002389907837,0.35013484954833984
1789225143668664000,45.1486640625,-0.06288575381040573,-0.3247027099132538,0.1917547881603241
1789225143678702000,45.1587021484375,-0.02028636261820793,-0.04688388481736183,-0.3445568382740021
1789225143688740900,45.168740966796875,-0.016384832561016083,-0.0745440125465393,-0.3727591931819916
1789225143698779100,45.17877905273438,0.046251118183135986,-0.15342098474502563,0.1442437320947647
1789225143708818000,45.18881787109375,0.08118007332086563,-0.15052665770053864,0.1458381563425064
1789225143718856200,45.19885620117188,0.09350971132516861,0.04061906412243843,-0.13957281410694122
1789225143728894000,45.20889404296875,0.14287832379341125,0.021459219977259636,-0.485324889421463
1789225143738933000,45.21893310546875,0.11646189540624619,-0.062482018023729324,-0.20493184030056
1789225143748971000,45.22897094726562,0.1168200895190239,-0.01583142764866352,0.16283738613128662
1789225143759010000,45.23901000976562,0.13149385154247284,0.15810148417949677,0.19983269274234772
1789225143769048000,45.249048095703124,0.24664492905139923,0.10885564237833023,-0.11447224766016006
1789225143779087000,45.25908715820312,0.27483636140823364,0.23409825563430786,-0.18295064568519592
1789225143789124900,45.26912475585937,0.2807919979095459,0.09188065677881241,-0.09361250698566437
1789225143799163100,45.2791630859375,0.20792843401432037,0.1941652148962021,0.08001866936683655
1789225143809202000,45.289201904296874,0.13478177785873413,0.24034203588962555,0.2600582242012024
1789225143819240200,45.299240234375,0.14615029096603394,0.2947344183921814,0.3215910792350769
1789225143829279000,45.309279052734375,0.21036629378795624,0.2618390619754791,0.08701479434967041
1789225143839317000,45.31931689453125,0.34031468629837036,0.13074709475040436,-0.4269646406173706
1789225143849356000,45.32935595703125,0.38990169763565063,-0.05709897354245186,-0.21409018337726593
1789225143859394000,45.33939404296875,0.40783703327178955,0.05024905502796173,0.13312982022762299
1789225143869432000,45.34943212890625,0.2897660434246063,0.36276835203170776,-0.12274376302957535
1789225143879471000,45.35947119140625,0.2176593542098999,0.38292741775512695,-0.14584003388881683
1789225143889508900,45.3695087890625,0.18960800766944885,0.24625025689601898,-0.16333992779254913
1789225143899548200,45.37954809570312,0.19371408224105835,0.3644711673259735,-0.1904972493648529
1789225143909586000,45.3895859375,0.26423776149749756,0.19577722251415253,-0.21674908697605133
1789225143919625000,45.399625,0.36009132862091064,-0.04068218171596527,-0.5114816427230835
1789225143929663000,45.4096630859375,0.3362770676612854,0.07338926196098328,-0.24188239872455597
1789225143939701000,45.419700927734375,0.25414466857910156,0.20331130921840668,0.18850040435791016
1789225143949740000,45.429739990234374,0.14531831443309784,0.4581318795681,0.27823081612586975
1789225143959778000,45.439778076171876,0.11112891882658005,0.6060174703598022,0.3015744984149933
1789225143969816800,45.44981689453125,0.16691921651363373,0.6711229681968689,0.28091368079185486
1789225143979855000,45.45985522460938,0.3558252155780792,0.006021406967192888,-0.19266772270202637
1789225143989894000,45.469893798828124,0.29676270484924316,-0.1724729686975479,-0.7021623849868774
1789225143999932200,45.47993212890625,0.24051247537136078,-0.11076220124959946,0.24854536354541779
1789225144009970000,45.48996997070312,0.14779798686504364,-0.012109925970435143,0.3554944396018982
1789225144020009000,45.50000903320313,0.04520023614168167,0.5093676447868347,0.15364788472652435
1789225144030047000,45.510046875,0.06492467224597931,0.24167867004871368,-0.09563331305980682
1789225144040086000,45.5200859375,0.1798720359802246,0.16733652353286743,-0.14586639404296875
1789225144050124000,45.5301240234375,0.16046370565891266,0.3053159713745117,-0.25613856315612793
1789225144060163000,45.5401630859375,0.029025526717305183,0.521977961063385,-0.09164655953645706
1789225144070200800,45.55020092773437,0.010526143945753574,0.3642309606075287,0.5755714178085327
1789225144080239000,45.560239013671875,0.16339798271656036,-0.08712877333164215,0.2911117374897003
1789225144090278000,45.57027783203125,0.21447554230690002,-0.11851359903812408,-0.3671819865703583
1789225144100316200,45.580316162109376,0.1043623611330986,-0.0355212427675724,-0.6574950814247131
1789225144110355200,45.590355224609375,0.022001173347234726,-0.09827117621898651,0.4265372157096863
1789225144120393000,45.60039306640625,-0.07144062966108322,-0.09834147989749908,0.6688289046287537
1789225144130432300,45.610432373046876,-0.058152250945568085,0.39821740984916687,0.12308358401060104
1789225144140470000,45.62046997070313,0.06600324809551239,0.29046937823295593,-0.639048159122467
1789225144150509000,45.630509033203126,0.09915348142385483,0.3541615307331085,-0.6258095502853394
1789225144160547000,45.64054711914063,0.12536591291427612,0.14472682774066925,0.08079684525728226
1789225144170584800,45.65058471679688,0.16560441255569458,0.07958217710256577,0.09150008857250214
1789225144180624100,45.6606240234375,0.10702871531248093,0.1564556509256363,-0.09300610423088074
1789225144190662000,45.67066186523437,0.0622231587767601,0.15650279819965363,0.11272228509187698
1789225144200701000,45.68070092773438,0.035885296761989594,0.030975759029388428,-0.06167055293917656
1789225144210739200,45.6907392578125,0.09778008610010147,0.2567146122455597,-0.49498364329338074
1789225144220778000,45.70077807617187,0.08162561804056168,0.2105521708726883,-0.131315678358078
1789225144230816000,45.71081591796875,0.0835936963558197,0.06278721988201141,0.25608664751052856
1789225144240854000,45.72085400390625,0.07448089122772217,0.17384210228919983,-0.22611889243125916
1789225144250893000,45.73089306640625,-0.08968141674995422,0.23528814315795898,-0.06805228441953659
1789225144260931000,45.74093115234375,-0.09105906635522842,0.010902981273829937,0.4590488076210022
1789225144270971000,45.75097094726563,-0.04224412515759468,0.08528293669223785,0.44740360975265503
1789225144281009000,45.7610087890625,0.057976484298706055,0.3767573833465576,0.430446982383728
1789225144291048000,45.7710478515625,0.21955792605876923,0.104156494140625,0.1243421882390976
1789225144301086000,45.7810859375,0.22245118021965027,-0.08952535688877106,-0.1956230252981186
1789225144311124000,45.7911240234375,0.02267495170235634,0.13704892992973328,0.27510640025138855
1789225144321163000,45.8011630859375,-0.06169851869344711,0.1793212890625,0.17449963092803955
1789225144331200800,45.81120068359375,-0.08397665619850159,0.2387467920780182,-0.06497500836849213
1789225144341239800,45.82123974609375,0.02700818143785,0.21261586248874664,-0.14806483685970306
1789225144351277800,45.83127783203125,0.15184998512268066,0.28225353360176086,-0.10213648527860641
1789225144361316900,45.84131689453125,0.21249575912952423,0.3321230709552765,0.09023535251617432
1789225144371355000,45.85135498046875,0.20482851564884186,0.36741796135902405,-0.02949371002614498
1789225144381393000,45.86139282226563,0.12032002210617065,0.15853585302829742,-0.3831561803817749
1789225144391432000,45.87143188476563,-0.007721569389104843,0.1264261156320572,-0.0710747092962265
1789225144401470000,45.88146997070312,0.0029917950741946697,0.06391853094100952,0.18310004472732544
1789225144411508700,45.8915087890625,0.08854024857282639,0.09167452901601791,-0.029799174517393112
1789225144421547000,45.90154711914062,0.16904760897159576,0.10276952385902405,-0.11882918328046799
1789225144431585800,45.91158569335938,0.16922178864479065,0.28179678320884705,0.19124479591846466
1789225144441623800,45.92162377929687,0.08775036036968231,0.499561607837677,-0.05372368171811104
1789225144451661800,45.931661865234375,0.03236912563443184,0.4797325134277344,-0.08488693088293076
1789225144461700900,45.941700927734374,0.04674619808793068,0.18416345119476318,-0.30967262387275696
1789225144471739000,45.95173876953125,0.1029181256890297,-0.10278816521167755,-0.3386068046092987
1789225144481778000,45.96177783203125,0.1138051301240921,-0.05904547497630119,-0.024020381271839142
1789225144491815700,45.971815673828125,0.02713228575885296,0.35817280411720276,0.3888891637325287
1789225144501854000,45.98185400390625,-0.008431834168732166,0.42530256509780884,0.4311593770980835
1789225144511892700,45.991892822265626,0.05697619915008545,0.20292913913726807,0.21361561119556427
1789225144521931000,46.00193090820313,0.07364412397146225,-0.0044200485572218895,-0.29731130599975586
1789225144531969800,46.0119697265625,-0.03496330976486206,-0.06911994516849518,-0.8115168213844299
1789225144542007800,46.0220078125,-0.04171495512127876,-0.176592618227005,0.11751038581132889
1789225144552047000,46.03204711914063,-0.028005268424749374,-0.12438932806253433,0.238050639629364
1789225144562084900,46.0420849609375,-0.11352603137493134,0.29241934418678284,-0.008942095562815666
1789225144572123000,46.052122802734374,-0.08963880687952042,0.19963134825229645,0.10645720362663269
1789225144582162000,46.06216186523437,-0.03557876497507095,0.18098922073841095,-0.0200959462672472
1789225144592199700,46.07219970703125,-0.0015872439835220575,0.36488795280456543,-0.19944866001605988
1789225144602239000,46.082239013671874,0.0845007672905922,0.1727035939693451,-0.2547449469566345
1789225144612276700,46.09227685546875,0.010973821394145489,0.1100040003657341,0.1881810873746872
1789225144622315800,46.10231567382812,-0.07460206747055054,-0.023144466802477837,0.26162973046302795
1789225144632353800,46.112353759765625,-0.22403976321220398,-0.08039124310016632,0.09406151622533798
1789225144642392800,46.122392822265624,-0.3009102940559387,-0.1759457290172577,0.18012715876102448
1789225144652431000,46.13243115234375,-0.28752925992012024,-0.24771898984909058,0.25962066650390625
1789225144662468900,46.14246875,-0.2738131582736969,-0.0580475889146328,0.18444441258907318
1789225144672508000,46.1525078125,-0.11008549481630325,0.1728479415178299,-0.08496256172657013
1789225144682546000,46.1625458984375,-0.04179937765002251,0.23045530915260315,-0.082395538687706
1789225144692585000,46.1725849609375,0.06394942104816437,0.027885694056749344,-0.07068002969026566
1789225144702623000,46.182623046875,0.09674838185310364,0.1854761242866516,-0.35907188057899475
1789225144712660700,46.19266064453125,-0.06424370408058167,0.21668383479118347,0.004832572303712368
1789225144722699800,46.20269970703125,-0.056291501969099045,-0.06391772627830505,0.14335156977176666
1789225144732737800,46.21273779296875,-0.11707282811403275,-0.0031763522420078516,-0.052147090435028076
1789225144742776800,46.22277685546875,-0.15078338980674744,0.08438146114349365,-0.3493281602859497
1789225144752815000,46.232815185546876,-0.1488288938999176,0.04320872202515602,-0.3443424701690674
1789225144762854000,46.24285400390625,-0.14421656727790833,0.09194456785917282,-0.07496558874845505
1789225144772892000,46.252891845703125,-0.0993199273943901,0.17082181572914124,0.05176412686705589
1789225144782930000,46.26292993164063,-0.04614592343568802,0.18025419116020203,-0.025740517303347588
1789225144792969000,46.272968994140626,-0.07643511891365051,0.06534651666879654,0.17320720851421356
1789225144803007000,46.28300708007812,-0.1741930991411209,-0.14846910536289215,0.33436334133148193
1789225144813046000,46.2930458984375,-0.3207705616950989,-0.14502324163913727,0.25022608041763306
1789225144823083800,46.30308374023438,-0.39228975772857666,-0.15914864838123322,0.02045600675046444
1789225144833123000,46.313123046875,-0.3105461597442627,-0.27966174483299255,0.05762894079089165
1789225144843160800,46.32316088867187,-0.18220148980617523,-0.2831379771232605,-0.03628716617822647
1789225144853199000,46.33319921875,-0.09516992419958115,-0.26223695278167725,-0.2627147138118744
1789225144863238000,46.34323779296875,-0.12216319143772125,-0.23993483185768127,-0.399142861366272
1789225144873276000,46.35327587890625,-0.305107444524765,-0.18253065645694733,-0.090530164539814
1789225144883315000,46.36331494140625,-0.5154334902763367,-0.07140840590000153,0.10647397488355637
1789225144893353000,46.37335302734375,-0.5833574533462524,-0.08804517239332199,-0.183395117521286
1789225144903391700,46.38339184570312,-0.5376126170158386,-0.2504202425479889,-0.3515700101852417
1789225144913430000,46.393429931640625,-0.4066164791584015,-0.5001738667488098,0.02130182646214962
1789225144923467800,46.4034677734375,-0.30234041810035706,-0.6395778656005859,0.5070583820343018
1789225144933507000,46.413507080078126,-0.3595432639122009,-0.5263348817825317,0.5905746221542358
1789225144943544800,46.423544921875,-0.4654952585697174,-0.498406320810318,0.5746904611587524
1789225144953583900,46.433583984375,-0.5662136077880859,-0.5595455765724182,0.44032466411590576
1789225144963622000,46.44362182617188,-0.6394702196121216,-0.5519851446151733,0.25304263830184937
1789225144973661000,46.45366088867188,-0.6405027508735657,-0.5509627461433411,0.08355987071990967
1789225144983699000,46.46369897460937,-0.5639600157737732,-0.6935622692108154,0.06847839057445526
1789225144993737000,46.473737060546874,-0.4378495216369629,-0.9082066416740417,-0.023393206298351288
1789225145003775700,46.48377563476563,-0.38666993379592896,-0.7601330280303955,-0.1961900144815445
1789225145013814000,46.49381396484375,-0.45584341883659363,-0.5022673606872559,-0.10255220532417297
1789225145023852800,46.50385278320312,-0.5579767227172852,-0.5643084049224854,-0.0032115059439092875
1789225145033891000,46.51389111328125,-0.522501528263092,-0.8081204891204834,-0.4312872290611267
1789225145043928800,46.5239287109375,-0.5061590671539307,-0.7436696290969849,-0.778476357460022
1789225145053968000,46.5339677734375,-0.5179792642593384,-0.6654600501060486,-0.6153103113174438
1789225145064006000,46.544005859375,-0.46029651165008545,-0.6093789339065552,0.2722565531730652
1789225145074045000,46.554044921875,-0.33754047751426697,-0.7128989100456238,0.2962673604488373
1789225145084083000,46.5640830078125,-0.27831152081489563,-0.30710268020629883,-0.2052231878042221
1789225145094122000,46.5741220703125,-0.25486505031585693,-0.4094698131084442,0.11544137448072433
1789225145104159700,46.58415966796875,-0.20854414999485016,-0.6332621574401855,0.3576388359069824
1789225145114198000,46.59419799804687,-0.3474636971950531,-0.2735111713409424,0.21414318680763245
1789225145124236800,46.60423681640625,-0.4453020989894867,-0.3332357406616211,0.34028035402297974
1789225145134275000,46.614275146484374,-0.48245933651924133,-0.46426859498023987,0.4611439108848572
1789225145144313900,46.62431396484375,-0.4480859041213989,-0.5202155113220215,0.48528945446014404
1789225145154351900,46.63435180664062,-0.2901647090911865,-0.7757756114006042,0.3008173704147339
1789225145164391000,46.64439086914062,-0.19155371189117432,-0.7571156620979309,0.15686391294002533
1789225145174429000,46.654428955078124,-0.1280546337366104,-0.6351678967475891,0.018798189237713814
1789225145184467000,46.66446704101563,-0.17904351651668549,-0.4127444326877594,-0.2210913747549057
1789225145194506000,46.674506103515625,-0.28877800703048706,-0.2606603503227234,-0.09321755915880203
1789225145204543700,46.684543701171876,-0.36316168308258057,-0.24312956631183624,0.017345434054732323
1789225145214583000,46.6945830078125,-0.3861503601074219,-0.23027528822422028,-0.0018804579740390182
1789225145224620800,46.70462084960938,-0.28685814142227173,-0.5964069366455078,-0.26655393838882446
1789225145234659800,46.714659912109376,-0.10588248819112778,-0.7076586484909058,-0.7569004893302917
1789225145244697900,46.72469775390625,0.024864070117473602,-0.6244273781776428,0.22700704634189606
1789225145254736000,46.73473583984375,0.07748520374298096,-0.47149962186813354,0.5836341381072998
1789225145264775000,46.74477490234375,-0.01500984188169241,-0.060499563813209534,0.2410925030708313
1789225145274812700,46.75481274414062,-0.06866455078125,-0.017553426325321198,0.3185316324234009
1789225145284851700,46.76485180664063,-0.06692656874656677,0.055151134729385376,0.33548933267593384
1789225145294889700,46.7748896484375,0.015508651733398438,-0.2636191248893738,0.09106066823005676
1789225145304927700,46.784927734375,0.11936021596193314,-0.46390774846076965,-0.5885255932807922
1789225145314966800,46.794966796875,0.13952088356018066,-0.4783359467983246,-0.2604534327983856
1789225145325004800,46.8050048828125,0.2650742828845978,-0.5760278701782227,-0.03272279351949692
1789225145335043600,46.815043701171874,0.19369596242904663,-0.03039092943072319,-0.27366217970848083
1789225145345081900,46.825081787109376,0.15815182030200958,0.20044468343257904,-0.03238696977496147
1789225145355120600,46.83512060546875,0.18520766496658325,0.1332147717475891,0.06919504702091217
1789225145365159000,46.84515893554688,0.0697641670703888,0.6019433736801147,0.14997351169586182
1789225145375196700,46.85519677734375,0.17114432156085968,-0.17619340121746063,-0.3254721164703369
1789225145385235700,46.865235595703126,0.3324035108089447,-0.16326162219047546,-0.7340651750564575
1789225145395273700,46.87527368164063,0.23603969812393188,0.11359154433012009,-0.07935234904289246
1789225145405312800,46.88531274414063,0.3173353374004364,-0.1769537329673767,0.6313419938087463
1789225145415350800,46.89535083007812,0.30375057458877563,0.022300511598587036,0.5442414879798889
1789225145425389800,46.90538989257813,0.2579766809940338,0.15762637555599213,0.31486818194389343
1789225145435427600,46.91542749023437,0.3128199577331543,0.16032256186008453,-0.17133153975009918
1789225145445465900,46.9254658203125,0.30147063732147217,0.26134559512138367,-0.2702229619026184
1789225145455504600,46.93550463867187,0.3631989657878876,-0.20665571093559265,-0.44831839203834534
1789225145465543000,46.94554296875,0.38168689608573914,-0.12325721979141235,-0.25148576498031616
1789225145475582000,46.95558203125,0.26634007692337036,0.2545819580554962,-0.27883777022361755
1789225145485619700,46.96561962890625,0.23365190625190735,0.21040810644626617,-0.12364044785499573
1789225145495657700,46.97565771484375,0.2447463721036911,0.17169798910617828,0.29311683773994446
1789225145505696800,46.98569677734375,0.31388363242149353,0.2081982046365738,0.1239863932132721
1789225145515734800,46.99573486328125,0.3460724651813507,0.32623615860939026,-0.18904821574687958
1789225145525773800,47.00577392578125,0.4705187678337097,0.36242106556892395,-0.3070739209651947
1789225145535811600,47.0158115234375,0.3805100619792938,0.33794474601745605,0.3377111852169037
1789225145545851000,47.02585083007813,0.334548681974411,0.13079290091991425,0.9814936518669128
1789225145555889000,47.03588891601562,0.332489013671875,0.08679348230361938,0.8619102239608765
1789225145565927000,47.045927001953125,0.32724177837371826,0.24050182104110718,0.5711974501609802
1789225145575966000,47.05596606445312,0.31621256470680237,0.1667354553937912,0.09123377501964569
1789225145586003700,47.066003662109374,0.2130020260810852,0.21399883925914764,-0.1580713987350464
1789225145596042800,47.07604272460937,0.2585889399051666,0.042459309101104736,-0.16606806218624115
1789225145606080800,47.086080810546875,0.3595307469367981,0.12779897451400757,-0.10329709202051163
1789225145616118800,47.09611889648438,0.43235859274864197,0.35476821660995483,-0.384686678647995
1789225145626157800,47.10615771484375,0.5427711606025696,0.4031815528869629,-0.697716236114502
1789225145636195600,47.116195556640626,0.5400446057319641,0.3710204064846039,-0.6565208435058594
1789225145646234600,47.126234619140625,0.40164995193481445,0.4488922953605652,-0.5182916522026062
1789225145656273000,47.13627294921875,0.30675220489501953,0.5156702995300293,-0.3098878264427185
1789225145666311700,47.146311767578126,0.29669612646102905,0.3794011175632477,-0.44114357233047485
1789225145676350000,47.15634985351563,0.37181323766708374,0.1976291835308075,-0.6901779174804688
1789225145686387700,47.1663876953125,0.423126220703125,0.08507627993822098,-0.3698318600654602
1789225145696426800,47.1764267578125,0.4110783636569977,0.20973138511180878,0.3782855272293091
1789225145706464800,47.18646484375,0.37407186627388,0.5050301551818848,0.446958065032959
1789225145716503800,47.19650390625,0.3629968464374542,0.8341792821884155,0.4424043297767639
1789225145726541800,47.206541748046874,0.40834861993789673,0.6665282249450684,0.3349452316761017
1789225145736579600,47.21657958984375,0.4187466502189636,0.75614333152771,-0.05415671318769455
1789225145746618600,47.22661865234375,0.4006566107273102,0.6021378040313721,-0.016753412783145905
1789225145756657000,47.23665698242188,0.3818208575248718,0.5185070633888245,0.6287675499916077
1789225145766695700,47.24669580078125,0.4242703318595886,0.5084163546562195,0.49611735343933105
1789225145776734000,47.25673388671875,0.4174070954322815,0.4754328429698944,0.02239052578806877
1789225145786772700,47.266772705078125,0.39323943853378296,0.4450235366821289,-0.40366145968437195
1789225145796810800,47.27681079101563,0.27114734053611755,0.4210529625415802,-0.24583026766777039
1789225145806848800,47.28684887695312,0.1831543743610382,0.43167123198509216,-0.028926189988851547
1789225145816887800,47.2968876953125,0.22167566418647766,0.5943397879600525,-0.10913421213626862
1789225145826925800,47.30692578125,0.276864618062973,0.7385843396186829,-0.02467125840485096
1789225145836964900,47.31696484375,0.3691740334033966,0.6986083984375,-0.07764099538326263
1789225145847002600,47.32700268554687,0.36820730566978455,0.5560973286628723,-0.07988125085830688
1789225145857042000,47.3370419921875,0.2809717357158661,0.31696435809135437,-0.140189066529274
1789225145867079700,47.34707958984375,0.14550259709358215,0.1633138209581375,-0.05103708431124687
1789225145877118000,47.357117919921876,0.0481981560587883,0.2020745426416397,0.07597732543945312
1789225145887156700,47.36715673828125,0.026925090700387955,0.35236549377441406,0.11995117366313934
1789225145897194800,47.37719482421875,0.057375673204660416,0.41274282336235046,0.377135306596756
1789225145907233800,47.38723388671875,0.21548515558242798,0.33796313405036926,0.05477909371256828
1789225145917271800,47.397271728515626,0.31665492057800293,0.32898321747779846,-0.3287443220615387
1789225145927309800,47.40730981445312,-0.01059219054877758,0.4126879572868347,-0.03418167307972908
1789225145937348900,47.41734887695313,-0.21230587363243103,0.27548670768737793,-0.018663965165615082
1789225145947386600,47.42738671875,-0.4097246527671814,0.07011863589286804,-0.1138855591416359
1789225145957426000,47.43742602539062,-0.3868257403373718,-0.1469593495130539,0.19361820816993713
1789225145967463700,47.44746362304687,-0.1719541847705841,-0.3227708637714386,0.4222812056541443
1789225145977502700,47.45750268554688,0.00878097489476204,-0.2990831136703491,0.08256252110004425
1789225145987540700,47.46754077148437,-0.03618277236819267,-0.0000756337758502923,-0.052196890115737915
1789225145997578800,47.477578857421875,-0.19949978590011597,0.03418966010212898,0.2526058852672577
1789225146007617800,47.48761767578125,-0.38428667187690735,-0.07297620922327042,0.23486843705177307
1789225146017655800,47.49765576171875,-0.5035023093223572,-0.10072101652622223,-0.3664264678955078
1789225146027694600,47.50769458007812,-0.44730132818222046,-0.054362308233976364,-1.0265724658966064
1789225146037732900,47.51773291015625,-0.4114096462726593,-0.28414011001586914,-0.3630567789077759
1789225146047770600,47.5277705078125,-0.251650869846344,-0.4400327801704407,0.4083326458930969
1789225146057810000,47.53780981445313,-0.24116095900535583,-0.22402404248714447,0.28969547152519226
1789225146067847700,47.54784765625,-0.2822228968143463,-0.032936643809080124,-0.027512583881616592
1789225146077886700,47.55788671875,-0.3608793616294861,-0.2142835259437561,-0.014878282323479652
1789225146087924700,47.5679248046875,-0.42927226424217224,-0.266854852437973,0.41666433215141296
1789225146097963800,47.5779638671875,-0.39160025119781494,-0.18652833998203278,0.5462172627449036
1789225146108001800,47.58800170898437,-0.28668689727783203,-0.14564748108386993,0.582648515701294
1789225146118039800,47.598039794921874,-0.14312253892421722,-0.2549462616443634,0.39675694704055786
1789225146128078600,47.60807861328125,-0.13398416340351105,-0.38793203234672546,0.011055580340325832
1789225146138116900,47.618116943359375,-0.274885356426239,-0.44057604670524597,-0.10378312319517136
1789225146148155600,47.62815576171875,-0.3932301104068756,-0.3961436152458191,0.057856641709804535
1789225146158194000,47.63819384765625,-0.47316116094589233,-0.2410576194524765,0.02798129990696907
1789225146168231700,47.64823168945313,-0.41907450556755066,-0.2638327181339264,-0.2738294303417206
1789225146178270700,47.658270751953125,-0.24576662480831146,-0.1667671501636505,-0.641973614692688
1789225146188308700,47.66830883789063,-0.19545365869998932,-0.15764449536800385,-0.44771119952201843
1789225146198347800,47.67834765625,-0.16802789270877838,-0.23629003763198853,0.062121693044900894
1789225146208385800,47.6883857421875,-0.1724519282579422,-0.23877182602882385,0.2545207142829895
1789225146218423800,47.698423828125,-0.21241426467895508,-0.10988016426563263,0.305484801530838
1789225146228462600,47.70846264648438,-0.21841515600681305,-0.32824739813804626,0.02930302731692791
1789225146238500900,47.7185009765625,-0.23773053288459778,-0.3391444981098175,-0.029771210625767708
1789225146248539600,47.72853955078125,-0.24528485536575317,-0.4183221459388733,0.13670645654201508
1789225146258578000,47.738577880859374,-0.22179044783115387,-0.393013060092926,0.08577775210142136
1789225146268616700,47.74861669921875,-0.20192460715770721,-0.20591135323047638,0.00926487147808075
1789225146278654500,47.75865454101562,-0.13038623332977295,-0.10179347544908524,-0.08556683361530304
1789225146288692500,47.7686923828125,-0.049192048609256744,-0.010567156597971916,-0.01595206931233406
1789225146298731500,47.7787314453125,0.059238288551568985,-0.0026557042729109526,-0.21574667096138
1789225146308769500,47.78876953125,0.0813707560300827,0.06894417852163315,-0.30465471744537354
1789225146318808600,47.79880859375,0.04001559317111969,-0.019302591681480408,-0.027773307636380196
1789225146328846300,47.808846435546876,-0.0030445256270468235,-0.13904044032096863,-0.030312098562717438
1789225146338884600,47.81888452148438,-0.10209174454212189,-0.1240692138671875,-0.06358829885721207
1789225146348923600,47.82892358398438,-0.13002590835094452,-0.1494494080543518,0.11493111401796341
1789225146358961700,47.83896166992187,-0.10055243968963623,-0.15155437588691711,0.19183894991874695
1789225146369000700,47.84900073242188,-0.050151318311691284,-0.07610461860895157,0.2920643389225006
1789225146379038500,47.85903857421875,0.017587250098586082,-0.1069597378373146,0.3756577670574188
1789225146389077800,47.86907788085937,0.04687296599149704,-0.0790167897939682,0.29870468378067017
1789225146399115500,47.87911547851562,0.01986638270318508,-0.05517563596367836,0.13288694620132446
1789225146409153500,47.889153564453125,-0.018765432760119438,-0.1072542816400528,-0.03622724488377571
1789225146419192600,47.89919262695312,-0.062425293028354645,-0.10907162725925446,-0.18124915659427643
1789225146429230300,47.909230224609374,-0.10401587933301926,-0.07230695337057114,-0.04063131660223007
1789225146439269600,47.91926953125,-0.050453320145606995,-0.14939534664154053,0.1531461477279663
1789225146449307600,47.9293076171875,0.02333807945251465,-0.14896471798419952,-0.06613081693649292
1789225146459345700,47.939345703125,0.08165278285741806,-0.09023242443799973,-0.3751989006996155
1789225146469384700,47.949384765625,0.050036802887916565,-0.20688766241073608,-0.3619108200073242
1789225146479422500,47.95942236328125,-0.05169009044766426,-0.2827150523662567,-0.019154252484440804
1789225146489461800,47.96946166992188,-0.11662754416465759,-0.3694307804107666,-0.08501183241605759
1789225146499499500,47.97949951171875,-0.16810005903244019,-0.21817174553871155,-0.24000833928585052
1789225146509538600,47.98953857421875,-0.13924284279346466,-0.15550677478313446,-0.2494708150625229
1789225146519576600,47.99957666015625,-0.06312863528728485,-0.11259844899177551,-0.13937360048294067
1789225146529614300,48.0096142578125,-0.006597981322556734,-0.03219974786043167,0.05215081945061684
1789225146539653600,48.01965356445312,0.0957622155547142,-0.006668289192020893,0.14660435914993286
1789225146549691600,48.029691650390625,0.1738881766796112,-0.004538292996585369,0.11833357065916061
1789225146559730400,48.03973046875,0.18796271085739136,0.030343525111675262,0.15987008810043335
1789225146569768700,48.049768798828126,0.14330469071865082,-0.04728309437632561,0.19675619900226593
1789225146579806500,48.059806396484376,0.0771738812327385,-0.028126176446676254,0.04133305698633194
1789225146589845800,48.069845703125,0.005065598525106907,-0.07790518552064896,0.058631621301174164
1789225146599883500,48.07988354492188,-0.00038748994120396674,-0.10106456279754639,0.12466710060834885
1789225146609922600,48.089922607421876,0.02648220770061016,-0.06550843268632889,0.03343625366687775
1789225146619960600,48.09996069335938,0.11190895736217499,0.08351167291402817,-0.07788148522377014
1789225146629998600,48.10999853515625,0.1943652182817459,0.038593996316194534,0.0020881847012788057
1789225146640037600,48.12003759765625,0.28599339723587036,-0.03189774602651596,-0.09242101013660431
1789225146650075600,48.13007568359375,0.24978452920913696,0.11955302953720093,0.002531334524974227
1789225146660114400,48.14011450195313,0.16554315388202667,0.21271120011806488,0.10544333606958389
1789225146670152700,48.150152587890624,0.11791891604661942,0.24827586114406586,0.0011387676931917667
1789225146680191500,48.16019140625,0.10794191062450409,0.16427841782569885,-0.08005382120609283
1789225146690229800,48.170229736328125,0.21770010888576508,0.02046905644237995,-0.13277456164360046
1789225146700267500,48.180267578125,0.281233012676239,0.11777962744235992,-0.04831400141119957
1789225146710306600,48.190306640625,0.2967011630535126,0.1989290714263916,0.3459739089012146
1789225146720344600,48.200344482421876,0.31683415174484253,0.14827069640159607,0.1535506695508957
1789225146730383600,48.210383544921875,0.25828614830970764,0.3791137635707855,-0.22071799635887146
1789225146740421600,48.22042163085938,0.165612131357193,0.34816622734069824,-0.07423748075962067
1789225146750459600,48.23045971679687,0.15596748888492584,0.16762813925743103,0.3039708137512207
1789225146760498400,48.24049853515625,0.21343398094177246,0.08012120425701141,-0.02353248931467533
1789225146770536700,48.25053662109375,0.1706460416316986,0.1917494684457779,-0.19425655901432037
1789225146780575500,48.26057543945313,0.16018594801425934,0.03201945126056671,-0.08280406892299652
1789225146790613800,48.27061376953125,0.11857112497091293,0.043175965547561646,-0.0904204472899437
1789225146800651500,48.280651611328125,0.08868885785341263,0.06142447888851166,-0.07609903067350388
1789225146810690600,48.290690673828124,0.18526999652385712,0.08562462031841278,-0.14688877761363983
1789225146820728600,48.300728515625,0.23862242698669434,0.23686793446540833,-0.28552255034446716
1789225146830767600,48.310767578125,0.24830035865306854,0.3234315812587738,-0.07486891746520996
1789225146840805600,48.3208056640625,0.23383992910385132,0.2729915976524353,0.18327900767326355
1789225146850843600,48.33084375,0.2097654789686203,0.1959354132413864,0.08099818229675293
1789225146860882400,48.34088232421875,0.18115940690040588,0.22002796828746796,-0.25136858224868774
1789225146870920700,48.35092065429688,0.09071925282478333,0.1420905590057373,-0.014064153656363487
1789225146880959500,48.36095947265625,0.08840043842792511,-0.009819074533879757,0.28188014030456543
1789225146890997800,48.37099780273437,0.03546078875660896,0.09810233116149902,0.24241903424263
1789225146901036500,48.38103662109375,0.04024649038910866,0.1055155098438263,-0.04122466966509819
1789225146911074600,48.39107446289062,0.06338243186473846,0.13711604475975037,-0.2561236619949341
1789225146921112600,48.401112548828124,0.047938231378793716,0.16220621764659882,0.07294904440641403
1789225146931151600,48.41115161132812,0.0805763378739357,0.14129000902175903,0.3086286783218384
1789225146941189600,48.421189697265625,0.10236605256795883,0.2298843264579773,0.13874323666095734
1789225146951228700,48.431228759765624,0.09706929326057434,0.3606439530849457,0.08816128224134445
1789225146961266400,48.441266357421874,0.08784596621990204,0.1947907954454422,0.06408604234457016
1789225146971304700,48.4513046875,0.09053043276071548,0.0691058337688446,-0.0986621305346489
1789225146981343500,48.461343505859375,-0.009734120219945908,-0.03321334719657898,-0.1464480310678482
1789225146991381800,48.4713818359375,-0.0744425430893898,-0.05748353153467178,-0.028679048642516136
1789225147001420500,48.481420654296876,-0.07195674628019333,-0.13249678909778595,-0.11046791821718216
1789225147011458600,48.49145849609375,-0.052019789814949036,-0.08299102634191513,-0.36276939511299133
1789225147021496600,48.50149658203125,-0.043890226632356644,-0.01858833245933056,-0.29757627844810486
1789225147031535600,48.51153564453125,-0.03448181226849556,-0.0026317357551306486,-0.07231014966964722
1789225147041573600,48.52157373046875,-0.021529793739318848,0.09715637564659119,-0.1271856427192688
1789225147051612700,48.53161279296875,-0.028863605111837387,0.12336321175098419,-0.11975782364606857
1789225147061650400,48.541650390625,-0.032826121896505356,0.03869786113500595,0.2905484735965729
1789225147071688700,48.551688720703126,-0.017959825694561005,0.02095215395092964,0.3381250500679016
1789225147081727500,48.5617275390625,-0.05320250242948532,0.14134886860847473,0.21167443692684174
1789225147091765800,48.57176586914063,-0.06173340603709221,-0.039746880531311035,0.35459935665130615
1789225147101804500,48.581804443359374,-0.09820273518562317,-0.08479691296815872,0.36604589223861694
1789225147111842600,48.591842529296876,-0.12853960692882538,-0.07784579694271088,0.2610962986946106
1789225147121881600,48.601881591796875,-0.1063418835401535,-0.10084938257932663,0.08631385117769241
1789225147131919600,48.61191967773438,-0.07279830425977707,-0.1280066967010498,0.02400946244597435
1789225147141957600,48.62195751953125,-0.041490450501441956,-0.0672307014465332,-0.20035839080810547
1789225147151996700,48.63199658203125,-0.055873919278383255,0.08152548223733902,-0.34594833850860596
1789225147162034400,48.64203442382812,-0.02954244613647461,0.049667421728372574,-0.19845956563949585
1789225147172073700,48.65207373046875,0.001916144392453134,-0.009413475170731544,-0.2081928849220276
1789225147182111500,48.66211157226562,0.03087269514799118,0.005989182740449905,-0.5195987224578857
1789225147192149800,48.672149658203125,0.012836170382797718,-0.0664256289601326,-0.5854927897453308
1789225147202188500,48.6821884765625,-0.02943192422389984,-0.19906888902187347,-0.2240927517414093
1789225147212226600,48.6922265625,-0.09262554347515106,-0.22160376608371735,0.13307443261146545
1789225147222265600,48.702265625,-0.07689078897237778,-0.18686282634735107,-0.040146354585886
1789225147232303600,48.7123037109375,-0.08076462149620056,-0.0227348729968071,-0.05673438683152199
1789225147242341600,48.72234155273438,-0.013826599344611168,0.013436180539429188,0.15774782001972198
1789225147252380700,48.732380615234376,0.0569988377392292,0.1334099918603897,0.07706229388713837
1789225147262418400,48.74241845703125,0.06529591232538223,0.2117825597524643,0.19801640510559082
1789225147272457500,48.75245751953125,0.1040547639131546,0.06687810271978378,0.39148974418640137
1789225147282495700,48.76249584960937,0.08045143634080887,0.0720028206706047,0.2929477095603943
1789225147292533800,48.77253369140625,0.022155635058879852,0.09722162783145905,0.04268248379230499
1789225147302572800,48.78257275390625,-0.0021731394808739424,-0.007060039788484573,0.09388388693332672
1789225147312610600,48.792610595703124,-0.012976252473890781,-0.06288415938615799,0.07148776203393936
1789225147322649600,48.80264965820312,0.013817811384797096,-0.003266367129981518,-0.0877373069524765
1789225147332687600,48.8126875,0.04517386853694916,0.07695816457271576,-0.023600934073328972
1789225147342726700,48.8227265625,0.11570795625448227,0.1009330078959465,-0.00044128578156232834
1789225147352764700,48.8327646484375,0.15603087842464447,0.11163172125816345,-0.15036393702030182
1789225147362802700,48.842802734375,0.1396537721157074,0.1768898218870163,-0.28001752495765686
1789225147372841500,48.852841552734375,0.08071455359458923,0.12841255962848663,-0.07288353145122528
1789225147382879700,48.86287963867188,0.08509279042482376,0.04709427431225777,-0.15449689328670502
1789225147392918500,48.87291845703125,0.06356406211853027,0.14709597826004028,-0.2643727958202362
1789225147402956800,48.88295678710937,0.08686432242393494,0.058516040444374084,-0.07043422013521194
1789225147412994600,48.89299462890625,0.11773648858070374,0.1492518037557602,-0.13938505947589874
1789225147423033600,48.90303369140625,0.14057523012161255,0.1922786384820938,-0.12621252238750458
1789225147433071600,48.91307153320312,0.1846257746219635,0.1863648146390915,0.0391298271715641
1789225147443110700,48.92311059570312,0.204912930727005,0.2205193191766739,0.23181432485580444
1789225147453148700,48.933148681640624,0.2073153704404831,0.3145456910133362,0.11942119896411896
1789225147463186700,48.943186767578126,0.2244967520236969,0.37950125336647034,-0.04536854848265648
1789225147473225500,48.9532255859375,0.21470165252685547,0.4100508987903595,0.015018897131085396
1789225147483263700,48.963263671875,0.21272584795951843,0.32218095660209656,0.2876613438129425
1789225147493302500,48.973302490234374,0.24495676159858704,0.27101364731788635,-0.03297792375087738
1789225147503340800,48.9833408203125,0.21242091059684753,0.29153677821159363,-0.27319133281707764
1789225147513378600,48.99337866210937,0.1630736142396927,0.20212513208389282,0.09091019630432129
1789225147523417600,49.00341748046875,0.17163434624671936,0.19859617948532104,-0.016835173591971397
1789225147533455600,49.01345556640625,0.18673260509967804,0.45382076501846313,-0.354755163192749
1789225147543494700,49.02349462890625,0.23436057567596436,0.44856739044189453,-0.20428043603897095
1789225147553532700,49.03353271484375,0.24878185987472534,0.4259401261806488,-0.06689620763063431
1789225147563570700,49.04357080078125,0.22624751925468445,0.5360088348388672,-0.3116455078125
1789225147573609500,49.053609375,0.20508763194084167,0.45401355624198914,-0.10326620191335678
1789225147583647700,49.063647705078125,0.1645742952823639,0.32471737265586853,0.2843662202358246
1789225147593686500,49.0736865234375,0.15574778616428375,0.2902355492115021,0.1776171326637268
1789225147603724800,49.083724853515626,0.09393821656703949,0.31200531125068665,0.06413158029317856
1789225147613762600,49.09376245117188,0.08201790601015091,0.194510355591774,0.18294158577919006
1789225147623801600,49.103801513671876,0.037632331252098083,0.25656387209892273,0.17152488231658936
1789225147633839600,49.11383959960938,0.017287643626332283,0.2818378210067749,0.06005960702896118
1789225147643878700,49.12387866210938,-0.01344576757401228,0.23748153448104858,0.12027208507061005
1789225147653916700,49.13391674804687,-0.048100151121616364,0.11381897330284119,0.0602489598095417
1789225147663954700,49.14395458984375,-0.08618681877851486,0.06591110676527023,-0.2636534869670868
1789225147673993500,49.15399340820313,-0.14659875631332397,0.023190008476376534,-0.46898531913757324
1789225147684031700,49.16403173828125,-0.19282804429531097,-0.021081050857901573,-0.14961080253124237
1789225147694070500,49.17407055664062,-0.1695839762687683,-0.09132911264896393,0.12952816486358643
1789225147704108800,49.18410888671875,-0.09694678336381912,-0.021984660997986794,-0.20788581669330597
1789225147714146600,49.194146484375,-0.08812053501605988,0.07403800636529922,-0.3849908113479614
1789225147724185600,49.204185546875,-0.10947056859731674,-0.0733780786395073,-0.11724033951759338
1789225147734223600,49.2142236328125,-0.21656692028045654,-0.013288907706737518,0.3029114007949829
1789225147744262700,49.2242626953125,-0.2601817846298218,-0.04923465847969055,0.3273043632507324
1789225147754300700,49.23430078125,-0.23380769789218903,-0.05101471394300461,-0.08957622200250626
1789225147764339700,49.244339599609376,-0.2572360634803772,-0.031092938035726547,-0.08763184398412704
1789225147774377500,49.25437744140625,-0.25579556822776794,-0.1566189080476761,0.22177766263484955
1789225147784415700,49.26441577148437,-0.2706370949745178,-0.1851341724395752,0.21612536907196045
1789225147794454500,49.27445458984375,-0.3199487030506134,-0.2289000302553177,0.15612195432186127
1789225147804492800,49.284492919921874,-0.3518645763397217,-0.2245558798313141,-0.04920829087495804
1789225147814531600,49.29453149414063,-0.4052998125553131,-0.2271157056093216,-0.0865577980875969
1789225147824569600,49.30456958007812,-0.38616129755973816,-0.29315492510795593,0.032043687999248505
1789225147834607600,49.314607666015625,-0.3504680097103119,-0.25533029437065125,-0.04421300068497658
1789225147844646700,49.324646728515624,-0.28783178329467773,-0.24739913642406464,-0.16295616328716278
1789225147854684700,49.3346845703125,-0.30280300974845886,-0.2920267879962921,-0.051605138927698135
1789225147864723700,49.3447236328125,-0.34109020233154297,-0.32725268602371216,-0.05312926322221756
1789225147874761500,49.354761474609376,-0.3876156508922577,-0.2825659215450287,-0.08152814954519272
1789225147884799700,49.3647998046875,-0.40583139657974243,-0.2793951630592346,0.03734550625085831
1789225147894838500,49.37483862304688,-0.34622693061828613,-0.28207162022590637,0.06612389534711838
1789225147904876800,49.38487670898437,-0.3142194449901581,-0.1942102164030075,-0.028001807630062103
1789225147914915600,49.39491552734375,-0.27916958928108215,-0.20699766278266907,-0.04062758758664131
1789225147924953600,49.40495361328125,-0.30493593215942383,-0.29672887921333313,0.08145411312580109
1789225147934991600,49.41499169921875,-0.34656140208244324,-0.3237423896789551,-0.08055263012647629
1789225147945030700,49.42503076171875,-0.39662909507751465,-0.35448113083839417,-0.12889699637889862
1789225147955068700,49.435068603515624,-0.4226524531841278,-0.4175138771533966,0.12225720286369324
1789225147965107700,49.44510766601562,-0.37137356400489807,-0.46766945719718933,0.002508431440219283
1789225147975145500,49.4551455078125,-0.3476748764514923,-0.34384045004844666,-0.2020478993654251
1789225147985183700,49.46518383789063,-0.3279877305030823,-0.3545684814453125,-0.017945177853107452
1789225147995222500,49.475222412109375,-0.2902565896511078,-0.35321956872940063,-0.001868473831564188
1789225148005260800,49.4852607421875,-0.293265163898468,-0.24730779230594635,-0.11179390549659729
1789225148015299600,49.495299560546876,-0.2823787033557892,-0.24124644696712494,-0.15875662863254547
1789225148025337600,49.50533764648438,-0.2817182242870331,-0.25094541907310486,-0.10575971752405167
1789225148035375600,49.51537573242187,-0.25668612122535706,-0.2646303176879883,-0.060030579566955566
1789225148045414700,49.52541455078125,-0.23867648839950562,-0.24337351322174072,-0.18303053081035614
1789225148055452700,49.53545263671875,-0.24312157928943634,-0.2564014196395874,-0.0824112519621849
1789225148065491700,49.54549169921875,-0.23675236105918884,-0.4148901402950287,-0.05066237971186638
1789225148075529500,49.55552954101562,-0.29017165303230286,-0.3287895917892456,0.021795043721795082
1789225148085567700,49.565567626953126,-0.29480502009391785,-0.40308406949043274,0.19809311628341675
1789225148095606500,49.5756064453125,-0.2625756859779358,-0.33731889724731445,0.017492974177002907
1789225148105644800,49.58564477539063,-0.22744859755039215,-0.21479645371437073,-0.0784015953540802
1789225148115683600,49.59568359375,-0.18992440402507782,-0.24749740958213806,0.08578787744045258
1789225148125721600,49.6057216796875,-0.175771564245224,-0.24344195425510406,0.16590774059295654
1789225148135759600,49.61575952148438,-0.19371247291564941,-0.2270246297121048,0.17400908470153809
1789225148145798700,49.62579858398438,-0.18445879220962524,-0.2264920026063919,0.015807459130883217
1789225148155836700,49.63583666992187,-0.16801829636096954,-0.3122311234474182,-0.051889561116695404
1789225148165875700,49.64587573242188,-0.1157447099685669,-0.46849504113197327,-0.199549600481987
1789225148175913500,49.65591357421875,-0.14859746396541595,-0.3933374285697937,-0.1468198001384735
1789225148185951700,49.66595166015625,-0.19212017953395844,-0.34762507677078247,0.20999504625797272
1789225148195990500,49.67599047851562,-0.2117292881011963,-0.22482086718082428,0.21007999777793884
1789225148206028800,49.68602880859375,-0.1795111745595932,-0.1745385229587555,-0.008523447439074516
1789225148216067600,49.69606762695312,-0.11242614686489105,-0.07942532002925873,-0.2530194818973541
1789225148226105600,49.706105712890626,-0.10703510791063309,-0.15725061297416687,-0.0024972460232675076
1789225148236143600,49.7161435546875,-0.08367598801851273,-0.28427380323410034,0.393161416053772
1789225148246182700,49.7261826171875,-0.06892766803503036,-0.26361432671546936,0.226019024848938
1789225148256220700,49.736220703125,-0.09776384383440018,-0.3032325804233551,0.16680948436260223
1789225148266259700,49.746259765625,-0.109303317964077,-0.40911534428596497,0.2930763363838196
1789225148276297700,49.75629760742188,-0.12196291983127594,-0.42069557309150696,0.17755748331546783
1789225148286335700,49.76633569335937,-0.14867736399173737,-0.291323721408844,-0.05231247469782829
1789225148296374800,49.77637475585937,-0.11307861655950546,-0.30062374472618103,-0.1509793996810913
1789225148306412800,49.786412841796874,-0.07521379739046097,-0.22713781893253326,-0.18048988282680511
1789225148316451800,49.79645190429687,-0.02785133756697178,-0.12799525260925293,-0.1616418957710266
1789225148326489900,49.80648974609375,0.05506192147731781,-0.12556405365467072,-0.3423594832420349
1789225148336528000,49.81652783203125,0.07140786945819855,-0.17220692336559296,-0.401081383228302
1789225148346567000,49.82656689453125,0.04003476724028587,-0.30007514357566833,-0.3187881112098694
1789225148356605000,49.83660498046875,-0.0436827652156353,-0.2343648374080658,-0.11494016647338867
1789225148366644000,49.84664404296875,-0.05486511439085007,-0.378034383058548,0.019530557096004486
1789225148376681700,49.856681640625,-0.046173352748155594,-0.24362650513648987,-0.18614856898784637
1789225148386719700,49.8667197265625,-0.07196926325559616,-0.12211605161428452,0.029281988739967346
1789225148396758800,49.8767587890625,-0.03172224387526512,-0.17027133703231812,0.45279011130332947
1789225148406797000,49.886797119140624,0.05558256804943085,-0.11335984617471695,0.34584635496139526
1789225148416835800,49.8968359375,0.17545384168624878,-0.07048934698104858,-0.13902738690376282
1789225148426873900,49.90687377929687,0.13393355906009674,0.07506173104047775,-0.004387291613966227
1789225148436911900,49.916911865234376,0.14686214923858643,-0.11561980843544006,0.649897038936615
1789225148446951000,49.926950927734374,0.09509588778018951,0.07016390562057495,0.7089734077453613
1789225148456989000,49.93698901367188,0.12042415142059326,0.03939294442534447,0.4021628797054291
1789225148467028000,49.947028076171875,0.16666275262832642,0.049127597361803055,-0.08959858864545822
1789225148477065700,49.957065673828126,0.06486954540014267,0.04471900314092636,0.10175059735774994
1789225148487103700,49.96710375976563,0.013056679628789425,-0.11789441108703613,0.6618181467056274
1789225148497142800,49.97714282226563,0.012576778419315815,-0.15911908447742462,0.5148273706436157
1789225148507181000,49.98718115234375,0.03900092840194702,0.12471742928028107,0.14409911632537842
1789225148517219800,49.9972197265625,0.15749429166316986,0.011560249142348766,0.037466149777173996
1789225148527257900,50.0072578125,0.23929648101329803,-0.09982939064502716,0.26712170243263245
1789225148537296000,50.0172958984375,0.25704777240753174,-0.04815048351883888,0.28337419033050537
1789225148547335000,50.0273349609375,0.20985576510429382,0.06427166610956192,0.1701594740152359
1789225148557373000,50.037373046875,0.13795121014118195,0.06456460803747177,0.172708660364151
1789225148567412000,50.04741186523437,0.07670942693948746,0.0017209346406161785,0.14788825809955597
1789225148577449700,50.05744970703125,0.043355196714401245,0.021813951432704926,-0.06392092257738113
1789225148587487700,50.06748779296875,0.12264655530452728,-0.0212435033172369,-0.03915805369615555
1789225148597526800,50.07752685546875,0.23123641312122345,-0.11455240845680237,0.25178349018096924
1789225148607564800,50.08756469726563,0.24183233082294464,0.16897809505462646,0.4095403850078583
1789225148617603800,50.097603759765626,0.2046910971403122,0.21224035322666168,0.543419361114502
1789225148627641900,50.10764184570313,0.18080386519432068,0.10206218808889389,0.41074252128601074
1789225148637679900,50.11767993164062,0.10005336254835129,0.24337376654148102,0.3474684953689575
1789225148647719000,50.12771899414062,0.15016606450080872,0.004086886998265982,0.33150923252105713
1789225148657757000,50.1377568359375,0.19247277081012726,0.029501965269446373,0.39576250314712524
1789225148667796000,50.1477958984375,0.22311271727085114,0.06404396146535873,0.5104584693908691
1789225148677833700,50.15783374023437,0.26758190989494324,0.01449771597981453,0.23455311357975006
1789225148687872000,50.1678720703125,0.2590629756450653,0.18574084341526031,-0.24136628210544586
1789225148697910800,50.177910888671875,0.1950664222240448,0.14648957550525665,-0.10200892388820648
1789225148707948800,50.18794873046875,0.1800730973482132,0.10814590752124786,0.115784652531147
1789225148717987800,50.19798779296875,0.18531952798366547,0.29977765679359436,-0.12039005756378174
1789225148728025900,50.20802587890625,0.22920069098472595,0.32400602102279663,-0.08411141484975815
1789225148738064000,50.21806396484375,0.2909306287765503,0.13228373229503632,0.11141867190599442
1789225148748103000,50.22810302734375,0.23918408155441284,0.16134734451770782,0.15467852354049683
1789225148758141000,50.23814086914062,0.13533012568950653,0.11058963090181351,0.42941635847091675
1789225148768180000,50.24817993164063,0.09188997745513916,0.020350012928247452,0.5363318920135498
1789225148778217700,50.2582177734375,0.04523885250091553,0.08635805547237396,0.21474559605121613
1789225148788256000,50.268256103515625,0.05566246435046196,0.17675825953483582,0.08519718796014786
1789225148798294800,50.27829467773437,0.09755025804042816,0.08993042260408401,0.557986855506897
1789225148808332800,50.288332763671875,0.18452030420303345,-0.014672951772809029,0.5490250587463379
1789225148818371800,50.29837182617187,0.22911228239536285,0.1434658169746399,0.09689325839281082
1789225148828409900,50.308409912109376,0.2134808599948883,0.15753422677516937,-0.14850185811519623
1789225148838447900,50.31844775390625,0.15197515487670898,0.06107853353023529,0.07170641422271729
1789225148848487000,50.32848681640625,0.10776907205581665,0.09676888585090637,0.017736919224262238
1789225148858524700,50.33852465820313,0.08726166933774948,0.2587428689002991,-0.13799355924129486
1789225148868564000,50.34856396484375,0.148502916097641,0.24902606010437012,0.04553605988621712
1789225148878601700,50.35860180664063,0.28087374567985535,0.20603732764720917,-0.39833059906959534
1789225148888640000,50.36863989257812,0.232650026679039,0.21961411833763123,-0.3071381151676178
1789225148898678800,50.3786787109375,0.22579024732112885,0.07579409331083298,0.3122023642063141
1789225148908716800,50.388716796875,0.20710870623588562,0.04495256021618843,0.1770418882369995
1789225148918755800,50.398755859375,0.15537786483764648,0.18358874320983887,-0.28774896264076233
1789225148928793900,50.4087939453125,0.07419779896736145,0.2157711684703827,-0.19506429135799408
1789225148938832000,50.418831787109376,0.035164911299943924,0.15569186210632324,0.09087051451206207
1789225148948871000,50.428870849609375,0.05083495005965233,0.1741502285003662,-0.18916566669940948
1789225148958908700,50.43890869140625,0.09773934632539749,0.20035067200660706,-0.3606029152870178
1789225148968948000,50.448947998046876,0.15716564655303955,0.06072566658258438,-0.10547928512096405
1789225148978985700,50.45898583984375,0.15266384184360504,0.0223295409232378,0.22870054841041565
1789225148989024000,50.46902392578125,0.14125725626945496,-0.0018495653057470918,0.0889463871717453
1789225148999062800,50.47906274414063,0.04188593104481697,0.13163340091705322,-0.04579225555062294
1789225149009100800,50.48910083007812,-0.040474988520145416,0.004523379262536764,0.21606971323490143
1789225149019139800,50.49913989257813,-0.059900619089603424,-0.019831229001283646,0.257179319858551
1789225149029177900,50.509177734375,-0.003409378696233034,0.14347806572914124,-0.05682440102100372
1789225149039215900,50.5192158203125,0.09258399903774261,0.1491689831018448,-0.12066490203142166
1789225149049255000,50.5292548828125,0.11891014128923416,0.12371794879436493,0.1379442811012268
1789225149059292700,50.539292724609375,0.1309841126203537,0.04000573977828026,-0.0834280475974083
1789225149069331000,50.5493310546875,0.06761153787374496,0.04976276308298111,-0.47384026646614075
1789225149079369700,50.55936962890625,0.03117496334016323,-0.048821333795785904,-0.3377636671066284
1789225149089408000,50.56940795898438,0.018863702192902565,-0.046552322804927826,-0.2589804232120514
1789225149099446800,50.57944677734375,0.0017840516520664096,0.06967788189649582,-0.36778122186660767
1789225149109484800,50.58948486328125,0.007906924933195114,0.06540483981370926,-0.3674025237560272
1789225149119522800,50.59952270507812,0.02407071553170681,0.07823142409324646,-0.3910015821456909
1789225149129561900,50.60956176757813,0.025069933384656906,0.09008888155221939,-0.18185767531394958
1789225149139600000,50.61959985351562,0.06487460434436798,0.0243772454559803,-0.029834860935807228
1789225149149639000,50.62963891601562,0.08003118634223938,0.012988503091037273,0.19982390105724335
1789225149159676700,50.6396767578125,0.06733749806880951,-0.03049931861460209,0.28652283549308777
1789225149169715000,50.64971484375,0.03723818063735962,-0.016817595809698105,0.1577366292476654
1789225149179753700,50.659753662109374,-0.043778907507658005,0.012084092944860458,0.1845456063747406
1789225149189792000,50.6697919921875,-0.040709346532821655,-0.013935256749391556,0.11334200203418732
1789225149199830800,50.679830810546875,-0.014074007049202919,0.07662393897771835,-0.054676029831171036
1789225149209868800,50.68986889648438,0.007443268783390522,0.15921442210674286,0.04801865667104721
1789225149219906800,50.69990673828125,0.07128243893384933,0.09980036318302155,0.16002881526947021
1789225149229945900,50.70994580078125,0.11660144478082657,0.10707531869411469,-0.1048494502902031
1789225149239983900,50.71998388671875,0.08446720987558365,0.14711861312389374,-0.03567277640104294
1789225149250023000,50.73002294921875,0.1001279354095459,-0.00896846130490303,0.031090540811419487
1789225149260060700,50.74006079101562,0.05992139130830765,0.09032963216304779,-0.08871575444936752
1789225149270098400,50.75009838867187,0.05272872373461723,0.10695308446884155,-0.04929537698626518
1789225149280137500,50.76013745117187,0.07413867861032486,0.08129485696554184,-0.003168362658470869
1789225149290175500,50.770175537109374,0.07119482010602951,0.1355687528848648,-0.0031787490006536245
1789225149300214500,50.78021459960937,0.073867566883564,0.17575637996196747,-0.03056589886546135
1789225149310252500,50.79025244140625,0.11314918845891953,0.10511816293001175,-0.022285331040620804
1789225149320290600,50.80029052734375,0.12022893875837326,0.1088218241930008,0.06143326684832573
1789225149330329300,50.810329345703124,0.11043330281972885,0.21294182538986206,0.05554848164319992
1789225149340367600,50.82036767578125,0.14436037838459015,0.24628886580467224,-0.15873637795448303
1789225149350406400,50.830406494140625,0.13519403338432312,0.24970783293247223,-0.1993703693151474
1789225149360444700,50.84044458007813,0.11574284732341766,0.2694423794746399,-0.06542028486728668
1789225149370482400,50.850482421875,0.14515240490436554,0.29548758268356323,-0.0564531572163105
1789225149380521500,50.860521484375,0.21453067660331726,0.29792729020118713,-0.3190368413925171
1789225149390559500,50.8705595703125,0.18029333651065826,0.24037611484527588,-0.0376560315489769
1789225149400598500,50.8805986328125,0.1130911335349083,0.2009914219379425,0.17900943756103516
1789225149410636500,50.89063647460937,0.05150020867586136,0.28424662351608276,-0.05429306626319885
1789225149420674600,50.900674560546875,0.05958716198801994,0.23230966925621033,-0.06689967215061188
1789225149430713300,50.91071337890625,0.11881586909294128,0.21789664030075073,0.11343148350715637
1789225149440751600,50.920751708984376,0.18630942702293396,0.2785336375236511,0.04710919037461281
1789225149450790400,50.93079028320312,0.2336210161447525,0.36539074778556824,-0.22134196758270264
1789225149460828400,50.940828369140625,0.18573205173015594,0.2842727303504944,-0.12265215069055557
1789225149470866400,50.95086645507813,0.12607191503047943,0.2587103843688965,-0.058629490435123444
1789225149480905500,50.96090551757813,0.06542640924453735,0.28149187564849854,-0.1675378680229187
1789225149490943500,50.97094360351562,0.0853298082947731,0.3632202744483948,-0.3146364986896515
1789225149500981500,50.9809814453125,0.1324797421693802,0.2715739905834198,-0.15919683873653412
1789225149511020500,50.9910205078125,0.19765394926071167,0.23398452997207642,-0.19719509780406952
1789225149521058600,51.00105859375,0.18260176479816437,0.2465197592973709,-0.2056991010904312
1789225149531097300,51.01109741210937,0.10321160405874252,0.22651037573814392,-0.012587164528667927
1789225149541135600,51.021135498046874,0.03924513980746269,0.13600869476795197,0.29016658663749695
1789225149551173400,51.03117333984375,-0.027544010430574417,0.23436136543750763,0.3081919252872467
1789225149561212400,51.04121240234375,0.00016937704640440643,0.277315229177475,0.11291509866714478
1789225149571250400,51.05125048828125,0.04953745752573013,0.22456173598766327,0.10812780261039734
1789225149581289500,51.06128955078125,0.07980242371559143,0.17201118171215057,0.3561248183250427
1789225149591327500,51.07132739257813,0.06336246430873871,0.266178160905838,0.36729252338409424
1789225149601365500,51.08136547851562,0.0648900493979454,0.29316529631614685,0.22336384654045105
1789225149611404500,51.09140454101563,0.06541842222213745,0.2436549961566925,0.12804850935935974
1789225149621442600,51.10144262695312,0.0707055926322937,0.29707375168800354,-0.006554305553436279
1789225149631481300,51.1114814453125,0.07985648512840271,0.3086555600166321,0.031800005584955215
1789225149641519600,51.12151953125,0.0980496034026146,0.32016175985336304,0.052138034254312515
1789225149651557400,51.131557373046874,0.11462751030921936,0.24573013186454773,-0.12787513434886932
1789225149661596400,51.14159643554687,0.08249780535697937,0.26653847098350525,-0.3191167414188385
1789225149671634400,51.151634521484375,0.029711555689573288,0.13265018165111542,-0.25133317708969116
1789225149681673500,51.161673583984374,-0.028725121170282364,0.21087788045406342,-0.11814980953931808
1789225149691711500,51.17171142578125,-0.05491997301578522,0.26145318150520325,0.020063722506165504
1789225149701749500,51.18174951171875,0.008343417197465897,0.2879204750061035,-0.08499691635370255
1789225149711788300,51.191788330078126,0.06712684035301208,0.32471150159835815,-0.15308383107185364
1789225149721826600,51.20182666015625,0.06475236266851425,0.24424010515213013,0.09122844785451889
1789225149731865300,51.211865234375,0.038785479962825775,0.1417398303747177,0.2644801139831543
1789225149741903600,51.22190356445312,-0.032645028084516525,0.11499529331922531,0.13848410546779633
1789225149751941400,51.23194140625,-0.14719584584236145,0.21262705326080322,0.20732495188713074
1789225149761980400,51.24198046875,-0.14440883696079254,0.045946717262268066,0.3001720607280731
1789225149772018400,51.25201831054687,-0.11293347924947739,0.09009260684251785,0.038775891065597534
1789225149782056400,51.262056396484375,-0.11532259732484818,0.15787377953529358,0.04068777337670326
1789225149792095500,51.272095458984374,-0.07091572135686874,0.09014587104320526,0.21103127300739288
1789225149802133500,51.28213354492188,-0.06794016808271408,0.016047941520810127,0.19664302468299866
1789225149812172300,51.29217236328125,-0.07797203212976456,0.02008662559092045,-0.23865704238414764
1789225149822210600,51.30221044921875,-0.15742184221744537,-0.03999961540102959,-0.39813247323036194
1789225149832248600,51.31224853515625,-0.22363948822021484,-0.1440083086490631,-0.15724687278270721
1789225149842287600,51.32228759765625,-0.27132630348205566,-0.17382904887199402,0.0005909554311074317
1789225149852325400,51.33232543945312,-0.27489227056503296,-0.0792602002620697,-0.15650172531604767
1789225149862364400,51.34236450195313,-0.2060285359621048,-0.038051243871450424,-0.15795394778251648
1789225149872402400,51.35240234375,-0.13345685601234436,-0.15535496175289154,-0.13380759954452515
1789225149882440400,51.3624404296875,-0.09465593844652176,-0.21082834899425507,-0.12848792970180511
1789225149892479500,51.3724794921875,-0.18381856381893158,-0.173532634973526,-0.04912227392196655
1789225149902517500,51.382517578125,-0.2649594843387604,-0.25839880108833313,0.10403532534837723
1789225149912556300,51.39255639648437,-0.3496890366077423,-0.18444707989692688,0.16048981249332428
1789225149922594600,51.402594482421875,-0.326328307390213,-0.23749324679374695,0.05197425186634064
1789225149932632300,51.41263232421875,-0.23833347856998444,-0.2468835562467575,-0.08858872205018997
1789225149942671600,51.42267163085938,-0.17814816534519196,-0.2592344880104065,0.044012200087308884
1789225149952709400,51.43270947265625,-0.14016082882881165,-0.2536037862300873,0.06309561431407928
1789225149962748400,51.44274853515625,-0.193386510014534,-0.14991013705730438,0.2047528773546219
1789225149972786400,51.45278637695313,-0.23283031582832336,-0.2288568764925003,0.2444358468055725
1789225149982824400,51.46282446289062,-0.26582688093185425,-0.17952288687229156,-0.09785146266222
1789225149992863500,51.47286352539062,-0.2710493505001068,-0.23983202874660492,-0.18191227316856384
1789225150002901500,51.482901611328124,-0.2173917144536972,-0.3328876793384552,0.09228172898292542
1789225150012940300,51.49294018554688,-0.13200411200523376,-0.3582521677017212,0.18686389923095703
1789225150022978600,51.502978515625,-0.09700750559568405,-0.2868914306163788,0.01944746822118759
1789225150033016300,51.513016357421876,-0.0954841747879982,-0.2168111354112625,-0.2481783777475357
1789225150043055600,51.5230556640625,-0.16525447368621826,-0.17833378911018372,-0.12016981840133667
1789225150053093400,51.53309326171875,-0.20491266250610352,-0.10643163323402405,0.33175796270370483
1789225150063131600,51.54313159179687,-0.1534007340669632,-0.2307724952697754,0.13466674089431763
1789225150073170400,51.55317041015625,-0.03032648004591465,0.1165953204035759,-0.3720076382160187
1789225150083208400,51.56320849609375,-0.00022184131375979632,-0.023624636232852936,-0.01817287877202034
1789225150093247500,51.57324755859375,0.05961485952138901,-0.24656423926353455,0.48991671204566956
1789225150103285500,51.58328540039062,0.02093883790075779,-0.10766521096229553,0.30239662528038025
1789225150113323500,51.593323486328124,-0.02695997804403305,-0.025172198191285133,0.05708698928356171
1789225150123362600,51.60336254882812,-0.006840595509856939,-0.0995018258690834,0.043108321726322174
1789225150133400300,51.613400390625,-0.010524280369281769,-0.06961582601070404,0.17794044315814972
1789225150143439600,51.623439697265624,0.038239262998104095,0.014783473685383797,0.1035572811961174
1789225150153477400,51.633477294921875,0.07734432071447372,0.06571962684392929,0.02003416232764721
1789225150163515600,51.643515625,0.11227567493915558,0.10622124373912811,-0.07778561115264893
1789225150173554400,51.653554443359376,0.11918418109416962,0.07643565535545349,-0.12848447263240814
1789225150183592400,51.66359252929688,0.12694942951202393,0.06052006781101227,-0.1410798877477646
1789225150193631500,51.67363159179688,0.11000879108905792,0.04632488638162613,0.019025089219212532
1789225150203669500,51.68366943359375,0.14163915812969208,-0.005139101762324572,0.030721427872776985
1789225150213707500,51.69370751953125,0.13546700775623322,0.01366095058619976,-0.06341652572154999
1789225150223746600,51.70374658203125,0.09731537103652954,0.05745210871100426,-0.15184465050697327
1789225150233784300,51.71378442382812,0.03722859546542168,0.08120111376047134,-0.03797614574432373
1789225150243822600,51.723822509765625,0.03485704958438873,0.022818762809038162,0.11167992651462555
1789225150253861400,51.733861328125,0.10419910401105881,-0.013542174361646175,-0.016286561265587807
1789225150263899600,51.74389965820313,0.1302671879529953,0.019994480535387993,-0.08590824902057648
1789225150273938200,51.75393823242187,0.13237881660461426,0.006698116194456816,0.13098837435245514
1789225150283976200,51.76397607421875,0.1011870726943016,-0.017491908743977547,0.14705096185207367
1789225150294014200,51.77401416015625,0.054124489426612854,0.056897372007369995,-0.12005796283483505
1789225150304053200,51.78405322265625,0.001437041675671935,0.008221444673836231,-0.13664600253105164
1789225150314091300,51.79409130859375,0.006530603393912315,0.004096740856766701,-0.11019840836524963
1789225150324130300,51.80413037109375,0.021577997133135796,0.00845420453697443,0.06065003201365471
1789225150334168300,51.81416821289063,0.09156240522861481,0.01907915249466896,-0.00848829373717308
1789225150344206300,51.82420629882812,0.08392233401536942,0.07522337883710861,0.019358517602086067
1789225150354245000,51.8342451171875,0.06621044874191284,-0.029097698628902435,0.09847331047058105
1789225150364283400,51.844283447265624,0.025482989847660065,-0.027753068134188652,-0.10707186162471771
1789225150374322200,51.854322265625,-0.03381362184882164,0.012643623165786266,-0.04336957633495331
1789225150384360200,51.864360107421874,0.007184409536421299,-0.13909797370433807,0.1203615665435791
1789225150394398200,51.874398193359376,0.03508208692073822,-0.07642926275730133,-0.04478052258491516
1789225150404437200,51.884437255859375,0.012748286128044128,-0.030942736193537712,-0.11319047212600708
1789225150414475300,51.89447534179688,-0.019643476232886314,-0.07930680364370346,0.05318998545408249
1789225150424514300,51.904514404296876,-0.07037349790334702,-0.05203869938850403,0.12815797328948975
1789225150434552300,51.91455224609375,-0.07565721124410629,0.02664998732507229,0.001201884588226676
1789225150444590300,51.92459033203125,-0.04186302796006203,0.05464300513267517,0.0371289923787117
1789225150454629000,51.93462915039063,0.01859019510447979,-0.0029137644451111555,0.28153499960899353
1789225150464667400,51.94466748046875,0.06778650730848312,-0.03874499723315239,0.3444164991378784
1789225150474705200,51.954705078125,0.057069409638643265,-0.045465484261512756,0.2550240457057953
1789225150484744200,51.964744140625,-0.0030445256270468235,0.009758621454238892,0.13928811252117157
1789225150494782200,51.9747822265625,-0.06890822947025299,-0.025121863931417465,0.18524974584579468
1789225150504821200,51.9848212890625,-0.09309292584657669,-0.03268710523843765,-0.0018239989876747131
1789225150514859300,51.994859375,-0.10289043188095093,0.017291639000177383,-0.16016890108585358
1789225150524897300,52.00489721679688,-0.04313069209456444,-0.0947432890534401,-0.14747413992881775
1789225150534936000,52.01493603515625,-0.0024607607629150152,-0.08754555881023407,-0.08258968591690063
1789225150544974300,52.02497436523438,0.015801865607500076,-0.07858695089817047,-0.1269875019788742
1789225150555013000,52.03501318359375,0.001175519311800599,-0.04385587200522423,-0.2831704616546631
1789225150565051400,52.04505151367187,-0.051967594772577286,-0.06663122773170471,-0.18954676389694214
1789225150575089200,52.05508911132812,-0.07327927649021149,-0.05640308931469917,-0.09745252132415771
1789225150585128200,52.06512817382813,-0.08247356861829758,-0.03008759394288063,-0.2293516993522644
1789225150595166200,52.07516625976562,-0.07750171422958374,-0.004236556589603424,-0.33000320196151733
1789225150605205200,52.08520532226562,-0.09901552647352219,-0.0497630275785923,0.13674746453762054
1789225150615243300,52.0952431640625,-0.04796433076262474,-0.2044849693775177,0.2428448647260666
1789225150625281300,52.10528125,-0.08684035390615463,0.08482328057289124,-0.04110828787088394
1789225150635320000,52.115320068359374,-0.07449633628129959,-0.015661517158150673,-0.010818026959896088
1789225150645358300,52.1253583984375,-0.07245289534330368,-0.07423534989356995,0.18665562570095062
1789225150655396000,52.13539599609375,-0.07584603130817413,-0.132230743765831,0.004150270018726587
1789225150665435400,52.14543530273438,-0.11582726985216141,-0.023625435307621956,-0.08621930330991745
1789225150675473200,52.15547314453125,-0.16880951821804047,-0.1273648738861084,0.125355526804924
1789225150685512200,52.16551220703125,-0.18741942942142487,-0.15089523792266846,0.03358938544988632
1789225150695550200,52.17555029296875,-0.22515322268009186,-0.06939692050218582,-0.26897022128105164
1789225150705588200,52.185588134765624,-0.2078879475593567,-0.18821623921394348,-0.19390475749969482
1789225150715627300,52.19562719726562,-0.1724974662065506,-0.27924254536628723,-0.07478422671556473
1789225150725665300,52.205665283203125,-0.16446776688098907,-0.1857735961675644,-0.11254598945379257
1789225150735704000,52.2157041015625,-0.14866723120212555,-0.22515802085399628,-0.1256878823041916
1789225150745742300,52.225742431640626,-0.17598648369312286,-0.20473450422286987,-0.1066095307469368
1789225150755780000,52.235780029296876,-0.23372194170951843,-0.2574206292629242,-0.02359001524746418
1789225150765819400,52.2458193359375,-0.27421265840530396,-0.22179417312145233,-0.11818256974220276
1789225150775857200,52.25585717773438,-0.312095582485199,-0.27467283606529236,-0.033904969692230225
1789225150785896200,52.265896240234376,-0.2749287784099579,-0.3002479672431946,-0.060930728912353516
1789225150795934200,52.27593432617188,-0.24073457717895508,-0.27783507108688354,-0.09285377711057663
1789225150805972200,52.28597216796875,-0.16981486976146698,-0.3288165032863617,-0.061093445867300034
1789225150816011300,52.29601123046875,-0.18388861417770386,-0.2537214756011963,0.013590111397206783
1789225150826049300,52.30604931640625,-0.20614251494407654,-0.25230520963668823,0.10157216340303421
1789225150836087300,52.31608740234375,-0.21353624761104584,-0.23333579301834106,-0.1569206416606903
1789225150846126300,52.326126220703124,-0.224860280752182,-0.241207554936409,-0.22883957624435425
1789225150856164000,52.3361640625,-0.19427014887332916,-0.35312342643737793,-0.18028002977371216
1789225150866203400,52.346203369140625,-0.22169910371303558,-0.33223679661750793,-0.05331408604979515
1789225150876241200,52.3562412109375,-0.24117107689380646,-0.34135013818740845,-0.03702086955308914
1789225150886279400,52.36627954101562,-0.25652551651000977,-0.26756006479263306,-0.08181896805763245
1789225150896318200,52.376318115234376,-0.24085788428783417,-0.222602978348732,-0.09570202231407166
1789225150906356200,52.38635620117188,-0.15574166178703308,-0.14962731301784515,-0.1524883359670639
1789225150916395300,52.39639526367188,-0.06198533996939659,-0.12545272707939148,-0.12617604434490204
1789225150926433300,52.40643334960937,-0.00030173614504747093,-0.10971051454544067,0.008185225538909435
1789225150936471300,52.41647119140625,-0.007797203026711941,-0.09469641745090485,0.11107059568166733
1789225150946510300,52.42651025390625,-0.0659710243344307,-0.03611619397997856,0.06514757871627808
1789225150956548000,52.436548095703124,-0.11772982776165009,-0.03015657141804695,0.003522296901792288
1789225150966586400,52.44658642578125,-0.12693318724632263,-0.02798636071383953,-0.02683241292834282
1789225150976625200,52.456625244140625,-0.07262786477804184,-0.028434570878744125,-0.0023278691805899143
1789225150986663400,52.46666333007813,0.007456584833562374,-0.06311798095703125,0.08079764246940613
1789225150996702200,52.4767021484375,0.04615684226155281,-0.005332979839295149,0.18106405436992645
1789225151006740200,52.486740234375,0.07393680512905121,-0.01732279732823372,-0.0007414240390062332
1789225151016778200,52.4967783203125,0.046243127435445786,0.14711514115333557,-0.3753318190574646
1789225151026817300,52.5068173828125,-0.0265373345464468,0.0983063280582428,-0.11043756455183029
1789225151036855300,52.51685522460937,-0.03882888704538345,-0.010996724478900433,0.005094893276691437
1789225151046894300,52.52689428710938,-0.09237946569919586,0.152421236038208,-0.2136283963918686
1789225151056932000,52.53693212890625,-0.07336795330047607,0.06948266923427582,-0.07712195068597794
1789225151066970400,52.546970458984376,-0.02798476256430149,-0.07981014251708984,0.06337684392929077
1789225151077009200,52.55700903320312,-0.02733015827834606,-0.08294255286455154,0.022612901404500008
1789225151087047400,52.56704736328125,-0.07269497960805893,-0.04611210152506828,0.060627393424510956
1789225151097086200,52.577086181640624,-0.12495844811201096,-0.10220173746347427,0.1675407886505127
1789225151107124200,52.587124267578126,-0.15194639563560486,-0.08960791677236557,-0.08751413226127625
1789225151117162200,52.59716235351563,-0.17290733754634857,0.003049852093681693,-0.19093027710914612
1789225151127201300,52.607201171875,-0.17576250433921814,-0.025298165157437325,0.2134249359369278
1789225151137239300,52.6172392578125,-0.12298371642827988,-0.08696525543928146,0.13003337383270264
1789225151147277300,52.62727734375,-0.15494617819786072,-0.025732262060046196,0.005300223361700773
1789225151157316000,52.63731616210937,-0.1559821367263794,-0.1715267449617386,0.042262766510248184
1789225151167354400,52.647354248046874,-0.20356030762195587,-0.22651410102844238,0.06836573779582977
1789225151177393200,52.65739306640625,-0.2551209628582001,-0.3040009140968323,0.05762787535786629
1789225151187431400,52.667431396484375,-0.2702826261520386,-0.29647162556648254,0.015860188752412796
1789225151197469200,52.67746923828125,-0.28806400299072266,-0.2482561469078064,0.07527051866054535
1789225151207508200,52.68750830078125,-0.25656893849372864,-0.22645524144172668,-0.06071501225233078
1789225151217546200,52.697546142578126,-0.24639299511909485,-0.1647825539112091,-0.1363181620836258
1789225151227585300,52.707585205078125,-0.21916884183883667,-0.22496867179870605,-0.14969362318515778
1789225151237623300,52.71762329101563,-0.22612901031970978,-0.23195387423038483,-0.04340206831693649
1789225151247661300,52.72766137695312,-0.23890098929405212,-0.2826857566833496,0.0828903540968895
1789225151257700000,52.7377001953125,-0.23608256876468658,-0.34107503294944763,-0.007737814448773861
1789225151267738400,52.74773828125,-0.27799859642982483,-0.3129003942012787,0.036921266466379166
1789225151277776400,52.7577763671875,-0.295173317193985,-0.2925945818424225,0.13827478885650635
1789225151287815400,52.7678154296875,-0.31040340662002563,-0.20635397732257843,0.14307087659835815
1789225151297853400,52.777853515625,-0.3014596998691559,-0.2447567582130432,0.24488618969917297
1789225151307892200,52.787892333984374,-0.2644484341144562,-0.23944880068302155,0.2719963490962982
1789225151317930500,52.797930419921876,-0.22102585434913635,-0.24897973239421844,0.12685701251029968
1789225151327968300,52.80796826171875,-0.18217992782592773,-0.26757925748825073,0.10469605028629303
1789225151338007600,52.81800756835938,-0.19518573582172394,-0.3935627341270447,0.34747380018234253
1789225151348045300,52.82804541015625,-0.19571863114833832,-0.4359400272369385,0.08076408505439758
1789225151358084400,52.83808447265625,-0.26934731006622314,-0.2899319529533386,-0.24860848486423492
1789225151368122400,52.84812231445313,-0.326440691947937,-0.2533811330795288,0.07353014498949051
1789225151378160400,52.858160400390624,-0.3175172507762909,-0.26318874955177307,0.354193776845932
1789225151388199400,52.86819946289062,-0.2567098140716553,-0.18486306071281433,0.11691330373287201
1789225151398237400,52.878237548828125,-0.13689686357975006,-0.017152089625597,-0.16951286792755127
1789225151408275500,52.888275390625,-0.09578192234039307,-0.2073201686143875,-0.038416896015405655
1789225151418314500,52.898314453125,-0.07263931632041931,-0.4718519449234009,0.21523427963256836
1789225151428352300,52.908352294921876,-0.16573862731456757,-0.40898802876472473,0.2227204293012619
1789225151438391600,52.9183916015625,-0.291138619184494,-0.3360786736011505,0.2942691743373871
1789225151448429300,52.92842919921875,-0.3256087303161621,-0.32861995697021484,0.2245153933763504
1789225151458467600,52.93846752929687,-0.2977656424045563,-0.3555184304714203,0.12270861119031906
1789225151468506400,52.94850634765625,-0.21103741228580475,-0.47097229957580566,0.2441338449716568
1789225151478544400,52.95854443359375,-0.11059868335723877,-0.6240620017051697,0.04579571634531021
1789225151488583400,52.96858349609375,-0.11335878074169159,-0.3644144535064697,-0.01142789050936699
1789225151498621400,52.97862133789062,-0.07688918709754944,-0.3775257170200348,-0.10051355510950089
1789225151508659500,52.988659423828125,-0.08837486803531647,-0.31422290205955505,-0.20619498193264008
1789225151518698500,52.998698486328124,-0.07207126170396805,-0.2864181697368622,-0.31619924306869507
1789225151528736300,53.008736328125,-0.0522855743765831,-0.20067690312862396,-0.4973088502883911
1789225151538774500,53.0187744140625,-0.03777347877621651,-0.1302059441804886,-0.5198251008987427
1789225151548813300,53.028813232421875,-0.040037430822849274,-0.11760945618152618,-0.10123980045318604
1789225151558851600,53.0388515625,-0.030651919543743134,-0.21136604249477386,0.1568617820739746
1789225151568890400,53.048890380859376,0.009239571169018745,-0.2547217607498169,-0.09704665094614029
1789225151578928400,53.05892846679688,-0.03244476020336151,-0.22050254046916962,-0.03350656107068062
1789225151588966400,53.06896630859375,-0.019536416977643967,-0.3345758616924286,0.40163931250572205
1789225151599005400,53.07900537109375,0.012537096627056599,-0.30275532603263855,0.4764602780342102
1789225151609043500,53.08904345703125,0.03454306349158287,-0.10832274705171585,0.32995206117630005
1789225151619082500,53.09908251953125,0.06488152593374252,-0.028651883825659752,0.33395588397979736
1789225151629120300,53.109120361328124,0.08565551787614822,0.017790447920560837,0.18657520413398743
1789225151639158500,53.119158447265626,0.08097261190414429,0.0654386579990387,0.06530123949050903
1789225151649197300,53.129197265625,0.09156586974859238,-0.01894333027303219,0.1937769204378128
1789225151659235600,53.13923559570313,0.12410596758127213,-0.0234691072255373,0.0513894222676754
1789225151669273300,53.1492734375,0.14972823858261108,0.0535079650580883,-0.2119402140378952
1789225151679312400,53.1593125,0.18616826832294464,-0.10415703058242798,-0.201569601893425
1789225151689350400,53.16935034179688,0.18429553508758545,-0.1822078824043274,-0.15268248319625854
1789225151699389400,53.17938940429688,0.12012773752212524,-0.08309275656938553,-0.22036805748939514
1789225151709427500,53.18942749023437,0.08102454245090485,-0.033237047493457794,-0.10104965418577194
1789225151719465500,53.199465576171875,0.10346221178770065,-0.024212395772337914,0.0549151785671711
1789225151729504300,53.20950415039062,0.1605025976896286,0.08370129019021988,-0.10801301896572113
1789225151739542500,53.21954248046875,0.2205994874238968,0.2400996834039688,-0.12455364316701889
1789225151749580300,53.229580322265626,0.2824777662754059,0.1614898294210434,0.0576382614672184
1789225151759619600,53.23961962890625,0.2758813798427582,0.1954299509525299,0.15730680525302887
1789225151769657300,53.2496572265625,0.24589872360229492,0.12280474603176117,0.14682327210903168
1789225151779696400,53.2596962890625,0.21356607973575592,0.11711543798446655,0.0123618608340621
1789225151789734400,53.269734375,0.1927846372127533,0.0904151201248169,0.07445959001779556
1789225151799772400,53.2797724609375,0.2086365669965744,0.07081851363182068,0.12776541709899902
1789225151809811500,53.2898115234375,0.20247960090637207,0.14894713461399078,0.13024163246154785
1789225151819849500,53.29984936523437,0.20849834382534027,0.15504257380962372,0.08129218965768814
1789225151829888300,53.30988818359375,0.22384081780910492,0.12541145086288452,-0.18000546097755432
1789225151839926500,53.319926513671874,0.18226221203804016,0.2076900750398636,-0.35678794980049133
1789225151849964300,53.32996435546875,0.19767099618911743,0.10276499390602112,-0.32841089367866516
1789225151860003600,53.340003662109375,0.20479309558868408,0.06447938829660416,-0.30844491720199585
1789225151870041300,53.350041259765625,0.2056327909231186,0.08437533676624298,-0.4022262692451477
1789225151880079600,53.36007958984375,0.18932119011878967,0.08602382987737656,-0.3507782518863678
1789225151890118400,53.370118408203126,0.18397222459316254,0.033011212944984436,-0.11064688861370087
1789225151900156400,53.38015649414063,0.17818865180015564,0.03379551321268082,-0.05113828554749489
1789225151910195500,53.39019555664063,0.09466871619224548,0.06072619929909706,0.0703604519367218
1789225151920233500,53.4002333984375,0.02556927502155304,0.010030795820057392,0.08595378696918488
1789225151930271500,53.410271484375,-0.06944538652896881,0.00854448601603508,0.17090703547000885
1789225151940310500,53.420310546875,-0.11163332313299179,-0.04348782077431679,0.4054441750049591
1789225151950348300,53.430348388671874,-0.06397604942321777,-0.12658004462718964,0.33339980244636536
1789225151960386600,53.440386474609376,-0.00863130483776331,-0.05385870486497879,0.24359215795993805
1789225151970425300,53.45042529296875,0.039391081780195236,-0.13432104885578156,0.5072070360183716
1789225151980463600,53.46046362304688,0.09306736290454865,-0.15386998653411865,0.20120660960674286
1789225151990502400,53.47050244140625,0.020959077402949333,-0.031097998842597008,-0.2041637897491455
1789225152000540400,53.48054052734375,-0.10384677350521088,-0.11386159062385559,0.12199302017688751
1789225152010578400,53.49057836914063,-0.12800057232379913,-0.28086310625076294,0.10177376866340637
1789225152020617500,53.50061743164063,-0.14166951179504395,-0.16854241490364075,-0.42363888025283813
1789225152030655500,53.51065551757812,-0.0931115671992302,-0.15315014123916626,-0.6386081576347351
1789225152040694500,53.52069458007813,-0.039379894733428955,-0.2777538597583771,-0.38285204768180847
1789225152050732300,53.53073217773437,-0.03922490030527115,-0.2982942759990692,-0.275781512260437
1789225152060770600,53.5407705078125,-0.08502434939146042,-0.19705820083618164,-0.25220534205436707
1789225152070809300,53.55080932617187,-0.10330721735954285,-0.22639106214046478,-0.17484211921691895
1789225152080847600,53.56084765625,-0.11832264810800552,-0.26843199133872986,-0.19018405675888062
1789225152090885400,53.57088549804688,-0.13088583946228027,-0.37034928798675537,-0.1640869379043579
1789225152100924400,53.58092431640625,-0.16496099531650543,-0.3597738742828369,0.14311029016971588
1789225152110962400,53.59096240234375,-0.19540971517562866,-0.33792823553085327,0.47334200143814087
1789225152121001500,53.60100146484375,-0.1859389692544937,-0.2974380850791931,0.4950030744075775
1789225152131039500,53.61103955078125,-0.16400891542434692,-0.22201335430145264,0.31656861305236816
1789225152141077200,53.6210771484375,-0.1373426765203476,-0.23822961747646332,0.2532237470149994
1789225152151116300,53.6311162109375,-0.12065371125936508,-0.35151195526123047,0.48250913619995117
1789225152161154600,53.641154541015624,-0.1199871227145195,-0.3712949752807617,0.5182543396949768
1789225152171192300,53.6511923828125,-0.12370942533016205,-0.366634726524353,0.3786892592906952
1789225152181231600,53.661231689453125,-0.1167878657579422,-0.38063177466392517,0.08066102117300034
1789225152191269400,53.671269287109375,-0.13296949863433838,-0.3528864085674286,0.06096987798810005
1789225152201308400,53.681308349609374,-0.11541873961687088,-0.4724136292934418,-0.04201029986143112
1789225152211346400,53.691346435546876,-0.1301816999912262,-0.34178051352500916,-0.2594619393348694
1789225152221384200,53.70138427734375,-0.08637669682502747,-0.33736151456832886,-0.25582751631736755
1789225152231423500,53.71142358398438,0.0009712548344396055,-0.31501761078834534,-0.36169880628585815
1789225152241461500,53.72146142578125,0.04818643629550934,-0.2757719159126282,-0.3276093006134033
1789225152251500300,53.731500244140626,0.09485700726509094,-0.24814829230308533,-0.1380457580089569
1789225152261538600,53.74153857421875,0.08759323507547379,-0.2020239382982254,-0.043362654745578766
1789225152271576300,53.751576416015624,0.07258552312850952,-0.12388332933187485,-0.26927247643470764
1789225152281615600,53.76161572265625,0.02214338444173336,-0.11480168253183365,-0.3073466420173645
1789225152291653600,53.771653564453125,-0.022461365908384323,-0.15612035989761353,-0.08982176333665848
1789225152301691600,53.78169165039063,-0.006183593533933163,-0.18918350338935852,-0.004165716469287872
1789225152311730700,53.791730712890626,0.04785221070051193,-0.07316955178976059,0.2097790688276291
1789225152321768700,53.80176879882813,0.17428311705589294,0.0109474565833807,0.406720370054245
1789225152331807500,53.811807373046875,0.2856985926628113,0.14770689606666565,0.239955872297287
1789225152341845800,53.821845703125,0.36299604177474976,0.2830333113670349,-0.10880690813064575
1789225152351883800,53.8318837890625,0.3201306164264679,0.13560150563716888,-0.18099534511566162
1789225152361922800,53.8419228515625,0.2507065236568451,0.07251068204641342,0.012926983647048473
1789225152371960600,53.85196069335937,0.17424556612968445,0.11467757821083069,0.08664647489786148
1789225152381998600,53.86199853515625,0.22038216888904572,0.0650988444685936,-0.2374572902917862
1789225152392037600,53.87203759765625,0.2778361439704895,0.259864866733551,-0.5166950821876526
1789225152402075600,53.88207568359375,0.3055601716041565,0.2101937085390091,-0.34029313921928406
1789225152412114700,53.89211474609375,0.34089818596839905,0.1565302163362503,-0.0730435848236084
1789225152422152700,53.902152587890626,0.34841203689575195,0.27293938398361206,-0.13625851273536682
1789225152432190700,53.91219067382813,0.37281832098960876,0.3524200916290283,-0.13856427371501923
1789225152442229800,53.92222973632813,0.4012574255466461,0.3478109538555145,-0.09779660403728485
1789225152452267500,53.932267578125,0.39463120698928833,0.3655414879322052,-0.10646358877420425
1789225152462305500,53.94230541992187,0.3494730591773987,0.3542158603668213,0.21913208067417145
1789225152472344600,53.95234448242188,0.3008594512939453,0.31818196177482605,0.33521023392677307
1789225152482382600,53.962382568359374,0.29692542552948,0.35065096616744995,0.08124399185180664
1789225152492421600,53.97242163085937,0.2897180914878845,0.21615280210971832,-0.22505202889442444
1789225152502459600,53.982459716796875,0.2874158024787903,0.20254112780094147,-0.033661291003227234
1789225152512497700,53.99249755859375,0.2567918300628662,0.2263127714395523,0.1419142633676529
1789225152522536700,54.00253662109375,0.24507926404476166,0.36471137404441833,-0.17164605855941772
1789225152532574700,54.01257470703125,0.23416616022586823,0.3275813162326813,-0.039988696575164795
1789225152542612500,54.02261254882813,0.25781476497650146,0.23752467334270477,0.08028578758239746
1789225152552651500,54.03265161132813,0.26245585083961487,0.27547603845596313,-0.25804993510246277
1789225152562689500,54.042689453125,0.23236213624477386,0.2626369595527649,-0.5292995572090149
1789225152572728600,54.052728515625,0.14571937918663025,0.177847757935524,-0.2587924003601074
1789225152582766600,54.0627666015625,0.051299139857292175,0.1188156008720398,0.02528192102909088
1789225152592804600,54.0728046875,0.014118748717010021,0.1891065388917923,-0.16557085514068604
1789225152602843600,54.08284375,0.012471850030124187,0.20825999975204468,-0.21442601084709167
1789225152612881700,54.092881591796875,0.09373261779546738,0.06283222883939743,-0.11444269120693207
1789225152622919700,54.10291967773438,0.11406958103179932,0.08910670876502991,-0.19391301274299622
1789225152632958700,54.112958740234376,0.10124752670526505,0.0956607460975647,0.04466227814555168
1789225152642996500,54.12299658203125,0.08445922285318375,0.10578075796365738,0.4766530990600586
1789225152653035500,54.133035400390625,0.03760090470314026,0.2711547911167145,0.42963045835494995
1789225152663073500,54.14307348632813,0.025584721937775612,0.37812599539756775,0.20235203206539154
1789225152673111600,54.15311157226562,0.00041012681322172284,0.2370612770318985,0.15170058608055115
1789225152683150600,54.16315063476563,-0.017552629113197327,0.02249838411808014,0.2998407781124115
1789225152693188600,54.17318872070312,-0.060642309486866,0.006244313903152943,0.365445077419281
1789225152703226600,54.1832265625,-0.11654578894376755,-0.008499478921294212,0.3538813889026642
1789225152713265700,54.193265625,-0.1095893457531929,-0.02449309267103672,0.06177787855267525
1789225152723303700,54.2033037109375,-0.14273132383823395,-0.07905087620019913,-0.31481680274009705
1789225152733342700,54.2133427734375,-0.18353627622127533,-0.13024668395519257,-0.24055933952331543
1789225152743380500,54.22338037109375,-0.20412063598632812,-0.24463903903961182,0.14473162591457367
1789225152753418800,54.23341870117188,-0.16750110685825348,-0.20259225368499756,-0.05211486667394638
1789225152763457500,54.24345751953125,-0.2030002474784851,-0.04649319872260094,-0.12707112729549408
1789225152773495600,54.25349560546875,-0.2290467619895935,-0.09476858377456665,-0.05000004917383194
1789225152783534800,54.26353491210938,-0.21577942371368408,-0.281089723110199,-0.30679482221603394
1789225152793572600,54.27357250976563,-0.2681052088737488,-0.3195390999317169,-0.3906870484352112
1789225152803610600,54.283610595703124,-0.30658549070358276,-0.33581769466400146,0.10282278805971146
1789225152813649700,54.29364965820312,-0.32510218024253845,-0.3698941767215729,0.30990540981292725
1789225152823687700,54.303687744140625,-0.33426639437675476,-0.24506674706935883,0.2904861569404602
1789225152833725700,54.3137255859375,-0.32544174790382385,-0.2334098219871521,0.3888063430786133
1789225152843764500,54.323764404296874,-0.3155007064342499,-0.19011588394641876,0.24915575981140137
1789225152853802800,54.333802734375,-0.3471986949443817,-0.27974510192871094,0.24310292303562164
1789225152863840500,54.34384057617188,-0.31193605065345764,-0.5798172950744629,0.23072323203086853
1789225152873879600,54.35387963867188,-0.28391215205192566,-0.5200093388557434,0.356479287147522
1789225152883917600,54.36391748046875,-0.24030181765556335,-0.46142488718032837,0.4061296582221985
1789225152893956600,54.37395654296875,-0.24679885804653168,-0.29986581206321716,0.12016475945711136
1789225152903994600,54.38399462890625,-0.3024709224700928,-0.1328752189874649,0.07589396834373474
1789225152914032600,54.39403271484375,-0.3811420202255249,-0.21644309163093567,0.17791780829429626
1789225152924071400,54.40407153320312,-0.42071980237960815,-0.3022778332233429,0.24748410284519196
1789225152934109700,54.414109619140625,-0.4130304455757141,-0.17078159749507904,0.31041592359542847
1789225152944148500,54.4241484375,-0.31272009015083313,-0.12805676460266113,0.4482704699039459
1789225152954186800,54.434186767578126,-0.20867091417312622,-0.43416741490364075,0.3456636667251587
1789225152964224500,54.444224609375,-0.18536080420017242,-0.4040430784225464,0.3604969382286072
1789225152974263600,54.454263671875,-0.16095879673957825,-0.6491585373878479,0.34484100341796875
1789225152984301600,54.46430151367188,-0.2270376831293106,-0.6492671966552734,0.14456383883953094
1789225152994339600,54.47433959960937,-0.28158748149871826,-0.2690410614013672,-0.006725546903908253
1789225153004378600,54.48437866210938,-0.30924174189567566,-0.14189189672470093,-0.056955695152282715
1789225153014416600,54.49441674804687,-0.1978267878293991,-0.3572646677494049,-0.2997124195098877
1789225153024454700,54.50445458984375,-0.11339393258094788,-0.31510868668556213,-0.6950852870941162
1789225153034493700,54.51449365234375,-0.1000903844833374,-0.2634026110172272,-0.6067621111869812
1789225153044531500,54.524531494140625,-0.09751004725694656,-0.29352056980133057,-0.3278883993625641
1789225153054570800,54.53457080078125,-0.14315396547317505,-0.17115284502506256,0.007722634356468916
1789225153064608500,54.5446083984375,-0.15622982382774353,-0.21392028033733368,0.033722542226314545
1789225153074646800,54.55464672851563,-0.14800038933753967,-0.10415862500667572,-0.2277732491493225
1789225153084685600,54.564685546875,-0.11707788705825806,-0.14526692032814026,-0.1144738495349884
1789225153094723600,54.5747236328125,-0.09502771496772766,-0.31037119030952454,0.4821610450744629
1789225153104761600,54.58476171875,-0.08274973928928375,-0.20214325189590454,0.701740562915802
1789225153114800600,54.59480053710938,-0.07565800845623016,-0.16555726528167725,0.5743240118026733
1789225153124838700,54.604838623046874,-0.0001280980504816398,-0.12552064657211304,0.27429094910621643
1789225153134877700,54.61487768554687,0.023517310619354248,-0.1336456835269928,0.03949121758341789
1789225153144915500,54.62491552734375,0.002167813014239073,-0.1470102220773697,0.1443430632352829
1789225153154953700,54.63495361328125,-0.037632063031196594,-0.07550247758626938,0.3030877113342285
1789225153164992500,54.644992431640624,-0.0030024477746337652,-0.04113411903381348,0.15318556129932404
1789225153175030800,54.65503076171875,0.0697026476264,0.048102281987667084,-0.10074391961097717
1789225153185068500,54.66506860351563,0.13741138577461243,0.04331072047352791,-0.2896376848220825
1789225153195107600,54.67510766601563,0.2348700314760208,-0.19653703272342682,-0.29313600063323975
1789225153205145600,54.6851455078125,0.21704363822937012,-0.2818918824195862,-0.282097190618515
1789225153215184600,54.6951845703125,0.13732030987739563,-0.07936832308769226,-0.06566262990236282
1789225153225222700,54.70522265625,0.052871737629175186,0.07038521766662598,0.09184443950653076
1789225153235260700,54.7152607421875,0.03725576028227806,0.15320873260498047,0.05167970433831215
1789225153245299500,54.72529956054687,0.1185532808303833,0.2224794179201126,-0.0391886830329895
1789225153255337700,54.735337646484375,0.2503054440021515,0.22527146339416504,0.09448336064815521
1789225153265375500,54.74537548828125,0.3438386023044586,0.1626184731721878,0.2517821788787842
1789225153275414300,54.755414306640624,0.3662658631801605,0.17425702512264252,0.2990133464336395
1789225153285452000,54.7654521484375,0.33362510800361633,0.17254194617271423,0.30469226837158203
1789225153295491300,54.7754912109375,0.299993634223938,0.2217494398355484,0.22608906030654907
1789225153305529000,54.785529052734375,0.2656244933605194,0.3006349205970764,0.09426205605268478
1789225153315567400,54.7955673828125,0.28978440165519714,0.34940725564956665,-0.01948688179254532
1789225153325606100,54.80560620117188,0.36131665110588074,0.38255828619003296,-0.06942914426326752
1789225153335644200,54.81564404296875,0.4493306577205658,0.4448712170124054,-0.21325421333312988
1789225153345682200,54.82568212890625,0.48985812067985535,0.4666699767112732,-0.3108569383621216
1789225153355721200,54.83572119140625,0.4909050166606903,0.41691651940345764,-0.25299152731895447
1789225153365759200,54.84575927734375,0.4540037214756012,0.3802884817123413,-0.12827275693416595
1789225153375798300,54.85579833984375,0.43626680970191956,0.3661838471889496,-0.12721174955368042
1789225153385836000,54.8658359375,0.41895410418510437,0.44864997267723083,-0.14643791317939758
1789225153395874300,54.875874267578126,0.45578670501708984,0.4880751371383667,0.03449512645602226
1789225153405913000,54.8859130859375,0.5493935942649841,0.3792130947113037,0.003948668949306011
1789225153415951400,54.89595141601563,0.5695319175720215,0.6520316004753113,-0.3367564380168915
1789225153425989000,54.90598901367188,0.49795305728912354,0.6626786589622498,-0.05387068912386894
1789225153436028200,54.91602807617188,0.46711844205856323,0.48336106538772583,0.4429750442504883
1789225153446066200,54.92606616210937,0.45460957288742065,0.4428751766681671,0.19490477442741394
1789225153456105200,54.93610522460938,0.4258676767349243,0.6744945645332336,-0.15555496513843536
1789225153466143200,54.94614331054687,0.47101011872291565,0.4573803246021271,0.07675949484109879
1789225153476181000,54.95618090820312,0.5369438529014587,0.32439112663269043,0.10866469144821167
1789225153486220000,54.96621997070312,0.4956941604614258,0.5655536651611328,0.0031169636640697718
1789225153496258300,54.97625830078125,0.4352329671382904,0.6167761087417603,-0.01498054713010788
1789225153506296000,54.98629614257813,0.4026433229446411,0.5789661407470703,-0.10297884792089462
1789225153516335400,54.99633544921875,0.40228646993637085,0.5773818492889404,-0.2792114019393921
1789225153526373000,55.006373046875,0.454915851354599,0.5795584321022034,-0.4181080460548401
1789225153536411100,55.0164111328125,0.46715015172958374,0.5858160853385925,-0.25465306639671326
1789225153546450200,55.0264501953125,0.521080732345581,0.528934121131897,-0.20394913852214813
1789225153556488000,55.03648803710937,0.4893377423286438,0.6335473656654358,-0.25466957688331604
1789225153566527200,55.04652734375,0.43057483434677124,0.6652302145957947,-0.17250493168830872
1789225153576565200,55.05656518554687,0.38965800404548645,0.6007513403892517,0.0924106240272522
1789225153586603300,55.066603271484375,0.38534316420555115,0.5580393075942993,0.36262932419776917
1789225153596642300,55.076642333984374,0.4355456233024597,0.5659736394882202,0.3631398677825928
1789225153606680000,55.08668017578125,0.4751220643520355,0.5800053477287292,0.3236808478832245
1789225153616718000,55.09671801757813,0.4741116464138031,0.597220778465271,0.38804519176483154
1789225153626757000,55.106757080078125,0.40165820717811584,0.6187817454338074,0.42575928568840027
1789225153636795100,55.11679516601563,0.3332812786102295,0.6698161959648132,0.0679047480225563
1789225153646834200,55.12683422851563,0.3125930726528168,0.8064352869987488,-0.19144906103610992
1789225153656872000,55.13687182617188,0.37354323267936707,0.7180588245391846,-0.21189813315868378
1789225153666910200,55.14691015625,0.44634953141212463,0.6482006311416626,-0.16290263831615448
1789225153676949200,55.15694921875,0.5051600933074951,0.6807889342308044,-0.387112021446228
1789225153686987300,55.1669873046875,0.47290176153182983,0.6260625720024109,-0.3347249925136566
1789225153697025000,55.17702490234375,0.4471498131752014,0.38458389043807983,-0.2746121287345886
1789225153707064000,55.18706396484375,0.37059271335601807,0.40708068013191223,-0.5628471374511719
1789225153717102000,55.19710205078125,0.2321474850177765,0.5946018695831299,-0.5196272134780884
1789225153727141000,55.20714111328125,0.20777742564678192,0.5314516425132751,-0.11344453692436218
1789225153737179100,55.21717919921875,0.2335594892501831,0.6678845882415771,0.047275371849536896
1789225153747217200,55.22721704101563,0.32868096232414246,0.8319954872131348,-0.06918998807668686
1789225153757256000,55.237255859375,0.45895957946777344,0.6062920689582825,-0.23134027421474457
1789225153767294200,55.24729418945312,0.42868876457214355,0.4900754392147064,-0.08414443582296371
1789225153777332000,55.25733203125,0.3143952190876007,0.40640583634376526,0.22154197096824646
1789225153787371300,55.26737133789062,0.16610082983970642,0.4709169268608093,0.31813883781433105
1789225153797409000,55.27740893554687,0.13815174996852875,0.43316128849983215,0.19681265950202942
1789225153807448000,55.28744799804687,0.1423100084066391,0.566576361656189,0.01179380901157856
1789225153817486000,55.297486083984374,0.18807029724121094,0.5308100581169128,-0.1675514429807663
1789225153827524000,55.30752416992188,0.2245343029499054,0.4514486789703369,-0.15503405034542084
1789225153837563100,55.317563232421875,0.19615566730499268,0.4417473077774048,-0.04368649423122406
1789225153847601200,55.32760107421875,0.11833010613918304,0.43393784761428833,-0.11166474223136902
1789225153857639200,55.33763916015625,0.10208455473184586,0.4203115403652191,-0.27734214067459106
1789225153867678200,55.34767822265625,0.06944778561592102,0.3774205148220062,-0.04886607453227043
1789225153877716000,55.35771606445312,0.08935118466615677,0.3527202308177948,-0.0910007432103157
1789225153887754200,55.367754150390624,0.09968185424804688,0.290050745010376,-0.3652842342853546
1789225153897793000,55.37779296875,0.07168963551521301,0.181244894862175,-0.3577922284603119
1789225153907831300,55.387831298828125,-0.026732811704277992,0.1498478204011917,0.02840261347591877
1789225153917870000,55.3978701171875,-0.09140527993440628,0.19574180245399475,0.17196723818778992
1789225153927908000,55.407908203125,-0.07428275048732758,0.2067374587059021,-0.05903083086013794
1789225153937946000,55.41794604492188,-0.04448704048991203,0.2480745166540146,-0.13433410227298737
1789225153947985200,55.427985107421875,-0.07821410894393921,0.2213430404663086,0.22334174811840057
1789225153958023200,55.43802319335938,-0.11353961378335953,0.15151815116405487,0.3698488771915436
1789225153968061200,55.44806127929687,-0.08199739456176758,0.09002149850130081,-0.05916052684187889
1789225153978100000,55.45809985351563,-0.12609721720218658,0.04318715259432793,-0.26921308040618896
1789225153988138200,55.46813818359375,-0.1767931431531906,-0.018787270411849022,0.08949606120586395
1789225153998177000,55.47817700195313,-0.20219437777996063,-0.12640240788459778,0.26963892579078674
1789225154008215300,55.48821533203125,-0.2569127380847931,-0.04289606958627701,-0.048959553241729736
1789225154018253000,55.498253173828125,-0.3366118371486664,0.02160809002816677,-0.021750835701823235
1789225154028292000,55.5082919921875,-0.3514871895313263,-0.21125179529190063,0.02659166418015957
1789225154038330000,55.518330078125,-0.3393450379371643,-0.3106686472892761,-0.16812242567539215
1789225154048368000,55.5283681640625,-0.38847875595092773,-0.39051157236099243,-0.14985686540603638
1789225154058407200,55.5384072265625,-0.40560847520828247,-0.4670742452144623,0.05733759328722954
1789225154068445200,55.54844506835938,-0.4490715265274048,-0.4252711236476898,0.13622282445430756
1789225154078483200,55.55848315429687,-0.46803805232048035,-0.3792557120323181,-0.0021851237397640944
1789225154088522200,55.56852221679687,-0.5191145539283752,-0.34888580441474915,-0.07336529344320297
1789225154098560000,55.57856005859375,-0.548881471157074,-0.41268450021743774,-0.01673557050526142
1789225154108599300,55.58859936523437,-0.5220844745635986,-0.5648216009140015,0.0473020002245903
1789225154118637000,55.59863696289062,-0.48544445633888245,-0.629493772983551,-0.009253685362637043
1789225154128675300,55.60867529296875,-0.44072970747947693,-0.66049724817276,-0.1470368504524231
1789225154138714000,55.618714111328124,-0.481891006231308,-0.6474179029464722,-0.034579548984766006
1789225154148752100,55.62875219726563,-0.516530454158783,-0.6454706192016602,0.06717584282159805
1789225154158790100,55.6387900390625,-0.5988160371780396,-0.5027153491973877,-0.03217311576008797
1789225154168829200,55.6488291015625,-0.6324048638343811,-0.44656017422676086,-0.172408789396286
1789225154178867200,55.6588671875,-0.5445615649223328,-0.5961211919784546,-0.24864843487739563
1789225154188905200,55.6689052734375,-0.451965868473053,-0.6158797144889832,-0.2340167611837387
1789225154198944000,55.67894409179687,-0.34653905034065247,-0.5794258117675781,0.0463496558368206
1789225154208982300,55.688982177734374,-0.2929636836051941,-0.5876778960227966,0.14474838972091675
1789225154219021000,55.69902099609375,-0.3364448547363281,-0.43141770362854004,-0.0810389295220375
1789225154229059300,55.709059326171875,-0.4204880893230438,-0.4275510609149933,-0.11701183766126633
1789225154239097000,55.71909716796875,-0.46597063541412354,-0.3941291868686676,-0.023796942085027695
1789225154249136000,55.72913623046875,-0.43022382259368896,-0.4524580240249634,0.12873747944831848
1789225154259174100,55.73917407226563,-0.30273616313934326,-0.41245973110198975,-0.1141878217458725
1789225154269212200,55.74921215820312,-0.21100571751594543,-0.3398856520652771,-0.043163448572158813
1789225154279251700,55.75925170898437,-0.15170297026634216,-0.3444034457206726,0.2911066710948944
1789225154289289700,55.769289794921875,-0.1255832314491272,-0.21444810926914215,0.2950398921966553
1789225154299328800,55.77932885742187,-0.13294154405593872,-0.10998375713825226,0.16153296828269958
1789225154309366800,55.78936669921875,-0.14649809896945953,-0.06791140884160995,0.11190629750490189
1789225154319404800,55.79940478515625,-0.1319039762020111,-0.1629612296819687,0.24068531394004822
1789225154329443600,55.809443603515625,-0.051483962684869766,-0.2325269877910614,0.060865215957164764
1789225154339481900,55.81948193359375,-0.03266100585460663,-0.15040256083011627,-0.10302704572677612
1789225154349519600,55.82951953125,-0.02317322976887226,-0.11771491169929504,-0.006167348474264145
1789225154359559000,55.83955883789063,-0.05272499471902847,-0.08466508984565735,0.14637452363967896
1789225154369596700,55.8495966796875,-0.03436090424656868,-0.03676973283290863,-0.0010980212828144431
1789225154379635000,55.859635009765626,0.007077350746840239,0.0710853636264801,-0.19976051151752472
1789225154389673700,55.869673828125,0.07445825636386871,-0.0422838069498539,-0.04229632392525673
1789225154399711700,55.879711669921875,0.132177472114563,-0.05673784762620926,0.11683926731348038
1789225154409750800,55.889750732421874,0.11466266959905624,0.015974972397089005,0.21476370096206665
1789225154419788800,55.899788818359376,0.09002549946308136,0.0590292327105999,0.1311074197292328
1789225154429826800,55.90982690429688,0.015184812247753143,0.16054627299308777,0.20428895950317383
1789225154439865900,55.91986596679688,-0.022969497367739677,0.0946202501654625,0.3560585081577301
1789225154449903600,55.92990356445313,-0.015872705727815628,0.050942543894052505,0.3030107319355011
1789225154459942000,55.93994189453125,0.008557802066206932,0.02208932302892208,0.26043131947517395
1789225154469980700,55.94998071289063,0.07563883066177368,-0.07329311966896057,0.14551804959774017
1789225154480019000,55.96001904296875,0.0935126394033432,-0.08312870562076569,-0.12509027123451233
1789225154490057700,55.9700576171875,0.032350484281778336,-0.023313578218221664,-0.17429296672344208
1789225154500095700,55.980095703125,-0.012212990783154964,-0.025044899433851242,-0.17503120005130768
1789225154510133800,55.9901337890625,-0.04266677051782608,0.023842748254537582,-0.2670130431652069
1789225154520172800,56.0001728515625,-0.01775183342397213,0.040776193141937256,-0.42954257130622864
1789225154530210800,56.0102109375,0.019121229648590088,-0.0017142767319455743,-0.489696204662323
1789225154540248800,56.02024877929688,0.06677450239658356,-0.08124212175607681,-0.4533592164516449
1789225154550287600,56.03028759765625,0.023308252915740013,-0.10025309771299362,-0.275857150554657
1789225154560326000,56.04032592773437,-0.03864406421780586,-0.1254924088716507,-0.005744704511016607
1789225154570363600,56.05036376953125,-0.07659251242876053,-0.1587238609790802,0.14144660532474518
1789225154580403000,56.06040283203125,-0.11850720643997192,-0.038655783981084824,0.10561138391494751
1789225154590440700,56.070440673828124,-0.12760137021541595,-0.043952278792858124,0.31258347630500793
1789225154600479000,56.08047900390625,-0.06143379956483841,-0.19379769265651703,0.26379090547561646
1789225154610517800,56.090517822265625,-0.06347830593585968,-0.10707292705774307,0.031157121062278748
1789225154620555800,56.1005556640625,-0.09455127269029617,-0.05035265162587166,0.06437872350215912
1789225154630594800,56.1105947265625,-0.09755878150463104,-0.13141261041164398,0.2789147198200226
1789225154640632800,56.1206328125,-0.11427304893732071,-0.12332619726657867,0.17703576385974884
1789225154650670800,56.1306708984375,-0.11364027857780457,-0.05760204419493675,-0.07537171989679337
1789225154660710000,56.1407099609375,-0.09260876476764679,-0.10627024620771408,-0.1788320690393448
1789225154670747600,56.15074755859375,-0.07856591790914536,-0.16139449179172516,0.0120702451094985
1789225154680785700,56.16078564453125,-0.04364335164427757,-0.2642920911312103,0.013366405852138996
1789225154690824700,56.17082470703125,-0.029283054172992706,-0.14668744802474976,-0.30953043699264526
1789225154700863000,56.180863037109376,-0.030345655977725983,-0.14435264468193054,-0.2510013282299042
1789225154710900700,56.190900634765626,-0.0191984623670578,-0.17175444960594177,-0.04807192087173462
1789225154720939800,56.200939697265625,-0.04265638440847397,-0.10048346221446991,-0.02094363048672676
1789225154730977800,56.21097778320313,-0.0020029633305966854,-0.0832112655043602,-0.2839382290840149
1789225154741016800,56.221016845703126,0.014772554859519005,-0.023605726659297943,-0.3310796618461609
1789225154751054800,56.23105493164063,0.036324452608823776,-0.02047012187540531,-0.014400511048734188
1789225154761092600,56.24109252929688,0.034689269959926605,-0.002558498876169324,0.20004653930664062
1789225154771131600,56.25113159179688,0.02798343077301979,0.08984360098838806,0.12364151328802109
1789225154781170000,56.261169921875,0.05907636880874634,0.11456199735403061,0.21670061349868774
1789225154791207700,56.271207763671875,0.14127910137176514,-0.023483488708734512,0.33746910095214844
1789225154801247000,56.2812470703125,0.1751995086669922,0.058586347848176956,0.08637750148773193
1789225154811284700,56.29128466796875,0.11422697454690933,0.12021482735872269,0.2203957587480545
1789225154821322800,56.30132275390625,0.08328770101070404,0.010351440869271755,0.3997604548931122
1789225154831361800,56.31136181640625,0.04181695356965065,0.07204649597406387,0.14351429045200348
1789225154841399600,56.32139965820313,0.026618294417858124,0.17985312640666962,-0.04941841587424278
1789225154851438800,56.33143896484375,0.0915544182062149,0.006143912672996521,0.002448510378599167
1789225154861476600,56.3414765625,0.15611955523490906,-0.00577799417078495,-0.19457773864269257
1789225154871515000,56.35151489257812,0.16914056241512299,0.10242863744497299,-0.2584640383720398
1789225154881554000,56.36155395507812,0.18551979959011078,0.10377832502126694,-0.2519869804382324
1789225154891591700,56.371591796875,0.1566908061504364,0.16190049052238464,-0.10695281624794006
1789225154901629700,56.381629638671875,0.12540505826473236,0.2246067374944687,-0.02520948275923729
1789225154911668700,56.391668701171874,0.1294221729040146,0.19975651800632477,-0.20745225250720978
1789225154921706800,56.401706787109376,0.14620141685009003,0.18444733321666718,-0.3621310591697693
1789225154931744800,56.41174487304688,0.1314738690853119,0.11880148202180862,0.1396670788526535
1789225154941783600,56.421783447265625,0.18884502351284027,-0.023571904748678207,0.32835790514945984
1789225154951821800,56.43182177734375,0.14260375499725342,0.22650690376758575,0.25985369086265564
1789225154961860600,56.441860595703126,0.12870045006275177,0.2887479066848755,0.5313704013824463
1789225154971899000,56.45189892578125,0.1659306436777115,0.2294989675283432,0.5770348310470581
1789225154981936600,56.4619365234375,0.24438311159610748,0.3714766204357147,0.050283677875995636
1789225154991975700,56.4719755859375,0.23495152592658997,0.44768908619880676,-0.07260362803936005
1789225155002013700,56.482013671875,0.21820557117462158,0.33288395404815674,0.32163795828819275
1789225155012051700,56.4920517578125,0.26235759258270264,0.25134116411209106,0.126645028591156
1789225155022090800,56.5020908203125,0.284333199262619,0.33202534914016724,-0.42611509561538696
1789225155032128800,56.512128662109376,0.29911932349205017,0.3591903746128082,-0.3622801899909973
1789225155042166800,56.52216674804688,0.2862818241119385,0.37550410628318787,0.23583808541297913
1789225155052205800,56.53220581054688,0.3304325044155121,0.44150230288505554,0.3153579533100128
1789225155062243600,56.54224365234375,0.3361857235431671,0.7436925172805786,0.15519997477531433
1789225155072283000,56.55228295898438,0.3588023781776428,0.7068407535552979,-0.10204087942838669
1789225155082320600,56.56232055664063,0.47146499156951904,0.5904520750045776,0.0025592977181077003
1789225155092359000,56.57235888671875,0.46623533964157104,0.4516358971595764,0.47462376952171326
1789225155102397700,56.58239770507812,0.3802112638950348,0.5155355334281921,0.4924640357494354
1789225155112435700,56.592435791015625,0.20452570915222168,0.8451107740402222,0.4321146607398987
1789225155122473700,56.6024736328125,0.18545055389404297,0.8601453900337219,0.6831926703453064
1789225155132512800,56.6125126953125,0.3456639349460602,0.650566816329956,0.7770922780036926
1789225155142550800,56.62255078125,0.5041416883468628,0.4588424265384674,0.44321390986442566
1789225155152588800,56.6325888671875,0.4986090064048767,0.29245078563690186,-0.4355429410934448
1789225155162627600,56.64262768554688,0.4683016836643219,0.28032833337783813,-1.0152544975280762
1789225155172665900,56.65266577148437,0.4484589993953705,0.23407721519470215,-0.4492102861404419
1789225155182704600,56.66270458984375,0.3928311765193939,0.2158697098493576,-0.36995089054107666
1789225155192743000,56.67274291992187,0.33326050639152527,0.5027062892913818,-0.5739766955375671
1789225155202780700,56.68278076171875,0.34607750177383423,0.6169921159744263,-0.9142869114875793
1789225155212819700,56.69281982421875,0.3785518407821655,0.677385151386261,-0.7633543610572815
1789225155222857700,56.702857666015625,0.34057381749153137,0.8240182399749756,-0.4996369779109955
1789225155232895700,56.71289575195313,0.3504701256752014,0.8955925703048706,-0.19248822331428528
1789225155242934800,56.722934814453126,0.3660568296909332,0.8347715735435486,0.09576727449893951
1789225155252972800,56.73297290039063,0.47675323486328125,0.6492794752120972,0.08267730474472046
1789225155263010800,56.7430107421875,0.5323845148086548,0.5440528988838196,0.23694011569023132
1789225155273049900,56.7530498046875,0.3804788887500763,0.5029552578926086,0.549543559551239
1789225155283087600,56.76308764648437,0.2397979497909546,0.5602816939353943,0.5457898378372192
1789225155293126000,56.7731259765625,0.19610239565372467,0.6144189834594727,0.40853211283683777
1789225155303164700,56.78316455078125,0.20714838802814484,0.7593662738800049,0.4867640435695648
1789225155313203000,56.793202880859376,0.3349630832672119,0.683140218257904,0.2038133144378662
1789225155323241700,56.80324169921875,0.46616530418395996,0.7697499394416809,-0.2200724482536316
1789225155333279700,56.81327978515625,0.4511581361293793,0.6490578651428223,-0.18997766077518463
1789225155343317800,56.82331787109375,0.396635502576828,0.5275072455406189,-0.02635304443538189
1789225155353356800,56.833356689453126,0.34188729524612427,0.48027101159095764,-0.3658387064933777
1789225155363394800,56.84339477539063,0.15020494163036346,0.46669766306877136,-0.6212068200111389
1789225155373432800,56.85343286132812,0.12406176328659058,0.34612199664115906,-0.5045545101165771
1789225155383471600,56.8634716796875,0.13647928833961487,0.27223390340805054,-0.5027544498443604
1789225155393510000,56.873510009765624,0.16184695065021515,0.36799001693725586,-0.49969902634620667
1789225155403547600,56.883547607421875,0.12284629046916962,0.39965152740478516,-0.2004806399345398
1789225155413587000,56.8935869140625,0.1219453439116478,0.33187249302864075,-0.047451138496398926
1789225155423624700,56.903624755859376,0.08442060649394989,0.36304745078086853,-0.10940798372030258
1789225155433663700,56.913663818359375,-0.0026847326662391424,0.40714165568351746,0.2332601547241211
1789225155443701800,56.92370166015625,0.00032384038786403835,0.18798828125,0.5332061052322388
1789225155453739800,56.93373974609375,-0.009460080415010452,0.24983246624469757,0.29747188091278076
1789225155463778800,56.94377880859375,-0.0471014641225338,0.28044551610946655,0.16738153994083405
1789225155473816800,56.95381689453125,-0.08794955909252167,0.2293815314769745,0.2580355405807495
1789225155483854800,56.96385473632812,-0.12301833182573318,0.13621295988559723,0.2508580684661865
1789225155493894000,56.97389379882812,-0.151452898979187,0.11646349728107452,0.1834593117237091
1789225155503931600,56.983931640625,-0.15972627699375153,0.18251654505729675,0.051968660205602646
1789225155513969700,56.9939697265625,-0.09863203763961792,-0.0092923017218709,-0.3365924060344696
1789225155524008700,57.0040087890625,-0.09508416801691055,-0.09087664633989334,-0.42362743616104126
1789225155534047000,57.014046875,-0.13261929154396057,-0.06740327179431915,-0.30667629837989807
1789225155544084700,57.02408471679688,-0.1658608764410019,0.03496677055954933,-0.47658571600914
1789225155554123800,57.03412377929688,-0.18256156146526337,0.06998360902070999,-0.47937723994255066
1789225155564161800,57.04416186523437,-0.17494916915893555,0.10911130905151367,-0.3091687560081482
1789225155574200800,57.05420092773438,-0.13161395490169525,0.04140949249267578,-0.2894861400127411
1789225155584238800,57.06423876953125,-0.11986488848924637,0.0746510699391365,-0.2880972921848297
1789225155594276600,57.07427661132812,-0.16508562862873077,0.049734801054000854,0.05078887939453125
1789225155604315600,57.08431567382812,-0.1715264767408371,-0.09698886424303055,0.2730238139629364
1789225155614353700,57.094353759765625,-0.216605544090271,-0.03471510484814644,0.15340234339237213
1789225155624391700,57.1043916015625,-0.23891563713550568,-0.04905622452497482,0.32379990816116333
1789225155634431000,57.114430908203126,-0.23744450509548187,-0.12672412395477295,0.4175029695034027
1789225155644468700,57.12446875,-0.22033849358558655,-0.0889839380979538,0.1971825808286667
1789225155654506800,57.1345068359375,-0.1844039261341095,-0.18123503029346466,-0.047028228640556335
1789225155664545800,57.1445458984375,-0.18060998618602753,-0.14024844765663147,-0.01980033703148365
1789225155674583600,57.15458349609375,-0.16214309632778168,-0.08839218318462372,-0.04116634652018547
1789225155684621800,57.164621826171874,-0.13605450093746185,0.029339512810111046,-0.2236059308052063
1789225155694660600,57.17466064453125,-0.08433325588703156,0.09454621374607086,-0.30913734436035156
1789225155704699000,57.184698974609375,-0.02913018874824047,0.09763308614492416,-0.3633766174316406
1789225155714738000,57.194738037109374,0.013625530526041985,-0.08191244304180145,-0.5290883183479309
1789225155724775700,57.204775634765625,-0.004186489153653383,-0.22871893644332886,-0.6408708095550537
1789225155734813700,57.21481372070313,-0.09353633970022202,-0.2603471577167511,-0.3562183082103729
1789225155744852700,57.224852783203126,-0.16855226457118988,-0.2938787639141083,-0.13719619810581207
1789225155754890800,57.23489086914063,-0.22261708974838257,-0.15822505950927734,-0.00108257494866848
1789225155764928800,57.2449287109375,-0.21707266569137573,-0.08850829303264618,0.1665911078453064
1789225155774967600,57.25496752929688,-0.12763625383377075,-0.007779626175761223,0.053405433893203735
1789225155785005800,57.265005859375,-0.07904741168022156,0.11796391755342484,0.1272333264350891
1789225155795043600,57.275043701171874,-0.04205743968486786,0.0817854106426239,0.6034083962440491
1789225155805083000,57.28508276367187,-0.0014000238152220845,0.049126267433166504,0.56523597240448
1789225155815120600,57.29512060546875,-0.012717659585177898,0.1415611207485199,0.26587721705436707
1789225155825159000,57.30515893554688,-0.052981991320848465,0.0243719182908535,0.33159443736076355
1789225155835197700,57.31519775390625,-0.05738978832960129,-0.24793177843093872,0.3575077950954437
1789225155845235700,57.32523559570313,-0.10522522032260895,-0.14869706332683563,0.1575893610715866
1789225155855274800,57.335274658203126,-0.11817324161529541,-0.16245920956134796,0.0575152225792408
1789225155865312800,57.34531274414063,-0.07285290211439133,-0.18635442852973938,-0.19719696044921875
1789225155875350800,57.35535083007812,-0.09851192682981491,-0.034640002995729446,-0.27726781368255615
1789225155885389800,57.36538989257812,-0.11346051841974258,-0.02882099524140358,-0.018024805933237076
1789225155895427600,57.37542749023437,-0.1146237850189209,-0.01672172173857689,0.0007161240209825337
1789225155905465900,57.3854658203125,-0.0733216181397438,-0.03267059475183487,-0.20395100116729736
1789225155915504600,57.39550463867187,-0.029290243983268738,-0.09102684259414673,-0.38251063227653503
1789225155925543000,57.40554296875,-0.05329704284667969,-0.13765506446361542,0.014376542530953884
1789225155935580700,57.41558056640625,-0.085952989757061,-0.2533979117870331,0.3497859537601471
1789225155945619700,57.42561962890625,-0.12972337007522583,-0.16012442111968994,0.24609525501728058
1789225155955657700,57.43565771484375,-0.1560002565383911,-0.14227378368377686,0.1941780000925064
1789225155965695700,57.44569580078125,-0.10346327722072601,-0.10240866243839264,0.07737760990858078
1789225155975734800,57.45573486328125,-0.0624479316174984,-0.056531187146902084,0.021861622110009193
1789225155985772800,57.46577270507812,-0.04231097176671028,0.027637487277388573,0.17788584530353546
1789225155995811600,57.4758115234375,-0.039979904890060425,0.017312411218881607,0.23027315735816956
1789225156005849900,57.485849853515624,-0.041610825806856155,0.08342432230710983,0.02040141075849533
1789225156015887600,57.4958876953125,-0.04550889506936073,0.049432262778282166,-0.06704241782426834
1789225156025927000,57.505927001953125,-0.029344307258725166,-0.011244664900004864,-0.03591805323958397
1789225156035964700,57.515964599609376,-0.0588366836309433,0.0636114627122879,0.25113555788993835
1789225156046003000,57.5260029296875,-0.03067961521446705,-0.057796187698841095,0.21534746885299683
1789225156056041700,57.53604174804688,0.030824491754174232,-0.07194263488054276,-0.36478888988494873
1789225156066079700,57.54607983398437,-0.006165750324726105,-0.053891994059085846,-0.7145228981971741
1789225156076117800,57.55611767578125,-0.07165687531232834,-0.0873386338353157,-0.04392564669251442
1789225156086156800,57.56615673828125,-0.09868369996547699,-0.09568684548139572,0.11778708547353745
1789225156096194800,57.57619482421875,-0.11912159621715546,0.05091484636068344,-0.16451331973075867
1789225156106232800,57.58623291015625,-0.025737853720784187,0.04045021906495094,-0.4090737998485565
1789225156116271600,57.596271728515624,-0.0583551861345768,0.0937746912240982,-0.04574218764901161
1789225156126310000,57.60630981445313,-0.06421627104282379,-0.08106768876314163,0.3125413954257965
1789225156136348700,57.6163486328125,-0.10995420068502426,-0.0352485328912735,0.06840595602989197
1789225156146387000,57.62638696289063,-0.18611927330493927,0.005883188918232918,0.04411393031477928
1789225156156424700,57.6364248046875,-0.1493695080280304,-0.21020357310771942,0.31420373916625977
1789225156166463700,57.64646362304688,-0.12512995302677155,-0.1340174525976181,0.21476183831691742
1789225156176501800,57.65650170898437,-0.1017972007393837,0.05760364234447479,0.12664076685905457
1789225156186539800,57.666539794921874,-0.08067327737808228,0.0869884267449379,0.43108054995536804
1789225156196578800,57.67657885742187,-0.06148280203342438,0.0641973614692688,0.32239001989364624
1789225156206616800,57.686616943359375,-0.07437649369239807,0.036921266466379166,0.047214116901159286
1789225156216654800,57.69665478515625,-0.09953484684228897,-0.09487511217594147,-0.011532552540302277
1789225156226694000,57.70669384765625,-0.14094726741313934,-0.26696646213531494,-0.0688248723745346
1789225156236731600,57.71673168945313,-0.17809490859508514,-0.2945093810558319,-0.20240290462970734
1789225156246769700,57.72676977539062,-0.21858426928520203,-0.29027125239372253,-0.1358606219291687
1789225156256808700,57.73680859375,-0.2362346351146698,-0.2702999413013458,-0.10938108712434769
1789225156266846700,57.7468466796875,-0.24558739364147186,-0.1532854288816452,-0.1393032968044281
1789225156276886000,57.75688598632812,-0.20478802919387817,-0.09861232340335846,0.0035659726709127426
1789225156286923800,57.766923828125,-0.16427096724510193,-0.04418370500206947,0.11739613115787506
1789225156296962000,57.776962158203126,-0.09743201732635498,-0.07937711477279663,-0.07434719800949097
1789225156307000800,57.78700073242187,-0.06444983184337616,-0.1693727821111679,-0.06533213704824448
1789225156317039000,57.7970390625,-0.07979603111743927,-0.310155987739563,0.16649550199508667
1789225156327076900,57.80707690429688,-0.13732297718524933,-0.362676739692688,0.177285298705101
1789225156337116000,57.81711596679688,-0.22830720245838165,-0.2787674367427826,0.009006012231111526
1789225156347154000,57.82715380859375,-0.30436867475509644,-0.15601862967014313,0.01653902977705002
1789225156357192000,57.83719189453125,-0.27379345893859863,-0.30923429131507874,0.0027718180790543556
1789225156367231000,57.84723095703125,-0.20385752618312836,-0.2629064619541168,-0.21201691031455994
1789225156377269000,57.85726904296875,-0.1565680354833603,-0.11853037774562836,-0.2618979215621948
1789225156387307000,57.86730712890625,-0.09328973293304443,-0.2007778435945511,0.0031017838045954704
1789225156397346000,57.877345947265624,-0.060865748673677444,-0.2679835259914398,-0.004590757191181183
1789225156407383800,57.8873837890625,-0.12911909818649292,-0.11201494932174683,-0.05530453473329544
1789225156417422000,57.89742211914062,-0.14136777818202972,-0.2317967414855957,0.005559348501265049
1789225156427460900,57.9074609375,-0.13847585022449493,-0.29327234625816345,-0.07487610727548599
1789225156437499100,57.9174990234375,-0.14085325598716736,-0.23372460901737213,-0.06995884329080582
1789225156447538000,57.92753784179688,-0.11229191720485687,-0.23582637310028076,-0.03151584789156914
1789225156457576000,57.93757592773437,-0.10083366930484772,-0.15840615332126617,-0.050936415791511536
1789225156467614000,57.947614013671874,-0.07554855197668076,-0.060326989740133286,0.09717661887407303
1789225156477653000,57.95765307617187,-0.0641062781214714,-0.07646334916353226,0.19565844535827637
1789225156487691000,57.96769091796875,0.01552143506705761,-0.019119365140795708,-0.1954568475484848
1789225156497728800,57.977728759765625,0.004332430195063353,-0.0027142937760800123,-0.1272072196006775
1789225156507767800,57.987767822265624,0.04892679676413536,-0.15897713601589203,0.2432004064321518
1789225156517806000,57.99780615234375,0.052260275930166245,-0.015960324555635452,0.03273531049489975
1789225156527843800,58.00784375,0.04434056580066681,0.12591877579689026,0.0035920715890824795
1789225156537883100,58.01788305664063,0.10484598577022552,0.005106877535581589,0.14346714317798615
1789225156547921000,58.0279208984375,0.10367579758167267,0.17422160506248474,-0.04537973180413246
1789225156557959000,58.037958984375,0.08682597428560257,0.24608194828033447,0.009200156666338444
1789225156567998000,58.047998046875,0.10758531838655472,0.1177239716053009,0.19805049896240234
1789225156578035700,58.05803564453125,0.11437185108661652,0.06426287442445755,0.11421791464090347
1789225156588074000,58.068073974609376,0.10769530385732651,0.07741915434598923,0.01798911951482296
1789225156598112800,58.07811279296875,0.09914948791265488,0.01998515985906124,0.09517072141170502
1789225156608151000,58.08815112304688,0.09358720481395721,-0.021524466574192047,0.08504059165716171
1789225156618190000,58.098190185546876,0.038597993552684784,0.08663395792245865,0.0836150050163269
1789225156628227800,58.10822778320313,0.029215943068265915,0.0895695611834526,-0.16993364691734314
1789225156638265900,58.11826586914062,0.05753226950764656,0.2810649573802948,-0.314034104347229
1789225156648305000,58.12830493164063,0.11096140742301941,0.2089548110961914,-0.026344522833824158
1789225156658343000,58.13834301757812,0.1857602745294571,0.12717552483081818,0.08077260851860046
1789225156668381000,58.148380859375,0.17082899808883667,0.199121356010437,0.07067497074604034
1789225156678419700,58.15841967773437,0.1323990523815155,0.14456011354923248,0.2216021716594696
1789225156688458000,58.1684580078125,0.08191164582967758,0.050222691148519516,0.2276211827993393
1789225156698495700,58.17849584960938,0.029948310926556587,0.06968826800584793,-0.0149813462048769
1789225156708535000,58.18853515625,-0.010694189928472042,0.10930092632770538,-0.03587677329778671
1789225156718572800,58.19857275390625,0.026857979595661163,0.021412614732980728,-0.009671003557741642
1789225156728611000,58.20861108398437,0.07088722288608551,0.12393446266651154,-0.2727004885673523
1789225156738649900,58.21864990234375,0.07071171700954437,0.14437341690063477,-0.3182868957519531
1789225156748688000,58.22868798828125,0.11374014616012573,0.021464278921484947,-0.44954532384872437
1789225156758726000,58.238725830078124,0.07027149945497513,0.15536296367645264,-0.5387330055236816
1789225156768765000,58.24876489257812,0.05204455927014351,0.1774216592311859,-0.3712494373321533
1789225156778803000,58.258802978515625,0.08474764227867126,0.13369707763195038,-0.2122877538204193
1789225156788842000,58.268842041015624,0.10055217146873474,0.1967519372701645,-0.22996076941490173
1789225156798879700,58.278879638671874,0.08425016701221466,0.26647695899009705,-0.12228436768054962
1789225156808918000,58.28891796875,0.06057706102728844,0.13229811191558838,0.1524672955274582
1789225156818956800,58.298956787109375,0.034752920269966125,0.0004551342281047255,0.06057493016123772
1789225156828995000,58.3089951171875,-0.026509637013077736,-0.016321981325745583,-0.08538413792848587
1789225156839032800,58.31903271484375,-0.06597821414470673,-0.12843014299869537,-0.009039035066962242
1789225156849071900,58.32907177734375,-0.10195326060056686,-0.09447351098060608,0.20289026200771332
1789225156859110000,58.33910986328125,-0.08581743389368057,-0.041195906698703766,0.22185783088207245
1789225156869148000,58.34914794921875,-0.05644463375210762,0.0057351174764335155,0.02142965793609619
1789225156879187000,58.35918701171875,0.08216491341590881,0.1289643794298172,-0.35597169399261475
1789225156889225000,58.369224853515625,0.10994327813386917,0.1168789491057396,-0.3192459046840668
1789225156899263000,58.37926293945313,0.11301656812429428,0.04194105789065361,0.07984503358602524
1789225156909302000,58.389302001953126,0.08449837565422058,0.1252703070640564,0.07818827778100967
1789225156919339800,58.39933984375,0.04226143658161163,0.13591815531253815,0.018555574119091034
1789225156929378000,58.4093779296875,0.041552238166332245,0.04019002988934517,0.056703224778175354
1789225156939416800,58.41941674804688,0.049922287464141846,0.012972523458302021,-0.04637788608670235
1789225156949455000,58.429455078125,0.04639226570725441,0.11298035085201263,0.02449602261185646
1789225156959492900,58.439492919921875,0.09142738580703735,0.05738632753491402,0.21731022000312805
1789225156969532000,58.449531982421874,0.11584830284118652,0.09362103044986725,0.3194371163845062
1789225156979570000,58.45956982421875,0.1394210159778595,0.11162932217121124,0.1571933478116989
1789225156989609000,58.46960888671875,0.12767113745212555,0.1524238884449005,0.05342354252934456
1789225156999647000,58.47964697265625,0.1162075623869896,0.10272397845983505,0.16032949090003967
1789225157009685000,58.48968505859375,0.11940602213144302,0.09576966613531113,0.13307709991931915
1789225157019723800,58.49972387695313,0.11902332305908203,0.2137322574853897,-0.13117054104804993
1789225157029762000,58.50976196289062,0.14137150347232819,0.295809805393219,-0.18137991428375244
1789225157039799800,58.5197998046875,0.19091029465198517,0.2158619910478592,-0.02442864328622818
1789225157049839000,58.52983911132812,0.20939210057258606,0.24917253851890564,-0.04890948534011841
1789225157059876900,58.539876953125,0.18100786209106445,0.27382516860961914,-0.14246180653572083
1789225157069915100,58.5499150390625,0.17688129842281342,0.13023576140403748,-0.18121346831321716
1789225157079954000,58.559953857421874,0.14121916890144348,0.09617500007152557,-0.11822997033596039
1789225157089992000,58.569991943359376,0.13005679845809937,0.07768493890762329,0.053037386387586594
1789225157100030000,58.58003002929688,0.1671445220708847,0.09612733125686646,-0.03639555722475052
1789225157110069000,58.59006909179688,0.18679597973823547,0.2535654306411743,-0.17287324368953705
1789225157120107000,58.60010693359375,0.21730142831802368,0.25355902314186096,-0.11135635524988174
1789225157130144800,58.61014477539062,0.23628629744052887,0.2676311731338501,-0.0958130806684494
1789225157140183800,58.62018383789062,0.19627630710601807,0.33260512351989746,-0.004226702731102705
1789225157150221800,58.630221923828124,0.18251387774944305,0.26944345235824585,0.04763489589095116
1789225157160259800,58.640259765625,0.17130836844444275,0.2735516428947449,-0.07994037121534348
1789225157170299100,58.650299072265625,0.15391738712787628,0.3337763845920563,-0.046784549951553345
1789225157180337000,58.6603369140625,0.17831434309482574,0.33141016960144043,0.2961967885494232
1789225157190376000,58.6703759765625,0.20246069133281708,0.2772158980369568,0.30577537417411804
1789225157200414000,58.6804140625,0.20258507132530212,0.32592111825942993,-0.0456516407430172
1789225157210452000,58.69045190429687,0.14918336272239685,0.25826963782310486,-0.1288282871246338
1789225157220491000,58.70049096679688,0.14473268389701843,0.09050167351961136,0.15629079937934875
1789225157230528800,58.71052880859375,0.1539197862148285,0.1470685452222824,0.1770826280117035
1789225157240567000,58.720567138671875,0.12240101397037506,0.3858638107776642,-0.11998685449361801
1789225157250605800,58.73060571289062,0.1490778923034668,0.3407365381717682,-0.07574109733104706
1789225157260643800,58.740643798828124,0.17533080279827118,0.28714361786842346,-0.133220374584198
1789225157270681900,58.750681884765626,0.15768203139305115,0.39976099133491516,-0.4625804126262665
1789225157280720000,58.76071997070313,0.15911482274532318,0.333721786737442,-0.44865742325782776
1789225157290758000,58.7707578125,0.12193602323532104,0.2504580616950989,-0.009383647702634335
1789225157300796000,58.7807958984375,0.07419859617948532,0.30962416529655457,0.1365615725517273
1789225157310835000,58.7908349609375,0.08943293988704681,0.35343530774116516,-0.06711219251155853
1789225157320872700,58.800872802734375,0.07715710252523422,0.22047138214111328,-0.0618058443069458
1789225157330911000,58.81091088867188,0.06501442193984985,0.060748834162950516,0.2802518904209137
1789225157340950000,58.820949951171876,0.007951666601002216,0.10721860080957413,0.27470558881759644
1789225157350988000,58.83098803710938,-0.06639819592237473,0.16016463935375214,0.15397119522094727
1789225157361025800,58.84102587890625,-0.09009766578674316,0.09397523105144501,0.32905086874961853
1789225157371064800,58.85106494140625,-0.03977910429239273,0.05307493731379509,0.22538012266159058
1789225157381102800,58.86110278320312,-0.005401689559221268,0.23615287244319916,-0.18105846643447876
1789225157391142000,58.87114184570312,-0.0041031320579349995,0.26241323351860046,-0.1899222731590271
1789225157401180000,58.881179931640624,-0.006881874520331621,0.186848983168602,0.029888123273849487
1789225157411218000,58.891218017578126,-0.055032890290021896,0.178725004196167,0.05848488211631775
1789225157421256700,58.90125659179687,-0.07692620903253555,0.15273015201091766,0.001669003046117723
1789225157431295000,58.911294921875,-0.04325985535979271,0.010783671401441097,-0.14488394558429718
1789225157441332700,58.92133276367188,-0.0838773250579834,-0.15642236173152924,-0.2580520510673523
1789225157451372000,58.9313720703125,-0.21003952622413635,-0.1661199927330017,0.08219607174396515
1789225157461409800,58.94140991210938,-0.31394249200820923,-0.2078767716884613,0.2028132975101471
1789225157471448000,58.95144799804687,-0.3479190766811371,-0.07970388233661652,-0.026134664192795753
1789225157481486800,58.96148681640625,-0.31433770060539246,-0.02564091421663761,0.07875100523233414
1789225157491524900,58.97152490234375,-0.16959169507026672,-0.015799470245838165,-0.05979462340474129
1789225157501563000,58.98156298828125,-0.12113042175769806,0.01841762289404869,0.01582610048353672
1789225157511602000,58.991601806640624,-0.137534961104393,-0.041255827993154526,0.35210558772087097
1789225157521640000,59.001639892578126,-0.1631857305765152,-0.09644664078950882,0.2791557312011719
1789225157531678000,59.01167797851563,-0.26162707805633545,-0.1082814633846283,-0.018246648833155632
1789225157541716700,59.021716796875,-0.338320255279541,-0.1995900720357895,0.04650944471359253
1789225157551755000,59.03175512695312,-0.3352522850036621,-0.40691450238227844,-0.08713250607252121
1789225157561792800,59.04179272460937,-0.31041085720062256,-0.35698023438453674,-0.31625065207481384
1789225157571832000,59.05183203125,-0.2924638092517853,-0.3096960783004761,-0.08816234767436981
1789225157581869800,59.061869873046874,-0.2526088058948517,-0.2738126516342163,0.05403047800064087
1789225157591908000,59.071908203125,-0.22606003284454346,-0.21187417209148407,-0.20393022894859314
1789225157601947000,59.08194677734375,-0.28276246786117554,-0.13873177766799927,-0.19911283254623413
1789225157611985000,59.09198486328125,-0.35426008701324463,-0.28476834297180176,0.18341828882694244
1789225157622024000,59.10202392578125,-0.3619510233402252,-0.4343506395816803,0.11624857783317566
1789225157632062000,59.11206201171875,-0.3781544864177704,-0.3296559453010559,-0.28878092765808105
1789225157642100000,59.12209985351563,-0.39124923944473267,-0.5168226361274719,-0.09634251147508621
1789225157652139000,59.13213891601563,-0.40618640184402466,-0.6897797584533691,0.4602035582065582
1789225157662176800,59.1421767578125,-0.4429907500743866,-0.6487298011779785,0.31779900193214417
1789225157672215000,59.152215087890625,-0.488425076007843,-0.5081897377967834,0.03169800713658333
1789225157682253800,59.16225390625,-0.43877628445625305,-0.5592542290687561,0.029704632237553596
1789225157692292000,59.1722919921875,-0.4252261221408844,-0.541931688785553,0.08606697618961334
1789225157702329900,59.182329833984376,-0.4155532717704773,-0.48364976048469543,-0.011276356875896454
1789225157712369000,59.192368896484375,-0.3783110976219177,-0.4526148736476898,-0.1831437200307846
1789225157722407000,59.20240698242188,-0.3302953541278839,-0.5104062557220459,-0.19530558586120605
1789225157732445000,59.21244482421875,-0.29622021317481995,-0.5604963302612305,-0.07400152087211609
1789225157742484000,59.22248388671875,-0.272828608751297,-0.6266431212425232,-0.19042453169822693
1789225157752522000,59.23252197265625,-0.27802497148513794,-0.5073505640029907,-0.44761985540390015
1789225157762560000,59.24256005859375,-0.3120335340499878,-0.549994707107544,-0.1747307926416397
1789225157772599000,59.25259912109375,-0.33075156807899475,-0.5402994751930237,0.11962147057056427
1789225157782636800,59.26263671875,-0.3203426003456116,-0.37990179657936096,0.09748021513223648
1789225157792674800,59.2726748046875,-0.24687530100345612,-0.2905053198337555,-0.01387027557939291
1789225157802713900,59.2827138671875,-0.15930496156215668,-0.2775495946407318,0.1447174996137619
1789225157812752100,59.29275219726563,-0.0859559178352356,-0.3084992468357086,0.3239860534667969
1789225157822790000,59.30278979492188,-0.05839113891124725,-0.23139381408691406,0.14321015775203705
1789225157832829000,59.31282885742188,-0.09747382253408432,-0.17981983721256256,0.01631372608244419
1789225157842867000,59.32286694335937,-0.1386428326368332,-0.2130022794008255,0.26499173045158386
1789225157852906000,59.33290600585938,-0.13357830047607422,-0.31562772393226624,0.260724276304245
1789225157862944000,59.34294409179687,-0.0898372083902359,-0.20287588238716125,-0.19389304518699646
1789225157872981800,59.352981689453124,-0.0621616430580616,-0.12134986370801926,-0.16480067372322083
1789225157883020800,59.36302075195312,0.030026875436306,-0.25057175755500793,0.17203648388385773
1789225157893059000,59.37305908203125,0.07159775495529175,-0.1785537600517273,-0.033241044729948044
1789225157903096800,59.38309692382813,0.03928242623806,0.052804626524448395,-0.29662981629371643
1789225157913136000,59.39313623046875,0.028988774865865707,-0.054011303931474686,-0.09403302520513535
1789225157923174000,59.403173828125,0.04018363729119301,-0.0815795511007309,-0.07545347511768341
1789225157933212000,59.4132119140625,0.057749584317207336,0.002829342382028699,-0.1425483524799347
1789225157943251000,59.4232509765625,0.12478667497634888,-0.0610596239566803,-0.033549439162015915
1789225157953288700,59.43328881835937,0.15934598445892334,-0.009393502026796341,0.020266922190785408
1789225157963327000,59.443326904296875,0.10764896869659424,0.10367446392774582,0.12366601824760437
1789225157973365800,59.45336572265625,0.0879860445857048,-0.028475049883127213,0.21485663950443268
1789225157983404000,59.463404052734376,0.04392910748720169,0.08222243189811707,-0.07677467167377472
1789225157993441800,59.47344189453125,0.05332900211215019,0.13114602863788605,-0.19795595109462738
1789225158003480800,59.483480712890625,0.10742286592721939,0.047090012580156326,0.11762383580207825
1789225158013518800,59.49351879882813,0.18640395998954773,0.06312303990125656,0.19457854330539703
1789225158023556900,59.50355688476562,0.20930661261081696,0.23704929649829865,0.01818273216485977
1789225158033596000,59.51359594726563,0.22050601243972778,0.16711948812007904,-0.08720201253890991
1789225158043634000,59.52363403320312,0.2067939192056656,0.02034362033009529,-0.20252913236618042
1789225158053672000,59.533671875,0.10876722633838654,-0.0006788397440686822,-0.38302940130233765
1789225158063711000,59.5437109375,-0.00987127237021923,-0.04459463059902191,-0.22534550726413727
1789225158073748700,59.553748779296875,-0.0607573576271534,-0.03317632898688316,0.14005883038043976
1789225158083787000,59.563787109375,-0.043661728501319885,-0.05583423748612404,0.070804663002491
1789225158093825800,59.57382568359375,0.08996158093214035,0.048773664981126785,-0.3300492763519287
1789225158103864000,59.58386401367188,0.21319615840911865,0.2106805443763733,-0.6333335041999817
1789225158113901800,59.59390185546875,0.19259022176265717,0.1212603822350502,-0.17853884398937225
1789225158123940900,59.60394091796875,0.15306757390499115,-0.009308280423283577,0.09205695241689682
1789225158133979000,59.61397875976562,0.038232073187828064,0.19206877052783966,0.15787965059280396
1789225158144018000,59.62401782226563,0.053757503628730774,0.04114557057619095,0.15808416903018951
1789225158154056000,59.63405590820312,0.07417356222867966,-0.0033190976828336716,-0.12120392173528671
1789225158164094000,59.644093994140626,-0.007650729268789291,-0.025849707424640656,0.03289642930030823
1789225158174132700,59.6541328125,-0.07700131088495255,-0.1106327697634697,0.35328349471092224
1789225158184171000,59.6641708984375,-0.11819668114185333,-0.11040187627077103,0.24793390929698944
1789225158194208800,59.67420874023438,-0.12535925209522247,-0.06381440162658691,0.07910067588090897
1789225158204248000,59.684248046875,-0.10315833985805511,-0.10390136390924454,0.22657908499240875
1789225158214285800,59.69428588867188,-0.01275760680437088,-0.19332897663116455,-0.06408897042274475
1789225158224324000,59.70432397460937,-0.018580075353384018,-0.10487554967403412,-0.1830798089504242
1789225158234363000,59.71436279296875,-0.008238488808274269,-0.17396460473537445,0.06866774708032608
1789225158244401000,59.72440087890625,-0.010522149503231049,-0.14116111397743225,0.03722779452800751
1789225158254439000,59.73443896484375,-0.04412005841732025,-0.03116537630558014,-0.18994677066802979
1789225158264478000,59.74447802734375,-0.08145677298307419,-0.07032209634780884,-0.20348334312438965
1789225158274516000,59.754515869140626,-0.13005919754505157,-0.1653442233800888,-0.08584246784448624
1789225158284554200,59.76455419921875,-0.18719731271266937,-0.2811797559261322,0.04186595603823662
1789225158294593300,59.77459326171875,-0.2091236561536789,-0.3108777105808258,0.125227689743042
1789225158304631300,59.78463134765625,-0.18356503546237946,-0.32630541920661926,0.254300981760025
1789225158314669300,59.79466943359375,-0.11909683048725128,-0.3343676030635834,0.34493395686149597
1789225158324708000,59.8047080078125,-0.05837436020374298,-0.24156522750854492,0.08477587252855301
1789225158334746400,59.814746337890625,-0.08767392486333847,-0.13807718455791473,0.07456105202436447
1789225158344784400,59.82478442382813,-0.11502565443515778,-0.1638413965702057,0.27100059390068054
1789225158354823400,59.834823486328126,-0.13001498579978943,-0.09793082624673843,0.19299928843975067
1789225158364861200,59.84486108398438,-0.1251043826341629,-0.0052136704325675964,0.01836036518216133
1789225158374899500,59.8548994140625,-0.05136838182806969,-0.11371804028749466,-0.04848284646868706
1789225158384938200,59.86493823242188,-0.00264744833111763,-0.14235740900039673,-0.08131509274244308
1789225158394976300,59.87497631835937,0.012566125951707363,-0.23194481432437897,-0.10390349477529526
1789225158405015300,59.88501538085937,-0.008359395898878574,-0.19939060509204865,-0.14103594422340393
1789225158415053300,59.89505322265625,-0.027952272444963455,-0.1912170946598053,0.07222625613212585
1789225158425091300,59.90509130859375,-0.005300755612552166,-0.10956111550331116,0.10435756295919418
1789225158435130400,59.91513037109375,0.06166602671146393,0.07336689531803131,-0.10453999042510986
1789225158445168400,59.92516845703125,0.09376111626625061,0.17445090413093567,-0.0805952399969101
1789225158455206400,59.93520629882813,0.11642807722091675,0.12125798314809799,0.10583774745464325
1789225158465245200,59.9452451171875,0.10451735556125641,0.13760846853256226,0.19915810227394104
1789225158475283500,59.95528344726562,0.15035861730575562,0.0537167564034462,0.18426677584648132
1789225158485321200,59.9653212890625,0.17602109909057617,0.14612099528312683,0.19838713109493256
1789225158495360300,59.9753603515625,0.21697066724300385,0.14546158909797668,0.1711195558309555
1789225158505398300,59.98539819335937,0.19980952143669128,0.26608866453170776,0.19818152487277985
1789225158515436300,59.995436279296875,0.19308637082576752,0.24941381812095642,0.24717064201831818
1789225158525475300,60.005475341796874,0.19739243388175964,0.32311174273490906,0.23631639778614044
1789225158535513300,60.015513427734376,0.21658450365066528,0.4396260976791382,0.19200485944747925
1789225158545551400,60.02555126953125,0.2835310399532318,0.40343961119651794,0.2527552843093872
1789225158555590400,60.03559033203125,0.32004618644714355,0.43317487835884094,0.2899082601070404
1789225158565628400,60.04562841796875,0.36659929156303406,0.33755725622177124,0.20883071422576904
1789225158575666400,60.05566650390625,0.4478243887424469,0.2520096004009247,-0.13739220798015594
1789225158585705200,60.06570532226562,0.333540141582489,0.2912965714931488,0.13863617181777954
1789225158595743500,60.075743408203124,0.21515437960624695,0.2362612634897232,0.24663454294204712
1789225158605781200,60.08578125,0.04537493735551834,0.38645637035369873,-0.2250554859638214
1789225158615820300,60.0958203125,0.05367761105298996,0.5255788564682007,-0.49460121989250183
1789225158625858300,60.1058583984375,0.12367133796215057,0.3807790279388428,-0.022374015301465988
1789225158635896300,60.11589624023438,0.33746591210365295,0.3061511516571045,0.12944161891937256
1789225158645935400,60.125935302734376,0.4443148672580719,0.47577744722366333,0.0567314550280571
1789225158655973000,60.13597314453125,0.4489855170249939,0.3496088683605194,0.24118252098560333
1789225158666011400,60.146011474609374,0.3182474672794342,0.25996285676956177,0.20083163678646088
1789225158676050400,60.15605053710937,0.04532167688012123,0.25026604533195496,-0.0367063507437706
1789225158686088400,60.16608837890625,-0.08801001310348511,0.1847916841506958,-0.17509272694587708
1789225158696126200,60.176126220703125,-0.07046564668416977,0.13447685539722443,-0.007869907654821873
1789225158706165200,60.186165283203124,0.06065056473016739,0.19705981016159058,0.21619515120983124
1789225158716203300,60.196203369140626,0.2073736935853958,0.24173086881637573,0.12806609272956848
1789225158726241300,60.2062412109375,0.3503345847129822,0.34219834208488464,-0.21518474817276
1789225158736280300,60.2162802734375,0.29870468378067017,0.2334689497947693,-0.5134044289588928
1789225158746318300,60.226318359375,0.03940892592072487,0.3797806203365326,0.2439759075641632
1789225158756357400,60.236357421875,-0.08199713379144669,0.3067588806152344,0.8697018623352051
1789225158766395400,60.2463955078125,-0.04441167414188385,0.33552393317222595,0.609618067741394
1789225158776433200,60.25643310546875,0.045874547213315964,0.08530397713184357,0.06458058953285217
1789225158786472400,60.26647241210937,0.14588290452957153,0.021941252052783966,-0.6616882085800171
1789225158796510200,60.27651025390625,0.04875848442316055,0.16752801835536957,-0.3737642765045166
1789225158806548500,60.28654858398438,0.0073042516596615314,-0.04916408285498619,0.7442126274108887
1789225158816587300,60.296587158203124,-0.0647188052535057,0.15492726862430573,0.5658295750617981
1789225158826625300,60.306625244140626,-0.11953411996364594,0.5011371374130249,-0.002225337317213416
1789225158836663300,60.31666333007813,-0.019284747540950775,0.5828778147697449,-0.2080669105052948
1789225158846702300,60.32670239257813,0.01092561800032854,0.19400276243686676,0.06292916089296341
1789225158856740400,60.336740234375,0.07980907708406448,-0.02484995685517788,0.11031851917505264
1789225158866778400,60.3467783203125,0.019358783960342407,-0.07300124317407608,0.0813627690076828
1789225158876817200,60.35681713867187,-0.09680350869894028,-0.09705890715122223,-0.02245124615728855
1789225158886855400,60.36685546875,-0.24011379480361938,0.06576702743768692,0.1072649359703064
1789225158896893200,60.37689306640625,-0.33660757541656494,-0.1349668651819229,0.1056811586022377
1789225158906932500,60.386932373046875,-0.23742294311523438,0.006387059111148119,-0.33816686272621155
1789225158916970200,60.39697021484375,-0.2330327183008194,0.06698568910360336,-0.19890856742858887
1789225158927008500,60.40700854492187,-0.08499079197645187,-0.1545296609401703,0.11067032068967819
1789225158937047300,60.41704736328125,-0.04181588813662529,-0.0019443739438429475,-0.009126120246946812
1789225158947085300,60.42708520507812,-0.08956876397132874,-0.015058311633765697,0.05903429165482521
1789225158957123300,60.437123291015624,-0.122284896671772,-0.2321096658706665,0.021743111312389374
1789225158967162400,60.44716235351562,-0.26852118968963623,-0.278847336769104,-0.2269279509782791
1789225158977200400,60.457200439453125,-0.3577868938446045,-0.2222176194190979,-0.140916109085083
1789225158987238400,60.46723828125,-0.40280604362487793,-0.240311399102211,0.08562062680721283
1789225158997277200,60.477277099609374,-0.3459337055683136,-0.1540505588054657,-0.014908907935023308
1789225159007315500,60.4873154296875,-0.21743591129779816,0.04531368613243103,0.02352902851998806
1789225159017353200,60.49735327148438,-0.09593744575977325,-0.1959889531135559,-0.027229756116867065
1789225159027392500,60.507392578125,-0.10578794777393341,-0.1975889801979065,0.01986638270318508
1789225159037430300,60.51743017578125,-0.2606702148914337,-0.24686464667320251,0.18474401533603668
1789225159047468500,60.527468505859375,-0.39773672819137573,-0.38884201645851135,0.19679908454418182
1789225159057507300,60.53750732421875,-0.5335568785667419,-0.23876731097698212,0.2705923318862915
1789225159067545300,60.54754541015625,-0.4687853157520294,-0.4924589693546295,0.3551463782787323
1789225159077583400,60.557583251953126,-0.30692532658576965,-0.4523829221725464,-0.0459618978202343
1789225159087622400,60.567622314453125,-0.25603070855140686,-0.3174101710319519,-0.21384038031101227
1789225159097660400,60.57766040039063,-0.26741892099380493,-0.3277352452278137,0.22062931954860687
1789225159107699500,60.587699462890626,-0.2962729334831238,-0.3961087167263031,0.2874283194541931
1789225159117737200,60.5977373046875,-0.3425613343715668,-0.3295896053314209,-0.10237963497638702
1789225159127775500,60.607775390625,-0.3426460325717926,-0.22994612157344818,-0.559190571308136
1789225159137814300,60.61781420898438,-0.3554941713809967,-0.4133809208869934,-0.17009715735912323
1789225159147852500,60.6278525390625,-0.28356778621673584,-0.5925102233886719,0.3074052333831787
1789225159157890300,60.637890380859375,-0.2309437394142151,-0.4832113981246948,0.060864683240652084
1789225159167929300,60.647929443359374,-0.22777457535266876,-0.4190971255302429,-0.2508772313594818
1789225159177967400,60.65796728515625,-0.30744996666908264,-0.5529966354370117,-0.1194094866514206
1789225159188005000,60.668005126953126,-0.440644770860672,-0.5709228515625,0.1822555512189865
1789225159198044400,60.67804443359375,-0.5050365328788757,-0.48439356684684753,0.05447762459516525
1789225159208082200,60.68808227539063,-0.44335612654685974,-0.44288021326065063,0.0402427613735199
1789225159218120400,60.69812036132812,-0.31095069646835327,-0.6428101062774658,0.27913469076156616
1789225159228159500,60.70815942382813,-0.20241542160511017,-0.6319441795349121,0.016468722373247147
1789225159238197200,60.718197265625,-0.2834266424179077,-0.5362450480461121,0.20074428617954254
1789225159248235300,60.7282353515625,-0.35355567932128906,-0.6294935345649719,0.662810206413269
1789225159258274300,60.7382744140625,-0.44320058822631836,-0.6467279195785522,0.5174276828765869
1789225159268312300,60.748312255859375,-0.4740099012851715,-0.42102205753326416,0.14366582036018372
1789225159278350000,60.75835009765625,-0.2686319947242737,-0.5208187103271484,-0.45108357071876526
1789225159288389000,60.76838916015625,-0.26237303018569946,-0.6461518406867981,-0.1994531899690628
1789225159298427100,60.77842724609375,-0.176258385181427,-0.8394345045089722,0.3548973798751831
1789225159308465200,60.78846508789063,-0.2556022107601166,-0.5367593169212341,0.008165517821907997
1789225159318504200,60.79850415039063,-0.2771591544151306,-0.4740155041217804,-0.10632217675447464
1789225159328542200,60.80854223632812,-0.2746419608592987,-0.6939657330513,0.0569186769425869
1789225159338580200,60.818580322265625,-0.2921450436115265,-0.42118319869041443,-0.13487926125526428
1789225159348619300,60.828619384765624,-0.23252485692501068,-0.27524808049201965,-0.30071696639060974
1789225159358657000,60.838656982421874,-0.11414388567209244,-0.34542956948280334,-0.007425691932439804
1789225159368695300,60.8486953125,0.02178492397069931,-0.4412389099597931,0.08984679728746414
1789225159378734000,60.858734130859375,0.04970337450504303,-0.32785964012145996,-0.11004847288131714
1789225159388772400,60.8687724609375,-0.010102701373398304,-0.30640920996665955,0.011461712419986725
1789225159398810000,60.87881005859375,-0.05098302289843559,-0.4090958833694458,0.22005993127822876
1789225159408849200,60.88884912109375,-0.09593424946069717,-0.31375765800476074,0.04964238777756691
1789225159418887200,60.89888720703125,-0.0408765934407711,-0.05734211951494217,-0.2735061049461365
1789225159428925000,60.908925048828124,0.04328009486198425,-0.04833264648914337,-0.23354697227478027
1789225159438964200,60.91896411132812,0.14824219048023224,-0.14972904324531555,-0.0068147629499435425
1789225159449002200,60.929002197265625,0.17995458841323853,-0.028197016566991806,-0.1218755692243576
1789225159459040300,60.93904028320313,0.1825980395078659,-0.03075684793293476,-0.10389070957899094
1789225159469079300,60.949079345703126,0.1549517661333084,-0.0849793404340744,0.08038991689682007
1789225159479117000,60.959116943359376,0.10865910351276398,-0.12785597145557404,0.20927971601486206
1789225159489155000,60.96915502929688,0.072663813829422,-0.0784042626619339,0.07124355435371399
1789225159499194000,60.97919409179688,0.08398038893938065,-0.06413211673498154,-0.18710970878601074
1789225159509232000,60.98923217773437,0.06775347888469696,0.025245968252420425,0.12440504133701324
1789225159519270100,60.999270263671875,0.1258026659488678,-0.11281416565179825,0.39311692118644714
1789225159529309000,61.00930883789062,0.12245720624923706,0.02659805491566658,0.2293815314769745
1789225159539347200,61.01934716796875,0.14349111914634705,0.04975397512316704,0.07894781231880188
1789225159549386200,61.02938623046875,0.15653714537620544,-0.029636189341545105,0.11045274138450623
1789225159559424300,61.03942431640625,0.15411287546157837,-0.16835571825504303,0.08150790631771088
1789225159569462000,61.0494619140625,0.14001701772212982,-0.1726338267326355,-0.08854344487190247
1789225159579501000,61.0595009765625,0.0986032709479332,-0.053649112582206726,-0.12416189908981323
1789225159589539000,61.0695390625,0.08347278833389282,-0.021274661645293236,-0.06235605105757713
1789225159599577000,61.0795771484375,0.09037703275680542,0.07424546778202057,0.028176510706543922
1789225159609616100,61.0896162109375,0.11043036729097366,0.17144764959812164,-0.06558912992477417
1789225159619654100,61.09965405273437,0.15193040668964386,0.03753618896007538,-0.11244585365056992
1789225159629692200,61.109692138671875,0.21957576274871826,-0.165742889046669,-0.0609605573117733
1789225159639731200,61.119731201171874,0.21561990678310394,-0.1673346608877182,0.2414592206478119
1789225159649769000,61.12976904296875,0.24147573113441467,-0.07296741753816605,0.0504210963845253
1789225159659807200,61.13980712890625,0.16594582796096802,0.16950887441635132,-0.10778398811817169
1789225159669846000,61.149845947265625,0.14529301226139069,-0.014022608287632465,-0.05007382109761238
1789225159679884300,61.15988427734375,0.11715804785490036,0.0871969535946846,-0.16131778061389923
1789225159689922000,61.16992211914062,0.12059406191110611,0.2670583426952362,-0.31268414855003357
1789225159699961000,61.17996118164063,0.16442915797233582,0.15204013884067535,-0.07966047525405884
1789225159709999000,61.1899990234375,0.250752329826355,0.03557610511779785,-0.0007816377910785377
1789225159720037000,61.200037109375,0.3045356571674347,0.05862016975879669,-0.09663892537355423
1789225159730076200,61.210076171875,0.3312285244464874,-0.133089080452919,-0.42668500542640686
1789225159740114200,61.2201142578125,0.24788489937782288,-0.06806720048189163,-0.331076979637146
1789225159750152200,61.23015209960938,0.13964098691940308,0.05531438812613487,-0.1845189779996872
1789225159760191200,61.240191162109376,0.01822800561785698,0.3895663917064667,-0.15821227431297302
1789225159770229000,61.25022900390625,0.02353408746421337,0.27293965220451355,-0.4011673927307129
1789225159780267300,61.26026733398437,0.2112179696559906,0.11632367968559265,-0.6205759048461914
1789225159790306000,61.27030615234375,0.3246001899242401,0.0031401331070810556,-0.48977556824684143
1789225159800344300,61.28034423828125,0.36141493916511536,-0.07271122187376022,-0.09998118877410889
1789225159810382000,61.290382080078125,0.28645625710487366,0.09225030243396759,0.048471130430698395
1789225159820421000,61.300421142578124,0.2257915884256363,0.11415666341781616,-0.19279155135154724
1789225159830459100,61.310459228515626,0.16896052658557892,0.0652192160487175,-0.233942449092865
1789225159840497200,61.3204970703125,0.13337163627147675,0.17616437375545502,-0.29684898257255554
1789225159850536200,61.3305361328125,0.07669185101985931,0.3210611045360565,0.08805688470602036
1789225159860574200,61.34057421875,0.1307913064956665,0.19831788539886475,0.1653066724538803
1789225159870612200,61.3506123046875,0.17944565415382385,0.3402385413646698,-0.04772118479013443
1789225159880651300,61.3606513671875,0.22478650510311127,0.11793409287929535,-0.2500343322753906
1789225159890689000,61.37068896484375,0.23495978116989136,-0.06047399714589119,-0.0046661244705319405
1789225159900727000,61.38072705078125,0.17321306467056274,-0.19268183410167694,0.1536814421415329
1789225159910766000,61.39076611328125,0.10395249724388123,-0.0798540860414505,0.14673857390880585
1789225159920804400,61.40080444335938,0.098113514482975,-0.046719301491975784,-0.09608019143342972
1789225159930842000,61.41084204101563,0.11111853271722794,0.12721174955368042,-0.18734432756900787
1789225159940881200,61.420881103515626,0.141440749168396,0.14800438284873962,-0.2449098825454712
1789225159950919200,61.43091918945313,0.1681346744298935,0.30077609419822693,-0.4339144229888916
1789225159960957000,61.44095703125,0.161952942609787,0.2807006239891052,-0.3011142909526825
1789225159970996200,61.45099633789062,0.15028510987758636,0.19714555144309998,0.10167708992958069
1789225159981034000,61.46103393554687,0.18208831548690796,0.05631440505385399,0.18373307585716248
1789225159991072300,61.471072265625,0.20260930061340332,-0.019838951528072357,-0.03188282996416092
1789225160001111000,61.48111108398437,0.17485091090202332,0.015415707603096962,0.0594063363969326
1789225160011149000,61.491149169921876,0.132976695895195,-0.03951651602983475,0.47787123918533325
1789225160021187000,61.50118701171875,0.11681822687387466,0.07894115149974823,0.2707926034927368
1789225160031226000,61.51122607421875,0.06412865221500397,0.3575911521911621,0.12391182780265808
1789225160041264000,61.52126416015625,0.11909416317939758,0.23802827298641205,0.3087056279182434
1789225160051302100,61.53130224609375,0.18144063651561737,0.1867552399635315,0.2365906983613968
1789225160061341000,61.5413408203125,0.18530993163585663,0.28464850783348083,0.06874444335699081
1789225160071379200,61.55137915039062,0.14676547050476074,0.09694678336381912,0.24776959419250488
1789225160081417000,61.5614169921875,0.12707725167274475,-0.02082325704395771,-0.0650855228304863
1789225160091456300,61.571456298828124,0.008411061950027943,0.1737760603427887,-0.06668794900178909
1789225160101494000,61.581493896484375,0.01895558089017868,0.08280007541179657,0.14634816348552704
1789225160111532300,61.5915322265625,0.12376295030117035,0.19880203902721405,-0.07631208002567291
1789225160121571000,61.601571044921876,0.22675244510173798,0.3752548396587372,-0.33234280347824097
1789225160131609000,61.61160913085938,0.2749391496181488,0.22085487842559814,-0.12070005387067795
1789225160141647000,61.62164721679687,0.22689439356327057,0.11504349857568741,0.1758895367383957
1789225160151686100,61.63168603515625,0.09735957533121109,0.09922618418931961,0.3640642464160919
1789225160161724200,61.64172412109375,0.030765369534492493,0.0009992180857807398,0.06459736824035645
1789225160171762200,61.65176220703125,-0.040101345628499985,0.20688126981258392,-0.0405716598033905
1789225160181801000,61.66180102539062,0.00697987899184227,0.0693572387099266,0.2677030861377716
1789225160191839200,61.671839111328126,0.10011781007051468,0.12850923836231232,0.282247930765152
1789225160201878000,61.6818779296875,0.1649300903081894,0.27805984020233154,0.044018588960170746
1789225160211916300,61.69191625976563,0.17964352667331696,0.2835662066936493,0.0999300554394722
1789225160221954000,61.7019541015625,0.21600766479969025,0.1200672835111618,0.14904966950416565
1789225160231993000,61.7119931640625,0.15877686440944672,0.2545294761657715,0.03687519207596779
1789225160242031000,61.72203100585938,0.09616994112730026,0.21076922118663788,0.1915728896856308
1789225160252069000,61.73206909179687,0.12323565036058426,0.10260413587093353,0.015138206072151661
1789225160262108200,61.74210815429687,0.06909358501434326,0.25736042857170105,0.08812107145786285
1789225160272146200,61.752146240234374,0.0722864493727684,0.1269046813249588,0.22386078536510468
1789225160282184200,61.76218408203125,0.08860869705677032,0.12794145941734314,-0.14566612243652344
1789225160292223200,61.77222314453125,0.055990565568208694,0.22752636671066284,-0.16282673180103302
1789225160302261000,61.782260986328126,0.06259254366159439,0.16019126772880554,0.5948846936225891
1789225160312299300,61.79229931640625,0.11924649775028229,0.017237043008208275,0.5600467920303345
1789225160322338000,61.80233813476563,0.15871001780033112,0.3635169565677643,0.11610104143619537
1789225160332376300,61.81237622070312,0.17439045011997223,0.3392731249332428,-0.2782002091407776
1789225160342414000,61.8224140625,0.09874388575553894,0.08301632106304169,0.18607239425182343
1789225160352453000,61.832453125,0.0234637800604105,0.015307850204408169,0.6422649621963501
1789225160362491100,61.8424912109375,0.014369618147611618,-0.010847854427993298,0.2669059932231903
1789225160372529200,61.852529052734376,0.02545689046382904,0.2988570034503937,-0.18193838000297546
1789225160382568200,61.862568115234374,0.05742334574460983,0.259012907743454,0.1394875943660736
1789225160392606200,61.87260620117188,0.09474781155586243,0.20976094901561737,0.38437482714653015
1789225160402644200,61.88264428710937,0.11193239688873291,0.30714768171310425,0.07292667031288147
1789225160412683300,61.89268334960938,0.1575866937637329,0.22514550387859344,-0.23128195106983185
1789225160422721000,61.90272094726563,0.17882195115089417,-0.017070861533284187,-0.20714546740055084
1789225160432759000,61.91275903320312,0.0757962241768837,0.048530250787734985,0.16481265425682068
1789225160442798000,61.92279809570312,0.0035217641852796078,0.08332951366901398,0.1928165853023529
1789225160452836000,61.932836181640624,-0.02684945799410343,0.11560169607400894,-0.12531717121601105
1789225160462874000,61.9428740234375,0.03784298524260521,0.24786439538002014,-0.2357478141784668
1789225160472913200,61.9529130859375,0.12129287421703339,0.1694185882806778,-0.30475643277168274
1789225160482951200,61.962951171875,0.14580807089805603,0.244904026389122,-0.26386600732803345
1789225160492989200,61.9729892578125,0.09228971600532532,0.2777184247970581,0.18133117258548737
1789225160503028200,61.9830283203125,0.10994913429021835,0.12829884886741638,0.22941401600837708
1789225160513066000,61.99306591796875,0.0884811282157898,0.23009631037712097,-0.1738000214099884
1789225160523104300,62.003104248046874,0.04723728820681572,0.20882351696491241,-0.29052451252937317
1789225160533143000,62.01314306640625,0.0345262847840786,0.01595180295407772,-0.04632408916950226
1789225160543181000,62.02318115234375,0.017047958448529243,0.013619406148791313,0.03232864663004875
1789225160553219000,62.033218994140626,-0.005120193585753441,0.12767647206783295,-0.18597279489040375
1789225160563258000,62.043258056640624,0.024033963680267334,0.10219480842351913,-0.4625692367553711
1789225160573296000,62.05329614257813,-0.028798092156648636,0.12860804796218872,-0.2073875367641449
1789225160583334100,62.06333422851562,-0.036001674830913544,0.06314142048358917,-0.0854422003030777
1789225160593373200,62.07337329101563,-0.018458370119333267,0.12779951095581055,-0.2812444567680359
1789225160603411200,62.0834111328125,0.04134903848171234,0.19769257307052612,-0.4767034351825714
1789225160613449200,62.09344921875,0.07717334479093552,0.1499285101890564,-0.21346381306648254
1789225160623488300,62.10348828125,0.08648482710123062,0.013675598427653313,0.07952305674552917
1789225160633526000,62.113526123046874,0.05205201730132103,0.12808339297771454,-0.22035926580429077
1789225160643564300,62.12356420898438,-0.029318207874894142,0.1785590946674347,-0.288522332906723
1789225160653603000,62.13360302734375,-0.042276617139577866,-0.0014194648247212172,-0.10527662187814713
1789225160663641000,62.14364111328125,-0.08433112502098083,0.030896930024027824,-0.1877046525478363
1789225160673679000,62.15367919921875,-0.10864178836345673,0.10137402266263962,-0.12027128040790558
1789225160683718100,62.16371826171875,-0.09314911812543869,0.04051333665847778,0.07003048062324524
1789225160693756200,62.17375610351562,-0.060207948088645935,0.08765501528978348,0.0049034119583666325
1789225160703794200,62.183794189453124,-0.014782141894102097,0.05546698719263077,-0.12904080748558044
1789225160713833200,62.19383325195312,-0.031094802543520927,0.11779214441776276,-0.014426609501242638
1789225160723871200,62.203871337890625,-0.027908064424991608,0.029985861852765083,0.1681341528892517
1789225160733909200,62.2139091796875,-0.024538898840546608,0.04605484381318092,-0.08427999168634415
1789225160743948300,62.2239482421875,-0.09290437400341034,0.1279507726430893,-0.29261696338653564
1789225160753986000,62.23398608398438,-0.11567520350217819,-0.029449768364429474,-0.08527335524559021
1789225160764024300,62.2440244140625,-0.13499216735363007,-0.0825691819190979,-0.05969874933362007
1789225160774063000,62.25406298828125,-0.09596487879753113,-0.023743944242596626,-0.44524243474006653
1789225160784101000,62.26410107421875,-0.10495837032794952,-0.006098106037825346,-0.24184006452560425
1789225160794139100,62.27413916015625,-0.08504006266593933,-0.14638091623783112,-0.0046754456125199795
1789225160804178200,62.28417822265625,-0.1297428160905838,-0.0037830201908946037,-0.1517501175403595
1789225160814216200,62.29421630859375,-0.16678552329540253,0.02851126901805401,-0.10188588500022888
1789225160824254000,62.30425390625,-0.16034014523029327,-0.02521161362528801,0.06569672375917435
1789225160834293200,62.314293212890625,-0.1649676412343979,-0.030648456886410713,0.04343722388148308
1789225160844331300,62.32433129882813,-0.1285047084093094,-0.033185385167598724,-0.13640418648719788
1789225160854369300,62.33436938476562,-0.14830158650875092,-0.08663662523031235,0.05168955773115158
1789225160864408300,62.344408203125,-0.162568137049675,-0.16680149734020233,0.20213206112384796
1789225160874446000,62.35444604492187,-0.2274153083562851,-0.13297083973884583,0.08550424873828888
1789225160884484000,62.364484130859374,-0.24639779329299927,-0.167179673910141,-0.0352618508040905
1789225160894523100,62.37452319335937,-0.26474857330322266,-0.21329203248023987,-0.042096320539712906
1789225160904561200,62.38456103515625,-0.2392061948776245,-0.2102363258600235,0.000693220819812268
1789225160914599200,62.39459912109375,-0.21409498155117035,-0.17780914902687073,0.1893121302127838
1789225160924638000,62.404637939453124,-0.19054996967315674,-0.1693674623966217,0.07751663029193878
1789225160934676200,62.41467626953125,-0.11525441706180573,-0.012805810198187828,-0.377765417098999
1789225160944714000,62.4247138671875,-0.16079181432724,-0.011129350401461124,-0.2671414315700531
1789225160954753300,62.43475317382813,-0.1392793357372284,-0.14161865413188934,0.15006300806999207
1789225160964791000,62.444791015625,-0.13130928575992584,-0.15940403938293457,0.03172703832387924
1789225160974829300,62.454829345703125,-0.13427019119262695,-0.05866491049528122,-0.33403682708740234
1789225160984868000,62.4648681640625,-0.1850862354040146,-0.2320593297481537,-0.24515409767627716
1789225160994906000,62.474906005859374,-0.27698925137519836,-0.3806424140930176,0.1442253589630127
1789225161004944100,62.484944091796876,-0.3335052728652954,-0.3629568815231323,0.11890454590320587
1789225161014983200,62.494983154296875,-0.36244210600852966,-0.201307013630867,0.21614988148212433
1789225161025021200,62.50502124023438,-0.25716841220855713,-0.21730808913707733,0.18841172754764557
1789225161035059200,62.51505908203125,-0.16283871233463287,-0.13126428425312042,-0.011715245433151722
1789225161045098000,62.52509790039063,-0.1587049514055252,-0.12343671917915344,0.17213182151317596
1789225161055136300,62.53513623046875,-0.21333731710910797,-0.2826865613460541,0.5482971668243408
1789225161065174000,62.545174072265624,-0.23018713295459747,-0.37599653005599976,0.1808376908302307
1789225161075213300,62.55521337890625,-0.30729761719703674,-0.20918065309524536,-0.14868561923503876
1789225161085251000,62.5652509765625,-0.2622164487838745,-0.4169620871543884,-0.03856044262647629
1789225161095289300,62.57528930664063,-0.23191951215267181,-0.4281047284603119,0.10106270015239716
1789225161105328000,62.585328125,-0.2511509954929352,-0.3096425533294678,0.11859908699989319
1789225161115366100,62.5953662109375,-0.26233839988708496,-0.22303920984268188,-0.07740504294633865
1789225161125404200,62.60540405273437,-0.25535106658935547,-0.22207807004451752,-0.12589694559574127
1789225161135443200,62.61544311523438,-0.18588438630104065,-0.3309403657913208,-0.2031959891319275
1789225161145481200,62.62548120117187,-0.17228467762470245,-0.30682626366615295,-0.16607658565044403
1789225161155519200,62.635519287109375,-0.15718695521354675,-0.26865649223327637,0.006713029928505421
1789225161165558000,62.64555810546875,-0.1439174860715866,-0.28156670928001404,0.2593737840652466
1789225161175596300,62.65559619140625,-0.12098713964223862,-0.24318549036979675,0.015810921788215637
1789225161185634000,62.665634033203126,-0.17811407148838043,0.015376559458673,-0.009525860659778118
1789225161195673300,62.67567333984375,-0.21226724982261658,-0.24459083378314972,0.1936805248260498
1789225161205711000,62.68571118164063,-0.22845155000686646,-0.40578025579452515,0.14714470505714417
1789225161215749400,62.69574926757812,-0.27518975734710693,-0.2999260127544403,0.12527057528495789
1789225161225788200,62.7057880859375,-0.243430495262146,-0.34703972935676575,0.20053257048130035
1789225161235826200,62.715826171875,-0.2197968065738678,-0.3442271649837494,0.3252553343772888
1789225161245864200,62.7258642578125,-0.18584123253822327,-0.38101819157600403,0.15650811791419983
1789225161255903200,62.7359033203125,-0.18793900310993195,-0.2805592119693756,-0.14884699881076813
1789225161265941200,62.745941162109375,-0.22170230746269226,-0.2880003750324249,-0.13562360405921936
1789225161275979000,62.75597900390625,-0.2602803111076355,-0.2784896790981293,0.20459522306919098
1789225161286018600,62.7660185546875,-0.21186432242393494,-0.3705253303050995,0.15743888914585114
1789225161296056600,62.776056640625,-0.18635043501853943,-0.28707996010780334,-0.2106025069952011
1789225161306094600,62.78609448242187,-0.18599942326545715,-0.33385947346687317,-0.21229654550552368
1789225161316133400,62.79613330078125,-0.19852428138256073,-0.4158976078033447,0.09780219197273254
1789225161326171600,62.806171630859374,-0.21263077855110168,-0.34072908759117126,0.1309652030467987
1789225161336209400,62.81620947265625,-0.22951868176460266,-0.15204864740371704,0.12980006635189056
1789225161346248700,62.826248779296876,-0.1751805990934372,-0.1808885633945465,0.22099922597408295
1789225161356286500,62.836286376953126,-0.11427730321884155,-0.2665773630142212,0.16302168369293213
1789225161366324700,62.84632470703125,-0.07976673543453217,-0.3091184198856354,0.10456289350986481
1789225161376363500,62.85636352539063,-0.07372402399778366,-0.31798863410949707,0.1745385229587555
1789225161386401500,62.86640161132812,-0.07089947164058685,-0.30372366309165955,0.12622424960136414
1789225161396439600,62.876439453125,-0.06199732422828674,-0.3126146197319031,0.011092864908277988
1789225161406478600,62.886478515625,-0.08672504127025604,-0.22444136440753937,-0.29167604446411133
1789225161416516600,62.8965166015625,-0.1287126988172531,-0.1811830997467041,-0.21219775080680847
1789225161426554600,62.9065546875,-0.10783351957798004,-0.2001357525587082,-0.1329718977212906
1789225161436593400,62.916593505859375,-0.06546156108379364,-0.20516672730445862,-0.316805899143219
1789225161446631700,62.92663159179688,-0.01842108555138111,-0.16201366484165192,-0.497989296913147
1789225161456669700,62.93666967773437,-0.006588660646229982,-0.20602373778820038,0.02099849283695221
1789225161466708700,62.94670874023438,0.05837622284889221,-0.4393949508666992,0.10392852872610092
1789225161476746500,62.95674658203125,0.016935573890805244,-0.020611535757780075,-0.16800178587436676
1789225161486784500,62.96678442382812,-0.003418167121708393,-0.04734807461500168,0.18962106108665466
1789225161496823600,62.97682348632812,0.04075062647461891,-0.122003935277462,0.5411697626113892
1789225161506861600,62.986861572265624,0.06391453742980957,0.0005747101386077702,0.30190151929855347
1789225161516899600,62.99689965820313,0.12992790341377258,0.046361904591321945,-0.011987953446805477
1789225161526938600,63.006938720703126,0.1142759770154953,-0.021557223051786423,0.06652496755123138
1789225161536976600,63.0169765625,0.09423036128282547,-0.12477149069309235,0.24457113444805145
1789225161547014400,63.02701440429688,0.024586036801338196,-0.05459480360150337,0.2318156510591507
1789225161557053400,63.03705346679688,-0.008613461628556252,-0.024442492052912712,0.0665246993303299
1789225161567091500,63.04709155273437,0.048834916204214096,-0.021276259794831276,-0.2710554599761963
1789225161577129700,63.057129638671874,0.1402686983346939,-0.057246509939432144,-0.2573700249195099
1789225161587168500,63.06716845703125,0.22429782152175903,-0.084449902176857,0.035350002348423004
1789225161597206500,63.07720654296875,0.2471863478422165,0.10062461346387863,0.037881601601839066
1789225161607244500,63.08724462890625,0.23600028455257416,0.1724167764186859,-0.07029200345277786
1789225161617283600,63.09728369140625,0.2281000167131424,0.10414957255125046,-0.32520127296447754
1789225161627321600,63.10732153320313,0.15469850599765778,0.1708015650510788,-0.37399864196777344
1789225161637359600,63.11735961914062,0.17106841504573822,0.07888682931661606,-0.08615779131650925
1789225161647398400,63.1273984375,0.1948419213294983,0.1439949870109558,0.1164533719420433
1789225161657436700,63.13743676757812,0.24669073522090912,0.21432454884052277,0.12429159134626389
1789225161667474400,63.14747436523437,0.32577037811279297,0.2259601652622223,-0.0674927607178688
1789225161677513500,63.15751342773437,0.3242550492286682,0.23355789482593536,-0.20186440646648407
1789225161687551500,63.167551513671874,0.2618339955806732,0.121808722615242,0.1072889044880867
1789225161697589800,63.17758984375,0.17297124862670898,0.15785621106624603,0.36167752742767334
1789225161707627500,63.18762744140625,0.15775127708911896,0.18013222515583038,0.1141342967748642
1789225161717666600,63.19766650390625,0.18761970102787018,0.2292100191116333,0.04950869828462601
1789225161727704600,63.20770458984375,0.25176912546157837,0.1538715809583664,0.0853085070848465
1789225161737742600,63.21774267578125,0.3183175325393677,0.19036196172237396,-0.19148127734661102
1789225161747781600,63.22778173828125,0.31170621514320374,0.24469682574272156,-0.15073172748088837
1789225161757819600,63.237819580078124,0.2578062415122986,0.19586831331253052,0.007910653948783875
1789225161767857700,63.247857666015626,0.22130203247070312,0.2693462371826172,-0.27528828382492065
1789225161777896700,63.257896728515625,0.1937771886587143,0.30510610342025757,-0.23967863619327545
1789225161787934500,63.2679345703125,0.2530418336391449,0.06551536172628403,-0.010222277604043484
1789225161797972700,63.27797265625,0.26757338643074036,0.13611389696598053,-0.20733533799648285
1789225161808011500,63.28801147460938,0.18668945133686066,0.24293169379234314,-0.1199043020606041
1789225161818049800,63.2980498046875,0.1518675535917282,0.09050086885690689,0.3321846127510071
1789225161828087600,63.308087646484374,0.12978915870189667,0.08182855695486069,0.26674380898475647
1789225161838126600,63.31812670898437,0.15820375084877014,0.244192436337471,-0.1137169748544693
1789225161848164600,63.32816455078125,0.18428488075733185,0.2676719129085541,-0.1981642246246338
1789225161858202400,63.338202392578125,0.1964038610458374,0.1791393905878067,0.4586714506149292
1789225161868241700,63.34824169921875,0.24161235988140106,0.03731274977326393,0.4649767279624939
1789225161878279400,63.35827954101563,0.2160193771123886,0.29611289501190186,-0.11228606104850769
1789225161888317700,63.36831762695312,0.20121432840824127,0.222659170627594,-0.1621263176202774
1789225161898356700,63.37835668945313,0.20106519758701324,0.11442884057760239,0.15200471878051758
1789225161908394500,63.38839453125,0.1678214967250824,0.19102667272090912,0.0526546873152256
1789225161918432500,63.3984326171875,0.15700799226760864,0.19399690628051758,-0.14126844704151154
1789225161928471600,63.40847143554687,0.17470230162143707,0.1257757693529129,-0.3066132068634033
1789225161938509600,63.418509521484374,0.1808704435825348,0.09525807201862335,-0.406014621257782
1789225161948547600,63.428547607421876,0.1653040051460266,0.13052551448345184,-0.1369144469499588
1789225161958586400,63.43858642578125,0.15902987122535706,0.10838053375482559,0.10550698637962341
1789225161968624600,63.44862475585938,0.17906029522418976,0.26285478472709656,-0.04682556167244911
1789225161978662400,63.45866235351563,0.17876441776752472,0.23981286585330963,0.10864205658435822
1789225161988701700,63.46870166015625,0.18761970102787018,0.21177136898040771,0.23701946437358856
1789225161998739500,63.47873950195312,0.16951152682304382,0.21849212050437927,0.12603355944156647
1789225162008777700,63.48877783203125,0.14292412996292114,0.13783909380435944,0.29848843812942505
1789225162018816500,63.49881640625,0.13966494798660278,0.016704678535461426,0.39188680052757263
1789225162028854500,63.5088544921875,0.12889140844345093,0.13612668216228485,0.2552964687347412
1789225162038892500,63.518892578125,0.10585132986307144,0.20824988186359406,0.28787359595298767
1789225162048931600,63.528931640625,0.10616185516119003,0.18091066181659698,0.38122379779815674
1789225162058969600,63.53896948242188,0.11564164608716965,0.06882274150848389,0.04609479010105133
1789225162069007600,63.54900756835937,0.10822926461696625,0.26482659578323364,-0.4169926941394806
1789225162079046400,63.55904638671875,0.03267112746834755,0.1855059415102005,0.001014131703414023
1789225162089084700,63.56908471679687,0.09761417657136917,-0.02839622087776661,0.22918765246868134
1789225162099122400,63.57912231445312,0.11702729016542435,0.11953917890787125,-0.24831873178482056
1789225162109161700,63.58916162109375,0.12088487297296524,0.23794545233249664,-0.3509500324726105
1789225162119199500,63.599199462890624,0.13497991859912872,0.08357425779104233,0.1765982061624527
1789225162129237800,63.60923779296875,0.14779984951019287,0.08622889220714569,0.12439785152673721
1789225162139276500,63.619276611328125,0.10285314172506332,0.27039286494255066,-0.05798740312457085
1789225162149314600,63.629314453125,0.10891503095626831,0.17912954092025757,0.196714386343956
1789225162159352600,63.6393525390625,0.1040254682302475,0.1800920069217682,0.20617100596427917
1789225162169391600,63.6493916015625,0.08437400311231613,0.2627309560775757,0.14209268987178802
1789225162179429600,63.6594296875,0.12754197418689728,0.1663503646850586,0.25512710213661194
1789225162189467600,63.669467529296874,0.18441379070281982,0.10495224595069885,0.04826872795820236
1789225162199506400,63.67950634765625,0.1769595891237259,0.22743475437164307,-0.05005517601966858
1789225162209544700,63.689544677734375,0.14120052754878998,0.20267534255981445,0.32476237416267395
1789225162219582500,63.69958251953125,0.1517471820116043,0.19773225486278534,0.31766799092292786
1789225162229621800,63.709621826171876,0.14155633747577667,0.3030293881893158,-0.10539939254522324
1789225162239659500,63.719659423828126,0.17959532141685486,0.3444628417491913,-0.3833039700984955
1789225162249697500,63.72969750976562,0.16699032485485077,0.2542000412940979,0.03062688559293747
1789225162259736600,63.73973657226563,0.2027760148048401,0.1462714523077011,0.21564067900180817
1789225162269774600,63.74977465820312,0.18144915997982025,0.28160664439201355,-0.1318424493074417
1789225162279812600,63.7598125,0.137051060795784,0.34076637029647827,-0.20994018018245697
1789225162289851400,63.76985131835937,0.09283113479614258,0.25959908962249756,0.17174911499023438
1789225162299889400,63.779889404296874,0.10175805538892746,0.2153804898262024,0.19668057560920715
1789225162309927400,63.789927490234376,0.13968385756015778,0.3197023570537567,-0.03328365460038185
1789225162319966200,63.79996630859375,0.1879427433013916,0.29860347509384155,0.053222473710775375
1789225162330004500,63.81000439453125,0.22573059797286987,0.1450922042131424,0.09035546332597733
1789225162340042200,63.82004223632813,0.16822949051856995,0.23501597344875336,-0.165836364030838
1789225162350080500,63.83008056640625,0.08026953786611557,0.2894994616508484,-0.07971613109111786
1789225162360119300,63.84011938476562,0.07960455119609833,0.19506962597370148,-0.0015696671325713396
1789225162370157600,63.850157470703124,0.11214091628789902,0.36287567019462585,-0.2882712185382843
1789225162380195300,63.8601953125,0.1495724469423294,0.42213791608810425,-0.20426231622695923
1789225162390234400,63.870234375,0.2037629783153534,0.2681336998939514,0.10091862082481384
1789225162400272400,63.8802724609375,0.2584800124168396,0.13423344492912292,-0.19570931792259216
1789225162410310400,63.89031030273438,0.17173953354358673,0.3063673973083496,-0.3404633104801178
1789225162420349400,63.900349365234376,0.09433502703905106,0.31286948919296265,0.07553496956825256
1789225162430387500,63.91038745117187,0.07677733898162842,0.2905396819114685,0.2406589537858963
1789225162440425500,63.920425537109374,0.10839678347110748,0.3680635094642639,-0.0014314490836113691
1789225162450464500,63.93046459960937,0.17490416765213013,0.5191795229911804,-0.1549118161201477
1789225162460502300,63.94050219726562,0.23024651408195496,0.4082687199115753,0.014779744669795036
1789225162470540300,63.950540283203125,0.27362701296806335,0.33206555247306824,0.16119500994682312
1789225162480579300,63.960579345703124,0.2093963623046875,0.408736914396286,0.2649754583835602
1789225162490617600,63.97061767578125,0.1569395512342453,0.48259061574935913,0.23508627712726593
1789225162500655400,63.9806552734375,0.1392553597688675,0.4936318099498749,0.13618233799934387
1789225162510694400,63.9906943359375,0.19236890971660614,0.5443815588951111,-0.04664153605699539
1789225162520732400,64.000732421875,0.2351326197385788,0.5657936334609985,0.04531634971499443
1789225162530770200,64.01077026367187,0.30443552136421204,0.47995302081108093,0.022298114374279976
1789225162540809500,64.0208095703125,0.30825290083885193,0.5241782665252686,-0.25389379262924194
1789225162550847200,64.03084716796874,0.1897619366645813,0.5735101103782654,-0.034809913486242294
1789225162560885500,64.04088549804688,0.1689264327287674,0.4636840522289276,0.07916299253702164
1789225162570924300,64.05092431640625,0.1654432862997055,0.5563625693321228,-0.18362495303153992
1789225162580962300,64.06096240234375,0.19605766236782074,0.5130044221878052,-0.1835930049419403
1789225162591000300,64.07100024414062,0.19896982610225677,0.39261385798454285,0.11886274069547653
1789225162601039400,64.08103930664062,0.17199599742889404,0.26760774850845337,0.03459712490439415
1789225162611077400,64.09107739257813,0.061758704483509064,0.30603688955307007,-0.19783638417720795
1789225162621115400,64.10111547851562,-0.09190941601991653,0.18329578638076782,-0.04723542183637619
1789225162631154200,64.111154296875,-0.1616261750459671,0.10253889113664627,-0.027225229889154434
1789225162641192400,64.1211923828125,-0.19980844855308533,0.1560247540473938,-0.015518239699304104
1789225162651230200,64.13123022460937,-0.11207673698663712,0.10246485471725464,0.004546015989035368
1789225162661269500,64.14126953125,-0.05976586043834686,0.11702755093574524,0.00914529524743557
1789225162671307300,64.15130737304688,-0.036615535616874695,0.00788748450577259,0.06999772787094116
1789225162681345500,64.16134545898437,-0.10223636031150818,-0.03494386747479439,0.07533257454633713
1789225162691384300,64.17138427734375,-0.2462902069091797,-0.08243682235479355,0.1437033712863922
1789225162701422300,64.18142236328126,-0.32319509983062744,-0.138412207365036,-0.012414325028657913
1789225162711460400,64.19146044921875,-0.3954618275165558,-0.17118079960346222,-0.16844867169857025
1789225162721499400,64.20149951171875,-0.39243409037590027,-0.2351403385400772,-0.07424920052289963
1789225162731537400,64.21153735351562,-0.3801385462284088,-0.3131227493286133,0.16948063671588898
1789225162741575400,64.22157543945312,-0.3537439703941345,-0.3308069407939911,0.08081095665693283
1789225162751614200,64.2316142578125,-0.3988179564476013,-0.33410927653312683,-0.10452534258365631
1789225162761652500,64.24165258789063,-0.47539156675338745,-0.43315011262893677,-0.030669495463371277
1789225162771690500,64.2516904296875,-0.5661758184432983,-0.5522445440292358,0.10446515679359436
1789225162781728500,64.261728515625,-0.6038142442703247,-0.5565577745437622,-0.00956527516245842
1789225162791767300,64.27176733398437,-0.617463231086731,-0.5268014669418335,0.06166123226284981
1789225162801805600,64.2818056640625,-0.5906212329864502,-0.5714477896690369,0.1873728185892105
1789225162811843300,64.29184326171875,-0.5569157004356384,-0.5734142661094666,0.10361507534980774
1789225162821882400,64.30188232421875,-0.5551822781562805,-0.5554882884025574,-0.1542026251554489
1789225162831920400,64.31192041015625,-0.6015263199806213,-0.5834410786628723,-0.029034847393631935
1789225162841958400,64.32195849609376,-0.6275123953819275,-0.6936022043228149,0.22336171567440033
1789225162851997400,64.33199755859376,-0.6549594402313232,-0.5906720757484436,0.08967635780572891
1789225162862035500,64.34203540039063,-0.6623097658157349,-0.5401737689971924,-0.05348452925682068
1789225162872073500,64.35207348632812,-0.6276780366897583,-0.6419714689254761,-0.042509641498327255
1789225162882112500,64.36211254882812,-0.6406468152999878,-0.6427938938140869,0.1491929441690445
1789225162892150500,64.37215063476563,-0.6182605624198914,-0.7632910013198853,0.13254766166210175
1789225162902188300,64.38218823242188,-0.6295071244239807,-0.7701315879821777,-0.04047925025224686
1789225162912227300,64.39222729492188,-0.6638402938842773,-0.7912483215332031,0.06659340858459473
1789225162922265300,64.40226538085938,-0.6765246987342834,-0.8724510073661804,0.10417433828115463
1789225162932303400,64.41230346679687,-0.7027016878128052,-0.8133876919746399,-0.055634498596191406
1789225162942342400,64.42234228515625,-0.7084770202636719,-0.7652769088745117,0.03912849351763725
1789225162952380400,64.43238037109376,-0.7131662964820862,-0.6864691972732544,0.3014317452907562
1789225162962418400,64.44241845703125,-0.6721045970916748,-0.68531334400177,0.39247751235961914
1789225162972457500,64.45245751953125,-0.5637843012809753,-0.7975935935974121,0.06321625411510468
1789225162982495200,64.4624951171875,-0.5367324352264404,-0.8193883299827576,-0.1616075336933136
1789225162992533500,64.47253344726562,-0.5632417798042297,-0.9083975553512573,0.0781368762254715
1789225163002572300,64.482572265625,-0.604983389377594,-0.9222050309181213,0.2220085710287094
1789225163012610600,64.49261059570313,-0.6477545499801636,-0.8222872018814087,0.0595722496509552
1789225163022648300,64.5026484375,-0.6606690287590027,-0.7398711442947388,-0.07369312644004822
1789225163032687400,64.51268725585938,-0.6319057941436768,-0.7268610596656799,-0.1374468058347702
1789225163042725400,64.52272534179687,-0.5742949843406677,-0.7293713688850403,0.1531440168619156
1789225163052763400,64.53276342773438,-0.48934492468833923,-0.8052735924720764,0.2723337709903717
1789225163062802400,64.54280249023438,-0.44541263580322266,-0.7406655550003052,0.09198638051748276
1789225163072840400,64.55284033203125,-0.43577197194099426,-0.8518064618110657,0.268759548664093
1789225163082878500,64.56287841796875,-0.4481660723686218,-0.9782816171646118,0.30741214752197266
1789225163092917500,64.57291748046875,-0.507332444190979,-0.9098929762840271,0.05077289789915085
1789225163102955300,64.58295532226562,-0.5333166718482971,-0.7782129645347595,0.000391218374716118
1789225163112993500,64.59299365234375,-0.5221151113510132,-0.7580379247665405,0.06124205142259598
1789225163123031300,64.60303125,-0.481665700674057,-0.7483008503913879,-0.06120556592941284
1789225163133070600,64.61307055664062,-0.4644635319709778,-0.6802054047584534,-0.1467771977186203
1789225163143108400,64.6231083984375,-0.41690802574157715,-0.6258170008659363,0.07186166942119598
1789225163153146600,64.63314672851563,-0.32024645805358887,-0.6271486282348633,0.19327545166015625
1789225163163185400,64.64318530273438,-0.2130875140428543,-0.5891106724739075,0.07239963114261627
1789225163173223400,64.65322338867188,-0.16572824120521545,-0.5847638845443726,0.08718709647655487
1789225163183261400,64.66326147460937,-0.16650322079658508,-0.5978184342384338,0.2527523636817932
1789225163193300500,64.67330053710937,-0.1410878747701645,-0.5774691700935364,0.11754420399665833
1789225163203338500,64.68333837890626,-0.10351014882326126,-0.3829505741596222,0.10559699684381485
1789225163213376300,64.69337622070313,-0.009500028565526009,-0.2581585645675659,0.12368305772542953
1789225163223415300,64.70341528320313,0.08300593495368958,-0.14022715389728546,0.13238146901130676
1789225163233453600,64.71345361328125,0.1428767293691635,-0.0011797803454101086,0.11907099932432175
1789225163243491300,64.7234912109375,0.19007167220115662,0.050451457500457764,0.09229184687137604
1789225163253530600,64.73353051757813,0.2269172966480255,0.022716764360666275,0.0007313040550798178
1789225163263568400,64.743568359375,0.2916853725910187,-0.044140562415122986,0.03163142874836922
1789225163273606400,64.7536064453125,0.3620716631412506,0.01896197348833084,0.1574562042951584
1789225163283646000,64.76364599609374,0.44160908460617065,0.10408619046211243,0.12004145234823227
1789225163293683700,64.77368359375,0.4933071732521057,0.23261593282222748,-0.0960192084312439
1789225163303721700,64.7837216796875,0.5143892765045166,0.31815293431282043,-0.20973458886146545
1789225163313760800,64.7937607421875,0.532353937625885,0.3540648818016052,-0.19492687284946442
1789225163323798800,64.803798828125,0.5240869522094727,0.46829983592033386,-0.037877872586250305
1789225163333836800,64.8138369140625,0.5559585690498352,0.5160183310508728,0.12799924612045288
1789225163343875800,64.82387573242187,0.6348792314529419,0.5112936496734619,0.06613587588071823
1789225163353913900,64.83391381835938,0.7033672332763672,0.48900750279426575,-0.11164876818656921
1789225163363951600,64.84395166015625,0.7235947251319885,0.39944779872894287,-0.13888491690158844
1789225163373990700,64.85399072265625,0.6394106149673462,0.5032612681388855,0.18654485046863556
1789225163384028700,64.86402856445312,0.5457078218460083,0.6050283908843994,0.22799694538116455
1789225163394066700,64.87406665039063,0.507330060005188,0.6494759917259216,0.058988217264413834
1789225163404104700,64.88410473632813,0.5369284152984619,0.639735758304596,-0.0707404837012291
1789225163414143700,64.89414379882813,0.6011878252029419,0.5618113875389099,-0.012654276564717293
1789225163424181800,64.904181640625,0.6551187038421631,0.5450353622436523,0.07544149458408356
1789225163434219800,64.9142197265625,0.6562691926956177,0.5480708479881287,0.24366964399814606
1789225163444258800,64.9242587890625,0.6497707962989807,0.5035198926925659,0.14174196124076843
1789225163454296800,64.934296875,0.5850948691368103,0.6101562976837158,-0.30813518166542053
1789225163464334800,64.9443349609375,0.44549891352653503,0.5582011938095093,-0.3042842745780945
1789225163474374000,64.95437377929687,0.38185814023017883,0.49782416224479675,0.1876963973045349
1789225163484411600,64.96441162109375,0.40110695362091064,0.4976113736629486,0.18095754086971283
1789225163494450000,64.97444995117188,0.5053302645683289,0.5891823172569275,-0.20177467167377472
1789225163504488700,64.98448876953125,0.5471051335334778,0.6154333353042603,-0.35536181926727295
1789225163514526700,64.99452661132813,0.5231319069862366,0.4935833513736725,-0.024043817073106766
1789225163524564700,65.00456469726562,0.4824635982513428,0.3171537220478058,0.1007617637515068
1789225163534603800,65.01460375976562,0.37070322036743164,0.46542415022850037,-0.06963393837213516
1789225163544641800,65.02464184570313,0.30005115270614624,0.430413156747818,-0.10150585323572159
1789225163554679800,65.0346796875,0.2682815194129944,0.3483811616897583,-0.06917081773281097
1789225163564718800,65.04471875,0.2280571311712265,0.40881651639938354,0.049917493015527725
1789225163574756900,65.0547568359375,0.2346106469631195,0.34174853563308716,0.20025107264518738
1789225163584795000,65.064794921875,0.2874533534049988,0.3005606234073639,0.10339989513158798
1789225163594834000,65.074833984375,0.2981374263763428,0.31879767775535583,-0.011235344223678112
1789225163604871700,65.08487158203125,0.2733268737792969,0.24359960854053497,0.07158124446868896
1789225163614910000,65.09490991210937,0.24350027740001678,0.10063845664262772,-0.00558225205168128
1789225163624948700,65.10494873046875,0.1429840475320816,0.2662798762321472,-0.08992988616228104
1789225163634986800,65.11498681640624,0.06835535168647766,0.2795110046863556,0.03237178921699524
1789225163645024800,65.12502465820313,0.09124629199504852,0.24578100442886353,0.047983504831790924
1789225163655063800,65.13506372070313,0.1470528244972229,0.3146764636039734,-0.10443799197673798
1789225163665101800,65.14510180664062,0.2012641429901123,0.31129956245422363,-0.06501708179712296
1789225163675139600,65.1551396484375,0.2156481295824051,0.2102552354335785,0.09327694773674011
1789225163685177900,65.165177734375,0.16077183187007904,0.2060580998659134,0.1543903648853302
1789225163695216600,65.17521655273437,0.06368869543075562,0.12610147893428802,0.30697670578956604
1789225163705255000,65.1852548828125,0.04092719405889511,0.09378667920827866,0.1467127501964569
1789225163715292700,65.19529272460937,0.008800149895250797,0.19242963194847107,-0.05886571481823921
1789225163725331700,65.20533178710937,0.051175303757190704,0.19379237294197083,-0.029580263420939445
1789225163735369700,65.21536962890625,0.07828468829393387,0.19085730612277985,0.2725886404514313
1789225163745407700,65.22540771484375,0.1414380818605423,0.17310120165348053,0.1806776374578476
1789225163755446800,65.23544677734375,0.1645447313785553,0.3374749720096588,-0.15282416343688965
1789225163765484800,65.24548486328125,0.15542607009410858,0.26466041803359985,-0.2070178985595703
1789225163775522800,65.25552270507812,0.13657435774803162,0.19215479493141174,0.06404583156108856
1789225163785561900,65.26556176757812,0.10426435619592667,0.21800583600997925,0.18733181059360504
1789225163795599600,65.275599609375,0.11179044842720032,0.2660769522190094,-0.04109204187989235
1789225163805638000,65.28563793945312,0.11776178330183029,0.32650408148765564,-0.12847702205181122
1789225163815676700,65.2956767578125,0.1182645931839943,0.27894455194473267,-0.017917215824127197
1789225163825715000,65.30571484375,0.08912961184978485,0.2663368880748749,0.024032898247241974
1789225163835752700,65.31575268554687,0.067899689078331,0.2709827721118927,0.08425150066614151
1789225163845791700,65.32579174804688,0.07881039381027222,0.23286519944667816,0.019537216052412987
1789225163855829800,65.33582983398438,0.10404916852712631,0.1761084496974945,-0.14105379581451416
1789225163865867800,65.34586767578125,0.12025263905525208,0.08465682715177536,-0.3191545605659485
1789225163875906800,65.35590673828125,0.08106689155101776,0.021456556394696236,-0.3752657473087311
1789225163885944800,65.36594482421874,0.06340933591127396,-0.03868933767080307,-0.48912015557289124
1789225163895982800,65.37598291015625,0.012679309584200382,0.1288924664258957,-0.5435543656349182
1789225163906020900,65.38602075195313,-0.007470433134585619,0.2188231498003006,-0.43023446202278137
1789225163916059600,65.3960595703125,0.06689541041851044,0.22295372188091278,-0.4905926287174225
1789225163926098000,65.40609790039062,0.10730062425136566,0.3186275064945221,-0.4047871530056
1789225163936135700,65.4161357421875,0.15272296965122223,0.17033444344997406,-0.18525747954845428
1789225163946175000,65.42617504882813,0.19225013256072998,-0.03448314219713211,-0.20136933028697968
1789225163956212700,65.43621264648438,0.10913128405809402,-0.16765610873699188,-0.12017567455768585
1789225163966250800,65.44625073242187,-0.007427822332829237,-0.06850981712341309,0.11985050141811371
1789225163976289800,65.45628979492187,-0.11590369790792465,-0.030778685584664345,0.06004602462053299
1789225163986327800,65.46632788085938,-0.18166592717170715,0.013185043819248676,-0.10786761343479156
1789225163996365800,65.47636572265625,-0.20103910565376282,0.008346080780029297,-0.10935525596141815
1789225164006404900,65.48640478515625,-0.1737603396177292,0.10421454906463623,0.0017243968322873116
1789225164016443000,65.49644287109375,-0.10263796150684357,0.03646506741642952,0.16270741820335388
1789225164026480600,65.50648071289062,-0.030433006584644318,-0.08875197172164917,0.24453704059123993
1789225164036519700,65.51651977539062,-0.012657205574214458,-0.21939334273338318,0.1369946002960205
1789225164046557700,65.5265576171875,-0.0755179300904274,-0.43847909569740295,-0.20499788224697113
1789225164056595700,65.536595703125,-0.24527446925640106,-0.31200289726257324,0.0054634748958051205
1789225164066634800,65.546634765625,-0.4125087261199951,-0.18133623898029327,0.5479475259780884
1789225164076672800,65.5566728515625,-0.44957488775253296,-0.13843724131584167,0.5032921433448792
1789225164086710800,65.56671069335937,-0.328910768032074,0.07194715738296509,0.1089528501033783
1789225164096748800,65.57674877929688,-0.12765969336032867,0.13164298236370087,-0.17823125422000885
1789225164106787600,65.58678759765625,-0.03405996412038803,-0.043774645775556564,0.36759212613105774
1789225164116825900,65.59682592773437,0.01780882477760315,-0.13541215658187866,0.6256346106529236
1789225164126863600,65.60686352539062,-0.026453977450728416,-0.018102571368217468,0.2713913023471832
1789225164136903000,65.61690283203124,-0.07934781908988953,-0.036606479436159134,-0.04830281808972359
1789225164146940700,65.62694067382813,-0.12507429718971252,-0.13630777597427368,-0.1564796268939972
1789225164156979000,65.63697900390625,-0.1493186503648758,-0.18841864168643951,-0.1429337114095688
1789225164167017700,65.64701782226562,-0.15271124243736267,-0.08418066054582596,-0.028540031984448433
1789225164177055700,65.6570556640625,-0.09507352113723755,0.00040480049210600555,-0.04297809302806854
1789225164187093800,65.66709375,-0.041789259761571884,0.10142356157302856,-0.07033807784318924
1789225164197132800,65.6771328125,-0.020288759842514992,0.278354674577713,-0.04604658856987953
1789225164207170800,65.6871708984375,-0.05751362815499306,0.18394799530506134,0.13685718178749084
1789225164217208800,65.69720874023437,-0.06095336377620697,-0.04514537379145622,0.34430065751075745
1789225164227247600,65.70724755859375,-0.03987604379653931,-0.27409839630126953,0.21713125705718994
1789225164237286000,65.71728588867188,-0.1163439229130745,-0.4013974964618683,0.1726125180721283
1789225164247323600,65.72732373046875,-0.17394383251667023,-0.5021765828132629,0.15334774553775787
1789225164257363000,65.73736303710938,-0.25546586513519287,-0.3491494655609131,0.020119648426771164
1789225164267400700,65.74740063476563,-0.319862425327301,-0.3171132504940033,-0.14452709257602692
1789225164277439000,65.75743896484374,-0.3272569477558136,-0.3572255074977875,-0.14668744802474976
1789225164287477800,65.76747778320312,-0.29969990253448486,-0.2816878855228424,-0.24710991978645325
1789225164297515500,65.777515625,-0.2646268606185913,-0.21083180606365204,-0.2775666415691376
1789225164307553500,65.78755346679688,-0.22086846828460693,-0.3463185429573059,-0.16143390536308289
1789225164317591600,65.79759155273437,-0.20609085261821747,-0.4506739675998688,-0.1912969946861267
1789225164327630800,65.807630859375,-0.26701119542121887,-0.4774022400379181,-0.1851261854171753
1789225164337668600,65.81766870117187,-0.3486863374710083,-0.523777186870575,0.11061466485261917
1789225164347706600,65.82770654296876,-0.4104122817516327,-0.5338823199272156,0.24037905037403107
1789225164357745700,65.83774560546875,-0.43531471490859985,-0.3890862464904785,0.03549913689494133
1789225164367783400,65.84778344726563,-0.38427069783210754,-0.3245277404785156,0.031131288036704063
1789225164377821700,65.85782177734374,-0.3117392361164093,-0.31760644912719727,0.24235910177230835
1789225164387860500,65.86786059570312,-0.25331854820251465,-0.2999715507030487,0.3223194479942322
1789225164397898800,65.87789868164063,-0.202034592628479,-0.22057364881038666,0.22327196598052979
1789225164407936500,65.8879365234375,-0.15912121534347534,-0.21581058204174042,0.09294752031564713
1789225164417975600,65.8979755859375,-0.12479865550994873,-0.285084992647171,-0.13539165258407593
1789225164428013600,65.908013671875,-0.15005634725093842,-0.2707606554031372,-0.16991740465164185
1789225164438051600,65.91805151367187,-0.16004878282546997,-0.23192964494228363,-0.06872313469648361
1789225164448090600,65.92809057617187,-0.14945393800735474,-0.14804086089134216,-0.06479550898075104
1789225164458128600,65.93812866210938,-0.08070629835128784,-0.06781313568353653,-0.18644364178180695
1789225164468166700,65.94816674804687,0.01654116064310074,0.08133187144994736,-0.31679925322532654
1789225164478204700,65.95820458984375,0.07277966290712357,0.11399740725755692,-0.24499031901359558
1789225164488243500,65.96824340820312,0.13739913702011108,0.008868326433002949,-0.022596655413508415
1789225164498281700,65.97828173828125,0.16415564715862274,0.019026154652237892,-0.051848284900188446
1789225164508319700,65.98831982421875,0.1357937902212143,0.08740334957838058,-0.09298373758792877
1789225164518358800,65.99835888671875,0.11874129623174667,0.0890185534954071,-0.020297281444072723
1789225164528396500,66.008396484375,0.0952487513422966,0.11503896862268448,0.10655920207500458
1789225164538434800,66.01843481445313,0.11868084222078323,0.11310738325119019,0.04884317144751549
1789225164548473600,66.0284736328125,0.15468278527259827,0.19534339010715485,-0.1881299614906311
1789225164558511600,66.03851171875,0.16329677402973175,0.22451859712600708,-0.021760689094662666
1789225164568549600,66.04854956054687,0.19352099299430847,0.12800990045070648,0.29206860065460205
1789225164578588700,66.05858862304687,0.21309895813465118,0.09429667145013809,0.12736114859580994
1789225164588626700,66.06862670898437,0.19297078251838684,0.2474159151315689,-0.2439570128917694
1789225164598664700,66.07866479492188,0.12217144668102264,0.11089269816875458,-0.16121125221252441
1789225164608703500,66.08870336914063,0.0632207840681076,0.017895109951496124,0.141777902841568
1789225164618741800,66.09874169921875,0.0321882963180542,0.03170706331729889,0.09644824266433716
1789225164628779800,66.10877978515624,0.0512796975672245,0.06506821513175964,-0.13998080790042877
1789225164638818800,66.11881884765624,0.07202412933111191,0.03772767260670662,-0.1640738844871521
1789225164648856600,66.12885668945313,0.04933346062898636,-0.02310531958937645,-0.03681314364075661
1789225164658894600,66.13889453125,-0.008758870884776115,-0.04669879749417305,0.08925451338291168
1789225164668932600,66.1489326171875,-0.02881966345012188,-0.10260174423456192,0.04225184768438339
1789225164678971600,66.1589716796875,-0.026189792901277542,-0.07442283630371094,-0.2724320590496063
1789225164689009700,66.169009765625,-0.05247359350323677,-0.12228996306657791,-0.27443262934684753
1789225164699047700,66.17904760742188,-0.071318119764328,-0.20888450741767883,0.05480119585990906
1789225164709086700,66.18908666992188,-0.1179809644818306,-0.17338590323925018,0.15655632317066193
1789225164719124500,66.19912451171875,-0.1278112232685089,-0.10462547838687897,-0.025183649733662605
1789225164729162800,66.20916284179688,-0.12097808718681335,-0.07131040096282959,-0.13637275993824005
1789225164739201500,66.21920141601562,-0.10320468246936798,-0.16244669258594513,0.039682965725660324
1789225164749239800,66.22923974609375,-0.09121672809123993,-0.25427329540252686,0.16683825850486755
1789225164759277600,66.23927758789063,-0.11233240365982056,-0.20068196952342987,0.09891592711210251
1789225164769316600,66.24931665039063,-0.1330009251832962,-0.2039366215467453,0.06957641243934631
1789225164779354600,66.25935473632812,-0.13867798447608948,-0.2381230890750885,0.10579300671815872
1789225164789392600,66.269392578125,-0.13551601767539978,-0.1916988641023636,0.013277189806103706
1789225164799431700,66.279431640625,-0.12401169538497925,-0.09534409642219543,-0.09320957213640213
1789225164809469700,66.2894697265625,-0.08677484095096588,-0.13426034152507782,-0.0035475967451930046
1789225164819508500,66.29950854492188,-0.03272119536995888,-0.20233659446239471,-0.10966231673955917
1789225164829546800,66.30954663085937,-0.022061359137296677,-0.13670192658901215,-0.24658074975013733
1789225164839584500,66.31958447265625,-0.04038417339324951,-0.13152633607387543,-0.05205121636390686
1789225164849623800,66.32962377929688,-0.046006906777620316,-0.12362473458051682,0.12771375477313995
1789225164859661600,66.33966162109375,-0.05061843618750572,-0.05885559320449829,0.035770781338214874
1789225164869699800,66.34969995117187,-0.00512871565297246,0.056650761514902115,-0.05685263127088547
1789225164879738600,66.35973852539063,0.03075604885816574,0.02948092669248581,0.08203734457492828
1789225164889776600,66.36977661132812,0.09121619910001755,-0.028914205729961395,0.25182077288627625
1789225164899814700,66.37981469726563,0.11495428532361984,0.004445881117135286,0.2695766091346741
1789225164909853700,66.38985375976563,0.12304496765136719,0.01398772094398737,0.23780883848667145
1789225164919891700,66.3998916015625,0.11568691581487656,0.007676828186959028,0.1499977558851242
1789225164929929700,66.4099296875,0.10106749832630157,0.019662383943796158,0.03369351476430893
1789225164939968500,66.41996850585937,0.09951353818178177,0.058698732405900955,-0.05480332672595978
1789225164950006800,66.4300068359375,0.1056971326470375,0.11137525737285614,0.05205574259161949
1789225164960044500,66.44004443359376,0.16460172832012177,0.1346571445465088,0.11832185089588165
1789225164970082800,66.45008276367187,0.2230147123336792,0.26441752910614014,0.08896715939044952
1789225164980121600,66.46012158203125,0.28459417819976807,0.30404776334762573,0.08305200934410095
1789225164990160000,66.47015991210938,0.31198132038116455,0.29911133646965027,0.10001954436302185
1789225165000197600,66.48019775390625,0.3110545575618744,0.25342294573783875,0.14321468770503998
1789225165010236700,66.49023657226563,0.3091093897819519,0.29006752371788025,0.18375971913337708
1789225165020274700,66.50027465820312,0.30743691325187683,0.2924864590167999,0.40814194083213806
1789225165030312400,66.5103125,0.3350485563278198,0.30298304557800293,0.4376108944416046
1789225165040351700,66.52035180664062,0.3574473559856415,0.41838765144348145,0.20532971620559692
1789225165050389800,66.5303896484375,0.3132692277431488,0.48508042097091675,0.17179013788700104
1789225165060427800,66.540427734375,0.29878056049346924,0.40337514877319336,0.052920207381248474
1789225165070466800,66.550466796875,0.25734764337539673,0.41017287969589233,-0.17820729315280914
1789225165080504600,66.56050463867187,0.27254337072372437,0.29060468077659607,-0.19171057641506195
1789225165090542600,66.57054248046875,0.2992714047431946,0.160101518034935,-0.11193718761205673
1789225165100581600,66.58058154296874,0.3173856735229492,0.0600939616560936,-0.25479286909103394
1789225165110619600,66.59061962890625,0.2660258114337921,0.11403895169496536,-0.39579448103904724
1789225165120657700,66.60065771484375,0.18255090713500977,0.11950003355741501,-0.2577705681324005
1789225165130695700,66.61069580078124,0.1160496398806572,0.2096131443977356,-0.15585750341415405
1789225165140734700,66.62073461914062,0.10485850274562836,0.26294639706611633,-0.1413070559501648
1789225165150772500,66.6307724609375,0.1832401305437088,0.25995194911956787,-0.2005205750465393
1789225165160810800,66.64081079101562,0.23007048666477203,0.16938184201717377,-0.062194131314754486
1789225165170849500,66.650849609375,0.24445287883281708,0.06296591460704803,0.1958794891834259
1789225165180887800,66.6608876953125,0.19115664064884186,0.06433425098657608,0.234819695353508
1789225165190925600,66.67092553710937,0.12386734783649445,0.11644139140844345,0.03429059684276581
1789225165200964600,66.68096459960938,0.05170633643865585,0.15814383327960968,-0.006901315413415432
1789225165211002600,66.69100268554688,0.03104686550796032,0.11455294489860535,-0.034511372447013855
1789225165221040600,66.70104052734375,0.06379549205303192,0.12028007209300995,-0.11002477258443832
1789225165231079700,66.71107958984375,0.12097276002168655,0.09461013227701187,-0.11051879078149796
1789225165241117700,66.72111767578124,0.15605831146240234,0.0354035310447216,-0.012403139844536781
1789225165251155700,66.73115576171875,0.14892743527889252,-0.0371316559612751,-0.005849899724125862
1789225165261194800,66.74119482421875,0.06907946616411209,-0.04938432574272156,-0.03302532806992531
1789225165271232500,66.751232421875,-0.009346630424261093,-0.060753095895051956,-0.04008616507053375
1789225165281270800,66.76127075195312,-0.042394861578941345,-0.052008338272571564,-0.029863357543945312
1789225165291308300,66.77130834960937,-0.017189905047416687,-0.012264123186469078,0.028272118419408798
1789225165301347300,66.78134741210937,0.062063902616500854,-0.007996407337486744,0.04736378788948059
1789225165311385000,66.79138500976562,0.1124383956193924,-0.0022357236593961716,0.09265856444835663
1789225165321423400,66.80142333984375,0.11942759156227112,-0.0619717575609684,0.12932150065898895
1789225165331462400,66.81146240234375,0.06240532174706459,-0.09133470803499222,0.0852440595626831
1789225165341500200,66.82150024414062,-0.0232912078499794,-0.09049927443265915,0.13122566044330597
1789225165351538200,66.8315380859375,-0.04457758739590645,-0.11737029999494553,0.11447305232286453
1789225165361577200,66.8415771484375,-0.03086923249065876,-0.0416470468044281,-0.02068956568837166
1789225165371615200,66.851615234375,0.005845105741173029,-0.04445907846093178,0.019810190424323082
1789225165381653200,66.8616533203125,0.046304646879434586,-0.10298683494329453,0.20492412149906158
1789225165391692300,66.8716923828125,0.058269698172807693,-0.10435836017131805,0.19923508167266846
1789225165401730300,66.88173022460937,0.07076311856508255,-0.09305830299854279,-0.032774459570646286
1789225165411768300,66.89176831054688,0.0646279975771904,-0.12241379916667938,-0.1620890349149704
1789225165421806300,66.90180639648437,0.04310006648302078,-0.159932941198349,-0.17560404539108276
1789225165431845000,66.91184521484375,-0.003388339886441827,-0.12135092914104462,-0.16387708485126495
1789225165441883400,66.92188330078125,-0.04386971890926361,-0.06376592814922333,-0.018732940778136253
1789225165451921200,66.93192114257812,-0.03376595303416252,-0.051948949694633484,0.12698058784008026
1789225165461960200,66.94196020507812,0.013052152469754219,-0.015014901757240295,0.07085659354925156
1789225165471998200,66.95199829101563,0.07372722029685974,0.006674414500594139,-0.017239173874258995
1789225165482036500,66.96203637695312,0.10574773699045181,-0.06639127433300018,0.07143210619688034
1789225165492075300,66.9720751953125,0.09654811024665833,-0.1367408037185669,0.11920468509197235
1789225165502113300,66.98211328125,0.058455854654312134,-0.15753796696662903,0.019115371629595757
1789225165512151300,66.9921513671875,0.01726633869111538,-0.19032999873161316,-0.019298063591122627
1789225165522190300,67.0021904296875,-0.013548033311963081,-0.2164105921983719,-0.02767397277057171
1789225165532228400,67.01222827148437,-0.001525991247035563,-0.1633942574262619,-0.09706689417362213
1789225165542266400,67.02226635742187,0.048465803265571594,-0.11278726905584335,-0.09135228395462036
1789225165552305200,67.03230517578125,0.09862910211086273,-0.06227961927652359,-0.044264134019613266
1789225165562343400,67.04234350585938,0.1408039927482605,-0.030521957203745842,-0.05764678493142128
1789225165572381200,67.05238110351563,0.14998416602611542,-0.0036216326989233494,-0.08581849932670593
1789225165582419200,67.06241918945312,0.13488458096981049,-0.013468937017023563,-0.08590878546237946
1789225165592458200,67.07245825195312,0.11271083354949951,-0.016473248600959778,-0.09294059127569199
1789225165602496500,67.08249658203125,0.10258016735315323,-0.0232965350151062,-0.07834194600582123
1789225165612534300,67.0925341796875,0.1195431724190712,-0.013233779929578304,-0.12062548100948334
1789225165622573300,67.1025732421875,0.12727299332618713,0.029263081029057503,-0.14727094769477844
1789225165632611300,67.112611328125,0.12065211683511734,0.03581072762608528,-0.06239120662212372
1789225165642649000,67.12264916992187,0.09243299812078476,0.03259949013590813,0.06777798384428024
1789225165652688400,67.1326884765625,0.06775987148284912,0.056181248277425766,0.09852710366249084
1789225165662726100,67.14272607421876,0.06762591749429703,0.0766495019197464,0.09831458330154419
1789225165672764400,67.15276440429687,0.08680786192417145,0.0887724831700325,0.14802807569503784
1789225165682803500,67.16280346679687,0.09127718210220337,0.14592604339122772,0.16205202043056488
1789225165692841200,67.17284130859375,0.10143820941448212,0.200635626912117,0.09911353141069412
1789225165702879200,67.18287915039062,0.10258123278617859,0.22150282561779022,0.060870006680488586
1789225165712917200,67.19291723632813,0.09187479317188263,0.25817084312438965,-0.00788242369890213
1789225165722956300,67.20295629882813,0.10659941285848618,0.22662702202796936,-0.14393426477909088
1789225165732994300,67.21299438476562,0.06678488850593567,0.1810704469680786,-0.10655041038990021
1789225165743032300,67.2230322265625,0.03205806761980057,0.10525424778461456,-0.11609730869531631
1789225165753071400,67.2330712890625,-0.04176449030637741,0.06466181576251984,-0.12087289243936539
1789225165763109000,67.24310913085938,-0.09515155106782913,0.004067978356033564,-0.09964829683303833
1789225165773147400,67.2531474609375,-0.1087280809879303,-0.017884457483887672,-0.10693497210741043
1789225165783186200,67.26318627929687,-0.08212975412607193,-0.022236596792936325,-0.08046527951955795
1789225165793224400,67.27322436523437,-0.041672345250844955,0.00006684534309897572,-0.06982915103435516
1789225165803262200,67.28326220703126,-0.02937360107898712,0.04879550263285637,-0.047924913465976715
1789225165813301200,67.29330126953126,-0.060135241597890854,0.07508223503828049,-0.029036978259682655
1789225165823339300,67.30333935546875,-0.1173924058675766,0.08503899723291397,-0.0296082254499197
1789225165833377300,67.31337719726562,-0.16308586299419403,0.06179332733154297,-0.035160649567842484
1789225165843415300,67.32341528320312,-0.16839753091335297,0.04074157029390335,-0.01709030382335186
1789225165853454300,67.33345434570313,-0.1371288299560547,0.04062678664922714,0.039568979293107986
1789225165863492400,67.34349243164063,-0.09507565200328827,0.060026053339242935,0.10152103006839752
1789225165873530400,67.3535302734375,-0.04422818124294281,0.04850069060921669,0.1077461689710617
1789225165883569200,67.36356909179688,-0.06268255412578583,0.09146040678024292,0.12651878595352173
1789225165893607400,67.373607421875,-0.10540685057640076,0.162321537733078,0.0780484601855278
1789225165903645200,67.38364526367188,-0.14801903069019318,0.16546352207660675,-0.014395717531442642
1789225165913684500,67.3936845703125,-0.15039855241775513,0.13350000977516174,-0.04306944087147713
1789225165923722200,67.40372216796875,-0.15538239479064941,0.04921361804008484,-0.08173561096191406
1789225165933760300,67.41376025390625,-0.14555667340755463,0.03567890077829361,-0.17921502888202667
1789225165943799300,67.42379931640625,-0.14170387387275696,-0.004351072479039431,-0.1417185217142105
1789225165953837000,67.43383715820312,-0.13990463316440582,-0.02840154804289341,-0.0711016058921814
1789225165963875300,67.44387524414063,-0.14306475222110748,-0.02990996278822422,-0.058399658650159836
1789225165973913000,67.4539130859375,-0.14595986902713776,-0.019121229648590088,-0.0382097028195858
1789225165983952400,67.46395239257812,-0.14600540697574615,-0.024143686518073082,-0.013422598131000996
1789225165993990100,67.473990234375,-0.15394189953804016,-0.04156981408596039,-0.004257329273968935
1789225166004028400,67.4840283203125,-0.1715105026960373,-0.07198444753885269,0.02426006644964218
1789225166014067200,67.49406713867188,-0.18532219529151917,-0.08889845013618469,0.028933381661772728
1789225166024105200,67.50410522460938,-0.19150285422801971,-0.08884145319461823,0.01950286142528057
1789225166034143200,67.51414331054687,-0.18642820417881012,-0.0706683099269867,0.031188279390335083
1789225166044182300,67.52418237304687,-0.15673156082630157,-0.06674813479185104,0.0524781197309494
1789225166054220300,67.53422021484376,-0.11615163832902908,-0.045818086713552475,0.0657755509018898
1789225166064258300,67.54425830078125,-0.07467982918024063,-0.02666436694562435,0.07745830714702606
1789225166074297000,67.55429711914063,-0.051783569157123566,-0.0033955303952097893,0.029157884418964386
1789225166084335400,67.56433544921875,-0.05084001272916794,0.01673983223736286,-0.03117496334016323
1789225166094373000,67.574373046875,-0.0637611374258995,0.03269296512007713,-0.049077797681093216
1789225166104411400,67.58441137695313,-0.071513332426548,0.04217568412423134,-0.05732747167348862
1789225166114450200,67.5944501953125,-0.058345332741737366,0.06472546607255936,-0.08240778744220734
1789225166124488400,67.60448852539062,-0.022884808480739594,0.08245599269866943,-0.09887704253196716
1789225166134526200,67.61452612304687,0.011288607493042946,0.10380096733570099,-0.08228528499603271
1789225166144565200,67.62456518554687,0.04045341536402702,0.1091507226228714,-0.05097316950559616
1789225166154603300,67.63460327148438,0.043174635618925095,0.09843815863132477,0.001050350721925497
1789225166164641300,67.64464135742188,0.03250201791524887,0.09049741178750992,-0.007977232336997986
1789225166174680300,67.65468041992187,0.012019111774861813,0.10363984107971191,-0.05597085878252983
1789225166184718300,67.66471826171875,-0.0004189152386970818,0.13634905219078064,-0.07762475311756134
1789225166194756400,67.67475634765626,0.01176478061825037,0.10226485133171082,-0.0704888105392456
1789225166204795400,67.68479541015626,0.03603922575712204,0.06915243715047836,0.03392814099788666
1789225166214833200,67.69483325195313,0.059126969426870346,0.10208695381879807,0.04596482962369919
1789225166224871200,67.70487109375,0.06948214024305344,0.13477937877178192,0.005263205152004957
1789225166234909200,67.7149091796875,0.06659873574972153,0.0922393798828125,0.03838946670293808
1789225166244948500,67.72494848632813,0.044069189578294754,0.06387751549482346,0.018457038328051567
1789225166254986200,67.734986328125,0.011201255023479462,0.05130579695105553,-0.025495506823062897
1789225166265024300,67.74502416992188,-0.005270129535347223,-0.006442452780902386,-0.023515712469816208
1789225166275063300,67.75506323242188,-0.009147425182163715,-0.02598978951573372,-0.0768606960773468
1789225166285101000,67.76510107421875,-0.007779359817504883,0.01038446370512247,-0.18857496976852417
1789225166295139000,67.77513916015624,0.006418750621378422,0.010188722051680088,-0.2010742574930191
1789225166305178000,67.78517822265626,0.01932416297495365,0.012018579989671707,-0.18715231120586395
1789225166315216100,67.79521606445313,0.02533092349767685,0.03495558723807335,-0.2125154584646225
1789225166325254000,67.80525390625,0.019223762676119804,0.018852250650525093,-0.167685404419899
1789225166335293000,67.81529296875,0.030536869540810585,-0.05396416410803795,-0.025601500645279884
1789225166345331000,67.8253310546875,0.001579787116497755,-0.05912936478853226,0.0683729350566864
1789225166355369200,67.835369140625,-0.0062858592718839645,-0.11584031581878662,-0.08551889657974243
1789225166365407000,67.84540698242188,-0.022533005103468895,-0.08735807240009308,-0.10985565930604935
1789225166375446000,67.85544604492188,0.00532578956335783,-0.03885791823267937,0.06191236898303032
1789225166385484000,67.86548413085937,-0.10773178935050964,-0.2271396815776825,0.16382861137390137
1789225166395522000,67.87552197265624,-0.04039349406957626,-0.07503456622362137,-0.07138283550739288
1789225166405561000,67.88556103515624,-0.016280969604849815,0.008831041865050793,-0.003948402591049671
1789225166415599000,67.89559912109375,0.040049679577350616,-0.04910549521446228,0.06469936668872833
1789225166425637000,67.90563720703125,0.039082955569028854,-0.02105308696627617,0.09087610989809036
1789225166435676200,67.91567626953125,-0.01769830286502838,0.008767658844590187,0.13484862446784973
1789225166445714000,67.9257138671875,-0.0585530586540699,-0.02327735908329487,0.1796131730079651
1789225166455752200,67.93575219726563,-0.04520263150334358,-0.06365007907152176,0.16870859265327454
1789225166465791000,67.945791015625,-0.05136731639504433,-0.05784013122320175,0.28200027346611023
1789225166475829200,67.95582934570312,-0.01423725951462984,-0.030976025387644768,0.43614909052848816
1789225166485867000,67.96586694335937,0.003251187037676573,-0.04210484400391579,0.5748848915100098
1789225166495906000,67.97590600585937,0.042933616787195206,0.003748399205505848,0.6364725828170776
1789225166505944000,67.98594409179688,0.07367874681949615,0.012937369756400585,0.7061869502067566
1789225166515982000,67.99598217773438,0.06615611910820007,0.030003439635038376,0.7474257349967957
1789225166526020000,68.00602001953125,0.06390947103500366,0.05871843919157982,0.7680923938751221
1789225166536059100,68.01605908203125,0.019097261130809784,0.06450309604406357,0.813978374004364
1789225166546097200,68.02609716796874,-0.017896708101034164,0.08094172179698944,0.8749306797981262
1789225166556135200,68.03613525390625,-0.026624420657753944,-0.022096779197454453,0.8155720233917236
1789225166566174000,68.04617407226563,-0.048960618674755096,-0.05660868436098099,0.8158426284790039
1789225166576212200,68.05621215820312,-0.10470643639564514,0.09574224054813385,0.9448317289352417
1789225166586250000,68.06625,-0.2026553750038147,0.08957701921463013,0.9786264896392822
1789225166596289300,68.07628930664063,-0.25369298458099365,0.12338318675756454,0.8827649354934692
1789225166606327000,68.0863271484375,-0.24857039749622345,0.04167953506112099,0.7636473178863525
1789225166616365000,68.09636499023438,-0.23732706904411316,0.2129431664943695,0.7938622236251831
1789225166626404000,68.10640405273438,-0.2437886893749237,0.5032269358634949,0.8292311429977417
1789225166636441900,68.11644189453125,-0.2466457337141037,0.045452434569597244,0.6631699800491333
1789225166646480100,68.12648022460938,-0.22560462355613708,0.3086246848106384,0.728869616985321
1789225166656518000,68.13651782226563,-0.1536441594362259,0.13789395987987518,0.6015662550926208
1789225166666557200,68.14655712890625,-0.26077035069465637,0.061277471482753754,0.5791248679161072
1789225166676595000,68.15659497070313,-0.32104620337486267,-0.04102413356304169,0.6058486104011536
1789225166686633200,68.16663330078126,-0.25488555431365967,0.04518771916627884,0.7038979530334473
1789225166696672000,68.17667211914062,-0.23957237601280212,0.05048607662320137,0.7740842700004578
1789225166706710000,68.1867099609375,-0.22981642186641693,-0.033732131123542786,0.8246108293533325
1789225166716748000,68.196748046875,-0.24689526855945587,-0.24312609434127808,0.89361971616745
1789225166726787000,68.206787109375,-0.1608581244945526,-0.032468993216753006,0.8777957558631897
1789225166736825000,68.2168251953125,-0.05416976287961006,0.006483998149633408,0.9627236723899841
1789225166746863000,68.22686303710938,-0.1262359619140625,-0.14601339399814606,0.9627963900566101
1789225166756902000,68.23690185546874,-0.11999617516994476,-0.08876661956310272,1.0027904510498047
1789225166766940200,68.24694018554688,-0.17182262241840363,-0.011028416454792023,1.001070499420166
1789225166776978000,68.25697802734375,-0.24571841955184937,0.0858808159828186,1.0274624824523926
1789225166787016200,68.26701611328124,-0.196917325258255,-0.05901911109685898,1.0657118558883667
1789225166797055000,68.27705493164062,-0.06314381211996078,0.12674622237682343,1.0682687759399414
1789225166807093200,68.28709326171875,-0.13997814059257507,-0.06825628876686096,0.9518260359764099
1789225166817131000,68.29713110351562,-0.10307604819536209,0.43085551261901855,1.2276445627212524
1789225166827170000,68.30717016601562,-0.2547247111797333,0.06730766594409943,0.9600666165351868
1789225166837208000,68.3172080078125,-0.46119770407676697,0.7019924521446228,1.2325786352157593
1789225166847246000,68.32724609375,-0.30750855803489685,0.6593611240386963,0.885250985622406
1789225166857285000,68.33728515625,0.2306997925043106,1.2435486316680908,1.086163878440857
1789225166867323100,68.3473232421875,0.6487910151481628,1.3188146352767944,1.2328872680664062
1789225166877361200,68.35736108398437,0.8085338473320007,1.1776634454727173,1.3231114149093628
1789225166887400200,68.36740014648437,0.8528571128845215,1.4898079633712769,1.3826045989990234
1789225166897438000,68.37743798828124,1.0454460382461548,1.306151032447815,1.1959593296051025
1789225166907476000,68.38747607421875,1.0911428928375244,1.5003911256790161,1.4436242580413818
1789225166917515000,68.39751489257813,0.8746108412742615,1.5720809698104858,1.4590141773223877
1789225166927553300,68.40755322265625,0.9124061465263367,1.2336680889129639,1.5507209300994873
1789225166937591000,68.41759106445312,0.8922460675239563,1.5143386125564575,1.5659083127975464
1789225166947629000,68.42762915039063,0.6684430241584778,1.3595889806747437,1.2841908931732178
1789225166957668000,68.43766821289063,0.7079888582229614,1.4703335762023926,1.592839241027832
1789225166967705900,68.44770581054688,0.7225469946861267,1.3754239082336426,1.5731662511825562
1789225166977744100,68.457744140625,0.5099775195121765,1.2394570112228394,0.9286173582077026
1789225166987783000,68.46778295898437,0.09477098286151886,1.0994269847869873,0.8969409465789795
1789225166997821200,68.4778212890625,0.06826267391443253,0.3230645954608917,0.8321584463119507
1789225167007859000,68.48785888671875,0.20860913395881653,0.5336021184921265,0.9277065396308899
1789225167017898000,68.49789794921875,0.5300417542457581,0.6717796921730042,0.9321569800376892
1789225167027936000,68.50793603515625,0.7551076412200928,0.8895224332809448,0.8170838952064514
1789225167037974000,68.51797412109374,0.794090211391449,0.895718514919281,0.5023395419120789
1789225167048013000,68.52801293945312,0.935837984085083,1.0279197692871094,0.17160610854625702
1789225167058051000,68.53805102539063,1.0414254665374756,1.111429214477539,-0.23263004422187805
1789225167068089000,68.54808911132812,1.0416523218154907,1.0761500597000122,-0.3345921039581299
1789225167078128000,68.55812817382812,0.8243570327758789,0.9752261638641357,-0.4587385356426239
1789225167088166000,68.56816577148437,0.4904845058917999,0.7079968452453613,-0.4816867411136627
1789225167098204200,68.5782041015625,0.36264291405677795,0.6147018074989319,-0.1456402838230133
1789225167108242000,68.58824194335938,0.15173174440860748,0.6608287692070007,0.07088588923215866
1789225167118281200,68.59828125,-0.14735643565654755,0.33319607377052307,0.28873884677886963
1789225167128319000,68.60831909179687,-0.12306946516036987,0.07615096122026443,0.7066758871078491
1789225167138357200,68.61835717773438,-0.18961787223815918,0.2579396665096283,0.8069274425506592
1789225167148396000,68.62839599609374,-0.07607905566692352,0.05987025797367096,0.9526106119155884
1789225167158434000,68.63843408203125,0.172337144613266,0.43900319933891296,0.9501426219940186
1789225167168472000,68.64847216796875,0.16867902874946594,0.4693688154220581,0.5291341543197632
1789225167178511000,68.65851098632812,0.008491222746670246,0.06699128448963165,0.18633179366588593
1789225167188549000,68.66854907226562,-0.04863331466913223,0.3696025609970093,-0.05440172180533409
1789225167198587100,68.67858715820313,-0.5159997344017029,0.22791731357574463,-0.6212939023971558
1789225167208626000,68.6886259765625,-1.0465189218521118,-0.15589238703250885,-0.9303010106086731
1789225167218664200,68.69866430664062,-1.5127007961273193,-0.11277075856924057,-1.2461702823638916
1789225167228702000,68.70870190429687,-1.9096262454986572,-0.18760132789611816,-1.4936261177062988
1789225167238740000,68.71873999023437,-2.2022035121917725,-0.32452961802482605,-1.4579845666885376
1789225167248779000,68.72877905273438,-2.384600877761841,-0.43504199385643005,-1.3381668329238892
1789225167258817000,68.73881713867188,-2.434359312057495,-0.31800487637519836,-1.1662956476211548
1789225167268855000,68.74885498046875,-2.368565320968628,-0.1622626781463623,-0.8767752051353455
1789225167278893800,68.75889379882813,-2.226905107498169,-0.04511341452598572,-0.5037209391593933
1789225167288932900,68.76893286132812,-1.972761869430542,0.1533333659172058,-0.15139751136302948
1789225167298970600,68.778970703125,-1.66798996925354,0.3643675744533539,0.1738831102848053
1789225167309009700,68.789009765625,-1.3618040084838867,0.4529501795768738,0.4866865575313568
1789225167319047700,68.79904760742187,-1.1035622358322144,0.5519880652427673,0.7118821144104004
1789225167329086000,68.8090859375,-0.8894590735435486,0.647577702999115,0.8287208676338196
1789225167339124700,68.81912475585938,-0.7055696249008179,0.5844163298606873,0.8364890217781067
1789225167349162800,68.82916284179687,-0.5569937229156494,0.47504082322120667,0.7425683736801147
1789225167359200800,68.83920068359375,-0.27436843514442444,0.3423517644405365,0.6567416191101074
1789225167369239800,68.84923974609374,-0.0021616879384964705,0.5099135637283325,0.4400348961353302
1789225167379277800,68.85927783203125,0.16806037724018097,0.8538752198219299,0.007473628968000412
1789225167389315800,68.86931591796875,0.3393471837043762,0.9570192098617554,-0.32748597860336304
1789225167399353900,68.87935375976562,0.47228550910949707,0.8712960481643677,-0.6585483551025391
1789225167409393000,68.88939282226562,0.6034035682678223,0.8257676959037781,-0.9597819447517395
1789225167419430700,68.8994306640625,0.7215704321861267,0.8775395154953003,-1.2389214038848877
1789225167429469000,68.90946899414062,0.8567490577697754,0.8781973123550415,-1.5213537216186523
1789225167439507700,68.9195078125,0.9567393064498901,0.9031913876533508,-1.748915433883667
1789225167449546000,68.9295458984375,0.9910082817077637,0.9844846129417419,-1.950718641281128
1789225167459583700,68.93958374023437,0.9139097929000854,0.9972922801971436,-2.1231608390808105
1789225167469622800,68.94962280273438,0.8045769333839417,0.8661132454872131,-2.177608013153076
1789225167479660800,68.95966088867188,0.687839925289154,0.825928807258606,-2.181560516357422
1789225167489698800,68.96969873046875,0.5812088251113892,0.7570658326148987,-2.173604965209961
1789225167499737900,68.97973779296875,0.43110185861587524,0.6375738382339478,-2.0809438228607178
1789225167509776000,68.98977587890624,0.3334552049636841,0.5871173143386841,-1.9824981689453125
1789225167519814000,68.99981396484375,0.21072395145893097,0.6696089506149292,-1.957971215248108
1789225167529853000,69.00985302734375,0.06988321244716644,0.7130171656608582,-1.9278242588043213
1789225167539890700,69.019890625,-0.13479137420654297,0.6946426630020142,-1.8762494325637817
1789225167549928700,69.0299287109375,-0.3877386748790741,0.48984479904174805,-1.8235327005386353
1789225167559967700,69.0399677734375,-0.6559451222419739,0.24432212114334106,-1.6968938112258911
1789225167570005800,69.050005859375,-0.7981754541397095,-0.007989482954144478,-1.5845919847488403
1789225167580043800,69.06004370117188,-0.8548824191093445,-0.2125261127948761,-1.4889254570007324
1789225167590081800,69.07008178710937,-0.7400839328765869,-0.194566547870636,-1.359764814376831
1789225167600120800,69.08012084960937,-0.4869574010372162,0.15758749842643738,-1.3207470178604126
1789225167610158600,69.09015869140624,-0.3373660445213318,0.6021183729171753,-1.3794723749160767
1789225167620196900,69.10019677734375,-0.33457985520362854,0.8378466963768005,-1.3967158794403076
1789225167630235600,69.11023559570313,-0.3997655212879181,0.715342104434967,-1.3853087425231934
1789225167640274000,69.12027392578125,-0.5389191508293152,0.43401190638542175,-1.313831090927124
1789225167650311700,69.13031176757812,-0.6852627396583557,0.20014534890651703,-1.1821340322494507
1789225167660350700,69.14035083007812,-0.7716051340103149,0.055029697716236115,-1.0353765487670898
1789225167670388700,69.150388671875,-0.8383825421333313,0.006019809283316135,-0.8728230595588684
1789225167680426800,69.1604267578125,-0.9015716314315796,0.025466743856668472,-0.7045453786849976
1789225167690465800,69.1704658203125,-0.9388596415519714,0.07563111186027527,-0.6109057068824768
1789225167700503800,69.18050390625,-0.9870988130569458,0.14741741120815277,-0.5571324825286865
1789225167710541800,69.19054174804687,-0.9979420900344849,0.10407181084156036,-0.5503835082054138
1789225167720580900,69.20058081054688,-0.9605212211608887,0.03418406844139099,-0.5698115229606628
1789225167730618600,69.21061865234375,-0.9258657693862915,-0.02508591115474701,-0.5584763288497925
1789225167740657000,69.22065698242187,-0.7802952527999878,-0.004880508873611689,-0.6098814606666565
1789225167750694700,69.23069458007812,-0.3851570188999176,-0.015175490640103817,-0.8686525821685791
1789225167760734000,69.24073388671874,-0.09669351577758789,-0.16442543268203735,-1.0343501567840576
1789225167770771700,69.25077172851563,0.20604796707630157,-0.4266951382160187,-1.2237073183059692
1789225167780810000,69.26081005859375,0.36844009160995483,-0.7099249958992004,-1.3418617248535156
1789225167790848800,69.27084887695312,0.44763848185539246,-0.8677854537963867,-1.3731002807617188
1789225167800886800,69.28088671875,0.5132808685302734,-0.884728729724884,-1.3194711208343506
1789225167810924800,69.2909248046875,0.4920549690723419,-0.7629240155220032,-1.27519953250885
1789225167820963800,69.3009638671875,0.3078651428222656,-0.6928165555000305,-1.1279659271240234
1789225167831001900,69.311001953125,0.0842198058962822,-0.7322182655334473,-0.9429720640182495
1789225167841039600,69.32103955078125,-0.10482201725244522,-0.8926825523376465,-0.7782659530639648
1789225167851078700,69.33107861328125,-0.19981005787849426,-0.9359029531478882,-0.6079645156860352
1789225167861117000,69.34111694335938,-0.18569369614124298,-0.9591616988182068,-0.48138153553009033
1789225167871154700,69.35115478515625,-0.11967127025127411,-0.9024877548217773,-0.36865234375
1789225167881194000,69.36119409179688,-0.03831995651125908,-0.8188578486442566,-0.24432878196239471
1789225167891231700,69.37123168945313,0.03217631205916405,-0.7110962271690369,-0.16805851459503174
1789225167901269800,69.38126977539062,0.04837498813867569,-0.6443939208984375,-0.14041650295257568
1789225167911308800,69.39130883789062,0.010263822972774506,-0.6171023845672607,-0.15184812247753143
1789225167921346600,69.4013466796875,-0.04391792416572571,-0.6398271322250366,-0.18540234863758087
1789225167931384800,69.411384765625,-0.07029680162668228,-0.6781870126724243,-0.24222542345523834
1789225167941422600,69.42142260742187,-0.04929511249065399,-0.6943308115005493,-0.32867321372032166
1789225167951462000,69.4314619140625,-0.014642592519521713,-0.6416665315628052,-0.42639392614364624
1789225167961499600,69.44149975585937,-0.001160339335910976,-0.5656652450561523,-0.4991852939128876
1789225167971538000,69.45153784179688,-0.046013299375772476,-0.4124634563922882,-0.489173948764801
1789225167981576700,69.46157666015625,-0.09518590569496155,-0.32511231303215027,-0.4468725621700287
1789225167991614700,69.47161474609375,-0.1608823537826538,-0.34217599034309387,-0.36459898948669434
1789225168001652700,69.48165283203124,-0.2291058897972107,-0.3849679231643677,-0.2823781669139862
1789225168011691800,69.49169189453124,-0.27767688035964966,-0.36554574966430664,-0.2070501148700714
1789225168021729800,69.50172973632813,-0.25489166378974915,-0.31933432817459106,-0.17007239162921906
1789225168031767800,69.51176782226563,-0.1903100162744522,-0.2997443675994873,-0.1285928636789322
1789225168041806600,69.521806640625,-0.11023569107055664,-0.21436582505702972,-0.06350014358758926
1789225168051844900,69.53184497070312,-0.054677095264196396,-0.11692768335342407,-0.0032415995374321938
1789225168061882600,69.54188256835937,-0.05499853566288948,-0.08173028379678726,0.05633997172117233
1789225168071922000,69.551921875,-0.07134315371513367,-0.07676029205322266,0.11220936477184296
1789225168081959700,69.56195971679688,-0.06285113096237183,-0.06688103079795837,0.1595851331949234
1789225168091998000,69.571998046875,-0.04766792058944702,-0.12319410592317581,0.1865869164466858
1789225168102036700,69.58203662109375,-0.04301590844988823,-0.20267987251281738,0.20017224550247192
1789225168112074800,69.59207470703124,-0.034808315336704254,-0.22308580577373505,0.1947452574968338
1789225168122112800,69.60211279296875,-0.02304300107061863,-0.26304495334625244,0.16265815496444702
1789225168132150800,69.61215087890625,-0.03466103971004486,-0.28882700204849243,0.12868979573249817
1789225168142189800,69.62218994140625,-0.060315005481243134,-0.2713170051574707,0.08466508984565735
1789225168152227800,69.63222778320312,-0.08073186129331589,-0.21954327821731567,0.03516038507223129
1789225168162265900,69.64226586914063,-0.10236072540283203,-0.1666441112756729,-0.009236641228199005
1789225168172305000,69.65230493164063,-0.1190480962395668,-0.09890873730182648,-0.025896845385432243
1789225168182342700,69.6623427734375,-0.1317921131849289,-0.05685076490044594,-0.040472324937582016
1789225168192380700,69.67238061523437,-0.11529463529586792,-0.03881504014134407,-0.05338732525706291
1789225168202419700,69.68241967773437,-0.07673738896846771,-0.014888135716319084,-0.03807015344500542
1789225168212457700,69.69245776367187,-0.03504533693194389,-0.03230148181319237,-0.0052232579328119755
1789225168222495700,69.70249584960938,-0.010311760008335114,-0.06885949522256851,0.027782628312706947
1789225168232534800,69.71253466796875,0.005544967483729124,-0.06769941747188568,0.05476311221718788
1789225168242572800,69.72257275390625,0.02375779300928116,-0.0454135537147522,0.07336795330047607
1789225168252610600,69.73261059570312,0.03216991946101189,-0.02057531662285328,0.087344229221344
1789225168262649900,69.74264990234374,0.04147660359740257,0.003573429537937045,0.0827803686261177
1789225168272687600,69.7526875,0.0500197559595108,0.03334517404437065,0.0822240337729454
1789225168282726000,69.76272583007812,0.04897766187787056,0.023634755983948708,0.07235223054885864
1789225168292764000,69.77276391601562,0.03199654817581177,-0.012560532428324223,0.05439533293247223
1789225168302802000,69.78280200195313,0.013198626227676868,-0.05122563615441322,0.042573560029268265
1789225168312840000,69.79283984375,-0.007360710762441158,-0.08526243269443512,0.030042054131627083
1789225168322878000,69.8028779296875,-0.018689798191189766,-0.1052052453160286,0.08941563218832016
1789225168332917000,69.8129169921875,0.013282249681651592,-0.011516840197145939,0.16779725253582
1789225168342954800,69.82295483398437,0.06587035953998566,0.07449394464492798,0.21521377563476562
1789225168352993000,69.83299291992188,0.07120067626237869,0.08460915833711624,0.2487400472164154
1789225168363031800,69.84303173828125,0.05060458928346634,0.06699953973293304,0.23488707840442657
1789225168373070000,69.85307006835937,0.03105805069208145,0.05495752394199371,0.19136783480644226
1789225168383107800,69.86310791015624,0.019451728090643883,0.046177614480257034,0.12385722994804382
1789225168393147000,69.87314697265624,-0.0015004249289631844,0.006936203222721815,0.042035333812236786
1789225168403185000,69.88318481445313,-0.035478897392749786,-0.04615338146686554,-0.024959411472082138
1789225168413223000,69.89322290039063,-0.07557385414838791,-0.09989836812019348,-0.06317843496799469
1789225168423262000,69.90326196289062,-0.0922313928604126,-0.11324267089366913,-0.05831603705883026
1789225168433299700,69.9132998046875,-0.08706432580947876,-0.09998571872711182,-0.0022572954185307026
1789225168443338000,69.923337890625,-0.04831773042678833,-0.03309217467904091,0.08580012619495392
