time,seconds_elapsed,z,y,x
1789064039228874500,0.03687451171875,8.033294757843016,6.667253073120117,-0.19048866958618163
1789064039238911500,0.046911376953125,7.8244006629943845,6.709301239776611,-0.2145803237915039
1789064039248948200,0.0569482421875,7.555501889038085,6.565948415374756,-0.297479556274414
1789064039258985500,0.0669853515625,7.210437574768066,6.757634185791015,-0.3978863883972168
1789064039269022500,0.0770224609375,6.9792474769592285,6.553528494262695,-0.4477157104492187
1789064039279059500,0.0870595703125,7.077260107421875,6.517166556549072,-0.5162497329711914
1789064039289096400,0.097096435546875,6.7645175155639645,6.53138212890625,-0.5156511825561523
1789064039299133400,0.107133544921875,6.785017867279052,6.554875232696533,-0.521636686706543
1789064039309170400,0.11717041015625,6.7459624526977535,6.6246063560485835,-0.46103345718383787
1789064039319207400,0.12720751953125,6.839186679840087,6.719925509643554,-0.31528643112182614
1789064039329244400,0.137244384765625,7.21447779006958,6.8134490119934075,-0.12075754623413085
1789064039339281400,0.147281494140625,7.040000344085693,6.825569657897949,0.04369418029785156
1789064039349318400,0.157318359375,6.293009426116943,7.23976654510498,-0.8147767524719238
1789064039359355400,0.16735546875,6.711246528625488,7.11227530670166,-1.2955623733520507
1789064039369392400,0.177392333984375,7.370250535583495,6.72291826171875,-0.9060556907653808
1789064039379429400,0.187429443359375,6.816441764068603,7.12454559020996,-1.058536408996582
1789064039389466600,0.197466552734375,6.679523356628418,7.26550421295166,-0.8658031753540039
1789064039399503400,0.20750341796875,6.763170777130126,7.097610821533203,-0.3999813148498535
1789064039409540400,0.217540283203125,7.323413965606689,7.154024198150634,-0.443076944732666
1789064039419576300,0.227576416015625,7.141454639434814,7.0364090415954585,-0.16220716247558592
1789064039429613300,0.23761328125,6.950816332244873,7.116914072418212,-0.16519991455078123
1789064039439650600,0.247650634765625,6.525995175170898,7.194276713562012,-0.17238251953125
1789064039449687600,0.2576875,6.678625531005859,7.023989120483398,-0.32351649932861326
1789064039459724500,0.267724609375,7.048679325103759,7.009174997711181,-0.6528688652038573
1789064039469761300,0.27776123046875,6.542754586791991,7.229740825653076,-0.8686462898254395
1789064039479798500,0.287798583984375,6.2398880767822265,7.42516753616333,-0.8430582595825195
1789064039489835500,0.29783544921875,6.407631830596923,7.434145792388915,-0.5578489868164063
1789064039499872500,0.30787255859375,6.924929026794433,7.3097969436645505,-0.19812018737792966
1789064039509909500,0.317909423828125,7.152228546905517,7.228992637634277,0.11148001480102539
1789064039519946200,0.3279462890625,6.648249097442626,7.498190686798095,-0.14215572357177733
1789064039529983500,0.3379833984375,6.9798460273742675,7.3359835243225096,-0.041748891448974604
1789064039540020500,0.3480205078125,7.07980394668579,7.037905417633056,0.24765023422241209
1789064039550057500,0.358057373046875,7.813926030731201,6.897844620513916,0.15502455749511718
1789064039560094500,0.368094482421875,7.173327449035644,6.827963859558105,0.3344400444030762
1789064039570131500,0.37813134765625,6.7673606300354,6.95919603805542,0.2680009483337402
1789064039580168400,0.38816845703125,6.9168485961914055,6.810306622314453,0.36930560607910157
1789064039590205400,0.398205322265625,7.147290505981445,6.53138212890625,0.5499181938171387
1789064039600242400,0.408242431640625,7.32281541519165,6.4609028175354,0.6851905876159667
1789064039610279400,0.418279541015625,7.197419103240966,6.321889483642578,0.8131307388305664
1789064039620316400,0.42831640625,7.081300322723388,6.290315949249267,0.6241384452819824
1789064039630353400,0.438353515625,6.929268517303466,6.2693666847229,0.6510732139587402
1789064039640390400,0.448390380859375,7.5813891944885246,5.985953063201904,0.7191583236694336
1789064039650427400,0.458427490234375,8.256254787445068,5.708524945831298,1.0398317085266113
1789064039660464600,0.468464599609375,8.218546111297607,5.898564702606201,1.5623662208557128
1789064039670501400,0.47850146484375,8.742576999664307,5.005677120971679,3.886088569641113
1789064039680538400,0.488538330078125,7.349600546264648,6.3229369468688965,1.9538181922912596
1789064039690575400,0.498575439453125,6.762871501922607,6.021716450500488,2.699013459014892
1789064039700612600,0.508612548828125,7.783998509979248,5.779602807617187,1.0627262619018554
1789064039710650000,0.518650146484375,9.08464856185913,5.70747748260498,0.4525041137695312
1789064039720687000,0.52868701171875,6.87614716796875,5.774215853881835,1.6608277641296385
1789064039730724400,0.538724365234375,7.363217568206787,6.325331148529052,1.0969932731628418
1789064039740761300,0.54876123046875,6.679972269439697,6.2018801254272455,0.987009634399414
1789064039750798300,0.55879833984375,6.977451825714111,6.451625286102295,0.14499883804321287
1789064039760835000,0.5688349609375,7.545027256774902,6.471377449798584,-0.5243301635742187
1789064039770872000,0.5788720703125,7.336432437133789,6.463596294403076,-0.3945943611145019
1789064039780909300,0.588909423828125,8.207173653411864,6.247070681762695,-0.31379005508422847
1789064039790945300,0.5989453125,7.693467759704589,6.4746694770812985,-0.40147769088745117
1789064039800982300,0.608982177734375,7.858069123840331,6.727856302642822,-0.9980828170776367
1789064039811019300,0.619019287109375,8.882937071990966,6.635380263519287,-1.1700164237976074
1789064039821056000,0.629055908203125,8.792855234527588,6.871807677459716,-0.860565859222412
1789064039831093200,0.63909326171875,8.290372161102294,7.018302891540527,-0.24600422058105467
1789064039841130200,0.649130126953125,7.6300214157104485,6.955006185150146,0.4391863670349121
1789064039851167200,0.659167236328125,7.306056003570556,6.714089643096924,0.48123453369140623
1789064039861204200,0.669204345703125,7.14369920349121,6.2496145210266105,0.436043977355957
1789064039871241200,0.6792412109375,6.955754373168945,6.02635521621704,0.4312555740356445
1789064039881278200,0.6892783203125,6.705560299682617,5.738452466583252,0.5527613082885742
1789064039891315200,0.699315185546875,4.438400965118408,7.294533908081054,0.7371148361206055
1789064039901352200,0.709352294921875,7.76948366241455,5.323956304168701,2.038513076019287
1789064039911389200,0.71938916015625,6.48664048538208,6.209362005615234,1.9948188957214354
1789064039921426200,0.72942626953125,5.587468124389648,7.55235949935913,1.4688427185058592
1789064039931463200,0.739463134765625,6.358999609374999,6.196642809295654,2.249202822113037
1789064039941500200,0.749500244140625,6.947973217773437,6.657376991271972,1.8320131828308104
1789064039951537200,0.759537109375,7.980173408508301,6.656778440856933,1.5191209533691405
1789064039961574400,0.769574462890625,7.417386380767822,6.714538555908203,1.3587094421386718
1789064039971611100,0.779611083984375,7.2438067604064935,7.213430326843262,0.6917746421813964
1789064039981648100,0.789648193359375,7.606528311920165,7.495796485137939,0.5204395858764648
1789064039991685000,0.79968505859375,7.523030529022217,7.646331914520263,1.1397896278381348
1789064040001722400,0.809722412109375,7.227645899200439,7.646032639312744,1.3901333389282227
1789064040011759400,0.81975927734375,8.127716085815429,7.404517546844482,1.2342109558105467
1789064040021796400,0.82979638671875,7.082796698760986,7.419182032012939,0.9623194297790527
1789064040031833000,0.8398330078125,6.295553265380859,7.617152581787109,0.09546879119873046
1789064040041870000,0.8498701171875,7.660248211669922,6.707804863739013,0.12135609664916991
1789064040051907300,0.8599072265625,7.389553786468506,6.4475850708007805,0.3595791618347168
1789064040061944300,0.8699443359375,7.178415127563476,6.584653115844726,0.34102409896850583
1789064040071981300,0.879981201171875,7.097610821533203,6.057030924987792,0.987009634399414
1789064040082018000,0.89001806640625,6.349273165130615,6.248417420196533,1.024718310546875
1789064040092055300,0.90005517578125,6.417507912445068,6.252457635498047,0.8075941474914551
1789064040102092300,0.91009228515625,6.247968507385253,6.086808808135986,0.956333925628662
1789064040112129300,0.92012939453125,6.368576416015625,6.270713423156738,0.3676595924377441
1789064040122165200,0.930165283203125,7.641094598388672,6.000467910766601,-0.09142857589721679
1789064040132202200,0.9402021484375,8.230367481994628,5.998223346710205,-0.1304839904785156
1789064040142239200,0.9502392578125,7.819013709259033,6.460753179931641,-0.4970961196899414
1789064040152276200,0.960276123046875,7.242160746765136,6.807164232635498,-0.390703783416748
1789064040162313200,0.970313232421875,7.013364850616455,7.078457208251953,-0.25438392639160157
1789064040172350200,0.98035009765625,7.7513775123596185,7.085639813232421,-0.5038298118591308
1789064040182387200,0.99038720703125,8.118139279174803,6.831704799652099,-0.4789899696350097
1789064040192424200,1.000424072265625,7.696310874176025,7.097012271118164,-0.8047510330200195
1789064040202461200,1.010461181640625,6.944082640075683,7.276278120422363,-0.9792284790039062
1789064040212498200,1.020498291015625,6.726958477020263,7.183353168487549,-0.6109703361511231
1789064040222535200,1.03053515625,7.453149768066406,6.818087777709961,-0.2688987739562988
1789064040232572400,1.040572509765625,7.174374912261962,7.026233684539794,0.2995744827270508
1789064040242609200,1.050609130859375,6.439803915405273,7.123947039794921,0.6268319221496582
1789064040252646100,1.060646240234375,6.928221054077148,7.199962942504882,-0.28655601119995117
1789064040262683100,1.07068310546875,6.6271501953125,6.982240229034423,-0.8445546356201171
1789064040272720400,1.080720458984375,6.016778409576416,6.747458828735351,-1.1403881782531737
1789064040282757400,1.09075732421875,6.223577577972412,6.839785230255127,-0.8958803337097168
1789064040292794000,1.100794189453125,8.374618132019043,5.34984360961914,0.9753379013061523
1789064040302831000,1.1108310546875,10.185233137512206,4.4819455078125,2.9064111778259276
1789064040312868000,1.1208681640625,8.434772448730468,5.396380904388427,3.604620236968994
1789064040322905300,1.1309052734375,6.397755748748779,5.829731404876709,3.19865341796875
1789064040332942300,1.1409423828125,5.239411058044433,6.452672749328613,1.9379566062927245
1789064040342979000,1.15097900390625,4.584746541595459,6.90128628540039,0.712424631500244
1789064040353016000,1.16101611328125,5.664381852722167,7.098508647155762,-0.16819266662597654
1789064040363053300,1.17105322265625,7.669525743103027,6.705410662078857,-0.33039982910156246
1789064040373090300,1.18109033203125,8.26164174118042,6.788010619354248,-0.013916297149658202
1789064040383127300,1.191127197265625,7.587973249053954,7.653664157104492,0.6126163497924805
1789064040393164000,1.2011640625,8.222287051391602,7.664886977386474,1.0944494338989257
1789064040403201300,1.211201171875,9.425971936035156,7.469310629272461,1.32144967880249
1789064040413238300,1.22123828125,8.825326594543457,7.6744637840270995,1.5086463211059569
1789064040423275300,1.231275146484375,7.823053924560546,8.003965787506104,1.084124439239502
1789064040433311200,1.241311279296875,7.582137382507324,7.345410693359375,0.8072948722839355
1789064040443348200,1.25134814453125,7.256675594329834,6.815095025634765,0.28790274963378903
1789064040453385200,1.26138525390625,6.870610576629638,6.660220105743408,-0.42796354675292964
1789064040463422200,1.271422119140625,6.457461152648926,6.0054059516906735,-0.18555062866210936
1789064040473459200,1.281459228515625,6.761375125885009,5.651812294006347,0.1001075569152832
1789064040483496200,1.29149609375,6.456413689422607,5.7335144256591795,0.64478843460083
1789064040493533200,1.301533203125,5.762244845581054,5.730820948791504,1.591695191192627
1789064040503570400,1.3115703125,6.7663131668090815,5.510404758453369,1.8719664230346678
1789064040513607200,1.321607177734375,7.62957250289917,5.495740273284912,1.613243006134033
1789064040523644200,1.33164404296875,7.384166832733154,5.810727429199218,1.1100117446899413
1789064040533681200,1.34168115234375,7.830984717559814,6.0619689659118645,0.2316390106201172
1789064040543718400,1.351718505859375,8.206425465393066,6.13544102935791,-0.00014963760375976562
1789064040553755400,1.36175537109375,8.45856482772827,6.2116065696716305,-0.10729016189575195
1789064040563792100,1.371792236328125,8.81619870071411,6.366631127166747,-0.18854338073730467
1789064040573829000,1.3818291015625,7.764246346282959,6.516867281341552,0.013766659545898436
1789064040583866000,1.3918662109375,7.404367909240722,6.647351271820068,-0.24525603256225584
1789064040593903400,1.4019033203125,7.534702262115478,6.55008682937622,-0.4370914405822754
1789064040603940400,1.4119404296875,7.739256866455078,6.210708744049072,-0.2415150924682617
1789064040613977000,1.42197705078125,8.364891687774657,5.63071339187622,0.11522095489501953
1789064040624014000,1.43201416015625,6.453271299743652,5.885695868682861,0.9543886367797851
1789064040634051300,1.44205126953125,3.8042368003845213,7.08698655166626,0.7591115638732909
1789064040644088300,1.45208837890625,5.367800122070312,6.432022760009765,1.5997756217956542
1789064040654125300,1.462125244140625,7.889493020629883,4.984578218841553,3.0443770484924313
1789064040664162000,1.472162109375,5.246892938232421,6.712293991851806,2.238877827453613
1789064040674199300,1.48219921875,5.531952573394775,7.239167994689941,-0.6988076095581054
1789064040684236300,1.492236328125,2.4443302574157713,8.700079920196533,-1.1020809516906738
1789064040694273300,1.502273193359375,1.9879355659484863,9.220968418884278,-1.823932752227783
1789064040704309800,1.512309814453125,10.85920090484619,9.343671253967285,-2.6523265266418456
1789064040714347000,1.522346923828125,13.180977964782715,8.656535377502442,-0.4029740669250488
1789064040724383000,1.532383056640625,8.778938937377928,8.65114842376709,2.5631425148010254
1789064040734419700,1.542419677734375,8.624812205505371,9.488819729614256,1.9744681816101073
1789064040744456700,1.552456787109375,8.911966767120362,9.0657942237854,1.3347674255371094
1789064040754493700,1.56249365234375,7.268048052215576,8.206724740600585,1.0571896705627442
1789064040764531000,1.572531005859375,8.258200076293944,7.660098574066161,-0.1039981346130371
1789064040774568000,1.58256787109375,6.666205609893798,6.764667153167724,0.3582324234008789
1789064040784604700,1.592604736328125,3.746476685333252,7.096114445495605,0.11267711563110351
1789064040794641700,1.6026416015625,4.8695069015502925,6.51836365737915,-0.40506899337768554
1789064040804679000,1.612678955078125,5.425709874725341,5.500229401397704,-0.32022447204589843
1789064040814716000,1.6227158203125,4.841225394439697,5.723937619018554,-0.4421791191101074
1789064040824753000,1.6327529296875,6.153696817016601,5.834220532989502,-0.5114613296508789
1789064040834789600,1.64278955078125,6.223577577972412,5.695356836700439,0.5232827003479004
1789064040844826600,1.65282666015625,5.513696785736084,6.140977620697021,1.2446855880737304
1789064040854864000,1.66286376953125,6.870909851837157,6.3043818840026855,1.2729670951843262
1789064040864900900,1.67290087890625,7.856722385406494,6.11015227432251,0.9677063835144042
1789064040874937900,1.682937744140625,7.695413048553466,6.753294695281982,0.023642741394042967
1789064040884974600,1.692974609375,7.370100897979736,7.636306195068359,-0.8833107749938964
1789064040895011800,1.70301171875,7.2438067604064935,7.877970925140381,-0.9457096557617187
1789064040905048800,1.713048828125,7.492354820251465,8.03778388595581,-0.7709329345703124
1789064040915085800,1.7230859375,8.25520732421875,7.898022364044189,-0.3371335212707519
1789064040925122800,1.733122802734375,7.785494886016846,7.923161481475829,0.023642741394042967
1789064040935159800,1.743159912109375,6.912808380889892,7.893533235931396,0.47704468078613277
1789064040945196800,1.75319677734375,6.939144599151611,7.630919241333007,0.6471826362609863
1789064040955233800,1.76323388671875,7.070825690460205,7.353640761566162,0.5882254203796387
1789064040965270800,1.773270751953125,6.744166801452637,7.021146006011962,0.6419453201293945
1789064040975307800,1.783307861328125,5.500678314208984,7.454945419311523,0.26336218261718747
1789064040985344800,1.7933447265625,5.380070405578613,7.5148004608154295,-0.15786767196655271
1789064040995381800,1.8033818359375,5.110872356414794,7.542333779907226,0.011522095489501952
1789064041005417700,1.813417724609375,6.031293257141113,7.345111418151855,0.5183446594238281
1789064041015454700,1.823454833984375,6.427982544708252,7.284807463836669,0.8854057014465332
1789064041025491700,1.83349169921875,6.491877801513671,7.585130134582519,1.253214931488037
1789064041035529000,1.843529052734375,6.632237873840332,7.568071447753906,1.1424831047058104
1789064041045566000,1.85356591796875,7.287949853515625,7.391199800109863,0.7223007133483886
1789064041055602700,1.863602783203125,6.730699417114257,7.692569934082031,0.2380734275817871
1789064041065639700,1.8736396484375,6.564003126525878,7.867047380065918,-0.030825346374511717
1789064041075677000,1.883677001953125,7.240963645935058,7.366509595489502,-0.0713771369934082
1789064041085714000,1.8937138671875,7.540388491058349,7.078756483459472,-0.254084651184082
1789064041095751000,1.9037509765625,6.2693666847229,7.663390601348876,-0.6622960342407226
1789064041105787600,1.91378759765625,6.357503233337402,7.295431733703613,-1.0319009155273438
1789064041115824600,1.92382470703125,7.5351511749267575,6.602310353088378,-1.1828852577209472
1789064041125862000,1.93386181640625,7.203105332183838,6.539612197113037,-1.4074913009643555
1789064041135899000,1.94389892578125,7.2258502479553215,6.430077471160888,-1.5423147819519043
1789064041145936000,1.953935791015625,7.189637947845458,5.969941839599609,-1.520766967010498
1789064041155972600,1.96397265625,6.534524518585204,6.122272920227051,-1.709160710144043
1789064041166009900,1.974009765625,6.03967296295166,6.299593480682373,-1.80672442779541
1789064041176046800,1.984046875,7.072022791290283,5.755511153411865,-1.7357962036132812
1789064041186083800,1.994083740234375,7.8523828948974606,5.625625713348389,-1.862988166809082
1789064041196120800,2.004120849609375,7.753771714019775,5.824194813537598,-2.035969236755371
1789064041206157800,2.01415771484375,6.61443099899292,6.37830286026001,-2.327014376068115
1789064041216194800,2.02419482421875,6.544849513244628,6.783371853637695,-2.3063643867492676
1789064041226231800,2.034231689453125,8.0958432762146,6.439205364990234,-1.8867805458068847
1789064041236268800,2.044268798828125,8.935908783721922,6.268019946289062,-1.1438298431396483
1789064041246305800,2.054305908203125,7.37414111328125,7.028627886199951,-0.6392518432617187
1789064041256342800,2.0643427734375,6.570587181091308,7.3937436393737785,-0.1883937431335449
1789064041266379800,2.0743798828125,7.100453936004638,6.968174294281005,0.2316390106201172
1789064041276416800,2.084416748046875,7.446864988708495,7.198765841674804,0.31708208236694335
1789064041286452700,2.09445263671875,7.482927651214599,7.023839482879638,0.47120881423950195
1789064041296489700,2.10448974609375,6.8411319686889644,7.493252645874023,0.8315361640930176
1789064041306527000,2.11452685546875,5.901108541870117,7.77606771697998,2.0642507438659665
1789064041316564000,2.12456396484375,6.317849268341064,7.519439226531982,3.234117530059814
1789064041326600700,2.1346005859375,6.778134537506103,7.385363933563232,3.9598599082946775
1789064041336637700,2.1446376953125,7.259668346405029,7.248445526123047,4.582950890350341
1789064041346675000,2.154675048828125,6.0704983093261715,7.595604766845702,4.436306038665771
1789064041356712000,2.1647119140625,6.761674401092529,7.189039397430419,4.225466654968262
1789064041366749000,2.1747490234375,6.134393566131592,7.292588619232177,3.727921622467041
1789064041376785700,2.18478564453125,7.091326042175292,7.130082181549072,3.6477158668518066
1789064041386822700,2.19482275390625,6.623558892822265,7.077709020233154,3.5722985145568846
1789064041396860000,2.20485986328125,7.034763027954101,7.14399847869873,3.4097920768737793
1789064041406897000,2.21489697265625,6.672041476440429,7.06723438796997,3.180547267913818
1789064041416934000,2.224933837890625,6.073939974212646,7.480832724761963,2.4582465545654295
1789064041426970600,2.234970703125,6.332214478302002,7.3292498321533195,1.9846435386657715
1789064041437008000,2.2450078125,7.3359835243225096,6.8028247421264645,1.3582605293273926
1789064041447044900,2.255044921875,7.6933181221008295,6.814646112823486,0.47165772705078124
1789064041457081900,2.265081787109375,6.9910688476562495,6.9545572723388664,0.1144727668762207
1789064041467118800,2.275118896484375,6.1626750732421876,7.160458615112304,-0.5193921226501464
1789064041477155800,2.28515576171875,7.193229250335693,7.02922643661499,-1.0063128852844239
1789064041487192800,2.29519287109375,7.669974655914306,6.5862991294860835,-0.8809165733337402
1789064041497229800,2.305229736328125,6.452822386932373,7.210886487579345,-0.40566754379272457
1789064041507266800,2.315266845703125,6.060921502685546,7.3283520065307615,0.2829647087097168
1789064041517303800,2.3253037109375,8.125621159362792,6.715436381530761,0.8321347145080565
1789064041527340800,2.3353408203125,7.6285250396728514,6.800580178070068,1.5734394035339354
1789064041537376800,2.345376708984375,7.363516843414306,7.391499075317382,1.6475100173950195
1789064041547413800,2.355413818359375,8.251017471313476,6.666804160308837,2.099116305541992
1789064041557450800,2.36545068359375,5.6012347839355465,7.484872940063476,2.382679564666748
1789064041567487700,2.37548779296875,6.123021108245849,7.436240718841552,2.1001637687683106
1789064041577525000,2.38552490234375,7.808987989807129,6.431873122406006,1.9966145469665526
1789064041587561700,2.395561767578125,6.9630866157531734,6.791751559448242,2.1715409057617188
1789064041597598700,2.4055986328125,5.970390752410888,7.110928568267822,2.442684243774414
1789064041607635700,2.4156357421875,7.503577640533447,6.767061354827881,3.105878103637695
1789064041617673000,2.4256728515625,7.453598680877685,6.405836179351806,3.816357446289062
1789064041627710000,2.4357099609375,7.318924837493896,7.009474272918701,3.8805519783020017
1789064041637746700,2.44574658203125,8.310872512817383,6.51851329498291,3.5839702476501465
1789064041647783700,2.45578369140625,7.388655960845947,6.677129154968261,2.8417677330017086
1789064041657820700,2.465820556640625,7.414094353485107,7.162403903961181,1.3311761230468748
1789064041667858000,2.47585791015625,8.587552442169189,6.1836243377685545,0.056413376617431635
1789064041677895000,2.48589501953125,6.54365241241455,7.073070254516601,-0.9962871658325195
1789064041687932000,2.495931884765625,7.550114935302734,6.321141295623779,-1.1941080780029296
1789064041697968600,2.50596875,6.219088449859619,6.370222429656982,-1.3275848205566405
1789064041708005400,2.51600537109375,5.878064350891113,6.6157777374267575,-1.4362217208862305
1789064041718042400,2.52604248046875,6.815394300842285,5.66258620147705,-1.32144967880249
1789064041728079400,2.536079345703125,6.872555865478515,5.997624796295166,-2.37489840927124
1789064041738116400,2.546116455078125,7.004835507202148,5.8928784736633295,-3.3797149185180664
1789064041748153000,2.556153076171875,7.046584398651123,6.170755503845214,-4.700566046905517
1789064041758190300,2.5661904296875,7.249492989349365,6.522104597473144,-5.673958659362793
1789064041768227300,2.576227294921875,7.32281541519165,6.580762538146972,-5.653458307647705
1789064041778264300,2.586264404296875,6.714987468719482,7.124096677398681,-4.895693482208252
1789064041788300300,2.59630029296875,7.059153957366943,7.095515895080566,-3.7237317695617675
1789064041798337300,2.606337158203125,7.766939823150635,6.851456963348388,-2.8562825805664063
1789064041808374500,2.61637451171875,8.919897560119628,6.495020191192626,-2.47096575088501
1789064041818411300,2.626411376953125,8.812158485412597,6.075885263061523,-2.3823802894592285
1789064041828448300,2.6364482421875,7.886649906158447,6.0975827156066895,-2.5570073730468748
1789064041838485200,2.6464853515625,7.711274634552002,5.802198085784911,-2.5767595367431637
1789064041848522500,2.6565224609375,8.192209893035889,4.87145219039917,-2.1122844146728514
1789064041858559500,2.6665595703125,7.832481093597412,4.857685530853272,-1.605611488342285
1789064041868596200,2.67659619140625,6.507589749908447,4.895244569396972,-0.7291840431213379
1789064041878633200,2.68663330078125,5.455637395477295,5.195118327331543,0.3576338729858398
1789064041888670200,2.696670166015625,7.828440878295898,3.994725469970703,1.1547533882141112
1789064041898707500,2.70670751953125,8.230367481994628,4.019714949798583,1.546803910064697
1789064041908744400,2.716744384765625,8.103923706817627,4.501398396301269,1.610100616455078
1789064041918781200,2.72678125,8.98828194503784,4.5033436851501465,1.1167454368591307
1789064041928818200,2.736818115234375,10.11834512863159,4.388422005462647,0.14694412689208983
1789064041938855400,2.74685546875,7.68703334274292,5.913678100585937,0.05581482620239257
1789064041948892400,2.756892333984375,3.1748610389709473,8.049605256652832,0.6926724678039551
1789064041958929400,2.766929443359375,-0.28371289672851563,10.051307482147216,0.24944588546752927
1789064041968966100,2.776966064453125,5.377376928710937,7.772626052093505,3.6891654830932614
1789064041979003400,2.78700341796875,16.895132927703855,5.9108349861145015,8.783577703094481
1789064041989040400,2.797040283203125,14.654459449005126,7.655609445953369,4.642955569458008
1789064041999077400,2.807077392578125,13.257442780303954,8.669703486633301,3.067570877075195
1789064042009114400,2.8171142578125,8.613739022827147,9.366865082550047,1.6557400856018065
1789064042019151000,2.827151123046875,6.9068228767395015,9.990105702209473,0.33803134689331055
1789064042029188400,2.837188232421875,9.345466905212401,7.6087728759765625,0.8324339897155761
1789064042039224300,2.847224365234375,9.114127169799804,6.215946060180664,2.5172037704467773
1789064042049261300,2.85726123046875,6.5375172706604,6.3335612167358395,3.5462615715026855
1789064042059298300,2.86729833984375,5.279065023040771,5.932981351470947,3.319261326599121
1789064042069335300,2.877335205078125,6.088754096984863,3.7995980346679685,2.9275100799560545
1789064042079372300,2.887372314453125,5.523572867584228,2.474557053375244,1.7820342231750488
1789064042089409300,2.8974091796875,4.5239936744689935,3.6227263870239255,0.16310498809814453
1789064042099446300,2.9074462890625,4.694580542755126,3.5883097381591793,-0.31229367904663086
1789064042109483300,2.917483154296875,4.6541783897399895,3.896413564300537,-0.26336218261718747
1789064042119520500,2.9275205078125,4.292803576660156,5.619490571594238,-0.20066402664184568
1789064042129557200,2.93755712890625,6.13514175415039,6.1179334297180175,0.1997662010192871
1789064042139594200,2.94759423828125,7.549516384887695,6.47377165145874,0.5807435401916503
1789064042149631200,2.95763134765625,7.275230657196045,7.68044928817749,0.7603086647033691
1789064042159668200,2.967668212890625,8.853757739257812,9.310750981140137,0.558597174835205
1789064042169705500,2.97770556640625,10.56650975189209,8.966434854888915,0.28745383682250975
1789064042179742500,2.987742431640625,10.07390276031494,8.189516416168212,0.30361469802856444
1789064042189779200,2.997779296875,8.857199404144287,9.000252953338622,-0.4632780212402344
1789064042199816200,3.007816162109375,8.048258518218994,8.626308581542968,-1.2044330726623536
1789064042209853400,3.017853515625,7.770830400848388,7.752424975585937,-1.603067649078369
1789064042219890400,3.027890380859375,6.419453201293945,7.617900769805908,-1.9316718269348143
1789064042229927400,3.037927490234375,5.538686265563965,7.102848137664795,-1.641973426055908
1789064042239964200,3.047964111328125,6.299144567871093,5.936423016357422,-1.07245270614624
1789064042250001400,3.05800146484375,6.283133344268799,5.480327600097656,-0.733523533630371
1789064042260038400,3.068038330078125,4.525340412902832,5.877615438079833,-0.6452373474121094
1789064042270075400,3.078075439453125,4.509029914093017,5.751919850921631,-0.6120177993774414
1789064042280112400,3.0881123046875,5.067776726531982,5.896320138549805,-0.900818374633789
1789064042290148400,3.0981484375,6.32084202041626,6.011541093444824,-1.1164461616516113
1789064042300185000,3.10818505859375,7.985410724639892,5.6492684547424314,-0.6801029090881348
1789064042310222300,3.118222412109375,7.123647764587402,6.591087532806396,-0.5243301635742187
1789064042320259300,3.12825927734375,7.138611524963379,6.849062761688232,0.002992752075195312
1789064042330296300,3.13829638671875,8.849418248748778,6.42903000793457,0.558597174835205
1789064042340333300,3.148333251953125,9.44243207244873,6.6629135826110835,0.843357534790039
1789064042350370300,3.158370361328125,8.374468494415282,7.135319497680664,1.2125135032653809
1789064042360407300,3.1684072265625,7.422324421691894,7.5813891944885246,1.4196119468688964
1789064042370444300,3.1784443359375,7.000944929504394,7.960271607208251,1.2395979095458984
1789064042380481300,3.188481201171875,7.001842755126953,7.883507516479492,0.8234557334899902
1789064042390518500,3.1985185546875,6.167463476562499,8.147617887115478,0.3161842567443848
1789064042400555300,3.20855517578125,6.477063678741454,7.96116943283081,0.027084406280517576
1789064042410592300,3.21859228515625,5.935076277923583,7.816020957183837,0.22520459365844725
1789064042420629200,3.228629150390625,6.39745647354126,7.593659477996826,0.7327753456115722
1789064042430666200,3.238666259765625,7.9283987976074215,6.538864009094238,1.2140098793029785
1789064042440703500,3.248703369140625,6.621912879180908,6.883629048156738,1.3774141426086426
1789064042450740200,3.258740234375,5.09441222000122,7.502230902099609,1.1791443176269532
1789064042460777200,3.268777099609375,6.970269220733642,6.613084260559082,0.9751882637023925
1789064042470814200,3.278814208984375,8.298751866912841,6.106860247039794,0.08544307174682617
1789064042480851500,3.2888515625,5.112518370056152,7.679401824951172,-0.184503165435791
1789064042490888400,3.298888427734375,5.780201358032226,6.996306163787842,0.5849333930969238
1789064042500925200,3.30892529296875,7.968800950622558,6.40359161529541,0.34671032791137696
1789064042510962200,3.318962158203125,9.552116436004638,6.21848989944458,0.2684498611450195
1789064042520999400,3.32899951171875,7.771129676055907,6.405536904144287,0.21158757171630857
1789064042531035400,3.339035400390625,6.490231787872314,7.43788673248291,-0.46148236999511716
1789064042541072400,3.349072265625,7.52063632736206,6.663512133026122,-0.28221652069091796
1789064042551109400,3.359109375,7.943661833190918,6.542754586791991,0.14634557647705076
1789064042561146400,3.369146484375,7.4895117057800284,6.715586019134521,0.2510918991088867
1789064042571183000,3.37918310546875,6.843675807952881,6.7091516021728514,0.39324762268066404
1789064042581220400,3.389220458984375,5.542277568054199,7.164648468017577,0.17806874847412107
1789064042591257300,3.39925732421875,6.516867281341552,6.511330690002441,-0.03965396499633789
1789064042601294300,3.40929443359375,5.774515129089355,6.612784985351562,-0.23986907882690428
1789064042611331300,3.419331298828125,5.154416899108886,6.950517057037353,-0.33533787002563475
1789064042621368300,3.429368408203125,6.303334420776367,6.181379773712158,-0.2337339370727539
1789064042631405300,3.4394052734375,6.281337693023681,6.341492009735107,-0.3730465461730957
1789064042641442300,3.4494423828125,6.044760641479492,6.868066737365722,-0.903362213897705
1789064042651479300,3.459479248046875,6.642712506103515,6.902483386230468,-1.2277765388488768
1789064042661516500,3.4695166015625,7.269993341064453,7.060051782989501,-1.4395137481689453
1789064042671553300,3.47955322265625,8.275408400726318,7.154024198150634,-1.721131718444824
1789064042681590300,3.48959033203125,8.045864316558838,7.453149768066406,-1.6491560310363769
1789064042691627300,3.499627197265625,8.371026829528809,7.263259648895263,-1.633144807434082
1789064042701664300,3.509664306640625,8.961796089172363,6.830058786010742,-1.7296610618591308
1789064042711701800,3.51970166015625,7.2069959098815914,7.321169401550293,-2.1637597503662107
1789064042721739000,3.529739013671875,7.164798105621338,7.073369529724121,-2.3279122016906735
1789064042731776000,3.53977587890625,7.8535799957275385,6.19948592376709,-2.4802432823181153
1789064042741813000,3.54981298828125,7.1230492141723625,6.452822386932373,-2.6631004341125486
1789064042751850000,3.55985009765625,6.539911472320556,6.05239215927124,-2.2940941032409667
1789064042761886700,3.56988671875,5.677549961853027,6.33341157913208,-2.2489035469055176
1789064042771924000,3.579924072265625,7.313088970947265,5.620089122009277,-1.8014871116638183
1789064042781960000,3.5899599609375,7.612513816070556,5.494094259643554,-1.5206173294067382
1789064042791997000,3.599996826171875,7.3080012924194335,6.077082363891601,-1.3596072677612303
1789064042802034000,3.610033935546875,7.452102304840087,5.98161357269287,-1.2316671165466309
1789064042812071000,3.62007080078125,6.602011077880859,6.756437084960937,-1.3980641319274902
1789064042822108000,3.63010791015625,7.658901473236083,6.675782416534424,-1.5173253021240234
1789064042832145000,3.640144775390625,8.123077320098876,6.653037500762939,-1.4758756858825683
1789064042842182000,3.650181884765625,8.402899639129638,6.7091516021728514,-1.3099275833129882
1789064042852219000,3.660218994140625,8.096292189025878,6.667402710723876,-0.9361328491210937
1789064042862256000,3.670256103515625,7.3374799003601066,7.037905417633056,-0.9009680122375487
1789064042872293000,3.680293212890625,8.089408859252929,6.2581438644409175,-0.4836287353515625
1789064042882329900,3.690329833984375,6.612036797332763,6.9807438529968255,-0.6172551155090331
1789064042892366800,3.700366943359375,7.857620211029052,6.235099673461914,-0.3067570877075195
1789064042902403800,3.71040380859375,7.404517546844482,6.219836637878418,-0.21517887420654297
1789064042912441000,3.720441162109375,6.74820701675415,6.838288854217529,-0.5116109672546386
1789064042922478000,3.73047802734375,7.540687766265869,6.136638130187988,-0.25528175201416015
1789064042932514800,3.740514892578125,7.107636540985107,6.84427435836792,-0.5960065757751465
1789064042942551800,3.7505517578125,7.727435495758056,6.432471672821045,-0.3850175544738769
1789064042952589000,3.760589111328125,6.483049182891845,6.92014062347412,-0.3586813362121582
1789064042962626000,3.7706259765625,7.002890218353271,6.866420723724365,-0.3510498184204101
1789064042972663000,3.7806630859375,7.229441550445556,6.354360843658447,0.028431144714355466
1789064042982699800,3.79069970703125,7.053617366027831,6.724564275360107,0.04668693237304687
1789064042992737000,3.800737060546875,8.932467118835449,5.718999578094482,0.04085106582641601
1789064043002774000,3.81077392578125,7.542034504699706,6.510732139587402,-0.6278793853759765
1789064043012810000,3.82081005859375,6.561010374450683,6.772298670959472,-0.6813000099182128
1789064043022847000,3.830846923828125,6.28253479385376,6.653486413574218,-0.5319616813659668
1789064043032884000,3.840884033203125,6.8399348678588865,6.744914989471435,-0.3618237258911133
1789064043042920700,3.850920654296875,7.292887894439697,6.096235977172851,-0.01571194839477539
1789064043052958000,3.8609580078125,6.430676021575928,6.846668560028076,-0.9165303230285644
1789064043062995000,3.870994873046875,7.15701695022583,6.326228974151611,-1.354070676422119
1789064043073032000,3.881031982421875,7.627178301239013,6.180781223297119,-1.6581342872619629
1789064043083069000,3.89106884765625,7.618648957824707,6.359897434997558,-1.739088230895996
1789064043093106000,3.90110595703125,7.3289505569458,6.327575712585449,-1.4939818359375
1789064043103143000,3.911142822265625,6.873752966308594,6.85684391708374,-1.638232485961914
1789064043113180000,3.921179931640625,8.23590407333374,6.323086584472656,-1.4223054237365722
1789064043123217000,3.931216796875,6.959345675659179,6.937947498321533,-0.967257470703125
1789064043133254100,3.941254150390625,7.015759052276611,6.899789909362792,-0.47315410308837885
1789064043143291000,3.951290771484375,7.11885936126709,6.76691171722412,-0.20769699401855468
1789064043153327900,3.961327880859375,7.39299545135498,6.777835262298583,-0.4951508308410644
1789064043163364900,3.97136474609375,8.425794192504883,6.359747797393799,-1.0271125122070313
1789064043173401900,3.98140185546875,7.192929975128173,7.056310842895507,-1.5442600708007812
1789064043183439000,3.991439208984375,7.3091983932495115,6.742670425415039,-1.3859434860229491
1789064043193475800,4.001475830078125,5.934477727508544,7.32251613998413,-1.0996867500305174
1789064043203512800,4.011512939453125,6.385036552429199,7.1869444709777826,-0.712424631500244
1789064043213549800,4.0215498046875,7.257124507141113,6.693439653778076,-0.5871779571533203
1789064043223587000,4.031587158203125,7.684639141082763,6.985232981109618,-1.119139638519287
1789064043233624000,4.0416240234375,7.637204020690917,6.536469807434082,-1.2771569480895995
1789064043243660800,4.051660888671875,6.064063892364501,7.510311332702636,-1.9086276359558105
1789064043253697800,4.06169775390625,7.213579964447021,6.687304512023926,-1.9645920997619628
1789064043263733800,4.071733642578125,6.366631127166747,7.044788747406005,-2.226906819152832
1789064043273771000,4.08177099609375,7.061847434234619,6.966079367828368,-2.652625801849365
1789064043283808000,4.09180810546875,6.470629261779785,7.001693117523193,-2.479046181488037
1789064043293845000,4.101844970703125,6.711096891021728,7.175272737884521,-2.18979669342041
1789064043303882000,4.111882080078125,6.722319711303711,6.884077960968018,-1.356764153289795
1789064043313918700,4.121918701171875,6.635080988311767,7.2429089347839355,-0.9856628959655761
1789064043323956000,4.1319560546875,7.216722354125976,6.475567302703857,-0.5571007987976074
1789064043333993000,4.141992919921875,5.9503393135070795,7.137414424133301,-0.834379278564453
1789064043344030000,4.152030029296875,6.506392649078369,6.535123069000243,-0.7200561492919921
1789064043354067000,4.16206689453125,5.9403135940551755,6.662464669799804,-0.2738368148803711
1789064043364104000,4.17210400390625,6.622661067199707,6.715735656738281,-0.02424129180908203
1789064043374141000,4.182140869140625,7.462277661895752,6.301089856719971,0.5041290870666504
1789064043384178000,4.192177978515625,7.267898414611816,6.740874774169922,0.4944026428222656
1789064043394215000,4.20221484375,6.599616876220702,7.098508647155762,0.6663362495422362
1789064043404252200,4.212252197265625,6.532130316925048,7.180809329223632,0.866401725769043
1789064043414289000,4.222288818359375,6.523002423095702,7.1592615142822265,1.1516109985351561
1789064043424326000,4.232325927734375,6.957998937225342,7.225700610351562,1.1341033988952636
1789064043434363000,4.24236279296875,9.349656758117675,6.476315490722656,0.9045593147277832
1789064043444399900,4.25239990234375,8.65758284072876,6.790853733825683,0.3919008842468262
1789064043454437000,4.26243701171875,7.343615042114258,7.255777768707275,-0.1409586227416992
1789064043464473900,4.272473876953125,5.149029945373535,7.822455374145507,-0.31483751831054685
1789064043474510800,4.2825107421875,6.5209074966430665,7.17617056350708,-0.45070846252441404
1789064043484547800,4.2925478515625,7.418433843994141,6.4463879699707025,-0.24495675735473632
1789064043494585000,4.302585205078125,7.081599597930908,6.470329986572265,-0.13287819213867186
1789064043504622000,4.3126220703125,5.789927802276611,6.575375584411621,-0.09771335525512695
1789064043514658000,4.322657958984375,5.914426288604736,6.7453639022827145,-0.44367549514770505
1789064043524695000,4.332695068359375,6.921487361907959,6.074388887023925,-0.407313557434082
1789064043534731800,4.342731689453125,7.203853520202636,6.284480082702636,-0.405368268585205
1789064043544769000,4.35276904296875,7.370250535583495,6.202329038238525,-0.31049802780151364
1789064043554806000,4.362805908203125,6.291064137268066,6.991517760467529,-0.2241571304321289
1789064043564843000,4.372843017578125,7.398232767486572,6.602459990692139,-0.27623101654052734
1789064043574880000,4.3828798828125,8.239944288635254,6.910414179229736,-0.745644179534912
1789064043584916700,4.392916748046875,8.92528451385498,6.751798319244385,-0.6792050834655762
1789064043594954000,4.4029541015625,6.964582991790771,7.5457754447937,-0.43634325256347656
1789064043604991000,4.412990966796875,7.695861961364746,7.383568282318115,-0.09112930068969725
1789064043615028000,4.423028076171875,8.277802602386474,6.848314573669433,0.23927052841186522
1789064043625065000,4.43306494140625,7.762450695037841,7.190386135864258,0.316034619140625
1789064043635102000,4.44310205078125,6.8685156501770015,7.141903552246093,0.20305822830200193
1789064043645139000,4.453138916015625,7.578546080017089,6.983138054656982,-0.039354689788818356
1789064043655176000,4.463176025390625,7.504176190948486,6.768857006072998,0.08304887008666992
1789064043665213000,4.473212890625,8.087762845611572,6.644807432556152,0.4975450325012207
1789064043675250200,4.483250244140625,7.310694769287109,6.685359223175048,1.0844237144470215
1789064043685287000,4.493286865234375,6.665756697082519,6.92014062347412,1.6211737991333006
1789064043695324000,4.503323974609375,5.855618710327148,6.927173590850829,1.8269255043029784
1789064043705361200,4.513361083984375,6.4643444824218745,6.831854437255859,1.5204676918029785
1789064043715398400,4.5233984375,6.216095697784423,6.573280657958984,1.1616367179870606
1789064043725435100,4.53343505859375,6.387580391693115,6.720075147247314,0.6741174049377441
1789064043735472000,4.54347216796875,7.228693362426758,6.031742169952392,0.7775169891357422
1789064043745509000,4.553509033203125,7.429507026672363,6.087257720947266,0.9207201759338378
1789064043755546400,4.56354638671875,7.521983065795898,6.029647243499755,0.9838672447204589
1789064043765582300,4.573582275390625,6.877793181610107,6.36498511352539,0.7433996154785156
1789064043775619300,4.583619384765625,7.199514029693603,6.511031414794921,0.21832126388549802
1789064043785656300,4.59365625,8.455272800445556,6.002413199615479,0.2690484115600586
1789064043795693000,4.603693115234375,8.188468952941895,6.101024380493164,0.4418798439025879
1789064043805730300,4.613730224609375,8.3762641456604,6.221931564331054,0.6138134506225585
1789064043815767300,4.623767333984375,7.887697369384765,5.779153894805908,0.531812043762207
1789064043825804300,4.63380419921875,6.598569412994385,6.657676266479492,-0.02289455337524414
1789064043835841300,4.64384130859375,7.2815154365539545,5.992686755371094,-0.3329436683654785
1789064043845878000,4.6538779296875,8.48445213317871,5.744437970733642,-0.37933132553100585
1789064043855915300,4.663915283203125,7.704690579986572,5.967398000335693,-0.1135749412536621
1789064043865952300,4.6739521484375,8.337208731079102,5.984157411956787,0.64478843460083
1789064043875989200,4.6839892578125,7.530362771606445,5.9688943763732905,1.1571475898742676
1789064043886026200,4.694026123046875,6.944381915283203,6.73563745803833,1.0148422286987304
1789064043896063200,4.704063232421875,6.924929026794433,6.574627396392822,0.39653964996337887
1789064043906100200,4.714100341796875,8.61269155960083,6.147262400054931,-0.1105821891784668
1789064043916137200,4.72413720703125,7.212083588409423,6.2678703086853025,-0.6777087074279785
1789064043926174200,4.73417431640625,6.893654767608642,6.977751100921631,-1.0881646545410155
1789064043936211500,4.74421142578125,8.124872971343994,5.662137288665771,-0.6274304725646972
1789064043946248200,4.754248291015625,7.653364881896972,6.583755290222167,-0.6914753669738769
1789064043956285200,4.76428515625,5.8545712471008295,7.274632106781006,-0.3051110740661621
1789064043966322200,4.774322265625,7.276278120422363,6.9898717468261715,0.18599954147338865
1789064043976359200,4.784359130859375,7.4503066535949705,6.974907986450195,0.40147769088745117
1789064043986396400,4.794396484375,7.947103498077392,7.235427054595947,0.5183446594238281
1789064043996433200,4.80443310546875,8.745120838928223,6.198288822937012,0.48991351470947264
1789064044006470100,4.81447021484375,7.1483379692077635,7.125742691040038,-0.38232407760620113
1789064044016507100,4.824507080078125,5.86070638885498,6.761524763488769,-0.8689455650329589
1789064044026543000,4.834543212890625,5.890184996795654,6.781426564788818,-1.601271997833252
1789064044036580400,4.844580322265625,6.6072483940124505,6.334608679962158,-1.399560507965088
1789064044046617300,4.854617431640625,7.835324208068847,5.748328548431396,-0.7297825935363769
1789064044056654300,4.864654296875,7.04808077468872,6.072892510986327,-0.09202712631225586
1789064044066691000,4.874691162109375,5.431246466064453,6.841431243896484,0.704194563293457
1789064044076728300,4.884728271484375,6.2575453140258785,6.625055268859863,0.8087912483215332
1789064044086765300,4.894765380859375,7.5439797935485835,6.6066498435974115,0.3082534637451172
1789064044096802300,4.90480224609375,7.773074964904785,6.702417910003661,-0.03127425918579101
1789064044106839300,4.91483935546875,6.846369284820557,7.22106184463501,-0.2814683326721191
1789064044116876000,4.9248759765625,5.5906105140686035,7.679102549743652,-0.2512415367126465
1789064044126913300,4.934913330078125,7.096563358306884,7.209090836334228,-0.2554313896179199
1789064044136950300,4.9449501953125,9.098564859008789,6.431573847198486,-0.5829881042480468
1789064044146987300,4.9549873046875,8.220192124938965,7.046584398651123,-0.8860042518615722
1789064044157024300,4.965024169921875,6.860734494781494,7.129483631134033,-0.6088754096984863
1789064044167061200,4.975061279296875,6.880486658477783,7.1872437461853025,-0.7785644523620605
1789064044177098200,4.98509814453125,7.402721895599365,6.791452284240722,-0.7381622993469238
1789064044187135200,4.99513525390625,7.32251613998413,6.654384239196777,-0.6028899055480956
1789064044197172200,5.005172119140625,6.940790612792968,6.565798777770996,-0.5506663818359374
1789064044207209500,5.01520947265625,5.863998416137695,7.010970648956299,-0.31438860549926756
1789064044217246200,5.02524609375,6.174047531127929,6.688800888061523,0.15652093353271485
1789064044227283200,5.035283203125,8.000823397827148,6.368726053619384,0.27353753967285155
1789064044237320200,5.0453203125,8.52305863494873,6.226570330047607,0.2741360900878906
1789064044247357200,5.055357177734375,6.697479869079589,7.3846157455444335,0.048183308410644526
1789064044257394400,5.06539453125,6.878990282440185,7.079205396270751,0.055365913391113276
1789064044267431200,5.07543115234375,8.24203921508789,6.900687734985351,-0.2653074714660644
1789064044277468200,5.08546826171875,9.242216958618164,6.3700727920532225,-0.512059880065918
1789064044287504100,5.095504150390625,7.365312494659423,7.03581049118042,-0.6118681617736816
1789064044297541000,5.105541015625,6.86941347579956,6.827814221954346,-0.6789058082580566
1789064044307578400,5.115578369140625,6.330119551849365,6.851008050537109,-0.8207622566223144
1789064044317615400,5.125615478515625,6.9719152343749995,6.533776330566406,-1.247528702545166
1789064044327652000,5.135652099609375,7.258471245574951,6.206069978332519,-1.424849263000488
1789064044337689000,5.145689208984375,6.991817035675048,6.0996776420593255,-1.5102923347473143
1789064044347726300,5.155726318359375,6.066607731628418,6.391022056579589,-1.526602833557129
1789064044357763300,5.165763427734375,6.258592777252197,6.2858268211364745,-1.7106570861816406
1789064044367800300,5.17580029296875,6.86986238861084,6.0707975845336914,-1.9541174674987791
1789064044377837000,5.185837158203125,7.346458156585693,6.106560971832275,-2.2973861305236816
1789064044387874000,5.1958740234375,7.2909426055908195,6.258592777252197,-2.475005966186523
1789064044397911300,5.205911376953125,6.748805567169189,6.48589229736328,-2.3042694602966307
1789064044407948300,5.2159482421875,7.650521767425537,6.223278302764892,-2.4028806411743164
1789064044417985300,5.2259853515625,7.255777768707275,6.476315490722656,-2.798223190307617
1789064044428022300,5.236022216796875,6.818087777709961,6.794145761108398,-3.259406285095215
1789064044438059300,5.246059326171875,7.162403903961181,6.7167831199645995,-3.7208886550903317
1789064044448096300,5.25609619140625,8.142829483795165,6.399102487182617,-3.880851253509521
1789064044458133200,5.26613330078125,7.962216896057129,6.44803398361206,-3.5570354789733885
1789064044468170200,5.276170166015625,7.953238639831542,6.447734708404541,-3.0386908195495606
1789064044478207200,5.286207275390625,6.634183162689209,6.7037646484375,-2.3151930053710936
1789064044488244200,5.296244140625,6.515221267700195,6.674286040496826,-2.1719898185729978
1789064044498281200,5.30628125,6.45416912536621,6.7271081146240235,-2.123357597351074
1789064044508318200,5.316318115234375,7.250540452575684,6.246621768951416,-1.7190367919921874
1789064044518355200,5.326355224609375,7.6659344406127925,6.066009181213379,-1.4534300453186035
1789064044528392200,5.33639208984375,8.456619538879394,5.973533142089844,-1.2617442749023438
1789064044538428400,5.346428466796875,8.379256897735596,6.108955173492431,-1.263539926147461
1789064044548465200,5.356465087890625,8.601917652130126,6.209810918426514,-1.3456909706115723
1789064044558502100,5.366502197265625,6.688950525665283,6.985083343505859,-1.2882301307678221
1789064044568539100,5.3765390625,7.141903552246093,7.177367664337158,-1.011849476623535
1789064044578576400,5.386576416015625,8.267178332519531,6.516418368530273,-0.7588122886657714
1789064044588613400,5.39661328125,8.282740643310547,6.827215671539307,-0.5588964500427246
1789064044598650000,5.406650146484375,7.4609309234619134,6.884377236175537,-0.38367081604003905
1789064044608687000,5.41668701171875,8.006060713958739,6.65213967514038,-0.6253355461120605
1789064044618724400,5.426724365234375,7.800757921600342,6.564003126525878,-0.6440402465820312
1789064044628761300,5.43676123046875,7.696011598968505,6.42229631576538,-0.3933972602844238
1789064044638798300,5.44679833984375,7.432948691558837,6.400898138427734,0.017357962036132813
1789064044648835000,5.4568349609375,6.302137319946289,6.471527087402343,0.6402993064880371
1789064044658872000,5.4668720703125,5.434089580535888,6.641216130065917,0.589272883605957
1789064044668909300,5.476909423828125,4.942081139373779,6.585550941467285,0.2750339157104492
1789064044678946300,5.4869462890625,6.106112059020996,6.219986275482177,-0.11342530364990233
1789064044688983300,5.4969833984375,7.3742907508850095,5.567865598297119,-0.2255038688659668
1789064044699020000,5.50702001953125,7.084592350006103,5.7966614944458,0.013916297149658202
1789064044709056500,5.517056396484375,6.613233898162841,5.965003798675537,0.2736871772766113
1789064044719093800,5.52709375,7.869740856933594,5.7326166000366205,0.3612251754760742
1789064044729130800,5.537130859375,7.799710458374023,6.206668528747558,0.2705447875976562
1789064044739167700,5.547167724609375,7.767089460754394,6.432621310424804,0.27398645248413084
1789064044749204700,5.557204833984375,8.14013600692749,6.66515814666748,-0.020350714111328123
1789064044759241700,5.56724169921875,7.868543756103515,6.977302188110351,-0.36691140441894526
1789064044769278700,5.57727880859375,8.027458891296387,6.993612686920166,-0.7665934440612793
1789064044779315700,5.587315673828125,7.291840431213378,7.201758593749999,-1.0733505317687988
1789064044789352700,5.597352783203125,7.5519105865478515,6.870161663818359,-0.9323919090270996
1789064044799390000,5.607389892578125,8.044517578125,6.47377165145874,-0.16175824966430663
1789064044809426000,5.617426025390625,8.390629355621337,6.032041445159912,0.6994061599731445
1789064044819462700,5.627462646484375,6.673537852478027,6.663362495422363,1.1788450424194334
1789064044829499600,5.637499755859375,7.318775199890136,6.343736573791504,1.3274351829528808
1789064044839536600,5.64753662109375,7.391648712921143,6.151601890563964,1.012597664642334
1789064044849573600,5.65757373046875,6.8210805297851556,6.859238118743896,0.45190556335449217
1789064044859611000,5.66761083984375,6.218938812255859,6.8578913803100585,0.1731307075500488
1789064044869647600,5.677647705078125,6.494720915985107,7.058705044555664,-0.21996727752685546
1789064044879684600,5.6876845703125,7.032668101501464,7.069329314422607,-0.009427169036865234
1789064044889721600,5.6977216796875,7.452251942443847,6.926425402832031,0.4466682472229004
1789064044899758800,5.7077587890625,7.185148819732666,7.421576233673095,0.47061026382446286
1789064044909795800,5.7177958984375,7.749432223510742,7.266252400970458,0.6970119583129882
1789064044919832800,5.727832763671875,8.05080235748291,6.97146632156372,0.9859621711730956
1789064044929869600,5.73786962890625,6.544999150848389,7.477241422271728,0.9765350021362305
1789064044939906800,5.74790673828125,6.872256590270996,7.160907527923584,0.9241618408203125
1789064044949943800,5.75794384765625,6.71633420715332,6.808211695861816,0.8231564582824706
1789064044959980800,5.767980712890625,7.4025722579956055,6.58210927658081,0.6197989547729492
1789064044970017800,5.778017822265625,6.5677440666198725,6.156390293884277,1.2259808876037597
1789064044980054500,5.788054443359375,3.8935704498291015,7.306654553985595,1.371428638458252
1789064044990091800,5.798091796875,6.111349375152588,6.499060406494141,1.4823101028442383
1789064045000128800,5.808128662109375,7.886500268554687,5.750124199676513,1.8989011917114256
1789064045010165800,5.818165771484375,7.056011567687988,6.521356409454345,1.922992845916748
1789064045020202800,5.82820263671875,6.097881990814209,6.748356654357909,2.0774188529968263
1789064045030239700,5.83823974609375,6.149058051300049,7.094618069458007,2.0370166999816894
1789064045040276700,5.84827685546875,6.969521032714844,7.219266193389892,1.3184569267272948
1789064045050313700,5.858313720703125,10.29791025314331,6.121973645019531,1.1746551895141601
1789064045060350700,5.868350830078125,7.8627078895568845,7.179013677978515,1.1035773277282714
1789064045070388000,5.878387939453125,5.850082118988037,8.11514652709961,1.0079588989257813
1789064045080424000,5.888423828125,6.90143592300415,7.433696879577636,1.2981062126159668
1789064045090460700,5.898460693359375,8.220940312957763,6.757783823394775,1.1267711563110352
1789064045100497700,5.90849755859375,8.19684865875244,6.837989579010009,1.0075099861145018
1789064045110534700,5.91853466796875,7.337629537963867,6.5874962303161615,1.0142436782836914
1789064045120571600,5.928571533203125,6.743867526245117,6.666504885101318,1.0760440086364746
1789064045130609000,5.93860888671875,6.983736605072021,6.50534518585205,0.7035960128784179
1789064045140645600,5.948645751953125,8.418611587524413,5.805789388275146,0.5255272644042969
1789064045150682600,5.9586826171875,7.4785881607055655,6.466589046478271,0.05835866546630859
1789064045160719600,5.9687197265625,7.066037287139892,6.451176373291015,-0.3500023551940918
1789064045170756900,5.9787568359375,5.763741221618652,7.029824987030029,-0.4525041137695312
1789064045180793900,5.9887939453125,7.084891625213623,6.747009915924072,-0.6353612655639648
1789064045190830600,5.99883056640625,8.57408505783081,6.200683024597168,-0.5374982727050781
1789064045200867600,6.00886767578125,7.582735932922363,6.742071875,-0.5846341178894042
1789064045210904800,6.01890478515625,6.146364574432373,7.251587915802001,-0.8218097198486327
1789064045220941800,6.02894189453125,7.0652890991210935,7.026233684539794,-0.7275380294799805
1789064045230978800,6.038978759765625,6.949469593811035,6.717232032775878,-0.05521627578735351
1789064045241015600,6.049015625,7.13756406173706,6.8119526359558105,0.3033154228210449
1789064045251052500,6.059052490234375,7.605031935882568,6.210708744049072,0.4789899696350097
1789064045261089800,6.06908984375,6.289418123626708,6.641066492462158,-0.0962169792175293
1789064045271126800,6.079126708984375,6.940192062377929,6.381594887542724,-0.93852705078125
1789064045281163800,6.089163818359375,7.223605683898925,6.137835231018066,-1.5426140571594238
1789064045291200500,6.099200439453125,7.8782702003479,5.9777229949951165,-1.7341501899719238
1789064045301237800,6.10923779296875,6.810007347106933,6.326378611755371,-1.626710390472412
1789064045311274800,6.119274658203125,7.385962483978271,6.241534090423584,-1.5747861419677733
1789064045321311700,6.129311767578125,7.344662505340576,6.325181510925293,-1.790713204193115
1789064045331348700,6.1393486328125,7.523479441833496,6.584353840637207,-2.0886416732788087
1789064045341385700,6.1493857421875,8.53009160232544,5.941211419677734,-1.81315884475708
1789064045351422000,6.159421875,7.6101196144104,6.347627151489258,-1.8279729675292968
1789064045361458700,6.169458740234375,7.124246315002441,6.22477467880249,-1.654692622375488
1789064045371495700,6.17949560546875,7.242011109161377,5.986701251220703,-1.7422306205749511
1789064045381532700,6.18953271484375,7.458237446594238,5.893925936889648,-2.114678616333008
1789064045391569700,6.199569580078125,7.521683790588378,6.013486382293701,-1.7925088554382322
1789064045401607000,6.20960693359375,8.575431796264647,5.604975724029541,-1.6205752487182616
1789064045411643600,6.2196435546875,8.622418003845214,5.977274082183838,-1.4791677131652832
1789064045421680600,6.2296806640625,7.764695259094238,6.498312218475341,-1.4600140998840332
1789064045431717600,6.239717529296875,7.8064441505432125,6.763769327545166,-1.5219640678405761
1789064045441755000,6.2497548828125,8.45916337814331,6.8309566116333,-1.4333786064147949
1789064045451792000,6.2597919921875,8.61239228439331,6.81823741531372,-1.2068272743225097
1789064045461828600,6.26982861328125,8.265233043670653,7.189787585449218,-0.8550292678833007
1789064045471865600,6.279865478515625,8.105270445251465,6.975207261657714,-0.8773252708435058
1789064045481902800,6.28990283203125,8.340051845550537,7.04194563293457,-0.6872855140686035
1789064045491939800,6.29993994140625,8.785223716735839,6.372915906524658,-0.26650457229614255
1789064045501976800,6.309976806640625,7.710077533721924,6.471377449798584,0.12105682144165038
1789064045512013600,6.320013671875,6.212953308105468,6.616077012634277,0.6497264755249023
1789064045522050600,6.330050537109375,5.738003553771972,6.1173348793029785,0.6159083770751953
1789064045532087800,6.340087890625,5.176263989257812,6.136039579772949,0.206200617980957
1789064045542124800,6.350124755859375,5.802497360992431,5.443666387176513,0.19602526092529296
1789064045552161800,6.360161865234375,5.858461824798583,5.440075084686279,0.42541970748901364
1789064045562198500,6.370198486328125,6.59497811050415,5.307047254943847,0.5551555099487304
1789064045572235800,6.38023583984375,6.810456259918213,5.340266802978515,0.8128314636230468
1789064045582272800,6.390272705078125,7.489661343383789,5.934477727508544,0.6181529411315918
1789064045592309800,6.400309814453125,7.274183193969726,6.196792446899414,0.6796539962768554
1789064045602346800,6.4103466796875,6.83739102859497,7.236025605010986,0.48976387710571284
1789064045612382700,6.4203828125,7.7419503433227534,7.306355278778076,0.617404753112793
1789064045622419700,6.430419677734375,7.458985634613037,7.4956468475341795,1.1363479629516602
1789064045632456700,6.440456787109375,8.467692721557617,7.717409776306152,0.8653542625427245
1789064045642493700,6.45049365234375,8.45841519012451,7.368005971527099,1.0491092399597168
1789064045652530700,6.46053076171875,8.10167914276123,7.619846058654785,1.0001777435302734
1789064045662567700,6.470567626953125,8.824129493713379,6.842777982330322,1.1164461616516113
1789064045672604700,6.480604736328125,7.799560820770263,6.871059489440918,1.3506290115356445
1789064045682641700,6.4906416015625,7.141903552246093,6.659172642517089,1.3958195678710936
1789064045692678700,6.5006787109375,6.4092778442382805,6.391022056579589,1.650951682281494
1789064045702715600,6.510715576171875,4.4659342842102046,7.070376777648925,1.9138649520874023
1789064045712752400,6.52075244140625,6.414365522766113,6.193201144409179,1.7893664657592772
1789064045722789400,6.530789306640625,7.263708561706543,6.073640699005127,1.8097171798706053
1789064045732826400,6.540826416015625,6.133645378112792,6.83739102859497,1.5656582481384276
1789064045742863400,6.55086328125,6.974758348846435,6.752097594451904,1.371428638458252
1789064045752900400,6.560900390625,8.135048328399657,6.705410662078857,1.2253823371887207
1789064045762937300,6.570937255859375,9.266458250427245,6.49935968170166,0.6561608924865723
1789064045772974300,6.580974365234375,7.444620424652099,7.5065703926086425,0.2768295669555664
1789064045783011300,6.59101123046875,6.18631781463623,7.811980741882324,0.16310498809814453
1789064045793048300,6.60104833984375,7.685387329101562,7.4788874359130855,-0.04967968444824218
1789064045803085300,6.611085205078125,9.262268397521972,6.6899979888916015,0.16639701538085935
1789064045813122300,6.621122314453125,7.61670366897583,6.921487361907959,0.388159944152832
1789064045823159600,6.63115966796875,6.619518677520752,7.153425647735595,0.3896563201904297
1789064045833196300,6.6411962890625,6.585850216674804,6.331466290283203,0.565031591796875
1789064045843233300,6.6512333984375,6.946327204132079,6.235997499084473,-0.1470937644958496
1789064045853270300,6.661270263671875,6.787860981750488,5.489455493927002,-0.088735099029541
1789064045863307300,6.671307373046875,5.36959577331543,5.746233621978759,-0.38456864166259763
1789064045873344500,6.681344482421875,5.102492650604248,6.2861260963439936,-0.9406219772338866
1789064045883380500,6.69138037109375,7.8261963142395015,4.825064533233642,-0.6546645164489746
1789064045893417500,6.70141748046875,7.885901718139648,5.319018263244629,-0.773776049041748
1789064045903454200,6.7114541015625,5.617994195556641,6.693888566589355,-0.6721721160888672
1789064045913491200,6.7214912109375,6.394613359069824,6.580463262939452,-0.5744587608337401
1789064045923528400,6.731528564453125,8.380005085754394,6.509235763549804,-0.9795277542114257
1789064045933565400,6.7415654296875,8.598326349639892,6.815843213653564,-0.9343371978759765
1789064045943602400,6.7516025390625,9.092579354858398,6.788010619354248,-0.7314286071777343
1789064045953639200,6.76163916015625,8.622717279052734,7.211335400390625,-0.7698854713439941
1789064045963676400,6.771676513671875,8.38913297958374,7.136067685699462,-0.8161234909057616
1789064045973713400,6.78171337890625,7.840860799407959,7.209988661956786,-1.4124293418884277
1789064045983750400,6.79175048828125,7.782202858734131,7.1136220451354975,-1.8810943168640135
1789064045993787400,6.801787353515625,7.626579750823974,6.5601125488281244,-2.1881506797790524
1789064046003824400,6.811824462890625,7.7690347496032715,6.297498554229736,-2.156577145385742
1789064046013861400,6.821861328125,7.2054995338439936,5.660341637420654,-1.422455061340332
1789064046023898400,6.8318984375,6.493972727966308,5.872378121948242,-1.3769652297973631
1789064046033935400,6.841935302734375,6.554426319885254,5.652859757232665,-1.677736813354492
1789064046043972400,6.851972412109375,6.30138913192749,5.6486699043273925,-2.1716905433654783
1789064046054009300,6.86200927734375,6.619219402313232,6.210559106445312,-3.0277672744750976
1789064046064046300,6.87204638671875,7.917624890136718,5.704484730529785,-2.4838345848083496
1789064046074083300,6.882083251953125,7.979125945281982,5.913827738189697,-2.0036475143432617
1789064046084120300,6.892120361328125,7.678354361724853,6.359747797393799,-2.046294231414795
1789064046094157600,6.902157470703125,6.947973217773437,6.6060512931823725,-2.330904953765869
1789064046104194300,6.9121943359375,7.725190931701659,6.6340335250854485,-3.227084562683105
1789064046114231300,6.922231201171875,8.336460543060301,6.417058999633789,-3.3330279861450194
1789064046124268300,6.932268310546875,8.564807526397704,6.259640240478515,-3.1051299156188965
1789064046134305300,6.94230517578125,7.593509840393066,6.467636509704589,-2.5834932289123533
1789064046144342500,6.952342529296875,6.463297019195556,6.617274113464355,-2.0823568939208985
1789064046154378500,6.96237841796875,6.650643299102783,6.366481489562988,-1.7235259201049804
1789064046164415200,6.972415283203125,6.971167046356201,6.232106921386718,-1.468992356109619
1789064046174452200,6.9824521484375,7.273285368347167,5.960365032958984,-1.445349614715576
1789064046184489200,6.9924892578125,6.381145974731445,6.235249311065673,-1.5153800132751465
1789064046194526500,7.0025263671875,5.125985754394531,6.606350568389892,-1.3651438591003417
1789064046204563500,7.0125634765625,6.649745473480224,6.16087942199707,-1.1245265922546386
1789064046214600400,7.022600341796875,8.84223564376831,5.435137043762206,-0.4445733207702636
1789064046224637200,7.03263720703125,8.527697400665282,5.853224508666992,0.26710312271118164
1789064046234674400,7.04267431640625,7.0461354858398435,6.553079581451415,0.2738368148803711
1789064046244711400,7.05271142578125,7.216572716522216,7.0269818725585935,-0.00014963760375976562
1789064046254748400,7.06274853515625,8.276455863952636,6.887818901062011,-0.11926117019653319
1789064046264785400,7.072785400390625,9.181913004302977,6.676081691741943,-0.01331774673461914
1789064046274822400,7.082822509765625,8.132504489135743,7.472004106140136,0.2904465888977051
1789064046284859400,7.092859375,7.86540136642456,7.235427054595947,0.47494975433349607
1789064046294896400,7.102896484375,8.58111802520752,7.24620096206665,0.38367081604003905
1789064046304933400,7.112933349609375,8.22258632659912,6.803273654937744,0.3812766143798828
1789064046314970400,7.122970458984375,6.645405982971191,7.540388491058349,0.5330091445922851
1789064046325007400,7.13300732421875,7.592462377166748,6.4266358062744136,0.9846154327392578
1789064046335044400,7.14304443359375,6.475567302703857,6.4178071876525875,1.5031097297668456
1789064046345081300,7.153081298828125,5.135562561035156,6.442347754669189,1.6409259628295898
1789064046355118300,7.163118408203125,5.387552285766601,5.784540848541259,1.2382511711120605
1789064046365155600,7.173155517578125,5.363610269165039,5.68862314453125,0.739957950592041
1789064046375192300,7.1831923828125,6.289867036437988,5.315726235961914,0.6102221481323242
1789064046385229300,7.193229248046875,6.940341699981689,5.063137960815429,0.7671919944763184
1789064046395266300,7.203266357421875,7.027430785369873,5.610213040161132,0.6844423995971679
1789064046405303300,7.21330322265625,6.565948415374756,6.0422168022155756,0.9947907897949219
1789064046415339500,7.223339599609375,6.713191817474365,6.700472621154785,1.0254664985656738
1789064046425376500,7.23337646484375,9.130437668609618,6.320991658020019,0.716315209197998
1789064046435413200,7.243413330078125,9.176825325775146,6.791302646636963,0.08768763580322265
1789064046445450200,7.2534501953125,7.6479779281616205,7.771728226470946,-0.697161595916748
1789064046455487200,7.2634873046875,7.750928599548339,7.564629782867431,-0.987009634399414
1789064046465524500,7.2735244140625,7.977779206848144,7.269245153045654,-0.5383960983276367
1789064046475561500,7.2835615234375,8.941295737457274,6.866121448516846,-0.13781623306274413
1789064046485598200,7.29359814453125,8.279298978424071,6.572233194732665,0.521636686706543
1789064046495635200,7.30363525390625,7.411700151824951,6.6647092338562,0.7466916427612305
1789064046505672400,7.31367236328125,6.765265703582763,6.469132885742187,0.5363011718749999
1789064046515709400,7.32370947265625,6.487388673400878,6.465092670440673,0.36107553787231444
1789064046525746400,7.333746337890625,6.294356164550781,6.291662687683105,0.17761983566284179
1789064046535783200,7.343783203125,6.2976481918334954,6.318597456359863,-0.21817162628173828
1789064046545820200,7.353820068359375,6.609492958068847,6.489333962249756,-0.5039794494628906
1789064046555857400,7.363857421875,7.090278578948975,6.500556782531738,-0.6323685134887695
1789064046565894400,7.373894287109375,7.614908017730713,6.761973676300048,-0.49949032135009763
1789064046575931400,7.383931396484375,8.321496782684326,6.675183866119385,0.07781155395507812
1789064046585968000,7.393968017578125,8.033145120239258,7.052120989990234,0.45459904022216796
1789064046596005400,7.40400537109375,7.992144416809081,7.388805598449706,0.6913257293701172
1789064046606042400,7.41404248046875,8.47278040008545,7.01620796508789,0.7122749938964843
1789064046616079400,7.424079345703125,8.98274535369873,6.883479410552978,0.6353612655639648
1789064046626116400,7.434116455078125,7.582137382507324,6.854599353027344,0.8113350875854491
1789064046636153300,7.4441533203125,6.508786850738525,7.1118263938903805,0.8877999031066894
1789064046646190300,7.4541904296875,7.013215213012695,6.149058051300049,1.052850180053711
1789064046656227300,7.464227294921875,7.034314115142822,6.160280871582031,0.24974516067504882
1789064046666264300,7.474264404296875,7.285705289459228,5.502473965454101,-0.01331774673461914
1789064046676300300,7.48430029296875,5.479130499267578,6.095188513946533,-0.14484920043945312
1789064046686337500,7.494337646484375,6.176142457580566,5.652410844421387,0.045938744354248044
1789064046696374500,7.50437451171875,7.188291209411621,5.415085604858398,0.4649240348815918
1789064046706411300,7.514411376953125,7.9575781303405755,5.548861622619628,0.8653542625427245
1789064046716448300,7.5244482421875,6.923881563568115,5.945850185394287,1.0256161361694336
1789064046726485200,7.5344853515625,6.873752966308594,6.7280059402465815,0.6367080039978027
1789064046736522200,7.544522216796875,7.9560817543029785,6.494421640777587,-0.06299743118286133
1789064046746559500,7.5545595703125,9.548824408721924,6.2304609077453605,-0.5401917495727538
1789064046756596200,7.56459619140625,9.196876764678954,6.415113710784912,-0.429011009979248
1789064046766633200,7.57463330078125,8.099284941101073,6.762721864318848,-0.0848445213317871
1789064046776670200,7.584670166015625,7.888146282196044,6.5686418922424314,0.11237784042358398
1789064046786707500,7.59470751953125,7.577797891998291,6.693738928985596,0.09965864410400391
1789064046796744400,7.604744384765625,8.402600363922119,6.1456163864135736,0.08888473663330078
1789064046806781200,7.61478125,8.346635900115967,5.824045175933837,-0.030825346374511717
1789064046816818200,7.624818115234375,6.265925019836425,6.664409958648681,-0.13856442108154296
1789064046826855400,7.63485546875,6.843226895141601,5.944653084564209,0.40880993347167965
1789064046836892400,7.644892333984375,7.111676756286621,5.803844099426269,0.411802685546875
1789064046846929400,7.654929443359375,7.542333779907226,6.056133099365234,0.06404489440917968
1789064046856966100,7.664966064453125,7.76364779586792,5.954978079223633,-0.40776247024536133
1789064046867003100,7.675003173828125,6.782922940826416,6.753893245697021,-0.8249521095275878
1789064046877040400,7.685040283203125,6.968473569488525,6.974608711242675,-0.22520459365844725
1789064046887077400,7.695077392578125,7.785195610809326,6.589291881561279,0.45025954971313475
1789064046897114400,7.7051142578125,8.10197841796875,6.827963859558105,0.7610568527221679
1789064046907151000,7.715151123046875,7.737461215209961,6.916998233795166,0.2629132698059082
1789064046917188400,7.725188232421875,7.277924134063721,7.071424240875244,-0.6341641647338867
1789064046927225300,7.735225341796875,6.763769327545166,7.125593053436279,-1.2428899368286133
1789064046937262300,7.745262451171875,8.456170626068115,6.1942486076354975,-1.4459481651306152
1789064046947298300,7.75529833984375,7.321468676757812,6.334907955169677,-1.1053729789733886
1789064046957335300,7.765335205078125,5.91218172454834,6.637475189971924,-0.949300958251953
1789064046967372500,7.77537255859375,6.910713454437255,5.971887128448486,-0.5964554885864257
1789064046977409300,7.7854091796875,6.637624827575683,6.057629475402831,-0.6141127258300781
1789064046987446300,7.7954462890625,6.466888321685791,6.020968262481689,-0.5445312400817871
1789064046997483300,7.805483154296875,6.700921533966064,5.891232460021972,-0.5424363136291503
1789064047007520300,7.815520263671875,5.604377173614502,6.091148298645019,-0.6624456718444823
1789064047017557500,7.8255576171875,6.361094535827636,6.195744983673095,-0.5765536872863769
1789064047027594200,7.83559423828125,8.440309040069579,5.511152946472167,-0.455197590637207
1789064047037631200,7.84563134765625,8.891316777801514,5.858461824798583,-0.44577042160034175
1789064047047668200,7.855668212890625,7.351845110321045,6.865672535705566,-0.2721908012390137
1789064047057705500,7.86570556640625,8.463203593444824,6.98478406829834,-0.3646668403625488
1789064047067742500,7.875742431640625,8.763975177001953,7.37354256286621,0.02498947982788086
1789064047077779200,7.885779296875,9.324068727874755,7.493402283477783,0.34835634155273437
1789064047087816200,7.895816162109375,8.659378491973877,7.836820584106444,0.8448539108276367
1789064047097853400,7.905853515625,8.183830187225341,8.189815691375731,0.8843582382202148
1789064047107890400,7.915890380859375,8.248174356842041,7.7581112045288085,0.7049427513122558
1789064047117927400,7.925927490234375,7.64872611618042,7.794173867034911,0.6111199737548828
1789064047127964200,7.935964111328125,8.054393659973144,6.917447146606445,0.7026981872558593
1789064047138001200,7.946001220703125,6.547542990112304,6.902333748626709,0.8001122673034667
1789064047148038400,7.956038330078125,5.288043279266357,6.910713454437255,0.8637082489013671
1789064047158075400,7.966075439453125,5.781099183654785,5.812822355651855,0.615459464263916
1789064047168112400,7.9761123046875,5.266794739532471,6.037727674102783,0.0665887336730957
1789064047178149000,7.986149169921875,5.666476779174804,5.427355888366699,0.008678981018066407
1789064047188186400,7.996186279296875,6.0884548217773435,4.979640177917481,0.5467758041381836
1789064047198223400,8.006223388671875,5.995230594635009,5.24135634689331,0.9056067779541015
1789064047208259300,8.01625927734375,6.322338396453857,5.203946945953369,0.7529764221191406
1789064047218296300,8.02629638671875,7.198017653656006,5.6012347839355465,0.22819734573364256
1789064047228333300,8.036333251953126,7.503128727722167,5.863848778533935,-0.0618003303527832
1789064047238370300,8.046370361328124,7.2803183357238765,6.8964978820800775,-0.35658640975952144
1789064047248407300,8.0564072265625,8.168267876434326,7.035062303161621,-0.29718028106689454
1789064047258444300,8.0664443359375,7.804947774505615,7.443722599029541,-0.273238264465332
1789064047268481300,8.076481201171875,7.708431520080566,8.03239693222046,-0.24570494537353516
1789064047278518300,8.086518310546875,8.907926551818846,7.113472407531738,-0.0016460136413574218
1789064047288555300,8.09655517578125,9.399486080169677,6.993313411712646,0.12943652725219726
1789064047298592300,8.10659228515625,9.068338063049316,6.528389376831054,0.4444236831665039
1789064047308629200,8.116629150390626,7.437288182067871,6.65902300491333,0.24645313339233396
1789064047318666200,8.126666259765624,6.6419643180847165,6.7030164604187,0.4269160835266113
1789064047328703500,8.136703369140625,6.625953094482422,6.067355919647216,0.49155952835083006
1789064047338740200,8.146740234375,6.262483354949951,6.416909362030029,0.5044283622741699
1789064047348777200,8.156777099609375,6.431424209594726,6.239139888763427,0.7276876670837402
1789064047358814200,8.166814208984375,7.312041507720947,6.157288119506836,0.826149210357666
1789064047368851500,8.1768515625,7.451354116821289,6.49277562713623,0.9099462684631348
1789064047378888400,8.186888427734376,8.296956215667723,6.4852937469482415,0.8858546142578124
1789064047388925400,8.196925537109376,8.110807036590575,6.781576202392578,1.1463736824035644
1789064047398962200,8.206962158203124,8.129661374664305,7.050624613952636,1.143380930328369
1789064047408999200,8.216999267578124,8.311321425628662,6.9342065582275385,0.8197147933959961
1789064047419036400,8.227036376953125,7.933187200927734,7.236324880218506,0.48108489608764643
1789064047429073400,8.237073486328125,8.937105884552002,6.429778195953369,0.1479915901184082
1789064047439110400,8.2471103515625,8.933963494873046,6.112097563171386,-0.19168577041625975
1789064047449147100,8.257147216796875,6.233154384613036,6.622511429595947,-0.22400749282836913
1789064047459184400,8.267184326171876,6.394762996673584,5.889137533569335,-0.2823661582946777
1789064047469220400,8.277220458984376,6.799831990051269,5.276221908569336,-0.587926145172119
1789064047479257300,8.28725732421875,6.210559106445312,5.2085857116699215,-0.8307879760742187
1789064047489294300,8.29729443359375,5.734112976074218,5.0014872680664055,-0.5470750793457031
1789064047499331300,8.307331298828124,5.887491519927978,5.204994409179688,-0.6257844589233398
1789064047509368300,8.317368408203125,7.490409531402587,4.931905782318115,-0.3898059577941894
1789064047519405300,8.3274052734375,8.265233043670653,4.847959086608887,0.10699088668823241
1789064047529442300,8.3374423828125,7.508665319061278,6.1088055358886715,-0.3902548706054687
1789064047539479300,8.347479248046875,6.815244663238525,6.790853733825683,-0.6539163284301758
1789064047549516300,8.357516357421876,8.719233533477782,6.79938307723999,-1.5249568199157715
1789064047559553300,8.36755322265625,8.895955543518065,7.219266193389892,-1.9093758239746093
1789064047569590300,8.37759033203125,8.595333597564697,7.48876351776123,-1.4404115737915038
1789064047579627300,8.387627197265624,8.869918600463867,7.395688928222656,-1.337460902404785
1789064047589664300,8.397664306640625,8.264335218048096,7.474847220611572,-1.3193547523498534
1789064047599701500,8.407701416015625,7.92256293106079,7.268945877838134,-1.384746385192871
1789064047609738200,8.41773828125,7.740005054473876,7.079504671478271,-1.8454805671691894
1789064047619775200,8.427775146484375,7.988253839111327,6.796240687561035,-2.1101894882202146
1789064047629812200,8.437812255859376,7.73776049041748,6.090998661041259,-1.9020435813903807
1789064047639849500,8.447849365234376,5.53509496307373,6.742371150207519,-2.020855838775635
1789064047649886500,8.457886474609374,5.161599504089355,6.759280199432372,-2.0210054763793943
1789064047659923200,8.467923095703124,6.201431212615966,6.029946518707275,-1.6593313880920408
1789064047669960200,8.477960205078125,6.96533117980957,6.139780519866943,-2.476502342224121
1789064047679997200,8.4879970703125,6.479308242797851,6.32667788696289,-2.044348942565918
1789064047690034400,8.498034423828125,5.811625254821777,6.516867281341552,-1.4832079284667967
1789064047700071400,8.508071533203125,7.835473845672607,6.318597456359863,-1.3250409812927246
1789064047710108200,8.518108154296876,8.225279803466796,5.6586956237792965,-0.3067570877075195
1789064047720145200,8.528145263671876,6.827664584350585,6.805368581390381,-1.2105682144165038
1789064047730181000,8.53818115234375,6.343736573791504,6.9719152343749995,-1.8983026412963866
1789064047740218000,8.548218017578124,6.826766758728027,6.81898560333252,-2.4938603042602536
1789064047750255000,8.558255126953124,8.66326906967163,6.356006857299804,-2.9255647911071776
1789064047760292400,8.568292236328125,7.4114008766174315,6.485742659759521,-2.505980950164795
1789064047770329300,8.578329345703125,5.72618218307495,7.194276713562012,-2.3925556465148925
1789064047780366000,8.588365966796875,6.639121203613281,6.470928536987304,-2.1972785736083984
1789064047790403000,8.598403076171875,7.416937467956543,6.188712016296386,-1.832911008453369
1789064047800440000,8.608440185546876,7.202057868957519,6.072742873382568,-1.3334206871032714
1789064047810477300,8.618477294921876,6.638971566009521,6.277147840118408,-1.280748250579834
1789064047820514300,8.628514404296874,6.261735166931152,6.474220564270019,-0.9938929641723632
1789064047830551000,8.638551025390624,7.292289344024658,6.073640699005127,-0.429011009979248
1789064047840588000,8.648588134765625,8.245630517578125,5.954379528808594,0.3024175971984863
1789064047850625300,8.658625244140625,8.453926062011718,6.100874742889404,1.0531494552612304
1789064047860662300,8.668662353515625,7.9548846534729,6.527341913604736,0.650624301147461
1789064047870699300,8.67869921875,7.92331111907959,7.030722812652588,0.047884033203124995
1789064047880736000,8.688736083984375,8.236951536560058,6.927772141265868,-0.41359833679199215
1789064047890773200,8.698773193359376,8.82981572265625,7.172728898620605,-0.6416460449218749
1789064047900810200,8.708810302734374,8.712948754119873,7.192929975128173,-0.2262520568847656
1789064047910847200,8.71884716796875,8.751704893493653,7.133972759246825,-0.05880757827758789
1789064047920884200,8.72888427734375,7.460631648254394,7.7781626434326165,-0.11297639083862304
1789064047930921000,8.7389208984375,8.300996430969239,7.25906979598999,-0.2599205177307129
1789064047940958200,8.748958251953125,8.177695045471191,6.798185976409911,-0.14649521408081054
1789064047950995200,8.7589951171875,6.433668773651123,7.213131051635742,-0.16505027694702148
1789064047961032200,8.7690322265625,6.5954270233154295,6.320692382812499,-0.017208324432373044
1789064047971069200,8.779069091796876,5.982960311126709,6.0142345703124995,-0.08454524612426757
1789064047981106200,8.789106201171874,5.275922633361816,5.721393779754639,-0.5229834251403809
1789064047991143200,8.79914306640625,5.424662411499023,5.248389314270019,-0.5708674583435058
1789064048001179100,8.80917919921875,5.329043982696533,5.175815076446533,-0.11761515655517578
1789064048011216100,8.819216064453125,5.858910737609863,4.975749600219726,0.481384171295166
1789064048021253000,8.829253173828125,6.514473079681396,5.048174200439453,0.7543231605529784
1789064048031290400,8.839290283203125,6.500706420135498,5.6754550354003905,0.900818374633789
1789064048041327400,8.849327392578125,6.0522425216674804,6.319345644378662,0.8518868782043456
1789064048051364000,8.859364013671875,7.797166619110107,6.562357112884521,0.5499181938171387
1789064048061401000,8.869401123046876,9.11741919708252,6.431274571990967,0.34865561676025386
1789064048071438000,8.87943798828125,7.991246591186523,7.51435154800415,-0.18914193115234373
1789064048081475300,8.889475341796874,8.294562014007568,7.496544673156738,-0.41359833679199215
1789064048091512300,8.89951220703125,9.959729268646239,6.847117472839355,-0.28490999755859375
1789064048101549000,8.909549072265625,10.646266594696044,6.544999150848389,-0.15547347030639647
1789064048111586000,8.9195859375,8.657882115936278,6.858639568328857,0.24031799163818357
1789064048121623300,8.929623291015625,7.161206803131103,7.06094960861206,0.07272387542724609
1789064048131660300,8.939660400390625,7.7763669921875,6.4649430328369135,-0.2305915473937988
1789064048141697300,8.949697265625,6.752845782470703,6.337152519226074,-0.30780455093383785
1789064048151734000,8.959734130859376,7.096114445495605,5.993285305786133,-0.6148609138488769
1789064048161771300,8.969771240234374,7.100154660797119,5.626673176574707,-0.8086416107177734
1789064048171808300,8.979808349609375,6.3244333229064935,5.947795474243164,-1.1260229682922362
1789064048181845200,8.98984521484375,7.077858657836914,5.602731159973144,-1.4336778816223144
1789064048191882200,8.99988232421875,6.833949363708496,5.98161357269287,-1.737292579650879
1789064048201919000,9.0099189453125,7.312041507720947,6.126462773132324,-1.8836381561279296
1789064048211956200,9.019956298828125,6.532728867340087,6.592733546447754,-1.9699790534973143
1789064048221993200,9.0299931640625,7.004985144805908,7.041197444915771,-1.8447323791503905
1789064048232030200,9.0400302734375,9.42253027114868,6.196942084503173,-1.365592771911621
1789064048242067200,9.050067138671874,9.236381092071532,6.516119093322754,-1.209820026397705
1789064048252103200,9.060103271484374,7.0747162681579585,7.369651985168456,-1.0643722755432128
1789064048262140200,9.07014013671875,7.4685624412536615,6.959944226074218,-1.1947066284179686
1789064048272177200,9.08017724609375,8.240692476654052,6.473173101043701,-1.544409708404541
1789064048282214100,9.090214111328125,7.5911156387329095,6.573729570770263,-1.7539023536682128
1789064048292251100,9.100251220703125,7.606528311920165,5.825691189575195,-1.4273931022644042
1789064048302288400,9.110288330078125,6.190208392333984,6.190358029937744,-1.0224737464904785
1789064048312325000,9.1203251953125,5.871330658721924,5.972635316467285,-0.6046855567932129
1789064048322362000,9.130362060546876,7.302165425872802,5.421819297027588,-0.3532943824768066
1789064048332399000,9.140399169921874,7.536946826171874,5.556343502807617,0.030526071166992186
1789064048342436000,9.15043603515625,6.609792233276367,5.868487544250488,0.5029319862365722
1789064048352473300,9.160473388671875,6.507889025115967,6.319196006774902,0.1409586227416992
1789064048362510000,9.170510009765625,6.854300077819824,6.3901242309570305,-0.31498715591430665
1789064048372547000,9.180547119140625,8.0062103515625,6.147262400054931,-0.49679684448242184
1789064048382584000,9.190583984375,8.498518067932128,6.441150653839111,-0.6497264755249023
1789064048392621300,9.200621337890626,7.352593298339843,6.777087074279785,-0.13422493057250975
1789064048402658300,9.210658203125,7.126191603851318,7.352294023132324,-0.16071078643798828
1789064048412695300,9.2206953125,8.192808443450927,7.114819145965575,-0.22340894241333006
1789064048422732000,9.23073193359375,8.754248732757567,7.113173132324218,-0.33473931961059566
1789064048432769300,9.240769287109375,8.945934503173827,6.935852571868896,-0.8658031753540039
1789064048442806300,9.25080615234375,6.977152550506592,7.694964135742187,-0.9246107536315917
1789064048452843300,9.26084326171875,7.583783396148681,7.032668101501464,-0.6702268272399902
1789064048462880300,9.27088037109375,8.703970497894286,6.200383749389648,-0.35613749694824215
1789064048472917000,9.2809169921875,6.921188086700439,6.973261972808838,-0.5048772750854492
1789064048482954200,9.290954345703126,7.46332512512207,6.471976000213623,-0.7190086860656738
1789064048492991200,9.3009912109375,7.102848137664795,6.359298884582519,-0.7273883918762206
1789064048503028200,9.3110283203125,6.084414606475829,6.853402252197265,-0.4125508735656738
1789064048513065200,9.321065185546875,7.236025605010986,5.997924071502685,0.2654571090698242
1789064048523101200,9.33110107421875,6.845172183990478,6.249464883422851,0.33518823242187495
1789064048533138200,9.34113818359375,5.131223070526123,6.682216833496093,0.1236006607055664
1789064048543175200,9.351175048828125,6.28178660583496,6.33924744567871,-0.3435679382324219
1789064048553212200,9.361212158203125,7.43773709487915,6.026953766632079,-0.5969044013977051
1789064048563249200,9.371249267578126,6.926275765228271,6.16686492614746,-0.2693476867675781
1789064048573286400,9.381286376953126,7.038952880859375,6.078878015136718,0.22101474075317382
1789064048583323100,9.3913232421875,5.65660069732666,6.388478217315673,0.7077858657836914
1789064048593360100,9.401360107421874,6.206219615936279,6.312013401794434,0.8747814315795898
1789064048603397000,9.411397216796875,8.002768686676024,5.543175393676758,0.9847650703430175
1789064048613434000,9.42143408203125,7.45045629119873,5.710470234680176,1.117942537689209
1789064048623471400,9.431471435546875,7.2152259780883785,6.12242255783081,0.9238625656127929
1789064048633508000,9.441508056640625,7.23976654510498,6.110002636718749,0.7543231605529784
1789064048643545000,9.451545166015626,7.7519760627746574,6.407931105804443,0.9285013313293456
1789064048653582000,9.46158203125,8.127716085815429,6.439654277801513,1.1071686302185058
1789064048663619300,9.471619384765624,8.53577783126831,6.967126831054687,1.0703577796936035
1789064048673656300,9.48165625,8.921393936157227,7.013813763427734,1.0549451065063475
1789064048683693000,9.491693115234375,7.970895877075195,7.538892115020752,0.7477391059875488
1789064048693730000,9.50172998046875,7.770082212829589,8.031050193786621,0.7511807708740234
1789064048703767300,9.511767333984375,9.419986431884766,6.917896059417724,1.0899603057861327
1789064048713804800,9.5218046875,8.68212340774536,7.211036125183105,1.397465581512451
1789064048723841800,9.531841796875,8.007706727600096,7.1954738143920896,1.783829874420166
1789064048733878800,9.541878662109376,7.750030773925781,6.5491890037536615,1.7284639610290526
1789064048743915800,9.551915771484374,7.0370075920104975,6.864475434875488,1.145326219177246
1789064048753952800,9.561952880859375,7.097760459136962,6.419752476501465,0.9319429962158202
1789064048763990000,9.571989990234375,7.243956398010253,5.9199628799438475,0.7507318580627441
1789064048774026000,9.58202587890625,5.998223346710205,6.392967345428467,0.4815338088989258
1789064048784063000,9.59206298828125,5.552452925109863,6.119130530548095,0.254084651184082
1789064048794099700,9.602099609375,5.876119062042236,5.923853457641601,-0.2032078659057617
1789064048804136700,9.61213671875,5.935076277923583,5.774814404296874,-0.3628711891174316
1789064048814173700,9.622173583984376,6.335955418395995,5.440075084686279,0.0474351203918457
1789064048824211000,9.6322109375,6.528688652038574,5.417330168914795,0.16205752487182618
1789064048834248000,9.642248046875,7.20774409790039,5.22265164642334,-0.06120177993774414
1789064048844284700,9.65228466796875,7.830086891937255,5.364508094787597,-0.3815758895874023
1789064048854321700,9.66232177734375,7.734917375946044,5.504718529510498,-0.6829460235595702
1789064048864359000,9.67235888671875,7.09297205581665,6.18018267288208,-0.8381202186584472
1789064048874396000,9.68239599609375,8.062623728179931,6.009146891784668,-1.0070610733032226
1789064048884433000,9.692432861328125,7.287949853515625,6.421548127746582,-1.34718734664917
1789064048894469600,9.7024697265625,7.2052002586364745,6.805817494201659,-1.3845967475891112
1789064048904507000,9.7125068359375,9.019705841827392,5.974730242919922,-1.3112743217468261
1789064048914543900,9.7225439453125,8.82981572265625,6.303184783172607,-0.9943418769836425
1789064048924580900,9.732580810546875,8.260295002746581,6.579116524505615,-0.47105917663574215
1789064048934617900,9.742617919921875,8.559570210266113,6.4739212890625,-0.3441664886474609
1789064048944654600,9.752654541015625,8.14627114868164,6.942286988830566,-0.4852747489929199
1789064048954691800,9.76269189453125,6.9342065582275385,7.420977683258056,-0.7879916213989258
1789064048964728800,9.772728759765625,7.317129186248779,7.398980955505371,-1.0839748016357422
1789064048974765800,9.782765869140626,7.6354083694458,7.177966214752197,-1.2367547950744628
1789064048984802800,9.792802734375,7.64812756576538,7.216871991729736,-1.2761094848632812
1789064048994839800,9.80283984375,7.830386167144775,6.886621800231933,-0.9298480697631836
1789064049004876800,9.812876708984374,7.7319246238708494,6.863278334045409,-0.8556278182983398
1789064049014913800,9.822913818359375,8.079682415008545,6.564302401733398,-0.6522703147888184
1789064049024950800,9.83295068359375,7.563582319641113,6.437409713745117,-0.49844285812377925
1789064049034986800,9.84298681640625,6.692691465759277,6.70346537322998,-0.6437409713745117
1789064049045024000,9.85302392578125,7.143100653076171,6.374711557769775,-0.6446387969970703
1789064049055060700,9.863060791015625,8.009203103637695,5.842300963592529,-0.7007528984069824
1789064049065097700,9.87309765625,6.488585774230956,6.3718684432983395,-0.7402572257995605
1789064049075134700,9.883134765625,5.349394696807861,6.771101570129394,-0.6654384239196777
1789064049085171700,9.893171630859374,6.992116310882568,6.0413189765930175,-0.5240308883666992
1789064049095209000,9.903208984375,7.382221543884277,6.108057347869873,-0.6374561920166015
1789064049105246000,9.913245849609375,7.594407666015624,5.926397296905518,-0.6552630668640136
1789064049115282700,9.92328271484375,6.776039611053466,6.080374391174316,-0.5161000953674316
1789064049125319700,9.933319580078125,6.020818624877929,6.503100621795654,-0.5779004257202148
1789064049135357000,9.94335693359375,7.894580699157714,5.946897648620605,-0.7166144844055176
1789064049145394000,9.953393798828126,9.383474856567382,5.471798256683349,-0.5587468124389648
1789064049155431000,9.963430908203126,6.60799658203125,6.6337342498779295,-0.2959831802368164
1789064049165467600,9.973467529296874,5.8740241355895995,7.337030987548828,-0.5337573326110839
1789064049175505000,9.9835048828125,6.6519900375366205,7.178265489959716,-0.9525929855346679
1789064049185542000,9.9935419921875,8.063820829010009,6.9707181335449215,-1.1541548377990722
1789064049195579000,10.003578857421875,8.992022885131835,6.697928781890869,-0.917428148651123
1789064049205615900,10.013615966796875,8.258200076293944,7.010970648956299,-0.4236240562438965
1789064049215652600,10.023652587890625,7.060500695800781,7.221660395050049,0.27129297561645505
1789064049225689900,10.03368994140625,7.984213623809814,6.876895355987548,0.05940612869262695
1789064049235726800,10.043726806640626,8.316109828948974,6.798335614013672,-0.2796726814270019
1789064049245763800,10.053763916015624,8.42010796356201,6.706907038116455,-0.47195700225830073
1789064049255800800,10.06380078125,7.650970680236816,6.7565867225646965,-0.5779004257202148
1789064049265837800,10.073837890625,6.666355247497558,7.008576447296142,-0.21652561264038084
1789064049275874800,10.083874755859375,6.948571768188476,6.374412282562256,0.1301847152709961
1789064049285911800,10.093911865234375,6.496666204833984,6.606350568389892,-0.03486556167602539
1789064049295947800,10.10394775390625,6.942436626434326,6.393116983032226,-0.28640637359619137
1789064049305984800,10.11398486328125,7.959523419189453,5.924003095245361,-0.3221697608947754
1789064049316022000,10.12402197265625,7.4411787597656245,6.417956825256347,0.09995791931152344
1789064049326058800,10.134058837890626,7.012915937805175,6.329670639038086,0.9437643669128417
1789064049336095700,10.144095703125,6.688202337646484,6.591536445617676,1.4082394889831542
1789064049346132700,10.1541328125,6.798185976409911,6.53138212890625,1.193359889984131
1789064049356169700,10.164169677734375,7.377433140563965,6.475716940307617,0.2549824768066406
1789064049366207000,10.17420703125,8.128314636230469,6.2681695838928215,-0.634014527130127
1789064049376243700,10.18424365234375,7.389853061676025,6.399401762390136,-0.7826046676635742
1789064049386280700,10.19428076171875,6.202927588653564,6.820332341766357,-0.5870283195495605
1789064049396317700,10.204317626953125,6.060921502685546,6.533177780151367,-0.013617021942138671
1789064049406355000,10.21435498046875,6.06466244277954,6.510283226776123,0.3678092300415039
1789064049416392000,10.224391845703124,7.612663453674316,6.037428398895264,0.5270236404418945
1789064049426428700,10.2344287109375,8.039878812408446,5.768978537750244,0.5940612869262695
1789064049436465700,10.244465576171875,8.192209893035889,5.865045879364013,0.4225765930175781
1789064049446503000,10.2545029296875,7.580192093658447,6.133346102905273,0.18734627990722655
1789064049456540000,10.264539794921875,7.116764434814453,6.329969914245605,0.14006079711914063
1789064049466577000,10.274576904296875,7.8058456001281735,6.376207933807373,0.10265139617919922
1789064049476613600,10.284613525390625,9.015067076110839,6.070947222137451,0.042945992279052735
1789064049486650600,10.294650634765626,7.581838107299804,6.956502561187744,-0.2510918991088867
1789064049496687900,10.30468798828125,7.6945152229309075,7.063792723083496,-0.3010708587646484
1789064049506724900,10.314724853515624,8.281842817687988,6.832153712463379,-0.09801263046264648
1789064049516761900,10.324761962890625,9.471162492370604,6.64600453338623,0.1671452033996582
1789064049526798800,10.334798828125,9.59551134109497,6.368576416015625,0.8767267204284668
1789064049536834800,10.344834716796875,8.619574889373778,6.46105245513916,1.2125135032653809
1789064049546871800,10.354871826171875,7.975833917999267,6.616825200653076,0.7523778717041015
1789064049556908800,10.36490869140625,7.163900279998779,6.696133130645752,0.17238251953125
1789064049566945800,10.37494580078125,7.156119124603271,6.420051751708984,-0.1758241844177246
1789064049576982800,10.384982666015626,7.25278501663208,6.254402924346923,-0.3570353225708008
1789064049587020000,10.39502001953125,5.766135423278809,6.449380722045898,-0.06778583450317383
1789064049597056800,10.405056884765624,5.358223315429687,6.393116983032226,0.044592005920410155
1789064049607093800,10.41509375,5.93747047958374,5.875670149230957,-0.053420624542236325
1789064049617130800,10.425130859375,5.810727429199218,5.906794770812988,-0.01062426986694336
1789064049627167700,10.435167724609375,6.02066898727417,5.895871225738525,0.5238812507629395
1789064049637205000,10.445205078125,6.780977651977539,5.5458688705444334,1.4727332962036133
1789064049647241700,10.45524169921875,7.773523877716064,5.665279678344726,1.5746365043640136
1789064049657278700,10.46527880859375,8.080131327819824,5.944802722167968,0.5960065757751465
1789064049667315700,10.475315673828124,7.339425189208984,6.6528878631591795,-0.24331074371337888
1789064049677353000,10.48535302734375,7.474697583007812,6.941089888000488,-0.8267477607727051
1789064049687390000,10.495389892578125,7.872583971405029,7.103745963287353,-0.9475053070068359
1789064049697426700,10.5054267578125,8.386289865112305,6.70989979019165,0.29882629470825195
1789064049707463700,10.515463623046875,7.670872481536865,6.725162825775146,0.9012672874450683
1789064049717500200,10.525500244140625,7.580790644073486,6.8393363174438475,0.9496002334594726
1789064049727537400,10.535537353515625,8.980650427246093,5.7520694885253905,0.7224503509521484
1789064049737574400,10.545574462890626,8.15913998260498,6.133196465301514,0.048931496429443354
1789064049747611400,10.555611328125,6.229862357330322,6.68431175994873,-0.2654571090698242
1789064049757648100,10.565648193359374,6.262184079742431,6.279841316986084,-0.06778583450317383
1789064049767685400,10.575685302734374,7.141305001831054,6.155642105865478,0.12509703674316405
1789064049777722400,10.585722412109375,6.977451825714111,6.0419175270080565,0.32127193527221676
1789064049787758300,10.59575830078125,6.968922482299805,6.278344940948486,-0.024690204620361325
1789064049797795300,10.60579541015625,6.720075147247314,6.855796453857422,-0.5945101997375488
1789064049807832300,10.615832275390625,7.568071447753906,6.5375172706604,-0.6034884559631347
1789064049817869300,10.625869384765625,8.154501216888427,6.814346837615966,-0.7796119155883788
1789064049827906300,10.63590625,8.116942178344726,7.187991934204101,-0.5856815811157227
1789064049837943300,10.645943359375,8.05020380706787,6.836343565368652,0.03336918563842773
1789064049847980300,10.655980224609374,7.96760384979248,7.369203072357177,-0.3721487205505371
1789064049858017300,10.666017333984374,7.797765169525146,7.0847419876098625,-0.6983586967468262
1789064049868054300,10.67605419921875,7.5725605758666985,7.1960723648071285,-1.0550947441101073
1789064049878091300,10.68609130859375,7.513453722381591,6.782623665618896,-1.329230834197998
1789064049888128300,10.696128173828125,6.750750856018066,6.802076554107666,-1.080233861541748
1789064049898165200,10.706165283203125,6.367528952789306,6.449530359649658,-0.2929904281616211
1789064049908202500,10.716202392578126,7.3463085189819335,5.539135178375243,-0.11641805572509765
1789064049918239200,10.7262392578125,6.682665746307372,5.891232460021972,-0.647332273864746
1789064049928276200,10.736276123046874,5.080196647644042,5.96245995941162,-0.7020996368408202
1789064049938313200,10.746313232421874,5.483021076965332,6.102670394134521,-0.9317933586120605
1789064049948350500,10.7563505859375,6.974010160827636,5.910086798095703,-1.236006607055664
1789064049958387500,10.766387451171875,8.42160433959961,5.54796379699707,-0.9356839363098144
1789064049968424400,10.776424560546875,7.665635165405273,6.338798532867432,-0.6793547210693359
1789064049978461200,10.786461181640625,6.807463507843017,6.927772141265868,-0.7454945419311523
1789064049988498200,10.796498291015626,8.084171543121338,6.781276927185059,-0.7778162643432617
1789064049998535400,10.806535400390626,8.551639417266845,6.71019906539917,-0.8915408432006835
1789064050008572400,10.816572509765624,8.40828659286499,6.752396869659424,-0.873434693145752
1789064050018608400,10.8266083984375,7.01635760269165,7.2988733985900875,-0.7936778503417968
1789064050028645400,10.836645263671874,7.496544673156738,6.862380508422851,-0.8934861320495605
1789064050038682000,10.84668212890625,8.354267417907714,6.771400845336913,-1.2708721687316893
1789064050048719400,10.85671923828125,8.653692263031004,6.5391632843017575,-1.2811971633911132
1789064050058756400,10.86675634765625,7.946056034851074,6.60769730682373,-0.9926958633422851
1789064050068793300,10.87679345703125,6.708104138946533,7.222109307861328,-0.9545382743835449
1789064050078830300,10.886830322265626,6.376956121826171,6.978499288940429,-0.6147112762451171
1789064050088867300,10.896867431640626,7.661894225311279,6.561309649658202,-0.41374797439575195
1789064050098904300,10.906904296875,8.562862237548828,6.198588098144531,-0.541388850402832
1789064050108941300,10.91694140625,7.901464028930664,6.393416258239745,-0.6221931564331055
1789064050118978300,10.926978271484375,6.421997040557861,6.926275765228271,-0.9448118301391601
1789064050129015300,10.937015380859375,6.89485186843872,6.533177780151367,-0.8631096984863281
1789064050139052300,10.94705224609375,7.9457567596435545,6.153547179412842,-0.43724107818603514
1789064050149089300,10.95708935546875,7.189039397430419,6.220285550689697,0.14425065002441406
1789064050159126300,10.967126220703125,7.2641574745178215,6.142174721527099,0.10609306106567382
1789064050169163300,10.977163330078126,6.90816961517334,6.26293226776123,-0.4516062881469726
1789064050179200500,10.987200439453124,6.4092778442382805,6.491578526306152,-1.0455179374694823
1789064050189237200,10.9972373046875,7.562983769226074,6.096086339569092,-1.144727668762207
1789064050199274200,11.007274169921875,7.859864775085449,5.813869818878174,-0.9715969612121581
1789064050209311200,11.017311279296875,6.827514946746826,6.21205548248291,-0.565630142211914
1789064050219348500,11.027348388671875,6.017975510406494,6.289418123626708,-0.39055414581298825
1789064050229385500,11.037385498046875,6.87599753036499,6.0778305519104,-0.49814358291625976
1789064050239422200,11.047422119140625,8.653093712615966,5.4704515182495115,-0.3899555953979492
1789064050249458400,11.05745849609375,8.72761323928833,5.421669659423828,-0.5398924743652344
1789064050259495200,11.0674951171875,7.199514029693603,6.155642105865478,-0.6226420692443847
1789064050269532200,11.0775322265625,6.861931595611572,6.078279464721679,-0.41838674011230464
1789064050279569400,11.0875693359375,7.7224974548339835,6.186916365051269,-0.7140706451416016
1789064050289606400,11.0976064453125,8.010998754882811,6.327426074981689,-0.29553426742553707
1789064050299643400,11.107643310546875,8.86782367401123,6.077232001495361,-0.37005379409790035
1789064050309680000,11.11768017578125,8.134898690795898,7.151629996490478,-0.9332897346496581
1789064050319717400,11.12771728515625,7.266551676177978,7.414543266296386,-1.016937155151367
1789064050329754400,11.13775439453125,8.026561065673828,7.3289505569458,-0.8596680335998534
1789064050339791400,11.147791259765626,9.232191239166259,7.033715564727783,-0.5759551368713378
1789064050349828400,11.157828369140624,8.503007196044921,7.165695931243896,-0.0809539436340332
1789064050359865300,11.167865234375,8.100781317138672,7.211933950805664,0.25528175201416015
1789064050369902300,11.17790234375,8.169016064453125,7.2641574745178215,-0.12524667434692383
1789064050379939300,11.187939208984375,10.682478894805907,6.375759020996093,-0.2979284690856933
1789064050389976300,11.197976318359375,9.642647186279296,6.37171880569458,-0.48243163452148435
1789064050400013300,11.208013427734375,5.297470448303223,7.906551707458496,-0.5992986030578613
1789064050410050300,11.21805029296875,5.030516963195801,7.321169401550293,-0.38666356811523434
1789064050420087300,11.22808740234375,6.622062516784667,6.247369956970214,-0.7001543479919433
1789064050430124300,11.238124267578126,7.1224506637573235,6.0984805412292475,-0.8575731071472168
1789064050440161300,11.248161376953124,5.413140316009521,5.689371332550048,-0.5753565864562988
1789064050450198500,11.258198486328125,3.7618893585205075,6.120626906585693,-0.3224690361022949
1789064050460235300,11.2682353515625,4.723161325073242,5.2350715675354005,0.09472060317993164
1789064050470272300,11.278272216796875,6.262483354949951,4.682908809661865,0.10624269866943359
1789064050480308200,11.28830810546875,7.455693607330322,4.827309097290039,-0.086191259765625
1789064050490345200,11.29834521484375,7.7036431167602535,4.4853871726989745,-0.08678981018066406
1789064050500382500,11.308382568359375,4.696974744415283,6.227917068481445,-0.16953940505981444
1789064050510419500,11.31841943359375,5.015553202819824,6.347327876281738,-0.04115034103393554
1789064050520456200,11.328456298828126,6.631340048217773,5.93133533782959,-0.24630349578857422
1789064050530493200,11.3384931640625,7.3922472633361815,6.3627405494689935,-0.4382885414123535
1789064050540530200,11.3485302734375,6.453720212554932,6.608295857238769,-0.23882161560058593
1789064050550567400,11.3585673828125,7.534402986907959,6.867617824554443,-0.30316578521728516
1789064050560604400,11.3686044921875,8.997409838867187,6.283582257080078,0.12913725204467771
1789064050570641200,11.37864111328125,8.57498288345337,7.1124249443054195,0.6708253776550293
1789064050580678100,11.38867822265625,10.895413204956053,6.7462617279052735,0.8777741836547851
1789064050590715400,11.39871533203125,12.568810527801514,6.3797992362976075,0.8710404914855957
1789064050600752400,11.40875244140625,8.487744160461425,8.19744720916748,0.8378209434509277
1789064050610789400,11.418789306640624,6.464494120025634,8.890119676971436,0.19228432083129882
1789064050620826400,11.428826416015625,7.30351216430664,8.30518628387451,-0.4740519287109375
1789064050630863400,11.43886328125,8.35052647781372,7.766939823150635,-0.833182177734375
1789064050640900400,11.448900390625,6.767809542846679,7.704540942382812,-0.7275380294799805
1789064050650937300,11.458937255859375,6.049399407196044,7.349001995849609,-0.22939444656372068
1789064050660974300,11.468974365234375,6.986729357147216,6.02022007446289,0.8116343627929687
1789064050671011300,11.47901123046875,6.7286044906616205,5.7986067832946775,1.4299369415283203
1789064050681048300,11.48904833984375,6.364087287902832,5.596446380615234,1.4700398193359374
1789064050691085300,11.499085205078124,6.199785198974609,5.4506993545532225,1.4757260482788086
1789064050701122300,11.509122314453125,6.319644919586182,5.690418795776367,1.0290578010559082
1789064050711158800,11.51915869140625,6.198288822937012,5.859359650421142,0.7577648254394531
1789064050721195800,11.52919580078125,6.228814894104003,6.443544855499267,0.6973112335205077
1789064050731232800,11.539232666015625,7.3274541809082026,6.170755503845214,0.6863876884460449
1789064050741269800,11.549269775390625,7.290194417572021,6.779481275939941,0.22789807052612304
1789064050751306800,11.559306640625,7.7602061309814445,6.7274073898315425,0.04683656997680664
1789064050761343700,11.56934375,6.972064871978759,6.935254021453857,0.04519055633544922
1789064050771380700,11.579380615234374,8.199841410827636,6.832303350067138,-0.015113397979736327
1789064050781417700,11.589417724609374,9.638906246185302,5.959616844940185,0.40222587890625
1789064050791454700,11.599454833984375,9.35983211517334,6.081272216796875,0.7395090377807617
1789064050801491700,11.60949169921875,7.326406717681884,6.538115821075439,0.9873089096069335
1789064050811528700,11.61952880859375,5.999420447540283,6.729951229095459,0.7990648040771484
1789064050821565700,11.629565673828125,5.738003553771972,6.720374422454833,0.17268179473876952
1789064050831602700,11.639602783203125,6.709001964569091,6.0896519226074215,-0.5198410354614258
1789064050841639700,11.6496396484375,8.365789513397216,5.466560940551758,-0.4653729476928711
1789064050851676700,11.6596767578125,8.428786944580077,5.363909544372558,-0.1331774673461914
1789064050861713700,11.669713623046874,7.290194417572021,5.92445200805664,0.1753752716064453
1789064050871751000,11.6797509765625,8.285134844970703,5.799055696105957,0.3356371452331543
1789064050881788000,11.689787841796875,7.050026063537597,6.330867739868164,0.29867665710449215
1789064050891824600,11.69982470703125,6.3973068359375,7.401524794769287,0.08604162216186523
1789064050901861600,11.709861572265625,8.540117321777343,6.3992521247863765,-0.2407669044494629
1789064050911898600,11.719898681640625,8.320598957061767,7.215076340484619,-0.5883750579833984
1789064050921936000,11.729935791015626,8.641421979522704,6.947374667358398,-0.5681739814758301
1789064050931971800,11.739971923828126,8.74601866455078,6.815843213653564,-0.4487631736755371
1789064050942008800,11.7500087890625,7.604732660675048,7.455394332122802,-0.5936123741149902
1789064050952045600,11.760045654296874,7.876175273895263,6.750601218414306,-0.15607202072143553
1789064050962082600,11.77008251953125,7.990348765563964,6.714239280700683,0.032172084808349606
1789064050972119800,11.780119873046875,7.279869422912597,6.367977865600586,0.6576572685241698
1789064050982156800,11.79015673828125,6.6346320755004875,6.171952604675292,1.1902175003051758
1789064050992193800,11.80019384765625,5.4427685615539545,6.255899300384521,0.505625463104248
1789064051002230500,11.81023046875,5.453243193817138,5.9246016456604,-0.2581248664855957
1789064051012267800,11.820267822265626,6.639270841217041,5.308992543792725,-1.2179004570007324
1789064051022304800,11.8303046875,5.992387480163574,5.415085604858398,-1.421856510925293
1789064051032341800,11.840341796875,4.401590114593506,5.751919850921631,-0.8482955757141113
1789064051042378800,11.850378662109375,5.10084663696289,5.689969882965087,-0.43499651412963863
1789064051052415700,11.860415771484375,8.074145823669433,4.70535445022583,-0.21308394775390624
1789064051062452700,11.87045263671875,8.464550331878662,5.060294846343994,-0.5342062454223633
1789064051072489700,11.88048974609375,8.457667002105712,5.904550206756592,-0.8794201972961425
1789064051082526700,11.890526611328125,8.338705107116699,6.280140592193603,-0.8328829025268554
1789064051092563700,11.900563720703126,7.5142019104003905,7.22674807357788,-0.9847650703430175
1789064051102600700,11.9106005859375,8.361749298095702,7.596801867675781,-1.0609306106567382
1789064051112637700,11.9206376953125,8.954164571380614,7.60323628463745,-1.173458088684082
1789064051122674700,11.9306748046875,8.97047507019043,8.240692476654052,-1.3651438591003417
1789064051132711700,11.940711669921875,9.41070890045166,7.798962270355224,-0.9917980377197265
1789064051142749000,11.9507490234375,9.32766003036499,7.728034046173096,-0.9983820922851562
1789064051152785700,11.96078564453125,8.291569261932372,7.771728226470946,-1.2012906829833985
1789064051162822000,11.97082177734375,7.873182521820068,7.1769187515258785,-1.2521674682617188
1789064051172858600,11.980858642578125,7.780856120300292,6.779630913543701,-1.5052046562194823
1789064051182895600,11.9908955078125,6.883928323364257,6.203975051879882,-1.0917559570312498
1789064051192932900,12.000932861328126,6.570886456298828,5.90544803237915,-0.9718962364196777
1789064051202969900,12.010969970703124,6.427683269500732,5.634155056762695,-1.1945569908142089
1789064051213006800,12.0210068359375,6.233304022216797,5.564274295806884,-1.4743793098449707
1789064051223043600,12.031043701171875,6.188712016296386,5.704185455322265,-1.8977040908813476
1789064051233080600,12.04108056640625,6.19918664855957,5.928043310546875,-1.9768623832702636
1789064051243117800,12.051117919921875,6.785915692901611,5.986102700805664,-1.7319056259155272
1789064051253154800,12.06115478515625,6.483947008514404,6.330269189453125,-1.2035352470397949
1789064051263191800,12.07119189453125,6.392817707824706,6.614730274200439,-0.8872013526916503
1789064051273228500,12.081228515625,6.831704799652099,6.553678131866454,-1.0078092613220215
1789064051283265800,12.091265869140624,6.4828995452880855,6.809857709503174,-1.4826093780517577
1789064051293302800,12.101302734375,7.892934685516357,6.3256304237365715,-1.40464818649292
1789064051303339800,12.11133984375,7.000645654296875,6.359448522186279,-1.3425485809326172
1789064051313376800,12.121376708984375,7.216123803710937,6.527042638397217,-1.2759598472595215
1789064051323413800,12.131413818359375,6.8326026252746574,6.3627405494689935,-1.1049240661621094
1789064051333450800,12.14145068359375,6.912808380889892,6.406285092163086,-0.8690952026367187
1789064051343487700,12.15148779296875,6.590040069580078,6.66500850906372,-0.604535919189453
1789064051353524700,12.161524658203126,7.880963677215576,6.281936243438721,-0.7345709968566894
1789064051363561700,12.171561767578124,8.135946154022216,6.394014808654785,-0.7115268058776855
1789064051373598700,12.1815986328125,6.111947925567627,7.152078909301758,-0.816572403717041
1789064051383634700,12.191634765625,6.751499044036865,7.1495350700378415,-0.6049848320007324
1789064051393671700,12.201671630859375,8.21734901046753,6.42229631576538,0.057610477447509766
1789064051403708700,12.211708740234375,9.644143562316893,6.291363412475586,0.5440823272705078
1789064051413745700,12.22174560546875,8.989479045867919,6.3694742416381835,1.0574889457702636
1789064051423783000,12.231782958984375,7.940818718719482,6.884227598571777,0.9400234268188477
1789064051433819600,12.241819580078126,8.24862326965332,6.783371853637695,0.7628525039672851
1789064051443856600,12.251856689453126,7.772775689697265,6.872406227874755,0.33309330596923825
1789064051453893600,12.2618935546875,7.0187518043518065,7.347355982208252,-0.10818798751831055
1789064051463931000,12.271930908203124,6.711096891021728,7.0938698814392085,-0.2780266677856445
1789064051473967900,12.2819677734375,7.481880187988281,6.8685156501770015,-0.43888709182739255
1789064051484004600,12.292004638671875,7.143549565887451,7.025036583709716,-0.31109657821655273
1789064051494041600,12.30204150390625,7.862558251953125,6.552331393432617,0.05596446380615234
1789064051504078600,12.31207861328125,9.10320362472534,6.003460662841796,0.4209305793762207
1789064051514115800,12.32211572265625,7.668627917480468,6.542006398773193,0.45025954971313475
1789064051524152800,12.33215283203125,6.911461642456055,6.6394204788208,0.6450877098083496
1789064051534189800,12.34218994140625,6.393715533447265,6.756736360168457,0.48617257461547847
1789064051544226600,12.3522265625,7.730278610229492,6.349572440338134,0.33309330596923825
1789064051554263800,12.362263916015625,7.53365479888916,6.228814894104003,0.3107973030090332
1789064051564300800,12.37230078125,6.2389902511596675,6.6790744438171386,0.4542997650146484
1789064051574337800,12.382337890625,6.350769541168212,6.415712261199951,0.5979518646240234
1789064051584374800,12.392374755859375,6.5224038726806635,6.354360843658447,0.18136077575683593
1789064051594411500,12.40241162109375,6.86342797164917,5.956923368072509,0.3072060005187988
1789064051604447700,12.41244775390625,7.042693820953369,5.791573815917968,0.28042086944580075
1789064051614484700,12.422484619140626,6.171802967071533,6.206818166351318,0.0857423469543457
1789064051624521700,12.432521728515624,7.1586629638671875,5.794566567993164,0.22595278167724608
1789064051634558700,12.442558837890624,8.572439044189453,5.440823272705078,-0.049829322052001954
1789064051644595700,12.452595703125,7.98002377090454,5.999270809936523,-0.08828618621826172
1789064051654632700,12.4626328125,6.921636999511718,6.539462559509277,-0.1279401512145996
1789064051664669700,12.472669677734375,7.792228578186035,6.487987223815917,-0.48497547378540035
1789064051674706700,12.482706787109375,7.29737702255249,6.770951932525635,-0.49814358291625976
1789064051684743700,12.49274365234375,7.89757345123291,6.7082537765502925,-0.385616104888916
1789064051694781000,12.502781005859376,9.185504306793213,6.240486627197265,-0.11776479415893554
1789064051704817700,12.512817626953124,8.687659999084472,6.495319466400146,-0.3719990829467773
1789064051714854100,12.522854248046874,7.659500023651122,6.840683055877685,-0.5614402893066406
1789064051724891400,12.532891357421875,8.167220413208007,6.579266162109374,-0.7990648040771484
1789064051734928400,12.542928466796875,7.668328642272948,6.706607762908935,-1.3614029190063475
1789064051744965400,12.55296533203125,7.1586629638671875,6.949768869018555,-1.759438945007324
1789064051755002400,12.56300244140625,6.903530849456787,6.7182794960021965,-1.8330606460571288
1789064051765039000,12.5730390625,6.918943522644042,6.808211695861816,-1.7111059989929198
1789064051775076400,12.583076416015626,6.9898717468261715,6.693439653778076,-1.3476362594604492
1789064051785113300,12.59311328125,6.49277562713623,6.770054106903076,-1.1010334884643553
1789064051795150300,12.603150390625,6.335805780792236,6.782324390411376,-1.2006921325683593
1789064051805187300,12.613187255859375,6.194398245239258,6.575225946807861,-0.9853636207580566
1789064051815224300,12.623224365234375,6.080673666381836,6.71019906539917,-0.8872013526916503
1789064051825260300,12.63326025390625,7.4411787597656245,6.106560971832275,-0.8454524612426757
1789064051835297300,12.64329736328125,7.436689631652832,6.0160302215576165,-0.754622435760498
1789064051845334300,12.653334228515625,6.166116738128662,6.674884590911865,-1.0339958419799804
1789064051855371300,12.663371337890625,5.487959117889404,6.938097135925292,-1.0806827743530272
1789064051865408500,12.673408447265626,7.206247721862793,6.359897434997558,-0.7567173622131347
1789064051875445200,12.6834453125,7.480383811950683,6.336254693603515,-0.41674072647094723
1789064051885482200,12.693482177734374,6.807613145446777,6.77379504699707,-0.4750993919372558
1789064051895519200,12.703519287109375,6.311863764190673,7.1035963256835934,-0.8973767097473144
1789064051905556200,12.71355615234375,7.228693362426758,6.905176863098144,-1.2752116592407226
1789064051915593500,12.723593505859375,8.768314667510985,6.602459990692139,-1.0146925910949707
1789064051925630200,12.733630126953125,8.163629110717773,6.543353137207031,-0.45070846252441404
1789064051935667200,12.743667236328125,6.894402955627441,7.094019519042968,-0.31498715591430665
1789064051945704200,12.7537041015625,5.970690027618408,7.042693820953369,-0.18106150054931638
1789064051955741400,12.763741455078126,6.5868976799011225,6.68416212234497,-0.2862567359924316
1789064051965778400,12.7737783203125,7.548319284057617,6.53766690826416,-0.37289690856933594
1789064051975815400,12.7838154296875,8.186224388885497,5.912929912567138,-0.2838625343322754
1789064051985852200,12.79385205078125,7.127239067077636,6.766462804412841,-0.4100070343017578
1789064051995889400,12.803889404296875,7.333888597869873,6.6334349746704095,-0.4703109886169433
1789064052005926400,12.813926513671875,8.322693883514404,6.376507209014892,-0.010025719451904296
1789064052015963400,12.82396337890625,8.077138575744629,6.81210227355957,0.2727893516540527
1789064052026000400,12.83400048828125,7.740005054473876,7.0744169929504395,0.1858499038696289
1789064052036037000,12.844037109375,8.282890280914307,7.256525956726073,-0.20769699401855468
1789064052046073000,12.854072998046876,8.269871809387206,7.357680976867675,-0.7580641006469726
1789064052056110300,12.8641103515625,8.467842359161377,7.326406717681884,-0.9255085792541503
1789064052066147300,12.874147216796874,7.5525091369628905,7.379378429412841,-0.6009446166992187
1789064052076184300,12.884184326171875,7.034463752746581,7.2066966346740715,-0.16310498809814453
1789064052086221300,12.89422119140625,6.909965266418457,6.720673697662353,0.515202269744873
1789064052096258300,12.90425830078125,6.534374880981445,6.2873231971740715,0.21472996139526365
1789064052106295300,12.91429541015625,4.674828379058837,6.514323442077636,-0.10684124908447265
1789064052116332300,12.924332275390626,4.3339539176940916,6.306027897644043,-0.27353753967285155
1789064052126369300,12.934369384765626,6.296900003814697,5.371690699768066,-0.0770633659362793
1789064052136406500,12.944406494140624,6.222679752349853,5.527164170074463,0.5635352157592773
1789064052146443300,12.954443359375,6.2769982025146485,5.547065971374511,0.9334393722534179
1789064052156480300,12.964480224609375,5.951835689544677,6.24422756729126,0.7664438064575195
1789064052166517200,12.974517333984375,6.370222429656982,6.627000557708739,0.7887398094177246
1789064052176554200,12.98455419921875,8.721927010345459,6.274304725646973,0.4997895965576172
1789064052186591500,12.994591552734375,9.210493786621093,6.699574795532226,-0.07870937957763671
1789064052196628200,13.004628173828126,6.638522653198242,8.108712110137938,-0.5572504364013672
1789064052206665200,13.014665283203126,8.18562583847046,7.710227171325683,-0.9096469932556152
1789064052216702200,13.0247021484375,8.98364317932129,7.535300812530517,-0.5832873794555664
1789064052226739500,13.034739501953124,9.871443082427978,7.0184525291442865,0.09442132797241211
1789064052236776400,13.0447763671875,9.661501524353026,6.956951473999023,0.6148609138488769
1789064052246813200,13.054813232421875,7.563432682037353,7.263409286499023,0.8141782020568847
1789064052256850200,13.06485009765625,7.451653392028808,6.809408796691894,0.2902969512939453
1789064052266886100,13.07488623046875,7.117063710021972,6.604106004333496,-0.4691138877868652
1789064052276923400,13.08492333984375,6.664260321044922,6.177638833618164,-0.9569324760437011
1789064052286960400,13.09496044921875,6.29495471496582,6.027552317047118,-1.0236708473205567
1789064052296997400,13.104997314453126,6.471227812194824,5.658545986175537,-0.7956231391906737
1789064052307034400,13.115034423828124,6.721571523284911,5.43319175491333,-0.6027402679443359
1789064052317071000,13.125071044921874,6.957849299621581,5.658246710968017,-0.4670189613342285
1789064052327108400,13.1351083984375,7.486967866516113,5.308393993377686,-0.26216508178710934
1789064052337145300,13.145145263671875,6.00136573638916,6.274753638458251,-0.3146878807067871
1789064052347182300,13.155182373046875,6.547542990112304,6.558167259979248,-0.3167828071594238
1789064052357219300,13.16521923828125,8.195950833129883,5.941361057281494,-0.3167828071594238
1789064052367256300,13.17525634765625,9.255983618164063,6.256048937988281,-0.4041711677551269
1789064052377293300,13.185293212890626,9.164106129455567,6.25006343383789,-0.2362777763366699
1789064052387330300,13.195330322265624,8.008754190826416,6.963385890960693,-0.09801263046264648
1789064052397367300,13.2053671875,7.700051814270019,6.842329069519042,0.03725976333618164
1789064052407404500,13.215404541015625,8.065466842651366,6.646603083801269,-0.5014356101989745
1789064052417441300,13.225441162109375,7.631068878936767,6.477811866760254,-0.9488520454406738
1789064052427478300,13.235478271484375,6.634183162689209,6.3818941627502435,-1.2250830619812012
1789064052437515300,13.245515380859375,5.959317569732666,6.355258669281006,-1.4496891052246093
1789064052447552300,13.25555224609375,7.688080805969238,5.511003308868408,-1.105672254180908
1789064052457589500,13.265589599609376,8.033294757843016,5.16519080657959,-0.5159504577636719
1789064052467626200,13.275626220703124,5.6678235176086424,6.194547882843017,-0.050427872467041016
1789064052477663200,13.285663330078124,5.743091232299804,6.488136861419678,-0.04055179061889648
1789064052487699200,13.29569921875,7.391349437713623,6.16686492614746,-0.4043208053588867
1789064052497736200,13.305736083984375,7.596652230072021,6.669647274780273,-0.318578458404541
1789064052507773400,13.3157734375,8.67613790359497,6.63957011642456,0.030974983978271482
1789064052517810400,13.325810546875,7.821407910919189,7.1674915824890135,0.39534254913330075
1789064052527847200,13.33584716796875,7.776666267395019,7.740603604888916,0.24510639495849607
1789064052537884200,13.34588427734375,8.169016064453125,7.340323014831543,0.15996259841918944
1789064052547921400,13.35592138671875,8.894010254669189,7.481431275177002,-0.36960488128662106
1789064052557958400,13.36595849609375,8.760383874511719,7.1303814567565915,-0.4616320075988769
1789064052567995400,13.375995361328124,7.192481062316894,7.459883460235595,-0.2332850242614746
1789064052578032000,13.3860322265625,6.58270782699585,7.147290505981445,0.4429273071289062
1789064052588069000,13.396069091796875,6.627449470520019,6.547991902923584,0.5309142181396485
1789064052598106400,13.4061064453125,6.246771406555175,6.711845079040527,0.020649989318847654
1789064052608143400,13.416143310546875,6.0619689659118645,6.110451549530029,-0.48811786346435543
1789064052618180400,13.426180419921875,5.9488429374694825,6.2870239219665525,-0.5351040710449219
1789064052628217300,13.43621728515625,6.768108818054198,5.602581522369384,0.18689736709594726
1789064052638254300,13.44625439453125,6.562506750488281,5.667075329589843,0.5104138664245605
1789064052648291300,13.456291259765624,5.6304141166687005,6.2858268211364745,0.778265177154541
1789064052658328300,13.466328369140625,5.7207952293396,6.190058754730225,0.6106710609436035
1789064052668365300,13.476365234375,7.3843164703369135,6.411073495483398,-0.10714052429199218
1789064052678402300,13.48640234375,8.002918324279785,6.357802508544921,-0.1680430290222168
1789064052688439300,13.496439208984375,7.546373995208739,6.896946794891357,-0.4212298545837402
1789064052698476300,13.506476318359375,7.560888842773437,7.147589781188964,-0.469862075805664
1789064052708513300,13.51651318359375,8.07534292449951,7.216722354125976,-0.3553893089294433
1789064052718549500,13.526549560546876,8.340201483154296,6.91400548171997,0.0992097312927246
1789064052728586500,13.53658642578125,8.517970956420898,6.969670670318603,0.30750527572631836
1789064052738623500,13.54662353515625,7.509563144683837,7.1136220451354975,0.20231004028320312
1789064052748660200,13.55666015625,6.792050834655761,7.142053189849853,0.09891045608520507
1789064052758697500,13.566697509765625,6.994959425354003,6.800131265258789,0.0013467384338378906
1789064052768734500,13.576734375,7.2237553215026855,6.36483547592163,0.17342998275756835
1789064052778771500,13.586771484375,7.178864040374755,6.375160470581054,0.42751463394165035
1789064052788808400,13.596808349609375,6.690147626495361,6.3533133804321285,0.3226186737060547
1789064052798845400,13.606845458984376,5.70747748260498,6.7459624526977535,0.4670189613342285
1789064052808882400,13.61688232421875,6.7926493850708,6.67159256362915,0.3595791618347168
1789064052818919400,13.62691943359375,7.390601249694824,6.468534335327148,0.4761468551635742
1789064052828956400,13.636956298828125,7.644536263275146,6.892457666778564,0.5271732780456543
1789064052838993700,13.64699365234375,8.349927927398682,6.828412772369385,0.3028665100097656
1789064052849030400,13.657030517578125,8.384194938659668,7.2708911666870115,-0.03950432739257812
1789064052859067400,13.6670673828125,9.178022426605224,7.160458615112304,-0.25258827514648435
1789064052869104400,13.6771044921875,9.061155458068846,7.244255673217773,-0.1666962905883789
1789064052879141400,13.687141357421876,7.85896694946289,7.413645440673828,0.3956418243408203
1789064052889178600,13.6971787109375,7.364115393829345,7.195623451995849,0.7136217323303222
1789064052899215400,13.70721533203125,6.751947956848144,6.527192276000976,0.7046434761047363
1789064052909252400,13.71725244140625,6.139181969451904,6.202029763031005,0.3630208267211914
1789064052919289300,13.727289306640625,6.409427481842041,5.359719691467284,0.22400749282836913
1789064052929325300,13.7373251953125,6.016928047180175,4.764910216522217,0.5786486137390137
1789064052939362600,13.747362548828125,5.877316162872314,4.865616323852539,0.3387795349121094
1789064052949399600,13.757399658203125,5.839757124328613,4.90975941696167,0.20006547622680662
1789064052959436500,13.7674365234375,7.083694524383544,4.959888014221191,0.00014963760375976562
1789064052969473300,13.777473388671876,7.055263379669189,5.686827493286133,-0.2539350135803223
1789064052979510500,13.787510498046874,7.4609309234619134,6.326228974151611,-0.5565022483825683
1789064052989547500,13.797547607421874,7.223306408691406,7.0376061424255365,-1.0482114143371581
1789064052999584500,13.80758447265625,7.394791102600097,7.549366747283935,-1.3003507766723632
1789064053009621500,13.81762158203125,8.509740888214111,7.400926244354247,-1.3925275405883788
1789064053019658200,13.827658203125,10.178948358154296,6.988525008392333,-1.2401964599609374
1789064053029695500,13.837695556640625,10.165929886627197,6.790704096221924,-0.869544115447998
1789064053039732500,13.847732421875,8.64486364440918,7.217919454956054,-0.7956231391906737
1789064053049769500,13.85776953125,8.029254542541503,7.0455369354248045,-0.7009025360107421
1789064053059806500,13.867806396484376,7.232284664916992,6.936600759887695,-0.656310530090332
1789064053069843500,13.877843505859374,6.828712047576904,6.835296102142333,-0.6061819328308106
1789064053079880400,13.88788037109375,6.238092425537109,6.340594184112549,-0.6404489440917969
1789064053089917400,13.89791748046875,5.778704981994629,6.62685092010498,-1.1400889030456542
1789064053099954400,13.907954345703125,6.922385187530518,5.919663604736328,-1.8773533767700195
1789064053109991400,13.917991455078125,7.068581126403808,5.897816514587402,-2.4072201316833493
1789064053120028400,13.9280283203125,6.669647274780273,6.347776789093017,-2.536656658935547
1789064053130065400,13.9380654296875,7.18888975982666,6.171952604675292,-1.8715175102233885
1789064053140102400,13.948102294921876,5.9874494392395015,6.593930647277832,-1.1984475685119629
1789064053150139400,13.958139404296874,6.239439163970947,7.1038956008911125,-1.1354501373291015
1789064053160175400,13.96817529296875,7.895029611968994,6.316951442718506,-1.1270704315185547
1789064053170212600,13.978212646484375,7.764994534301757,6.767809542846679,-1.5881038887023924
1789064053180249300,13.988249267578125,6.957849299621581,7.154922023773193,-1.6313491561889648
1789064053190286300,13.998286376953125,7.202506781768799,6.64615417098999,-1.0651204635620117
1789064053200323300,14.0083232421875,7.50163235168457,6.714688193511963,-1.0076596237182616
1789064053210360600,14.018360595703125,7.584681221771239,6.490082150268554,-0.6193500419616699
1789064053220397600,14.0283974609375,6.740575498962402,6.5488897285461425,-0.49111061553955077
1789064053230434300,14.038434326171876,6.629694034576415,6.847117472839355,-0.7800608283996582
1789064053240471300,14.04847119140625,6.707954501342773,6.673687490081787,-0.8349778289794921
1789064053250508500,14.058508544921875,7.053168453216553,6.744017163848876,-0.9099462684631348
1789064053260545500,14.068545654296875,6.206518891143799,6.936600759887695,-0.6602011077880859
1789064053270582500,14.07858251953125,6.665607059478759,6.88213267211914,-0.9452607429504394
1789064053280619300,14.088619384765625,7.8016557472229,6.445041231536865,-1.013794765472412
1789064053290656300,14.09865625,7.4417773101806635,6.545148788452148,-0.5110124168395995
1789064053300693500,14.108693603515626,7.240065820312499,6.532130316925048,0.07451952667236328
1789064053310730500,14.11873046875,7.171531797790527,6.821529442596435,0.49634793167114255
1789064053320767500,14.128767578125,7.714417024230957,6.748655929565429,0.3603273498535156
1789064053330804200,14.13880419921875,7.174075637054443,7.116315522003173,0.16086042404174802
1789064053340841500,14.148841552734375,8.123376595306397,7.007528984069824,0.0674865592956543
1789064053350878500,14.15887841796875,7.930344086456298,6.8970964324951165,0.07122749938964844
1789064053360915500,14.16891552734375,7.335085698699951,7.249941902160644,0.4644751220703125
1789064053370952400,14.178952392578125,6.8116533607482905,6.979397114562988,0.6637924102783203
1789064053380988400,14.188988525390625,6.987327907562255,7.109731467437744,0.00987608184814453
1789064053391025700,14.199025634765626,7.98675746307373,6.413018784332275,-0.2985270195007324
1789064053401062400,14.2090625,6.526294450378417,6.90787033996582,-0.21487959899902342
1789064053411099400,14.219099365234374,6.501155332946777,6.490979975891113,0.618601853942871
1789064053421136400,14.229136474609374,6.844423995971679,6.209661280822753,1.5448586212158202
1789064053431173400,14.23917333984375,6.445639781951904,6.120028356170654,1.7896657409667969
1789064053441210600,14.249210693359375,6.093991413116455,6.104017132568359,1.234061318206787
1789064053451247400,14.259247314453125,5.755361515808105,6.624905631256103,0.270694425201416
1789064053461284400,14.269284423828125,7.385363933563232,5.997325521087646,-0.194079972076416
1789064053471321300,14.2793212890625,7.681496751403808,6.006902327728271,-0.11896189498901366
1789064053481358600,14.289358642578126,6.691644002532959,6.824971107482909,0.34700960311889645
1789064053491395600,14.2993955078125,7.316979548645019,6.53108285369873,0.6660369743347168
1789064053501432300,14.309432373046874,8.379107260131835,6.6141317237854,0.6459855354309082
1789064053511469300,14.31946923828125,8.441955053710936,6.639270841217041,0.4026747917175293
1789064053521506600,14.329506591796875,7.4871175041198725,7.0096239105224605,-0.11507131729125976
1789064053531543600,14.33954345703125,6.947225029754638,7.251139002990723,-0.3344400444030762
1789064053541580500,14.34958056640625,7.8733321594238275,6.81898560333252,-0.23508067550659179
1789064053551617300,14.3596171875,8.838943616485595,6.361992361450195,0.3480570663452148
1789064053561654300,14.369654296875,8.490287999725341,6.438606814575195,0.49679684448242184
1789064053571691500,14.37969140625,7.574655502319335,6.909217078399657,0.27174188842773433
1789064053581728500,14.389728515625,7.027730060577392,6.844573633575439,0.04339490509033203
1789064053591765500,14.399765625,7.164349192810058,7.160608252716064,-0.3978863883972168
1789064053601802200,14.40980224609375,8.875305554199219,6.281636968231201,-0.17971476211547852
1789064053611838500,14.41983837890625,8.608501706695556,6.235997499084473,-0.20305822830200193
1789064053621875500,14.42987548828125,7.392097625732421,6.897395707702636,-0.7592612014770508
1789064053631912400,14.439912353515625,6.946327204132079,6.753294695281982,-1.1547533882141112
1789064053641949400,14.449949462890626,8.641571617126464,6.100425830078125,-1.2440870376586914
1789064053651986400,14.459986328125,7.8356234832763665,6.195595346069336,-1.0275614250183105
1789064053662023400,14.4700234375,6.253954011535644,6.507589749908447,-0.6012438919067382
1789064053672060400,14.480060302734374,5.1976621665954585,6.469282523345947,-0.5568015235900878
1789064053682097400,14.490097412109375,6.291662687683105,5.945401272583007,-0.8725368675231933
1789064053692134400,14.500134521484375,6.666055972290039,5.412541765594482,-0.7685387329101562
1789064053702171400,14.51017138671875,7.600991720581054,5.071368029022216,-0.6319196006774902
1789064053712208400,14.52020849609375,6.918644247436523,5.091269830322266,-0.8515876029968261
1789064053722245000,14.5302451171875,6.725013188171387,5.4887073059082025,-1.0211270080566406
1789064053732282400,14.540282470703126,7.029675349426269,5.322160652923584,-0.7140706451416016
1789064053742319400,14.5503193359375,7.497292861175537,5.822848075103759,-0.7502829452514648
1789064053752356400,14.5603564453125,8.35007756500244,5.846191541290283,-0.8590694831848144
1789064053762393300,14.570393310546875,6.432322035217285,7.109581829833984,-1.322796417236328
1789064053772430300,14.580430419921875,6.418705013275146,7.802403935241699,-1.9111714752197264
1789064053782467300,14.59046728515625,8.385840952301026,7.100154660797119,-0.8786720092773437
1789064053792504300,14.60050439453125,9.477147996520996,6.837241390991211,-0.11177929000854492
1789064053802541300,14.610541259765625,9.434501279449462,6.994211237335205,0.11941080780029296
1789064053812578300,14.620578369140626,8.5294930519104,6.9433344520568845,-0.27084406280517576
1789064053822615300,14.630615234375,8.7463179397583,6.590339344787597,-1.1206360145568848
1789064053832652300,14.64065234375,7.571213837432861,6.605003829956054,-1.6472107421875
1789064053842688300,14.650688232421874,6.771101570129394,6.684910310363769,-1.4990695144653319
1789064053852725200,14.660725341796875,6.839485955047607,5.9311857002258295,-0.07646481552124022
1789064053862762200,14.67076220703125,7.487267141723632,5.653757582855224,0.6905775413513183
1789064053872799500,14.680799560546875,5.6955064743041985,6.5303346656799315,0.6983586967468262
1789064053882836200,14.690836181640625,6.977451825714111,6.068553020477294,0.443076944732666
1789064053892873200,14.700873291015625,7.917026339721679,5.806986489105224,-0.076614453125
1789064053902910200,14.71091015625,5.555595314788818,7.265953125762939,-0.6621463966369628
1789064053912947500,14.720947509765624,6.851456963348388,6.599916151428222,-0.3233668617248535
1789064053922984400,14.730984375,8.711901290893554,6.0242602897644035,0.06150105514526367
1789064053933021200,14.741021240234375,7.4603323730468745,6.706308487701415,0.2527379127502441
1789064053943058200,14.75105810546875,6.5209074966430665,6.95231270828247,0.8322843521118164
1789064053953095200,14.76109521484375,7.451054841613769,6.666804160308837,0.48766895065307614
1789064053963132400,14.77113232421875,7.129333993530273,6.863876884460449,0.08903437423706054
1789064053973169400,14.78116943359375,7.314136434173584,6.48664048538208,0.38052842636108397
1789064053983206400,14.791206298828126,7.397634217071532,6.549039366149902,0.3371335212707519
1789064053993243100,14.8012431640625,7.859715137481689,6.168211664581299,0.5436334144592285
1789064054003280400,14.8112802734375,7.357980252075195,6.194398245239258,0.4964975692749023
1789064054013317400,14.8213173828125,7.104943064117431,6.629843672180176,0.2893991256713867
1789064054023354400,14.831354248046875,6.8578913803100585,6.6051534675598145,0.19003975677490234
1789064054033391400,14.841391357421875,7.987505651092529,6.731297967529296,0.042646717071533204
1789064054043428400,14.851428466796875,8.458265552520752,6.359598159790039,0.407313557434082
1789064054053465300,14.86146533203125,7.4046671844482415,7.131728195190429,0.7709329345703124
1789064054063501300,14.871501220703125,8.20343271331787,6.610241146087646,1.3941735542297362
1789064054073538300,14.881538330078126,8.12023420562744,6.744017163848876,1.303642803955078
1789064054083575300,14.8915751953125,7.887547731781005,6.865373260498046,0.7841010437011718
1789064054093612500,14.901612548828124,7.2997712242126465,7.256675594329834,0.35927988662719723
1789064054103649300,14.911649169921875,7.364713944244384,6.8122519111633295,0.174926358795166
1789064054113686300,14.921686279296875,7.346158881378173,6.864325797271728,0.21697452545166016
1789064054123723300,14.93172314453125,7.082497423553466,6.714089643096924,0.5934627365112304
1789064054133760300,14.94176025390625,6.471676725006103,6.443694493103027,0.6292261238098145
1789064054143797500,14.951797607421875,6.728305215454101,6.595576660919189,0.12255319747924803
1789064054153834200,14.961834228515626,7.232733577728271,5.849483568572998,-0.07751227874755859
1789064054163871200,14.971871337890626,6.283731894683838,6.382941625976562,-0.07930792999267577
1789064054173908200,14.981908203125,6.647800184631348,5.909338610076904,0.7529764221191406
1789064054183945500,14.991945556640625,6.538714371490478,5.792621279144287,1.055992569732666
1789064054193982500,15.001982421875,5.814618006896972,6.171204416656494,0.5114613296508789
1789064054204019200,15.012019287109375,6.341043096923828,6.1441200103759765,-0.4004302276611328
1789064054214056200,15.02205615234375,7.76319888305664,6.040870063781738,-1.082777700805664
1789064054224093200,15.03209326171875,8.897302281951903,5.959766482543945,-0.8390180442810058
1789064054234130400,15.04213037109375,8.82891789703369,6.207566354370117,-0.09292495193481445
1789064054244167400,15.05216748046875,5.754164414978027,7.736114476776122,0.3028665100097656
1789064054254204200,15.0622041015625,7.312191145324706,7.571213837432861,0.39848493881225583
1789064054264241200,15.0722412109375,9.789441675567627,6.651241849517822,0.05102642288208008
1789064054274278400,15.0822783203125,9.451559966278076,7.231386839294434,-0.6605003829956054
1789064054284315400,15.0923154296875,7.949198424530029,7.042843458557129,-0.5565022483825683
1789064054294351400,15.102351318359375,6.539312921905517,7.335384973907471,-0.6319196006774902
1789064054304388400,15.112388427734375,7.3648635818481445,6.287921747589111,-0.28700492401123046
1789064054314425300,15.12242529296875,8.381651099395752,5.165789356994629,0.29553426742553707
1789064054324462300,15.13246240234375,7.226149523162841,5.360467879486084,-0.24061726684570311
1789064054334499300,15.142499267578126,6.133495740509033,5.402516046142578,-0.6374561920166015
1789064054344536300,15.152536376953124,5.922057806396484,5.220407082366943,-0.6494272003173828
1789064054354573300,15.1625732421875,6.643909606933593,5.2076878860473625,-0.5674257934570313
1789064054364610300,15.1726103515625,7.633313442993163,5.089773454284668,0.2609679809570312
1789064054374647300,15.182647216796875,8.173056279754638,5.47808303604126,0.6347627151489258
1789064054384684300,15.192684326171875,7.30994658126831,6.459406441497802,0.4029740669250488
1789064054394721300,15.20272119140625,7.531709510040283,7.263110011291504,-0.08768763580322265
1789064054404758300,15.21275830078125,9.446173012542724,7.234678866577148,-0.6382043800354004
1789064054414795500,15.22279541015625,9.656713121032714,7.605780123901367,-0.7202057868957519
1789064054424832300,15.232832275390624,8.348281913757324,8.188917865753174,-0.3898059577941894
1789064054434869200,15.242869140625,7.46302584991455,8.071153071594237,-0.3534440200805664
1789064054444906200,15.25290625,6.63957011642456,7.862857527160644,-0.4644751220703125
1789064054454943500,15.262943603515625,7.091625317382812,6.825569657897949,-0.24001871643066405
1789064054464980500,15.27298046875,7.258471245574951,5.827636478424072,-0.10983400115966796
1789064054475017200,15.283017333984375,6.213551858520508,5.655104321289063,-0.16086042404174802
1789064054485054200,15.29305419921875,6.166715288543701,5.095310045623779,-0.14260463638305662
1789064054495091200,15.30309130859375,5.610063402557373,4.702660973358154,-0.049829322052001954
1789064054505128400,15.31312841796875,4.632331299591065,5.6118590538024895,-0.2045546043395996
1789064054515164400,15.323164306640624,5.7453357963562,5.392939239501953,-0.3956418243408203
1789064054525201400,15.333201416015624,6.770203744506835,5.889436808776855,-0.7543231605529784
1789064054535238100,15.343238037109375,7.247098787689208,6.6893994384765625,-1.1026795021057127
1789064054545275100,15.353275146484375,8.195651557922362,7.0561612052917475,-0.9512462471008301
1789064054555312400,15.3633125,8.467543083953856,7.36770669631958,-0.3387795349121094
1789064054565349400,15.373349365234375,8.662371244049071,7.917325614929199,-0.32890345306396485
1789064054575386400,15.383386474609376,9.305513665008544,7.8016557472229,-0.6268319221496582
1789064054585423000,15.393423095703126,9.566481645965576,7.632265979766845,-0.7496843948364257
1789064054595460400,15.40346044921875,8.3256866355896,7.832780368804931,-0.8693944778442382
1789064054605497300,15.413497314453124,8.185476200866699,7.1689879585266105,-0.6889315277099609
1789064054615534300,15.423534423828125,7.069628589630127,6.819733791351318,-0.30196868438720703
1789064054625571300,15.4335712890625,5.982661035919189,6.564452039337158,-0.2859574607849121
1789064054635608300,15.4436083984375,6.029796881103516,5.9762266189575195,-0.5877765075683593
1789064054645645300,15.453645263671875,6.453420937347412,5.593154353332519,-0.8330325401306152
1789064054655682300,15.463682373046876,5.938368305206298,5.568164873504639,-0.722749626159668
1789064054665719300,15.47371923828125,5.491999333190917,5.77795679397583,-0.2410661796569824
1789064054675756300,15.48375634765625,5.999270809936523,5.880608190155029,-0.05940612869262695
1789064054685793300,15.493793212890624,6.794594673919677,6.093392862701416,-0.2371756019592285
1789064054695830300,15.503830322265625,6.712293991851806,6.6510922119140625,-0.2979284690856933
1789064054705867300,15.5138671875,7.435342893218993,6.913706206512451,-0.2931400657653808
1789064054715904800,15.52390478515625,8.700079920196533,6.909815628814697,-0.2219125663757324
1789064054725942000,15.53394189453125,8.927379440307616,7.1689879585266105,-0.471807364654541
1789064054735978800,15.543978759765626,8.237849362182617,7.363367205810547,-0.8572738319396972
1789064054746014700,15.5540146484375,7.536797188568115,7.385962483978271,-1.1767501159667968
1789064054756051700,15.5640517578125,7.211036125183105,7.466018601989746,-1.5860089622497557
1789064054766088700,15.574088623046874,8.443451429748535,6.381594887542724,-1.5153800132751465
1789064054776126000,15.5841259765625,6.940790612792968,6.593481734466552,-0.7299322311401367
1789064054786163000,15.594162841796875,6.306327172851562,6.372167718505859,-0.15337854385375976
1789064054796199700,15.60419970703125,7.1209542877197265,5.914725563812255,-0.3844190040588379
1789064054806236700,15.614236572265625,7.428010650634765,5.773467665863037,-0.5361515342712402
1789064054816274000,15.62427392578125,6.62041650314331,5.972784954071044,-0.7107786178588866
1789064054826311000,15.634310791015626,6.298994930267334,6.3335612167358395,-0.5255272644042969
1789064054836348000,15.644347900390626,6.931064168548583,6.319196006774902,-0.6612485710144043
1789064054846384600,15.654384521484374,7.462427299499511,6.817339589691161,-0.8197147933959961
1789064054856421600,15.664421630859374,8.217947560882568,6.647800184631348,-0.6718728408813476
1789064054866459000,15.674458984375,9.007884471130371,6.974758348846435,-0.9377788627624511
1789064054876496000,15.684495849609375,7.6942159477233885,7.615057655334472,-0.8792705596923828
1789064054886532900,15.694532958984375,7.372794374847412,7.587823611450195,-0.3315969299316406
1789064054896569900,15.70456982421875,8.684367971801757,6.90816961517334,0.12195464706420897
1789064054906606800,15.71460693359375,8.719532808685303,6.5686418922424314,-0.09053075027465819
1789064054916643800,15.724643798828126,7.366509595489502,6.599916151428222,-0.35568858413696286
1789064054926680800,15.734680908203124,6.331615927886962,6.476465128326415,-0.5168482833862305
1789064054936717800,15.7447177734375,6.92687431564331,5.570858350372314,0.05970540390014648
1789064054946754800,15.7547548828125,6.159083770751953,5.358672228240967,0.5657797798156738
1789064054956791800,15.764791748046875,6.0981812660217285,5.2639516250610345,0.47195700225830073
1789064054966827800,15.774827880859375,6.864625072479248,4.565592928314209,0.27039514999389647
1789064054976864800,15.78486474609375,7.09297205581665,4.956446349334716,-0.1605611488342285
1789064054986901800,15.79490185546875,7.918821990966796,4.830750762176513,-0.042646717071533204
1789064054996938800,15.804938720703126,7.577797891998291,5.153219798278808,0.08289923248291015
1789064055006976000,15.81497607421875,6.513724891662597,6.395211909484863,0.11911153259277343
1789064055017012700,15.8250126953125,7.879467301177978,6.308721374511719,0.030226795959472655
1789064055027049700,15.8350498046875,9.135076434326171,6.574477758789062,-0.14006079711914063
1789064055037086700,15.845086669921875,8.92498523864746,7.04149672012329,0.06254851837158203
1789064055047124000,15.8551240234375,8.435969549560546,7.200411855316162,0.03950432739257812
1789064055057161000,15.865160888671875,7.933935388946533,7.51450118560791,0.056114101409912104
1789064055067197700,15.87519775390625,8.217947560882568,7.08025285949707,0.39758711318969725
1789064055077234700,15.885234619140626,8.672097688293457,6.656778440856933,0.9380781379699706
1789064055087272000,15.89527197265625,8.016385708618163,6.439205364990234,1.2123638656616211
1789064055097309000,15.905308837890624,7.398980955505371,6.579116524505615,0.6552630668640136
1789064055107346000,15.915345947265624,5.8080339523315425,6.8016276412963865,0.22490531845092773
1789064055117382700,15.925382568359375,7.559841379547119,6.348076064300537,-0.04189852905273437
1789064055127419600,15.935419677734375,8.72761323928833,5.6860793052673335,0.37005379409790035
1789064055137457000,15.945456787109375,7.145345217132568,6.772149033355713,0.5644330413818359
1789064055147494000,15.955493896484375,7.191732874298095,6.701220809173583,1.1713631622314453
1789064055157531000,15.96553076171875,7.357830614471435,6.81823741531372,1.04701431350708
1789064055167567600,15.975567626953126,7.517643575286865,7.23363140335083,0.7448959915161132
1789064055177604900,15.98560498046875,7.499687062835693,6.987028632354736,0.9507973342895507
1789064055187641900,15.995641845703124,6.539911472320556,7.2063973594665525,0.7938274879455566
1789064055197677800,16.005677734375,6.10341858215332,7.154622748565673,0.5642834037780762
1789064055207714800,16.01571484375,5.767332524108887,6.613533173370361,-0.05521627578735351
1789064055217751800,16.025751708984377,5.960365032958984,6.08456424407959,-0.015562310791015624
1789064055227788800,16.035788818359375,6.040421150970459,5.556343502807617,0.28490999755859375
1789064055237825800,16.04582568359375,6.898293533325195,5.090970555114746,0.3673603172302246
1789064055247862800,16.05586279296875,6.641365767669678,5.195417602539062,0.44427404556274414
1789064055257899800,16.065899658203126,7.172579261016845,5.206341147613525,0.5731120223999023
1789064055267936800,16.075936767578124,6.190956580352783,6.027701954650879,0.7471405555725097
1789064055277974000,16.08597412109375,6.501753883361816,6.580912175750732,0.603338818359375
1789064055288010800,16.0960107421875,7.142951015472412,6.747009915924072,0.38411972885131834
1789064055298047700,16.1060478515625,7.248894438934326,7.45075556640625,0.12734160079956053
1789064055308084700,16.116084716796873,8.773551983642578,7.23348176574707,0.21308394775390624
1789064055318122000,16.1261220703125,10.026916552734374,7.040748532104492,0.3580827857971191
1789064055328159000,16.136158935546874,9.34651436843872,7.443722599029541,0.4403834678649902
1789064055338195700,16.14619580078125,8.53607710647583,7.6467808273315425,0.4795885200500488
1789064055348232700,16.156232666015626,8.12741681060791,7.644685900878906,0.34745851593017574
1789064055358270000,16.16627001953125,7.560589567565917,7.50148271408081,0.23642741394042968
1789064055368307000,16.176306884765626,8.26762724533081,6.695384942626953,0.27084406280517576
1789064055378344000,16.186343994140625,7.066785475158691,6.6443585197448725,0.06209960556030273
1789064055388380700,16.196380615234375,6.911461642456055,6.39715719833374,-0.4987421333312988
1789064055398417700,16.206417724609373,6.281936243438721,5.90544803237915,-0.6151601890563965
1789064055408455000,16.216454833984375,6.055684186553955,5.966949087524414,-1.0244190353393554
1789064055418491000,16.226490966796874,5.806986489105224,5.716755014038085,-0.5059247383117675
1789064055428527900,16.23652783203125,6.146663849639892,5.551704737091064,-0.12464812393188476
1789064055438564900,16.24656494140625,6.8858736122131345,5.42047255859375,-0.060603229522705075
1789064055448601600,16.2566015625,7.387758135223388,5.6383449096679685,-0.40222587890625
1789064055458638800,16.266638916015626,7.023390570068359,5.839158573913574,-0.5925649108886718
1789064055468675800,16.27667578125,5.559336254882812,6.760327662658691,-0.6863876884460449
1789064055478712800,16.286712890625,6.848164936065674,6.757484548187255,-0.5799953521728515
1789064055488749800,16.296749755859373,8.936806609344481,6.283731894683838,-0.8218097198486327
1789064055498786800,16.306786865234375,9.397241516113281,6.512976703643798,-1.1713631622314453
1789064055508823800,16.31682373046875,7.886649906158447,7.068132213592529,-1.2841899154663086
1789064055518860800,16.32686083984375,6.8970964324951165,7.515847924041748,-1.5677531745910644
1789064055528897800,16.336897705078126,7.202057868957519,7.1401079010009765,-1.1903671379089356
1789064055538934800,16.346934814453125,8.323142796325683,6.55682052154541,-0.45938744354248046
1789064055548971800,16.3569716796875,9.661351886749268,5.770175638580322,-0.22520459365844725
1789064055559008800,16.3670087890625,8.481459381103516,6.0345852844238275,-0.6097732353210449
1789064055569045800,16.377045654296875,6.893205854797363,6.4549173133850095,-1.1846809089660644
1789064055579082800,16.387082763671874,6.763320414733887,6.1559413810729975,-1.4716858329772948
1789064055589120000,16.3971201171875,7.3419690284729,6.234800398254394,-1.2315174789428711
1789064055599156700,16.40715673828125,8.40843623046875,5.736656815338135,-0.7640496047973633
1789064055609193700,16.41719384765625,7.9643118225097655,6.1358899421691895,-1.0191817192077637
1789064055619230700,16.427230712890626,7.138611524963379,6.811503723144531,-1.4781202499389647
1789064055629268000,16.43726806640625,7.012915937805175,6.85684391708374,-1.8040309509277344
1789064055639305000,16.447304931640623,7.646032639312744,7.04793113708496,-2.0048446151733397
1789064055649341000,16.4573408203125,9.055020316314696,6.53108285369873,-1.2325649421691893
1789064055659378000,16.4673779296875,8.783876978302002,6.408828931427002,-0.6551134292602538
1789064055669414700,16.47741455078125,7.701099277496337,6.841281606292724,-1.0030208580017088
1789064055679451600,16.48745166015625,5.68832386932373,7.335384973907471,-1.4206594100952148
1789064055689489000,16.497489013671874,6.497713668060302,6.7936968482971185,-1.707215421295166
1789064055699526000,16.50752587890625,8.651746974182128,5.856965448760986,-1.8296189811706542
1789064055709563000,16.51756298828125,6.595875936126709,6.105214233398437,-1.3804068946838377
1789064055719599900,16.527599853515625,4.717175820922852,6.2761003768920895,-1.2695254302978516
1789064055729636900,16.537636962890623,5.776011505126953,5.859509288024902,-1.675192974090576
1789064055739673900,16.547673828125,7.140556813812255,5.3868040977478024,-1.7132009254455565
1789064055749711000,16.557711181640624,8.761132062530518,4.709095390319824,-1.2190975578308105
1789064055759748000,16.567748046875,7.420229495239258,5.672163008117676,-1.2065279991149902
1789064055769784800,16.577784912109376,5.156511825561523,6.623109980010986,-1.5313912368774414
1789064055779821800,16.58782177734375,4.211101445007324,7.287201665496826,-1.6545429847717283
1789064055789859000,16.597859130859376,6.702866822814941,6.9995981910705565,-1.9402011703491209
1789064055799896000,16.60789599609375,9.62139864654541,6.4609028175354,-1.8065747901916502
1789064055809933000,16.61793310546875,10.63579196243286,6.321590208435058,-1.3425485809326172
1789064055819969800,16.6279697265625,7.234529228973388,7.433547241973876,-0.9778817405700683
1789064055830006800,16.6380068359375,5.942408520507812,8.014290782165526,-0.5946598373413086
1789064055840044000,16.6480439453125,8.200739236450195,7.01635760269165,-0.609025047302246
1789064055850081000,16.6580810546875,11.269058301544188,6.242880828857421,-0.8222586326599121
1789064055860118000,16.668117919921876,10.447847132110596,5.9497407630920405,-1.0363900436401368
1789064055870154000,16.678154052734374,4.2600329414367675,8.285733395385742,-1.6457143661499023
1789064055880191000,16.68819091796875,3.771166889953613,7.723844193267822,-1.5129858116149901
1789064055890228000,16.69822802734375,7.987356013488769,6.132298639678955,-1.2632406509399414
1789064055900265000,16.708264892578125,10.645368769073485,5.318569350433349,-0.8652046249389648
1789064055910302000,16.718302001953123,8.13400086517334,6.066158818817138,-0.6516717643737793
1789064055920339000,16.7283388671875,4.873696754455566,7.227496261596679,-0.8444049980163574
1789064055930376000,16.7383759765625,5.463268913269043,7.027730060577392,-0.6564601676940918
1789064055940413000,16.748412841796874,7.841309712219238,6.272658712005615,-0.5066729263305664
1789064055950450000,16.758449951171876,8.513182553100586,6.0351838348388664,-0.11177929000854492
1789064055960487000,16.76848681640625,4.995651401519775,7.143399928283691,-0.4643254844665527
1789064055970524000,16.77852392578125,3.331232334899902,7.431901228332519,-1.1080664558410644
1789064055980561000,16.788560791015627,4.7016135101318355,6.7173816703796385,-1.3793594314575195
1789064055990598000,16.798597900390625,8.635885388183594,5.420023645782471,-0.8592191207885742
1789064056000635000,16.808634765625,9.765798934173583,4.824017070007324,-0.34656069030761716
1789064056010671900,16.818671875,7.367856333923339,5.966799449920654,0.15831658477783203
1789064056020709000,16.828709228515624,4.619462465667724,6.9588967628479,0.8843582382202148
1789064056030745900,16.838745849609374,7.785195610809326,6.296900003814697,0.4933551795959472
1789064056040782800,16.848782958984376,9.004891719055175,6.017825872802734,0.2109890213012695
1789064056050819800,16.85881982421875,6.0042088508605955,7.698854713439941,-0.23223756103515625
1789064056060857000,16.868857177734377,7.395838565826415,7.279719785308838,-0.31498715591430665
1789064056070894000,16.87889404296875,9.613168578338623,6.180481948089599,0.2967313682556152
1789064056080931000,16.88893115234375,9.624989949035644,6.666654522705078,0.7685387329101562
1789064056090967800,16.8989677734375,8.493280751800537,6.693589291381835,1.4223054237365722
1789064056101003800,16.909003662109374,6.827514946746826,7.236624155426025,1.6597803009033203
1789064056111040800,16.919040771484376,8.56765064086914,6.766762079620361,1.7230770072937012
1789064056121078000,16.929078125,9.369109646606445,6.123470021057129,2.0415058280944822
1789064056131115000,16.939114990234376,7.333738960266113,6.788459532165527,2.1435586738586423
1789064056141152000,16.949152099609375,5.869684645080566,7.002291667938232,1.7690157516479492
1789064056151188700,16.959188720703125,5.19706361618042,7.284807463836669,1.1110592079162598
1789064056161226000,16.96922607421875,8.182483448791503,6.062866791534423,0.9898527488708495
1789064056171263000,16.979262939453125,9.566780921173095,5.3856069969177245,1.3801076194763182
1789064056181300000,16.989300048828124,7.045836210632324,6.361992361450195,1.8001403732299803
1789064056191337000,16.9993369140625,5.1328690841674804,6.872555865478515,2.233939786529541
1789064056201374000,17.0093740234375,6.274304725646973,6.369174966430664,2.4308628730773925
1789064056211411000,17.019410888671874,6.618022301483154,6.066757369232177,2.4911668273925778
1789064056221448000,17.029447998046876,8.147617887115478,5.680991626739502,1.9074305351257324
1789064056231485000,17.03948486328125,8.156596143341064,5.455637395477295,1.0901099433898924
1789064056241522000,17.04952197265625,5.499181938171386,6.215197872161865,0.5265747276306152
1789064056251559000,17.059558837890624,4.384232152557373,6.511330690002441,0.2947860794067383
1789064056261596000,17.069595947265626,8.731653454589843,5.194819052124023,0.19527707290649413
1789064056271633000,17.0796328125,11.67607258377075,4.198232611083984,0.49096097793579097
1789064056281670000,17.089669921875,8.467543083953856,5.938069029998779,0.702847824859619
1789064056291707100,17.09970703125,5.801000984954833,6.851756238555907,0.8460510116577148
1789064056301743900,17.109743896484375,7.139359712982177,6.523750611114502,0.4779425064086914
1789064056311780900,17.11978076171875,9.388113622283935,6.269815597534179,-0.404769718170166
1789064056321816800,17.12981689453125,9.714323598480224,6.1571384819030754,-1.0880150169372558
1789064056331853800,17.139853759765625,7.4512044792175285,7.092223867797851,-1.5752350547790526
1789064056341891000,17.14989111328125,6.785317142486572,7.416039642333984,-1.4504372932434082
1789064056351928000,17.159927978515626,7.110479655456542,7.082347785949707,-1.1046247909545899
1789064056361965000,17.169965087890624,8.568847741699217,6.53796618347168,-0.9196727127075195
1789064056372001800,17.180001708984374,8.333467790985107,6.581660363769531,-1.4872481437683105
1789064056382038800,17.190038818359376,6.656479165649413,7.484723302459717,-2.206556105041504
1789064056392076000,17.200075927734375,7.379079154205322,6.6148799118041985,-1.9310732765197753
1789064056402113000,17.210113037109377,7.396287478637695,6.698377694702148,-1.5004162528991698
1789064056412150000,17.22014990234375,6.567594429016113,6.762272951507568,-0.8762778076171874
1789064056422186800,17.230186767578125,6.975356899261474,6.384886914825439,-0.4182371025085449
1789064056432224000,17.24022412109375,6.687603787231445,6.392518432617187,-0.3247136001586914
1789064056442261000,17.250260986328126,6.717531307983398,6.0413189765930175,-0.2920926025390625
1789064056452298000,17.260298095703124,6.154893917846679,6.19903701095581,-0.4951508308410644
1789064056462335000,17.2703349609375,6.260538066101073,5.866542255401611,-0.5047276374816895
1789064056472372000,17.2803720703125,6.665756697082519,5.597044931030273,-0.9126397453308105
1789064056482409000,17.290408935546875,7.356184600830078,5.6181438331604,-1.044470474243164
1789064056492446000,17.300446044921873,7.777564093017578,5.4227171226501465,-0.9412205276489257
1789064056502483000,17.31048291015625,7.618050407409667,5.833472344970703,-1.2077250999450684
1789064056512520000,17.32052001953125,6.313659415435791,6.821230167388916,-1.253963119506836
1789064056522557000,17.330556884765624,8.149263900756836,6.706757400512695,-1.0684124908447266
1789064056532594000,17.340593994140626,9.830741654205323,6.2395888015747065,-0.2947860794067383
1789064056542631000,17.350630859375,8.675090440368653,7.281665074157714,-0.06838438491821289
1789064056552667000,17.3606669921875,7.525574368286132,7.66743081665039,0.003591302490234375
1789064056562704000,17.370703857421876,7.7973162567138665,7.583334483337402,-0.16340426330566404
1789064056572741000,17.3807412109375,9.245808261108397,6.875398979949951,-0.316034619140625
1789064056582777900,17.39077783203125,8.855703028106689,6.763320414733887,-0.45415012741088867
1789064056592814800,17.40081494140625,6.742371150207519,7.127837617492675,-0.33698388366699217
1789064056602851800,17.410851806640625,5.503970341491699,7.15686731262207,-0.21054010848999022
1789064056612889000,17.42088916015625,6.386832203674316,6.558017622375488,-0.050427872467041016
1789064056622926000,17.430926025390626,7.369801622772217,5.9762266189575195,0.3628711891174316
1789064056632962800,17.440962890625,7.131877832794189,6.098031628417968,0.6826467483520507
1789064056642999800,17.450999755859375,6.243030466461181,6.273406900024414,0.8849567886352538
1789064056653036800,17.461036865234377,6.19290186920166,6.482300994873047,0.7422025146484375
1789064056663074000,17.471073974609375,7.3186255622863765,6.376656846618652,0.7416039642333984
1789064056673111000,17.481111083984374,7.799860095977783,6.374262644958495,1.065569376373291
1789064056683148000,17.49114794921875,7.527968569946289,6.4834980957031245,1.5058032066345215
1789064056693184800,17.501184814453126,6.448931809234619,7.122749938964843,1.1996446693420408
1789064056703222000,17.511221923828124,6.016628771972656,6.945279740905761,0.510114591217041
1789064056713258500,17.521258544921874,6.49891076889038,6.488735411834717,0.029179332733154296
1789064056723295500,17.53129541015625,7.504325828552246,5.877316162872314,-0.1031003089904785
1789064056733332500,17.54133251953125,8.18412946243286,5.205592959594727,0.026036943054199218
1789064056743369200,17.551369140625,6.494421640777587,5.644928964233398,0.13332710494995118
1789064056753406500,17.561406494140623,6.378901410675049,5.812672718048096,0.15083470458984374
1789064056763442400,17.5714423828125,6.823025818634033,5.907991871643066,0.5370493598937988
1789064056773479400,17.5814794921875,8.22917038116455,5.839607486724853,0.565031591796875
1789064056783516400,17.591516357421874,7.798214082336425,6.698078419494628,0.5458779785156249
1789064056793553400,17.601553466796876,7.4405802093505855,7.379378429412841,0.385616104888916
1789064056803590700,17.611590576171874,8.724470849609375,7.304858902740478,0.299424845123291
1789064056813627400,17.62162744140625,9.643993924713135,7.313986796569824,0.3450643142700195
1789064056823664400,17.631664306640626,9.662997900390625,7.481131999969482,0.3582324234008789
1789064056833701400,17.641701416015625,9.044844959259033,7.809137627410888,0.48557402420043944
1789064056843738600,17.651738525390623,9.827000714111328,7.1866451957702635,0.47494975433349607
1789064056853775600,17.661775634765625,9.4496146774292,7.103147412872314,0.2102408332824707
1789064056863812400,17.671812255859376,7.753771714019775,7.177367664337158,0.003441664886474609
1789064056873849300,17.681849365234374,6.370820980072021,7.0470333114624015,-0.12659341278076172
1789064056883886300,17.69188623046875,6.1541457298278806,6.387430754089355,-0.28206688308715816
1789064056893923600,17.701923583984374,6.0154316711425775,5.87986000213623,-0.29448680419921874
1789064056903960600,17.711960693359377,6.475567302703857,5.083787950134277,-0.12509703674316405
1789064056913997300,17.721997314453127,6.40344197769165,4.576516473388671,0.09995791931152344
1789064056924034300,17.732034423828125,4.656422953796387,5.1514241470336914,0.30316578521728516
1789064056934071600,17.742071533203124,5.029619137573242,4.787206219482422,0.3254617881774902
1789064056944108500,17.752108642578126,6.946626479339599,4.398148449707031,0.2838625343322754
1789064056954145500,17.7621455078125,7.614608742523193,4.692784891510009,0.3224690361022949
1789064056964182300,17.772182373046874,7.133074933624267,5.568464148712158,0.07496843948364257
1789064056974219300,17.78221923828125,7.545027256774902,6.151452252960205,-0.10115502014160156
1789064056984256500,17.792256591796875,8.581866213226318,6.424241604614258,-0.672920304107666
1789064056994292500,17.80229248046875,8.403947102355957,7.432350141143798,-1.103876602935791
1789064057004329500,17.81232958984375,7.691821746063232,7.903110042572021,-1.1153986984252928
1789064057014366500,17.822366455078125,9.351751684570312,7.761852144622802,-1.1168950744628905
1789064057024403500,17.832403564453124,10.728268001556396,7.165396656036377,-0.7670423568725585
1789064057034440400,17.8424404296875,9.031676850128173,7.519289588928222,-0.12764087600708007
1789064057044477400,17.8524775390625,7.189637947845458,7.818115883636474,-0.042945992279052735
1789064057054514400,17.862514404296874,8.1724577293396,6.865522898101807,-0.5530605834960938
1789064057064551400,17.872551513671876,7.610718164825439,6.574627396392822,-0.7866448829650878
1789064057074588400,17.88258837890625,6.5786676116943354,6.348824252319336,-0.7368155609130859
1789064057084625400,17.89262548828125,6.687005236816406,5.824793363952637,-0.3612251754760742
1789064057094662400,17.902662353515623,5.883600942230224,6.06511135559082,-0.23343466186523437
1789064057104699400,17.912699462890625,6.5686418922424314,5.603928260803222,0.01975216369628906
1789064057114736600,17.922736572265624,6.130203713226318,6.075885263061523,-0.3232172241210937
1789064057124773400,17.9327734375,6.2307601829528805,6.4929252647399895,-0.8231564582824706
1789064057134810400,17.942810302734376,6.749254479980468,6.423194141387939,-0.6338648895263671
1789064057144847400,17.952847412109374,7.512406259155273,6.611438246917724,-0.3737947341918945
1789064057154884400,17.96288427734375,7.110479655456542,6.864475434875488,-0.029328970336914062
1789064057164921600,17.972921630859375,7.7410525177001945,6.969820307922363,-0.46252983322143554
1789064057174958600,17.98295849609375,7.37354256286621,7.227496261596679,-0.9911994873046874
1789064057184995300,17.992995361328123,6.785317142486572,7.391199800109863,-0.8810662109374999
1789064057195031300,18.00303125,8.210914593505859,6.506392649078369,-0.15562310791015624
1789064057205068300,18.013068359375,8.447042732238769,6.388777492523193,0.31229367904663086
1789064057215105500,18.02310546875,7.381922268676758,6.060622227478027,0.8536825294494629
1789064057225142500,18.033142578125,6.133495740509033,6.37830286026001,0.18270751419067383
1789064057235179500,18.043179443359374,6.884676511383057,5.92475128326416,-0.7074865905761718
1789064057245216300,18.05321630859375,7.193079612731933,5.757456442260742,-1.1981482933044434
1789064057255253500,18.06325341796875,7.817816608428955,5.537189889526367,-1.1085153686523437
1789064057265290500,18.07329052734375,5.923703820037842,6.420351026916504,-0.6536170532226562
1789064057275327500,18.083327392578123,7.419331669616699,6.176441732788086,-0.20305822830200193
1789064057285364500,18.093364501953126,8.464699969482421,6.068553020477294,0.3642179275512695
1789064057295401200,18.103401123046876,7.39928023071289,7.0388032432556145,0.2962824554443359
1789064057305438500,18.1134384765625,7.781903583526611,6.928071416473388,0.16220716247558592
1789064057315475500,18.123475341796876,8.231115670013427,7.0634934478759765,-0.07721300354003906
1789064057325512400,18.133512451171875,8.117989641571045,6.813000099182129,0.2066495307922363
1789064057335549400,18.143549560546877,6.7736454093933105,7.223904959106445,0.3869628433227539
1789064057345586400,18.15358642578125,8.488791623687744,6.515071630096435,-0.05162497329711914
1789064057355623400,18.16362353515625,8.135048328399657,6.339397083282471,-0.426467170715332
1789064057365660400,18.173660400390624,7.577648254394531,6.762572226715087,-0.5847837554931641
1789064057375697400,18.183697509765626,8.103175518798828,6.281487330627441,-0.16041151123046873
1789064057385734400,18.193734375,7.408557762145995,6.719476596832275,0.471807364654541
1789064057395771400,18.203771484375,7.039850706481933,6.96563045501709,0.7478887435913085
1789064057405808400,18.213808349609376,7.664438064575195,6.967426106262207,0.38367081604003905
1789064057415844400,18.22384423828125,7.653813794708252,7.110180380249023,-0.2246060432434082
1789064057425881300,18.23388134765625,7.772925327301025,7.203105332183838,-0.6464344482421874
1789064057435918300,18.24391845703125,6.38473727722168,7.262212185668945,-0.6660369743347168
1789064057445955600,18.25395556640625,6.097433078002929,7.0275804229736325,-0.5505167442321777
1789064057455992600,18.26399267578125,6.963984441375732,6.125116034698486,-0.6536170532226562
1789064057466029300,18.274029296875,6.695833855438232,5.791424178314209,-0.7451952667236328
1789064057476066300,18.28406640625,6.835146464538574,5.186738621520996,-0.3778349494934082
1789064057486103600,18.294103515625,6.369174966430664,5.116857860565185,-0.20470424194335937
1789064057496140500,18.304140625,6.552331393432617,5.102941563415527,-0.2668038475036621
1789064057506177500,18.314177490234375,7.682544214630126,5.017348854064941,-0.31438860549926756
1789064057516214300,18.32421435546875,7.626579750823974,5.346252307128906,-0.28206688308715816
1789064057526251500,18.33425146484375,7.123348489379882,6.016928047180175,-0.11417349166870117
1789064057536288500,18.34428857421875,7.308150930023193,6.374113007354736,-0.15427636947631834
1789064057546325500,18.354325439453124,7.456741070556641,6.717830583190918,-0.47016135101318357
1789064057556362500,18.364362548828126,8.888473663330078,6.546495526885986,-0.5677250686645507
1789064057566399200,18.374399169921876,9.632621466827391,6.316352892303467,-0.3037643356323242
1789064057576436500,18.3844365234375,8.322993158721923,6.918644247436523,-0.16430208892822265
1789064057586473500,18.394473388671877,8.70816035079956,6.568192979431152,0.4632780212402344
1789064057596510500,18.404510498046875,9.43524946746826,6.165817462921142,0.5758054992675781
1789064057606547500,18.41454736328125,8.609549169921875,6.201431212615966,0.5259761772155761
1789064057616584400,18.42458447265625,6.255749662780762,6.8405334182739255,0.23687632675170897
1789064057626620400,18.434620361328125,6.036380935668945,6.691195089721679,-0.258573779296875
1789064057636657400,18.444657470703124,5.861454576873779,6.472275275421143,-0.044292730712890624
1789064057646694400,18.4546943359375,6.9530608963012694,6.228066706085205,0.2507926239013672
1789064057656731400,18.4647314453125,8.077886763763427,5.64373186340332,0.6940192062377929
1789064057666768600,18.4747685546875,6.800280902862548,6.260986978912353,1.2020388710021972
1789064057676805400,18.484805419921877,6.3892264053344725,6.455964776611328,1.4585177238464355
1789064057686842400,18.49484228515625,6.185569626617431,6.68386284713745,1.2671312286376952
1789064057696879400,18.50487939453125,7.339874102020263,6.721122610473633,0.9744400756835937
1789064057706916400,18.514916259765624,8.699780644989014,6.291513050079345,0.7564180870056152
1789064057716954000,18.5249541015625,8.227674005126953,6.683563571929931,0.8758288948059082
1789064057726990800,18.534990966796876,6.96488226699829,7.043442008972168,1.369483349609375
1789064057737027800,18.54502783203125,7.194575988769531,6.844723271179199,1.4474445411682129
1789064057747064800,18.55506494140625,6.750601218414306,7.069329314422607,1.305588092803955
1789064057757102000,18.56510205078125,7.353790399169921,6.580014350128174,1.1222820281982422
1789064057767139000,18.57513916015625,7.324311791229247,6.507589749908447,0.8604162216186523
1789064057777175800,18.58517578125,6.190058754730225,6.780828014373779,0.7529764221191406
1789064057787212800,18.595212890625,7.160458615112304,6.16087942199707,0.5747580360412597
1789064057797250000,18.60525,8.570044842529297,5.623830062103271,0.49859249572753905
1789064057807287000,18.615287109375,7.540388491058349,6.082170042419433,0.7504325828552245
1789064057817324000,18.625323974609376,6.750301943206787,6.207117441558838,0.8991723609924316
1789064057827360800,18.63536083984375,7.555801164245605,6.387580391693115,0.3447650390625
1789064057837396700,18.645396728515625,7.323264328002929,6.538864009094238,0.08200140686035155
1789064057847434000,18.65543408203125,7.044339834594727,6.996455801391601,0.010324994659423827
1789064057857471000,18.665470947265625,8.980800064849854,6.482450632476806,-0.17163433151245117
1789064057867508000,18.675508056640624,8.268824346160889,6.859238118743896,-0.45415012741088867
1789064057877545000,18.685544921875,7.006631158447266,7.477241422271728,-0.6663362495422362
1789064057887582000,18.69558203125,7.270142978668212,7.138910800170898,-0.7505822204589844
1789064057897619000,18.705618896484374,8.570493755340575,6.432621310424804,-0.9681552963256835
1789064057907656000,18.715656005859376,7.68029965057373,6.636727001953124,-0.7550713485717773
1789064057917693000,18.72569287109375,7.2529346542358395,6.225223591613769,-0.31184476623535157
1789064057927730000,18.73572998046875,7.190535773468017,5.876418337249755,-0.23133973541259764
1789064057937767000,18.745766845703123,7.276278120422363,5.811924530029296,-0.6839934867858887
1789064057947804000,18.755803955078125,6.003161387634277,5.859509288024902,-0.9100959060668945
1789064057957841000,18.7658408203125,5.722890155792236,6.25679712600708,-0.7772177139282226
1789064057967878000,18.7758779296875,7.858218761444092,5.295824434661865,0.16041151123046873
1789064057977915100,18.7859150390625,8.277054414367676,5.336675500488281,0.7451952667236328
1789064057987951900,18.795951904296874,6.749254479980468,6.239139888763427,0.8435071723937988
1789064057997988900,18.80598876953125,7.086836914062499,6.2672717582702635,-0.15726912155151365
1789064058008025900,18.81602587890625,7.977779206848144,6.598719050598144,-1.2921207084655761
1789064058018062800,18.826062744140625,9.27603505706787,6.289567761230469,-1.7477672119140624
1789064058028100000,18.83610009765625,8.914061693572998,6.782623665618896,-2.00439570236206
1789064058038136000,18.846135986328125,7.135918048095703,7.6223898979187,-1.588403163909912
1789064058048173000,18.856173095703124,7.396586753845215,7.4951979347229,-1.3658920471191405
1789064058058209800,18.866209716796874,9.043947133636474,6.931363443756103,-1.0543465560913086
1789064058068246800,18.876246826171876,8.844480207824706,6.77349577178955,-0.8891466415405272
1789064058078284000,18.886283935546874,6.897246070098877,7.155370936584473,-0.9379285003662109
1789064058088321000,18.896321044921876,6.372317356109619,6.806416044616699,-1.0359411308288573
1789064058098358000,18.90635791015625,6.451176373291015,6.241833365631103,-1.1752537399291991
1789064058108394800,18.916394775390625,7.058405769348144,5.677549961853027,-1.0437222862243651
1789064058118432000,18.926431884765623,7.256376319122314,5.40760372467041,-1.08532154006958
1789064058128469000,18.936468994140625,5.981015022277831,6.079326927947998,-1.4797662635803221
1789064058138506000,18.946506103515624,7.371148361206054,5.772270565032959,-1.5280992095947266
1789064058148543000,18.95654296875,8.03763424835205,5.880608190155029,-1.3545195892333983
1789064058158579700,18.966579833984376,8.034940771484374,6.3432876609802245,-1.0712556053161622
1789064058168617000,18.976616943359375,7.978677032470703,6.785317142486572,-0.7351695472717285
1789064058178654000,18.986654052734377,8.92498523864746,6.748655929565429,-0.9407716148376464
1789064058188691000,18.99669091796875,8.696338980102539,7.013963401031494,-1.2020388710021972
1789064058198728000,19.00672802734375,7.880814039611816,7.5142019104003905,-1.6307506057739256
1789064058208765000,19.016764892578124,8.164526936340332,6.88871672668457,-1.4481927291870116
1789064058218802000,19.026802001953126,7.460631648254394,6.60799658203125,-0.8569745567321777
1789064058228839000,19.0368388671875,6.487388673400878,6.237194599914551,-0.44202948150634763
1789064058238875000,19.046875,6.241085177612304,5.5255181564331055,-0.34267011260986324
1789064058248912000,19.056911865234376,6.61428136138916,4.805761282348633,-0.6432920585632323
1789064058258949000,19.06694921875,6.185719264221191,4.534169031524658,-0.8143278396606445
1789064058268986000,19.076986083984377,5.19032992401123,4.817881928253174,-0.7462427299499511
1789064058279022800,19.08702294921875,5.844246252441406,4.7275008155822755,-0.5065232887268066
1789064058289059800,19.097059814453125,6.612784985351562,5.026177472686768,-0.41150341033935545
1789064058299096800,19.107096923828124,6.930166342926025,5.7335144256591795,-0.3315969299316406
1789064058309134000,19.117134033203126,6.983736605072021,6.471527087402343,-0.29837738189697266
1789064058319171000,19.127171142578124,8.042123376464843,6.917297509002685,-0.7989151664733887
1789064058329207800,19.137207763671874,7.618948233032226,7.8924857727050775,-1.0844237144470215
1789064058339244800,19.147244873046876,8.198045759582518,8.03808316116333,-1.2502221794128416
1789064058349282000,19.157281982421875,9.995043743133545,7.572410938262939,-1.0589853218078613
1789064058359319000,19.167319091796877,10.014646269226073,7.3286512817382805,-0.4043208053588867
1789064058369356000,19.17735595703125,9.210493786621093,7.448361364746093,0.18121113815307616
1789064058379392800,19.187392822265625,8.960449350738525,6.846518922424316,0.280271231842041
1789064058389430000,19.197429931640624,7.747038021850585,6.81898560333252,0.029478607940673827
1789064058399467000,19.207467041015626,6.3423898353576655,6.886172887420654,-0.48078562088012694
1789064058409504000,19.21750390625,6.515670180511474,6.240935540008545,-0.7947253135681152
1789064058419541000,19.227541015625,6.207416716766357,6.11628741607666,-0.7911340110778808
1789064058429577000,19.237576904296876,6.403741252899169,5.916670852661133,-0.47195700225830073
1789064058439614000,19.247614013671875,6.114641402435303,5.912331362152099,-0.05237316131591797
1789064058449651000,19.25765087890625,6.6057520179748535,6.1355906669616695,-0.03516483688354492
1789064058459688000,19.26768798828125,7.0004960166931145,6.014982758331299,0.24091654205322263
1789064058469725000,19.277724853515625,6.953809084320068,6.513126341247558,0.2609679809570312
1789064058479762000,19.287761962890624,8.403947102355957,6.295553265380859,0.2741360900878906
1789064058489799000,19.297798828125,7.7599068557739255,6.522553510284424,0.009576806640625
1789064058499836000,19.3078359375,7.223605683898925,7.411251239013671,-0.6332663391113281
1789064058509873000,19.317872802734374,8.470236560821533,6.494720915985107,-0.7679401824951172
1789064058519910000,19.327909912109376,7.806593788146972,6.8970964324951165,-0.6531681404113769
1789064058529947100,19.337947021484375,7.734169187927246,6.510432864379882,-0.008678981018066407
1789064058539984000,19.34798388671875,5.645078601837158,6.630442222595215,-0.020350714111328123
1789064058550020900,19.358020751953124,6.4263365310668945,6.619369039916992,-0.436043977355957
1789064058560057900,19.368057861328126,7.759158667755126,4.997746327972412,-0.4433762199401855
1789064058570094800,19.3780947265625,7.3460092437744136,5.7311202239990235,-1.0720037933349609
1789064058580132000,19.388132080078126,7.462427299499511,5.458031597137451,-0.9434650917053222
1789064058590168800,19.3981689453125,7.180360416412353,5.265896913909912,-0.750133307647705
1789064058600205800,19.408205810546875,5.724536169433593,6.369923154449462,-0.6392518432617187
1789064058610242800,19.418242919921877,5.969941839599609,6.348375339508056,-0.9916484001159668
1789064058620278800,19.42827880859375,7.285406014251708,6.60141252746582,-1.9539678298950194
1789064058630316000,19.43831591796875,8.402600363922119,6.705859574890137,-2.4251766441345213
1789064058640353000,19.44835302734375,8.691700214385985,6.7926493850708,-2.1404162841796874
1789064058650390000,19.45839013671875,8.635586112976073,7.194875263977051,-1.5267524711608886
1789064058660426800,19.4684267578125,8.568847741699217,7.1881415718078605,-1.139639990234375
1789064058670464000,19.478464111328126,8.576778534698486,7.213579964447021,-1.3717279136657714
1789064058680501000,19.4885009765625,7.573608039093017,7.4491095527648925,-1.924189946746826
1789064058690538000,19.4985380859375,7.397185304260254,7.289595867156982,-2.5541642585754394
1789064058700575000,19.508574951171877,7.592462377166748,6.824522194671631,-2.9785365028381348
1789064058710611700,19.51861181640625,6.93315909500122,6.715586019134521,-2.8405706321716306
1789064058720648200,19.528648193359373,6.68446139755249,6.466289771270752,-2.188749230194092
1789064058730685200,19.538685302734375,7.0449383850097655,5.91188244934082,-1.839943975830078
1789064058740722400,19.548722412109374,6.411672045898437,6.280739142608642,-1.8359037605285644
1789064058750759400,19.558759521484376,5.9688943763732905,6.2222308395385735,-1.6641197914123533
1789064058760796400,19.56879638671875,6.5403603851318355,6.331017377471923,-1.5984288833618163
1789064058770833200,19.578833251953125,7.7693340248107905,5.80953032836914,-0.9127893829345702
1789064058780870100,19.5888701171875,7.572410938262939,6.28852029800415,-0.7890390846252441
1789064058790907400,19.598907470703125,7.3186255622863765,6.468384697723388,-0.9549871871948241
1789064058800944400,19.6089443359375,7.927351334381103,6.424241604614258,-1.4541782333374023
1789064058810980400,19.61898046875,7.484274389648437,6.775441060638427,-1.9545663803100586
1789064058821017300,19.629017333984375,8.3762641456604,6.497713668060302,-1.8552070114135741
1789064058831054300,19.639054443359374,8.349030101776123,6.260687703704834,-1.5237597190856933
1789064058841091300,19.64909130859375,7.101202124023437,6.733991444396972,-1.2114660400390624
1789064058851128300,19.65912841796875,7.444770062255859,6.208464179992675,-0.9105448188781737
1789064058861165300,19.669165283203125,8.533383629608155,5.734412251281738,-0.7618050407409668
1789064058871202300,19.679202392578127,8.377161971282959,5.332635285186767,-0.28999767608642574
1789064058881239300,19.6892392578125,7.164648468017577,5.563376470184326,-0.2620154441833496
1789064058891276300,19.6992763671875,5.862202764892578,5.682338365173339,-0.3398269981384277
1789064058901313300,19.709313232421874,6.468384697723388,5.376778378295898,-0.3298012786865234
1789064058911350300,19.719350341796876,7.621641709899902,5.046977099609375,-0.22819734573364256
1789064058921387300,19.72938720703125,8.213308795166014,5.021987619781494,-0.007781155395507812
1789064058931424300,19.73942431640625,7.580341731262207,5.596596018218994,0.12030863342285156
1789064058941461200,19.749461181640626,7.068431488800049,6.190507667541503,0.027234043884277342
1789064058951498200,19.759498291015625,7.2723875427246085,6.662015756988525,0.4364928901672363
1789064058961535200,19.76953515625,8.914360968780517,6.40972675704956,0.8857049766540527
1789064058971572500,19.779572509765625,8.805574430847168,7.074267355346679,1.1139023223876952
1789064058981609500,19.789609375,9.2948893951416,7.261015084838867,1.0727519813537596
1789064058991646200,19.799646240234374,8.519616970062255,7.5999442573547356,0.781407566833496
1789064059001682200,19.80968212890625,8.247126893615722,8.009951291656494,0.5155015449523925
1789064059011719200,19.81971923828125,8.217049735260009,7.442974411010741,0.7026981872558593
1789064059021756400,19.82975634765625,7.5631334068298335,7.532906610870361,1.1037269653320312
1789064059031793400,19.83979345703125,6.922684462738037,6.973561248016357,1.606359676361084
1789064059041830400,19.849830322265625,6.8882678138732905,6.472724188232421,1.5523405014038085
1789064059051867100,19.8598671875,5.79696076965332,6.196942084503173,1.2217910346984862
1789064059061904400,19.869904296875,4.832247138214111,5.93747047958374,1.13649760055542
1789064059071941400,19.87994140625,5.539284815979004,5.416133068084717,1.4417583122253417
1789064059081978400,19.889978271484374,6.253205823516845,4.89015689086914,1.6852186935424804
1789064059092015400,19.900015380859376,6.377405034637451,4.9455228042602535,1.6870143447875976
1789064059102052000,19.910052001953126,5.6946086486816405,5.678896700286865,1.2740145584106444
1789064059112089300,19.92008935546875,6.878691007232666,5.543624306488037,1.1472715080261229
1789064059122126300,19.930126220703126,7.401824069976806,6.1927522315979004,1.0128969398498535
1789064059132163300,19.940163330078125,8.176198669433592,6.506392649078369,0.6328174263000488
1789064059142200300,19.950200439453123,6.858639568328857,7.441328397369384,0.4149450752258301
1789064059152237300,19.9602373046875,7.01650724029541,8.077737126159667,-0.025438392639160156
1789064059162274300,19.9702744140625,8.840589630126953,7.357381701660156,0.03396773605346679
1789064059172311300,19.980311279296874,10.123582444763183,7.123647764587402,0.20859481964111326
1789064059182347300,19.99034716796875,8.98932940826416,7.154772386169433,0.46582186050415036
1789064059192384300,20.00038427734375,7.607276499938965,7.336133161926269,0.5491700057983399
1789064059202421500,20.01042138671875,7.332392221832275,6.983736605072021,0.20545242996215818
1789064059212458500,20.02045849609375,7.463774037933349,6.57597413482666,-0.2838625343322754
1789064059222495200,20.0304951171875,6.3797992362976075,6.482001719665527,-0.34446576385498046
1789064059232532200,20.0405322265625,6.068702658081055,6.345232949829101,-0.515202269744873
1789064059242569200,20.0505693359375,6.561309649658202,6.030545069122314,-0.390703783416748
1789064059252606500,20.0606064453125,6.136937405395507,6.0425160774230955,-0.3576338729858398
1789064059262643500,20.0706435546875,5.868337906646728,6.2660746574401855,-0.45295302658081055
1789064059272680200,20.08068017578125,6.67129328842163,6.383390538787841,-0.47375265350341794
1789064059282717200,20.09071728515625,7.888744832611083,6.133495740509033,-0.4055179061889648
1789064059292754400,20.10075439453125,7.657554734802246,6.572682107543945,-0.2678513107299805
1789064059302791400,20.11079150390625,6.623259617614746,7.433098329162597,-0.47285482788085936
1789064059312828400,20.120828369140625,8.558822022247314,6.930914530944824,-0.6596025573730468
1789064059322865200,20.130865234375,9.969156437683106,6.42903000793457,-0.5608417388916015
1789064059332902400,20.14090234375,8.10781428451538,7.321917589569091,-0.4538508522033691
1789064059342939400,20.150939453125,7.698256163024902,6.851756238555907,0.23837270278930664
1789064059352976400,20.160976318359374,6.95874712524414,6.759579474639892,0.028431144714355466
1789064059363012400,20.171012451171876,6.951265245056152,6.6723407516479485,-0.514603719329834
1789064059373049300,20.18104931640625,7.950844438171386,5.517886638641357,-0.6379051048278809
1789064059383086000,20.191086181640625,7.911340110778808,5.501576139831543,-1.1840823585510254
1789064059393123300,20.201123291015627,6.209661280822753,5.990591828918457,-1.1950059036254883
1789064059403160300,20.211160400390625,6.576123772430419,5.771073464202881,-1.035492218017578
1789064059413197300,20.221197265625,6.437260076141357,6.011840368652344,-0.5366004470825195
1789064059423234300,20.231234375,6.693140378570556,6.443544855499267,-0.2790741310119629
1789064059433271300,20.241271240234376,7.663091326141357,6.509535038757324,-0.5455787033081054
1789064059443308300,20.251308349609374,7.030573175048827,7.150881808471679,-0.7273883918762206
1789064059453345300,20.26134521484375,7.8423571754455565,7.275081019592284,-0.9142857589721679
1789064059463382300,20.27138232421875,10.262296503448486,6.3806970619201655,-0.501136334991455
1789064059473419500,20.28141943359375,7.90999337234497,7.2541317550659175,-0.3344400444030762
1789064059483456300,20.291456298828123,6.625953094482422,7.925854958343505,-0.3345896820068359
1789064059493493200,20.3014931640625,7.675211972045898,6.950517057037353,-0.1336263801574707
1789064059503530200,20.3115302734375,8.098237477874756,6.993014136505127,-0.4997895965576172
1789064059513567200,20.321567138671874,7.271340079498291,6.889614552307129,-0.3452139518737793
1789064059523604500,20.3316044921875,8.374019581604003,6.376656846618652,-0.09980828170776367
1789064059533641200,20.34164111328125,8.245031967163085,5.6568999725341795,0.270694425201416
1789064059543678200,20.35167822265625,5.4878094802856445,6.66515814666748,0.10564414825439453
1789064059553714200,20.361714111328126,5.563675745391845,6.1824272369384765,-0.3416226493835449
1789064059563751200,20.371751220703125,6.9904702972412105,5.549460173034667,-0.7055413017272949
1789064059573788400,20.381788330078123,7.421276958465576,5.440673635101318,-0.429011009979248
1789064059583825400,20.391825439453125,7.487566416931152,5.239411058044433,0.3456628646850586
1789064059593862400,20.4018623046875,7.370998723602295,5.564872846221924,0.7734767738342284
1789064059603899100,20.411899169921874,7.306056003570556,5.5668181350708,0.7127239067077636
1789064059613936400,20.421936279296876,6.892308029174805,6.323086584472656,0.3646668403625488
1789064059623973400,20.431973388671874,8.120533480834961,6.158784495544433,-0.08379705810546874
1789064059634010400,20.44201025390625,8.585307878112792,6.613084260559082,-0.5671265182495117
1789064059644047400,20.45204736328125,8.015936795806883,7.087285826873779,-0.6434416961669921
1789064059654084000,20.462083984375,8.027907804107665,7.300968325042724,-0.9216180015563964
1789064059664121300,20.472121337890623,7.565976521301269,7.58453158416748,-0.9828197814941406
1789064059674158300,20.482158447265626,8.324339897155761,7.209240473937988,-0.4955997436523437
1789064059684195300,20.4921953125,8.564358613586425,6.638821928405761,0.15696984634399413
1789064059694232300,20.502232421875,7.158214051055908,6.8031240173339835,0.5205892234802246
1789064059704269300,20.512269287109376,5.9379193923950195,6.549637916564941,0.44202948150634763
1789064059714306300,20.522306396484375,5.2639516250610345,6.398803211975097,0.12853870162963865
1789064059724343000,20.532343017578125,6.82467183227539,5.6483706291198725,-0.1924339584350586
1789064059734380000,20.542380126953127,7.6838909530639645,5.007173497009277,0.13003507766723632
1789064059744417000,20.5524169921875,6.261286254119873,5.935076277923583,0.04848258361816406
1789064059754454000,20.5624541015625,6.817189952087402,5.932233163452148,0.04848258361816406
1789064059764491000,20.572490966796874,6.842029794311523,6.312312677001953,0.2581248664855957
1789064059774528000,20.582528076171876,7.299023036193847,6.972214509582519,-0.018555062866210937
1789064059784565000,20.59256494140625,7.959972332000732,6.928221054077148,0.19632453613281248
1789064059794602000,20.60260205078125,7.941417269134521,7.785943798828124,-0.04938040924072265
1789064059804639000,20.612638916015626,9.096469932556152,7.47604432144165,-0.7255927406311035
1789064059814676000,20.622676025390625,8.326883736419678,7.962665808868408,-0.860565859222412
1789064059824713000,20.632712890625,8.396764497375488,7.783250321960449,-1.0143933158874512
1789064059834750000,20.64275,8.40215145111084,7.312789695739745,-0.6349123527526855
1789064059844787000,20.652786865234376,7.22719698638916,7.156119124603271,0.0652419952392578
1789064059854824200,20.66282421875,6.423643054199219,6.599317601013183,-0.06868366012573242
1789064059864861000,20.67286083984375,5.317072974395751,6.5668462409973145,-0.7677905448913573
1789064059874898000,20.68289794921875,5.437980158233643,5.840056399536133,-1.5490484741210937
1789064059884935000,20.692934814453125,5.244199461364746,5.570110162353515,-1.4764742362976073
1789064059894972200,20.70297216796875,5.355080925750732,5.246593663024902,-0.5749076736450195
1789064059905008000,20.713008056640625,5.599588770294189,5.210381362915038,-0.0025438392639160153
1789064059915045000,20.723045166015623,7.062445984649658,5.418078356933593,-0.11028291397094726
1789064059925081900,20.733081787109374,7.39913059310913,5.675155760192871,0.0579097526550293
1789064059935118800,20.743118896484376,8.103325156402587,6.1942486076354975,0.16519991455078123
1789064059945156000,20.753156005859374,8.221987776184081,6.848913124084472,-0.03621230010986328
1789064059955193000,20.763193115234376,7.586476873016357,7.524377267456054,-0.1913864952087402
1789064059965230000,20.77322998046875,7.426514274597167,7.82679486465454,-0.39549218673706055
1789064059975266800,20.783266845703125,8.743325187683105,7.427112825012206,-0.819116242980957
1789064059985303800,20.7933037109375,9.407117597961426,6.923731925964355,-0.5805939025878906
1789064059995341000,20.803341064453125,8.634389012145995,6.798934164428711,-0.025438392639160156
1789064060005378000,20.8133779296875,7.639298947143554,6.62685092010498,0.40357261734008787
1789064060015415000,20.8234150390625,6.550835017395019,6.443395217895508,0.6609492958068848
1789064060025451800,20.83345166015625,6.1261634979248045,6.5497875541687005,0.37843349990844727
1789064060035489000,20.843489013671874,6.654982789611816,5.878213988494872,0.19437924728393555
1789064060045526000,20.853526123046876,6.468384697723388,6.214599321746825,0.1580173095703125
1789064060055563000,20.86356298828125,6.797587425994872,6.088305184173584,0.11911153259277343
1789064060065600000,20.87360009765625,6.635080988311767,6.527790826416015,0.16729484100341796
1789064060075636700,20.88363671875,7.488164967346191,6.512527790832519,0.19123685760498046
1789064060085673200,20.893673095703125,8.321945695495605,6.663661770629883,0.17178396911621094
1789064060095710000,20.9037099609375,9.003993893432616,6.848913124084472,0.48617257461547847
1789064060105747000,20.913746826171874,8.03703569793701,7.323563603210449,0.5576993492126464
1789064060115784000,20.923783935546876,7.99334151763916,7.734019550323486,0.42886137237548827
1789064060125821000,20.933821044921874,8.62496184310913,7.5153990112304685,0.4860229370117187
1789064060135858200,20.943858154296876,9.075371030426025,7.153575285339355,0.502483073425293
1789064060145895000,20.95389501953125,7.530811684417724,7.651120317840576,0.6708253776550293
1789064060155932000,20.963931884765625,6.8505591377258295,7.189637947845458,1.1953051788330078
1789064060165969000,20.973968994140623,6.685059947967529,6.5686418922424314,1.235408056640625
1789064060176006100,20.984006103515625,6.718429133605957,6.111648650360107,0.9320926338195801
1789064060186043100,20.994043212890624,6.474519839477539,5.312583846282958,1.0579378585815429
1789064060196079900,21.004079833984374,5.72663109588623,5.217863243103027,0.9666589202880859
1789064060206116900,21.014116943359376,5.678597425079345,5.135712198638916,0.7891887222290038
1789064060216154000,21.024154052734374,7.165396656036377,4.414159673309326,1.0018237571716309
1789064060226191000,21.034191162109376,7.152827097320556,4.82626163406372,1.3154641746520996
1789064060236228000,21.04422802734375,6.224176128387451,5.632658680725097,1.3970166687011718
1789064060246264800,21.054264892578125,7.323862878417969,5.889287171173096,1.2065279991149902
1789064060256301800,21.0643017578125,7.860463325500488,6.261136616516113,0.682497110748291
1789064060266337800,21.074337890625,8.442703241729737,6.763320414733887,0.33414076919555663
1789064060276375000,21.084375,9.835679695129395,6.653037500762939,0.39698856277465816
1789064060286412000,21.094412109375,8.805275155639649,7.06708475036621,0.5532102210998535
1789064060296449000,21.104448974609376,8.451232585144043,7.472752294158935,0.42063130416870115
1789064060306486000,21.114486083984374,8.658779941558837,7.128735443115234,0.15038579177856445
1789064060316523000,21.12452294921875,8.972270721435546,6.967725381469726,0.014215572357177733
1789064060326560000,21.13456005859375,8.470236560821533,6.5880947807312005,0.10983400115966796
1789064060336597000,21.144596923828125,6.627449470520019,6.904727950286865,0.1236006607055664
1789064060346634000,21.154634033203124,6.145017835998535,6.4281321823120114,0.5086182151794433
1789064060356671000,21.1646708984375,5.694159735870361,6.030545069122314,-0.006733692169189453
1789064060366708000,21.1747080078125,5.673958659362793,6.082918230438232,-0.5958569381713866
1789064060376745000,21.184744873046874,6.623259617614746,5.517737001037597,-1.1022305892944335
1789064060386782000,21.194781982421876,7.24021545791626,5.464765289306641,-0.828693049621582
1789064060396819000,21.20481884765625,6.765564978790283,5.913827738189697,0.06404489440917968
1789064060406856000,21.21485595703125,6.569838993072509,6.166116738128662,0.715716658782959
1789064060416893000,21.224892822265623,7.513603359985352,6.459406441497802,0.9609726913452148
1789064060426930000,21.234929931640625,8.118139279174803,6.666504885101318,0.027682956695556638
1789064060436966000,21.2449658203125,8.096741101837157,7.253832479858398,-0.8153753028869628
1789064060447003000,21.2550029296875,8.149862451171874,7.281066523742675,-1.1589432411193847
1789064060457040100,21.2650400390625,8.315212003326415,7.184550269317627,-1.3504793739318848
1789064060467077000,21.2750771484375,8.566752815246582,6.79923343963623,-0.9816226806640624
1789064060477113900,21.28511376953125,6.855197903442383,6.884676511383057,-1.0048165092468262
1789064060487150800,21.29515087890625,6.465990496063232,6.758831286621094,-1.0561422073364257
1789064060497188000,21.30518798828125,6.735787095642089,5.903652381134033,-0.7038952880859375
1789064060507225000,21.31522509765625,5.895272675323486,6.195595346069336,-0.6368576416015624
1789064060517262000,21.325261962890625,6.705410662078857,5.478382311248779,-0.2561795776367187
1789064060527298800,21.335298828125,6.088155546569824,5.450848992156982,-0.3995324020385742
1789064060537335800,21.345335693359374,5.922357081604003,6.119579443359375,-1.0030208580017088
1789064060547373000,21.355373046875,6.912808380889892,5.673659384155273,-1.0155904167175291
1789064060557410000,21.36541015625,7.997531370544433,5.997325521087646,-1.2241852363586425
1789064060567447000,21.375447021484376,8.263437392425537,6.56325493850708,-1.0467150382995605
1789064060577483800,21.38548388671875,7.183203530883788,7.203404607391357,-0.7790133651733397
1789064060587521000,21.39552099609375,6.834847189331055,8.163180197906494,-0.6998550727844238
1789064060597558000,21.40555810546875,8.974664923095702,7.485621128082275,-0.4734533782958984
1789064060607595000,21.415594970703125,10.351779790496826,7.2702926162719725,-0.45968671875
1789064060617631000,21.425630859375,9.454552718353272,7.783549597167968,-0.40776247024536133
1789064060627668000,21.43566796875,8.651298061370849,7.594706941223144,-0.4311059364318847
1789064060637705000,21.445705078125,8.72716432647705,7.500584888458252,-0.605882657623291
1789064060647742000,21.455741943359374,7.8016557472229,7.089530390930175,-0.41838674011230464
1789064060657779000,21.465779052734376,6.674435678100585,7.146093405151367,-0.469862075805664
1789064060667816000,21.47581591796875,6.476764403533935,6.555473783111572,-0.30735563812255856
1789064060677853000,21.48585302734375,4.756979423522949,6.4278329071044915,-0.7167641220092773
1789064060687890200,21.49589013671875,4.552574456787109,6.3055789848327635,-1.2023381462097167
1789064060697927000,21.505927001953125,5.157708926391601,5.434538493347167,-1.2195464706420898
1789064060707964000,21.5159638671875,6.348524977111816,5.054458979797363,-0.9187748870849609
1789064060718000600,21.526000732421874,6.644807432556152,4.884321024322509,-0.24016835403442383
1789064060728037600,21.53603759765625,6.489633237457275,5.109974530792236,-0.13542203140258788
1789064060738075000,21.546074951171875,6.566397328186035,5.792920554351806,-0.4655225852966308
1789064060748111600,21.556111572265625,6.954108359527588,6.083516780853271,-0.6648398735046386
1789064060758148600,21.566148681640627,7.533804436492919,6.839635592651367,-1.2918214332580567
1789064060768185600,21.576185546875,9.019406566619873,6.798185976409911,-1.4395137481689453
1789064060778222800,21.586222900390624,7.520037776947021,7.672069582366943,-1.7236755577087401
1789064060788258800,21.5962587890625,8.161833459472655,8.019827373504638,-1.6724994972229004
1789064060798295800,21.6062958984375,10.376469995117187,6.595726298522949,-1.0072107109069823
1789064060808332800,21.616332763671874,10.024821626281737,6.940940250396728,-0.7097311546325683
1789064060818369500,21.62636962890625,8.40275000152588,7.1483379692077635,-0.22340894241333006
1789064060828406500,21.636406494140626,7.804199586486816,6.751947956848144,-0.41629181365966794
1789064060838443800,21.64644384765625,7.70588768081665,6.609044045257568,-0.8418611587524414
1789064060848480800,21.656480712890627,7.1954738143920896,6.151302615356445,-1.0945990715026854
1789064060858517800,21.666517822265625,6.7173816703796385,5.9211599807739255,-1.1592425163269042
1789064060868554500,21.676554443359375,6.5309332160949705,5.7323173248291015,-0.9853636207580566
1789064060878591700,21.686591796875,6.5628060256958,5.327098693847656,-0.7703343841552734
1789064060888628700,21.696628662109376,6.0345852844238275,5.736656815338135,-0.9591770401000976
1789064060898665700,21.706665771484374,7.239616907501221,5.530306559753417,-1.133205573272705
1789064060908702700,21.71670263671875,7.560589567565917,5.501127227020263,-1.0248679481506346
1789064060918739700,21.72673974609375,7.245153498840332,6.379051048278808,-1.0206780952453613
1789064060928776700,21.736776611328125,7.370998723602295,6.270863060760497,-0.9525929855346679
1789064060938813700,21.746813720703123,7.871087595367431,6.932261269378662,-1.3006500518798827
1789064060948850700,21.7568505859375,8.505102122497558,6.730400141906738,-1.5625158584594725
1789064060958886700,21.76688671875,7.481281637573241,7.283011812591552,-1.3603554557800293
1789064060968924000,21.776923828125,7.079504671478271,7.3855135711669915,-0.9178770614624023
1789064060978960600,21.786960693359376,8.099584216308592,6.676829879760742,-0.8144774772644042
1789064060988997600,21.79699755859375,7.821407910919189,6.63957011642456,-0.9575310264587402
1789064060999034600,21.80703466796875,7.097461183929443,6.424840155029297,-0.9701005851745604
1789064061009071600,21.817071533203126,5.830629230499267,6.48589229736328,-0.7146691955566405
1789064061019108900,21.82710888671875,6.486041934967041,6.12212328262329,-0.47420156631469723
1789064061029145600,21.8371455078125,7.945307846832275,5.4135892288208005,-0.6305728622436523
1789064061039182600,21.8471826171875,6.9707181335449215,6.042067164611816,-0.6605003829956054
1789064061049219600,21.857219482421876,6.411073495483398,6.374113007354736,-0.5870283195495605
1789064061059256800,21.8672568359375,6.280439867401123,6.593930647277832,-0.958279214477539
1789064061069293800,21.8772939453125,7.726537670135498,6.795941412353515,-1.4908394462585448
1789064061079330600,21.88733056640625,8.759635686492919,6.228365981292725,-1.3949217422485352
1789064061089367600,21.897367431640625,7.873781072235107,7.09297205581665,-1.207276187133789
1789064061099404500,21.907404541015627,7.707683332061767,6.93989278717041,-0.6654384239196777
1789064061109441800,21.91744189453125,7.759457942962646,7.173477086639404,-0.6949170318603515
1789064061119478800,21.927478759765624,8.15854143218994,7.038653605651855,-0.6504746635437011
1789064061129514800,21.9375146484375,7.669076830291748,6.939144599151611,-0.5618892021179199
1789064061139551700,21.9475517578125,7.293785720062256,7.161506078338623,-0.5904699844360352
1789064061149588500,21.95758837890625,6.5300353904724115,6.809109521484374,-0.23852234039306638
1789064061159625700,21.967625732421876,6.667552348327637,6.553678131866454,0.12524667434692383
1789064061169662700,21.977662841796874,6.834099001312255,5.912480999755859,0.5150526321411133
1789064061179699700,21.98769970703125,6.338199982452392,6.178686296844482,0.11626841812133788
1789064061189736700,21.99773681640625,6.2395888015747065,6.070647946929931,-0.21832126388549802
1789064061199773700,22.007773681640625,6.160280871582031,6.2778960281372065,-0.33099837951660155
1789064061209810700,22.017810791015624,7.841160074615478,5.792920554351806,0.4789899696350097
1789064061219847700,22.02784765625,8.168267876434326,5.848436105346679,1.3440449569702149
1789064061229884700,22.037884765625,6.947673942565918,6.566696603393554,1.4456488899230957
1789064061239921700,22.047921630859374,6.6519900375366205,6.912060192871094,0.8903437423706054
1789064061249958700,22.057958740234376,7.112873857116699,7.094767707061767,-0.45893853073120117
1789064061259995600,22.06799560546875,7.847145578765868,7.1607578903198235,-1.2198457458496093
1789064061270032600,22.07803271484375,8.183979824829102,6.938994961547851,-1.1180921752929687
1789064061280069600,22.088069580078123,7.456142520141601,6.9807438529968255,-0.5542576843261718
1789064061290107000,22.09810693359375,6.133795015716553,7.035960128784179,0.3829226280212402
1789064061300142800,22.108142822265624,6.763769327545166,6.401795964050293,0.8662520881652832
1789064061310179600,22.1181796875,7.691073558044433,5.8648962417602535,0.9961375282287597
1789064061320216600,22.128216552734376,8.246827618408203,5.306747979736328,0.7785644523620605
1789064061330253600,22.138253662109374,6.641665042877197,5.852326683044433,-0.0522235237121582
1789064061340290800,22.148290771484376,5.65675033493042,6.426785443878173,-0.9021651130676269
1789064061350327800,22.158327880859375,6.623259617614746,5.944204171752929,-0.7559691741943358
1789064061360364800,22.16836474609375,8.423399990844725,5.695955387115478,-0.2088940948486328
1789064061370401500,22.178401611328123,7.7413517929077145,6.414365522766113,0.23223756103515625
1789064061380438800,22.188438720703125,6.5111810523986815,7.155670211791992,0.3161842567443848
1789064061390475800,22.198475830078124,7.673565958404541,7.332691497039795,-0.5436334144592285
1789064061400512800,22.2085126953125,8.57438433303833,7.445069337463378,-1.064970825958252
1789064061410549800,22.2185498046875,10.210970805358887,7.135169860076904,-0.9127893829345702
1789064061420586500,22.22858642578125,9.809193839263916,7.371896549224853,-0.22056582794189453
1789064061430623700,22.238623779296876,8.371326104736328,7.754519902038574,0.36795886764526364
1789064061440660700,22.24866064453125,7.851036156463622,7.742698531341552,0.22939444656372068
1789064061450697700,22.25869775390625,7.899069827270507,7.747187659454346,-0.5436334144592285
1789064061460734700,22.268734619140623,8.36384422454834,6.908768165588379,-1.098788924407959
1789064061470771700,22.278771728515625,6.612186434936523,7.123797402191162,-1.452382582092285
1789064061480807700,22.2888076171875,4.6903906898498535,6.984185517883301,-1.2029366966247559
1789064061490844700,22.2988447265625,4.6733320030212395,6.432471672821045,-1.0229226593017577
1789064061500881700,22.308881591796876,5.47134934387207,5.571157625579834,-1.09804073638916
1789064061510918700,22.318918701171874,5.538386990356445,5.44591095123291,-0.699705435180664
1789064061520956000,22.328955810546876,5.498733025360107,5.13945313873291,-0.1288379768371582
1789064061530992600,22.33899267578125,5.926098021697998,5.114164383697509,-0.01780687484741211
1789064061541029600,22.349029541015625,5.787383963012695,5.570259799957275,-0.15726912155151365
1789064061551066600,22.359066650390623,7.575254052734374,5.406107348632812,-0.5181950218200684
1789064061561103600,22.369103515625,7.70543876800537,5.929838961791992,-0.7586626510620117
1789064061571140900,22.379140869140624,7.539341027832031,6.613682810974121,-0.7468412803649902
1789064061581177600,22.389177490234374,8.2996496925354,6.707954501342773,-0.8846575134277344
1789064061591214600,22.399214599609376,8.211812419128417,7.302165425872802,-1.027262149810791
1789064061601251600,22.40925146484375,9.65970587310791,6.678924806213378,-0.6404489440917969
1789064061611288800,22.419288818359377,9.849147079467773,6.542305673980713,-0.30361469802856444
1789064061621325800,22.429325927734375,9.250596664428711,6.609343320465087,-0.09337386474609374
1789064061631362600,22.439362548828125,8.51632494277954,6.35256519241333,-0.2337339370727539
1789064061641399600,22.449399658203124,8.348880464172362,6.128408061981201,-0.838868406677246
1789064061651435500,22.459435546875,8.013991506958007,5.744437970733642,-1.2484265281677245
1789064061661472800,22.46947265625,7.098658284759521,5.751022025299072,-1.2202946586608887
1789064061671509800,22.479509765625,6.459256803894043,5.642235487365722,-0.9956886154174804
1789064061681546800,22.489546630859376,6.198887373352051,5.540631554412841,-0.7428010650634765
1789064061691583700,22.499583740234375,6.48020606842041,5.651662656402587,-0.7386112121582031
1789064061701620500,22.509620361328125,7.094618069458007,5.613505067443847,-0.8560767311096191
1789064061711657700,22.51965771484375,6.508786850738525,6.453271299743652,-0.9802759422302245
1789064061721695200,22.5296953125,7.776965542602539,6.443844130706787,-0.7502829452514648
1789064061731732200,22.539732177734376,7.211784313201904,7.1121256690979,-0.3188777336120605
1789064061741769000,22.54976904296875,7.7498811363220215,7.602488096618652,0.040402153015136714
1789064061751806200,22.55980615234375,8.656385739898681,7.430404852294921,-0.08798691101074219
1789064061761843200,22.56984326171875,9.047688073730468,7.745242370605468,-0.6546645164489746
1789064061771880200,22.579880126953125,8.26837543334961,7.593659477996826,-0.5798457145690917
1789064061781917200,22.589917236328127,7.184999182128906,7.716212675476074,-0.46582186050415036
1789064061791954200,22.5999541015625,7.75676446609497,6.780828014373779,0.014814122772216796
1789064061801991200,22.6099912109375,8.465897070312499,5.704784005737304,0.14320318679809568
1789064061812028200,22.620028076171874,6.402544152069091,5.87971036453247,-0.030825346374511717
1789064061822064000,22.630064208984376,5.195267964935303,5.746083984375,-0.13646949462890623
1789064061832101000,22.64010107421875,5.556792415618896,5.092915843963623,-0.09801263046264648
1789064061842138400,22.650138427734376,6.5200096710205075,5.006724584197998,-0.017657237243652344
1789064061852175400,22.66017529296875,7.089380753326416,4.759373625183105,0.314089330291748
1789064061862212000,22.670212158203125,5.876867250061035,5.787084687805176,0.737414111328125
1789064061872249000,22.6802490234375,6.6337342498779295,6.068852295684814,0.712424631500244
1789064061882286000,22.6902861328125,7.581239556884765,6.38473727722168,0.2959831802368164
1789064061892323300,22.7003232421875,8.595333597564697,6.882731222534179,0.07257423782348632
1789064061902360300,22.7103603515625,8.327183011627197,7.042544183349609,0.3890577697753906
1789064061912397000,22.72039697265625,8.63154589767456,7.746589109039306,0.4929062667846679
1789064061922434000,22.73043408203125,8.845826946258544,7.465270413970947,0.6572083557128906
1789064061932471300,22.74047119140625,9.54418564300537,7.451653392028808,0.3525461944580078
1789064061942508300,22.75050830078125,8.276605501556396,7.7310267982482905,0.19632453613281248
1789064061952545300,22.760545166015625,7.174225274658203,7.8269445022583,0.10758943710327148
1789064061962582000,22.77058203125,7.671171756744385,7.0467340362548825,0.3854664672851562
1789064061972619300,22.780619384765625,6.518214019775391,7.13112964477539,0.5810428153991699
1789064061982656300,22.79065625,6.819135240936279,6.41616117401123,1.0283096130371092
1789064061992692200,22.800692138671874,6.419153926086425,6.048052668762207,0.8572738319396972
1789064062002729200,22.810729248046876,5.821950249481201,6.351368091583252,0.2332850242614746
1789064062012766200,22.82076611328125,7.385214295959472,5.595398917388915,-0.12105682144165038
1789064062022803200,22.83080322265625,6.72276862411499,5.820902786254883,0.11821370697021484
1789064062032840200,22.840840087890626,6.61443099899292,5.968595101165771,0.7009025360107421
1789064062042877200,22.850877197265625,6.977451825714111,5.979967559051513,0.8711901290893554
1789064062052914200,22.8609140625,7.023839482879638,6.25664748840332,0.6482300994873047
1789064062062951200,22.870951171875,6.987627182769775,6.544550238037109,-0.020500351715087888
1789064062072988200,22.88098828125,7.282263624572754,6.608894407653808,-0.7034463752746581
1789064062083025200,22.891025146484374,7.832930006408691,6.715885294342041,-0.9035118515014647
1789064062093062100,22.901062255859376,8.511985452270507,6.333710854339599,-0.7143699203491211
1789064062103099100,22.91109912109375,7.388955236053467,6.5871969551086424,-0.37229835815429685
1789064062113136400,22.921136474609376,6.5200096710205075,6.894103680419922,-0.3829226280212402
1789064062123173000,22.931173095703127,6.795791774749755,6.500257507324219,-0.6175543907165527
1789064062133210000,22.941210205078125,8.128164998626708,6.1355906669616695,-0.6622960342407226
1789064062143247000,22.9512470703125,7.831583267974853,5.819705685424804,-0.5207388610839844
1789064062153284000,22.9612841796875,6.612186434936523,6.417657550048828,-0.5837362922668456
1789064062163320300,22.9713203125,6.507290474700928,6.2870239219665525,-0.3839700912475586
1789064062173357300,22.981357421875,7.371597274017334,6.0890533721923825,-0.4632780212402344
1789064062183394300,22.991394287109376,8.077737126159667,6.358251421356201,-0.1479915901184082
1789064062193431000,23.00143115234375,8.66326906967163,6.171054779052734,-0.06120177993774414
1789064062203468000,23.011468017578125,8.21719937286377,7.022941657257079,-0.19303250885009765
1789064062213505300,23.02150537109375,6.740725136566161,7.490858444213867,-0.12599486236572266
1789064062223542300,23.031542236328125,7.4597338226318355,7.663091326141357,-0.2328361114501953
1789064062233579300,23.041579345703123,9.265710062408447,7.027281147766113,0.033818098449707026
1789064062243616000,23.051615966796874,9.355492624664306,6.90143592300415,0.32710780181884763
1789064062253653200,23.0616533203125,7.924358582305908,7.438036370086669,0.33623569564819333
1789064062263690200,23.071690185546874,6.967276468658447,7.394940740203857,0.00613514175415039
1789064062273727200,23.081727294921876,7.9165774269104,7.063343810272216,-0.46836569976806636
1789064062283764200,23.09176416015625,8.293664188385009,6.261286254119873,-0.29239187774658204
1789064062293801200,23.10180126953125,6.689249800872802,6.663063220214843,-0.39220015945434566
1789064062303838200,23.111838134765627,5.969044013977051,6.417358274841308,-0.08005611801147461
1789064062313875200,23.121875244140625,5.352836361694336,6.102221481323242,-0.3725976333618164
1789064062323912200,23.131912109375,6.265625744628906,5.668272430419922,-0.788440534210205
1789064062333949200,23.14194921875,5.979668283843994,5.225045848083496,-0.6509235763549804
1789064062343985200,23.151985107421876,6.615328824615478,5.016451028442383,-0.40566754379272457
1789064062354022100,23.162022216796874,6.5780690612792965,4.89704022064209,-0.11641805572509765
1789064062364059100,23.17205908203125,6.720075147247314,5.109076705169677,-0.42601825790405273
1789064062374096100,23.18209619140625,6.967875019073486,5.327697244262695,-0.5472247169494628
1789064062384133000,23.192133056640625,6.830657336425781,5.782296284484863,-0.41584290084838865
1789064062394170400,23.20217041015625,8.035389684295653,5.935824465942383,-0.2255038688659668
1789064062404207000,23.21220703125,8.16572403717041,6.216694248199462,0.10384849700927734
1789064062414244000,23.222244140625,7.849839055633544,6.805069306182861,0.017956512451171875
1789064062424281000,23.232281005859374,8.56166513671875,6.82482146987915,0.1361702194213867
1789064062434318300,23.242318359375,8.776395098114014,6.879738470458984,0.10729016189575195
1789064062444355300,23.252355224609374,8.29351455078125,7.347655257415771,0.3173813575744629
1789064062454392300,23.262392333984376,8.578574185943603,7.055413017272949,0.6133645378112793
1789064062464429000,23.272428955078126,8.260295002746581,7.1781158523559565,0.4516062881469726
1789064062474466000,23.282466064453125,7.59740041809082,7.507318580627441,0.4086602958679199
1789064062484503300,23.29250341796875,7.615057655334472,6.90098701019287,0.4043208053588867
1789064062494540300,23.302540283203125,7.050923889160156,7.1495350700378415,0.2750339157104492
1789064062504577300,23.312577392578124,7.13756406173706,6.639270841217041,0.02154781494140625
1789064062514613200,23.32261328125,6.565649140167236,6.733991444396972,0.07466916427612304
1789064062524650000,23.33264990234375,7.115716971588134,6.286874284362793,0.03815758895874023
1789064062534687200,23.342687255859374,7.218667642974853,6.145766024017334,-0.17328034515380858
1789064062544724200,23.35272412109375,6.866121448516846,6.490231787872314,-0.23687632675170897
1789064062554761200,23.36276123046875,7.343914317321777,5.86744008102417,-0.20081366424560546
1789064062564798200,23.372798095703125,6.637624827575683,6.556221971130371,-0.2651578338623047
1789064062574835200,23.382835205078123,6.572682107543945,6.441150653839111,-0.24046762924194334
1789064062584872200,23.3928720703125,7.172728898620605,6.330119551849365,-0.36795886764526364
1789064062594909200,23.4029091796875,6.927173590850829,6.56924044265747,-0.44756607284545896
1789064062604946200,23.4129462890625,7.827842327880859,6.117484516906738,-0.5017348854064941
1789064062614983200,23.422983154296876,6.941239525604248,6.615029549407959,-0.388159944152832
1789064062625020200,23.433020263671875,7.695861961364746,6.118083067321777,-0.2973299186706543
1789064062635057200,23.44305712890625,6.751947956848144,6.3037833335876465,-0.48467619857788086
1789064062645094100,23.45309423828125,6.451924561309814,6.765415341186523,-0.8711901290893554
1789064062655131100,23.463131103515625,7.621192797088622,5.91816722869873,-0.9953893402099608
1789064062665168400,23.47316845703125,6.567893704223632,6.834847189331055,-1.4972738632202147
1789064062675205000,23.483205078125,7.825148851013183,6.316053617095947,-1.5783774444580077
1789064062685241300,23.493241455078124,7.772925327301025,6.401496688842773,-1.2580033348083495
1789064062695278000,23.503278076171874,6.79953271484375,7.18200643005371,-0.8301894256591796
1789064062705315000,23.513315185546876,7.747337297058105,6.632836424255371,-0.3802291511535644
1789064062715352300,23.523352294921875,8.010400204467773,6.88243194732666,-0.8616133224487305
1789064062725388800,23.533388916015625,8.119785292816161,6.957250749206542,-1.264737026977539
1789064062735425800,23.54342578125,7.048978600311279,7.100304298400879,-1.112106671142578
1789064062745462800,23.553462890625,7.423671160125732,7.0832456115722655,-1.0206780952453613
1789064062755499500,23.56349951171875,7.704540942382812,6.730400141906738,-0.8972270721435547
1789064062765536800,23.573536865234374,7.618648957824707,6.804171480560302,-0.955136824798584
1789064062775573800,23.58357373046875,7.014412313842773,6.787112793731689,-0.9834183319091796
1789064062785610800,23.59361083984375,6.858639568328857,6.6805708198547356,-1.1052233413696289
1789064062795647700,23.603647705078124,6.590638619995117,6.632686786651611,-1.0726023437499999
1789064062805684700,23.613684814453126,7.013364850616455,6.2678703086853025,-0.6120177993774414
1789064062815721700,23.6237216796875,7.755268090057372,5.849633206176757,-0.3491045295715332
1789064062825758700,23.6337587890625,6.86267978363037,6.436811163330078,-0.3507505432128906
1789064062835795700,23.643795654296873,7.712920648193359,6.152948628997803,-0.5762544120788574
1789064062845832700,23.653832763671875,7.442974411010741,6.418555375671386,-0.8927379440307617
1789064062855868700,23.66386865234375,6.891709478759765,6.984185517883301,-0.7240963645935058
1789064062865905700,23.67390576171875,8.451382222747803,6.145017835998535,-0.0713771369934082
1789064062875942700,23.683942626953126,6.706757400512695,6.953809084320068,0.05386953735351562
1789064062885979600,23.693979736328124,7.448361364746093,7.002441305541992,-0.5153519073486328
1789064062896016600,23.7040166015625,8.410680794525145,6.0142345703124995,-0.9513958847045898
1789064062906054000,23.714053955078125,6.709600514984131,7.204751345825195,-1.60246909866333
1789064062916090600,23.724090576171875,7.012018112182616,6.559663636016845,-1.159990704345703
1789064062926127600,23.734127685546873,8.297105853271484,5.680991626739502,-0.45923780593872066
1789064062936164600,23.74416455078125,5.865794067382812,6.6729393020629875,-0.034715924072265626
1789064062946201900,23.754201904296874,5.976974806976318,6.298695655059814,0.08125321884155273
1789064062956238800,23.76423876953125,7.6559087211608885,5.651513018798828,-0.2337339370727539
1789064062966275600,23.774275634765626,7.42516753616333,5.998073709106445,-0.4236240562438965
1789064062976312600,23.7843125,7.763049245452881,5.820902786254883,-0.20919337005615232
1789064062986349600,23.794349609375,7.090577854156494,5.960813945770263,-0.1592144104003906
1789064062996386800,23.80438671875,6.660070468139648,6.686855599212646,-0.3298012786865234
1789064063006423800,23.814423828125,8.99546455001831,5.67560467300415,-0.00014963760375976562
1789064063016460500,23.82446044921875,8.710105639648438,6.152200440979003,0.1345242057800293
1789064063026496800,23.834496826171875,7.448062089538574,6.921636999511718,0.10160393295288085
1789064063036533500,23.844533447265626,8.584858965301514,6.628796208953857,-0.043544542694091797
1789064063046570800,23.85457080078125,8.14073455734253,6.76122548828125,-0.21966800231933592
1789064063056607700,23.864607666015626,8.798391825866698,6.885424699401855,-0.47629649276733393
1789064063066644700,23.874644775390625,8.813505223846436,6.245574305725097,-0.14499883804321287
1789064063076681700,23.884681640625,8.113201238250731,6.780828014373779,-0.023642741394042967
1789064063086718700,23.89471875,7.740902880096435,6.355557944488525,0.25752631607055665
1789064063096755700,23.904755615234375,7.738059765625,6.469581798553467,-0.011222820281982421
1789064063106792700,23.914792724609374,8.496572779083252,6.187814190673827,-0.3990834892272949
1789064063116829700,23.92482958984375,7.382520819091797,6.291812325286865,-0.2314893730163574
1789064063126866700,23.93486669921875,6.317101080322265,6.983138054656982,-0.244507844543457
1789064063136903700,23.944903564453124,6.072443598175049,6.738181297302246,0.049230771636962885
1789064063146940700,23.954940673828126,6.031891807556152,6.908319252777099,0.18704700469970703
1789064063156977700,23.964977783203125,6.9354036590576165,6.365434026336669,0.2685994987487793
1789064063167014700,23.9750146484375,7.076212644195556,6.19948592376709,0.378583137512207
1789064063177052000,23.985052001953125,6.906523601531982,5.991489654541016,0.24435820693969726
1789064063187088600,23.995088623046875,6.644807432556152,5.833322707366943,-0.21039047088623045
1789064063197124600,24.00512451171875,6.911461642456055,5.670367356872558,-0.785896694946289
1789064063207161600,24.01516162109375,6.626252369689941,5.980566109466553,-0.9648632690429687
1789064063217198600,24.025198486328126,8.188768228149414,5.291784219360351,0.07766191635131836
1789064063227235800,24.03523583984375,7.286902390289306,5.915623389434814,1.0058639724731444
1789064063237272800,24.04527294921875,6.8496613121032714,6.4739212890625,1.4559738845825194
1789064063247309600,24.0553095703125,8.073397635650634,6.070049396514892,1.3395558288574219
1789064063257346600,24.0653466796875,7.373243287658691,6.791901197052002,0.44098201828002925
1789064063267383600,24.075383544921873,7.764545621490478,6.777835262298583,-0.1318307289123535
1789064063277420800,24.0854208984375,7.41903239440918,6.669647274780273,0.010025719451904296
1789064063287457800,24.095457763671874,7.878719113159179,6.674734953308105,0.28745383682250975
1789064063297494500,24.10549462890625,7.914931413269042,6.61383244857788,0.7658452560424804
1789064063307531500,24.115531494140626,8.749609967041016,6.415412985992432,0.9914987625122069
1789064063317568800,24.12556884765625,8.252962760162353,6.571933919525146,0.9201216255187987
1789064063327605800,24.135605712890627,5.945700547790527,7.55909319152832,0.9669581954956055
1789064063337642800,24.145642822265625,7.090727491760253,7.223007133483886,0.9080009796142577
1789064063347679500,24.155679443359375,7.708132244873046,6.685209585571289,0.9641150810241699
1789064063357716700,24.165716796875,7.515099736022949,7.071274603271484,0.4825812721252441
1789064063367752700,24.175752685546875,6.8864721626281735,6.8876692634582515,0.04384381790161133
1789064063377789700,24.185789794921874,6.665607059478759,7.131728195190429,-0.5725134719848632
1789064063387826700,24.19582666015625,7.518391763305663,6.796839237976074,-0.5865794067382812
1789064063397863700,24.20586376953125,8.3379569190979,6.049549044799805,-0.033518823242187495
1789064063407900700,24.215900634765624,6.939443874359131,6.86941347579956,0.28086978225708004
1789064063417937700,24.225937744140627,6.720224784851074,6.638522653198242,0.5482721801757812
1789064063427974700,24.235974609375,7.820061172485351,6.107309159851074,0.6590040069580078
1789064063438011600,24.24601171875,7.461828749084472,6.21175620727539,0.45325230178833004
1789064063448048600,24.256048583984374,7.0467340362548825,6.201431212615966,0.5267243652343749
1789064063458086000,24.2660859375,6.911312004852294,6.107159522247314,0.2989759323120117
1789064063468122600,24.27612255859375,6.2660746574401855,6.373514456939697,-0.40237551651000975
1789064063478159600,24.28615966796875,6.92687431564331,6.149357326507568,-0.9335890098571776
1789064063488196600,24.296196533203126,6.769455556488037,6.10341858215332,-1.34060329208374
1789064063498233900,24.30623388671875,6.157437757110595,6.519860033416748,-1.358559804534912
1789064063508270800,24.316270751953127,7.241113283538818,6.372915906524658,-1.0963947227478026
1789064063518307600,24.3263076171875,9.18131445388794,5.482422526550293,-0.6456862602233886
1789064063528344600,24.336344482421875,8.33840583190918,6.354959394073486,-0.5553051475524902
1789064063538380500,24.346380615234374,6.457760427856445,6.955904010772705,-0.35942952423095703
1789064063548417800,24.356417724609376,7.528866395568847,6.656928078460693,-0.7962216896057128
1789064063558454800,24.366454833984374,6.807164232635498,7.122001750946045,-1.6262614776611328
1789064063568491800,24.37649169921875,7.850138330841064,6.787412068939209,-1.6347908210754394
1789064063578528800,24.38652880859375,8.643067993164061,6.228515618896484,-1.2972083869934081
1789064063588565500,24.3965654296875,7.6997525390625,6.677578067779541,-0.7649474304199219
1789064063598602800,24.406602783203127,7.006182245635986,6.9442322776794425,-0.4216787673950195
1789064063608639700,24.4166396484375,7.257573419952392,6.7271081146240235,-0.25363573837280273
1789064063618676700,24.4266767578125,7.778910831451416,6.908618527984618,-0.20635025558471679
1789064063628713700,24.436713623046874,8.301146068572997,6.545448063659667,-0.29224224014282224
1789064063638750700,24.446750732421876,7.30336252670288,6.985981169128418,-0.2211643783569336
1789064063648787700,24.45678759765625,6.53766690826416,7.151031446075439,0.06808510971069336
1789064063658824700,24.46682470703125,7.428160288238525,6.688351975250244,0.31573534393310543
1789064063668861700,24.47686181640625,9.1807159034729,6.233752935028075,0.27353753967285155
1789064063678898700,24.486898681640625,7.755866640472411,6.545896976470947,0.1336263801574707
1789064063688935700,24.496935791015623,6.928071416473388,7.191134323883056,0.033818098449707026
1789064063698972700,24.50697265625,7.189787585449218,6.581660363769531,0.6820481979370117
1789064063709008600,24.517008544921875,7.650821042633056,6.40972675704956,1.5049053810119628
1789064063719045600,24.527045654296874,7.400477331542969,6.357952146148682,1.9801544105529785
1789064063729082600,24.53708251953125,7.502530177307128,6.147262400054931,1.7341501899719238
1789064063739119900,24.547119873046874,6.9798460273742675,6.191106217956543,0.9624690673828125
1789064063749156600,24.557156494140624,6.345083312225341,6.355557944488525,0.21428104858398436
1789064063759193600,24.567193603515626,7.803750673675537,5.560234080505371,0.405368268585205
1789064063769230600,24.577230712890625,7.259219433593749,5.452794281005859,0.9072527915954589
1789064063779267800,24.587267822265623,6.391022056579589,5.640439836120605,1.248127252960205
1789064063789304800,24.597304931640625,5.555744952392578,5.73336478805542,1.2081740127563476
1789064063799341600,24.607341552734376,6.2216322891235345,5.653458307647705,0.6771101570129394
1789064063809378600,24.617378662109374,7.5351511749267575,5.48406854019165,0.6332663391113281
1789064063819415600,24.62741552734375,7.811382191467285,5.412841040802002,0.9723451492309569
1789064063829452800,24.637452880859374,7.691821746063232,5.974879880523681,1.2357073318481444
1789064063839489800,24.64748974609375,6.259041690063476,6.5762734100341795,1.2942156349182128
1789064063849526500,24.657526611328127,7.55909319152832,6.877793181610107,1.2740145584106444
1789064063859563500,24.6675634765625,9.350255308532715,6.236446411895751,1.228375089263916
1789064063869600800,24.677600830078124,8.523507547760008,7.4326494163513175,1.0414777221679687
1789064063879636700,24.68763671875,8.273313474273682,7.5798928184509275,0.8966285217285156
1789064063889673700,24.697673828125,8.584110777282714,7.653963432312011,0.3688566932678222
1789064063899710700,24.707710693359374,8.279298978424071,8.001421948242188,0.0053869537353515625
1789064063909747700,24.717747802734376,9.141361213684082,7.250690090179443,0.08319850769042968
1789064063919784700,24.72778466796875,8.863783458709717,7.111527118682861,0.4563946914672851
1789064063929821700,24.73782177734375,7.162104628753662,7.345560330963134,0.6968623207092285
1789064063939858700,24.747858642578127,8.381052548980712,6.276848564910888,0.5545569595336913
1789064063949895700,24.757895751953125,7.082347785949707,6.414664797973632,-0.1662473777770996
1789064063959933000,24.767932861328124,6.595277385711669,6.331615927886962,-0.6970119583129882
1789064063969969700,24.7779697265625,7.089680028533935,5.783493385314941,-0.7722796730041503
1789064063980006700,24.788006591796876,5.430348640441895,6.199635561370849,-0.483928010559082
1789064063990043600,24.798043701171874,6.002413199615479,5.888538983154296,-0.06000467910766601
1789064064000080600,24.80808056640625,5.756558616638183,5.674557209777832,-0.28266543350219725
1789064064010118000,24.818117919921875,5.1517234222412105,6.389076767730712,-0.9527426231384277
1789064064020154600,24.828154541015625,6.4275336318969725,5.722141967773437,-1.0688614036560058
1789064064030191600,24.838191650390623,7.717260138702392,5.47119970626831,-0.9036614891052246
1789064064040228600,24.848228515625,7.474847220611572,5.761945570373535,-0.7885901718139648
1789064064050264600,24.8582646484375,6.719326959228515,6.252158360290527,-1.0646715507507323
1789064064060301800,24.8683017578125,8.007407452392577,6.277596752929687,-1.3453916954040526
1789064064070338800,24.8783388671875,8.084021905517577,6.144868198394775,-1.3025953407287596
1789064064080375600,24.88837548828125,7.875726361083984,7.065738011932373,-1.4457985275268554
1789064064090412500,24.89841259765625,7.774870616149902,6.786663880920409,-1.268029054260254
1789064064100449800,24.90844970703125,7.499986338043213,7.19472562637329,-1.5215151550292967
1789064064110486800,24.91848681640625,7.3861121215820305,7.072621341705322,-1.7145476638793944
1789064064120523800,24.928523681640623,7.126790154266357,6.92687431564331,-1.6883610832214355
1789064064130560500,24.938560546875,7.480533449554443,6.691943277740478,-1.3633482078552246
1789064064140597500,24.948597412109375,8.321496782684326,6.013486382293701,-0.9579799392700195
1789064064150634800,24.958634765625,8.477119890594482,5.98161357269287,-0.7821557548522948
1789064064160671700,24.968671630859376,6.740874774169922,6.349273165130615,-0.8285434120178222
1789064064170708700,24.978708740234374,5.230432801818847,6.993463049316406,-1.068113215637207
1789064064180745700,24.988745849609376,6.636427726745605,6.682216833496093,-1.3239935180664062
1789064064190782700,24.99878271484375,8.366238426208495,6.280290229797363,-1.1016320388793945
1789064064200819700,25.00881982421875,8.42025760116577,6.441150653839111,-0.7733271362304687
1789064064210856700,25.018856689453123,6.78606533050537,7.182604980468749,-0.6714239280700683
1789064064220892700,25.028892578125,6.0802247535705565,7.523030529022217,-0.7631517791748046
1789064064230929700,25.0389296875,7.441627672576904,7.033565927124023,-0.8649053497314453
1789064064240967000,25.048966796875,9.919776028442381,6.0993783668518065,-0.6706757400512695
1789064064251003600,25.059003662109376,9.03272431335449,6.09713380279541,-0.6039373687744141
1789064064261040600,25.06904052734375,5.918915416717529,7.2069959098815914,-0.699106884765625
1789064064271077600,25.07907763671875,5.949591125488281,6.834547914123535,-0.8491934013366699
1789064064281114600,25.089114501953127,7.7519760627746574,6.175843182373047,-1.0206780952453613
1789064064291152000,25.09915185546875,8.583063314056396,5.934178452301025,-1.0806827743530272
1789064064301188600,25.109188720703123,7.581239556884765,6.156988844299316,-0.884208600616455
1789064064311225600,25.1192255859375,5.871929209136963,6.729951229095459,-0.5220855995178222
1789064064321262600,25.1292626953125,6.368426778411865,6.370372067260742,-0.610371785736084
1789064064331299800,25.1392998046875,7.024138758087158,6.298546017456054,-1.22583125
1789064064341336800,25.1493369140625,7.422773334503173,6.049698682403564,-1.6633716033935546
1789064064351373600,25.15937353515625,6.425887618255615,6.499808594512939,-1.7943045066833494
1789064064361410600,25.16941064453125,6.500856057739258,6.4992100440979,-1.5970821449279784
1789064064371447800,25.17944775390625,8.285733395385742,5.941510694885253,-1.3614029190063475
1789064064381484800,25.18948486328125,8.094047624969482,6.093093587493896,-0.8219593574523926
1789064064391521800,25.199521728515624,6.5497875541687005,6.815095025634765,-0.47315410308837885
1789064064401557800,25.209557861328125,6.494571278381347,6.973261972808838,-0.5406406623840332
1789064064411594800,25.2195947265625,8.292317449951172,6.442347754669189,-1.0633248123168946
1789064064421631500,25.229631591796874,8.766967929077149,6.404938353729247,-1.3007996894836424
1789064064431668700,25.239668701171876,7.881412590026855,6.442347754669189,-0.9600748657226562
1789064064441705700,25.249705810546875,6.978948201751709,6.7274073898315425,-0.6603507453918457
1789064064451742700,25.25974267578125,7.28420891342163,6.531531766510009,-0.41524435043334956
1789064064461779700,25.26977978515625,9.120112673950194,5.708225670623779,-0.493504817199707
1789064064471816700,25.279816650390625,7.3186255622863765,6.473173101043701,-0.5174468338012695
1789064064481853700,25.289853759765624,6.873902603912353,6.497264755249023,-0.3538929328918457
1789064064491890700,25.299890625,6.804171480560302,6.2490159706115715,0.06045359191894531
1789064064501927700,25.309927734375,8.02506468963623,6.000018997955322,0.1701379554748535
1789064064511964700,25.319964599609374,8.588300630187987,5.471648619079589,0.483928010559082
1789064064522001700,25.330001708984376,7.85911658706665,5.906645133209228,0.4906617027282715
1789064064532038700,25.34003857421875,6.463297019195556,6.356156494903564,0.18555062866210936
1789064064542075600,25.35007568359375,6.496366929626465,6.740276223754883,-0.11103110198974608
1789064064552112600,25.360112548828123,8.245480879974364,6.139630882263183,0.1096843635559082
1789064064562150000,25.37014990234375,8.663119432067871,6.3459811378479,0.8852560638427733
1789064064572185900,25.380185791015624,8.719832083892822,6.3842883644104,1.826626229095459
1789064064582222600,25.39022265625,7.58453158416748,6.959944226074218,2.146850701141357
1789064064592259600,25.400259521484376,7.9189716285705565,6.857592105102539,1.6748936988830565
1789064064602296600,25.410296630859374,7.976881381225586,6.979097839355468,0.9329904594421387
1789064064612333800,25.420333740234376,7.7410525177001945,6.972064871978759,0.6203975051879882
1789064064622370800,25.430370849609375,8.195352282714843,6.526893000793456,0.6358101783752441
1789064064632407600,25.440407470703125,7.172429623413086,6.514024166870117,1.154304475402832
1789064064642444500,25.450444580078123,6.226121417236328,6.561758562469482,1.1941080780029296
1789064064652481800,25.460481689453125,5.095609320831299,6.570138268280029,1.2722189071655272
1789064064662518800,25.470518798828124,5.874772323608398,6.120477268981933,1.1622352684020996
1789064064672555800,25.4805556640625,6.891110928344726,5.588814862823486,1.3142670738220215
1789064064682592500,25.490592529296876,7.004386594390868,5.481674338531493,1.7922095802307128
1789064064692629500,25.50062939453125,6.421548127746582,5.667075329589843,1.8849848945617675
1789064064702666800,25.510666748046877,6.457610790252685,5.699397052001952,2.0033482391357422
1789064064712703700,25.520703857421875,5.425260961914062,6.274604000854492,1.8707693222045898
1789064064722740700,25.53074072265625,7.218817280578613,6.14845950088501,1.7316063507080077
1789064064732777500,25.540777587890624,8.313117076873779,6.090998661041259,1.5575778175354003
1789064064742813700,25.550813720703125,8.432827159881592,6.706308487701415,1.4140753555297851
1789064064752850400,25.560850341796876,7.911938661193847,7.077110469818114,1.1457751319885254
1789064064762887400,25.570887451171874,7.359177352905273,7.685237691497802,0.9409212524414062
1789064064772924700,25.580924560546876,9.214982914733886,7.213280689239501,0.637156916809082
1789064064782961700,25.590961669921874,9.667337390899657,6.926126127624511,0.8105868995666503
1789064064792998700,25.60099853515625,9.119214848327637,7.158812601470947,0.7959224143981933
1789064064803035400,25.611035400390627,8.304438095855712,7.022941657257079,0.788440534210205
1789064064813072600,25.62107275390625,6.8956000564575195,7.353191848754882,0.5538087715148925
1789064064823109600,25.631109619140624,6.95261198348999,6.802675104522705,0.1500865165710449
1789064064833146600,25.641146728515626,7.826495589447021,6.3156047042846675,-0.24166473007202147
1789064064843183600,25.65118359375,6.8578913803100585,6.248567057800293,-0.5470750793457031
1789064064853220400,25.661220458984374,6.017376959991455,6.298396379852295,-0.41060558471679687
1789064064863257600,25.671257568359376,6.127659873962402,5.9023056427001945,-0.6355109031677245
1789064064873294600,25.681294677734375,5.58597174835205,6.251110897064208,-1.2801497001647948
1789064064883331600,25.69133154296875,6.682665746307372,5.7966614944458,-1.7937059562683104
1789064064893368600,25.70136865234375,7.24021545791626,5.456235945892334,-2.06215581741333
1789064064903405600,25.711405517578125,6.558167259979248,6.106411334228516,-2.396745499420166
1789064064913442600,25.721442626953124,6.956203285980224,5.871330658721924,-2.446874096679687
1789064064923478500,25.731478515625,7.238569444274902,6.1082069854736325,-2.73268191986084
1789064064933515500,25.741515625,7.847145578765868,6.1842228881835934,-3.061435735321045
1789064064943552500,25.751552490234374,7.650222492218017,6.392518432617187,-2.8037597816467286
1789064064953589800,25.76158984375,7.901763304138183,6.583306377410889,-2.7974750022888184
1789064064963626500,25.77162646484375,9.032873950958251,6.18601853942871,-2.8757354690551757
1789064064973663500,25.78166357421875,7.258022332763671,6.966977193450927,-2.9728502738952636
1789064064983700500,25.791700439453123,6.25021307144165,7.154622748565673,-3.149422646331787
1789064064993737500,25.801737548828125,7.558644278717041,6.554875232696533,-3.0132524269104004
1789064065003774700,25.811774658203124,8.138041080474853,6.162375798034668,-2.9650691184997555
1789064065013811700,25.821811767578126,7.951592626190185,6.2852282707214355,-2.5457845527648924
1789064065023848400,25.831848388671876,6.903680487060546,6.234201847839355,-2.277933242034912
1789064065033885400,25.841885498046874,6.648249097442626,6.740874774169922,-2.5602994003295896
1789064065043922700,25.851922607421876,7.650821042633056,6.201730487823486,-2.4343045379638673
1789064065053959700,25.861959716796875,7.835473845672607,6.274155088043212,-2.395548398590088
1789064065063996700,25.87199658203125,7.165995206451416,6.663811408233642,-2.0413561904907227
1789064065074033400,25.882033447265623,6.981791316223144,6.6605193809509275,-1.8864812705993652
1789064065084070700,25.892070556640626,7.876773824310303,6.791901197052002,-1.5668553489685058
1789064065094106600,25.902106689453124,8.462156130218505,6.252307997894286,-1.4637550399780273
1789064065104143600,25.9121435546875,8.119635655212402,6.996755076599121,-1.6418237884521483
1789064065114180600,25.9221806640625,7.6354083694458,6.763470052337646,-1.5523405014038085
1789064065124217600,25.932217529296874,7.110928568267822,7.054215916442871,-1.2556091331481933
1789064065134254300,25.94225439453125,7.1692872337341305,6.739827310943603,-0.8614636848449706
1789064065144291600,25.95229150390625,7.942315094757079,6.293607976531982,-0.5083189399719238
1789064065154328600,25.96232861328125,7.151031446075439,6.415263348388671,-0.0909796630859375
1789064065164365600,25.972365478515623,7.581239556884765,6.121824007415771,-0.037708676147460936
1789064065174402600,25.982402587890626,7.727734770965576,5.7591024559021,0.3956418243408203
1789064065184439600,25.992439453125,6.203526139068603,6.225672504425049,0.8406640579223632
1789064065194476500,26.0024765625,6.508786850738525,6.0221653633117675,1.1924620643615722
1789064065204513500,26.012513427734376,6.184671800994873,5.931484975433349,1.0262146865844726
1789064065214550500,26.022550537109375,6.669347999572754,5.977274082183838,0.8913912055969238
1789064065224587800,26.032587890625,7.407809574127197,5.574898565673828,1.177947216796875
1789064065234624500,26.04262451171875,6.087856271362305,6.225971779632568,1.5240589942932128
1789064065244661500,26.05266162109375,7.44402187423706,6.039074412536621,1.5876549758911132
1789064065254698500,26.062698486328124,8.720280996704101,5.682338365173339,1.6724994972229004
1789064065264735500,26.072735595703126,7.556698989868163,6.6790744438171386,1.8879776466369629
1789064065274771500,26.082771484375,6.767061354827881,6.9798460273742675,1.8420389022827148
1789064065284808700,26.09280859375,8.157493968963623,7.070227140045166,1.4173673828125
1789064065294845700,26.102845703125,9.260772021484375,6.67129328842163,0.7531260597229004
1789064065304882400,26.11288232421875,8.601618376922607,7.264456749725341,0.6323685134887695
1789064065314919400,26.12291943359375,7.564330507659911,7.445967163085937,0.8198644309997558
1789064065324956700,26.132956787109375,7.821557548522949,7.4119994270324705,0.9689034843444824
1789064065334993700,26.14299365234375,7.9575781303405755,7.190236498260497,0.9835679695129393
1789064065345030700,26.15303076171875,7.308300567626953,7.305607090759277,0.8785223716735839
1789064065355067400,26.1630673828125,7.847295216369629,7.086836914062499,0.5957073005676269
1789064065365104600,26.173104736328124,7.535300812530517,6.544400600433349,0.5662286926269531
1789064065375141600,26.1831416015625,6.079326927947998,7.002291667938232,0.28730419921875
1789064065385178600,26.1931787109375,5.84185205078125,6.462548831176758,0.23358429946899412
1789064065395215600,26.203215576171875,6.6054527427673335,5.955875904846191,0.8041524826049804
1789064065405252400,26.21325244140625,6.520757859039306,5.5930047157287595,0.7410054138183594
1789064065415289600,26.22328955078125,6.6976295066833496,5.9588686569213865,0.20006547622680662
1789064065425326600,26.23332666015625,6.003311025238037,5.795913306427002,-0.11118073959350586
1789064065435363600,26.243363525390624,6.243629016876221,6.188263103485107,-0.17761983566284179
1789064065445399600,26.253399658203126,7.242609659576416,6.019920799255371,0.6419453201293945
1789064065455436500,26.2634365234375,8.119635655212402,5.727678559112548,1.4665981544494628
1789064065465473500,26.2734736328125,7.207444822692871,6.623558892822265,1.5004162528991698
1789064065475510500,26.283510498046876,7.87168614578247,6.662464669799804,0.744447078704834
1789064065485547500,26.293547607421875,8.132504489135743,6.722020436096191,-0.23014263458251952
1789064065495584500,26.30358447265625,7.062146709442138,7.472901931762695,-1.042674822998047
1789064065505621800,26.313621826171875,7.802553572845459,6.95904640045166,-0.8643067993164062
1789064065515658500,26.323658447265625,8.164227661132813,6.632237873840332,-0.5713163711547852
1789064065525695500,26.333695556640624,7.835922758483886,6.497713668060302,-0.46806642456054687
1789064065535732500,26.343732421875,6.050147595214844,6.978798564147949,-0.5568015235900878
1789064065545769500,26.35376953125,6.338648895263671,6.560711099243163,-0.5603928260803223
1789064065555806700,26.363806640625,7.210138299560547,6.151003340148925,-0.13377601776123046
1789064065565843500,26.373843505859377,6.908618527984618,6.132747552490234,0.19003975677490234
1789064065575880400,26.38388037109375,6.410923857879638,6.1544450050354,0.3908534210205078
1789064065585917400,26.39391748046875,5.691466259002685,6.583605652618408,-0.03411737365722656
1789064065595954700,26.40395458984375,6.891260565948486,6.470329986572265,-0.4948515556335449
1789064065605991700,26.41399169921875,7.845050652313232,6.374561920166015,-0.7679401824951172
1789064065616027600,26.424027587890624,7.820958998107909,6.819135240936279,-0.8218097198486327
1789064065626064600,26.434064697265626,8.075043649291992,7.063194172668457,-0.9156324974060058
1789064065636101400,26.444101318359376,7.389404148864745,7.404517546844482,-0.9985317298889159
1789064065646138600,26.454138671875,8.189516416168212,7.588272524261474,-1.096843635559082
1789064065656175600,26.464175537109377,9.574113163757323,6.772298670959472,-1.2937667221069336
1789064065666212600,26.474212646484375,9.490765018463135,7.1136220451354975,-1.5499462997436522
1789064065676249600,26.48424951171875,7.8624086143493646,7.308749480438232,-1.4324807807922362
1789064065686286300,26.494286376953124,7.234678866577148,7.3460092437744136,-1.591695191192627
1789064065696323600,26.504323486328126,7.279570147705078,7.321767951965332,-1.9897312171936035
1789064065706360600,26.514360595703124,7.342866854095458,6.998700365447998,-1.915361328125
1789064065716397600,26.5243974609375,7.68658442993164,6.630292584991455,-1.6313491561889648
1789064065726434800,26.534434814453125,6.593182459259033,6.698676969909668,-1.3009493270874022
1789064065736471600,26.544471435546875,5.533149674224854,6.852205151367187,-0.9956886154174804
1789064065746508500,26.554508544921877,5.745186158752441,6.344335124206543,-1.2452841384887694
1789064065756545800,26.5645458984375,5.825541551971435,5.970540390014648,-1.4609119255065917
1789064065766582800,26.574582763671874,5.173869787597656,6.072593235778808,-1.5632640464782714
1789064065776619800,26.584619873046876,6.040271513366699,5.51609098739624,-1.3447931449890136
1789064065786656500,26.594656494140626,5.579387693786621,5.570259799957275,-0.9249100288391112
1789064065796692700,26.604692626953124,6.189609841918945,5.678298149871826,-1.036838956451416
1789064065806729700,26.614729736328126,7.223456046295166,5.696553937530517,-1.1767501159667968
1789064065816766700,26.6247666015625,7.615207292938232,5.857115086364746,-0.8807669357299804
1789064065826803700,26.6348037109375,8.142530208587646,6.218040986633301,-1.0122983894348143
1789064065836840700,26.6448408203125,7.608922513580322,6.854150440216064,-1.2728174575805664
1789064065846877700,26.654877685546875,6.823624369049072,7.421576233673095,-1.6141408317565917
1789064065856914700,26.664914794921874,7.817517333221435,7.485321852874756,-1.9514239906311035
1789064065866951700,26.67495166015625,9.484031326293945,6.720673697662353,-1.6651672546386718
1789064065876988700,26.68498876953125,8.986336656188964,6.884975786590576,-1.1490671592712403
1789064065887025700,26.695025634765624,7.880365126800537,7.075763731384277,-0.4736030158996582
1789064065897062700,26.705062744140626,7.970147689056396,6.565798777770996,0.026485855865478514
1789064065907099600,26.715099609375,8.341398583984375,6.31410832824707,-0.03366846084594726
1789064065917136600,26.72513671875,7.589020712280273,6.189310566711425,-0.19393033447265623
1789064065927173600,26.735173583984373,6.793996123504638,6.318896731567382,-0.5020341606140136
1789064065937211000,26.7452109375,6.8773442687988275,5.96934328918457,-0.7110778930664062
1789064065947247600,26.75524755859375,6.792050834655761,6.017376959991455,-0.6869862388610839
1789064065957284600,26.76528466796875,7.6294228652954095,5.782745197296142,-0.5397428367614746
1789064065967320600,26.775320556640626,8.221838138580322,5.574300015258789,-0.30885201416015623
1789064065977357600,26.785357666015624,7.324760704040527,6.189310566711425,-0.2819172454833984
1789064065987394600,26.79539453125,7.0464347610473625,6.557867984771728,-0.19422960968017577
1789064065997431800,26.805431884765625,8.004713975524902,6.468833610534667,-0.2389712532043457
1789064066007468800,26.81546875,8.468590547180176,6.536170532226562,-0.4376899909973144
1789064066017505500,26.825505615234373,7.821707186126709,7.181407879638671,-0.46417584686279295
1789064066027542500,26.83554248046875,8.513781103515624,6.609044045257568,-0.22310966720581055
1789064066037579800,26.845579833984374,7.738807953643798,6.994510512542724,-0.11821370697021484
1789064066047616800,26.85561669921875,7.482778013610839,6.977152550506592,0.005087678527832031
1789064066057653800,26.86565380859375,8.841487455749512,5.711966610717773,0.1693897674560547
1789064066067690500,26.8756904296875,6.356006857299804,6.7380316596984855,-0.5802946273803711
1789064066077727700,26.885727783203127,6.986729357147216,6.137236680603027,-0.9482534950256347
1789064066087764700,26.8957646484375,6.834099001312255,5.540182641601562,-0.7817068420410156
1789064066097801700,26.9058017578125,6.168510939788818,6.0245595649719235,-0.7784148147583008
1789064066107838700,26.915838623046874,6.4356140625,5.425260961914062,-0.43140521163940426
1789064066117875500,26.92587548828125,6.70989979019165,5.695356836700439,-0.615459464263916
1789064066127912700,26.93591259765625,6.398204661560058,5.872677397155761,-0.349852717590332
1789064066137948700,26.94594873046875,5.916820490264892,6.220285550689697,0.21906945190429686
1789064066147985700,26.955985595703126,7.308749480438232,6.172251879882812,0.06643909606933593
1789064066158022700,26.966022705078124,8.509142337799071,6.059275489044189,0.008080430603027343
1789064066168059600,26.9760595703125,8.046313229370117,6.518214019775391,-0.01631049880981445
1789064066178097000,26.986096923828125,7.573458401489257,6.979995664978027,-0.20709844360351562
1789064066188133600,26.996133544921875,7.905055331420898,6.992714861297607,-0.04578910675048828
1789064066198170600,27.006170654296874,7.698106525421142,7.213879239654541,0.044891281127929686
1789064066208207600,27.01620751953125,8.323292433929442,7.129932543945312,0.4225765930175781
1789064066218244900,27.026244873046874,8.735544032287597,6.966528280639648,0.8435071723937988
1789064066228281900,27.03628173828125,9.273491217803954,6.736385646057128,1.1502642601013182
1789064066238318600,27.046318603515626,8.629151696014404,7.088482927703857,1.0299556266784666
1789064066248355600,27.05635546875,8.371775017547607,7.062745259857177,0.8801683853149413
1789064066258392600,27.066392578125,7.7410525177001945,7.19472562637329,0.8322843521118164
1789064066268429800,27.076429931640625,6.594080284881591,7.486518953704834,0.47809214401245115
1789064066278466800,27.086466796875,6.754042883300781,7.470208454895019,0.47195700225830073
1789064066288503600,27.096503662109374,6.828113497161865,6.922085912322998,0.7445967163085937
1789064066298540500,27.10654052734375,7.0932713310241695,6.899789909362792,1.5548843406677244
1789064066308576500,27.116576416015626,7.119158636474609,6.330269189453125,2.5815479400634764
1789064066318613800,27.12661376953125,7.0549641044616695,6.20517215270996,2.571522220611572
1789064066328650800,27.136650634765626,6.513425616455078,6.282684431457519,1.9683330398559569
1789064066338687700,27.146687744140625,5.73336478805542,6.368576416015625,1.4133271675109862
1789064066348724500,27.156724365234375,6.411223133087158,6.157737032318115,0.9359832115173339
1789064066358761700,27.16676171875,7.0102224609374995,5.865195516967773,0.7185597732543945
1789064066368798700,27.176798828125,6.319644919586182,6.16102905960083,1.0690110412597655
1789064066378835700,27.186835693359374,6.129754800415038,6.326378611755371,0.8203133438110352
1789064066388872700,27.196872802734376,7.135319497680664,6.417058999633789,0.38187516479492184
1789064066398909700,27.20690966796875,7.713818473815918,6.351218453979492,0.18854338073730467
1789064066408946700,27.21694677734375,7.97418790435791,6.711545803833007,-0.26126725616455077
1789064066418983700,27.226983642578126,7.3549875,7.079504671478271,-0.1792658493041992
1789064066429020700,27.237020751953125,7.20774409790039,7.144297753906249,-0.2629132698059082
1789064066439057700,27.2470576171875,7.036109766387939,7.271190441894531,-0.7181108604431152
1789064066449094700,27.2570947265625,8.444498892974853,6.9354036590576165,-0.9862614463806152
1789064066459131600,27.267131591796876,8.444947805786132,6.537068357849121,-0.7742249618530272
1789064066469168600,27.277168701171874,8.136993617248535,6.885574337005615,-0.812083275604248
1789064066479205600,27.28720556640625,7.386261759185791,6.939443874359131,-0.7142202827453613
1789064066489241600,27.29724169921875,7.229591188049316,7.006182245635986,-0.4688146125793457
1789064066499278800,27.30727880859375,8.557924196624755,6.476914041137695,-0.6419453201293945
1789064066509315800,27.31731591796875,8.21585263442993,6.6522893127441405,-0.5611410140991211
1789064066519352600,27.3273525390625,8.02581287765503,6.825270382690429,-0.5009866973876953
1789064066529389600,27.3373896484375,7.633163805389404,6.650344023895263,-0.45055882492065424
1789064066539426800,27.3474267578125,6.852055513763427,7.381174080657958,-0.5458779785156249
1789064066549463800,27.3574638671875,7.833079644012451,6.8578913803100585,-0.5853823059082031
1789064066559500800,27.367500732421874,8.17859287109375,6.734589994812011,-0.16280571289062498
1789064066569537500,27.37753759765625,6.876895355987548,7.0449383850097655,0.3667617668151855
1789064066579574500,27.387574462890626,6.77379504699707,6.836942115783691,1.0082581741333008
1789064066589611800,27.39761181640625,6.6808700950622555,6.342838748168945,1.0886135673522948
1789064066599648800,27.407648681640627,6.58884296875,6.146364574432373,0.5096656784057617
1789064066609685800,27.417685791015625,5.904101293945312,6.0242602897644035,0.06075286712646484
1789064066619722500,27.427722412109375,6.280739142608642,5.571456900787354,-0.21054010848999022
1789064066629759700,27.437759765625,6.065859543609619,5.216965417480468,-0.2072480812072754
1789064066639796700,27.447796630859376,5.978022270202636,5.448454790496826,-0.4026747917175293
1789064066649833700,27.457833740234374,6.661566844177246,5.278167197418212,-0.4041711677551269
1789064066659869700,27.46786962890625,8.03853207397461,5.147832844543457,-0.27129297561645505
1789064066669906700,27.47790673828125,8.35785872039795,5.432293929290771,0.05521627578735351
1789064066679943700,27.487943603515625,6.483947008514404,6.366331851959228,0.15502455749511718
1789064066689980700,27.497980712890627,6.423194141387939,6.963834803771972,-0.21787235107421873
1789064066700017700,27.508017578125,7.5465236328125,6.537068357849121,-0.35224691925048823
1789064066710054700,27.5180546875,9.226505010223388,6.189460204315186,-0.5500678314208984
1789064066720091600,27.528091552734374,9.676914197540283,5.9564744552612305,-0.3827729904174804
1789064066730129200,27.538129150390624,7.770082212829589,6.516867281341552,0.11327566604614257
1789064066740166100,27.548166259765626,6.973710885620116,6.725462100982666,0.364517202758789
1789064066750203100,27.558203125,7.454047593688965,6.353014105224609,0.7212532501220703
1789064066760240400,27.568240478515627,8.40185217590332,6.434865874481201,0.48931496429443355
1789064066770277400,27.57827734375,7.455543969726562,6.418106462860107,0.7076362281799315
1789064066780314000,27.588314208984375,6.518214019775391,7.2331824905395505,0.7459434547424316
1789064066790351000,27.59835107421875,5.581183345031738,7.066037287139892,0.7805097412109374
1789064066800388400,27.608388427734376,6.637325552368163,7.395240015411376,0.7288847679138183
1789064066810425300,27.61842529296875,8.994566724395751,6.190956580352783,0.5419874008178711
1789064066820461300,27.62846142578125,7.885901718139648,7.145345217132568,0.24271219329833982
1789064066830498300,27.638498291015626,7.375038938903808,7.335085698699951,0.7131728195190429
1789064066840535000,27.64853515625,8.831312098693846,6.386682566070556,1.207276187133789
1789064066850572300,27.658572265625,7.277175946044921,7.159860064697265,1.2256816123962402
1789064066860609300,27.668609375,6.8785413696289055,6.829909148406982,1.1757026527404784
1789064066870646300,27.678646240234375,7.968052762603759,6.194697520446777,0.8647557121276855
1789064066880683300,27.688683349609374,7.213430326843262,6.239738439178466,0.33922844772338867
1789064066890720300,27.69872021484375,7.002441305541992,5.762693758392333,0.6549637916564941
1789064066900757200,27.70875732421875,5.947196923828125,6.0036103004455565,0.8813654861450195
1789064066910794200,27.718794189453124,4.803666355895996,6.066308456420898,1.1966519172668457
1789064066920831200,27.728831298828126,6.791302646636963,5.3752820022583006,1.4853028549194336
1789064066930868200,27.7388681640625,7.086088726043701,5.041889421081542,1.520766967010498
1789064066940905200,27.7489052734375,5.984456687164307,5.75251840133667,1.4564227973937987
1789064066950942200,27.758942138671873,5.033808990478516,6.090100835418701,1.477372061920166
1789064066960979200,27.768979248046875,8.20971749267578,5.664531490325928,0.9909002120971679
1789064066971016200,27.77901611328125,9.598354455566406,5.334281298828125,0.6280290229797363
1789064066981052200,27.78905224609375,8.20373198852539,6.560860736846924,0.42706572113037106
1789064066991089400,27.79908935546875,7.136965511322021,7.082347785949707,0.23208792343139648
1789064067001126400,27.80912646484375,6.705859574890137,7.505223654174804,-0.1253963119506836
1789064067011163100,27.8191630859375,8.269422896575927,7.108235091400146,-0.12300211029052734
1789064067021200100,27.8292001953125,8.672247325897215,6.74820701675415,-0.48467619857788086
1789064067031237000,27.839237060546875,6.711695441436767,7.468712078857421,-0.452653751373291
1789064067041274400,27.8492744140625,5.576095666503906,7.186196282958984,-0.280271231842041
1789064067051311400,27.859311279296875,7.3419690284729,6.489932512664795,-0.4611830947875976
1789064067061348000,27.86934814453125,8.259397177124024,5.580135881805419,-0.2959831802368164
1789064067071385000,27.879385009765624,7.908945909118652,5.670367356872558,-0.18435352783203124
1789064067081422300,27.88942236328125,7.502829452514648,5.713313349151611,-0.526125814819336
1789064067091459300,27.899459228515624,6.921487361907959,5.791124903106689,-0.6229413444519043
1789064067101496300,27.909496337890626,6.747458828735351,6.36483547592163,-0.7722796730041503
1789064067111533000,27.919532958984377,8.888922576141358,5.799055696105957,-1.296759474182129
1789064067121570300,27.9295703125,8.584709327697754,6.566247690582275,-1.6775871757507324
1789064067131607300,27.939607177734374,7.248744801330566,7.377283502960204,-2.375048046875
1789064067141644300,27.949644287109376,7.790283289337157,7.664138789367676,-2.5917232971191404
1789064067151680300,27.95968017578125,8.943689939117432,7.030423537445068,-2.0082862800598145
1789064067161717200,27.96971728515625,8.657433203124999,7.1038956008911125,-1.3801076194763182
1789064067171754200,27.979754150390626,8.291120349121094,7.051073526763916,-1.0727519813537596
1789064067181791200,27.989791259765624,8.242937040710448,6.561459287261963,-1.0327987411499022
1789064067191828200,27.999828125,7.851634706878662,6.531980679321289,-1.5131354492187499
1789064067201865200,28.009865234375,6.7477581039428705,6.464494120025634,-1.946635587310791
1789064067211902200,28.019902099609375,6.146065299224853,6.469282523345947,-1.9891326667785643
1789064067221939200,28.029939208984374,6.636727001953124,5.773916578674316,-1.8372504989624023
1789064067231976200,28.03997607421875,5.935824465942383,6.138433781433105,-1.5272013839721679
1789064067242013200,28.05001318359375,5.850531031799316,5.999719722747803,-1.2297218276977537
1789064067252050200,28.06005029296875,6.739378398132324,6.070947222137451,-1.2665326782226562
1789064067262087400,28.07008740234375,7.434893980407715,6.016179859161377,-0.9762357269287109
1789064067272124400,28.08012451171875,7.713818473815918,6.40972675704956,-0.6979097839355468
1789064067282161200,28.0901611328125,8.26164174118042,6.292710150909423,-0.4677671493530273
1789064067292198100,28.1001982421875,7.4500073783874505,6.919392435455322,-0.646733723449707
1789064067302235100,28.110235107421875,6.889764189910888,7.109881105041503,-0.8454524612426757
1789064067312271000,28.12027099609375,7.783549597167968,6.90742142715454,-1.0465654006958007
1789064067322308400,28.130308349609376,8.182782723999024,6.634482437896728,-0.9871592720031738
1789064067332345300,28.140345458984374,8.663119432067871,6.521954959869384,-1.0658686515808105
1789064067342382000,28.150382080078124,7.688380081176757,6.508936488342285,-0.9154828598022461
1789064067352419000,28.160419189453126,7.213280689239501,6.966827555847168,-0.9006687370300293
1789064067362456300,28.170456298828125,8.635586112976073,5.849483568572998,-0.6908768165588378
1789064067372493300,28.180493408203127,8.88069250793457,6.182127961730957,-0.5972036766052246
1789064067382530300,28.1905302734375,8.521412621307373,5.985204875183105,-0.565031591796875
1789064067392567000,28.200567138671875,8.183830187225341,6.393116983032226,-0.7588122886657714
1789064067402604300,28.210604248046874,7.27193862991333,6.762123313903809,-1.0749965454101562
1789064067412641300,28.220641357421876,8.84253491897583,6.357503233337402,-1.244386312866211
1789064067422678300,28.23067822265625,7.68044928817749,6.67817661819458,-1.1757026527404784
1789064067432715300,28.24071533203125,7.320121938323974,6.928221054077148,-1.0612298858642577
1789064067442752000,28.250751953125,6.646902359008789,6.604704554748535,-0.7832032180786133
1789064067452789200,28.260789306640625,7.190835048675536,6.213701496124267,-0.8981248977661133
1789064067462826200,28.270826171875,7.180809329223632,5.620837310028076,-0.840813695526123
1789064067472862200,28.2808623046875,5.917419040679931,5.942857433319092,-1.1109095703125
1789064067482899200,28.290899169921875,5.897367601776122,5.642534762573242,-0.6331167015075683
1789064067492936200,28.300936279296874,6.541856761169433,5.229534976196288,-0.16250643768310546
1789064067502973400,28.310973388671876,6.813748287200927,5.398326193237304,0.016160861206054686
1789064067513010200,28.32101025390625,6.7271081146240235,5.924302370452881,-0.27563246612548825
1789064067523047200,28.331047119140624,8.290222523498535,5.666177503967285,-0.40072950286865233
1789064067533084200,28.341084228515626,7.442675135803222,6.5786676116943354,-0.4789899696350097
1789064067543121400,28.351121337890625,7.06753366317749,7.1875430213928215,-0.5924152732849121
1789064067553158400,28.361158447265623,7.933785751342773,7.2270473487854,-0.3848679168701172
1789064067563195100,28.371195068359373,8.21675046005249,7.079953584289551,-0.16654665298461913
1789064067573232000,28.381232177734375,8.477269528198242,7.228693362426758,0.15038579177856445
1789064067583269000,28.39126904296875,8.33182177734375,6.778134537506103,0.5035305366516113
1789064067593306400,28.401306396484376,8.196549383544921,6.807313870239257,0.5801449897766113
1789064067603343400,28.41134326171875,7.43773709487915,6.501753883361816,0.931494083404541
1789064067613380000,28.421380126953125,6.196493171691894,6.826766758728027,0.5454290657043457
1789064067623417000,28.4314169921875,6.910863092041015,6.541108573150634,0.2668038475036621
1789064067633453000,28.441453125,6.6154784622192375,6.2116065696716305,0.20784663162231445
1789064067643490300,28.451490234375,6.681618283081054,6.7286044906616205,-0.11043255157470702
1789064067653527300,28.46152734375,6.874501154327392,6.1447185607910155,0.11686696853637694
1789064067663564300,28.471564208984375,6.716184569549561,6.81898560333252,0.2650081962585449
1789064067673601000,28.48160107421875,6.663512133026122,6.437708988952636,0.5482721801757812
1789064067683638300,28.49163818359375,6.770203744506835,6.754192520904541,0.35015199279785153
1789064067693675300,28.50167529296875,7.1501336204528805,6.684910310363769,-0.3295020034790039
1789064067703712300,28.511712158203125,8.119486017608642,6.34613077545166,-0.7439981658935546
1789064067713749200,28.521749267578127,7.748085485076904,6.478260779571533,-0.988356372833252
1789064067723785200,28.53178515625,7.454197231292724,6.593631372070312,-1.1315595596313477
1789064067733822200,28.541822265625,7.548319284057617,6.574926671600341,-0.9986813674926758
1789064067743859000,28.55185888671875,8.792855234527588,6.087407358551025,-1.1969511924743652
1789064067753896000,28.56189599609375,7.38686030960083,6.681917558288574,-1.1905167755126953
1789064067763933200,28.57193310546875,6.5871969551086424,7.035211940765381,-1.1821370697021483
1789064067773970200,28.58197021484375,7.331045483398437,6.637624827575683,-0.9756371765136718
1789064067784007200,28.592007080078126,7.331644033813476,6.654384239196777,-0.9928455009460448
1789064067794043100,28.602043212890624,7.304110714721679,6.683413934326172,-1.4049474617004394
1789064067804080000,28.612080078125,6.6808700950622555,6.629843672180176,-1.4471452659606934
1789064067814117000,28.6221171875,5.697601400756835,6.78007982635498,-1.553387964630127
1789064067824154000,28.632154052734375,6.229413444519043,6.430526383972167,-1.4718354705810546
1789064067834191000,28.642191162109373,6.274903276062012,6.261585529327392,-1.1981482933044434
1789064067844228000,28.65222802734375,7.620893521881103,5.813420906066894,-0.7478887435913085
1789064067854265000,28.66226513671875,7.40526573486328,5.76508796005249,-0.34281975021362304
1789064067864302000,28.672302001953124,6.112845751190185,6.669347999572754,-0.46671968612670894
1789064067874339000,28.682339111328126,7.114669508361816,6.245125392913818,-0.7698854713439941
1789064067884376000,28.6923759765625,7.061697796630859,6.704213561248779,-1.1534066497802733
1789064067894413000,28.7024130859375,7.312939333343506,6.638373015594482,-0.9048585899353027
1789064067904450300,28.7124501953125,7.624933737182617,6.573879208374023,-0.5232827003479004
1789064067914487000,28.722487060546875,7.204003157806396,6.9433344520568845,-0.4086602958679199
1789064067924524000,28.73252392578125,8.041375188446045,6.854748990631103,-0.3993827644348144
1789064067934561000,28.74256103515625,8.783278427886962,6.434416961669921,-0.29239187774658204
1789064067944598300,28.752598388671874,8.664915083312987,7.045237660217285,-0.5900210716247558
1789064067954634200,28.76263427734375,7.20116004333496,7.109731467437744,-0.4691138877868652
1789064067964671200,28.772671142578126,7.349301271057128,7.20116004333496,-0.6441898841857909
1789064067974708000,28.7827080078125,7.738209403228759,6.72890376586914,-0.7713818473815918
1789064067984745000,28.792744873046875,8.388235153961181,6.314856516265869,-0.6833949363708496
1789064067994782200,28.8027822265625,7.835922758483886,6.315305429077148,-0.9056067779541015
1789064068004819200,28.812819091796875,7.254431030273437,6.336853244018554,-0.8224082702636718
1789064068014856200,28.822856201171874,7.044339834594727,6.13514175415039,-0.5632359405517577
1789064068024893000,28.832892822265624,7.019200717163086,6.027402679443359,-0.01840542526245117
1789064068034930000,28.842929931640626,6.948571768188476,5.94360562133789,0.6579565437316894
1789064068044967200,28.85296728515625,6.25036270904541,6.105663146209716,0.833182177734375
1789064068055004200,28.863004150390626,6.829460235595703,6.0054059516906735,0.5493196434020996
1789064068065041200,28.873041259765625,6.14771131286621,6.290315949249267,-0.11866261978149413
1789064068075078000,28.883077880859375,6.566098052978515,6.6337342498779295,-0.6584054565429687
1789064068085115100,28.893115234375,8.100631679534912,6.167762751770019,-0.5123591552734374
1789064068095152000,28.903152099609375,8.298302954101562,6.4652423080444335,-0.024091654205322263
1789064068105188000,28.91318798828125,7.2909426055908195,7.142502102661132,0.5948094749450683
1789064068115225000,28.92322509765625,7.561487393188476,7.237521981048584,1.1367968757629394
1789064068125262000,28.933261962890626,8.983343904113768,6.778733087921142,1.1628338188171385
1789064068135299300,28.94329931640625,8.386888415527343,6.964134078979492,1.0983400115966797
1789064068145336000,28.953336181640626,8.78477480392456,6.592733546447754,0.9323919090270996
1789064068155373000,28.963373046875,7.692121021270752,6.492476351928711,0.5249287139892578
1789064068165410000,28.97341015625,6.8882678138732905,6.4357637001037595,0.2867056488037109
1789064068175447000,28.983447021484373,6.468085422515869,6.074089611816406,0.24390929412841794
1789064068185484300,28.993484375,6.995557975769042,5.763441946411133,0.24316110610961914
1789064068195521000,29.00352099609375,7.017105790710449,5.51594134979248,0.462829108428955
1789064068205558000,29.01355810546875,7.371148361206054,5.538686265563965,0.45415012741088867
1789064068215595000,29.023594970703126,6.7742439598083495,5.729623847961426,0.19228432083129882
1789064068225632300,29.03363232421875,6.6072483940124505,6.185719264221191,-0.0948702407836914
1789064068235669200,29.043669189453126,7.959523419189453,5.965751986694335,-0.08978256225585937
1789064068245705200,29.053705322265625,8.339602932739258,6.1355906669616695,0.03666121292114258
1789064068255742000,29.063741943359375,8.239046463012695,6.701819359588622,0.2316390106201172
1789064068265779000,29.073779052734373,8.428786944580077,6.812401548767089,0.14544775085449219
1789064068275816200,29.083816162109375,7.752873888397216,7.677755811309814,-0.11192892761230468
1789064068285853200,29.093853271484374,8.1334023147583,7.490259893798828,-0.1327285545349121
1789064068295890200,29.10389013671875,9.79916811981201,7.063194172668457,-0.17791911087036133
1789064068305927000,29.113927001953126,7.696759786987304,7.587673973846435,-0.011372457885742187
1789064068315964200,29.123964111328124,7.050175701141357,7.396287478637695,0.46252983322143554
1789064068326001200,29.134001220703126,7.6231380859375,6.553827769470215,0.3758896606445312
1789064068336038100,29.1440380859375,5.9317842506408684,6.64600453338623,0.010773907470703125
1789064068346075100,29.1540751953125,5.587318486785889,6.252307997894286,-0.6820481979370117
1789064068356112100,29.164112060546874,6.198887373352051,5.346102669525147,-0.8291419624328613
1789064068366149000,29.174149169921876,5.781548096466064,5.216666142272949,-0.5862801315307616
1789064068376186000,29.18418603515625,5.8728270347595215,4.984877494049072,-0.14814122772216795
1789064068386223000,29.19422314453125,6.155492468261718,5.059696295928955,-0.12674305038452147
1789064068396259000,29.204259033203126,5.781398458862304,5.679046337890624,-0.35090018081665036
1789064068406296000,29.214296142578124,7.078457208251953,5.843946977233887,-0.5048772750854492
1789064068416333300,29.224333251953126,6.743867526245117,6.54410132522583,-0.608426496887207
1789064068426370000,29.2343701171875,7.8906901214599605,7.068730764007568,-0.7237970893859863
1789064068436407000,29.244406982421875,8.114847251892089,7.223007133483886,-0.7694365585327148
1789064068446444000,29.254444091796874,8.456619538879394,7.594856578826904,-0.853532891845703
1789064068456481300,29.264481201171876,8.590694831848143,7.469011354064941,-0.8819640365600585
1789064068466518300,29.274518310546874,8.59278975830078,7.381024443054199,-0.8010100929260253
1789064068476555000,29.284554931640624,8.525602474212645,7.077409745025634,-0.5096656784057617
1789064068486592000,29.294592041015626,8.51063871383667,6.529885752868652,-0.30885201416015623
1789064068496629000,29.30462890625,6.717830583190918,6.9621887901306145,-0.4101566719055176
1789064068506666200,29.314666259765627,6.718429133605957,6.5023524337768555,-0.661398208618164
1789064068516703200,29.324703125,6.804171480560302,6.353612655639648,-0.9835679695129393
1789064068526740000,29.334739990234375,6.377255397033691,6.401347051239013,-1.110161382293701
1789064068536777000,29.34477685546875,6.845770734405517,6.256048937988281,-0.9913491249084472
1789064068546813000,29.35481298828125,5.703137992095947,6.6519900375366205,-0.9654618194580078
1789064068556850200,29.36485009765625,7.272836455535888,6.459256803894043,-0.9599252281188965
1789064068566887200,29.37488720703125,7.6665329910278315,6.223128665161132,-0.9891045608520507
1789064068576924200,29.384924072265626,7.799860095977783,6.6060512931823725,-1.1731588134765625
1789064068586961200,29.394961181640625,7.457788533782958,6.79908380203247,-0.9307458953857422
1789064068596998100,29.404998046875,7.92301184387207,6.58854369354248,-0.7610568527221679
1789064068607035100,29.41503515625,7.791031477355957,7.043292371368408,-0.6555623420715332
1789064068617072000,29.425072021484375,7.848492317199707,6.789506995391846,-0.5939116493225097
1789064068627109000,29.435109130859374,8.402600363922119,6.909366716003418,-0.7757213378906249
1789064068637146000,29.44514599609375,8.075642199707032,6.6151791870117185,-0.5768529624938965
1789064068647183000,29.45518310546875,7.638850034332275,6.602011077880859,-0.4112041351318359
1789064068657220000,29.46522021484375,6.485144109344482,6.694636754608154,-0.06105214233398437
1789064068667257000,29.475257080078126,7.194127075958251,6.182726512145996,0.11207856521606445
1789064068677294000,29.485294189453125,7.998878108978271,5.665878228759765,-0.20979192047119138
1789064068687330000,29.495330078125,7.274332831573486,5.741894131469726,-0.5211877738952636
1789064068697367300,29.5053671875,5.678747062683105,6.310217750549316,-0.34611177749633787
1789064068707404000,29.515404052734375,5.617395645141602,5.927594397735596,0.13093290328979493
1789064068717441000,29.52544091796875,6.500107869720458,6.080075115966797,0.32501287536621093
1789064068727478300,29.535478271484376,8.309825049591064,5.437980158233643,0.39444472351074217
1789064068737515500,29.545515625,7.873032884216308,6.0811225791931145,0.37888241271972656
1789064068747552500,29.555552490234376,6.3323641159057615,6.954108359527588,0.14739303970336914
1789064068757589200,29.56558935546875,7.371896549224853,7.0944684318542475,-0.13871405868530273
1789064068767626200,29.575626220703125,7.517344300079345,7.063343810272216,-0.32127193527221676
1789064068777663500,29.58566357421875,8.137442530059815,7.460631648254394,-0.2931400657653808
1789064068787700500,29.595700439453125,8.910769666290284,6.787412068939209,0.2280477081298828
1789064068797737500,29.605737548828124,8.173804467773436,7.2249524223327635,0.397736750793457
1789064068807774200,29.615774169921874,7.199214754486084,7.536497913360595,0.36810850524902344
1789064068817811200,29.625811279296876,8.6321444480896,6.526444087982178,0.361973363494873
1789064068827847200,29.63584716796875,8.60595786743164,6.701520084381103,0.08978256225585937
1789064068837884400,29.645884521484376,7.822754649353027,6.39057314376831,0.23104046020507812
1789064068847921400,29.65592138671875,6.780528739166259,6.662763945007324,0.10983400115966796
1789064068857958400,29.66595849609375,6.744316439056396,6.255899300384521,0.035464112091064454
1789064068867995100,29.6759951171875,7.32266577758789,6.086659170532227,-0.049530046844482416
1789064068878032400,29.686032470703125,7.437288182067871,5.89901361541748,-0.2998737579345703
1789064068888069400,29.6960693359375,7.173776361846923,6.12855769958496,-0.174926358795166
1789064068898106400,29.7061064453125,6.338349620056152,6.408828931427002,-0.1949777976989746
1789064068908143400,29.716143310546876,7.528866395568847,6.193350782012939,0.12300211029052734
1789064068918180400,29.726180419921874,8.310722875213623,5.7040358177185055,0.7125742691040039
1789064068928217300,29.73621728515625,7.799560820770263,5.8372132850646965,1.1109095703125
1789064068938254300,29.74625439453125,6.38413872680664,6.372167718505859,0.8313865264892578
1789064068948291300,29.756291259765625,6.999448553466796,5.999420447540283,0.14185644836425781
1789064068958328300,29.766328369140624,7.729680059814453,5.79711040725708,-0.6883329772949218
1789064068968365300,29.776365234375,7.4889131553649895,5.824194813537598,-1.0934019706726072
1789064068978401500,29.786401611328124,6.835745014953613,6.036979486083984,-0.7811082916259765
1789064068988438300,29.796438232421874,6.992415586090088,5.972336041259766,-0.4330512252807617
1789064068998475300,29.806475341796876,7.575254052734374,5.720944866943359,0.06898293533325195
1789064069008512300,29.81651220703125,6.90173519821167,6.009446166992187,-0.03800795135498047
1789064069018549500,29.826549560546876,6.697928781890869,6.553229219055176,-0.5901707092285156
1789064069028586500,29.83658642578125,7.37399147567749,6.142773271942138,-0.8183680549621581
1789064069038623200,29.846623291015625,7.059004319763183,6.889464914703368,-0.9539397239685058
1789064069048660200,29.85666015625,8.13385122756958,6.381744525146484,-0.745644179534912
1789064069058697500,29.866697509765626,7.490559169006347,7.104194876098632,-0.8262988479614257
1789064069068734500,29.876734375,7.499238150024413,7.176769113922119,-0.7371148361206055
1789064069078771500,29.886771484375,8.030451643371581,7.032817739105224,-0.3321954803466797
1789064069088808200,29.89680810546875,8.42100578918457,6.956352923583984,0.0017956512451171875
1789064069098845200,29.90684521484375,8.835352313995362,6.650792936706543,0.2877531120300293
1789064069108882400,29.91688232421875,7.4491095527648925,6.922534825134277,0.239420166015625
1789064069118918400,29.92691845703125,7.446565713500976,6.781276927185059,-0.2362777763366699
1789064069128955400,29.936955322265625,7.4877160545349115,6.431723484802245,-0.761655403137207
1789064069138992400,29.946992431640624,6.823325093841552,6.613084260559082,-1.1227309410095214
1789064069149029400,29.957029296875,7.710825721740722,6.085462069702148,-1.1611878051757811
1789064069159066400,29.96706640625,6.969969945526123,6.279392404174804,-0.8936357696533203
1789064069169103400,29.977103271484374,7.202506781768799,6.4469865203857415,-0.43020811080932614
1789064069179140400,29.987140380859376,7.549366747283935,6.127210961151123,-0.1304839904785156
1789064069189177300,29.99717724609375,7.261314360046386,6.829460235595703,-0.1283890640258789
1789064069199214300,30.00721435546875,8.10242733078003,6.211456932067871,-0.16609774017333984
1789064069209251300,30.017251220703123,7.352443660736084,6.977152550506592,-0.7031471000671387
1789064069219288300,30.027288330078125,7.0187518043518065,6.857741742706298,-0.9356839363098144
1789064069229325300,30.0373251953125,7.385214295959472,6.774992147827148,-1.2648866645812988
1789064069239362300,30.0473623046875,6.602609628295898,6.891559841156005,-1.566705711364746
1789064069249398500,30.0573984375,6.940790612792968,6.444592318725586,-1.4778209747314452
1789064069259435500,30.067435546875,6.609044045257568,6.306327172851562,-1.485602130126953
1789064069269472300,30.07747216796875,6.581211450958252,6.089203009796142,-0.7742249618530272
1789064069279509200,30.08750927734375,7.526472193908691,5.325901593017578,-0.19901801300048827
1789064069289546200,30.097546142578125,6.972663422393798,5.697451763153076,-0.16789339141845702
1789064069299583500,30.10758349609375,5.922357081604003,6.14187544631958,-0.6528688652038573
1789064069309620500,30.117620361328125,6.122272920227051,6.5038488098144525,-1.1168950744628905
1789064069319657200,30.1276572265625,7.002590943145751,6.182277599334716,-1.050904891204834
1789064069329694200,30.137694091796874,7.417536018371582,6.711246528625488,-0.8378209434509277
1789064069339731500,30.1477314453125,8.222735964202881,6.520757859039306,-0.2678513107299805
1789064069349768400,30.1577685546875,7.1312792823791495,7.113921320343017,0.13063362808227538
1789064069359805400,30.167805419921876,6.812551186370849,7.494449746704101,-0.01810615005493164
1789064069369842200,30.17784228515625,8.45302823638916,6.841580881500244,-0.11522095489501953
1789064069379879200,30.187879150390625,8.93815334777832,6.591686083221435,-0.07676409072875977
1789064069389915400,30.197915283203123,8.05633894882202,6.92043989868164,0.16385317611694336
1789064069399952400,30.207952392578125,7.406313198089599,6.474968752288818,0.5641337661743163
1789064069409989400,30.2179892578125,6.495319466400146,6.966378643035888,0.34326866302490233
1789064069420026400,30.2280263671875,7.072322066497803,6.461202092742919,0.09217676391601562
1789064069430063400,30.2380634765625,8.259247539520263,5.910685348510742,-0.23777415237426758
1789064069440100400,30.248100341796874,7.093720243835449,6.402693789672851,-0.24959552307128904
1789064069450137300,30.258137451171876,6.823774006652831,6.355557944488525,-0.2554313896179199
1789064069460174300,30.26817431640625,6.073191786193847,6.68431175994873,-0.1149216796875
1789064069470211300,30.27821142578125,7.317129186248779,6.3058782600402825,-0.050128597259521485
1789064069480248600,30.28824853515625,7.794473142242431,6.254851837158203,-0.05970540390014648
1789064069490285300,30.298285400390625,7.992294054412842,6.470928536987304,-0.22385785522460935
1789064069500322300,30.308322265625,8.115745077514648,6.501304970550537,-0.34431612625122066
1789064069510359300,30.318359375,8.230966032409668,6.4454901443481445,-0.4531026641845703
1789064069520395300,30.328395263671876,7.223456046295166,7.039850706481933,-0.632667788696289
1789064069530432500,30.3384326171875,7.8350249328613275,6.6394204788208,-0.5421370384216309
1789064069540469500,30.348469482421876,7.080402497100829,6.853701527404785,-0.6127659873962402
1789064069550506200,30.35850634765625,8.3885344291687,6.437708988952636,-0.6883329772949218
1789064069560543200,30.368543212890625,6.547542990112304,6.715586019134521,-0.4387374542236328
1789064069570580200,30.378580322265623,7.123647764587402,6.6784758934021,-0.3269581642150879
1789064069580617500,30.388617431640625,7.32939946975708,6.171054779052734,0.0752677146911621
1789064069590654500,30.398654541015624,7.32266577758789,6.146963124847412,0.010025719451904296
1789064069600691200,30.408691162109374,5.62442861251831,6.7459624526977535,-0.08514379653930663
1789064069610728200,30.418728271484376,7.029824987030029,5.95677373046875,-0.07167641220092773
1789064069620765400,30.428765380859375,6.697479869079589,6.057928750610351,-0.00718260498046875
1789064069630802400,30.438802490234377,6.194847158050536,6.433070223236084,-0.131531453704834
1789064069640839400,30.44883935546875,7.779808657073974,5.944353809356689,-0.4643254844665527
1789064069650876200,30.458876220703125,8.174702293395995,6.101174018096923,-0.6988076095581054
1789064069660912400,30.468912353515623,7.992144416809081,6.675782416534424,-0.5012859725952148
1789064069670949400,30.478949462890625,7.385663208770752,6.819733791351318,0.06539163284301758
1789064069680986400,30.488986328125,8.129362099456786,6.986729357147216,0.0805050308227539
1789064069691023400,30.4990234375,8.523956460571288,6.6820671958923334,0.12210428466796874
1789064069701060400,30.509060302734376,8.476820615386963,6.7353381828308105,-0.1444002876281738
1789064069711097300,30.519097412109375,7.395240015411376,6.708104138946533,0.15816694717407226
1789064069721134300,30.52913427734375,7.631368154144287,6.590040069580078,0.19183540802001953
1789064069731171800,30.539171875,8.607903156280518,5.8548705223083495,0.3425204750061035
1789064069741209000,30.549208984375,8.37611450805664,5.959616844940185,0.30271687240600587
1789064069751246000,30.55924609375,6.330718102264404,6.4992100440979,0.32561142578124996
1789064069761282800,30.56928271484375,6.448632534027099,6.540659660339355,0.43948564224243164
1789064069771319800,30.57931982421875,7.094019519042968,6.211157656860351,0.45504795303344725
1789064069781357000,30.589357177734374,8.49163473815918,6.159682321166992,-0.12045827102661132
1789064069791394000,30.59939404296875,8.024017226409912,6.18003303527832,-0.11207856521606445
1789064069801430000,30.609429931640626,7.585728684997558,6.731746880340576,-0.605882657623291
1789064069811467000,30.619467041015625,5.963956335449218,7.315333535003662,-0.5966051261901855
1789064069821504000,30.62950390625,7.206846272277832,6.921936274719238,-0.586729044342041
1789064069831540700,30.639540771484373,8.627356044769286,6.6048541923522945,-0.5716156463623047
1789064069841578000,30.649577880859376,8.753500544738769,6.234800398254394,-0.2657563842773437
1789064069851615000,30.659614990234374,5.928641860961914,7.171681435394286,-0.09831190567016601
1789064069861652000,30.66965185546875,6.778733087921142,6.394613359069824,-0.10564414825439453
1789064069871689000,30.67968896484375,6.983736605072021,6.010343992614746,-0.3119944038391113
1789064069881726000,30.689725830078125,6.968323931884766,5.982810673522949,-0.7119757186889648
1789064069891763000,30.699762939453127,6.33326194152832,5.895123037719726,-0.9427169036865234
1789064069901800000,30.709800048828125,6.26308190536499,5.823147350311279,-0.9464578437805176
1789064069911837000,30.7198369140625,6.067355919647216,6.098630178833007,-0.8020575561523438
1789064069921873000,30.729872802734373,7.4125979774475095,5.879560726928711,-0.2332850242614746
1789064069931910100,30.73991015625,8.63184517288208,5.831676693725585,-0.21443068618774414
1789064069941947000,30.74994677734375,7.2523361038208005,6.53766690826416,-0.3534440200805664
1789064069951983900,30.75998388671875,4.583250165557861,8.001870861053467,-0.6015431671142578
1789064069962020900,30.770020751953126,7.192181787109375,7.0652890991210935,-0.5693710823059082
1789064069972057900,30.780057861328125,8.834304850769042,6.5485904533386226,-0.47704468078613277
1789064069982095000,30.79009521484375,7.95518392868042,6.79938307723999,-0.4236240562438965
1789064069992131800,30.8001318359375,6.099528004455566,7.439682383728027,-0.8589198455810546
1789064070002168800,30.8101689453125,7.529016033172607,6.546944439697265,-1.1116577583312988
1789064070012205800,30.820205810546874,7.4305544898986815,6.770203744506835,-1.042525185394287
1789064070022243000,30.8302431640625,9.028235185241698,5.969492926788329,-0.42018239135742186
1789064070032280000,30.840280029296874,7.388955236053467,6.386233653259277,0.22176292877197265
1789064070042316800,30.85031689453125,6.260986978912353,7.089829666137695,0.21877017669677734
1789064070052353000,30.86035302734375,7.387758135223388,6.531531766510009,-0.3930979850769043
1789064070062389800,30.8703896484375,7.992144416809081,6.4837973709106445,-1.2005424949645995
1789064070072427000,30.880427001953127,7.066635837554931,7.185148819732666,-1.7386393180847166
1789064070082464000,30.890464111328125,8.050951995086669,6.622661067199707,-1.4953285743713378
1789064070092501000,30.9005009765625,6.988674645996094,7.168539045715332,-0.7299322311401367
1789064070102538000,30.9105380859375,8.269722171783446,6.6060512931823725,0.2512415367126465
1789064070112575000,30.920574951171876,8.383895663452147,6.452223836517334,0.6705261024475098
1789064070122612000,30.930612060546874,7.015310139465331,7.016806515502929,0.5193921226501464
1789064070132649000,30.94064892578125,7.860463325500488,6.535422344207763,0.024690204620361325
1789064070142686000,30.95068603515625,7.596652230072021,6.30752427368164,-0.2819172454833984
1789064070152723000,30.960722900390625,6.948721405792236,6.54395168762207,-0.22729952011108398
1789064070162760000,30.970760009765623,6.172850430297851,6.312312677001953,0.1279401512145996
1789064070172797000,30.980796875,6.5375172706604,6.176890645599365,0.22490531845092773
1789064070182833000,30.9908330078125,5.786037224578857,6.21205548248291,0.4809352584838867
1789064070192870000,31.000869873046874,6.719925509643554,6.041169338989257,0.6114192489624023
1789064070202907000,31.010906982421876,7.38012661743164,5.530755472564697,1.171512799835205
1789064070212944100,31.020944091796874,7.855824559783935,5.757007529449463,1.5391723922729492
1789064070222980900,31.03098095703125,7.079055758666992,6.000168635559081,1.5155296508789062
1789064070233017900,31.041017822265626,6.711994716644287,6.480804618835449,0.8562263687133789
1789064070243054800,31.051054931640625,6.959944226074218,6.794445036315918,-0.1236006607055664
1789064070253092000,31.061092041015623,8.141632382965087,6.5695397178649895,-0.43933600463867184
1789064070263129000,31.071129150390625,7.3289505569458,6.977751100921631,-0.3091512893676758
1789064070273165800,31.081165771484375,8.129960649871826,6.815693576049804,0.03247136001586914
1789064070283202800,31.091202880859374,7.761253594207763,6.65872372970581,0.18749591751098632
1789064070293239800,31.10123974609375,7.223456046295166,6.778134537506103,0.0896329246520996
1789064070303277000,31.111277099609374,6.942885539245605,6.7742439598083495,-0.24181436767578124
1789064070313313000,31.12131298828125,8.52964268951416,6.032041445159912,-0.2753331909179687
1789064070323350000,31.13135009765625,8.302941719818115,6.033537821197509,-0.24331074371337888
1789064070333387000,31.141386962890625,7.379677704620361,6.542305673980713,-0.06973112335205078
1789064070343423700,31.151423828125,6.809259159088135,6.738480572509765,-0.282815071105957
1789064070353461000,31.1614609375,8.099584216308592,6.635080988311767,-0.8186673301696776
1789064070363498000,31.171498046875,7.673266683197021,6.942436626434326,-1.1318588348388672
1789064070373535000,31.181534912109374,7.636455832672119,7.261912910461425,-1.3887866004943847
1789064070383572000,31.191572021484376,7.96745421218872,7.1130234947204585,-1.2976572998046874
1789064070393609000,31.20160888671875,7.886500268554687,7.061697796630859,-1.1725602630615233
1789064070403646000,31.21164599609375,6.778134537506103,7.418433843994141,-0.928950244140625
1789064070413683000,31.221682861328127,7.830984717559814,6.597073036956787,-0.8168716789245605
1789064070423720000,31.231719970703125,7.6361565574645995,6.311564488983154,-0.7368155609130859
1789064070433756000,31.241755859375,6.3842883644104,6.7082537765502925,-0.9398737892150878
1789064070443793000,31.25179296875,9.775974291229247,4.97305612335205,-0.5846341178894042
1789064070453830000,31.261829833984375,7.991845141601562,5.323208116149902,-0.732326432800293
1789064070463867000,31.271866943359374,4.885368487548828,6.909067440795898,-0.7122749938964843
1789064070473903900,31.28190380859375,5.364358457183838,6.010643267822266,-0.3817255271911621
1789064070483940900,31.29194091796875,6.85669427947998,6.211307294464111,-0.5392939239501953
1789064070493978000,31.30197802734375,7.7018474655151365,5.89302811126709,-0.3058592620849609
1789064070504014800,31.312014892578127,8.428637306976318,5.820902786254883,-0.13811550827026367
1789064070514051800,31.3220517578125,8.598326349639892,5.810128878784179,-0.09023147506713866
1789064070524088800,31.3320888671875,7.07980394668579,6.264727919006347,0.0661398208618164
1789064070534126000,31.3421259765625,6.393116983032226,6.790404821014404,-0.5808931777954102
1789064070544163000,31.3521630859375,7.978976307678222,5.93103606262207,-0.9750386260986328
1789064070554199800,31.36219970703125,7.505373291778564,6.222979027557373,-1.3428478561401367
1789064070564236000,31.372236083984376,6.996455801391601,6.5309332160949705,-1.1294646331787108
1789064070574272800,31.382272705078126,7.452551217651367,6.027701954650879,-0.6640916854858399
1789064070584310000,31.39231005859375,8.087613208007811,6.3700727920532225,-0.6350619903564453
1789064070594347000,31.402346923828127,9.037961629486084,5.891232460021972,-0.31214404144287106
1789064070604384000,31.412384033203125,8.09569363861084,6.625653819274902,-0.025139117431640625
1789064070614421000,31.4224208984375,5.9856537879943845,7.471405555725097,-0.012719196319580078
1789064070624457700,31.432457763671874,6.7100494277954095,7.440879484558105,0.2902969512939453
1789064070634495000,31.442494873046876,8.309226499176026,6.407033280181884,1.4876970565795897
1789064070644532000,31.452531982421874,9.255833980560302,5.990142916107177,1.6575357368469237
1789064070654569000,31.46256884765625,8.386589140319824,5.948693299865722,0.9594763153076171
1789064070664606000,31.47260595703125,7.011868474578857,5.951386776733398,-0.13213000411987305
1789064070674643000,31.482642822265625,6.2389902511596675,6.072593235778808,-1.2551602203369139
1789064070684679000,31.492678955078127,7.08010322189331,5.9756280685424805,-1.2597989860534666
1789064070694716000,31.5027158203125,7.421276958465576,5.527912358093261,0.2985270195007324
1789064070704753000,31.5127529296875,7.8609122383117676,5.990741466522216,1.6027683738708496
1789064070714790000,31.522789794921874,6.39700756072998,6.836343565368652,2.2035633529663086
1789064070724827100,31.5328271484375,7.4046671844482415,7.2270473487854,1.9149124153137207
1789064070734863600,31.542863525390626,8.87395881576538,6.767061354827881,0.9876081848144531
1789064070744900400,31.552900390625,7.695413048553466,7.920617642211914,0.5125087928771972
1789064070754937600,31.5629375,7.557447177886963,7.4411787597656245,0.6750152305603027
1789064070764974600,31.572974609375,8.39526812133789,6.902034473419189,0.9154828598022461
1789064070775011600,31.583011474609375,7.617451856994628,6.907122151947021,0.9130886581420898
1789064070785048600,31.593048583984373,7.732373536682128,6.514323442077636,1.05973350982666
1789064070795085600,31.60308544921875,6.8599863067626945,6.2030772262573235,1.370081900024414
1789064070805122600,31.61312255859375,6.181230136108398,6.418555375671386,1.709759260559082
1789064070815158500,31.623158447265624,5.69490792388916,6.060622227478027,1.9898808547973632
1789064070825195500,31.633195556640626,6.213551858520508,5.93088642501831,1.6647183418273925
1789064070835232500,31.643232421875,6.513724891662597,5.717652839660644,0.9139864837646484
1789064070845269800,31.653269775390626,6.822427268218994,5.767781436920166,0.15592238311767578
1789064070855306800,31.663306640625,6.477063678741454,6.008249066162109,-0.33907881011962887
1789064070865343500,31.673343505859375,7.254281392669677,6.031891807556152,-0.41464580001831053
1789064070875380500,31.68338037109375,8.060828076934815,6.048202306365966,-0.43948564224243164
1789064070885417500,31.69341748046875,7.631218516540527,6.643610331726074,-0.26964696197509763
1789064070895454700,31.703454833984374,6.695235305023193,7.2653545753479,-0.4144961624145508
1789064070905491700,31.71349169921875,7.359626265716552,7.483077288818359,-0.8875006278991698
1789064070915528400,31.723528564453126,8.491934013366699,6.936301484680175,-1.1815385192871093
1789064070925565400,31.7335654296875,8.239345738220214,7.197718378448486,-1.1831845329284667
1789064070935601400,31.743601318359374,8.314912728118896,6.984185517883301,-1.2560580459594726
1789064070945638700,31.753638671875,8.890568589782715,6.330718102264404,-1.2478279777526855
1789064070955675600,31.763675537109375,6.713640730285644,6.838588129425048,-1.572541577911377
1789064070965712600,31.773712646484373,5.305850154113769,7.300220137023925,-1.6425719764709472
1789064070975749400,31.783749267578123,7.529764221191406,5.9187657791137696,-1.32144967880249
1789064070985786600,31.79378662109375,7.835773120880127,5.880757827758789,-1.115997248840332
1789064070995823600,31.80382373046875,6.7371338340759275,6.0984805412292475,-1.0160393295288086
1789064071005860600,31.813860595703126,6.091148298645019,6.399701037597656,-1.1682207725524902
1789064071015897600,31.823897705078124,7.078906121063232,6.083367143249512,-1.5696984634399413
1789064071025934300,31.833934326171875,7.318176649475097,6.318298181152343,-1.587206063079834
1789064071035971600,31.8439716796875,8.141632382965087,6.2846297203063965,-1.4124293418884277
1789064071046008600,31.854008544921875,8.471433661651611,6.351667366790771,-0.8342296409606933
1789064071056044500,31.86404443359375,7.343166129302978,7.048828962707519,-0.43619361495971676
1789064071066081500,31.87408154296875,7.871087595367431,7.1035963256835934,-0.2389712532043457
1789064071076118500,31.884118408203125,8.499715168762206,6.854000802612305,-0.34237083740234375
1789064071086155800,31.89415576171875,8.145672598266602,7.302464701080321,-0.5711667335510253
1789064071096192500,31.904192626953126,8.729259252929687,6.766462804412841,-0.45340193939208984
1789064071106229500,31.9142294921875,7.138162612152099,7.22689771118164,-0.4159925384521484
1789064071116266500,31.9242666015625,7.312490420532226,6.779032363128661,-0.17372925796508787
1789064071126303700,31.9343037109375,6.536469807434082,6.5780690612792965,0.08424597091674804
1789064071136340700,31.9443408203125,6.283282981872558,6.319944194793701,-0.05776011505126953
1789064071146377500,31.95437744140625,5.922805994415283,5.981015022277831,-0.07332242584228515
1789064071156414500,31.96441455078125,6.262483354949951,5.629665928649902,-0.11686696853637694
1789064071166451500,31.974451416015626,6.449530359649658,5.370194323730469,0.33922844772338867
1789064071176487400,31.9844873046875,6.988674645996094,5.2730795188903805,0.44756607284545896
1789064071186524700,31.994524658203126,6.384587639617919,5.93133533782959,0.45819034271240233
1789064071196561700,32.004561767578124,7.094917344665527,6.131251176452636,0.289848038482666
1789064071206598400,32.01459838867188,7.859715137481689,6.5862991294860835,0.26665420989990235
1789064071216635400,32.02463549804688,8.427589843749999,6.662464669799804,0.5804442649841308
1789064071226672600,32.034672607421875,7.372195824432373,7.632714892578124,0.931494083404541
1789064071236709600,32.04470971679687,8.902988510894774,7.026832234954834,0.9258078544616699
1789064071246746600,32.05474658203125,8.251765659332275,7.314884622192382,0.9484031326293945
1789064071256783400,32.064783447265626,8.160785996246338,7.101052486419677,0.5744587608337401
1789064071266820600,32.074820556640624,7.857769848632812,6.856245366668701,0.4921580787658691
1789064071276857600,32.08485766601562,8.150012088775634,6.488286499023437,0.5538087715148925
1789064071286894600,32.09489453125,7.944858934020996,5.96275923461914,1.0371382316589355
1789064071296930600,32.1049306640625,7.239616907501221,6.058377663421631,1.3305775726318358
1789064071306967600,32.11496752929688,6.413318059539795,5.919214691925048,1.5589245559692382
1789064071317004800,32.1250048828125,6.780828014373779,5.849184293365478,1.1742062767028807
1789064071327041500,32.13504150390625,6.935852571868896,5.825092639160156,0.8610147720336914
1789064071337078500,32.14507861328125,7.215375615692138,5.699696327209472,0.6699275520324707
1789064071347115500,32.155115478515626,5.971737490844726,6.508786850738525,0.5255272644042969
1789064071357152500,32.165152587890624,7.788188362884521,6.094440325927734,0.43245267486572264
1789064071367189800,32.17518969726562,6.818835965728759,6.682516108703613,0.4950011932373047
1789064071377226500,32.1852265625,8.294412376403809,6.664409958648681,0.49380409240722656
1789064071387263500,32.195263427734375,7.904307143402099,6.846518922424316,0.6305728622436523
1789064071397300500,32.20530053710937,8.37581523284912,7.124395952606201,0.49036242752075193
1789064071407337700,32.21533764648437,8.105569720458984,6.923731925964355,0.7336731712341308
1789064071417373700,32.22537377929687,9.451859241485595,6.603806729125976,0.42721535873413086
1789064071427410700,32.23541064453125,7.346458156585693,6.912359468078613,0.3678092300415039
1789064071437447400,32.245447509765626,6.827066033935546,6.9816416786193845,0.14036007232666015
1789064071447484400,32.255484375,6.763470052337646,6.469432160949706,-0.06778583450317383
1789064071457521700,32.26552172851562,7.007080071258544,6.6343328002929685,-0.42601825790405273
1789064071467558700,32.27555859375,7.962067258453368,5.450848992156982,0.14080898513793944
1789064071477595600,32.285595703125,6.255151112365723,6.368576416015625,0.1292868896484375
1789064071487632600,32.29563256835937,5.874622686004638,6.113444301605225,0.512059880065918
1789064071497669400,32.30566943359375,5.525967069244384,6.298246742248534,0.77886372756958
1789064071507706600,32.31570654296875,7.593360202789306,5.703886180114746,0.5392939239501953
1789064071517743600,32.32574365234375,7.318924837493896,5.991190379333496,0.21113865890502928
1789064071527780600,32.33578051757812,7.030872450256347,6.331915203094482,0.0718260498046875
1789064071537816600,32.345816650390624,6.62101505355835,6.58884296875,0.1514332550048828
1789064071547853600,32.355853515625,7.136366960906982,6.44189884185791,0.2711433380126953
1789064071557890600,32.365890625,6.90787033996582,6.990171022033691,0.019003975677490233
1789064071567927600,32.375927490234375,8.935908783721922,6.459556079101562,-0.13033435287475587
1789064071577964500,32.38596459960937,7.625233012390137,7.056310842895507,-0.1614589744567871
1789064071588001500,32.39600146484375,8.083722630310058,6.9612909645080565,0.06599018325805664
1789064071598038800,32.40603881835938,6.932560544586181,7.251587915802001,0.20769699401855468
1789064071608075500,32.416075439453124,7.689726819610596,6.796091049957275,0.10729016189575195
1789064071618112500,32.42611254882812,6.80551821899414,6.885723974609375,-0.1274912384033203
1789064071628149500,32.4361494140625,7.921814743041992,6.445639781951904,-0.6420949577331543
1789064071638186500,32.4461865234375,7.591265276336669,6.315155791473388,-0.581641365814209
1789064071648222500,32.456222412109376,8.078485314178467,6.131700089263916,-0.4674678741455078
1789064071658259700,32.466259765625,6.309319924926758,6.834248638916015,-0.3242646873474121
1789064071668296400,32.47629638671875,7.513603359985352,6.562057837677002,-0.4147954376220703
1789064071678333400,32.48633349609375,7.761253594207763,6.545597701263428,-0.6637924102783203
1789064071688370400,32.496370361328125,8.066813581085205,6.819434516143798,-0.9433154541015625
1789064071698407700,32.50640771484375,6.8876692634582515,7.1221513885498045,-0.9491513206481933
1789064071708444700,32.51644458007812,6.861033769989013,7.315483172607421,-1.043273373413086
1789064071718481700,32.52648168945313,7.472153743743896,7.024587670898437,-0.8424597091674804
1789064071728518000,32.53651782226562,8.132055576324463,6.376656846618652,-0.6602011077880859
1789064071738555000,32.54655493164063,5.581931533050537,7.46302584991455,-0.6497264755249023
1789064071748592000,32.55659204101563,7.280168698120117,6.389675318145752,-0.5125087928771972
1789064071758629000,32.566629150390625,7.360524091339111,6.095936701965332,-0.2275987953186035
1789064071768665000,32.5766650390625,6.746112090301513,6.198288822937012,-0.18031331253051758
1789064071778702000,32.5867021484375,5.813720181274414,6.434566599273682,-0.194079972076416
1789064071788739000,32.59673901367187,7.817816608428955,5.640888748931885,-0.26964696197509763
1789064071798776000,32.60677612304688,5.333982023620605,6.432920585632324,-0.31917700881958005
1789064071808813000,32.61681298828125,5.907692596435546,6.8691142005920405,-0.7383119369506835
1789064071818850000,32.62685009765625,8.230217844390868,5.623530786895752,-0.7824550300598144
1789064071828887000,32.63688696289063,7.790283289337157,6.462698468780517,-0.89378540725708
1789064071838924300,32.64692431640625,6.55008682937622,6.814496475219726,-0.5623381149291992
1789064071848961000,32.6569609375,8.23590407333374,6.445041231536865,-0.3908534210205078
1789064071858998000,32.666998046875,7.764545621490478,6.5403603851318355,-0.2678513107299805
1789064071869035000,32.67703491210938,7.493851196289062,7.07366880493164,-0.9085995300292968
1789064071879072000,32.687072021484376,7.709927896118163,6.570138268280029,-1.2392986343383787
1789064071889108200,32.69710815429688,6.932859819793701,7.325209616851806,-1.7497125007629393
1789064071899145200,32.707145263671876,7.298274848175049,6.848613848876953,-1.4616601135253906
1789064071909182000,32.71718188476562,8.03179838180542,6.566098052978515,-1.0549451065063475
1789064071919219000,32.72721899414063,7.1029977752685545,6.707505588531494,-0.5746083984375
1789064071929256000,32.737255859375,6.5960255737304685,6.871358764648437,-0.6504746635437011
1789064071939293200,32.747293212890625,6.958298212432861,6.378901410675049,-0.5734112976074218
1789064071949330200,32.757330078125,7.132326745605468,6.418555375671386,-0.7185597732543945
1789064071959367000,32.76736694335938,7.959373781585693,5.838260748291015,-0.5400421119689941
1789064071969404000,32.77740380859375,7.453598680877685,6.118681617736816,-0.503680174255371
1789064071979441200,32.787441162109374,7.082048510742187,6.291662687683105,-0.6887818901062012
1789064071989478100,32.79747802734375,6.919242797851562,6.65872372970581,-0.9706991355895995
1789064071999514000,32.80751416015625,7.295282096099853,6.815095025634765,-1.0717045181274414
1789064072009551000,32.81755102539063,8.576778534698486,6.574328121185302,-0.9193734375
1789064072019588000,32.82758813476563,8.138639630889893,6.915950770568847,-0.3790320503234863
1789064072029625000,32.837625,7.979275582885742,7.1595607894897455,-0.03037643356323242
1789064072039662000,32.847662109375,8.253710948181151,6.920290261077881,0.1862988166809082
1789064072049699000,32.85769897460938,8.39511848373413,6.946626479339599,0.08125321884155273
1789064072059736000,32.867736083984376,7.997082457733153,6.991368122863769,-0.07377133865356444
1789064072069773000,32.87777294921875,8.50405465927124,6.543203499603271,-0.0857423469543457
1789064072079810000,32.88781005859375,7.094618069458007,6.879439195251464,0.13198036651611328
1789064072089847000,32.897846923828126,7.626579750823974,6.292261238098144,0.6337152519226074
1789064072099884000,32.907884033203125,6.254552561950684,6.3229369468688965,1.1979986557006834
1789064072109921000,32.91792114257812,5.86699116821289,6.30752427368164,1.2336124053955078
1789064072119957000,32.92795703125,6.12900661239624,5.710769509887695,1.2183493698120116
1789064072129994200,32.937994140625,6.431124934387206,5.474791008758545,0.8967781593322753
1789064072140031000,32.94803100585938,6.264279006195068,5.389497574615478,0.8324339897155761
1789064072150068000,32.95806787109375,7.263110011291504,5.12074843826294,0.8219593574523926
1789064072160105000,32.96810498046875,6.063914254760742,5.627421364593506,0.8848071510314941
1789064072170142200,32.97814208984375,6.280439867401123,6.2116065696716305,0.630722499847412
1789064072180179200,32.98817919921875,7.936179953002929,5.889137533569335,0.35299510726928707
1789064072190216200,32.99821630859375,8.653692263031004,6.466439408874511,0.04548983154296875
1789064072200253000,33.0082529296875,8.668207110595702,6.574028845977783,0.1580173095703125
1789064072210290000,33.0182900390625,8.607304605865478,7.036558679199218,-0.14335282440185546
1789064072220327200,33.0283271484375,7.946205672454833,7.099855385589599,-0.45774142990112304
1789064072230363100,33.03836303710938,8.392125731658934,7.063942360687255,-0.8828618621826171
1789064072240400100,33.048400146484376,8.457068451690674,6.488436136627197,-1.1176432624816894
1789064072250437000,33.05843701171875,8.846425496673584,6.285976458740234,-1.2376526206970213
1789064072260473900,33.06847387695313,7.450905204010009,6.009895079803466,-0.8767267204284668
1789064072270511000,33.078510986328126,6.225223591613769,6.448931809234619,-0.5829881042480468
1789064072280548000,33.088548095703125,7.930792999267577,5.436633419799804,-0.1662473777770996
1789064072290585000,33.09858520507812,7.7687354743957515,5.488856943511963,-0.11641805572509765
1789064072300622000,33.1086220703125,5.910984623718261,6.408230381011962,-0.30690672531127927
1789064072310659000,33.1186591796875,7.889642658233642,5.692962635040283,-0.8450035484313965
1789064072320696000,33.128696044921874,7.310694769287109,6.121973645019531,-1.319055477142334
1789064072330733000,33.13873315429687,6.961440602111816,6.752097594451904,-1.6488567558288574
1789064072340769000,33.14876904296875,8.5678002784729,5.895571950531005,-1.4802151763916014
1789064072350806000,33.15880590820313,7.823353199768066,6.684760672760009,-1.706467233276367
1789064072360843300,33.16884326171875,6.867019274139404,7.047631861877441,-1.5952864936828612
1789064072370880000,33.1788798828125,8.160187445831298,6.528090101623535,-1.7426795333862304
1789064072380917000,33.1889169921875,8.327631924438476,6.404788716125488,-2.2034137153625486
1789064072390954000,33.1989541015625,7.858218761444092,6.744316439056396,-2.6472388481140134
1789064072400991000,33.208990966796875,7.656956184387207,6.2116065696716305,-2.679410932922363
1789064072411028200,33.2190283203125,6.612186434936523,6.734889270019531,-3.10931976852417
1789064072421065200,33.22906518554687,6.592733546447754,6.412569871520995,-3.1651345947265623
1789064072431102000,33.23910205078125,6.549338641357421,6.663362495422363,-3.680486502075195
1789064072441139000,33.249138916015625,7.937676329040527,6.047454118347168,-3.397222518157959
1789064072451175000,33.2591748046875,7.048978600311279,6.38443800201416,-2.9225720390319823
1789064072461212200,33.269212158203125,7.877522012329101,6.1942486076354975,-2.3163901062011716
1789064072471249200,33.27924926757812,7.1315785575866695,6.140977620697021,-1.7323545387268064
1789064072481286100,33.2892861328125,6.899939546966553,6.695085667419433,-1.9601029716491698
1789064072491323000,33.299322998046875,7.8444521018981925,6.079326927947998,-2.639906605529785
1789064072501360000,33.309360107421874,7.672219219970703,6.520159308624267,-3.1235353408813475
1789064072511397000,33.31939721679687,6.780977651977539,6.469132885742187,-2.766200743103027
1789064072521434000,33.32943408203125,6.790255183410644,6.394463721466064,-2.207005017852783
1789064072531471000,33.33947119140625,6.581660363769531,6.389675318145752,-1.7708114028930664
1789064072541507800,33.3495078125,7.869890494537353,5.88659369430542,-1.4659996040344236
1789064072551545000,33.35954516601562,7.2815154365539545,5.888838258361816,-1.1981482933044434
1789064072561582000,33.36958203125,7.688230443572998,5.978022270202636,-1.1414356414794922
1789064072571618000,33.3796181640625,6.481103894042969,6.0710968597412105,-1.0856208152770996
1789064072581655000,33.389655029296875,5.845293715667724,6.575225946807861,-1.3199533027648924
1789064072591692000,33.399692138671874,6.809408796691894,5.955426992034912,-1.5387234794616698
1789064072601729300,33.40972924804687,7.448511002349853,6.255300749969482,-1.31516489944458
1789064072611766000,33.41976611328125,7.547421458435058,5.946299098205566,-0.0713771369934082
1789064072621803000,33.429802978515625,7.997082457733153,6.213701496124267,1.061080248260498
1789064072631840000,33.43984008789062,7.200561492919921,6.855497178649902,1.6166846710205076
1789064072641877200,33.44987719726562,7.7605054061889645,7.353940036773682,1.6383821235656737
1789064072651914200,33.45991430664063,8.563311150360107,7.123647764587402,1.4362217208862305
1789064072661951000,33.469950927734374,8.620173439788818,7.856722385406494,0.8361749298095703
1789064072671988000,33.47998803710937,8.664915083312987,7.535001537322998,0.8473977500915527
1789064072682024000,33.49002392578125,7.744344544982909,7.738059765625,0.6423942329406738
1789064072692061000,33.50006103515625,6.8511576881408685,7.656058358764648,0.37229835815429685
1789064072702098200,33.51009814453125,8.494328215026854,6.640318304443359,0.37499183502197264
1789064072712135200,33.52013525390625,8.521861534118651,5.749675286865234,0.6060322952270507
1789064072722172000,33.530171875,6.138134506225586,6.383540176391601,0.6091746849060058
1789064072732210000,33.5402099609375,5.767931074523926,5.8098296035766595,0.6931213806152343
1789064072742247000,33.55024682617187,5.391592501068115,5.523872142791748,0.4761468551635742
1789064072752284000,33.56028393554688,5.231929177856445,5.497685562133789,-0.12105682144165038
1789064072762320600,33.570320556640624,5.7894788894653315,5.542726480865478,-0.6986579719543456
1789064072772357600,33.58035766601562,6.152798991394042,5.5349453254699705,-1.1653776580810546
1789064072782395000,33.59039477539063,6.561908200073241,6.086509532928466,-1.6066589515686034
1789064072792430800,33.60043090820312,7.800458646392822,6.068702658081055,-1.5984288833618163
1789064072802467800,33.6104677734375,7.912686849212646,6.570138268280029,-1.438915197753906
1789064072812504800,33.6205048828125,8.081029153442381,7.0181532539367675,-1.2553098579406738
1789064072822541800,33.63054174804687,8.163030560302733,7.222408583068847,-0.9721955116271972
1789064072832578800,33.64057885742187,9.481936399841308,6.721122610473633,-1.0414777221679687
1789064072842615800,33.65061572265625,8.581866213226318,7.110928568267822,-1.6367361099243163
1789064072852652800,33.66065283203125,7.237970893859863,7.243956398010253,-2.092681888580322
1789064072862689800,33.67068969726562,7.495796485137939,6.7730468589782715,-2.531419342803955
1789064072872727000,33.68072705078125,8.132205213928222,6.046406655120849,-2.477699443054199
1789064072882763800,33.690763671875,6.973261972808838,6.170156953430175,-1.946635587310791
1789064072892800800,33.70080078125,6.993463049316406,5.857264723968505,-0.8659528129577636
1789064072902836700,33.710836669921875,6.855347541046142,5.575347478485107,-0.08888473663330078
1789064072912873700,33.72087377929687,6.458059703063965,5.940912144470214,0.201112939453125
1789064072922911000,33.73091088867187,5.773617303466796,6.105513508605957,0.38666356811523434
1789064072932948000,33.74094799804688,6.872855140686035,6.1453171112060545,0.25348610076904293
1789064072942984700,33.750984619140624,8.019977011108399,5.7980082328796385,0.2657563842773437
1789064072953021700,33.76102172851562,8.082675167083739,6.417657550048828,0.34446576385498046
1789064072963058700,33.77105859375,7.65501089553833,6.887968538665771,0.22266075439453123
1789064072973096000,33.78109594726563,9.08434928665161,6.925976490020751,0.07885901718139648
1789064072983133000,33.7911328125,8.313117076873779,7.255628131103515,0.30780455093383785
1789064072993169700,33.80116967773437,8.195501920318604,7.726388032531738,0.5696703575134276
1789064073003206700,33.81120654296875,9.081356534576415,6.910563816833496,0.9753379013061523
1789064073013244000,33.821243896484376,8.317606204986571,7.070825690460205,1.0070610733032226
1789064073023279900,33.83127978515625,8.140884194946288,6.657077716064452,0.7125742691040039
1789064073033316900,33.84131689453125,8.102726605987549,6.169259127807617,0.07152677459716797
1789064073043353900,33.85135375976562,7.069478952026366,6.1626750732421876,-0.628178660583496
1789064073053390800,33.86139086914063,7.172279985809325,5.782146646881103,-1.0550947441101073
1789064073063427800,33.871427734375,6.289268486022949,5.922955632019042,-1.1450269439697265
1789064073073464800,33.88146484375,6.1094040863037105,5.973982054901123,-0.8857049766540527
1789064073083501800,33.89150170898437,6.8028247421264645,5.626673176574707,-0.8467991996765136
1789064073093538800,33.90153881835938,5.2265422241210935,6.543502774810791,-1.232714579772949
1789064073103575800,33.911575927734376,5.54197829284668,6.647051996612548,-1.5875053382873534
1789064073113612800,33.92161279296875,7.293037532043456,6.1273605987548825,-2.085050370788574
1789064073123649800,33.93164990234375,7.895328887176513,6.264279006195068,-2.238877827453613
1789064073133685800,33.94168579101562,7.775618804168701,6.375010832977295,-1.9610007972717285
1789064073143722800,33.95172265625,7.933935388946533,6.396409010314941,-1.9668366638183592
1789064073153759700,33.961759765625,6.974309436035155,6.870909851837157,-2.1999720504760742
1789064073163797000,33.971796875,8.096441826629638,6.625953094482422,-2.39405202255249
1789064073173833700,33.98183374023437,7.6671315414428705,6.550685379791259,-2.3184850326538085
1789064073183870700,33.99187060546875,6.79953271484375,7.145794129943847,-1.8824410552978514
1789064073193907700,34.00190771484375,8.424746729278564,5.900659629058837,-0.9590274024963379
1789064073203945000,34.011945068359374,7.0658876495361325,6.297797829437256,-0.4970961196899414
1789064073213982000,34.02198193359375,5.959916120147705,6.70361501083374,-0.4513070129394531
1789064073224018700,34.032018798828126,6.299443843078613,6.23764351272583,-0.6973112335205077
1789064073234055700,34.0420556640625,6.469581798553467,6.223727215576171,-0.702847824859619
1789064073244091600,34.052091552734375,6.225822142028808,6.43501551208496,-0.18315642700195311
1789064073254128600,34.06212866210937,7.602188821411132,5.993734218597412,0.4674678741455078
1789064073264166000,34.07216577148437,6.5966241241455075,6.650493661499023,0.9157821350097656
1789064073274203000,34.08220288085938,7.3840171951293945,6.846369284820557,0.9501987838745116
1789064073284240000,34.092239990234376,8.103774069213866,6.913257293701172,1.1258733306884765
1789064073294276600,34.10227661132812,8.309226499176026,7.213579964447021,1.1534066497802733
1789064073304313900,34.11231396484375,7.496993585968017,7.650671405029296,1.1273697067260742
1789064073314350800,34.122350830078126,7.461679111480713,7.804498861694335,1.2586018852233887
1789064073324387800,34.132387939453125,8.117989641571045,7.2803183357238765,1.4710872825622558
1789064073334424800,34.1424248046875,8.275857313537598,7.19517453918457,1.3524246627807617
1789064073344461800,34.1524619140625,8.110657398986817,7.006032608032226,1.1266215187072752
1789064073354497800,34.16249780273437,7.819462622070312,6.750301943206787,0.9190741622924804
1789064073364534800,34.17253466796875,6.7927990226745605,6.687154874420165,0.8930372192382812
1789064073374571800,34.18257177734375,6.428581095123291,6.52479807434082,0.9317933586120605
1789064073384608800,34.19260888671875,6.781127289581298,6.027402679443359,0.7939771255493163
1789064073394646000,34.20264599609375,7.172579261016845,5.9014078170776365,0.6069301208496093
1789064073404682800,34.212682861328126,6.212504395294189,5.877615438079833,0.4879682258605957
1789064073414719700,34.2227197265625,5.12074843826294,6.589441519165039,0.09457096557617187
1789064073424756700,34.2327568359375,6.421997040557861,6.062417878723144,0.07945756759643555
1789064073434793700,34.24279370117188,7.139210075378418,6.199635561370849,-0.15607202072143553
1789064073444831000,34.2528310546875,8.021922299957275,6.178237384033203,-0.2885013000488281
1789064073454867700,34.26286767578125,7.7401546920776365,6.284330445098877,-0.11566986770629882
1789064073464904000,34.272904052734376,6.289717398834228,7.156568037414551,-0.2410661796569824
1789064073474940700,34.28294067382812,6.257096401214599,7.295581371307373,-0.29703064346313474
1789064073484977700,34.29297778320313,7.832331455993652,6.743867526245117,-0.4605845443725586
1789064073495015000,34.303014892578126,8.690054200744628,6.725162825775146,-1.3115735969543456
1789064073505052000,34.313052001953125,7.653514519500732,6.966827555847168,-1.5485995613098145
1789064073515089000,34.3230888671875,6.547542990112304,7.14444739151001,-1.5554828910827636
1789064073525125600,34.33312573242188,6.516568006134033,6.8381392166137696,-1.6059107635498047
1789064073535163000,34.343162841796875,7.393893276977539,6.739528035736083,-1.808071166229248
1789064073545199900,34.353199951171874,8.996212738037109,5.607818838500976,-1.6042647499084473
1789064073555236900,34.36323681640625,6.863876884460449,6.701071171569824,-1.7164929527282713
1789064073565273900,34.37327392578125,5.802796636199951,6.720374422454833,-1.331026485443115
1789064073575309800,34.38330981445313,5.511601859283447,6.87584789276123,-1.107617543029785
1789064073585346800,34.393346923828126,7.36157155456543,6.439205364990234,-1.4911387214660643
1789064073595383800,34.4033837890625,8.397213410186767,6.153098266601562,-1.3441945945739746
1789064073605420800,34.4134208984375,7.929745536041259,6.584653115844726,-1.1218331153869627
1789064073615457800,34.42345776367188,7.76948366241455,6.820481979370117,-0.8209118942260741
1789064073625494800,34.433494873046875,7.766939823150635,7.02892716140747,-0.4474164352416992
1789064073635531800,34.44353173828125,7.906551707458496,7.142951015472412,-0.14380173721313474
1789064073645568800,34.45356884765625,9.023596419525147,6.843675807952881,-0.2275987953186035
1789064073655605800,34.463605712890626,8.439860127258301,6.862230870819092,-0.043544542694091797
1789064073665642800,34.473642822265624,6.8113540855407715,7.343914317321777,-0.13257891693115234
1789064073675680000,34.48367993164062,7.467365340423584,6.809857709503174,-0.2561795776367187
1789064073685716000,34.493716064453125,7.880215489196777,6.375010832977295,-0.08080430603027343
1789064073695753000,34.5037529296875,7.446116800689697,6.32039310760498,0.32007483444213863
1789064073705789700,34.51378979492188,7.033117014312744,6.32009383239746,0.5455787033081054
1789064073715826700,34.52382666015625,7.400477331542969,5.933729539489746,0.8192658805847167
1789064073725863700,34.53386376953125,6.476315490722656,6.185120713806152,0.7902361854553223
1789064073735901000,34.54390087890625,6.476914041137695,6.210110193634033,0.7978677032470702
1789064073745938000,34.55393798828125,6.606799481201172,5.843498064422607,1.1701660614013671
1789064073755974700,34.563974609375,7.521234877777099,5.82913285446167,1.3814543579101561
1789064073766011600,34.57401171875,7.811382191467285,5.580584794616699,1.8007389236450195
1789064073776049000,34.584048828125,7.28450818862915,6.197241359710693,1.5077484954833984
1789064073786086000,34.5940859375,7.654113069915771,6.184372525787353,1.0537480056762694
1789064073796121900,34.60412182617188,7.764096708679198,6.412420233917236,0.6287772109985351
1789064073806158800,34.614158935546875,8.302193531799317,6.380248149108886,0.4917091659545898
1789064073816195800,34.62419580078125,8.50390502166748,6.327725350189208,0.4677671493530273
1789064073826232800,34.63423291015625,8.03838243637085,6.41586189880371,0.4590881683349609
1789064073836269800,34.644269775390626,7.02309129486084,6.813299374389648,0.07556698989868163
1789064073846306800,34.654306884765624,7.57869571762085,6.441150653839111,-0.2693476867675781
1789064073856343800,34.66434375,7.496993585968017,6.322338396453857,-0.4777928688049316
1789064073866381000,34.67438110351563,7.880814039611816,6.203226863861084,-0.201112939453125
1789064073876417800,34.684417724609375,8.001421948242188,5.672462283325195,0.4695628005981445
1789064073886454800,34.69445483398437,7.302315063476562,6.197241359710693,0.5511152946472168
1789064073896491800,34.70449169921875,6.688651250457763,6.071845047760009,0.39145197143554683
1789064073906527700,34.71452783203125,7.194127075958251,6.396109735107421,-0.20605098037719724
1789064073916564700,34.72456469726563,8.074445098876952,6.0048074012756345,-0.25528175201416015
1789064073926602000,34.73460205078125,8.234407697296142,6.190507667541503,0.03516483688354492
1789064073936638700,34.744638671875,6.97176559677124,6.86986238861084,0.3511994560241699
1789064073946675700,34.75467578125,9.59551134109497,6.606949118804931,0.1423053611755371
1789064073956712700,34.76471264648438,12.138602416992187,5.172672686767577,0.34281975021362304
1789064073966750000,34.77475,5.284302339172363,7.681646389007568,0.0234931037902832
1789064073976787000,34.78478686523437,2.5336639068603515,8.500164081573486,0.32576106338500976
1789064073986823700,34.79482373046875,7.656656909179687,5.906944408416748,0.7205050621032715
1789064073996860700,34.804860595703126,10.99357547302246,4.996848502349853,0.31663316955566406
1789064074006898000,34.81489794921875,10.09320601119995,5.549160897827148,0.2952349922180176
1789064074016934000,34.824933837890626,6.530484303283691,6.260687703704834,0.29927520751953124
1789064074026971000,34.834970947265624,2.9472622436523435,7.80195502243042,0.38367081604003905
1789064074037008000,34.8450078125,5.610063402557373,6.7037646484375,0.8195651557922363
1789064074047044900,34.855044921875,10.098592964935301,5.70762712020874,0.7442974411010742
1789064074057081600,34.86508154296875,9.517999062347412,6.0704983093261715,0.8958803337097168
1789064074067118800,34.87511889648437,6.563703851318359,7.178564765167236,1.362450382232666
1789064074077155800,34.88515576171875,5.085733238983154,7.869441581726074,1.4395137481689453
1789064074087192800,34.89519287109375,7.324311791229247,7.185148819732666,1.2752116592407226
1789064074097229800,34.905229736328124,9.475801258087158,6.392518432617187,1.0109516510009764
1789064074107266800,34.91526684570312,7.965060010528564,6.918494609832763,0.7969698776245117
1789064074117303800,34.9253037109375,4.618564640045165,7.689277906799316,1.0468646759033202
1789064074127339800,34.93533984375,5.773467665863037,7.053168453216553,1.1938088027954101
1789064074137376800,34.94537670898438,9.190442347717285,5.387402648162841,1.1017816764831543
1789064074147413800,34.955413818359375,7.955632841491699,5.868786819458007,0.6590040069580078
1789064074157451000,34.96545092773437,5.999869360351562,6.533327417755126,0.44981063690185547
1789064074167487700,34.97548779296875,5.8740241355895995,6.208613817596436,0.7160159339904785
1789064074177524700,34.985524658203126,6.562057837677002,6.357952146148682,0.838868406677246
1789064074187561700,34.995561767578124,8.112453050231933,5.799354971313476,1.078288572692871
1789064074197598700,35.0055986328125,6.498611493682861,6.644657794952392,0.8565256439208984
1789064074207636000,35.01563598632813,5.460276161193847,7.070825690460205,0.6245873580932617
1789064074217672700,35.025672607421875,6.25694676361084,6.826617121124267,0.4375403533935547
1789064074227709700,35.03570971679687,8.871714251708983,5.91831686630249,0.18405425262451172
1789064074237745700,35.04574560546875,8.21031604309082,6.3043818840026855,0.1792658493041992
1789064074247782700,35.05578271484375,7.649324666595459,6.357503233337402,0.19303250885009765
1789064074257820000,35.06581982421875,6.352864467620849,7.014861226654053,-0.16549918975830077
1789064074267857000,35.07585693359375,6.6711436508178705,6.9360022094726554,0.027234043884277342
1789064074277894000,35.085893798828124,8.14672006149292,6.290166311645508,0.38890813217163084
1789064074287930600,35.0959306640625,7.759457942962646,6.669048724365234,0.4186860153198242
1789064074297967900,35.1059677734375,6.636876639556885,7.038354330444336,0.6830956611633301
1789064074308004900,35.1160048828125,7.632265979766845,6.457610790252685,0.4100070343017578
1789064074318041900,35.12604174804687,7.4025722579956055,6.9354036590576165,-0.17178396911621094
1789064074328078800,35.13607885742187,8.5923408454895,6.189460204315186,-0.09681552963256836
1789064074338115800,35.14611572265625,8.169464977264404,6.645705258178711,-0.47884033203125
1789064074348151800,35.15615185546875,7.057507943725586,7.047631861877441,-0.4041711677551269
1789064074358188800,35.166188720703126,6.878691007232666,7.040299619293212,-0.1345242057800293
1789064074368225800,35.176225830078124,7.6759601600646965,6.95231270828247,-0.13078326568603516
1789064074378262800,35.1862626953125,7.350797647094726,7.193378887939453,-0.2518400871276855
1789064074388299800,35.1962998046875,7.920916917419433,6.744466076660156,-0.22819734573364256
1789064074398336800,35.206336669921875,7.251288640594482,7.127089429473877,-0.5618892021179199
1789064074408373800,35.21637377929687,8.04511612854004,6.380996337127685,-0.36706104202270506
1789064074418410800,35.22641064453125,7.152378184509277,6.220285550689697,-0.22520459365844725
1789064074428447700,35.23644775390625,5.825242276763916,6.764068602752685,-0.22221184158325194
1789064074438485000,35.246485107421876,6.105663146209716,6.0154316711425775,0.11716624374389648
1789064074448521700,35.25652172851562,6.598868688201904,5.795763668823242,-0.04803367080688476
1789064074458558000,35.266557861328124,6.319644919586182,6.122721833038329,-0.5404910247802734
1789064074468594700,35.2765947265625,6.78636460571289,5.771821652221679,-0.33414076919555663
1789064074478631700,35.286631591796876,6.4196028388977044,6.3043818840026855,-0.32441432495117184
1789064074488669000,35.2966689453125,6.232256558990478,6.484246283721923,-0.05985504150390625
1789064074498706000,35.30670581054687,7.561038480377197,6.44833325881958,-0.10429740982055663
1789064074508743000,35.31674291992187,8.922591036987304,6.376656846618652,-0.405368268585205
1789064074518779600,35.326779541015625,8.300547518157959,6.816142488861083,-0.3642179275512695
1789064074528816600,35.336816650390624,6.533626692962646,7.490110256195068,-0.2868552864074707
1789064074538854000,35.34685400390625,7.75062932434082,7.196521277618408,-0.48991351470947264
1789064074548891000,35.35689086914063,9.028983373260498,6.316352892303467,-0.5858312187194824
1789064074558928000,35.366927978515626,9.431358889770507,6.406434729766845,-0.9355342987060546
1789064074568963800,35.3769638671875,8.059630976104735,6.123619658660888,-0.3721487205505371
1789064074579000800,35.387000732421875,6.902034473419189,6.605003829956054,-0.4339490509033203
1789064074589037800,35.39703784179687,6.964134078979492,6.308272461700439,-0.18704700469970703
1789064074599074800,35.40707470703125,8.270619997406005,5.91218172454834,-0.19812018737792966
1789064074609111800,35.41711181640625,7.743147444152831,6.012438919067383,-0.13916297149658202
1789064074619148800,35.427148681640624,6.669497637176513,6.767510267639159,-0.060902504730224606
1789064074629185800,35.43718579101562,6.482300994873047,6.455066950988769,0.30840310134887694
1789064074639222800,35.44722290039063,7.192181787109375,6.534524518585204,-0.08304887008666992
1789064074649259800,35.457259765625,7.527669294738769,6.229263806915283,-0.007032967376708984
1789064074659296800,35.467296875,7.8652517288208,6.264279006195068,-0.27039514999389647
1789064074669332700,35.477332763671875,6.087407358551025,6.591536445617676,-0.12300211029052734
1789064074679370000,35.48736987304687,6.910414179229736,6.795642137145996,-0.1514332550048828
1789064074689407000,35.49740698242187,8.718784620666504,5.72618218307495,0.044891281127929686
1789064074699443700,35.507443603515625,7.956530667114257,6.597372312164306,0.07362170104980469
1789064074709480700,35.517480712890624,7.196521277618408,6.430676021575928,0.6233902572631835
1789064074719517700,35.527517578125,7.104494151306152,6.776189248657226,0.8466495620727539
1789064074729555000,35.53755493164063,7.519289588928222,6.247369956970214,1.3645453086853025
1789064074739591400,35.54759130859375,8.887725475311278,5.934627365112305,1.3524246627807617
1789064074749628400,35.55762841796875,8.137592167663573,6.121973645019531,1.2572551467895507
1789064074759665200,35.5676650390625,7.02907679901123,6.310816300964355,1.0078092613220215
1789064074769702400,35.577702392578125,5.648819541931152,6.844723271179199,0.7778162643432617
1789064074779738400,35.58773828125,6.33341157913208,6.69718059387207,0.7058405769348144
1789064074789775400,35.597775390625,8.772803795623778,5.920262155151367,0.8726865051269531
1789064074799812400,35.60781225585937,8.607903156280518,6.214150408935547,0.9917980377197265
1789064074809849300,35.61784936523438,5.943007070922851,7.139210075378418,1.251868193054199
1789064074819886300,35.62788623046875,5.033659352874755,7.4971432235717765,1.2735656455993651
1789064074829923300,35.63792333984375,7.412747615051269,6.469282523345947,1.5192705909729003
1789064074839960300,35.64796020507813,8.012195855712891,6.103119306945801,1.501613353729248
1789064074849997300,35.65799731445313,8.215254084014893,6.032340720367431,1.3112743217468261
1789064074860034600,35.66803466796875,7.1218521133422845,6.185120713806152,0.577152237701416
1789064074870071300,35.6780712890625,6.528539014434814,6.296750366210937,-0.03651157531738281
1789064074880108300,35.6881083984375,6.498012943267822,6.496067654418945,-0.42182840499877927
1789064074890144300,35.69814428710937,8.683470146179198,5.572205088806152,-0.11821370697021484
1789064074900181200,35.70818115234375,7.1972694656372065,6.475118389892578,-0.07242460021972656
1789064074910218200,35.71821826171875,7.630320690917968,6.5297361152648925,-0.0076315177917480465
1789064074920255500,35.72825537109375,7.763947071075439,6.605303105163574,-0.39115269622802734
1789064074930292500,35.73829248046875,7.387009947204589,7.0634934478759765,-0.8515876029968261
1789064074940329200,35.7483291015625,8.044517578125,7.090428216552734,-1.3587094421386718
1789064074950366200,35.7583662109375,8.549095578002929,6.729951229095459,-1.4755764106750486
1789064074960403500,35.76840356445312,7.709927896118163,7.1872437461853025,-1.6142904693603515
1789064074970440400,35.7784404296875,8.247426168823242,6.613682810974121,-1.3530232131958007
1789064074980477400,35.7884775390625,6.625953094482422,7.087285826873779,-1.29601128616333
1789064074990513400,35.79851342773438,7.198616204071045,6.880486658477783,-1.4806640892028808
1789064075000550100,35.808550048828124,7.374590026092529,6.72291826171875,-1.664269429016113
1789064075010587400,35.81858740234375,7.69316848449707,6.5026517089843745,-1.4685434432983397
1789064075020624400,35.82862426757813,6.928221054077148,6.744466076660156,-1.209820026397705
1789064075030661400,35.83866137695313,6.175992819976806,6.795492499542236,-0.7410054138183594
1789064075040698400,35.848698486328125,6.548740090942382,6.66500850906372,-0.5370493598937988
1789064075050735400,35.8587353515625,7.728632596588135,5.86699116821289,-0.7088333290100097
1789064075060772400,35.8687724609375,5.991788929748535,6.7030164604187,-1.2662334030151365
1789064075070809300,35.878809326171876,5.774664766693115,6.4929252647399895,-1.364246033477783
1789064075080846300,35.888846435546874,6.329072088623047,6.328623175811767,-1.324143155670166
1789064075090883300,35.89888330078125,7.286603115081786,5.753416226959228,-0.7465420051574707
1789064075100919300,35.90891918945312,6.893205854797363,6.092046124267577,-0.496048656463623
1789064075110956500,35.91895654296875,6.890213102722168,6.355109031677245,-0.7341220840454101
1789064075120993300,35.9289931640625,7.408557762145995,6.389376042938232,-0.8134300140380859
1789064075131030300,35.9390302734375,8.450634034729003,6.279841316986084,-0.7480383811950683
1789064075141067300,35.9490673828125,8.315062365722655,6.771101570129394,-0.9597755905151366
1789064075151104500,35.9591044921875,7.670423568725585,7.095366257476806,-1.0506056159973145
1789064075161141500,35.9691416015625,6.65902300491333,7.240963645935058,-1.3244424308776854
1789064075171178200,35.97917822265625,6.18676672744751,7.454945419311523,-1.7262193969726563
1789064075181215200,35.98921533203125,7.202506781768799,6.8405334182739255,-1.778742195892334
1789064075191252500,35.99925244140625,7.9958853569030754,6.177938108825683,-1.5963339569091797
1789064075201288400,36.00928833007813,7.3660606826782224,6.356306132507324,-1.3262380821228026
1789064075211325400,36.01932543945313,7.363816118621826,6.170007315826416,-0.8854057014465332
1789064075221362400,36.029362548828125,7.665784803009033,6.116885966491699,-0.8716390419006347
1789064075231399400,36.0393994140625,7.830386167144775,6.090100835418701,-0.8888473663330078
1789064075241436200,36.04943627929688,7.093720243835449,6.315455066680908,-1.0510545288085937
1789064075251473400,36.059473388671876,6.337601432037353,7.02234310684204,-1.3319243110656738
1789064075261510400,36.069510498046874,7.720701803588867,6.441150653839111,-1.2951134605407715
1789064075271547400,36.07954736328125,8.463203593444824,6.392967345428467,-1.0491092399597168
1789064075281584400,36.08958447265625,7.795819880676269,6.881683759307861,-0.6284779357910156
1789064075291621400,36.099621337890625,8.541015147399902,6.432770948028564,-0.23358429946899412
1789064075301658400,36.10965844726562,7.238419806671142,6.889464914703368,-0.12554594955444334
1789064075311694300,36.1196943359375,6.511031414794921,7.015759052276611,-0.25139117431640623
1789064075321731300,36.1297314453125,6.956502561187744,6.468833610534667,-0.6495768379211425
1789064075331768300,36.13976831054688,6.112097563171386,6.7106479782104484,-1.082777700805664
1789064075341805600,36.1498056640625,6.442647029876708,6.246921044158936,-1.2792518745422363
1789064075351842300,36.15984228515625,6.278344940948486,6.105064595794677,-1.4285902030944824
1789064075361879300,36.16987939453125,5.296572622680664,6.4272343566894525,-1.2976572998046874
1789064075371916300,36.179916259765626,6.217741711425781,6.0351838348388664,-1.0928034202575683
1789064075381953300,36.189953369140625,7.615057655334472,5.697601400756835,-0.8876502655029296
1789064075391990500,36.19999047851562,7.8523828948974606,5.728426747131348,-0.5093664031982421
1789064075402027300,36.21002734375,6.682965021514892,6.409427481842041,-0.2678513107299805
1789064075412064300,36.220064208984375,7.448211727142334,6.40314270248413,-0.2980781066894531
1789064075422100200,36.23010034179688,8.296058390045166,6.439953553009032,-0.7478887435913085
1789064075432137200,36.24013720703125,9.34082813949585,6.416759724426269,-1.166425121307373
1789064075442174500,36.250174560546874,8.654290813446044,6.70331573562622,-1.141585279083252
1789064075452211500,36.26021142578125,7.213879239654541,7.315632810211182,-1.1870751106262207
1789064075462248400,36.27024853515625,8.19684865875244,6.886322525024414,-1.146074407196045
1789064075472285200,36.28028515625,9.739612353515625,6.14845950088501,-1.1215338401794432
1789064075482322400,36.29032250976562,8.917652996063232,6.235249311065673,-0.637755467224121
1789064075492359400,36.300359375,6.73518854522705,6.589591156768798,-0.27263971405029297
1789064075502396400,36.310396484375,6.559065085601806,6.47975715560913,-0.18704700469970703
1789064075512433400,36.320433349609374,8.15300484085083,5.570409437561035,-0.41539398803710936
1789064075522469400,36.330469482421876,8.50435393447876,5.550357998657226,-0.7867945205688476
1789064075532506400,36.34050634765625,7.368155609130859,5.7888803390502925,-0.8626607856750488
1789064075542543400,36.35054345703125,6.2575453140258785,6.393865171051025,-0.7990648040771484
1789064075552580400,36.360580322265626,6.111349375152588,6.478859329986572,-0.5300163925170898
1789064075562617300,36.370617431640625,7.7030445663452145,6.510133589172363,-0.49455228042602534
1789064075572654300,36.380654296875,9.05935980682373,6.108955173492431,-0.47554830474853516
1789064075582691300,36.39069140625,7.748983310699463,7.204302433013916,-0.4465186096191406
1789064075592728300,36.400728271484375,7.225401335144043,7.169137596130371,-0.2041056915283203
1789064075602765300,36.410765380859374,8.089408859252929,6.975805812072753,-0.27832594299316404
1789064075612802300,36.42080224609375,8.476970252990721,6.470928536987304,-0.4674678741455078
1789064075622838300,36.43083837890625,7.719654340362548,6.643460694122314,-0.6437409713745117
1789064075632875500,36.44087548828125,7.352294023132324,6.025158115386962,-0.8129811012268066
1789064075642912500,36.45091259765625,6.604405279541015,6.147561675262451,-0.975487538909912
1789064075652949200,36.46094921875,6.08456424407959,5.836465097045898,-1.2397475471496582
1789064075662986200,36.470986328125,5.84215132598877,5.857863274383544,-1.045667575073242
1789064075673023500,36.4810234375,6.361393811035156,5.338321514129638,-0.4652233100891113
1789064075683060500,36.491060546875,6.5780690612792965,5.416282705688476,0.304512523651123
1789064075693097500,36.501097412109374,6.597821224975585,5.511003308868408,1.0333972915649414
1789064075703134200,36.51113427734375,7.199663667297363,5.656002146911621,1.3491326354980469
1789064075713171200,36.521171142578126,7.423072609710693,6.2307601829528805,1.1363479629516602
1789064075723208400,36.53120849609375,7.662043862915039,6.680421182250976,0.8490437637329101
1789064075733245000,36.54124487304688,7.775169891357422,7.216722354125976,0.6503250259399413
1789064075743282000,36.55128198242188,8.247875081634522,7.535001537322998,0.5853823059082031
1789064075753319000,36.56131884765625,9.020753305053711,7.567323259735107,0.6992565223693847
1789064075763355600,36.57135571289062,10.337115305328368,7.098807922363281,0.6989572471618652
1789064075773393000,36.58139282226563,7.3669585083007805,7.834276744842529,0.9554361000061035
1789064075783430000,36.591429931640626,4.4458828453063965,8.620921627807617,1.225232699584961
1789064075793467000,36.601466796875,8.257751163482666,6.471377449798584,1.1827356201171875
1789064075803503900,36.61150390625,8.435520636749267,5.875520511627197,0.7776666267395019
1789064075813540600,36.62154052734375,7.659350386047363,5.820753148651122,0.3939958106994629
1789064075823577900,36.631577880859375,6.154893917846679,5.637147808837891,-0.16430208892822265
1789064075833613800,36.64161376953125,5.8083332275390624,5.9299885993957515,-0.4795885200500488
1789064075843650800,36.65165087890625,5.773617303466796,5.534047499847412,-0.2539350135803223
1789064075853687800,36.66168774414062,6.780977651977539,5.88614478149414,-0.22565350646972654
1789064075863724800,36.67172485351563,7.014262676239014,5.866242980194092,0.25842414169311523
1789064075873761800,36.68176171875,6.759729112243652,6.787860981750488,0.6818985603332519
1789064075883798800,36.691798828125,7.964012547302246,6.714538555908203,0.5345055206298828
1789064075893835800,36.70183569335938,8.380304360961913,7.303961077117919,0.022445640563964843
1789064075903872800,36.711872802734376,8.092401611328125,7.560589567565917,-0.3757400230407715
1789064075913910000,36.721909912109375,7.564629782867431,8.024017226409912,-0.7852981445312499
1789064075923946800,36.73194677734375,8.70112738342285,7.184400631713867,-0.7203554244995117
1789064075933983000,36.74198291015625,8.723124111175537,6.868814925384521,-0.5954080253601074
1789064075944019700,36.75201977539062,7.596203317260742,6.855796453857422,-0.42601825790405273
1789064075954056700,36.762056640625,7.318775199890136,6.316801805114745,-0.19826982498168944
1789064075964094000,36.772093994140626,6.607098756408691,6.297947467041015,-0.3112462158203125
1789064075974131000,36.782130859375,6.157737032318115,6.414664797973632,-0.39100305862426754
1789064075984168000,36.79216796875,6.859836669158935,5.875520511627197,-0.3286041778564453
1789064075994204700,36.80220458984375,6.963535528564453,6.3132105026245116,-0.5078700271606446
1789064076004241700,36.81224169921875,7.238270169067382,6.119878718566894,-0.411802685546875
1789064076014279000,36.82227880859375,7.254281392669677,6.700771896362304,-0.7553706237792969
1789064076024316000,36.83231591796875,7.551611311340332,6.681019732666015,-0.984465795135498
1789064076034353000,36.842352783203125,6.757334910583496,7.33568424911499,-1.3268366325378418
1789064076044388900,36.85238891601563,7.5722613006591795,7.0558619300842285,-1.4944307487487791
1789064076054425600,36.862425537109374,8.282591005706786,6.668300536346435,-1.1272200691223144
1789064076064462800,36.872462890625,8.215104446411132,6.458059703063965,-0.9198223503112792
1789064076074499800,36.88249975585938,7.996483907318114,6.265326469421386,-0.8084919731140137
1789064076084536800,36.892536865234376,7.168539045715332,6.278045665740966,-1.2720692695617675
1789064076094573800,36.90257373046875,6.865971810913085,6.528838289642334,-1.700182453918457
1789064076104610800,36.91261083984375,7.64229169921875,5.698798501586913,-1.5273510215759276
1789064076114647800,36.92264770507813,7.031620638275146,6.063166066741943,-1.3013982398986816
1789064076124684800,36.932684814453125,6.593481734466552,6.32697716217041,-1.0257657737731933
1789064076134721800,36.9427216796875,7.081749235534668,5.755810428619385,-0.522235237121582
1789064076144757800,36.9527578125,6.289717398834228,6.331167015075684,-0.6350619903564453
1789064076154795000,36.962794921875,6.622212154388428,6.19918664855957,-0.8409633331298828
1789064076164832000,36.97283203125,7.959972332000732,5.833771620178222,-1.082777700805664
1789064076174868700,36.98286865234375,7.719055789947509,6.0422168022155756,-0.9154828598022461
1789064076184905700,36.99290576171875,7.744793457794189,6.179733760070801,-0.6172551155090331
1789064076194942700,37.00294262695313,6.930615255737305,6.643011781311035,-0.5110124168395995
1789064076204980000,37.01297998046875,7.664886977386474,6.684760672760009,-0.4703109886169433
1789064076215017000,37.023016845703125,7.908945909118652,6.560561461639404,-0.47016135101318357
1789064076225053700,37.0330537109375,8.333018878173828,6.841580881500244,-0.6648398735046386
1789064076235090700,37.04309057617188,8.071901259613037,6.545747338867187,-0.2920926025390625
1789064076245126700,37.05312670898437,7.067982575988769,7.1872437461853025,-0.4417302062988281
1789064076255164000,37.06316381835938,7.683442040252685,6.46703795928955,-0.3429693878173828
1789064076265201000,37.073200927734376,7.191283961486816,6.937199310302734,-0.6516717643737793
1789064076275238000,37.08323779296875,7.815123131561279,6.457610790252685,-0.6275801101684569
1789064076285274600,37.09327465820313,7.766640547943115,6.293308701324462,-0.5419874008178711
1789064076295312000,37.10331176757813,5.746981809997559,7.116764434814453,-0.66394204788208
1789064076305348900,37.113348876953125,6.440402465820312,6.789656632995605,-0.5852326683044433
1789064076315385900,37.1233857421875,8.888024750518799,5.424512773895263,-0.3151367935180664
1789064076325422800,37.1334228515625,6.00794979095459,6.666055972290039,-0.2798223190307617
1789064076335459600,37.14345947265625,6.175394269561767,6.27565146408081,-0.002992752075195312
1789064076345495800,37.15349584960938,6.008548341369629,6.1441200103759765,0.18345570220947263
1789064076355532800,37.16353271484375,7.511807708740234,5.825242276763916,-0.40985739669799803
1789064076365569800,37.17356982421875,7.531709510040283,5.670516994476318,-0.31169512863159177
1789064076375606800,37.18360668945313,6.966528280639648,6.147112762451171,-0.603338818359375
1789064076385643800,37.19364379882813,7.4503066535949705,6.223876853179931,-0.4043208053588867
1789064076395681000,37.203680908203125,8.642469442749023,5.699097776794433,-0.14484920043945312
1789064076405717800,37.2137177734375,8.560916948699951,6.298994930267334,-0.6067804832458495
1789064076415754800,37.22375463867188,8.194454457092284,6.4190042884826655,-0.8792705596923828
1789064076425791700,37.233791748046876,7.1121256690979,6.92672467803955,-0.9944915145874023
1789064076435829000,37.2438291015625,7.612513816070556,6.8411319686889644,-1.2651859397888183
1789064076445866000,37.25386596679687,6.790404821014404,6.90173519821167,-0.9334393722534179
1789064076455902000,37.26390185546875,7.373392925262451,7.00363840637207,-0.956333925628662
1789064076465938700,37.27393872070313,8.541314422607421,6.309619200134277,-0.6172551155090331
1789064076475975700,37.2839755859375,7.745990558624267,6.958298212432861,-0.3081038261413574
1789064076486012700,37.2940126953125,6.870161663818359,6.827664584350585,-0.05297171173095703
1789064076496050000,37.3040498046875,5.727229646301269,7.81422530593872,-0.6096235977172851
1789064076506087000,37.3140869140625,7.587823611450195,7.037456504821777,-0.9500491462707519
1789064076516123600,37.32412353515625,8.608800981903075,6.986729357147216,-1.0332476539611817
1789064076526160600,37.33416064453125,8.610446995544432,7.01620796508789,-0.5790975265502929
1789064076536198000,37.34419799804687,6.746411365509033,7.45704034576416,0.039354689788818356
1789064076546235000,37.35423486328125,6.215048234558105,7.608323963165283,0.37274727096557614
1789064076556270800,37.36427075195313,6.808959883880615,7.172579261016845,0.4282628219604492
1789064076566307800,37.37430786132813,8.104372619628906,6.400598863220215,0.2127846725463867
1789064076576344800,37.3843447265625,7.296329559326171,6.414365522766113,0.09606734161376952
1789064076586381800,37.3943818359375,6.665756697082519,6.345382587432861,0.1452981132507324
1789064076596418800,37.40441870117188,5.965901624298096,6.226271054840088,0.35149873123168945
1789064076606455800,37.414455810546876,6.474220564270019,5.971138940429687,0.5455787033081054
1789064076616492800,37.424492919921875,6.6319385986328125,6.0513446960449215,0.5487210929870605
1789064076626530000,37.43453002929687,7.6005428077697745,6.010194355010986,0.43724107818603514
1789064076636566800,37.44456689453125,7.405116097259521,6.356306132507324,0.4879682258605957
1789064076646603800,37.454603759765625,7.266252400970458,6.741323686981201,0.2693476867675781
1789064076656639700,37.4646396484375,6.58854369354248,7.4320508659362785,0.1785176612854004
1789064076666676700,37.4746767578125,8.69544115447998,6.640467942047119,0.5571007987976074
1789064076676713700,37.48471362304687,8.238148637390136,7.024438033294677,1.0532990928649901
1789064076686751000,37.4947509765625,8.091503785705566,7.0287775238037105,1.6157868453979491
1789064076696787700,37.50478759765625,7.6101196144104,7.026233684539794,1.9499276145935058
1789064076706824700,37.51482470703125,7.473799757385254,7.104344513702392,1.6060604011535644
1789064076716861700,37.52486181640625,8.232612046051026,6.391470969390869,1.5421651443481443
1789064076726899000,37.53489892578125,6.438606814575195,6.72291826171875,1.5568296295166015
1789064076736936200,37.54493627929688,5.692663359832763,7.026532959747314,1.3958195678710936
1789064076746973200,37.55497314453125,7.635109094238281,5.797260044860839,1.590947003173828
1789064076757009200,37.565009033203125,5.971138940429687,6.455964776611328,1.5141829124450683
1789064076767046100,37.575046142578124,5.773318028259277,6.723516812133789,1.27042325592041
1789064076777083100,37.58508325195312,7.613860554504394,5.832424881744385,1.3881880500793455
1789064076787120000,37.5951201171875,6.980594215393066,6.236895324707031,1.4867992309570313
1789064076797157400,37.605157470703126,5.86055675125122,6.840982331085205,1.4311340423583983
1789064076807194000,37.61519409179687,8.138340355682372,6.076334175872803,1.2741641960144041
1789064076817231000,37.62523120117187,7.282862174987793,6.67159256362915,0.8378209434509277
1789064076827268000,37.63526806640625,8.309675411987305,6.552032118225097,0.14380173721313474
1789064076837305300,37.645305419921876,6.6394204788208,7.241711833953857,-0.003441664886474609
1789064076847342300,37.65534228515625,7.672368857574463,7.052569902801514,-0.021098902130126954
1789064076857379000,37.66537915039063,7.179163315582275,7.067683300781249,0.41105449752807616
1789064076867415300,37.67541528320312,8.089708134460448,6.977152550506592,0.33264439315795896
1789064076877452000,37.6854521484375,7.874229985046386,6.619369039916992,0.23313538665771483
1789064076887489000,37.695489013671875,7.4031708084106445,7.051223164367675,-0.2615665313720703
1789064076897526300,37.7055263671875,6.430825659179687,6.938695686340331,-0.3899555953979492
1789064076907563300,37.71556323242187,6.935553296661377,6.6154784622192375,-0.11566986770629882
1789064076917600300,37.72560034179688,7.433547241973876,6.166715288543701,-0.07781155395507812
1789064076927637000,37.735636962890624,7.908347358703613,6.1824272369384765,-0.033518823242187495
1789064076937674200,37.74567431640625,6.917596784210205,6.054636723327636,0.2171241630554199
1789064076947711200,37.75571118164063,7.130082181549072,6.468683972930908,-0.2597708801269531
1789064076957747200,37.76574731445312,6.000767185974121,6.788758807373046,-0.35359365768432616
1789064076967784200,37.7757841796875,8.12786572341919,6.461950280761719,-0.6208464179992675
1789064076977821200,37.7858212890625,8.292018174743651,6.561758562469482,-0.3003226707458496
1789064076987858200,37.79585815429687,8.036137872314452,6.964433354187011,0.0056862289428710935
1789064076997895200,37.80589526367187,7.050474976348877,7.4226236968994135,-0.08753799819946288
1789064077007932200,37.81593212890625,7.5204866897583,7.38641139678955,-0.4004302276611328
1789064077017969200,37.82596923828125,6.875548617553711,7.453149768066406,-1.2918214332580567
1789064077028006100,37.83600610351562,8.345289161682128,6.956203285980224,-1.9764134704589842
1789064077038043100,37.84604321289063,7.121702475738525,6.739528035736083,-2.080561242675781
1789064077048080100,37.856080078125,8.176946857452393,6.276549289703369,-1.8936638755798338
1789064077058117000,37.8661171875,7.727734770965576,5.419724370574951,-1.5131354492187499
1789064077068153000,37.876153076171875,6.103119306945801,6.347627151489258,-1.8109142807006835
1789064077078190000,37.88619018554687,5.943007070922851,5.95632481765747,-1.9955670837402342
1789064077088227300,37.89622729492187,7.638850034332275,5.244049823760986,-1.665017617034912
1789064077098264300,37.90626440429688,5.25407554321289,6.21190584487915,-1.3233949676513672
1789064077108301000,37.916301025390624,5.577891317749023,6.30123949432373,-0.6479308242797851
1789064077118338000,37.92633813476562,7.15641839981079,5.4524950057983395,-0.41689036407470703
1789064077128375300,37.93637524414063,8.351573941040039,5.8077346771240235,-1.0372878692626952
1789064077138412300,37.946412353515626,7.980622321319579,5.965303073883057,-1.903839232635498
1789064077148449300,37.95644921875,8.75260271911621,6.187215640258788,-2.9008745864868164
1789064077158486000,37.96648608398438,8.398260873413085,6.2204351882934565,-3.006518734741211
1789064077168522200,37.97652221679687,5.36899722290039,7.512855171966552,-2.2468086204528808
1789064077178559200,37.98655932617187,6.019920799255371,7.250390814971923,-0.8830114997863769
1789064077188596200,37.99659619140625,10.510096375274658,5.617096369934082,-0.4330512252807617
1789064077198633200,38.00663330078125,9.635464581298828,6.158185945129394,-0.8984241729736328
1789064077208670200,38.01667016601562,7.25248574142456,6.988973921203613,-1.2593500732421874
1789064077218707200,38.02670727539063,6.8961986068725585,6.592733546447754,-1.416619194793701
1789064077228744200,38.036744140625,7.493851196289062,6.490231787872314,-1.248875440979004
1789064077238781200,38.04678125,7.43130267791748,6.140678345489501,-0.624437720489502
1789064077248818200,38.05681811523438,7.574206589508056,6.36513475112915,-0.5813420906066894
1789064077258855200,38.06685522460938,7.004985144805908,6.508038662719726,-0.06404489440917968
1789064077268891100,38.07689111328125,7.8615107887268065,6.33969635848999,0.39324762268066404
1789064077278928400,38.08692846679688,8.756194021606445,6.171204416656494,0.7143699203491211
1789064077288965000,38.096965087890624,9.494505958557129,5.9570730056762695,1.304241354370117
1789064077299002000,38.10700219726562,7.9840639862060545,6.176591370391845,1.8130092071533201
1789064077309039000,38.1170390625,6.528090101623535,6.812700823974609,2.1416133850097654
1789064077319076400,38.127076416015626,5.849333930969238,6.562057837677002,2.6874913635253903
1789064077329113300,38.13711328125,7.325658529663086,6.1170356040954585,2.8381764305114743
1789064077339150000,38.14715014648438,7.87183578338623,5.851877770233154,3.0576947952270506
1789064077349187000,38.15718701171875,7.495946122741699,5.887042607116699,3.493439497375488
1789064077359224000,38.16722412109375,5.5285109085083,6.4555158638000485,3.554192364501953
1789064077369260000,38.177260009765625,6.058078388214111,6.550984654998779,3.079990798187256
1789064077379297300,38.18729736328125,6.729951229095459,6.227617793273925,2.493561029052734
1789064077389334300,38.19733422851562,6.762272951507568,6.902333748626709,1.197100830078125
1789064077399371300,38.20737133789063,7.2523361038208005,6.941389163208007,0.6070797584533691
1789064077409408000,38.217407958984374,7.518691038513183,7.051672077178955,0.6935702934265137
1789064077419445200,38.2274453125,6.739976948547363,7.518691038513183,1.179293955230713
1789064077429482200,38.23748217773438,7.12529377822876,7.352294023132324,1.1068693550109863
1789064077439519200,38.24751928710938,9.080159433746337,6.994660150146484,0.6096235977172851
1789064077449556200,38.25755615234375,8.167818963623047,6.94572865371704,0.222810391998291
1789064077459593200,38.26759326171875,7.572859851074218,7.303212889099121,-0.0282815071105957
1789064077469629200,38.277629150390624,6.350769541168212,7.132326745605468,-0.0962169792175293
1789064077479666200,38.28766625976562,6.716932757568359,7.08638800125122,-0.5162497329711914
1789064077489703200,38.297703125,7.6231380859375,6.1833250625610345,-1.1373954261779784
1789064077499740200,38.307740234375,7.7581112045288085,6.423792691802978,-1.7733552421569823
1789064077509777400,38.31777734375,6.42274522857666,6.48649084777832,-1.6671125434875487
1789064077519814100,38.32781420898438,7.336432437133789,6.28178660583496,-0.9989806427001953
1789064077529851100,38.33785107421875,7.802852848052978,5.842749876403809,-0.615459464263916
1789064077539888000,38.34788818359375,6.087856271362305,7.045088022613525,-0.011821370697021483
1789064077549925000,38.35792504882812,6.910713454437255,6.2584431396484375,0.24331074371337888
1789064077559962400,38.36796240234375,6.864625072479248,7.046285123443603,-0.02902969512939453
1789064077569998300,38.37799829101562,6.9621887901306145,6.777236711883544,-0.1444002876281738
1789064077580035300,38.38803540039063,7.881412590026855,6.654234601593017,-0.3598784370422363
1789064077590072000,38.398072021484374,7.39957950592041,6.653636051177978,-0.6165069274902344
1789064077600109000,38.40810913085937,7.155520574188232,6.7082537765502925,-0.02528875503540039
1789064077610146300,38.41814624023438,7.555950801849365,5.912929912567138,0.28476035995483395
1789064077620183300,38.42818334960938,5.660940187835693,6.860285581970214,0.0020949264526367185
1789064077630220300,38.43822021484375,4.715978720092773,6.940940250396728,-0.011073182678222656
1789064077640257000,38.44825708007812,7.458985634613037,6.111199737548827,-0.6801029090881348
1789064077650294300,38.45829418945313,9.042001844787597,5.542876118469238,-1.1305120964050293
1789064077660331300,38.468331298828126,7.146991230773925,6.357952146148682,-1.3557166900634765
1789064077670367200,38.4783671875,5.985204875183105,6.861781958007812,-1.4235025245666504
1789064077680404200,38.488404296875,7.197718378448486,6.500107869720458,-1.6103998916625977
1789064077690441200,38.49844116210937,8.73344910583496,6.337002881622314,-2.2954408416748047
1789064077700478000,38.50847802734375,8.508992700195313,6.442647029876708,-2.8746880058288573
1789064077710515200,38.51851513671875,6.297348916625976,7.480982362365722,-3.494786235809326
1789064077720552200,38.52855224609375,7.601889546203613,6.782324390411376,-3.4112884529113767
1789064077730589200,38.53858911132812,7.594706941223144,6.386233653259277,-2.8666075752258298
1789064077740625400,38.54862548828125,7.209390111541747,6.473173101043701,-2.4883237129211424
1789064077750662400,38.55866235351562,6.704512836456298,6.398503936767578,-2.3075614875793455
1789064077760699400,38.56869946289063,6.922834100341796,5.978770458221435,-2.3523031311035156
1789064077770735400,38.5787353515625,5.818209309387207,6.356306132507324,-2.3740005836486815
1789064077780772400,38.5887724609375,5.8479871925354,6.1547442802429195,-2.2099977699279783
1789064077790809300,38.598809326171875,7.388506323242187,5.4710500686645505,-1.7353472908020018
1789064077800846300,38.60884643554687,8.409782968902588,5.229684613800049,-1.604414387512207
1789064077810883300,38.61888330078125,7.512855171966552,6.019771161651611,-1.6865654319763184
1789064077820920600,38.62892065429688,7.705139492797851,6.060771865081787,-1.85790048828125
1789064077830957300,38.638957275390624,7.1689879585266105,6.448931809234619,-1.3217489540100096
1789064077840994300,38.64899438476562,7.09312169342041,7.3484034454345695,-1.5946879432678223
1789064077851031300,38.65903125,9.343970529174804,6.391770244598388,-0.8457517364501953
1789064077861068300,38.669068359375,9.092579354858398,6.9588967628479,-0.8319850769042968
1789064077871104300,38.679104248046876,8.760084599304198,6.884377236175537,-1.027262149810791
1789064077881141500,38.6891416015625,6.208464179992675,8.161833459472655,-1.7826327735900878
1789064077891178500,38.69917846679687,8.942043925476074,6.780678376770019,-2.133233679199219
1789064077901215200,38.70921533203125,9.130886581420897,6.517615469360351,-2.3237223487854
1789064077911252200,38.719252197265625,7.413795078277587,6.955155822753905,-1.7485153999328613
1789064077921289500,38.72928955078125,5.635651432800293,7.239317632293701,-1.1884218490600584
1789064077931326500,38.73932641601562,7.213131051635742,6.2481181449890135,-0.3516483688354492
1789064077941363500,38.74936352539063,7.790432926940918,5.867290443420409,-0.1592144104003906
1789064077951400200,38.759400146484374,7.767688011169433,5.785438674163818,0.10983400115966796
1789064077961437400,38.7694375,5.653907220458984,6.218938812255859,0.12060790863037109
1789064077971473400,38.779473388671875,7.580042456054687,5.788730701446533,-0.4837783729553222
1789064077981510400,38.78951049804687,8.188319315338134,5.398924743652343,-0.3516483688354492
1789064077991547400,38.79954736328125,8.847921872711181,5.763441946411133,-0.37334582138061523
1789064078001584400,38.80958447265625,6.5695397178649895,6.236446411895751,-0.08828618621826172
1789064078011621000,38.81962109375,4.760570726013183,7.4308537651062005,0.06973112335205078
1789064078021658400,38.82965844726562,7.453897956085204,6.234950035858154,0.38247371520996093
1789064078031695400,38.8396953125,8.765172277832031,5.715857188415527,0.5373486351013184
1789064078041732400,38.849732421875,7.970147689056396,5.884199492645263,1.1140519599914551
1789064078051769300,38.85976928710937,8.144475497436522,5.623530786895752,1.2176011817932129
1789064078061806300,38.86980639648438,7.45733962097168,5.543773944091797,1.7565958305358886
1789064078071842600,38.87984252929687,6.081721129608154,6.093243225097656,1.4387655601501463
1789064078081879300,38.88987939453125,6.681319007873535,6.13544102935791,1.0012252067565917
1789064078091916300,38.899916259765625,7.120056462097168,5.848136830139159,1.0805331367492674
1789064078101953300,38.909953369140624,6.391770244598388,6.373813732147217,1.8300678939819335
1789064078111990500,38.91999047851562,6.757334910583496,6.412719509124756,2.407519406890869
1789064078122027500,38.93002758789063,8.718784620666504,5.934477727508544,2.7398645248413085
1789064078132064300,38.940064208984374,7.889044107818603,6.533327417755126,2.155828957366943
1789064078142101200,38.95010131835937,7.245452774047851,7.3174284614562985,1.3895347885131835
1789064078152138500,38.96013842773438,6.74177259979248,7.3946414649963375,1.1815385192871093
1789064078162174500,38.97017456054687,8.572439044189453,7.282562899780273,1.082029512786865
1789064078172211500,38.98021142578125,8.684367971801757,6.966977193450927,1.5893009895324706
1789064078182248400,38.99024853515625,7.484124752044678,7.48876351776123,1.6651672546386718
1789064078192285200,39.00028515625,6.785915692901611,7.545625807189941,1.6329951698303222
1789064078202322200,39.010322265625,8.556577458190917,6.547692627716064,0.9983820922851562
1789064078212359400,39.020359375,6.604554917144775,6.897246070098877,0.5029319862365722
1789064078222396400,39.030396484375,6.949768869018555,6.62101505355835,0.05521627578735351
1789064078232433400,39.04043334960937,7.913435037231445,5.333533110809326,0.25782559127807614
1789064078242470100,39.05047021484375,5.250484240722656,6.645106707763672,-0.03681085052490234
1789064078252507400,39.06050732421875,6.994360874938964,5.632359405517578,-0.22939444656372068
1789064078262543400,39.07054345703125,6.104466045379638,6.18676672744751,-0.4704606262207031
1789064078272580400,39.080580322265625,7.068730764007568,6.265027194213867,-0.7158662963867187
1789064078282617300,39.090617431640624,7.43788673248291,6.189759479522705,-0.4565443290710449
1789064078292654300,39.100654296875,7.372046186828613,6.8776435440063475,-0.48766895065307614
1789064078302691600,39.11069165039063,6.868366012573242,7.218368367767334,-0.2516904495239258
1789064078312728300,39.120728271484374,9.566182370758057,6.7030164604187,-0.45549686584472654
1789064078322765300,39.13076538085937,7.575702965545654,7.3475056198120114,-0.5979518646240234
1789064078332802300,39.14080224609375,6.265775382232666,8.167519688415528,-0.6203975051879882
1789064078342839300,39.15083935546875,5.93747047958374,7.424120072937011,-0.005985504150390624
1789064078352876500,39.16087646484375,6.976404362487792,7.344662505340576,-0.06868366012573242
1789064078362912500,39.17091259765625,8.603114752960204,6.1267620483398435,-0.0857423469543457
1789064078372949200,39.18094921875,7.791031477355957,6.106112059020996,-0.5042787246704101
1789064078382986200,39.190986328125,5.176862539672851,6.837989579010009,-0.6777087074279785
1789064078393023200,39.201023193359376,4.670339250946045,6.878092456817627,-0.9259574920654297
1789064078403060500,39.211060546875,7.6288243148803705,5.894524487304687,-1.3325228614807128
1789064078413097500,39.22109741210937,6.732495068359374,6.500407144927978,-1.5837643981933593
1789064078423134200,39.23113427734375,5.878363626098633,6.911012729644775,-1.4003086959838866
1789064078433171200,39.241171142578125,6.239139888763427,7.038952880859375,-1.260846449279785
1789064078443208400,39.25120849609375,8.437316287994385,6.44818362121582,-0.946158568572998
1789064078453245400,39.26124536132812,8.952069644927978,6.301089856719971,-0.8800187477111816
1789064078463281400,39.271281494140624,9.515604860687255,6.599018325805663,-1.2774562232971192
1789064078473318400,39.281318359375,7.943961108398437,6.876745718383789,-1.3492822731018066
1789064078483355400,39.29135546875,7.656956184387207,6.976554000091553,-1.333719962310791
1789064078493392400,39.301392333984374,5.144391179656982,7.388805598449706,-1.031751277923584
1789064078503429400,39.31142944335937,5.728875659942626,7.296628834533691,-1.4823101028442383
1789064078513466400,39.32146630859375,8.505999948120117,6.034435646820068,-2.087145297241211
1789064078523503400,39.33150341796875,9.005190994262694,5.698648863983154,-1.7880197273254395
1789064078533540400,39.34154028320312,6.250512346649169,6.28822102279663,-1.1605892547607422
1789064078543577300,39.35157739257812,6.918943522644042,6.211307294464111,-0.6192004043579101
1789064078553614300,39.3616142578125,8.032546569824218,5.317222611999512,-0.02633621826171875
1789064078563650300,39.371650390625,8.188618590545653,5.974131692504883,-0.7436988906860351
1789064078573687300,39.381687255859376,7.473949394989013,5.909039334869385,-0.9624690673828125
1789064078583724300,39.391724365234374,6.3150061538696285,6.721870798492431,-1.173458088684082
1789064078593761500,39.40176147460937,6.526294450378417,6.598569412994385,-1.1061211669921875
1789064078603798300,39.41179833984375,8.05035344467163,6.114042852020264,-0.8078934226989746
1789064078613835300,39.421835205078125,8.352022853851318,6.119280168151855,-0.49634793167114255
1789064078623872300,39.43187231445312,7.540538128662109,6.453121662139893,-0.2581248664855957
1789064078633909500,39.44190942382812,6.53108285369873,6.87599753036499,0.07122749938964844
1789064078643946500,39.45194653320313,7.893233960723877,6.24347937927246,0.14245499877929688
1789064078653982500,39.461982421875,7.634510543823242,6.303484058380127,0.050727147674560547
1789064078664019500,39.47201953125,6.223427940368652,6.5318310417175285,0.3983353012084961
1789064078674056200,39.48205615234375,7.065139461517334,6.2867246467590325,0.7179612228393554
1789064078684093200,39.49209326171875,8.536376381683349,5.378125116729736,1.381005445098877
1789064078694130400,39.50213037109375,8.205976552581786,5.695955387115478,1.7302596122741698
1789064078704167400,39.51216748046875,7.628076126861572,5.856067623138427,1.6874632575988768
1789064078714204400,39.52220434570312,6.59497811050415,6.406135454559326,1.5515923133850096
1789064078724241200,39.5322412109375,6.797437788391113,6.4266358062744136,1.3760674041748047
1789064078734278400,39.5422783203125,8.965686666870116,5.947196923828125,1.628655679321289
1789064078744315400,39.5523154296875,8.290970711517334,6.296301453399658,1.8812439544677733
1789064078754351400,39.562351318359376,8.361150747680664,6.981492041015625,1.877652651977539
1789064078764388400,39.572388427734374,9.344868354797363,6.268019946289062,1.8860323577880858
1789064078774425600,39.58242553710937,6.3898249557495115,7.656956184387207,1.4787188003540037
1789064078784462300,39.59246240234375,4.5510780807495115,8.225728716278075,1.6285060417175292
1789064078794499300,39.602499267578125,7.676409072875976,6.511330690002441,2.094926452636719
1789064078804536300,39.61253637695312,7.799560820770263,6.37171880569458,2.5561095474243163
1789064078814573600,39.62257348632812,9.070432989501953,5.895123037719726,2.6104279975891114
1789064078824610600,39.63261059570313,7.894879974365234,5.710170959472656,2.790741310119629
1789064078834647300,39.642647216796874,5.30495232849121,6.817938140106201,1.8210896377563475
1789064078844684300,39.65268432617187,7.108384729003906,6.280439867401123,1.2847884658813475
1789064078854720300,39.66272021484375,7.462876212310791,6.16072978439331,0.8385691314697266
1789064078864757500,39.67275756835937,7.902361854553222,6.762572226715087,0.9147346717834473
1789064078874794500,39.68279443359375,9.17368293609619,6.069301208496094,1.5771803436279297
1789064078884831500,39.69283154296875,8.505251760101318,6.795492499542236,1.5583260055541992
1789064078894868500,39.70286840820312,6.347327876281738,7.6367551078796385,1.4354735328674315
1789064078904905200,39.7129052734375,8.805125518035888,6.7471595535278315,1.0390835205078124
1789064078914942500,39.7229423828125,8.387935878753662,6.729801591491698,0.5358522590637207
1789064078924979500,39.7329794921875,8.54789847717285,6.842478707122802,0.28805238723754883
1789064078935016400,39.74301635742187,7.208941198730468,6.477362953948974,0.5386953735351562
1789064078945052400,39.753052490234374,6.547692627716064,6.860285581970214,0.30406361083984373
1789064078955089400,39.76308935546875,7.376385677337646,5.842749876403809,0.42452188186645506
1789064078965126400,39.77312646484375,7.65501089553833,5.93073678741455,0.08259995727539061
1789064078975163400,39.783163330078125,6.148609138488769,5.9132291877746574,-0.07721300354003906
1789064078985200400,39.79320043945312,6.930914530944824,5.803993737030029,-0.22071546554565427
1789064078995237400,39.8032373046875,7.536198638153076,5.50965657043457,-0.371550170135498
1789064079005274600,39.81327465820313,7.6190978706359855,5.797708957672119,-0.25902269210815426
1789064079015311400,39.823311279296874,6.504447360229491,6.02036971206665,-0.025438392639160156
1789064079025348400,39.83334838867187,5.880757827758789,7.10614016494751,-0.21338322296142576
1789064079035385300,39.84338525390625,5.92475128326416,6.676380966949463,0.24555530776977538
1789064079045421300,39.85342138671875,7.00363840637207,6.87614716796875,-0.17328034515380858
1789064079055458600,39.86345849609375,8.441506140899659,6.391171694183349,-0.05581482620239257
1789064079065495600,39.87349560546875,7.909394821929931,6.482300994873047,-0.29388825378417965
1789064079075532500,39.88353247070312,7.838915510559081,6.666654522705078,-0.31393969268798827
1789064079085569300,39.8935693359375,6.798335614013672,6.715735656738281,-0.4724059150695801
1789064079095606300,39.903606201171876,8.134898690795898,6.5224038726806635,-1.252017830657959
1789064079105643500,39.9136435546875,7.687931168365478,6.592134996032715,-1.6662147178649902
1789064079115680500,39.92368041992187,7.660846762084961,6.404190165710449,-1.6231190879821777
1789064079125717500,39.93371752929688,4.891802904510498,7.15028325805664,-1.1674725845336913
1789064079135753500,39.94375341796875,6.095188513946533,6.921786637115478,-0.7242460021972655
1789064079145790500,39.95379052734375,8.681973770141601,5.387701923370361,-0.08768763580322265
1789064079155827500,39.963827392578125,8.000823397827148,6.104466045379638,-0.3368342460632324
1789064079165864400,39.97386450195312,6.228216343688964,6.3524155548095695,-0.5029319862365722
1789064079175901400,39.9839013671875,5.486013829040527,6.851456963348388,-0.610371785736084
1789064079185938400,39.9939384765625,7.001393842315673,6.098031628417968,-0.3416226493835449
1789064079195975400,40.003975341796874,7.596652230072021,6.385036552429199,-0.03232172241210937
1789064079206012400,40.01401245117187,7.211784313201904,6.581361088562011,0.46028526916503903
1789064079216049400,40.02404931640625,6.9247793891906735,7.255029580688476,0.4236240562438965
1789064079226086400,40.03408642578125,7.856123834991455,7.047631861877441,0.44113165588378905
1789064079236122400,40.044122314453126,8.053046921539305,7.5990464317321775,0.13856442108154296
1789064079246159600,40.05415966796875,8.369231178283691,7.227645899200439,0.4560954162597656
1789064079256196600,40.06419653320312,6.63328533706665,8.036437147521973,0.37394437179565426
1789064079266233300,40.0742333984375,7.5996449821472165,7.503428002929687,0.5153519073486328
1789064079276270300,40.084270263671876,7.922712568664551,6.946327204132079,0.5416881256103515
1789064079286307300,40.094307373046874,7.91672706451416,7.087734739685058,0.0626981559753418
1789064079296344600,40.10434448242187,7.4417773101806635,6.750451580810546,-0.09427169036865234
1789064079306381600,40.11438159179688,7.888445557403564,6.351218453979492,-0.10549451065063475
1789064079316418300,40.124418212890625,5.866242980194092,6.92732322845459,-0.11477204208374023
1789064079326454500,40.13445458984375,7.1860466453552245,6.376806484222412,0.0987608184814453
1789064079336491300,40.1444912109375,6.191555130767822,6.241234815216064,0.4444236831665039
1789064079346528500,40.15452856445312,5.675006122589111,6.888118176269531,0.17357962036132812
1789064079356565500,40.1645654296875,6.849212399291992,6.178536659240723,0.3746925598144531
1789064079366602500,40.1746025390625,7.519439226531982,6.105064595794677,0.46731823654174803
1789064079376639500,40.184639404296874,6.300491306304932,6.752995420074463,0.4613327323913574
1789064079386676500,40.19467651367187,7.01620796508789,6.678326255798339,0.6087257720947266
1789064079396713500,40.20471337890625,5.90544803237915,6.885125424194335,0.9665092826843261
1789064079406750500,40.21475048828125,6.697030956268311,7.132626020812988,0.7794622779846191
1789064079416787500,40.22478735351562,8.263587030029296,5.987748714447021,0.6462848106384277
1789064079426823400,40.234823486328125,7.441328397369384,6.836493202972412,0.02558803024291992
1789064079436860400,40.2448603515625,7.7784619186401365,5.909188972473144,0.014215572357177733
1789064079446897400,40.2548974609375,7.177966214752197,6.076783088684081,0.01945288848876953
1789064079456934400,40.264934326171876,5.69505756149292,6.468983248138428,0.13512275619506836
1789064079466971400,40.274971435546874,7.6187985954284665,5.685331117248535,0.08918401184082031
1789064079477008400,40.28500830078125,8.84208600616455,5.595997467803954,-0.33952772293090816
1789064079487045600,40.29504565429688,7.868693393707275,6.383689813995361,-0.5143044441223145
1789064079497082400,40.305082275390625,6.555922695922852,6.942885539245605,-0.47704468078613277
1789064079507119400,40.31511938476562,6.58854369354248,7.376984227752685,-0.692073917388916
1789064079517156400,40.32515625,8.02521432723999,7.128885080718994,-1.1628338188171385
1789064079527192300,40.3351923828125,9.251943402862548,6.886771437835693,-1.4252981758117675
1789064079537229600,40.3452294921875,8.512883277893065,7.072172428894042,-1.4733318466186522
1789064079547266600,40.3552666015625,7.344363230133056,7.387758135223388,-1.0018237571716309
1789064079557303600,40.365303466796874,6.899939546966553,7.1029977752685545,-0.5563526107788086
1789064079567340300,40.37534033203125,7.259219433593749,6.863278334045409,-0.6416460449218749
1789064079577377300,40.385377197265626,8.148814987945556,6.348076064300537,-0.6856395004272461
1789064079587414500,40.39541455078125,8.067112856292724,5.856217260742187,-0.6600514701843261
1789064079597451500,40.40545141601562,5.013458276367187,6.934505833435058,-0.3094505645751953
1789064079607488500,40.41548852539062,5.518335551452636,6.216245335388183,0.06703764648437499
1789064079617524500,40.4255244140625,7.652317418670654,5.6024318847656245,-0.24346038131713865
1789064079627561200,40.43556127929688,8.478167353820801,5.5726540016174315,-0.3511994560241699
1789064079637598500,40.445598388671876,8.186374026489258,5.811325979614257,-0.4906617027282715
1789064079647635500,40.455635498046874,7.289146954345703,6.3998506752014155,-0.3308487419128418
1789064079657672400,40.46567236328125,5.906944408416748,7.192181787109375,-0.08394669570922851
1789064079667709400,40.47570947265625,8.17799432067871,6.645106707763672,0.16654665298461913
1789064079677746400,40.485746337890625,8.903138148498535,6.301538769531249,0.38741175613403317
1789064079687783400,40.49578344726562,7.912686849212646,7.028627886199951,0.6189011291503906
1789064079697820400,40.5058203125,7.994239343261718,6.544849513244628,1.045667575073242
1789064079707857400,40.515857421875,7.969549138641357,6.443395217895508,0.7722796730041503
1789064079717893400,40.52589331054688,7.1583636886596675,6.616226650238037,0.563086302947998
1789064079727930600,40.5359306640625,7.885452805328368,5.8834513046264645,0.10699088668823241
1789064079737967600,40.545967529296874,6.664409958648681,6.256048937988281,-0.15068506698608397
1789064079748004600,40.55600463867187,6.433070223236084,6.140229432678222,-0.2362777763366699
1789064079758041600,40.56604150390625,7.2243538719177245,5.718849940490722,0.01601122360229492
1789064079768078600,40.57607861328125,6.198288822937012,6.068403382873535,0.2150292366027832
1789064079778115600,40.58611547851562,5.864148053741455,6.610540421295165,0.25917232971191406
1789064079788152600,40.59615258789062,6.638821928405761,6.294056889343262,-0.08245031967163086
1789064079798189600,40.606189453125,7.953986827850342,6.357802508544921,-0.6073790336608886
1789064079808225500,40.6162255859375,8.272266011047362,6.3618427238464355,-0.8608651344299316
1789064079818262500,40.626262451171876,8.090007409667969,6.632836424255371,-0.7941267631530762
1789064079828299500,40.636299560546874,6.997802539825439,6.919093160247803,-0.6105214233398437
1789064079838336500,40.64633642578125,6.961590239715576,7.224802784729003,-0.7393594001770019
1789064079848373800,40.65637377929688,7.5905170883178705,6.6814686454772945,-0.6985083343505859
1789064079858410500,40.666410400390625,7.239018357086181,6.909217078399657,-0.5828384666442871
1789064079868447500,40.67644750976562,7.317877374267578,6.622960342407226,-0.18734627990722655
1789064079878484500,40.686484375,8.01144766769409,6.394613359069824,0.10714052429199218
1789064079888521700,40.69652172851563,8.903736698913574,5.86669189300537,0.22520459365844725
1789064079898558700,40.706558837890626,7.404816822052002,6.583456015014648,-0.09187748870849609
1789064079908594700,40.7165947265625,7.271190441894531,6.566995878601074,-0.38756139373779297
1789064079918631700,40.726631591796874,5.708524945831298,7.206247721862793,-0.5243301635742187
1789064079928668400,40.73666845703125,6.357503233337402,7.2331824905395505,-0.8875006278991698
1789064079938705400,40.746705322265626,7.57809716720581,6.701520084381103,-0.7935282127380371
1789064079948742700,40.75674267578125,7.9934911552429195,6.896048969268798,-0.9715969612121581
1789064079958779600,40.76677954101562,7.367856333923339,7.2264487983703605,-0.7511807708740234
1789064079968816600,40.77681665039062,7.987356013488769,6.993911962127685,-0.4987421333312988
1789064079978853400,40.786853271484375,8.575731071472168,6.94004242477417,-0.28969840087890625
1789064079988890600,40.796890625,8.434173898315429,7.005583695220947,-0.2587234169006348
1789064079998926600,40.806926513671876,7.4974424987792965,7.291990068817138,-0.1849520782470703
1789064080008963600,40.816963623046874,5.95018967590332,7.612962728881835,-0.41539398803710936
1789064080019000600,40.82700048828125,7.570764924621582,7.088333290100097,-1.0428244606018067
1789064080029037600,40.83703759765625,7.198017653656006,6.502950984191894,-1.250671092224121
1789064080039074600,40.847074462890625,5.316923336791992,7.212981414031982,-1.4246996253967283
1789064080049111600,40.85711157226562,6.366032576751708,6.121524732208251,-1.1487678840637205
1789064080059148500,40.8671484375,6.682366471099853,5.691915171813965,-0.7211036125183105
1789064080069185500,40.877185546875,5.587318486785889,5.823596263122559,-0.6151601890563965
1789064080079222800,40.887222900390626,5.835866546630859,5.802796636199951,-0.8460510116577148
1789064080089258800,40.8972587890625,6.536170532226562,5.627720639801025,-1.314566349029541
1789064080099295700,40.907295654296874,6.720524060058593,6.297947467041015,-1.6666636306762694
1789064080109332500,40.91733251953125,7.138312249755859,6.309319924926758,-1.5023615417480467
1789064080119369500,40.927369384765626,6.6790744438171386,7.026233684539794,-1.1997943069458008
1789064080129406500,40.937406494140625,7.112724219512939,7.485920403289795,-1.1176432624816894
1789064080139443700,40.94744360351562,8.322244970703125,7.1121256690979,-0.7625532287597656
1789064080149480700,40.95748071289062,8.049156343841553,7.503876915740967,-1.0136451278686522
1789064080159517400,40.967517333984375,7.893533235931396,7.475595408630371,-1.2565069587707518
1789064080169554400,40.977554443359374,8.056638224029541,6.944980465698242,-1.1960533668518065
1789064080179591700,40.987591796875,6.842927619934081,7.01620796508789,-0.828693049621582
1789064080189627600,40.997627685546874,7.523928354644775,6.383390538787841,-0.3434183006286621
1789064080199664600,41.00766455078125,8.007257814788819,5.755361515808105,-0.01062426986694336
1789064080209701600,41.01770166015625,6.54410132522583,6.3043818840026855,0.07721300354003906
1789064080219738400,41.02773828125,5.679644888305663,6.426486168670654,0.1384147834777832
1789064080229775600,41.03777563476562,6.6805708198547356,6.261136616516113,-0.07407061386108398
1789064080239812600,41.0478125,6.867019274139404,6.379649598693847,0.07227496261596679
1789064080249849600,41.057849609375,7.592462377166748,6.3335612167358395,0.014514847564697266
1789064080259886600,41.067886474609374,6.860135944366455,6.931662718963623,-0.21173720932006834
1789064080269923300,41.07792333984375,7.76978293762207,6.9056257759094235,-0.43634325256347656
1789064080279960600,41.08796069335938,7.55265877456665,7.04224490814209,-0.4387374542236328
1789064080289996500,41.09799658203125,8.417115211486816,6.969371395111083,-0.6817489227294922
1789064080300033500,41.108033447265626,7.85941586227417,7.005284420013427,-0.414346524810791
1789064080310070500,41.118070556640625,7.583933033752441,7.003039855957031,-0.4438251327514648
1789064080320107500,41.128107421875,6.14816022567749,7.248894438934326,-0.5274725532531738
1789064080330144800,41.13814477539062,6.787561706542968,6.972663422393798,-0.8147767524719238
1789064080340181500,41.148181396484375,7.886200993347168,6.300341668701171,-0.9903016616821289
1789064080350218500,41.158218505859374,8.269422896575927,6.3235354972839355,-1.1680711349487305
1789064080360255500,41.16825537109375,7.433696879577636,6.153397541809082,-0.812083275604248
1789064080370292700,41.17829272460938,5.820902786254883,6.991966673278808,-0.5502174690246582
1789064080380328700,41.18832861328125,6.598569412994385,6.667253073120117,-0.23044190979003906
1789064080390365700,41.19836572265625,7.893682873535155,6.231508370971679,-0.13003507766723632
1789064080400402400,41.20840234375,6.863876884460449,7.02234310684204,-0.6373065544128418
1789064080410439400,41.218439453125,7.436390356445312,6.618770489501952,-0.7610568527221679
1789064080420476700,41.2284765625,7.289745504760742,6.654683514404296,-0.8233060958862304
1789064080430513700,41.238513671875,7.137414424133301,6.700771896362304,-0.7636006919860839
1789064080440550700,41.248550537109374,8.321646420288085,6.273556537628173,-0.830638338470459
1789064080450587400,41.25858740234375,9.57665700302124,5.6675242424011225,-0.6742670425415038
1789064080460624400,41.268624267578126,6.228216343688964,6.972364147186279,-0.47120881423950195
1789064080470660400,41.27866040039063,5.737405003356933,7.172429623413086,-0.3028665100097656
1789064080480697600,41.288697509765626,8.099135303497315,6.0221653633117675,-0.39848493881225583
1789064080490734600,41.298734619140625,8.83041427307129,6.094141050720214,-0.6687304512023925
1789064080500771600,41.308771484375,7.943961108398437,6.145017835998535,-0.3372831588745117
1789064080510808600,41.31880859375,6.931662718963623,6.3794999610900875,0.12898761444091797
1789064080520845600,41.328845458984375,7.980622321319579,5.950638588714599,0.5309142181396485
1789064080530882600,41.338882568359374,7.411550514221191,6.114791040039062,0.6012438919067382
1789064080540919600,41.34891943359375,8.524555010986328,5.991639292144775,0.37020343170166015
1789064080550956500,41.35895654296875,6.740725136566161,6.129156249999999,0.6322188758850097
1789064080560993800,41.368993896484376,6.437409713745117,6.928819604492187,0.1288379768371582
1789064080571029800,41.37902978515625,8.094496537780762,5.7411459434509275,0.17133505630493162
1789064080581066500,41.38906640625,8.745120838928223,5.890334634399414,-0.303913973236084
1789064080591103500,41.399103515625,7.096563358306884,6.579565437316894,-0.3538929328918457
1789064080601140500,41.40914038085938,7.544129431152343,6.317101080322265,-0.18465280303955078
1789064080611177500,41.419177490234375,7.039102518463134,6.61428136138916,-0.014215572357177733
1789064080621214700,41.429214599609374,7.6382514839172355,6.476914041137695,0.03277063522338867
1789064080631251500,41.43925146484375,8.19729757156372,6.181230136108398,0.06449380722045898
1789064080641288400,41.449288330078126,7.7210010787963865,6.375160470581054,0.3042132484436035
1789064080651325400,41.459325439453124,7.34855308303833,6.343138023376464,0.8111854499816894
1789064080661361400,41.469361328125,7.400776606750488,6.209661280822753,1.230320378112793
1789064080671398700,41.479398681640625,6.886023249816894,6.617872663879394,0.9558850128173828
1789064080681435600,41.489435546875,7.96161834564209,6.024110652160644,0.849791951751709
1789064080691472600,41.49947265625,6.357652870941162,6.787412068939209,0.33414076919555663
1789064080701509400,41.50950927734375,6.547393352508545,6.84382544555664,0.41419688720703124
1789064080711546600,41.519546630859374,7.382520819091797,6.337751069641113,0.7947253135681152
1789064080721583600,41.52958349609375,8.530390877532959,6.207416716766357,0.6483797370910644
1789064080731620600,41.53962060546875,6.151302615356445,6.969371395111083,0.8007108177185058
1789064080741657300,41.5496572265625,7.136067685699462,6.718129858398437,0.6159083770751953
1789064080751693300,41.559693359375,6.304531521606445,6.90128628540039,0.3399766357421875
1789064080761730600,41.56973046875,7.153724922943115,6.92732322845459,0.1649006393432617
1789064080771767300,41.57976733398438,8.288875785064697,6.124068571472168,0.45400048980712887
1789064080781804300,41.58980419921875,7.988852389526366,6.542156036376952,0.4966472068786621
1789064080791841300,41.59984130859375,6.163123986053466,7.091774954986572,0.3842693664550781
1789064080801878300,41.60987817382812,7.158214051055908,6.816441764068603,0.2738368148803711
1789064080811915500,41.61991552734375,6.9716159591674804,6.861781958007812,0.09995791931152344
1789064080821952300,41.6299521484375,7.921665105438232,6.651840399932861,0.2699462371826172
1789064080831989200,41.6399892578125,7.463774037933349,6.562057837677002,0.5536591339111328
1789064080842026200,41.65002612304688,7.299621586608886,6.912509105682372,0.26815058593749996
1789064080852062200,41.66006225585937,6.953659446716308,6.887818901062011,-0.15981296081542967
1789064080862099500,41.67009936523438,8.199991048431396,6.421099214935302,-0.6507739387512207
1789064080872136400,41.68013647460938,7.3286512817382805,6.798185976409911,-1.2458826889038086
1789064080882173200,41.69017309570312,7.523180166625976,6.443095942687988,-0.7739256866455078
1789064080892210200,41.70021020507812,6.778134537506103,6.325480786132812,-0.45400048980712887
1789064080902247400,41.71024731445313,6.4734723762512205,6.577620148468017,-0.2771288421630859
1789064080912284400,41.720284423828126,6.627599108123779,6.20547142791748,0.014963760375976562
1789064080922321400,41.7303212890625,7.993640792846679,5.890484272003174,-0.5038298118591308
1789064080932358100,41.74035815429688,6.740276223754883,6.817489227294922,-0.9714473236083984
1789064080942394400,41.75039428710937,7.022043831634521,6.594529197692871,-1.0342951171875
1789064080952431000,41.76043115234375,7.36097300415039,6.967126831054687,-1.3919289901733398
1789064080962468400,41.77046826171875,7.834576020050048,6.836642840576172,-1.0251672233581541
1789064080972505300,41.78050537109375,7.136965511322021,7.390152336883545,-0.9325415466308593
1789064080982542300,41.79054223632812,8.348880464172362,6.712443629455566,-0.6251859085083007
1789064080992579300,41.80057934570313,7.036259403991699,7.039401793670653,-1.1658265708923339
1789064081002616300,41.8106162109375,6.201730487823486,7.521384515380859,-1.5786767196655274
1789064081012653300,41.8206533203125,7.435642168426513,6.113743576812744,-1.0758943710327147
1789064081022690300,41.83069018554688,7.179911503601073,6.248567057800293,-1.004217958831787
1789064081032727300,41.84072729492188,6.584054565429687,6.386682566070556,-0.93852705078125
1789064081042763300,41.85076318359375,7.415740367126465,5.44546203842163,-0.9880570976257324
1789064081052800500,41.86080053710938,5.66917025604248,6.733542531585693,-1.7114052742004393
1789064081062837200,41.87083715820312,6.699125882720947,6.04550882949829,-1.459415549468994
1789064081072874200,41.88087426757812,7.3088991180419915,6.115539228057861,-1.2547113075256346
1789064081082911200,41.8909111328125,7.064840186309814,6.548141540527343,-1.0506056159973145
1789064081092948200,41.9009482421875,7.073070254516601,6.48634121017456,-0.6859387756347656
1789064081102985500,41.9109853515625,7.2915411560058585,6.565798777770996,-1.0088567245483397
1789064081113022200,41.92102221679688,7.426514274597167,6.7842696792602535,-1.2990040382385253
1789064081123059200,41.93105908203125,7.983615073394775,6.298246742248534,-1.0975918235778808
1789064081133095200,41.94109521484375,7.948001323699951,6.599766513824463,-0.8873509902954101
1789064081143132200,41.951132080078125,8.399009061431885,6.069151570892334,-0.3892074073791504
1789064081153169400,41.96116943359375,7.575553327941894,6.574328121185302,-0.31379005508422847
1789064081163206400,41.97120629882812,6.376956121826171,6.945429378509521,-0.5992986030578613
1789064081173243400,41.98124340820313,7.3283520065307615,6.659920830535889,-0.9240122032165526
1789064081183280000,41.991280029296874,7.0187518043518065,6.745064627075195,-1.1742062767028807
1789064081193317400,42.0013173828125,7.119757186889648,6.711396166229248,-0.8454524612426757
1789064081203354400,42.01135424804688,6.771700120544433,6.6151791870117185,-0.2959831802368164
1789064081213391400,42.02139135742188,7.115118421173095,6.728155577850341,0.017956512451171875
1789064081223428400,42.031428466796875,8.232013495635986,6.059125851440429,0.39055414581298825
1789064081233464300,42.04146435546875,7.514950098419189,6.416759724426269,0.33324294357299805
1789064081243501300,42.05150122070312,6.663961045837402,6.80521894378662,-0.10983400115966796
1789064081253538300,42.06153833007812,7.202806056976318,6.451924561309814,-0.14006079711914063
1789064081263575300,42.0715751953125,7.566724709320068,6.3521162796020505,-0.241964005279541
1789064081273612300,42.0816123046875,8.465897070312499,6.0990790916442865,-0.11372457885742186
1789064081283649300,42.09164916992187,7.867047380065918,6.1656678253173824,-0.1666962905883789
1789064081293686300,42.10168627929688,6.785317142486572,7.0558619300842285,-0.36526539077758785
1789064081303723300,42.11172314453125,8.17126062850952,6.234501123046875,-0.4354454269409179
1789064081313760300,42.12176025390625,7.923610394287109,6.623109980010986,-0.35299510726928707
1789064081323796200,42.131796142578125,6.900687734985351,6.941389163208007,0.054767362976074214
1789064081333833200,42.14183325195312,7.5625348564147945,6.471676725006103,0.35718496017456053
1789064081343870500,42.15187036132812,7.435791806030273,6.412420233917236,0.34880525436401366
1789064081353907500,42.16190747070313,8.134898690795898,6.222380477142334,-0.2991255699157715
1789064081363944200,42.171944091796874,8.32523772277832,5.672462283325195,-0.6558616172790527
1789064081373981200,42.18198120117187,6.515819818115234,6.335656143188476,-0.8532336166381835
1789064081384018400,42.19201831054688,7.088482927703857,5.960664308166503,-0.8984241729736328
1789064081394055400,42.20205541992188,8.445396718597411,5.183745869445801,-0.6917746421813964
1789064081404092400,42.212092529296875,7.438485282897949,5.970241114807129,-0.9642647186279296
1789064081414129200,42.22212915039062,7.63555800704956,6.076184538269042,-0.704194563293457
1789064081424165400,42.23216528320312,6.858340293121337,6.345232949829101,-0.3764882110595703
1789064081434202000,42.2422021484375,8.19176098022461,6.646603083801269,-0.414346524810791
1789064081444239400,42.2522392578125,7.721749266815185,6.530484303283691,-0.6486790122985839
1789064081454276400,42.2622763671875,7.092223867797851,7.657704372406005,-1.1436802055358886
1789064081464313300,42.27231323242187,8.366388063812256,6.534374880981445,-1.1978490180969237
1789064081474350300,42.28235034179688,8.247575806427001,7.014262676239014,-1.2018892333984375
1789064081484387300,42.29238720703125,7.213131051635742,7.085639813232421,-0.8339303657531738
1789064081494424300,42.30242431640625,8.252214572143554,6.549039366149902,-0.47270519027709956
1789064081504461300,42.31246142578125,6.781725839996337,6.752247232055663,-0.2959831802368164
1789064081514497300,42.32249731445312,6.5391632843017575,6.793996123504638,-0.155772745513916
1789064081524534300,42.3325341796875,6.826617121124267,6.219387725067138,-0.08349778289794921
1789064081534571500,42.34257153320313,8.078934226989746,5.787982513427734,-0.3538929328918457
1789064081544608300,42.352608154296874,7.1401079010009765,5.886892969512939,-0.3764882110595703
1789064081554645200,42.36264526367187,6.18616817703247,6.4363622505187985,-0.6097732353210449
1789064081564682200,42.37268212890625,7.276278120422363,6.190058754730225,-0.7294833183288574
1789064081574719500,42.38271948242188,8.531288703155518,6.0622682411193844,-0.45489831542968745
1789064081584756500,42.392756591796875,7.486668591308593,6.700173345947265,-0.2609679809570312
1789064081594793200,42.40279321289062,7.724742018890381,7.059303594970703,-0.19901801300048827
1789064081604829200,42.4128291015625,7.430704127502441,6.881983034515381,0.23478140029907224
1789064081614866200,42.4228662109375,7.773224602508544,7.161805353546142,-0.0020949264526367185
1789064081624903200,42.432903076171876,8.944587764739989,6.356306132507324,0.6015431671142578
1789064081634940400,42.4429404296875,7.071723516082764,6.881234846496581,0.5698199951171875
1789064081644977400,42.45297729492187,7.423820797729491,7.181856792449951,-0.11462240447998046
1789064081655014400,42.46301440429688,7.917774527740478,6.337302156829834,-0.22774843292236327
1789064081665051100,42.473051025390625,6.909067440795898,6.887220350646972,-0.2672527603149414
1789064081675088400,42.48308837890625,5.95018967590332,6.874950067138672,0.22685060729980466
1789064081685125400,42.49312548828125,6.6777277053833,6.37171880569458,0.7628525039672851
1789064081695162400,42.50316235351563,6.890961290740966,6.027701954650879,0.7836521308898925
1789064081705198300,42.5131982421875,6.844872908782959,6.164021811676025,0.19153613281249998
1789064081715235300,42.5232353515625,6.5126774284362785,6.181679048919677,-0.5111620544433594
1789064081725272300,42.533272216796874,6.127210961151123,6.33326194152832,-0.716315209197998
1789064081735309300,42.54330932617187,6.204573602294921,6.567893704223632,-0.6076783088684081
1789064081745346800,42.55334692382812,7.706635868835448,5.966799449920654,0.19662381134033202
1789064081755384000,42.56338403320313,6.937797860717773,6.311863764190673,0.783352855682373
1789064081765420800,42.5734208984375,6.937498585510253,6.714388918304443,0.831236888885498
1789064081775457800,42.58345776367187,6.924031201171875,6.528838289642334,0.6688800888061524
1789064081785494800,42.59349487304687,7.032069551086425,7.085190900421142,0.30630817489624024
1789064081795531800,42.60353173828125,9.109039491271972,6.083217505645751,0.46686932373046874
1789064081805567700,42.61356762695313,8.336161267852782,6.465840858459472,0.8913912055969238
1789064081815605000,42.62360498046875,6.912209830474853,7.054215916442871,0.9877578224182129
1789064081825642000,42.63364208984375,7.2888476791381835,6.765564978790283,1.0307038146972656
1789064081835678700,42.6436787109375,7.753771714019775,6.859537393951416,0.3507505432128906
1789064081845715700,42.6537158203125,7.643339162445068,6.937797860717773,0.36960488128662106
1789064081855753000,42.6637529296875,8.35067611541748,6.555324145507812,0.9578303016662597
1789064081865790000,42.6737900390625,7.273883918762206,7.041047807312012,1.5251064575195312
1789064081875827000,42.68382690429687,7.721300354003906,6.884826148986816,2.101809782409668
1789064081885863700,42.69386376953125,8.743325187683105,6.327874987792969,2.3789386245727537
1789064081895899600,42.70389965820313,7.733720275115966,6.977152550506592,1.7398364189147948
1789064081905937000,42.71393701171875,7.557746453094482,6.894402955627441,1.421108322906494
1789064081915974000,42.723973876953124,6.732495068359374,7.020846730804443,1.1815385192871093
1789064081926011000,42.73401098632812,7.354239311981201,6.93959351196289,0.9968857162475585
1789064081936047900,42.7440478515625,7.820210810089111,6.217741711425781,1.3052888175964354
1789064081946084900,42.7540849609375,7.1960723648071285,6.532279954528808,1.3015478775024414
1789064081956121900,42.76412182617187,6.059275489044189,6.545597701263428,1.2177508193969726
1789064081966158800,42.77415893554687,5.74578470916748,6.392069519805908,1.0773907470703123
1789064081976195800,42.78419580078125,6.208913092803955,5.8840498550415035,0.9540893615722655
1789064081986231800,42.79423168945313,6.3986535743713375,5.5641246582031245,1.0842740768432617
1789064081996268800,42.804268798828126,6.350170990753173,5.45204609298706,1.197100830078125
1789064082006306000,42.81430615234375,6.258293502044677,5.317222611999512,1.2638392013549804
1789064082016342800,42.8243427734375,6.281038417816162,5.591358702087402,0.8164227661132812
1789064082026379800,42.8343798828125,6.688800888061523,5.885546231079101,0.2741360900878906
1789064082036416800,42.844416748046875,7.90999337234497,6.074688162231445,0.016759411621093748
1789064082046454000,42.8544541015625,8.266130869293212,6.092046124267577,0.34401685104370117
1789064082056491000,42.86449096679687,7.258471245574951,7.235726329803466,0.10384849700927734
1789064082066527700,42.87452783203125,7.072770979309082,7.040449256896972,0.3268085266113281
1789064082076564700,42.884564697265624,7.45704034576416,7.44402187423706,-0.3847182792663574
1789064082086600700,42.8946005859375,9.061305095672607,6.606200930786132,-0.5684732566833496
1789064082096638000,42.904637939453124,8.532635441589354,6.643011781311035,-0.7311293319702148
1789064082106675000,42.91467504882812,7.951592626190185,6.636427726745605,-0.5508160194396973
1789064082116712000,42.9247119140625,7.147739418792725,6.5780690612792965,-0.14888941574096679
1789064082126749000,42.9347490234375,8.182932361602782,5.925349833679199,0.18375497741699218
1789064082136785700,42.94478564453125,7.057507943725586,6.336703606414795,0.1149216796875
1789064082146823000,42.95482299804687,7.896825263214111,5.964854161071777,-0.1740285331726074
1789064082156860000,42.96485986328125,6.344634399414062,6.4475850708007805,-0.4487631736755371
1789064082166897000,42.97489697265625,7.199214754486084,6.523152060699463,-0.7389104873657226
1789064082176932900,42.984932861328126,7.864653178405761,6.038326224517822,-0.4605845443725586
1789064082186969900,42.994969970703124,8.35711053237915,6.5306339408874505,-0.5371989974975586
1789064082197006800,43.0050068359375,7.639298947143554,6.742371150207519,-0.11177929000854492
1789064082207043800,43.0150439453125,8.903736698913574,6.738330934906005,-0.15337854385375976
1789064082217080800,43.025080810546875,8.713397666931153,6.5871969551086424,0.2587234169006348
1789064082227117800,43.03511791992187,7.347954532623291,7.36097300415039,0.021098902130126954
1789064082237155000,43.04515502929687,7.481431275177002,6.930166342926025,-0.2314893730163574
1789064082247191800,43.05519189453125,8.384344576263427,6.6902972640991205,-0.7818564796447753
1789064082257228800,43.065228759765624,8.627056769561767,6.046107379913329,-0.8930372192382812
1789064082267265800,43.07526586914062,7.199813304901123,6.604704554748535,-1.168968960571289
1789064082277301800,43.0853017578125,6.825719295501709,6.146065299224853,-0.8629600608825683
1789064082287339000,43.09533911132812,6.412569871520995,6.283432619476318,-0.8028057441711425
1789064082297376000,43.1053759765625,7.176619476318359,5.780201358032226,-0.520289948272705
1789064082307412700,43.115412841796875,7.31638099822998,5.653009394836426,-0.44502223358154297
1789064082317449700,43.12544970703125,6.975356899261474,5.759850643920898,-0.4830301849365234
1789064082327486700,43.13548681640625,4.702361698150635,6.6891001632690426,-0.3404255485534668
1789064082337524000,43.14552392578125,7.172878536224365,5.802048448181152,-0.5511152946472168
1789064082347561000,43.15556103515625,7.509862419891357,5.831078143310546,-1.0260650489807128
1789064082357598000,43.16559790039062,7.068730764007568,6.516119093322754,-1.483058290863037
1789064082367634000,43.175634033203124,6.841281606292724,6.101323655700683,-0.9789292037963867
1789064082377670700,43.18567065429688,6.8122519111633295,6.672789664459228,-0.8993219985961913
1789064082387708000,43.1957080078125,7.866748104858398,5.993883856201172,-0.5006874221801757
1789064082397745000,43.205744873046875,7.68658442993164,6.546944439697265,-0.9205705383300781
1789064082407782000,43.21578198242187,8.782230964660645,6.160280871582031,-1.2469301521301268
1789064082417819000,43.22581884765625,7.381323718261719,6.827215671539307,-1.3340192375183104
1789064082427856000,43.23585595703125,7.828590515899657,6.757933460998535,-1.300500414276123
1789064082437892900,43.245892822265624,6.797886701202392,6.9348051086425775,-1.0582371337890624
1789064082447929900,43.25592993164062,7.351096922302245,6.95919603805542,-1.2984054878234863
1789064082457965800,43.2659658203125,7.843255001068115,6.3459811378479,-1.1366472381591797
1789064082468002800,43.2760029296875,8.139387818908691,6.316352892303467,-1.0322001907348632
1789064082478039800,43.28603979492188,7.485920403289795,5.977872632598877,-0.469862075805664
1789064082488076800,43.296076904296875,7.182156067657471,6.2289645317077635,-0.4327519500732422
1789064082498113800,43.30611376953125,6.90816961517334,5.830030680084228,-0.17058686828613281
1789064082508150800,43.31615087890625,5.9497407630920405,6.571485006713867,-0.3968389251708984
1789064082518187800,43.326187744140626,7.602338459014892,5.666177503967285,-0.21068974609375
1789064082528225000,43.33622509765625,6.556970159149169,6.338349620056152,-0.3176806327819824
1789064082538262000,43.34626196289062,7.344063954925537,6.401945601654052,-0.7665934440612793
1789064082548298800,43.356298828125,7.082946336364746,6.2201359130859375,-0.5931634613037109
1789064082558334700,43.36633471679688,7.210287937164306,6.808062058258057,-0.967257470703125
1789064082568371700,43.37637182617188,7.4883146049499505,6.616226650238037,-0.6136638130187988
1789064082578409000,43.386408935546875,8.942193563079833,6.36483547592163,-0.2885013000488281
1789064082588446000,43.39644604492187,8.438513388824463,6.414215885162353,0.028431144714355466
1789064082598483000,43.40648291015625,6.9250786643981925,7.260865447235107,-0.19812018737792966
1789064082608519700,43.416519775390626,6.623109980010986,7.1607578903198235,-0.33533787002563475
1789064082618556700,43.426556640625,7.51450118560791,6.836044290161133,-0.6539163284301758
1789064082628594000,43.43659399414062,7.704540942382812,6.62026686553955,-0.5470750793457031
1789064082638631000,43.446630859375,6.92732322845459,6.772448308563232,-0.13631985702514648
1789064082648667000,43.4566669921875,7.8621093391418455,6.129455525207519,0.3178302703857422
1789064082658704000,43.46670385742188,6.425438705444336,6.575076309204102,0.5802946273803711
1789064082668740900,43.476740966796875,6.807164232635498,6.606200930786132,0.4831798225402832
1789064082678777900,43.48677783203125,7.885602442932129,5.825092639160156,0.7293336807250976
1789064082688814800,43.49681494140625,7.113322769927978,6.516418368530273,0.37708676147460934
1789064082698851800,43.506851806640626,6.3806970619201655,6.6443585197448725,0.486471849822998
1789064082708888800,43.516888916015624,6.9627873405456535,6.443993768310547,0.42377369384765623
1789064082718926000,43.52692602539062,8.079981690216064,6.319196006774902,0.23732523956298826
1789064082728962800,43.536962890625,7.980921596527099,6.412719509124756,0.20425532913208005
1789064082738998300,43.546998291015626,7.968950588226318,6.501753883361816,-0.07826046676635742
1789064082749035000,43.55703491210937,6.415412985992432,7.033266651916503,-0.18854338073730467
1789064082759072000,43.56707202148438,7.8152727691650385,6.621613603973389,-0.15472528228759766
1789064082769109000,43.57710888671875,8.05708713684082,6.192153681182861,0.3203741096496582
1789064082779146200,43.587146240234375,8.331971414947509,6.2681695838928215,0.4403834678649902
1789064082789183200,43.597183349609374,6.420650302124023,6.511629965209961,0.6268319221496582
1789064082799220000,43.60721997070313,6.551283930206298,6.691195089721679,0.16609774017333984
1789064082809257000,43.617257080078126,7.45704034576416,6.106860247039794,0.22864625854492185
1789064082819294200,43.627294189453124,8.170063527679442,6.063315704345703,0.18315642700195311
1789064082829331200,43.63733129882812,7.407061386108398,6.392219157409667,0.5641337661743163
1789064082839367200,43.6473671875,7.615955480957031,6.413916609954834,0.8375216682434081
1789064082849404200,43.65740405273438,7.817367695617675,6.361992361450195,1.0907084938049316
1789064082859441200,43.66744116210938,7.662792050933837,6.804171480560302,0.9653121818542479
1789064082869478000,43.67747778320312,9.256432530975342,6.094739601135253,1.032948378753662
1789064082879515100,43.68751513671875,8.154950129699706,6.673238577270507,0.9513958847045898
1789064082889552100,43.69755224609375,7.146691955566406,7.153874560546875,0.8655039001464844
1789064082899589000,43.707589111328126,8.01892954788208,6.70346537322998,1.093701245880127
1789064082909626000,43.717626220703124,9.112331518554686,6.539312921905517,1.0407295341491698
1789064082919663000,43.7276630859375,8.162132734680176,6.864026522064209,1.222539222717285
1789064082929699000,43.73769897460937,7.690325370025635,7.042394545745849,0.9715969612121581
1789064082939736000,43.74773608398438,6.788609169769287,7.347954532623291,0.9645639938354491
1789064082949773000,43.75777294921875,8.033893308258056,6.6802715446472165,0.8285434120178222
1789064082959810000,43.76781005859375,8.003217599487304,6.499060406494141,1.0579378585815429
1789064082969847300,43.777847412109374,7.404218271636963,6.389974593353271,1.1406874534606932
1789064082979884000,43.78788403320313,6.387730029296875,6.414066247558593,1.2674305038452147
1789064082989921000,43.797921142578126,6.274604000854492,6.265775382232666,0.7570166374206543
1789064082999958000,43.8079580078125,6.829909148406982,5.779602807617187,0.3232172241210937
1789064083009995300,43.81799536132812,6.1738978935241695,5.979967559051513,-0.13422493057250975
1789064083020031200,43.82803125,7.112574581909179,5.5032221534729,-0.1292868896484375
1789064083030068200,43.83806811523438,5.705981106567383,5.783343747711181,0.3229179489135742
1789064083040105200,43.84810522460938,6.443245580291748,5.9102364356994626,0.42332478103637694
1789064083050142000,43.85814184570312,7.64812756576538,5.546916333770752,0.3941454483032226
1789064083060179000,43.86817895507812,9.003844255828858,5.567865598297119,0.013916297149658202
1789064083070216200,43.87821630859375,7.540538128662109,6.500856057739258,-0.29269115295410153
1789064083080253200,43.888253173828126,8.340500758361816,6.534674156188965,-0.21742343826293944
1789064083090290200,43.898290283203124,7.6951137733459465,6.705261024475098,0.2072480812072754
1789064083100327000,43.90832690429688,8.743175550079345,6.845770734405517,0.1906383071899414
1789064083110364200,43.9183642578125,7.808987989807129,6.449679997253417,0.41464580001831053
1789064083120400100,43.92840014648438,6.060921502685546,7.449259190368652,-0.356885684967041
1789064083130437000,43.93843701171875,7.7608046813964835,6.4225955909729,-0.522833787536621
1789064083140474000,43.94847412109375,9.178321701812743,5.465214202117919,-0.3459621398925781
1789064083150511000,43.95851098632812,7.931092274475097,5.897816514587402,0.15861585998535155
1789064083160548000,43.96854809570313,5.9862523384094235,6.328024625396728,0.762253953552246
1789064083170585000,43.978585205078126,7.202656419372558,5.914875201416015,0.8849567886352538
1789064083180622000,43.9886220703125,6.479158605194091,6.491129613494873,1.0392331581115721
1789064083190659000,43.9986591796875,8.615235398864746,6.114342127227783,0.8988730857849121
1789064083200696000,44.00869604492188,7.47619395904541,6.571036093902587,1.1667243965148926
1789064083210732300,44.01873217773438,6.644657794952392,7.582436657714843,1.126172605895996
1789064083220769300,44.02876928710938,7.377732415771484,6.929268517303466,1.6313491561889648
1789064083230806000,44.03880590820312,7.20804337310791,7.4699091796875,1.219995383453369
1789064083240843000,44.04884301757812,9.178022426605224,6.630591860198974,1.0660182891845702
1789064083250880000,44.0588798828125,7.899668377685546,6.937797860717773,0.9296984321594238
1789064083260917200,44.068917236328126,8.199542135620117,6.8225769058227534,0.5608417388916015
1789064083270954200,44.078954345703124,7.146841593170166,6.476614765930176,1.0057143348693847
1789064083280991000,44.08899096679688,6.904877587890625,6.785317142486572,1.1091139190673827
1789064083291028000,44.09902807617188,7.86585027923584,5.859509288024902,1.5830162101745604
1789064083301064000,44.10906396484375,6.927173590850829,6.155193193054199,1.452981132507324
1789064083311101200,44.11910107421875,6.5126774284362785,6.433219860839843,1.10447515335083
1789064083321138200,44.12913818359375,5.8180596717834465,6.335207230377197,0.9618705169677734
1789064083331175200,44.13917504882812,6.808062058258057,6.200683024597168,0.802506468963623
1789064083341212200,44.14921215820313,6.387281116485595,6.134842478942871,1.0676643028259276
1789064083351249200,44.159249267578126,7.027430785369873,6.299443843078613,1.0594342346191405
1789064083361286100,44.1692861328125,7.368754159545898,5.785438674163818,1.3157634498596191
1789064083371323100,44.1793232421875,6.329969914245605,6.614730274200439,1.1390414398193358
1789064083381360000,44.18936010742188,7.06065033340454,6.493673452758789,0.9484031326293945
1789064083391396000,44.19939599609375,7.142651740264892,6.257694951629638,1.069310316467285
1789064083401433000,44.20943310546875,6.432920585632324,7.081300322723388,0.5894225212097167
1789064083411470000,44.21946997070312,8.542960436248778,6.0799254783630365,0.35464112091064454
1789064083421507000,44.22950708007812,7.13112964477539,6.610390783691406,0.2570774032592773
1789064083431544000,44.2395439453125,8.212560607147216,6.480954256439208,-0.3420715621948242
1789064083441581000,44.2495810546875,7.1224506637573235,6.157886669921875,0.02184709014892578
1789064083451618300,44.259618408203124,5.59869094467163,7.47574504623413,-0.5520131202697753
1789064083461655000,44.26965502929688,8.403647827148436,6.19903701095581,-0.5811924530029297
1789064083471692000,44.27969213867188,8.37641378326416,6.516268730926513,-0.3464110527038574
1789064083481729000,44.28972900390625,7.454945419311523,6.676081691741943,0.13287819213867186
1789064083491765000,44.299764892578125,5.491700057983398,7.615356930541992,-0.004339490509033203
1789064083501802200,44.30980224609375,7.051672077178955,6.906523601531982,-0.2198176399230957
1789064083511839200,44.31983911132812,7.21432815246582,6.837241390991211,-0.538845011138916
1789064083521876200,44.32987622070313,9.035866703033447,6.219387725067138,-0.9650129066467285
1789064083531913000,44.339912841796874,7.04149672012329,6.5671455162048336,-0.6528688652038573
1789064083541950000,44.34994995117187,6.155791743469238,7.317727736663818,-0.8930372192382812
1789064083551987200,44.3599873046875,7.0190510795593255,6.628197658538818,-0.5998971534729004
1789064083562024200,44.37002416992188,7.633762355804443,6.748955204772948,-0.5966051261901855
1789064083572061200,44.380061279296875,7.768436199188232,6.489333962249756,-0.31274259185791015
1789064083582097200,44.39009716796875,6.448632534027099,7.101351761627197,-0.3327940307617187
1789064083592134000,44.4001337890625,6.764816790771484,6.738330934906005,-0.3628711891174316
1789064083602171100,44.41017114257812,7.696460511779785,6.423792691802978,-0.8195651557922363
1789064083612208000,44.4202080078125,8.209418217468262,6.207715991973877,-0.981323405456543
1789064083622245000,44.4302451171875,7.08025285949707,6.569090805053711,-0.8062474090576172
1789064083632282000,44.4402822265625,7.523629079437256,6.425887618255615,-0.5288192916870117
1789064083642319000,44.45031909179688,6.066308456420898,6.820332341766357,-0.32172084808349605
1789064083652356000,44.46035620117188,6.103867494964599,7.116016246795654,-0.5219359619140624
1789064083662393000,44.47039306640625,7.957877405548095,6.2587424148559565,-0.7110778930664062
1789064083672429000,44.480428955078125,8.601468739318847,6.139181969451904,-0.8780734588623046
1789064083682466000,44.49046606445312,6.477512591552734,6.827814221954346,-0.6916250045776366
1789064083692503300,44.50050341796875,7.059752507781982,6.567594429016113,-0.3489548919677734
1789064083702540000,44.5105400390625,6.808660608673096,6.39715719833374,-0.17612345962524412
1789064083712577000,44.520576904296874,6.964582991790771,6.932859819793701,-0.28431144714355466
1789064083722614000,44.53061401367187,8.161833459472655,5.899312890625,-0.06075286712646484
1789064083732651000,44.54065112304688,6.753294695281982,6.81838705291748,-0.3838204536437988
1789064083742689000,44.55068896484375,6.686107411193848,6.592134996032715,-0.19422960968017577
1789064083752726300,44.56072631835937,7.461379836273193,6.208164904785156,-0.22251111679077148
1789064083762762200,44.57076220703125,8.303689907836914,6.224176128387451,-0.5989993278503417
1789064083772799200,44.58079931640625,7.809586540222168,6.168062026977538,-0.47330374069213865
1789064083782836200,44.590836181640626,7.197568740844726,6.734141082000732,-0.7522282341003418
1789064083792873200,44.600873291015624,5.860107838439941,7.071573878479003,-0.5717652839660644
1789064083802910200,44.61091015625,6.81853669052124,6.9342065582275385,-0.29074586410522457
1789064083812947200,44.620947265625,8.728361427307128,5.971288578033447,0.011671733093261718
1789064083822984200,44.630984130859375,7.442226222991943,6.73518854522705,0.3146878807067871
1789064083833021200,44.64102124023437,7.170185059356689,6.604554917144775,0.5955576629638671
1789064083843058400,44.65105834960937,8.136694342041014,6.50549482345581,0.23912089080810545
1789064083853094400,44.66109448242187,9.012672874450683,6.128258424377441,0.13901333389282225
1789064083863131400,44.67113134765625,6.53766690826416,6.9998974662780755,0.11342530364990233
1789064083873168100,44.681168212890626,6.124517484283447,7.4676646156311035,0.07781155395507812
1789064083883205000,44.691205078125,8.186523664093016,6.181379773712158,0.6105214233398437
1789064083893242000,44.7012421875,8.281393904876708,6.539911472320556,0.6025906303405761
1789064083903279400,44.711279296875,7.793276041412353,6.507290474700928,0.6844423995971679
1789064083913316400,44.72131640625,8.114847251892089,6.278045665740966,0.7311293319702148
1789064083923353000,44.73135302734375,6.712593267059326,6.515670180511474,0.9750386260986328
1789064083933390000,44.74139013671875,6.804470755767822,6.549937191772461,1.247528702545166
1789064083943426000,44.75142602539062,8.36294639892578,5.645377877044678,1.48111300201416
1789064083953463300,44.76146337890625,8.21031604309082,5.905148757171631,1.327285545349121
1789064083963500300,44.771500244140626,7.407061386108398,6.2204351882934565,1.1133037719726562
1789064083973537300,44.781537353515624,8.308179035949706,6.158784495544433,0.7344213592529296
1789064083983574300,44.79157421875,7.418433843994141,6.336404331207275,0.6666355247497558
1789064083993611300,44.801611328125,7.719953615570068,6.701071171569824,0.46357729644775386
1789064084003648300,44.811648193359375,7.657554734802246,6.3061775352478024,0.8801683853149413
1789064084013685200,44.82168530273437,7.627776851654052,7.255478493499756,0.712424631500244
1789064084023722200,44.83172216796875,12.237363235473632,5.144540817260742,1.5945383056640625
1789064084033759200,44.84175927734375,9.097367758178711,6.2024786758422845,1.4450503395080565
1789064084043795500,44.85179541015625,5.009866973876953,8.02566324005127,0.6465840858459472
1789064084053832200,44.861832275390626,3.5090018081665035,7.088482927703857,0.1031003089904785
1789064084063869200,44.871869140625,3.2181063064575195,6.657975541687011,-0.958877764892578
1789064084073906200,44.88190625,5.543773944091797,5.334281298828125,-0.3580827857971191
1789064084083943200,44.891943115234376,9.006986645507812,4.505887524414062,0.36317046432495115
1789064084093980400,44.90198046875,9.824756150054931,4.185363777160644,1.458816999053955
1789064084104017200,44.91201708984375,7.004536231994629,5.128230318450927,1.246780514526367
1789064084114054100,44.92205419921875,5.283853426361084,6.39057314376831,0.5065232887268066
1789064084124091100,44.932091064453125,4.43032053451538,6.688501612854004,-0.19213468322753904
1789064084134127000,44.94212719726563,7.573308763885498,6.217143161010742,-0.7826046676635742
1789064084144164400,44.952164306640626,9.960327819061279,5.91801759109497,-0.9139864837646484
1789064084154201300,44.962201416015624,8.648454946899413,6.876296805572509,-1.0178349807739258
1789064084164238300,44.97223828125,9.095272831726074,6.852654064178466,-0.8719383171081543
1789064084174275000,44.982275146484376,7.281665074157714,7.569118910980224,-0.8155249404907227
1789064084184312300,44.992312255859375,7.369651985168456,7.855076371765136,-1.1393407150268553
1789064084194349300,45.00234936523437,9.69831237487793,6.572083557128906,-1.0369885940551757
1789064084204386300,45.01238623046875,7.881711865234375,7.114370233154297,-1.0048165092468262
1789064084214423300,45.02242333984375,7.169885784149169,7.135020222473144,-0.7173626724243164
1789064084224459300,45.03245922851563,7.722647092437744,6.196493171691894,-0.6036380935668945
1789064084234496000,45.04249609375,7.192929975128173,6.715586019134521,-0.8719383171081543
1789064084244533200,45.052533203125,6.61383244857788,6.280589505004882,-0.4112041351318359
1789064084254570200,45.0625703125,6.377704309844971,6.6319385986328125,-0.7809586540222168
1789064084264607200,45.072607177734376,7.202506781768799,6.326228974151611,-0.8098387115478515
1789064084274644200,45.082644287109375,7.3192241127014155,6.348375339508056,-0.8268973983764648
1789064084284681200,45.09268115234375,7.492803733062743,6.39087241897583,-0.812083275604248
1789064084294718200,45.10271826171875,6.185270351409912,7.069179676818847,-0.7359177352905273
1789064084304755200,45.112755126953125,8.697087168121337,6.535272706604004,-0.5021837982177734
1789064084314791200,45.12279125976563,9.675268183898925,5.785289036560059,-0.16460136413574217
1789064084324828200,45.132828125,6.719775872039794,7.489810980987548,-0.2524386375427246
1789064084334865400,45.142865478515624,5.557839878845215,7.299023036193847,-0.37978023834228514
1789064084344902400,45.15290234375,7.044339834594727,7.0735191673278806,-0.8345289161682128
1789064084354939100,45.162939208984376,9.699359838104247,5.801749172973633,-0.6798036338806152
1789064084364976000,45.17297607421875,8.629750246429444,6.234950035858154,-0.5787982513427734
1789064084375013000,45.18301318359375,7.209689386749267,6.783222216033935,-0.6383540176391601
1789064084385050400,45.19305029296875,6.081421854400634,6.739827310943603,-0.546476528930664
1789064084395087400,45.20308740234375,6.095637426757812,7.036857954406738,-0.47584757995605464
1789064084405123300,45.21312329101563,7.772326776885986,6.088305184173584,-0.2780266677856445
1789064084415160000,45.22316015625,8.875904104614257,5.7998038841247554,-0.15786767196655271
1789064084425197000,45.23319702148437,5.189731373596191,6.760477300262451,0.043544542694091797
1789064084435234300,45.243234375,5.740846668243408,7.123797402191162,-0.5262754524230957
1789064084445271300,45.253271240234376,8.041375188446045,5.691316621398926,-0.5723638343811035
1789064084455308300,45.263308349609375,8.147617887115478,6.411672045898437,-0.9744400756835937
1789064084465345000,45.27334497070313,8.774449809265136,6.009446166992187,-0.6578069061279297
1789064084475382300,45.28338232421875,6.83783994140625,6.756885997772216,-0.09277531433105468
1789064084485419300,45.293419189453125,6.407631830596923,7.18888975982666,-0.042945992279052735
1789064084495455200,45.30345532226563,8.357559445190429,6.535571981811523,-0.1318307289123535
1789064084505492200,45.3134921875,9.420285707092285,6.623558892822265,-0.5223848747253418
1789064084515529200,45.323529296875,8.97631093673706,6.852205151367187,-0.6169558403015136
1789064084525566500,45.33356640625,7.850886518859863,7.169885784149169,0.02289455337524414
1789064084535603200,45.343603271484376,6.403741252899169,7.4968439483642575,0.9180266990661621
1789064084545640200,45.35364013671875,8.973168547058105,6.311115576171875,0.817769504547119
1789064084555677200,45.36367724609375,7.321468676757812,6.764068602752685,0.3022679595947265
1789064084565714200,45.37371411132813,7.4022729827880855,6.829011322784424,-0.36691140441894526
1789064084575751400,45.38375146484375,7.706935144042968,5.689820245361328,-0.4144961624145508
1789064084585787400,45.39378735351563,5.6860793052673335,6.9333087326049805,-0.2989759323120117
1789064084595824000,45.40382421875,5.251830979156494,6.173000067901611,0.5633855781555176
1789064084605861000,45.41386108398437,5.903053830718994,6.108356623077392,0.5672761558532714
1789064084615898000,45.42389819335938,6.910713454437255,5.591059426879882,0.4474164352416992
1789064084625935400,45.433935302734376,7.644236988067626,5.642085849761963,0.28954876327514645
1789064084635972400,45.443972412109375,7.314435709381103,5.886892969512939,0.23508067550659179
1789064084646009000,45.45400903320313,6.452523111724853,6.444442681121826,0.12015899581909179
1789064084656046000,45.46404614257813,7.886200993347168,6.743867526245117,-0.051774610900878905
1789064084666083300,45.474083251953125,8.673893339538573,6.179135209655762,0.07691372833251953
1789064084676119300,45.48411938476563,6.9253779396057125,7.477540697479248,-0.12285247268676758
1789064084686156300,45.49415625,7.736264114379883,7.180809329223632,-0.009576806640625
1789064084696193300,45.504193359375,8.135946154022216,6.826617121124267,0.3625719139099121
1789064084706230300,45.51423022460938,8.586056066131592,6.67817661819458,0.4165910888671875
1789064084716267300,45.524267333984376,9.207501034545897,6.12212328262329,0.45010991210937495
1789064084726304300,45.53430419921875,6.237942787933349,6.979995664978027,0.6637924102783203
1789064084736341200,45.54434130859375,6.0610711402893065,6.60156216506958,1.0043675964355467
1789064084746378000,45.5543779296875,6.732345430755615,6.0428153526306145,1.313967798614502
1789064084756415000,45.5644150390625,6.385036552429199,6.092794312286377,1.3344681503295899
1789064084766451000,45.574450927734375,6.436511888122558,5.960813945770263,1.012597664642334
1789064084776488000,45.584488037109374,6.618920127105713,5.78409193572998,0.6057330200195312
1789064084786524700,45.59452465820313,5.701940891265869,6.213102945709228,0.26126725616455077
1789064084796562000,45.60456201171875,7.117512622833251,5.745186158752441,-0.017357962036132813
1789064084806599000,45.614598876953124,7.73147571105957,5.781997009277344,0.020051438903808592
1789064084816636000,45.62463598632812,8.341398583984375,5.771821652221679,-0.01601122360229492
1789064084826673000,45.6346728515625,7.911489748382568,6.273257262420654,-0.503081623840332
1789064084836709600,45.644709716796875,7.331943309020995,6.870909851837157,-0.4682160621643066
1789064084846747000,45.65474682617187,7.1595607894897455,6.764068602752685,-0.5711667335510253
1789064084856782800,45.664782958984375,7.2888476791381835,7.1592615142822265,-0.4020762413024902
1789064084866819800,45.67481982421875,7.68059892578125,6.573430295562744,0.23074118499755858
1789064084876856800,45.68485693359375,8.436717737579345,6.261884804534912,0.3871124809265136
1789064084886893800,45.694893798828126,7.554454425811767,6.255300749969482,0.4182371025085449
1789064084896930800,45.704930908203124,6.726210289001465,6.034136371612549,0.11641805572509765
1789064084906967800,45.7149677734375,5.476437022399902,6.02635521621704,-0.5774515129089355
1789064084917004800,45.7250048828125,3.216310655212402,6.151302615356445,-1.246780514526367
1789064084927041800,45.735041748046875,2.4179940391540526,5.869086094665527,-1.5676035369873047
1789064084937079000,45.7450791015625,7.611915265655517,4.665850122833252,-1.7821838607788085
1789064084947115000,45.755114990234375,9.625289224243163,4.154239155578613,-0.7338228088378905
1789064084957152000,45.765152099609374,8.17799432067871,5.420023645782471,-0.5253776268005371
1789064084967188700,45.77518872070313,8.386888415527343,5.959018294525146,0.39803602600097654
1789064084977225700,45.785225830078126,5.979518646240234,7.402123345184326,0.39549218673706055
1789064084987263000,45.795262939453124,7.381473355865478,7.926902421569824,-0.07197568740844726
1789064084997300000,45.80530004882812,11.801618533325195,6.812551186370849,-0.4134486991882324
1789064085007337000,45.8153369140625,12.52586453552246,6.832153712463379,-0.8376713058471679
1789064085017373700,45.825373779296875,8.91271495513916,8.436867375183105,-1.0476128639221192
1789064085027410700,45.83541064453125,8.706364699554443,7.442974411010741,-1.2454337760925291
1789064085037446700,45.84544677734375,10.671555349731445,6.1732993431091305,-1.4719851081848143
1789064085047484000,45.85548388671875,7.646032639312744,6.1845221633911125,-0.8875006278991698
1789064085057521000,45.86552099609375,7.975684280395507,5.103091201019287,-0.5496189186096191
1789064085067558000,45.875557861328126,7.751078237152099,4.059368914794922,0.04144961624145507
1789064085077595000,45.885594970703124,6.176292095184325,4.1377790191650385,0.43798926620483397
1789064085087632000,45.8956318359375,6.762422589111328,3.951330564880371,0.8170213165283202
1789064085097668900,45.9056689453125,6.741174049377441,3.885490019226074,0.5538087715148925
1789064085107705900,45.915705810546875,6.710498340606689,4.735730883789063,-0.08319850769042968
1789064085117742800,45.92574291992187,7.715763762664794,5.038148480987549,-0.44577042160034175
1789064085127778800,45.93577880859375,7.224503509521484,6.182726512145996,-0.8590694831848144
1789064085137816000,45.945816162109374,8.920945023345947,6.382492713165282,-0.8396165946960449
1789064085147852800,45.95585278320313,12.409296842193603,5.237914682006836,-0.6519710395812988
1789064085157889800,45.965889892578126,9.674071083068847,6.866869636535644,-0.7550713485717773
1789064085167926800,45.9759267578125,8.82996536026001,6.785317142486572,-0.5174468338012695
1789064085177964000,45.98596411132812,10.218003772735596,5.410147563934326,-0.4327519500732422
1789064085188001000,45.9960009765625,8.130708837890625,6.056731649780273,-0.8652046249389648
1789064085198037800,46.006037841796875,7.972691528320312,5.322908840942382,-1.0850222648620604
1789064085208074800,46.01607470703125,8.221838138580322,4.7475522544860835,-1.50670103225708
1789064085218110700,46.02611083984375,7.376236039733886,4.853645315551757,-1.759588582611084
1789064085228147700,46.03614770507812,6.988225733184814,4.819677579498291,-1.6780360885620116
1789064085238185000,46.04618505859375,7.422324421691894,4.786906944274902,-1.3977648567199705
1789064085248222000,46.056221923828126,7.662043862915039,4.746055878448486,-0.6983586967468262
1789064085258259000,46.066259033203124,7.054066278839111,5.3467012199401855,-0.5517138450622558
1789064085268295700,46.07629565429688,7.359775903320312,5.525368518829345,-0.675464143371582
1789064085278333000,46.0863330078125,7.631218516540527,5.579238056182861,-1.0476128639221192
1789064085288370000,46.096369873046875,9.960178181457518,5.05610499343872,-1.6208745239257811
1789064085298407000,46.10640698242187,10.052654220581054,4.991311911010742,-1.386093123626709
1789064085308443000,46.11644287109375,8.34469061126709,5.600187320709228,-0.7977180656433105
1789064085318480000,46.12647998046875,8.609549169921875,5.331138909149169,-0.010474632263183592
1789064085328516900,46.13651684570313,8.17889214630127,5.539434453582763,0.7848492317199707
1789064085338553900,46.146553955078126,7.977479931640625,5.847687917327881,1.1085153686523437
1789064085348590800,46.1565908203125,9.256731806182861,5.398475830841064,1.2770073104858397
1789064085358627800,46.1666279296875,9.240122032165527,5.488856943511963,1.029207438659668
1789064085368664800,46.17666479492188,8.265382681274414,6.016329496765136,0.36840778045654293
1789064085378701800,46.186701904296875,8.131606663513184,6.172251879882812,-0.3859153800964355
1789064085388738800,46.19673876953125,9.34591581802368,5.461622899627685,-0.672920304107666
1789064085398774800,46.20677490234375,8.76562119064331,5.802497360992431,-0.773776049041748
1789064085408811800,46.21681176757812,8.234258059692383,5.593303990936279,-0.6640916854858399
1789064085418848800,46.22684887695313,7.479934899139404,5.657648160552978,-0.24750059661865234
1789064085428886000,46.236885986328126,7.2623618232727045,5.3202153640747065,0.719457598876953
1789064085438923000,46.246923095703124,7.009174997711181,4.964227504730224,1.138293251800537
1789064085448959700,46.25695971679688,6.096684889984131,5.1146132965087885,1.2788029617309569
1789064085458996700,46.26699682617188,5.613654705047607,5.467608403778076,0.6717232032775878
1789064085469034000,46.277033935546875,9.229048849487304,4.652233100891113,-0.25438392639160157
1789064085479071000,46.28707104492187,10.427646055603027,4.521749110412597,-0.4542997650146484
1789064085489107000,46.29710693359375,7.838167322540283,6.241683728027343,-0.1632546257019043
1789064085499144000,46.30714404296875,6.304232246398925,7.101651036834716,0.3251625129699707
1789064085509180700,46.3171806640625,8.627356044769286,6.32682752456665,0.6039373687744141
1789064085519218000,46.327218017578126,10.452036985015868,5.596596018218994,0.42332478103637694
1789064085529255000,46.3372548828125,10.235810647583007,5.68188945236206,-0.16340426330566404
1789064085539292000,46.3472919921875,10.021230323791503,4.821622868347168,0.047285482788085934
1789064085549329000,46.35732885742188,8.770858506774902,4.372410781860351,0.3859153800964355
1789064085559365600,46.36736572265625,7.152827097320556,4.388721280670166,0.7770680763244628
1789064085569403000,46.37740283203125,6.762272951507568,3.976768957519531,1.1716624374389648
1789064085579438800,46.38743896484375,6.538115821075439,4.028992481231689,1.0064625228881836
1789064085589475800,46.39747583007812,7.014711589050292,4.40503177947998,0.8562263687133789
1789064085599512800,46.40751293945313,8.081627703857421,4.6633062835693355,1.2773065856933592
1789064085609549800,46.4175498046875,7.6653358901977535,5.683834741210937,1.2740145584106444
1789064085619587000,46.427587158203124,8.297704403686524,6.572382832336426,1.0380360572814942
1789064085629623800,46.43762377929688,8.117540728759765,7.388356685638428,0.9153332221984862
1789064085639660800,46.44766088867188,8.690802388763426,8.073996186065674,0.29703064346313474
1789064085649697800,46.45769775390625,10.502764132690428,7.616105118560791,0.18570026626586913
1789064085659733800,46.467733642578125,10.621426752471923,7.667730091857909,0.08424597091674804
1789064085669771000,46.47777099609375,9.3722520362854,7.618349682617187,0.3028665100097656
1789064085679808000,46.48780810546875,9.211391612243652,6.93345837020874,0.48078562088012694
1789064085689844700,46.4978447265625,8.850465711975097,6.1267620483398435,0.8696937530517578
1789064085699881700,46.5078818359375,7.216572716522216,5.997325521087646,0.8406640579223632
1789064085709918700,46.51791870117187,6.975057624053955,5.4710500686645505,0.8161234909057616
1789064085719956000,46.5279560546875,5.706280381774902,5.155613999938964,0.9368810371398926
1789064085729993000,46.53799291992188,2.976591213989258,6.5114803276062005,0.591218172454834
1789064085740029200,46.548029296875,3.5212720916748044,6.61443099899292,0.5297171173095703
1789064085750065200,46.55806518554687,8.60550895462036,5.165938994598388,0.5379471855163573
1789064085760102100,46.56810205078125,10.226533116149902,5.842300963592529,0.042048166656494135
1789064085770139000,46.578138916015625,9.491513206481933,6.692392190551757,0.02259527816772461
1789064085780176100,46.588176025390624,10.378265646362305,6.178387021636962,0.018704700469970702
1789064085790213000,46.59821313476562,10.44470474243164,6.070199034118652,0.16460136413574217
1789064085800250000,46.60825,10.162637859344482,5.572504364013671,0.47644613037109373
1789064085810287000,46.618287109375,10.496180078124999,4.27140539932251,1.2817957138061522
1789064085820324000,46.62832397460937,9.682151513671874,3.2966660484313963,3.0219314079284665
1789064085830361000,46.63836108398438,7.041646357727051,3.905840733337402,1.961300072479248
1789064085840397000,46.64839697265625,7.356184600830078,3.7084687339782714,3.4108395401000973
1789064085850434000,46.65843408203125,7.093720243835449,2.470217562866211,2.7052982383728024
1789064085860471000,46.668470947265625,7.100902848815918,2.5775077247619627,3.3289877708435056
1789064085870508000,46.678508056640624,5.362562805938721,3.3002573509216306,3.2224457969665528
1789064085880545000,46.688544921875,4.919934774017333,3.5687072120666503,3.273921132659912
1789064085890582000,46.69858203125,6.3046811592102046,3.8099230293273925,2.9504046333312988
1789064085900619000,46.708618896484374,6.335057592773437,5.10698177871704,1.8707693222045898
1789064085910656000,46.71865600585937,7.9295958984374995,5.614402893066406,0.9347861106872558
1789064085920693200,46.728693359375,9.810540577697754,6.374711557769775,0.05566518859863281
1789064085930729200,46.73872924804687,10.137049829101562,7.146691955566406,-0.5530605834960938
1789064085940766200,46.74876611328125,10.799645138549804,7.855076371765136,-0.35778351058959956
1789064085950803000,46.758802978515625,11.369016220855713,7.6574050971984855,-0.1518821678161621
1789064085960840000,46.76883984375,10.542717372894286,7.228843000030517,0.6675333503723144
1789064085970877200,46.77887719726562,9.183259742736816,7.183353168487549,1.0407295341491698
1789064085980914200,46.7889140625,8.11439833908081,6.574777033996582,0.9826701438903808
1789064085990951200,46.798951171875,6.822277630615234,5.723638343811035,1.295412735748291
1789064086000988000,46.80898779296875,7.560140654754639,4.969165545654296,0.5572504364013672
1789064086011024000,46.81902392578125,8.199841410827636,4.191947831726074,0.9567828384399414
1789064086021061000,46.82906103515625,7.554753701019287,3.9088334854125972,1.5987281585693358
1789064086031098000,46.83909814453125,7.567472897338867,3.9555204177856442,1.6461632789611815
1789064086041135000,46.849135009765625,6.282684431457519,4.416553874969482,1.8227356513977049
1789064086051172000,46.859172119140624,5.871330658721924,4.985176769256592,1.2538134819030762
1789064086061209000,46.869208984375,7.2714897171020505,4.974702136993408,0.8031050193786621
1789064086071246000,46.87924609375,8.264484855651855,5.02438182144165,0.25917232971191406
1789064086081283000,46.889282958984374,8.559869485473632,5.613654705047607,0.11821370697021484
1789064086091320000,46.89932006835937,8.240093926239012,5.7620952079772945,0.919971987915039
1789064086101356000,46.90935595703125,9.57665700302124,5.71391189956665,1.5759832427978515
1789064086111393000,46.91939306640625,10.08048681488037,5.7140615371704095,2.4461259086608886
1789064086121430300,46.92943017578125,9.45530090637207,6.139930157470703,2.6900352027893066
1789064086131467000,46.939467041015625,8.96374137802124,6.358101783752441,2.3663690658569334
1789064086141504000,46.94950390625,8.300248242950438,6.357503233337402,1.8559551994323729
1789064086151541000,46.959541015625,7.944110746002197,6.159831958770751,1.415422093963623
1789064086161578200,46.969578125,7.025036583709716,6.042665715026855,1.2783540489196776
1789064086171615200,46.979615234375,6.675333503723144,5.67590394821167,1.6632219657897949
1789064086181652000,46.98965185546875,6.636278089141845,5.29896682434082,1.9764134704589842
1789064086191688000,46.99968798828125,7.031022087860107,5.360617517089843,1.8523638969421385
1789064086201725000,47.00972485351563,6.495319466400146,5.449801528930664,1.9021932189941406
1789064086211762000,47.01976196289063,6.570886456298828,5.942109245300292,1.58331548538208
1789064086221799200,47.029799072265625,6.777984899902344,6.317250717926025,1.4360720832824707
1789064086231836200,47.039836181640624,7.277924134063721,6.661566844177246,1.4465467155456542
1789064086241873200,47.049873046875,7.998578833770751,6.9059250511169425,1.3768155921936034
1789064086251910000,47.059909912109376,8.217498648071288,7.234678866577148,1.194407353210449
1789064086261947100,47.069947021484374,8.809614646148681,7.313388246154784,1.0760440086364746
1789064086271983000,47.079983154296876,9.264363323974608,7.140556813812255,1.1456254943847655
1789064086282020000,47.09002001953125,9.357587551116943,6.832752262878418,1.5400702178955077
1789064086292057000,47.10005712890625,8.923788137817382,6.494571278381347,1.8751088127136228
1789064086302094000,47.11009399414063,8.457667002105712,6.129455525207519,2.069637697601318
1789064086312131000,47.120131103515625,7.41903239440918,5.754164414978027,2.045546043395996
1789064086322168000,47.13016796875,6.884077960968018,5.533748224639893,1.7075146965026855
1789064086332205000,47.140205078125,6.427982544708252,5.24779076385498,1.6511013198852538
1789064086342242000,47.150241943359376,6.255001474761962,5.06912346496582,1.7983447219848632
1789064086352279000,47.160279052734374,6.334010129547119,5.061342309570312,2.0133739585876462
1789064086362315300,47.170315185546876,6.291812325286865,5.267243652343749,2.139518458557129
1789064086372352000,47.18035205078125,6.62071577835083,5.552303287506104,2.053776111602783
1789064086382389000,47.19038891601563,7.259817984008788,5.742642319488525,1.8460791175842284
1789064086392426000,47.20042602539063,7.696610149383544,6.066907006835937,1.6274585784912108
1789064086402463000,47.210462890625,7.7401546920776365,6.417507912445068,1.420509772491455
1789064086412500200,47.220500244140624,8.215254084014893,6.5674447914123535,1.2656348526000976
1789064086422537200,47.230537109375,8.460061203765868,6.725312463378906,1.0624269866943359
1789064086432574000,47.240573974609376,8.647257846069335,6.762721864318848,0.950647696685791
1789064086442611000,47.25061083984375,8.081178791046142,7.010372098541259,0.8732850555419921
1789064086452647000,47.26064697265625,7.846846303558349,6.732943981170654,0.8903437423706054
1789064086462684200,47.27068408203125,8.04361975250244,6.643460694122314,0.8001122673034667
1789064086472721200,47.28072119140625,7.856722385406494,6.37141953048706,0.8794201972961425
1789064086482758100,47.29075805664063,7.493402283477783,6.2976481918334954,0.8620622352600097
1789064086492795000,47.300794921875,7.502979090118408,6.246172856140136,0.7390601249694824
1789064086502832000,47.31083203125,7.55265877456665,6.133795015716553,0.6461351730346679
1789064086512869000,47.320869140625,7.3475056198120114,6.161926885223388,0.5071218391418457
1789064086522906000,47.330906005859376,7.327603818511962,6.069600483703613,0.5802946273803711
1789064086532942000,47.34094213867188,7.199962942504882,5.977274082183838,0.668431175994873
1789064086542979000,47.35097900390625,6.865522898101807,6.093991413116455,0.7073369529724121
1789064086553016000,47.36101611328125,6.7836711288452145,5.991639292144775,0.797418790435791
1789064086563053000,47.37105297851563,7.205649171447753,5.959467207336425,0.5740098480224609
1789064086573090000,47.38109008789063,7.3549875,5.927145484924316,0.47494975433349607
1789064086583127000,47.391126953125,7.509413507080078,5.920112517547607,0.33354221878051754
1789064086593164000,47.4011640625,7.427412100219726,6.1936500572204585,0.16071078643798828
1789064086603201000,47.41120092773438,7.528267845153808,6.2207344635009765,0.21173720932006834
1789064086613238000,47.421238037109376,7.966257111358642,6.294356164550781,0.14559738845825196
1789064086623274000,47.43127392578125,8.003666512298583,6.455964776611328,0.1274912384033203
1789064086633311000,47.44131103515625,7.87198542098999,6.500257507324219,0.24166473007202147
1789064086643348000,47.45134790039062,7.912088298797607,6.5300353904724115,0.23253683624267577
1789064086653385200,47.46138525390625,8.108712110137938,6.448931809234619,0.3051110740661621
1789064086663422200,47.47142211914063,8.115296164703368,6.338648895263671,0.40895957107543945
1789064086673459000,47.481458984375,7.6606971244812,6.056432374572753,0.3705027069091797
1789064086683496000,47.49149584960937,7.935431764984131,6.255600025177001,0.11133037719726561
1789064086693533200,47.501533203125,7.420528770446777,5.919214691925048,0.08020575561523437
1789064086703569200,47.51156909179687,7.491606632232665,5.935225915527344,0.08259995727539061
1789064086713606100,47.52160620117188,7.621043159484863,5.93717120437622,0.005237316131591796
1789064086723643100,47.53164306640625,7.165845568847656,5.789927802276611,0.46357729644775386
1789064086733680000,47.54168017578125,7.536647550964355,5.903502743530273,0.6552630668640136
1789064086743718000,47.5517177734375,7.286603115081786,5.89916325302124,0.8610147720336914
1789064086753755000,47.5617548828125,7.283011812591552,5.948244387054443,0.9510966094970703
1789064086763792000,47.5717919921875,7.510012057495117,5.990442191314697,0.9581295768737792
1789064086773828900,47.581828857421876,7.793276041412353,5.961861408996581,1.083376251220703
1789064086783865900,47.591865966796874,7.912088298797607,6.072892510986327,1.2005424949645995
1789064086793901800,47.60190185546875,7.59096600112915,6.168361302185058,1.424998900604248
1789064086803938800,47.61193872070312,7.758260842132568,6.256198575592041,1.3938742790222167
1789064086813975800,47.62197583007813,7.896675625610351,6.277746390533447,1.266682315826416
1789064086824012800,47.6320126953125,7.7413517929077145,6.29495471496582,1.1436802055358886
1789064086834049800,47.6420498046875,7.6753616096496575,6.33326194152832,0.946757118988037
1789064086844086800,47.65208666992187,7.652915969085693,6.29510435256958,0.8782230964660644
1789064086854123800,47.66212377929688,7.606079399108887,6.220584825897216,0.9048585899353027
1789064086864160800,47.672160888671876,7.5242276298522945,6.253205823516845,0.9485527702331542
1789064086874196700,47.68219677734375,7.4788874359130855,6.240336989593506,0.9427169036865234
1789064086884233700,47.692233642578124,7.470058817291259,6.186916365051269,0.9228151023864746
1789064086894271000,47.70227099609375,7.449857740783691,6.219537362670898,0.8562263687133789
1789064086904308000,47.71230786132813,7.360524091339111,6.291812325286865,0.7790133651733397
1789064086914344700,47.7223447265625,7.416488555145263,6.322338396453857,0.6842927619934082
1789064086924381700,47.73238159179687,7.567921810150146,6.298246742248534,0.6329670639038085
1789064086934419000,47.7424189453125,7.39928023071289,6.365434026336669,0.5832873794555664
1789064086944456000,47.7524560546875,7.454346868896484,6.433219860839843,0.4542997650146484
1789064086954492000,47.76249194335937,7.677306898498535,6.418705013275146,0.3972878379821777
1789064086964529000,47.77252880859375,7.7970169815063475,6.345382587432861,0.3757400230407715
1789064086974565600,47.782565673828124,7.735665563964844,6.382642350769043,0.32142157287597656
1789064086984603000,47.79260278320312,7.575104415130615,6.44189884185791,0.37065234451293944
1789064086994640000,47.80263989257813,7.5457754447937,6.406584367370605,0.39983167724609375
1789064087004676900,47.8126767578125,7.772925327301025,6.2952539901733395,0.4369418029785156
1789064087014713900,47.8227138671875,7.564180870056152,6.34583150024414,0.4752490295410156
1789064087024750600,47.83275048828125,7.254431030273437,6.439803915405273,0.47285482788085936
1789064087034787800,47.84278784179688,7.247996613311767,6.334309404754638,0.6202478675842285
1789064087044823800,47.85282373046875,7.460182735443115,6.2490159706115715,0.7130231819152831
