time,seconds_elapsed,z,y,x
1789063892899674400,0.04267431640625,-0.0004915829092264175,0.12233633985817431,0.172556853184849
1789063892909711400,0.05271142578125,0.13225041562914847,0.11628829186558723,0.1948766023468226
1789063892919749400,0.062749267578125,0.03066401833295822,0.2789315076708794,0.15470051317252217
1789063892929787400,0.072787353515625,-0.012144026780128478,0.23101181863248346,0.09689385556578635
1789063892939824400,0.082824462890625,0.009540566283464431,0.2883732897549868,-0.005219780474901199
1789063892949862400,0.0928623046875,0.011223989325761794,0.28656419450640674,-0.006380494817346334
1789063892959899400,0.1028994140625,0.02155833633542061,0.2272942594140768,-0.0001616203024983406
1789063892969937400,0.1129375,-0.03874561797976494,0.20308862344026565,-0.0467147702280432
1789063892979974100,0.12297412109375,-0.20654314780831337,0.20642507438659666,-0.13892740917503832
1789063892990012400,0.133012451171875,-0.20729542748034,0.14943477466404437,-0.11622238702252506
1789063893000049400,0.14304931640625,-0.2061976953715086,0.14835399369001387,-0.11785612570419907
1789063893010087400,0.15308740234375,-0.18420096761882304,0.12361176662147044,-0.0567263880893588
1789063893020125400,0.16312548828125,-0.09753916773200035,0.1051315225571394,0.19336875506713985
1789063893030162400,0.173162353515625,-0.09635492638349533,0.10369476775228977,0.19411876971684394
1789063893040200400,0.183200439453125,-0.5014636672496795,0.18108546594679353,-0.30152415549010037
1789063893050237400,0.193237548828125,-0.5021481423825025,0.18210194951295852,-0.30368381774201986
1789063893060275200,0.203275146484375,-0.5010983410686254,0.19549685313701629,-0.5244864501144737
1789063893070312400,0.2133125,-0.4586521150052547,-0.020503274324536323,-0.04881276542060077
1789063893080350500,0.2233505859375,-0.5436304918497801,0.34419103856682776,-0.4460088334660977
1789063893090387500,0.233387451171875,-0.15317454571425915,0.02594400407373905,-0.12027926119789481
1789063893100425500,0.243425537109375,-0.15604513271450995,0.029045477220416067,-0.11852576859407127
1789063893110462500,0.25346240234375,0.23486089527606963,0.19284370827972888,-0.22301000622361897
1789063893120500200,0.263500244140625,0.0921732567846775,0.2480073770970106,0.24337438353411853
1789063893130538500,0.27353857421875,0.019140753799676894,0.38808395630717274,0.20729827702455222
1789063893140575500,0.283575439453125,0.18508418019413947,0.18182547065913676,0.3324173064038157
1789063893150613200,0.29361328125,0.18647475776970385,0.18011223700046539,0.3334790904164314
1789063893160650500,0.303650390625,0.12439210334420203,0.1834352439433336,0.26302988192290067
1789063893170688500,0.3136884765625,-0.20662965704798697,0.06645078650712967,0.34650004616156216
1789063893180725200,0.323725341796875,-0.14925006574690342,-0.008059387814998627,0.38449718386158344
1789063893190763500,0.333763427734375,-0.1482961260229349,-0.009095745125412941,0.3839796627935022
1789063893200800500,0.343800537109375,-0.21581366497874258,-0.13381108907461164,0.4581435078959912
1789063893210838300,0.35383837890625,-0.35531565917134283,-0.03423603160083294,0.41682811249345536
1789063893220875500,0.36387548828125,-0.289719443666935,-0.033658523973822595,0.4111339194398373
1789063893230913300,0.373913330078125,-0.09310615372061729,-0.021193010154366494,0.40324857301749284
1789063893240951300,0.383951416015625,-0.030402737048268316,0.029869653084874152,0.4164832445785403
1789063893250988500,0.393988525390625,-0.031308161455392836,0.03066401833295822,0.4187514087062329
1789063893261026300,0.4040263671875,-0.011045710149407386,0.08857260194420814,0.42337673041932283
1789063893271063300,0.414063232421875,0.006844751328229904,0.16611995200514793,0.38973121205754574
1789063893281101600,0.4241015625,0.006600421178340912,0.1660252594590187,0.39325361403003334
1789063893291138300,0.43413818359375,0.25940789203345777,0.1222504151403904,0.2942212120655924
1789063893301176300,0.44417626953125,0.08110299671590328,0.20592004747390746,0.21251834976039827
1789063893311213600,0.454213623046875,-0.04463409149646759,0.2559025142610073,0.0743570295870304
1789063893321251300,0.464251220703125,-0.020591537129878996,0.17005378432273863,0.05616743903234601
1789063893331288300,0.474288330078125,-0.07374386612474917,0.09757482356727122,0.039950902116298675
1789063893341326600,0.48432666015625,-0.0719300947010517,0.09518354451656341,0.0430078785341233
1789063893351364400,0.4943642578125,-0.08025602449774742,0.12526304095983504,-0.08520948218666016
1789063893361401300,0.5044013671875,-0.32126550553143024,0.07052431955635548,-0.0748875562671572
1789063893371439400,0.514439453125,-0.21410276940762996,0.035303368571400644,-0.20470153852961956
1789063893381476400,0.524476318359375,-0.08247896124422549,0.09968202497959136,-0.28598222989998756
1789063893391514400,0.534514404296875,-0.08246610176265239,0.09947042805552482,-0.28402905000559986
1789063893401551400,0.54455126953125,-0.1757669012725353,0.1464800165116787,-0.22774229544252156
1789063893411589400,0.55458935546875,-0.29009879837334157,0.22581834164261816,-0.2935370291937142
1789063893421626400,0.56462646484375,-0.01915828945636749,0.1989560536801815,-0.30513094781041145
1789063893431664400,0.574664306640625,0.11959610123932361,0.3905734350353479,-0.6591035218097269
1789063893441702400,0.584702392578125,0.12001871056556701,0.3901449804902076,-0.6596647358890623
1789063893451739400,0.594739501953125,-0.1304150168955326,0.391406963250041,-0.4969456053033471
1789063893461777400,0.60477734375,0.2163531786829233,0.23394494947493075,-0.37767880908362567
1789063893471814400,0.614814453125,-0.12810966256260872,0.32385727559030053,0.005427504941448569
1789063893481852400,0.624852294921875,-0.4230944794118404,0.22587854739725588,-0.08883907086066901
1789063893491889400,0.634889404296875,0.03192307848334312,0.2782318349689245,-0.2520991033900529
1789063893501927400,0.644927490234375,-0.4858505030542612,0.021364275068044662,0.17228147030957042
1789063893511964400,0.65496435546875,-0.22084581392705438,0.24115502698421476,-0.02494622520804405
1789063893522002400,0.66500244140625,-0.6379366690099239,0.1300397538423538,0.12303133638501167
1789063893532039400,0.675039306640625,-0.7446440625816583,0.3065951751440763,-0.1825778233963996
1789063893542077200,0.6850771484375,-0.8280465684115886,0.5145300695717334,-0.6600513240538537
1789063893552115500,0.695115478515625,-0.717997463196516,0.5378671060174703,-0.827989869788289
1789063893562152400,0.70515234375,-0.6156394970059395,0.707480745357275,-0.9697643389575182
1789063893572191000,0.71519091796875,-0.4296995767652988,0.838601864695549,-0.9144305012051016
1789063893582228000,0.72522802734375,-0.6156558636188507,0.9867530292898415,-0.6933673182003199
1789063893592265700,0.735265625,-0.32111177627444265,1.0951420923382043,-0.6219442231733352
1789063893602303000,0.745302978515625,0.023279753300547597,0.9407751219689845,-0.43982232685089107
1789063893612341000,0.755341064453125,-0.5370809240758418,1.068929792717099,-0.43338783682398496
1789063893622378000,0.7653779296875,-0.6205705236673354,1.2346540234029293,-0.5230601436384021
1789063893632416000,0.775416015625,0.2693658069461584,0.5085732069939375,-0.1750371256932616
1789063893642453000,0.785452880859375,0.1718424213051796,0.569669772991538,-0.13746844253838061
1789063893652490800,0.79549072265625,-0.6932663420438766,0.7161375145435332,0.38227950781211256
1789063893662529000,0.805529052734375,-0.5233890833318233,0.522656677404046,0.4444218565355986
1789063893672566000,0.81556591796875,-0.4947551095217466,0.5681102685898543,0.45228411434330046
1789063893682603800,0.825603759765625,-0.9837848271340132,0.5972907703667879,0.7697940667334944
1789063893692641000,0.83564111328125,-0.9304138869524001,0.5524257927238941,0.8358804769076407
1789063893702679000,0.845678955078125,-1.2867401844710111,0.572571924173832,0.9403193410255014
1789063893712715800,0.8557158203125,-1.1794523606628178,0.5864017120838165,0.7233451078347861
1789063893722754000,0.865754150390625,-0.5383838233679533,0.4454068489849567,0.3890921835016459
1789063893732791000,0.875791015625,-0.594278729069233,0.5252841032981872,0.3096516401052475
1789063893742828800,0.885828857421875,-0.7659352724134921,0.7721417258381843,0.28094876577742395
1789063893752866000,0.895865966796875,-0.7600076359301805,0.8272446043789387,0.39542876611202954
1789063893762903800,0.90590380859375,-0.7456278129220009,0.8826543569117784,0.48286213489323854
1789063893772941800,0.91594189453125,-0.6036562137454747,0.9637702131092548,0.24227760127335785
1789063893782979000,0.92597900390625,-0.689160660290718,1.0077572388738394,-0.08740772288329898
1789063893793016800,0.936016845703125,-0.8964479044646024,1.167090891739726,-0.3726507517885417
1789063893803053800,0.9460537109375,-0.45785482714772224,1.110754672011733,-0.5342214429914951
1789063893813092000,0.956092041015625,0.12573884177803993,0.9227753548979759,-0.4725336331024766
1789063893823128800,0.96612890625,-0.2607043615847826,1.05374683663249,-0.20816950690113006
1789063893833166800,0.976166748046875,-0.9508324056029319,1.3140396948069333,0.00908500453568995
1789063893843204000,0.9862041015625,-1.1475059013038873,1.2583926263868808,0.22805267656594513
1789063893853241900,0.996241943359375,-1.0515805985093116,1.091804472348094,0.3161933898989111
1789063893863278800,1.00627880859375,-0.9982090738058089,0.9291524887144565,0.25235395493395624
1789063893873317000,1.016317138671875,-1.366715638461709,0.9579185644716024,0.08775324838533997
1789063893883355000,1.02635498046875,-1.1409832215368747,0.7456459331005811,-0.12789528915956616
1789063893893392000,1.036391845703125,-0.9000514819145202,0.5871031383514403,-0.2890716472826898
1789063893903430000,1.046429931640625,-1.0854524729728698,0.7237462359815836,-0.2867229652646929
1789063893913467000,1.056466796875,-1.111675878509879,0.7819774756759404,-0.07441767373308539
1789063893923505000,1.0665048828125,-0.75053428966403,0.806312875509262,0.14134345734082163
1789063893933542000,1.0765419921875,-0.8328460776478052,0.9447609767347573,0.40288390442356464
1789063893943580000,1.086579833984375,-1.5825065070867537,1.440896142438054,0.47373372960723936
1789063893953617000,1.096616943359375,-0.9307879809617996,1.325551268902421,0.41273083324246107
1789063893963655000,1.106655029296875,0.19837036274671555,0.8821399776488542,0.281205590082705
1789063893973692000,1.11669189453125,0.1226817922949791,0.9844365690410136,0.15762809105701744
1789063893983730000,1.12672998046875,-0.7381938635289669,1.095142676860094,0.2693704100560397
1789063893993768000,1.136767822265625,-1.1657897460132836,1.1816706212341785,0.32457514153607187
1789063894003805000,1.146804931640625,-0.679708941334486,0.9350508991032839,0.5500028033606708
1789063894013843000,1.156843017578125,-0.9673790512561797,0.8630915783077477,0.7480446648053825
1789063894023880000,1.1668798828125,-1.3739771538972854,1.1453273882210253,0.629004516948387
1789063894033918000,1.17691796875,-0.7405822199702262,0.7977607357412576,0.6009302228476852
1789063894043955000,1.186954833984375,-0.7641478044748305,0.8952683392912149,0.5302376340523361
1789063894053993000,1.196992919921875,-0.6930734498202801,0.9219038327604532,0.6647289604760706
1789063894064030000,1.207030029296875,-1.040606200030446,0.9761486331671476,0.786064452728629
1789063894074067700,1.217067626953125,-1.0263590634912252,1.20330202280581,0.6944656348310411
1789063894084105000,1.22710498046875,-0.8169768928647041,1.0690332530915736,0.6491796552971005
1789063894094143000,1.23714306640625,-0.4489624956399202,0.9809487269252538,0.5210387208133935
1789063894104180700,1.2471806640625,-0.4876619363903999,1.0348989282995462,0.44349465868808324
1789063894114218000,1.257218017578125,-0.34338206027150153,0.8564695298194884,0.48598662358932193
1789063894124256000,1.267256103515625,-1.1881477082937955,1.043437624064088,0.3848904940281063
1789063894134292700,1.277292724609375,-1.6456465616106986,1.3798393239289521,0.2301033985506743
1789063894144331000,1.2873310546875,-0.4933060797572136,0.7517062560528517,0.20108444401100276
1789063894154368000,1.297367919921875,0.09757716165482998,0.6852414410203694,0.14414331719242035
1789063894164405800,1.30740576171875,-0.8855418950468301,0.9477572359412908,0.35755298976935446
1789063894174443000,1.317443115234375,-1.2610101154088973,1.0181208119779825,0.40192795540560033
1789063894184481000,1.32748095703125,-0.8569862471699714,0.7627309234142303,0.22666893058996646
1789063894194517800,1.337517822265625,-0.8559890528261661,0.7607055550664663,0.23655571649521587
1789063894204556000,1.34755615234375,-0.7196510756224394,0.9764829796880483,-0.4562714304137975
1789063894214593800,1.35759375,-0.10385668031573295,0.2513017424672842,-0.4777224704498425
1789063894224630800,1.367630859375,-1.7223095300525426,1.1764461645841597,-0.7308459849841892
1789063894234669000,1.3776689453125,-0.6655167498528957,0.8641273510962724,-0.9075285397969186
1789063894244705800,1.387705810546875,-0.763311353650689,0.6666898852854967,-0.5648806024862453
1789063894254743800,1.397743896484375,-0.1919587421387434,0.8208774074345827,-0.3243669421454891
1789063894264781000,1.407781005859375,-1.056277816414833,0.8763017730146646,0.07653722317032516
1789063894274818800,1.41781884765625,-1.9765718758910893,1.4863123242229221,0.17906038985997438
1789063894284855800,1.427855712890625,-0.1905810240447521,0.8917360735118388,-0.24450112254172562
1789063894294894000,1.43789404296875,0.6664198361724615,0.6222393336623907,-0.6956788830783218
1789063894304930800,1.447930908203125,-0.5969049859195947,1.1691595147073268,-0.8668775265872478
1789063894314968800,1.45796875,-2.331222349151969,1.6503127998560667,-0.7083863158948719
1789063894325006800,1.4680068359375,-1.628148314321041,1.2168968329161405,-0.35033502121455967
1789063894335043800,1.4780439453125,-0.9332780442118644,0.8948638501435517,0.23288181375544517
1789063894345082000,1.48808203125,-1.3484656960219144,0.9443518114119768,0.6944536521323025
1789063894355119000,1.498119140625,-1.737191457363963,0.970323288014531,0.968035177077353
1789063894365156900,1.508156982421875,-1.4551917942941188,0.9814993465453385,0.6397725061349571
1789063894375193900,1.51819384765625,-0.4927250649988651,0.8413584699273109,0.06233016291316598
1789063894385232000,1.52823193359375,-0.349470440274477,1.0648913309812544,-0.46977012320589273
1789063894395268900,1.538268798828125,-0.35289807663559913,1.2758943808078764,-0.6567365004174411
1789063894405307000,1.548306884765625,-1.3293290338754653,1.7575678904384373,-0.2478790014769882
1789063894415343900,1.55834375,-0.947408276373148,1.5689543670743702,0.4203756123745814
1789063894425382000,1.5683818359375,-0.006768763482570648,0.8314496548533439,0.9572736906968057
1789063894435420200,1.578420166015625,0.32943302989602086,0.5477735830038786,1.14561248877272
1789063894445457000,1.588456787109375,0.17268413282632827,0.23038170403540134,0.8268436223626137
1789063894455495000,1.598494873046875,0.39697102711796756,-0.3402250575453043,0.020006138457357884
1789063894465532000,1.608531982421875,0.40401685397624965,-0.768913995963335,-1.0222115153577178
1789063894475570000,1.61856982421875,-0.7066197446137666,-0.6837257757604122,-1.854416445557773
1789063894485607000,1.62860693359375,-2.0683003115177154,-0.24156945300400257,-2.455913143181801
1789063894495645000,1.63864501953125,-1.249210956543684,-0.6357417893141508,-2.341360296806693
1789063894505682000,1.648681884765625,0.20217092407345771,-1.300802612093091,-1.7719205331787466
1789063894515720000,1.658719970703125,0.6258236218899488,-0.9185761496424675,-1.1812100179851055
1789063894525757000,1.6687568359375,0.6171656836599111,-0.9084621673852205,-1.1859092817172407
1789063894535795000,1.678794921875,1.5242653305202722,-0.8770417777270079,-0.43433509107884016
1789063894545832000,1.68883203125,0.04308393944501877,0.185021636351943,-1.0267515699401497
1789063894555869700,1.69886962890625,-1.0571715503841639,1.2469745757937432,-1.9209353288650513
1789063894565908000,1.708907958984375,0.8623334534168243,0.5979892740249634,-2.415502660729736
1789063894575945500,1.718945556640625,1.4292618187457322,0.6970096202254294,-2.6541391290217637
1789063894585983200,1.728983154296875,0.22302549605369568,1.44043729275465,-1.73342523669824
1789063894596020200,1.739020263671875,-0.7887690355122089,1.4099451238572596,-0.05601528067793697
1789063894606058200,1.749058349609375,1.5823019244253635,0.43421091670989986,1.1879307045422494
1789063894616095200,1.75909521484375,1.2311673503309488,0.10534954922199248,2.062720757819712
1789063894626133200,1.76913330078125,-0.21009061115682123,0.6642863312751054,2.190887995788455
1789063894636170200,1.779170166015625,-0.9049795859664678,0.2577712307423353,1.6851716395303606
1789063894646208300,1.789208251953125,-2.2077011834233997,0.5249912578314543,0.7615534040674566
1789063894656245200,1.799245361328125,-1.3869365887135265,0.10061492191553115,0.48508284315001216
1789063894666283300,1.809283203125,-0.6266898833304644,-0.44502924784421916,0.7221183425188065
1789063894676321300,1.8193212890625,0.1557160468906164,-0.6242769769698381,1.1743614672645926
1789063894686358300,1.829358154296875,-1.0215350043356417,-0.35711832467913623,1.9357488671153782
1789063894696396300,1.839396240234375,-0.8346358836740255,-0.000737082102894783,1.9621207412123678
1789063894706433300,1.849433349609375,0.5237585011661052,-0.31222762807309623,1.3338248839899898
1789063894716471300,1.85947119140625,0.9818956523865461,-0.045640638190507885,0.5344323092631995
1789063894726508000,1.869508056640625,1.4380956980645656,-0.04019990844130516,-0.5359359187591821
1789063894736546300,1.87954638671875,0.25823534112274643,0.6514800411939621,-1.593563907673955
1789063894746583300,1.889583251953125,0.3916284970462322,0.5209487044423818,-1.8960528165429829
1789063894756621300,1.899621337890625,-0.8365946165263652,0.6213409235179423,-1.9737801993459463
1789063894766658300,1.909658203125,-0.7094190199434757,0.7334867087513208,-1.844216538582742
1789063894776696300,1.9196962890625,-0.24591069707870483,0.07392097625732422,-1.6686062891766429
1789063894786733000,1.929733154296875,0.2540373049110174,0.09462298802435398,-1.9748849457174538
1789063894796771300,1.939771240234375,0.6214847159028053,0.08264671902656555,-2.3332852730311453
1789063894806809000,1.94980908203125,0.8426490942597389,0.13740589869618414,-2.502304307478666
1789063894816846300,1.959846435546875,0.37005730122923847,0.43058629647195334,-2.8277319011256097
1789063894826884400,1.96988427734375,0.05470072748064995,0.8898439761549234,-2.723020065285265
1789063894836921000,1.979921142578125,-0.6988304059118032,1.1797031205534934,-2.190822090945393
1789063894846959400,1.98995947265625,0.0520621956706047,0.801499337747693,-1.5479384670525789
1789063894856996400,1.999996337890625,-0.19090134204030035,0.47250703735649585,-0.7424161573991179
1789063894867034000,2.0100341796875,-1.3712018439650535,0.7610334718465804,-0.452265263512358
1789063894877071000,2.020071044921875,-0.4935428111225366,0.15930910294651984,-0.4232276042722165
1789063894887109400,2.030109375,1.3233587272942064,-0.8723124111175536,-0.5834765088194981
1789063894897146000,2.04014599609375,0.8421241936028003,-0.6046838032275438,-0.8303153901264071
1789063894907184400,2.050184326171875,-1.1202794562041758,-0.04285539138615131,-1.0446907659303397
1789063894917222100,2.06022216796875,-0.4853226797878742,-0.09364099124968052,-1.1851239034932106
1789063894927259100,2.070259033203125,0.1442529881119728,-0.4235474838763475,-1.0160057195201515
1789063894937297400,2.08029736328125,-1.711222903370857,0.5566816966027021,-0.588527070207335
1789063894947334400,2.09033447265625,-1.5740402920365333,0.40484570601582526,-0.241130842391029
1789063894957372200,2.1003720703125,0.08317629585862159,-0.11284370436966419,-0.9550693125203251
1789063894967409400,2.110409423828125,0.4736684823513031,-0.08688742533624172,-1.1668480228945612
1789063894977447200,2.120447265625,0.6176648653537035,-0.43540158779919147,-1.175166719232872
1789063894987484200,2.130484130859375,0.1874614307194948,-0.11376841799914836,-1.6811656187593935
1789063894997522400,2.1405224609375,-0.6120329969465732,0.07350421214997768,-1.5202666162729261
1789063895007559400,2.150559326171875,0.5199819052368402,-0.17014029356241225,-1.0828077306177466
1789063895017597200,2.16059716796875,0.6774357357054949,-0.2988409077554941,-0.47443778622336685
1789063895027635500,2.170635498046875,-0.20996961512565612,0.3109107002556324,0.33869375632479787
1789063895037672200,2.180672119140625,0.39329906060695646,-0.23862930789887904,1.0883375999551266
1789063895047710200,2.190710205078125,0.7245932081997394,-0.4189905512243509,1.218567469542101
1789063895057747500,2.20074755859375,0.624821751371026,-0.44157939965128895,1.0026391652077435
1789063895067785200,2.21078515625,1.1252128209531307,-0.9446399807035922,0.5411547493860125
1789063895077822200,2.220822265625,1.3126327506184576,-1.1226923625648022,0.03136354490444064
1789063895087860200,2.230860107421875,-0.2441074470490217,-0.6403413920640945,-0.42787119229435916
1789063895097897200,2.240897216796875,-0.8204840242028236,-0.35931963411569595,-0.05804696916863322
1789063895107935200,2.250935302734375,0.9291565803676843,-1.1258078642368317,1.040111621446535
1789063895117972500,2.260972412109375,0.6843617355763911,-0.9817278946042061,2.0526291335247455
1789063895128010200,2.27101025390625,-1.1884124967098235,-0.10694003328382969,2.870941805037856
1789063895138047200,2.281047119140625,0.13618950864374638,-0.6301514219611882,2.9769422193840143
1789063895148085200,2.291085205078125,0.13309680332541465,-0.6285287891954183,2.9945342824369665
1789063895158123300,2.301123291015625,1.802145867833495,-0.6975111400067806,1.3994181768849492
1789063895168160300,2.31116015625,0.8068301773816347,-0.3371440426647663,0.7401236625477671
1789063895178198300,2.3211982421875,0.28819384153485295,-0.24408289712965486,0.5927819877054542
1789063895188235300,2.3312353515625,-0.6038157882213592,0.06664367873072624,1.4528642281293869
1789063895198273300,2.341273193359375,0.2730734292924404,-0.3611643851995468,2.8519357835337518
1789063895208310300,2.351310302734375,1.5486130053132772,-1.0364818135768175,3.730936878634989
1789063895218348300,2.361348388671875,1.769482200115919,-1.520325068461895,3.88471435867846
1789063895228385300,2.37138525390625,-1.0605845736980437,-0.521069700473547,3.743606390593946
1789063895238423300,2.38142333984375,-1.879414985474944,-0.6650415335565805,2.4999451771318912
1789063895248460300,2.391460205078125,-1.3819985477894543,-0.6532125640749931,0.5676059723295271
1789063895258498300,2.401498291015625,-0.012575403934717178,-0.5716916342079639,-0.02462265580948442
1789063895268535300,2.411535400390625,1.1123638607740403,-0.30025837333798405,0.8351759819000959
1789063895278573300,2.4215732421875,1.1023720435917377,-0.29046354003250596,0.8635212018966675
1789063895288611000,2.431611083984375,0.4187070581078529,0.3033253596931696,4.4381984282836315
1789063895298648300,2.4416484375,-1.1366337941557167,1.439091138842702,4.419497527205944
1789063895308686300,2.451686279296875,-1.0688754321813583,1.8084224638849495,3.7524613127008077
1789063895318723300,2.461723388671875,-0.21233108355998992,2.091999167013168,4.288694095514715
1789063895328761300,2.47176123046875,-0.43340603006780143,1.9427321501314638,3.7158664430141446
1789063895338798300,2.48179833984375,1.7227058358937501,1.2160802558362482,1.951806414077431
1789063895348836000,2.491836181640625,4.28813441580534,-0.2807704135358333,0.35034517728239295
1789063895358873300,2.501873291015625,0.982460885053873,-0.3279728942155838,-1.1292724716074765
1789063895368911400,2.511911376953125,-2.5369933435440064,1.000848190137744,-2.0082333808287975
1789063895378948000,2.521947998046875,-1.4528987149208783,-0.6787053172498941,-1.3539910353146494
1789063895388986400,2.531986328125,0.20633505801558494,-2.1154010853886605,1.6278635060302913
1789063895399024000,2.542024169921875,-0.4844248541653156,-1.5933300989180803,3.9819147959753867
1789063895409061000,2.55206103515625,-2.063767344263196,-0.9714058225542306,4.724135430802405
1789063895419099400,2.562099365234375,-1.785081335785985,-1.1483932055324315,4.537629985633492
1789063895429136400,2.572136474609375,-1.5395950015991926,-1.5580179625183344,2.599797882503271
1789063895439174100,2.582174072265625,-1.190325052332878,-0.13595160823464392,0.012181271784286945
1789063895449211400,2.59221142578125,-0.11225625987052917,0.08334054650962353,-0.8565607152342796
1789063895459249200,2.602249267578125,0.36140579273998735,-0.3819172503709793,-0.559269155812636
1789063895469286100,2.6122861328125,0.24091478848755357,0.059011576417088506,0.31490375194717196
1789063895479324400,2.622324462890625,1.8269792803168297,-0.16297580876052378,0.849718155863136
1789063895489361400,2.632361328125,1.816717414021492,-0.11547931357026099,1.049247917778045
1789063895499399200,2.642399169921875,0.6453074900388718,0.2518313192993402,1.0958360659517348
1789063895509436400,2.6524365234375,-0.03111410018801689,0.6194196000665426,0.6278101195320487
1789063895519474200,2.66247412109375,0.017447393885254858,0.3894406316131353,0.07777615384813398
1789063895529511200,2.67251123046875,0.017862404426932335,0.39192251155674457,0.10825593818798661
1789063895539549400,2.682549560546875,0.17904957620501516,0.025422610548138616,-1.0286756698705255
1789063895549587200,2.692587158203125,-0.42747547097504135,0.042454409369826314,-1.490217076576501
1789063895559624200,2.702624267578125,-0.8502028706401586,0.27842589623630043,-1.8263244696699081
1789063895569662200,2.712662109375,0.03293313230872154,-0.20360592531263827,-1.5206667215064167
1789063895579698200,2.7226982421875,0.2646031225889921,-0.40928398072421546,-0.9496071746569126
1789063895589736200,2.732736083984375,0.29012334829270836,-0.2911737341284752,-0.6945591583333909
1789063895599773200,2.742773193359375,-0.49089784957170485,-0.3627905250966549,-0.7996281370483338
1789063895609811000,2.75281103515625,-1.122244618797302,0.10485971987843513,-1.289677406966686
1789063895619848200,2.76284814453125,-0.20712650065422056,0.22314473851919173,-2.0450946463666857
1789063895629886200,2.77288623046875,1.5045815558850764,-0.3479138584822416,-2.1572928924396635
1789063895639923200,2.782923095703125,0.897041778704524,0.20093641384243963,-1.9872493372499942
1789063895649961200,2.792961181640625,0.8917518556028604,0.20749358040094373,-1.9851853904575107
1789063895659998200,2.802998291015625,-0.10605097548961638,0.8671411459594964,-0.9525633941140025
1789063895670036000,2.813035888671875,1.2852531607836484,0.2970242137223482,-0.9837426684927195
1789063895680074200,2.82307421875,-0.12278525266945362,0.6918214039325714,-1.3412719851255417
1789063895690111200,2.833111328125,-0.5473088881015777,0.7753548426657915,-1.522011121852696
1789063895700149000,2.84314892578125,0.5919470712512731,-0.3015694559365511,-1.5876181510120628
1789063895710186200,2.853186279296875,-0.2811474301546812,-0.015507950255274771,-1.6473733854033052
1789063895720224300,2.863224365234375,-0.7310287942051887,-0.013371522748470305,-1.2074828156217932
1789063895730261000,2.873260986328125,0.16005495287775992,-0.49422144103646276,-0.8347117253892123
1789063895740299300,2.88329931640625,-0.6443026969105005,-0.04528057270646095,-0.5900539509810507
1789063895750336300,2.893336181640625,-1.3197002047866582,0.4956488434910774,-0.08342566750980913
1789063895760374000,2.9033740234375,-0.2633908241897821,0.16938158414959906,0.1721591591041535
1789063895770411300,2.913411376953125,-0.40529578787088394,0.5529939480006695,0.08145370984971523
1789063895780449000,2.923448974609375,-0.4091127158105373,0.5561386757671832,0.07145641277469694
1789063895790486000,2.933486083984375,0.39062545748353,0.5127694896399975,0.3234627233147621
1789063895800524300,2.943524169921875,0.4947247143834829,0.7680962498396635,0.3000633622225374
1789063895810562000,2.95356201171875,0.3423725909680128,0.7954583040177822,0.5306261949785054
1789063895820599000,2.96359912109375,0.9399678972393274,0.6425684204638004,0.5221682362999767
1789063895830637300,2.97363720703125,1.3767220686912536,0.28886662622988224,0.4050898169700056
1789063895840674000,2.983674072265625,-0.8288783430606126,0.936257352283597,0.2593659525878727
1789063895850712000,2.993712158203125,0.16676760225892065,0.3858154268532991,0.20151399453468619
1789063895860749300,3.003749267578125,0.1743815843939781,0.37518706533312796,0.18829561652131377
1789063895870787000,3.013787109375,-0.41901042496860025,-0.04171674274504184,0.029583894946053624
1789063895880824000,3.023823974609375,-0.6357452964454889,-0.5017863233327865,-0.04751658813022077
1789063895890862300,3.0338623046875,-1.2576245646238327,-0.32110300844609735,-0.37478659477345644
1789063895900899000,3.043899169921875,-1.0371861624538898,-0.5693132146388292,-0.3744705876268446
1789063895910937000,3.05393701171875,0.5310732080936431,-1.0518459714472292,-0.1027694696009159
1789063895920974000,3.06397412109375,0.019390344646573066,-0.827068663290143,0.14342559737712143
1789063895931012000,3.07401220703125,-1.8915490753829478,0.16314590463042258,0.6843331670690328
1789063895941050000,3.084050048828125,-0.5755933178216218,-0.10874386783540248,1.091966311846301
1789063895951087400,3.09408740234375,0.6091448742896318,-0.1468926889657974,1.4016988351680337
1789063895961125000,3.104125,0.4470411721885204,0.22424831584692,1.8993984737090766
1789063895971162000,3.114162109375,1.134617193636298,0.48823593688607214,1.9785113195210695
1789063895981200100,3.1242001953125,1.2795745306253432,0.5459451985329389,1.8220814252726734
1789063895991237000,3.134237060546875,0.8989315379738807,0.7717401592999696,1.5061597649872303
1789063896001275100,3.144275146484375,0.3231529267132282,0.9907014746546745,0.7711551990188658
1789063896011312000,3.15431201171875,-0.36318683093786236,1.1140285791158675,-0.2153594184052199
1789063896021350100,3.16435009765625,0.1856359688580036,0.6062111589252949,-0.8243989326242357
1789063896031387100,3.17438720703125,0.19307167181670665,0.596729044830799,-0.8319663722038269
1789063896041425200,3.184425048828125,0.22853753747344016,-0.017735563176870344,-1.8434600211270153
1789063896051462100,3.194462158203125,0.13756664221584797,-0.30977848135530944,-2.1763461140863596
1789063896061500200,3.204500244140625,0.680022245067358,-0.8908096063166856,-2.7030925450220704
1789063896071538200,3.2145380859375,-0.8105816388696432,-0.5203758729904889,-3.444206679911911
1789063896081575200,3.2245751953125,-0.990627824896574,-0.5403349574357271,-3.729702368403971
1789063896091613000,3.234613037109375,-0.3842413094043731,-1.028024950876832,-3.9164369461536404
1789063896101650200,3.244650146484375,-0.43639001431465146,-1.1875783839732408,-3.73128028524518
1789063896111688200,3.254688232421875,-1.031128177589178,-1.171923134201765,-3.463205979414284
1789063896121725200,3.26472509765625,-0.3882786020964384,-0.795531369253993,-3.750502287587523
1789063896131763200,3.27476318359375,-0.062194298106431956,-0.32593525090813635,-3.7187040045276283
1789063896141800200,3.28480029296875,-0.6998749465286731,0.1912877110093832,-3.4289597186803817
1789063896151838000,3.294837890625,-0.06605448066592216,0.32779929121434687,-3.605107143703103
1789063896161875200,3.304875244140625,0.48507718059420585,0.37932664935588833,-3.4583801666930314
1789063896171913200,3.314913330078125,0.09864859027862548,0.6069640231192112,-2.929871548390388
1789063896181950200,3.3249501953125,0.5867524252176285,0.4820364977240562,-2.2654233045518395
1789063896191988200,3.33498828125,0.2878752771049738,0.5744178443014621,-1.8839638809509573
1789063896202026200,3.345026123046875,0.08442366557121277,0.7365308987528085,-1.4349017243288456
1789063896212063000,3.35506298828125,0.1842342853665352,0.42622108699977396,-1.16845640793927
1789063896222101200,3.365101318359375,0.4355822050631046,0.17756722869277,-0.8228528722260147
1789063896232138200,3.37513818359375,0.4099269548028707,-0.3083826430827379,-0.2968087808733806
1789063896242176000,3.385176025390625,0.4380225839525461,-0.46016193504631514,-0.6790970199812203
1789063896252213200,3.395213134765625,0.30650749686062334,-0.6804384246528148,-0.9994812126334756
1789063896262251300,3.405251220703125,-1.7570821527481078,-0.4528659328192472,-1.2788529383525251
1789063896272288000,3.4152880859375,-1.6093302166044712,-0.15042904639840124,-1.1240919271644205
1789063896282326300,3.425326171875,-0.7189046411693095,-0.8858762415677308,-0.4966164829468354
1789063896292363300,3.43536328125,-0.9605389761030674,-0.47910570496916766,0.23021758124856276
1789063896302401000,3.445401123046875,0.260246680945158,-0.4086947826594114,0.3474189876373857
1789063896312438300,3.455438232421875,1.6113310350328682,-0.5572738172769546,0.49740693920478224
1789063896322476000,3.46547607421875,0.524728807502985,-0.16103461156487464,0.7367007023617624
1789063896332514000,3.47551416015625,0.11882394782304763,0.7558458400756121,0.5115553646098822
1789063896342551300,3.48555126953125,0.48247430461943147,0.4176362140059471,0.6844437147714197
1789063896352589000,3.495589111328125,-0.19192016369402407,0.37997196152210233,0.43432712696809317
1789063896362626000,3.5056259765625,-0.10635609591603279,0.6304828458726406,0.3371158029509708
1789063896372664300,3.515664306640625,0.03639291737377643,0.14678981311321257,0.7026432421982288
1789063896382701000,3.525701171875,0.3986000896245241,-0.2250239763945341,0.9582789222165942
1789063896392739000,3.535739013671875,0.4696586621880531,-0.0903437032699585,0.6948920435495675
1789063896402776300,3.5457763671875,0.7446183436185121,-0.39793899536728855,0.28785514763239767
1789063896412814000,3.55581396484375,-0.8347510344862937,-0.05320902761816978,0.17759795262459666
1789063896422851000,3.56585107421875,-0.85506784632802,0.008496610188484192,0.2133038010496646
1789063896432889300,3.575889404296875,-2.2804197981536385,0.1659954488426447,0.20155209805537014
1789063896442926000,3.585926025390625,-2.2888690620690584,0.35051731897890565,0.43127753013912584
1789063896452964000,3.595964111328125,-0.8590969557136297,-0.1461737270414829,0.653655777797848
1789063896463001300,3.60600146484375,-0.5982067161679268,-0.03421031263768673,0.6137516374327242
1789063896473039000,3.6160390625,0.12172434543967246,0.054797173592448234,0.2578600780695677
1789063896483077000,3.6260771484375,1.114447096788883,-0.019405542215704917,-0.19922968298979102
1789063896493114000,3.636114013671875,0.5892015719354152,0.47154725241363044,-0.6128751468591391
1789063896503152000,3.646152099609375,0.01814531302154064,0.6900953107923269,-0.4892261900324374
1789063896513189000,3.656189208984375,-1.7499252667307852,1.3377479026526211,-0.2043777134027332
1789063896523227100,3.66622705078125,-1.6613713694870471,1.4564619603604076,0.17874905888848006
1789063896533264100,3.67626416015625,0.5943804358780383,0.4389560654103756,0.6851163533359765
1789063896543302100,3.68630224609375,0.5594383018344641,0.3459562946736812,0.6864263399560004
1789063896553339100,3.696339111328125,0.19595278021097182,0.5190624523043632,0.3898535963281989
1789063896563377200,3.706377197265625,0.5410930823266505,0.049991234615445135,0.06994535062462091
1789063896573414700,3.71641455078125,-0.38629648836851116,0.240046773481369,-0.2700349383793771
1789063896583452400,3.726452392578125,-0.8521931676745415,0.35337972267270085,-0.43302251064293085
1789063896593489400,3.736489501953125,-0.9733294840931892,0.31488895623683927,-0.1871643474690616
1789063896603527400,3.74652734375,-2.0235306109428404,0.6462719511568545,-0.06130779759548604
1789063896613565400,3.7565654296875,-2.02550863301754,0.7775000380009413,0.07438121418021619
1789063896623602400,3.7666025390625,-1.2146119368493555,0.6720248165726661,0.14094715149961412
1789063896633640400,3.776640380859375,0.4901151747614145,0.24715572870373725,-0.01963854725398123
1789063896643677400,3.786677490234375,1.0875509065568447,0.19535072266459463,-0.2587047122001648
1789063896653715700,3.7967158203125,0.8587883281558751,0.5481143592655658,-0.5399432547044009
1789063896663752400,3.80675244140625,-0.10261047964692115,0.678515347635746,-0.7274449443690478
1789063896673790500,3.81679052734375,-0.6164625038266182,1.21484633012712,-0.7953193339385092
1789063896683827500,3.826827392578125,-0.6955038918375969,1.0335925218760966,-0.8580507345963269
1789063896693865500,3.836865478515625,-0.6535334665924311,1.2201321615755558,-0.6463306225415318
1789063896703902500,3.84690234375,-0.3596469663739204,0.8845154746085405,-0.1098140543501824
1789063896713940700,3.856940673828125,-0.2791641473829746,0.49367199046015736,0.15637721421308814
1789063896723977500,3.8669775390625,-0.061299395093321794,0.5095002587109804,0.025687983486056325
1789063896734015500,3.877015380859375,0.30677345432043074,0.03605097206830978,-0.31417576646618545
1789063896744053500,3.887053466796875,0.2936240498900413,-0.08652911341786385,-0.6382872360132634
1789063896754090500,3.897090576171875,-0.8258844219416379,0.3940864115923643,-0.6049550213843584
1789063896764128500,3.90712841796875,-1.0265396807551384,0.44265667349398136,0.009001564035937189
1789063896774165500,3.91716552734375,-1.1036673440992832,0.3371615783214569,0.9308526436958462
1789063896784203500,3.92720361328125,-1.494794905886054,0.6428939991563558,1.5384598600894213
1789063896794240500,3.937240478515625,-1.3774386925280093,0.8170148867875338,1.7692270563110708
1789063896804278500,3.947278564453125,0.14758827001452446,0.4888853407055139,2.289358599151671
1789063896814315500,3.9573154296875,0.7981780843704939,0.30228023455440994,2.674200504797697
1789063896824353500,3.967353515625,0.14703531230688094,0.48767128874063487,2.8133824732556936
1789063896834390500,3.977390625,0.6256932735085488,0.12369418420791625,3.023329584288597
1789063896844428500,3.987428466796875,-0.44870355244278903,0.506201801687479,2.5111393558412787
1789063896854465500,3.997465576171875,0.05575403592586517,0.7487339622437954,1.9806867638640104
1789063896864503600,4.007503662109375,0.535635401442647,0.07457038007676602,2.3225132652565836
1789063896874540500,4.01754052734375,-0.9809680161476134,0.5812777931988239,2.540942081169784
1789063896884578600,4.02757861328125,-1.3381634977161883,0.43479543859958647,2.5239447691395878
1789063896894616600,4.037616455078125,-0.7035521737366914,-0.1903326022416353,2.7753102244928476
1789063896904653600,4.047653564453125,-0.0518880081474781,-0.7521499081671238,2.536796067406237
1789063896914691300,4.05769140625,0.16138707826435564,-0.5900678333759307,1.3773906156025826
1789063896924728300,4.067728271484375,-0.3065180182546377,-0.24159517196714878,0.5550904818885029
1789063896934766600,4.0777666015625,-1.185895545452833,0.14251345096826554,0.16791333822794258
1789063896944803600,4.087803466796875,-1.1113818639993667,0.3667342942863703,0.24694804076980797
1789063896954841600,4.097841552734375,-0.7680623475700616,0.2588859139859676,0.37530930347330865
1789063896964878600,4.107878662109375,-0.4662766185343265,0.7863543755859136,0.4974258265683427
1789063896974916400,4.117916259765625,1.0920669226765631,0.11121522638499737,0.8732078986525535
1789063896984953300,4.127953369140625,0.2679354818820953,0.3199211051851511,1.4178218485817313
1789063896994991600,4.13799169921875,-0.5837105733036995,0.7214210079044103,1.7276869853071868
1789063897005028600,4.148028564453125,-0.17360358575880527,0.09377776937186717,1.7361571458801626
1789063897015066600,4.158066650390625,0.6348994932711124,0.021266659912467,1.074665121498704
1789063897025104600,4.168104736328125,0.7418103004604577,-0.4429074333846569,0.6697451081376522
1789063897035141400,4.178141357421875,-0.7681991256922484,0.34139410132467746,0.2916904514789581
1789063897045179600,4.1881796875,0.14920330399572848,-0.2237082176208496,0.6531136337451636
1789063897055216600,4.198216552734375,-0.9460404951512813,-0.20955109745264053,1.423687818005681
1789063897065254400,4.20825439453125,-0.007844283759593963,-0.020543606334924698,1.5970619789227842
1789063897075291400,4.21829150390625,0.3516781794518232,-0.7503443200498819,1.842538083976507
1789063897085329400,4.228329345703125,0.4050011888384819,-0.28838264210522174,1.2582352438680826
1789063897095366400,4.238366455078125,0.6065209555268287,-0.3798731773227453,0.6221891378451139
1789063897105404700,4.24840478515625,0.16148293985426426,-0.08025543997585773,0.2902117024295963
1789063897115441700,4.258441650390625,0.9114671944200992,-0.36823242388963695,-0.11825805756859481
1789063897125479400,4.2684794921875,-0.7189438041359186,0.4720920268148184,-0.21268647286891937
1789063897135516400,4.278516357421875,0.38307343466877936,0.11867372569739817,0.005118530323822051
1789063897145554400,4.288554443359375,-0.5438479339927434,0.25799159549474715,0.3533275540940463
1789063897155592400,4.298592529296875,1.4932090979993342,0.04005202440321445,0.5182861707022414
1789063897165629700,4.308629638671875,0.5396802929192781,-0.45899932100772856,0.626354294700548
1789063897175667500,4.31866748046875,-1.1464245358079672,0.8061363498985767,0.23109533219747244
1789063897185704400,4.328704345703125,0.37779286391735073,-0.3623755145549774,-0.13804715574178844
1789063897195742700,4.33874267578125,0.3807704184234142,-0.3645464288532734,-0.11717066419068724
1789063897205779500,4.348779541015625,0.16994740133881567,-0.11043956583738326,-0.6739611914627254
1789063897215817500,4.3588173828125,-0.16185001960098744,-0.5340677137345076,-0.42300694725885984
1789063897225854500,4.3688544921875,-0.7655220154374838,0.0333925665140152,-0.41868985124472524
1789063897235892500,4.378892578125,0.02949555907547474,-0.3546984040558338,-0.19986567933838814
1789063897245929500,4.388929443359375,0.5656318957775831,-0.5336532877147198,-0.010632489706017077
1789063897255967700,4.3989677734375,0.37384500307440754,-0.581850040128827,0.01825063655953854
1789063897266004500,4.40900439453125,-0.9701619599729776,0.1465846459299326,-0.08902206274475902
1789063897276042500,4.41904248046875,0.2541203070193529,-0.573690699070692,-0.15896777869556097
1789063897286079500,4.42907958984375,-0.4374041597932577,-0.15124270086884498,-0.2720363047970459
1789063897296117500,4.439117431640625,0.263044202709198,-0.015317980641126631,-0.31944650994334367
1789063897306155500,4.449155517578125,0.9051087653040886,-0.32443419869542117,-0.23806385603584349
1789063897316192500,4.459192626953125,-0.32651626566648484,0.6370370898216963,-0.26442257839031513
1789063897326230500,4.46923046875,-0.6332149011850357,0.8762181863844394,0.0325784736521542
1789063897336267500,4.479267578125,-0.44618075596690177,1.0217653059601783,0.1636827149208635
1789063897346305500,4.489305419921875,1.642322385624051,0.2645078455209732,0.36389154514111577
1789063897356342500,4.499342529296875,0.0040939913153648375,0.8588637314796447,0.4920621441107243
1789063897366380500,4.509380615234375,0.4549351403087377,0.6735498341828584,0.5592844995122402
1789063897376417300,4.519417236328125,-0.1322708738952875,0.3903746975928545,0.6291316504593938
1789063897386455600,4.52945556640625,-0.7739063974231482,0.7002174763560295,0.5003129628445953
1789063897396492500,4.539492431640625,-0.26044892551898957,-0.030099370187520978,0.5091735109746456
1789063897406530600,4.549530517578125,-0.9535036706387996,0.17576456318497657,0.2778761533990502
1789063897416567600,4.559567626953125,-0.7516524800390004,-0.04649696275889873,0.40806583710610866
1789063897426605600,4.56960546875,-0.43397652343213555,-0.2386485971212387,0.4560076649110764
1789063897436643600,4.5796435546875,0.6628758799552917,-0.4753057281643152,0.2604460029095411
1789063897446680600,4.5896806640625,-0.1814846943974495,0.06697334907650947,-0.1528003055743873
1789063897456718300,4.59971826171875,-0.6456301461219788,0.5281821628272533,-0.3030169513311237
1789063897466755300,4.60975537109375,-0.18429156851172446,0.5310866520971059,-0.33469818388260897
1789063897476793600,4.619793701171875,0.4494499868959188,0.6447434264153242,-0.38590683146379884
1789063897486830600,4.62983056640625,1.3765736001312732,0.3583072422027588,-0.2528603700861335
1789063897496868600,4.63986865234375,0.7808604543447494,0.6246814661175012,-0.43604697303064166
1789063897506905600,4.649905517578125,-0.1460135680437088,0.9888479557424783,-0.4700611055091023
1789063897516943400,4.659943359375,0.14645605111420154,0.8166758640915155,-0.6265394420091063
1789063897526980400,4.66998046875,0.3988268841177225,0.4818880291640758,-0.1549105757266283
1789063897537018600,4.6800185546875,-0.45810558703839777,0.5431552755534649,0.32840514815300703
1789063897547055400,4.690055419921875,-0.8766863884180783,0.7061673246711492,0.42918614735044536
1789063897557093600,4.70009375,-0.9339660264760256,0.3717278647899627,0.48594819127507505
1789063897567130600,4.710130615234375,-0.28911738612055776,0.056957566496729846,0.3654950348149985
1789063897577169200,4.720169189453125,-0.09045768503844738,-0.0977326444774866,0.21896869494356214
1789063897587207400,4.73020751953125,-1.2072504681706429,0.30128420925438404,0.14611227917782962
1789063897597244200,4.740244140625,-0.9245902953654527,-0.019960253489017487,0.3759004012342542
1789063897607282200,4.7502822265625,-0.3601999240815639,-0.24677578947544096,-0.24665230922624468
1789063897617319400,4.7603193359375,-1.2587772417902945,0.4332914637774229,-0.11084558935500681
1789063897627357200,4.770357177734375,-1.3910422704666852,0.05319850622415542,0.22460209772065282
1789063897637394200,4.780394287109375,-0.5888169565320015,0.40739539049863815,-0.16448014890886842
1789063897647432400,4.790432373046875,-0.5925456216663122,0.41190906853079795,-0.16307561587318778
1789063897657469200,4.80046923828125,0.1082160445690155,0.2810503995209932,-0.5651299376048148
1789063897667507200,4.810507080078125,0.36656478293836114,0.6137409699082375,-0.8121885626096278
1789063897677544400,4.82054443359375,0.998100937256217,0.14906711039543152,-0.3098053693622351
1789063897687582200,4.830582275390625,-0.3984346699297428,0.4847440031170845,0.1524391441117972
1789063897697619200,4.840619140625,0.08807575833797454,0.34255729988515377,0.17508133016116917
1789063897707657200,4.8506572265625,-1.0344248810470105,0.48907121866643427,0.2826217404909432
1789063897717695200,4.8606953125,-0.5107265856355429,0.31183892101645466,0.43896695213057096
1789063897727732200,4.870732177734375,-0.5799222869366407,-0.019243629652261732,0.42410066077969966
1789063897737770200,4.880770263671875,-1.7743793245077133,0.7495207287073135,0.30628676678203043
1789063897747807200,4.89080712890625,-1.5473352404624223,0.5892828204780817,0.6233417419463396
1789063897757845200,4.90084521484375,0.9751122758567332,-0.29410744949281215,0.7202159429635853
1789063897767882200,4.91088232421875,0.6299129370301961,0.21910335417389867,0.6983455450043082
1789063897777920300,4.920920166015625,0.6758738932162522,0.6135866561293601,0.682914751638472
1789063897787957200,4.930957275390625,0.362715706294775,0.49347208397388453,0.702270755624026
1789063897797995300,4.940995361328125,0.3808370539188385,0.9884382058978081,0.2681622763752937
1789063897808032300,4.9510322265625,0.01392681854367256,0.9218985720634459,0.5960745995100587
1789063897818070300,4.9610703125,0.3042857291579246,0.48068391407132144,0.9532931696932763
1789063897828107300,4.971107177734375,-0.21185060656666754,0.4762035537868738,0.9914330037996172
1789063897838145300,4.981145263671875,-0.4289151483893394,0.46823184425532816,1.0431016701079905
1789063897848182300,4.991182373046875,0.08984627514183521,-0.2699310396134853,1.0352744836136698
1789063897858220300,5.00122021484375,-0.5417366409271955,0.029964930152893064,0.710810620432347
1789063897868258300,5.01125830078125,-0.7676017443209886,0.035304537615180015,0.4855773852013051
1789063897878295300,5.02129541015625,-0.7927285867929458,-0.06108312199413776,0.6428976524181663
1789063897888333300,5.031333251953125,-0.42731881910860536,-0.11477847182452677,0.8719778454009443
1789063897898370300,5.041370361328125,-0.8363912029087543,0.46454643374085425,1.0324568689096718
1789063897908408000,5.051407958984375,0.49709670421183105,0.00009235445857048034,1.3507657896578311
1789063897918445300,5.0614453125,0.936072643366456,0.019244798696041107,1.1944498041126876
1789063897928483300,5.0714833984375,0.04879530282914638,0.7049760690599679,1.0667002070341258
1789063897938520300,5.081520263671875,0.08709843773841858,0.4776140051066875,0.8540773739859461
1789063897948558300,5.091558349609375,0.9787649531453847,0.22212416329979895,0.6499304736644029
1789063897958595300,5.10159521484375,-0.1349076521396637,0.38936464376747604,0.641121728786826
1789063897968633000,5.111633056640625,0.16618541845679283,0.27144670487344263,0.47570839068107307
1789063897978670300,5.12167041015625,0.09241875597834587,-0.16480477775335312,-0.09733202778734266
1789063897988708400,5.131708251953125,-0.5121744463562965,0.2360170795738697,-0.6573001256495714
1789063897998745000,5.1417451171875,-0.6512088230371474,-0.19001871398687362,-0.8267874351959675
1789063898008783400,5.151783447265625,0.33159985254108904,-0.5486749157577753,-1.0455287511244415
1789063898018821000,5.161821044921875,0.295698518076539,-0.47692251571118827,-1.2002859629202633
1789063898028858000,5.171858154296875,0.2942944964975118,-0.47670974974334235,-1.2133739925522355
1789063898038896400,5.181896484375,-0.5342646976113319,-0.2776215941160917,-0.9263587663426994
1789063898048933400,5.191933349609375,-0.9495493800550698,0.47239714724123477,-1.1283373096492142
1789063898058971100,5.20197119140625,0.2693576236397028,-0.24093057057857512,-1.6499541956767438
1789063898069008400,5.21200830078125,0.16752514262795448,0.31704233487844463,-2.505413379409909
1789063898079046100,5.222046142578125,0.8055354613959789,0.14410568859577177,-2.6581553789258003
1789063898089083100,5.232083251953125,0.8245745083868503,-0.02915945898890495,-2.3032127908505498
1789063898099121400,5.242121337890625,1.1009235983490944,0.1154138471186161,-1.9405697114005684
1789063898109158400,5.252158447265625,0.6935054114967584,-0.0008335282146930694,-1.7306076950594782
1789063898119196200,5.262196044921875,0.45641924138665196,0.32580957870185373,-2.076779386049509
1789063898129233400,5.2722333984375,-0.029026772519946096,0.4608475792229175,-2.1111650552541015
1789063898139271200,5.282271240234375,0.5187281057834625,0.06696107411682606,-1.8092165368720887
1789063898149309200,5.29230908203125,0.5248936426758766,0.05738309843242168,-1.8432386334612965
1789063898159346400,5.302346435546875,-0.5616507171869277,0.0707803401440382,-1.295737145397067
1789063898169384200,5.31238427734375,-0.5621715261906385,-0.20137597430348395,-1.3823726417988538
1789063898179421200,5.322421142578125,-0.2263397351682186,-0.4446487240940332,-1.437875041051209
1789063898189459200,5.332459228515625,-0.7148620877802372,-0.3778372875809669,-1.351864690810442
1789063898199496200,5.34249609375,-0.9356541256934404,0.03795709795057774,-1.4428417235478759
1789063898209534200,5.3525341796875,-1.1611831290006638,-0.044832828938961025,-0.948905821454525
1789063898219571500,5.362571533203125,-0.5017272866219282,-0.1254524260520935,-0.37301724701337513
1789063898229609200,5.372609130859375,0.2626648480027914,-0.2702192089051008,0.20197699067024513
1789063898239646200,5.382646240234375,0.006579378390312194,-0.21036475192308424,0.7340564714632928
1789063898249684200,5.392684326171875,-0.8076099295824766,0.048561494073271746,0.877004076065123
1789063898259721200,5.40272119140625,-0.2810650125682354,0.14656301862001417,0.4905806368486956
1789063898269759200,5.41275927734375,0.2105021145671606,-0.2651449743807316,0.1874593118276447
1789063898279797200,5.42279736328125,0.21170330705046653,-0.26675883931815625,0.16168038038881494
1789063898289834200,5.432834228515625,-0.7890677261978387,0.1478518893867731,-0.3442591718995944
1789063898299872300,5.442872314453125,-0.8764648546218872,0.12954524832367897,-0.18768738496247678
1789063898309909200,5.4529091796875,-0.18947803123891352,-0.06326455768644809,-0.011429380271327682
1789063898319947300,5.462947265625,-0.48487961219549175,0.19579846643209456,-0.30101828832719474
1789063898329984300,5.472984375,-0.7768681698381901,0.47817514612078665,-0.6760226540371775
1789063898340022300,5.483022216796875,-0.6549480095654726,0.5669879865616559,-0.8443436232179403
1789063898350059300,5.493059326171875,0.3086772421151399,0.2031990980774164,-0.5193007911048829
1789063898360097300,5.50309716796875,0.31594927894473074,0.20471300977170467,-0.24415616329526527
1789063898370134300,5.51313427734375,0.7064812129259109,0.27866087403595446,-0.22715654971012844
1789063898380172300,5.52317236328125,-0.5412666853278875,0.5899672956109047,-0.6292882292605936
1789063898390209300,5.533209228515625,-1.0190279899507761,0.7999053465545177,-0.7365381322111934
1789063898400247300,5.543247314453125,-0.7170470306038856,0.43806817665994163,-0.5064625715155154
1789063898410284300,5.5532841796875,0.3673679160147905,0.09935060106813907,0.0036181539645418525
1789063898420322300,5.563322265625,0.12434767968058585,-0.07360825704634189,0.44864546558000146
1789063898430360300,5.5733603515625,0.5080436301618814,-0.2287368594378233,0.4029376804374158
1789063898440397300,5.583397216796875,-0.6874047565340995,0.09027706777453422,0.037401016704086215
1789063898450435000,5.59343505859375,-0.8344441604942083,0.38603579160571094,-0.15153202093793078
1789063898460472300,5.603472412109375,0.16359832457304,-0.06979775884747505,0.08714549175053835
1789063898470510300,5.61351025390625,0.5620318254590034,-0.031421558701992036,0.6623138621583581
1789063898480547000,5.623547119140625,0.16113105767667293,0.319684373819828,1.1686208047207445
1789063898490585300,5.63358544921875,0.29842063651680945,0.48830900212228295,1.3868265524677932
1789063898500622300,5.643622314453125,0.49921150440871714,0.6247282278686761,1.0602142060156912
1789063898510660000,5.65366015625,0.15480477726459502,0.8224170380920172,0.9567657411746681
1789063898520697300,5.663697265625,0.682549133196473,0.622207184958458,0.8093848303005099
1789063898530735400,5.6737353515625,0.6872282309234142,0.6171575003534555,0.8031630331762134
1789063898540772000,5.683772216796875,-0.18172434837222098,0.25220249069929124,1.6310718005523084
1789063898550810400,5.693810302734375,-0.8101017463982105,0.22036825954318046,1.5006792877495287
1789063898560847400,5.703847412109375,-1.383832777479291,0.17985329380333423,0.9804405582074075
1789063898570885000,5.713885009765625,-1.7940414718329905,-0.10204466245770454,0.7276887630622834
1789063898580922600,5.723922607421875,-0.787763657861948,-0.5546206724196672,0.4761095918931067
1789063898590959900,5.7339599609375,-1.0146627804785966,-0.7799450930655002,0.5831817271240055
1789063898600997600,5.74399755859375,-2.1604127780258655,-0.20925299128890038,0.9778206580325961
1789063898611034600,5.75403466796875,-1.3845605072319507,-0.48530806674063204,0.8467913086310028
1789063898621073000,5.764072998046875,0.02563420747220516,-0.5675368526160717,0.3176536717098206
1789063898631109600,5.774109619140625,-0.14582535199522972,0.17708499813377857,-0.4579917879329994
1789063898641147600,5.784147705078125,1.4732698872983454,0.12397650828063488,-0.36481052314955736
1789063898651184600,5.7941845703125,0.7197247253805399,0.4232195670962333,-0.3908778978746384
1789063898661222700,5.80422265625,0.36029403210580346,1.2649293346792458,-0.24207711026519535
1789063898671259600,5.814259765625,-0.42479602263271804,1.1947896305263042,-0.3665250354498625
1789063898681297700,5.824297607421875,0.2847112601161003,1.2214181097328662,-0.8493598439447582
1789063898691334700,5.834334716796875,1.0754635784000157,0.6251303789287805,-0.8637753227882087
1789063898701372700,5.84437255859375,1.329797820430994,0.18670038321912288,-0.7340605631165206
1789063898711409700,5.85440966796875,0.5312257683068513,0.21751871533095835,-0.30676223880667236
1789063898721447700,5.86444775390625,-0.18463585190474985,-0.06247194600403309,0.09449114180561155
1789063898731485700,5.874485595703125,-0.019299743753671644,-0.12161971602141856,0.26270886980760844
1789063898741522700,5.884522705078125,0.2780477105736732,-0.504168834555149,0.04414928538789972
1789063898751560700,5.894560791015625,-0.9861287599116563,0.04257189826965332,-0.18056551545960828
1789063898761597700,5.90459765625,-1.2916905003547667,0.28423487477600573,-0.5487235406724735
1789063898771635700,5.9146357421875,-0.685990213561058,-0.12325754635632037,-0.4192850041262805
1789063898781672700,5.924672607421875,-0.6874217076689004,-0.1217623393625021,-0.4157853254422545
1789063898791710700,5.934710693359375,0.7886690822690725,-0.13687456829845904,-0.4588512908391654
1789063898801747500,5.94474755859375,0.8083920198708772,-0.43320904619097705,-0.18208960148803888
1789063898811785700,5.95478564453125,0.34555239004790783,0.19553250897228716,-0.32861922929510473
1789063898821822700,5.96482275390625,0.23395839347839353,0.4474684576898813,-0.3691628731401637
1789063898831860700,5.97486083984375,0.7131167054176331,-0.01872574325799942,-0.24888560296995563
1789063898841897700,5.984897705078125,-0.739409669059515,0.7167512625277042,-0.30676220227405426
1789063898851935700,5.994935791015625,-0.10270049601793288,0.41326808192431924,-0.5495962683863937
1789063898861972500,6.004972412109375,0.28145430414676664,-0.0649023880213499,-0.5775447441503405
1789063898872010800,6.0150107421875,1.0467676452696322,-0.2021452051103115,-0.9294809900164603
1789063898882048500,6.025048583984375,0.4555541489899158,-0.3572685468047857,-0.7712960687942803
1789063898892085800,6.035085693359375,-0.728689537602663,0.037509938704967494,-0.7625583433263003
1789063898902123800,6.045123779296875,-0.88304306396842,0.14930442628264426,-0.26649708310943093
1789063898912160500,6.055160400390625,-0.6929214741289615,-0.22304770788550377,-0.28305236872686074
1789063898922198800,6.06519873046875,-0.028465631505846977,-0.026598668590188026,-0.7181661708269268
1789063898932235800,6.07523583984375,0.3205518043041229,-0.3282563873320818,-1.0742829903133213
1789063898942273500,6.0852734375,-0.21022446666955946,-0.1884288144469261,-1.0499707521598785
1789063898952310500,6.095310546875,-1.2212719792604445,0.2860141594082117,-1.0401477887384594
1789063898962348800,6.105348876953125,0.36531916679143905,-0.37421558995246884,-0.7140503330059349
1789063898972385500,6.115385498046875,1.7438263653337955,-1.0637298859864472,-0.1032936213391833
1789063898982423800,6.125423828125,-0.4461842630982399,-0.23244974248111247,0.35154359328672286
1789063898992460800,6.135460693359375,-1.2080828273415565,0.13782324732542037,0.5717242213033139
1789063899002498600,6.14549853515625,0.4533107539772987,-0.67153264914155,0.2048166162766516
1789063899012535600,6.15553564453125,0.46352293591201305,-0.1768003359735012,-0.05276075412770733
1789063899022573800,6.16557373046875,0.7989490687429904,-0.514318472647667,0.18354034828562288
1789063899032611600,6.175611572265625,0.11668109057545661,-0.027774726632237432,0.35697033104319126
1789063899042648800,6.18564892578125,0.1815840631186962,0.2786263872444629,0.10589742889571935
1789063899052686600,6.1956865234375,0.1219885493338108,0.48200844067335125,0.09554558276198803
1789063899062723600,6.2057236328125,0.6758849991321564,0.7045552132993936,-0.33520540275238453
1789063899072761900,6.215761962890625,0.629312633049488,0.9293214155405759,0.06375615886198356
1789063899082798600,6.225798583984375,-0.08008592862784862,1.2089596101760864,0.3186001222470775
1789063899092836600,6.235836669921875,-0.9444920966655015,1.572432856839895,0.6351920464769005
1789063899102873600,6.24587353515625,0.5437023880422115,0.7992839997857809,0.9790021229021251
1789063899112911600,6.25591162109375,1.0343459705919027,0.25230712011754514,0.9577340016849338
1789063899122948600,6.265948486328125,-0.2588806532889604,0.4997311443686485,0.9440713139701634
1789063899132987000,6.27598681640625,-2.2950585643589494,0.6229688169807195,0.8193492480192333
1789063899143023600,6.286023681640625,-1.6918080088049172,0.1929027449905872,0.4690259172424674
1789063899153061600,6.2960615234375,-0.5548328538656234,-0.5895224744528532,0.8516712626922875
1789063899163098600,6.3060986328125,-0.9596540099620818,-0.707540366590023,1.56095883827582
1789063899173136600,6.31613671875,-1.4644599733769892,-0.390487510317564,1.7595239929422735
1789063899183174700,6.326174560546875,-1.7582751619249581,-0.16862813543379307,1.8815061125352979
1789063899193212000,6.3362119140625,0.20807225707173346,-0.618989976477623,1.4655711494892836
1789063899203249700,6.346249755859375,0.34659225448966025,-0.2561673026770353,0.8440521659906953
1789063899213286700,6.35628662109375,0.12587386633455752,0.2946627452880144,0.4524721111960709
1789063899223324700,6.36632470703125,-0.398285032325983,0.5320633881747723,0.6348318348623812
1789063899233361700,6.376361572265625,0.08441139061152934,0.6900479645192623,0.7229429567746818
1789063899243399700,6.386399658203125,0.9755424839675426,0.42721418969035146,0.8739418389502912
1789063899253436700,6.396436767578125,0.6210498316168784,0.5329039306521416,0.6600672522753477
1789063899263474700,6.406474609375,0.04896715226471424,0.734685563147068,0.21781784440800547
1789063899273511700,6.41651171875,-1.1005085878074168,0.8873626807332038,0.28756765419421715
1789063899283549700,6.4265498046875,0.21573241643607616,0.17320260374248025,0.3314830212283879
1789063899293586700,6.436586669921875,0.222732066065073,-0.2099228533744812,0.5435747430745512
1789063899303624700,6.446624755859375,-1.0123580106675625,0.09368424586951732,0.3963633435484022
1789063899313661700,6.45666162109375,-1.7028034500718117,0.3386006712138653,0.09264469195501879
1789063899323699700,6.46669970703125,0.024794834038615224,-0.3781663734048605,-0.05127460722317919
1789063899333736700,6.47673681640625,-0.4502414295345545,-0.1495692146986723,-0.14870477988906203
1789063899343774500,6.4867744140625,-0.9368255075603723,0.5114671748697758,-0.2860742738313041
1789063899353812700,6.496812744140625,-0.9779460379779338,0.4342454035013914,-0.13476448080930858
1789063899363849700,6.506849609375,0.7956997115582227,0.32068039911985396,-0.029654549029469488
1789063899373887700,6.5168876953125,1.4069459420412778,0.20315525893568992,0.05655157951172441
1789063899383924700,6.5269248046875,0.7364344526410103,0.7560387322992086,0.14674201018242164
1789063899393962500,6.53696240234375,1.0965087045162916,0.8285410739302634,0.1649294635789469
1789063899403999500,6.54699951171875,0.6532850447893143,0.783569128781557,0.07506426454093307
1789063899414037800,6.557037841796875,0.3573872047483921,1.0646177747368812,-0.03530926858922467
1789063899424074800,6.56707470703125,0.22051322097182272,0.9784346982777118,-0.08924779779203236
1789063899434112800,6.57711279296875,0.8308797460108995,0.45848786435425276,0.16693510431293399
1789063899444149800,6.587149658203125,-0.07728314616680144,0.3266138808220625,0.3913417890593409
1789063899454187500,6.5971875,-1.3676374294817446,0.5740601169049739,0.7832521717868745
1789063899464224500,6.607224609375,-0.6589800415605306,-0.3094938191950321,1.0067436779171228
1789063899474262800,6.6172626953125,-1.3046096031606196,-0.5471563278883695,1.0780685732666402
1789063899484299800,6.6272998046875,-1.6001146444916725,-0.5954957036435604,0.8311001107633114
1789063899494337500,6.637337646484375,-1.5171347479879855,-0.809179370856285,0.7870994948647916
1789063899504375800,6.647375732421875,-1.490520297306776,-0.9518015428960322,0.7753592265799641
1789063899514412500,6.65741259765625,-1.0624877769708634,-0.4447136060237884,0.5739820832327008
1789063899524450800,6.667450927734375,0.5303618449538946,-0.7659498854607343,0.43008028317857533
1789063899534487800,6.67748779296875,0.5013660520941019,-0.34030396800041196,0.3973313848629594
1789063899544525600,6.687525634765625,0.00824877290725708,0.609560469353199,0.4864998338084668
1789063899554562600,6.6975625,0.6176461606532335,0.38047348130345343,0.5400900427639485
1789063899564600800,6.707600830078125,0.6265718099087476,0.6814578308284283,0.19932806533034889
1789063899574637800,6.717637939453125,0.8720493762671947,0.7557458868324756,-0.08984316986929625
1789063899584676000,6.727676025390625,1.3942185624152421,0.2829033339112997,-0.3129372376471758
1789063899594713000,6.737713134765625,2.3213380839973685,-0.17402268795371054,-0.2595934412008151
1789063899604750800,6.747750732421875,1.9843746585965156,-0.5311503649830818,-0.2650271201547235
1789063899614787800,6.757787841796875,0.2593704826325178,-0.1566740782678127,-0.22399010330215094
1789063899624825900,6.767825927734375,-1.0804290918529034,-0.1882674864053726,-0.5332885825881735
1789063899634862800,6.77786279296875,-0.33244156406223774,-0.3218669785559177,-0.8804378499060869
1789063899644901000,6.787901123046875,-0.2563017427116632,-0.7474047594666481,-0.7987760502636432
1789063899654937900,6.797937744140625,-0.8573609257012605,-0.26246611056029795,-0.6725703216262161
1789063899664976000,6.807975830078125,-0.8519728029221296,-0.2882791817307472,-0.4993018130406737
1789063899675014100,6.81801416015625,0.36462007861137385,-0.40396366248428817,-0.4445027032194659
1789063899685051000,6.82805078125,0.3734071961790323,-0.21778934896588326,-0.43332843478694555
1789063899695089000,6.8380888671875,1.2847165696889162,0.01542611719071865,-0.9277113499954343
1789063899705126000,6.8481259765625,1.1172060401082038,0.2918997103154659,-1.1351933860890566
1789063899715164000,6.858163818359375,-0.1490115808159113,0.9732879830390214,-1.0292692518495024
1789063899725201000,6.868200927734375,-0.023279753300547597,1.090136831396818,-0.9899873350359499
1789063899735239000,6.878239013671875,0.4126180935829878,0.7694745524555444,-0.8965378477703779
1789063899745276000,6.88827587890625,0.224238963496685,0.8031026812911033,-0.797774033614248
1789063899755314000,6.89831396484375,1.0334025522619485,0.19629180290699003,-0.5324423775549978
1789063899765351000,6.908350830078125,0.4240542643547058,-0.29442133774757384,-0.24121647484786807
1789063899775389000,6.918388916015625,-1.3747101443469523,0.08061784354746342,-0.06199932352360338
1789063899785426000,6.928426025390625,-1.4206640862703324,-0.37219255969226356,-0.16600878324825316
1789063899795464000,6.9384638671875,-0.6572510258108377,-1.0318307729005813,-0.5566237193377688
1789063899805501000,6.9485009765625,-0.34539982983469963,-0.9630658642321824,-1.0685934734348208
1789063899815539000,6.9585390625,-0.7938426855146884,-0.8969248743265866,-0.9821947814635932
1789063899825576000,6.968575927734375,-1.9024322884470224,-0.25674247221648694,-0.8059343245204538
1789063899835614000,6.978614013671875,-0.7804185557961464,-0.22887656016945837,-0.6793088361009955
1789063899845652000,6.98865185546875,0.19660978281497954,-0.29296938537359235,-0.35929570525083687
1789063899855688700,6.998688720703125,0.14912205545306204,0.09909458048045634,-0.06899683599444106
1789063899865727000,7.00872705078125,0.14468962596356869,0.10376549490094185,-0.08179227588800712
1789063899875764000,7.018763916015625,1.272180328720808,0.36361411643922326,-0.2462321293191053
1789063899885802000,7.028802001953125,0.9502566515415907,0.478215478131175,-0.5866466998208314
1789063899895839000,7.0388388671875,1.4446066873937844,0.6506681402891874,-0.4978232649207115
1789063899905877000,7.048876953125,0.21281799029409884,0.49311143396794793,-0.05284399369806051
1789063899915913700,7.058913818359375,0.1614589744567871,0.9302619112610816,-0.0276383047030773
1789063899925952000,7.068951904296875,0.9176713097572327,0.3090443218618631,-0.18023147946596144
1789063899935989000,7.078989013671875,0.5294786323785782,0.4290338063329458,-0.33747857184875757
1789063899946027000,7.089027099609375,-0.13926234021782874,0.5354641365289687,-0.39171380070950834
1789063899956064000,7.09906396484375,-0.6957622505128384,0.4779518587589264,-0.24218254340104758
1789063899966101800,7.109101806640625,-0.7708674681186676,0.19919336956739425,-0.03596095569729805
1789063899976138800,7.119138671875,-0.10964636963307857,-0.11434066492915153,0.03180464430202264
1789063899986177000,7.129177001953125,-0.06188859315812587,-0.3557353458881378,0.2873573541780934
1789063899996214000,7.139214111328125,-1.056352635216713,-0.248155845656991,0.2415156769901514
1789063900006251800,7.149251708984375,-1.1239525917589663,0.20434709906876086,-0.19156499358080326
1789063900016290000,7.1592900390625,-0.26457857266962526,-0.6134738434046506,-0.11960804740544408
1789063900026326800,7.169326904296875,-1.0203086774110794,-0.14262567917108535,0.14981405630521474
1789063900036365000,7.179364990234375,-0.40702889527380465,-0.22598083872795105,0.5387581731056794
1789063900046402000,7.189402099609375,-0.08010521785020827,-0.5245359152793884,0.866658915400505
1789063900056439800,7.199439697265625,0.062414078336954115,-0.2505120533943176,0.8245265045266598
1789063900066476800,7.209476806640625,-0.1979921770840883,-0.048557402420043944,0.5181251349216327
1789063900076515000,7.21951513671875,0.2743511941432953,-0.12686053928434848,0.5199375911710784
1789063900086551800,7.2295517578125,-0.4190881663799286,0.3275076147913933,0.49398839946556833
1789063900096590000,7.239590087890625,0.3675549630194902,0.3384609704822302,0.4149373303107917
1789063900106627000,7.249626953125,0.8302677515923976,-0.10340309132933616,0.7809596769355237
1789063900116664800,7.259664794921875,-0.15066168611049652,0.5903180087447166,0.5085207461543381
1789063900126701800,7.269701904296875,-0.3365940075665712,0.6992518461942673,0.5356242224615066
1789063900136740000,7.279739990234375,0.3879951089799404,0.01686053390800953,0.6835515882372856
1789063900146776800,7.28977685546875,0.17112170581519603,0.20373861178159713,0.9151919140316546
1789063900156814800,7.29981494140625,0.5652233149766922,-0.13415712603330612,1.055459558834508
1789063900166852000,7.30985205078125,-0.7307318570852279,-0.14521861827373503,1.182262011256069
1789063900176889900,7.319889892578125,-1.2750345491081476,0.24290216291248798,1.0200086715511978
1789063900186926800,7.3299267578125,0.2676139948427677,-0.49303953777551646,0.9879277721576392
1789063900196964900,7.33996484375,0.6247416718721389,-0.4526110812753439,1.0542582932859659
1789063900207003000,7.3500029296875,-0.052771220722794526,0.055741760966181754,1.0230844987999648
1789063900217040000,7.360039794921875,-0.5696960764765739,0.34914076992869375,1.1708024596087634
1789063900227078000,7.370077880859375,0.09434241751730442,0.4266548022419214,1.1036511966820806
1789063900237115000,7.380114990234375,1.54929806496799,0.06593816080987452,1.028247799847275
1789063900247153200,7.390153076171875,0.9564531680941581,0.47730187041759486,0.7958184425670654
1789063900257190000,7.40018994140625,1.12064478238523,0.7326677935838699,0.42108423556797203
1789063900267228000,7.410227783203125,1.5331278514117002,0.4108095828562975,0.17664193054139612
1789063900277265000,7.420264892578125,0.7231587914824485,0.9698001409232616,-0.2285102110750973
1789063900287303000,7.430302978515625,0.9435819960832595,0.7259592358559369,-0.1082747524863109
1789063900297340000,7.44033984375,-0.08803717989325523,0.5243395159244537,0.2851884857064113
1789063900307378000,7.4503779296875,0.2801829690366983,0.3188005767226219,0.6122542019492014
1789063900317415000,7.460414794921875,-0.1656944200694561,-0.5241372713506222,1.0115221443653106
1789063900327453000,7.470452880859375,-1.6997089911878107,-0.23933599486351012,0.6655747636504471
1789063900337490000,7.480489990234375,-1.9386948574393987,-0.7380956638514995,0.3180646636635065
1789063900347528000,7.49052783203125,-1.0464531724929809,-1.3924445384800432,0.24046642366554585
1789063900357565000,7.50056494140625,-0.992280268278718,-1.6117787788003681,0.40980705475024876
1789063900367603000,7.51060302734375,-0.7350199096679687,-1.6408698487281799,0.6462254086013883
1789063900377640000,7.520639892578125,-0.5559826084226369,-1.475719618538022,0.4241383624415844
1789063900387678000,7.530677978515625,-0.5145242243528366,-0.7965139505505562,0.39399719893895085
1789063900397715700,7.5407158203125,-0.3096627460211515,-0.5366097994327544,0.43116442515347153
1789063900407753000,7.5507529296875,0.5836264021515846,0.0841740747243166,0.07456718347268179
1789063900417791000,7.560791015625,0.8271610177487134,0.3880038768082857,-0.10970451129479333
1789063900427827700,7.57082763671875,0.41277240736186505,0.9644494275450706,-0.4214608868606388
1789063900437866000,7.580865966796875,1.0268599987506866,1.0527338601976632,-0.5527198072344064
1789063900447903000,7.590903076171875,1.8168173672646284,0.4124988511174917,-0.6962434581585228
1789063900457940700,7.600940673828125,1.7459008335202932,0.5508545978844166,-0.6924814022112638
1789063900467978000,7.61097802734375,1.155416236037016,0.2928840451776981,-0.7649550292044878
1789063900478016000,7.62101611328125,0.18969956503510474,0.2701449746251106,-0.9456846674509346
1789063900488052700,7.631052734375,-0.37340485809147356,0.31194355043470856,-1.1513750708874315
1789063900498091000,7.641091064453125,-0.5377618920773267,-0.043267479318380354,-1.145405860284716
1789063900508128000,7.6511279296875,-1.0176806669950484,0.05813128645122051,-1.213269436199218
1789063900518165800,7.661165771484375,-0.638604193007946,-0.10687105970084666,-1.2338377385839818
1789063900528203000,7.671203125,-0.603810527524352,0.019617723661661146,-0.9161158970087766
1789063900538241000,7.681240966796875,0.11221242072880268,-0.2645195359587669,-0.6898406784441322
1789063900548277800,7.69127783203125,-0.656161477008462,0.31885552178025245,-0.7745609158091247
1789063900558316000,7.70131591796875,0.13188508944809435,0.3629945232361555,-0.7561593630041926
1789063900568353000,7.71135302734375,0.9707195938557386,-0.1521352657943964,-0.7119370671790093
1789063900578390500,7.721390625,0.04090425731837749,0.6178548349678517,-0.8516980045687407
1789063900588428500,7.731428466796875,0.04906301385462284,0.32009587723016736,-0.8734685223501175
1789063900598465500,7.741465576171875,-0.21191139684319496,0.41019875748157497,-0.8671928030814975
1789063900608503600,7.751503662109375,0.5221037196964026,0.11641922476887702,-0.7763199613709002
1789063900618540500,7.76154052734375,0.1422621065557003,-0.3742401398718357,0.002066102216951549
1789063900628578300,7.771578369140625,-0.387055782303214,0.008975333616137504,0.40677700287196783
1789063900638615600,7.781615478515625,-0.03839198223650455,-0.4986977096676826,0.6910157866381108
1789063900648653600,7.791653564453125,-0.03517944993078709,-0.5024310509771108,0.6851172301188111
1789063900658690600,7.801690673828125,-1.3435364229261875,0.0622013123691082,-0.6035310164632275
1789063900668728600,7.811728515625,-0.6266448751449585,-0.4387228411763906,-0.769632811757177
1789063900678765600,7.821765625,-0.5762976666986942,-0.41191257566213607,-0.8741038245789706
1789063900688803300,7.83180322265625,-0.7441326059281825,0.17717676807045935,-0.8167595968522131
1789063900698840600,7.841840576171875,0.8812257854133844,-0.5800958899378776,-0.35177557541169224
1789063900708878600,7.851878662109375,-0.12992869468331336,0.22229951986670493,-0.18020208897469564
1789063900718915600,7.86191552734375,-0.790512664309144,0.9917255570054053,0.05639691410639788
1789063900728953600,7.87195361328125,0.5524976889163256,0.37930093039274215,-0.29719662941349667
1789063900738990600,7.881990478515625,0.930253727954626,0.8341793720781803,-0.541849124858342
1789063900749028400,7.8920283203125,1.310155546849966,0.42260874172151086,-0.22439305807985363
1789063900759065600,7.902065673828125,1.2464099276483058,0.36006489952504633,-0.2988157185153104
1789063900769103600,7.912103515625,-0.4853834700644016,1.1820242569774388,-0.5492397830989212
1789063900779140400,7.922140380859375,-0.48330023404955863,1.1796727254152297,-0.5546258600514382
1789063900789178600,7.9321787109375,0.5455857175707817,0.5303361259907484,-1.237643122216314
1789063900799216400,7.94221630859375,0.4755313536137342,0.27209026347398757,-0.964361530065909
1789063900809253400,7.95225341796875,-0.12356851200163364,-0.03283259454369545,-0.1555998731650412
1789063900819291600,7.962291748046875,-0.8163134605199098,0.13270809626877308,0.08074113200041465
1789063900829328600,7.97232861328125,-1.3539485113471745,-0.012101356682181357,0.5309539656281471
1789063900839366400,7.982366455078125,-0.4332084616690874,-0.6948106488764285,0.15152196533479728
1789063900849403600,7.992403564453125,0.04770926115810871,-0.7565040117233991,-0.6536435028381645
1789063900859441400,8.00244140625,-0.4209808482587337,-0.5301274516761303,-1.2200835731934756
1789063900869478400,8.012478515625,-0.2763350614368915,-0.6859411137223244,-1.1907439353320748
1789063900879516700,8.0225166015625,-1.2668360450834035,-0.18912030384242534,-0.28365093740820885
1789063900889553700,8.0325537109375,-1.0666390514314175,-0.19837854605317115,0.6689695206552744
1789063900899591400,8.04259130859375,0.4459878637433052,-0.38561785845458507,0.9913722135230898
1789063900909628400,8.05262841796875,0.7375099729180336,-0.2449783846646547,1.0963454037133604
1789063900919666400,8.06266650390625,-0.210602067810297,0.4249298781454563,0.5222743270229548
1789063900929703400,8.072703369140624,-0.022390695506334303,0.7285895843595266,0.07221355128493159
1789063900939741700,8.08274169921875,0.7834533934473991,0.4256178604096174,0.0843770316842012
1789063900949778400,8.0927783203125,1.045468253108859,0.34556466500759125,0.3310102160848677
1789063900959816400,8.10281640625,0.3244336141735315,0.5820271502614021,0.6613939708344638
1789063900969853400,8.112853515625,-0.12957622798383236,0.5612456435173749,1.0011065488129853
1789063900979891500,8.122891357421874,0.3140197721868753,0.1663730499833822,1.3883483552075921
1789063900989929500,8.132929443359375,0.8984802870750427,-0.28958032745718953,1.394875272758305
1789063900999966700,8.142966796875,0.07278583474755286,0.06166238318681717,1.4053531198918818
1789063901010004500,8.15300439453125,0.5960591827452183,-0.4585299499303102,1.0515683966148643
1789063901020041500,8.16304150390625,-0.35071371833384035,-0.18766718242466449,1.1103830622203648
1789063901030079500,8.17307958984375,-0.3499351351767778,-0.1886690529435873,1.116771155822277
1789063901040116500,8.183116455078125,-0.30040333476662634,-0.1135790329068899,1.4009388105809688
1789063901050154500,8.193154541015625,-0.2884878560453653,0.047263270956277845,1.3158258475713431
1789063901060191500,8.20319140625,0.07429974644184112,0.33160862036943434,0.8781002007387578
1789063901070229500,8.2132294921875,1.467360370993614,-0.19549451504945753,0.8681658858973532
1789063901080266500,8.2232666015625,0.6106313134551048,-0.11057985109090804,0.9193225840955972
1789063901090304500,8.233304443359375,-0.7947346659183502,0.6284679989188909,1.0953572694588452
1789063901100341500,8.243341552734375,0.9243290140807628,-0.2862216646790504,1.072764913900569
1789063901110379500,8.253379638671875,1.552815133178234,-0.8349234684437513,0.7138675237849355
1789063901120416500,8.26341650390625,-0.21028291885852812,-0.08284136481583118,0.1850152248774655
1789063901130454500,8.27345458984375,-0.10851824238598345,-0.4071124819040298,-0.24408222127621992
1789063901140491500,8.283491455078124,-1.144873214712739,-0.23737550844550132,-0.11960141673525794
1789063901150529500,8.293529541015625,-1.1449801822185515,-0.23717677100300788,-0.10843473795414901
1789063901160566500,8.30356640625,0.513038954231143,-1.2802321177512406,0.7720473986182361
1789063901170604500,8.3136044921875,-1.3620838870078325,-0.1757932047575712,0.5414133272569627
1789063901180641500,8.3236416015625,-1.5345494086474178,-0.2271019517123699,0.07048950397130102
1789063901190679600,8.333679443359374,-0.983654478752613,-0.44316871466934676,-0.3578901858344674
1789063901200716500,8.343716552734374,-0.9871545958280563,-0.4390121795117855,-0.3475201464569196
1789063901210754300,8.35375439453125,0.537444496691227,-0.49550855823755263,-0.20265067041441798
1789063901220792600,8.36379248046875,0.8147206383705139,-0.49112464406490325,-0.057882910313876344
1789063901230829600,8.37382958984375,-0.3294838833004236,0.2269540676742792,-0.06870072085838765
1789063901240867600,8.38386767578125,-0.5179448464512825,0.47669396765232086,0.029366425403626634
1789063901250904600,8.393904541015624,0.339492651617527,0.47178398377895353,-0.34757790452614423
1789063901260942300,8.4039423828125,1.1743114906430243,0.17493337305784223,-0.42590719874501226
1789063901270979300,8.413979248046875,0.4927729957938194,0.3950011883497238,-0.6648045099303126
1789063901281017600,8.424017578125,0.4948211604952812,0.39263971991539,-0.6651032006159424
1789063901291054600,8.4340546875,-0.4148831159055233,0.23434593149125574,-0.35390360041633245
1789063901301092600,8.444092529296874,1.0516314519137144,-0.21198972277641295,-0.4744632859908044
1789063901311129600,8.454129638671875,1.2715847009152172,-0.4124515048444271,-0.05075195332225412
1789063901321167400,8.46416748046875,-0.39224809024929996,-0.09808628022074699,0.12225255229854956
1789063901331204400,8.474204345703125,-0.33726796130537984,0.490364181086421,-0.26836673117252063
1789063901341242600,8.48424267578125,-0.30611119101941586,-0.009372808501124381,-0.29955742199439556
1789063901351279600,8.494279541015626,-0.654853901541233,0.6385007326334714,-0.5767705449074506
1789063901361317400,8.5043173828125,1.0047685784518718,0.1564174731582403,-0.49335784647706893
1789063901371354600,8.514354736328125,0.9615607203662395,-0.12720423815548418,-0.23641413433374836
1789063901381392400,8.524392333984375,-0.4518254838556051,0.6717120973616838,-0.1395053369271569
1789063901391429400,8.534429443359375,-0.9894365692853927,0.7919996879965067,-0.31839915631487964
1789063901401467600,8.544467529296876,0.14680442616045475,0.15886895796358586,-0.35890995733626185
1789063901411504400,8.55450439453125,1.125529631817341,-0.08112403950393199,-0.4740223372902721
1789063901421542400,8.56454248046875,-0.23004969560205935,0.3576993394374847,-0.38358657182268796
1789063901431580400,8.574580322265625,-0.6540630434244871,0.0737169781178236,-0.14853324098074808
1789063901441617400,8.584617431640625,-0.9253723856538534,0.22293957133591175,-0.4502290084443986
1789063901451655700,8.59465576171875,-0.6213356628209352,0.06740706431865692,-0.17275770951919256
1789063901461692700,8.604692626953126,0.3303939838826656,-0.6717728876382112,0.22901969496719538
1789063901471730400,8.61473046875,-0.39874680461883544,-0.3635392976373434,0.9091821522228419
1789063901481767400,8.624767333984375,-1.322000298422575,-0.15574001228809356,1.640812711713463
1789063901491805400,8.634805419921875,-0.16926994046866892,-0.49702480801939963,1.7180068644225597
1789063901501842400,8.644842529296875,0.7148667639553546,-0.7028378879874945,1.4746718630507587
1789063901511880400,8.65488037109375,-0.4262497285723686,-0.4047346468567848,1.429545604123175
1789063901521917700,8.664917724609374,-1.3018529979288578,0.3145785751134157,1.2281551629029213
1789063901531955500,8.67495556640625,-1.3104945695459842,0.3246399504005909,1.232389731732756
1789063901541992400,8.684992431640625,1.940157915729284,-0.6349713894635438,1.470069191560894
1789063901552030500,8.695030517578125,0.8448539108276367,0.12229600784778594,1.6474059724986552
1789063901562067500,8.7050673828125,-1.0141051465958357,1.101778169351816,1.7700830886185168
1789063901572105500,8.71510546875,0.03247837427854538,0.8242991985768079,1.3696794567033648
1789063901582142700,8.725142822265624,1.7430080346882342,0.43356326645612714,0.869839737393707
1789063901592181000,8.735180908203125,1.2359569226950406,0.5114753581762314,0.7927021371774375
1789063901602218000,8.745218017578125,0.5181850849479437,0.7477870367825031,0.8784936570357531
1789063901612255700,8.755255859375,0.25680150892734527,0.44112697970867154,0.9504892912536859
1789063901622293000,8.76529296875,-0.08884849627614021,0.4995388366669416,0.40290059983003884
1789063901632331000,8.7753310546875,-0.24956863506436347,0.39048867936134335,0.13697868626005946
1789063901642367700,8.78536767578125,-0.041271921586990355,-0.09642857614159583,-0.1139296547091566
1789063901652406000,8.795406005859375,-0.8016179956912994,0.10939151808917522,-0.3241804796626791
1789063901662443800,8.80544384765625,-0.8151216203868389,0.01364449447095394,-0.13333057554867117
1789063901672480800,8.815480712890626,0.09892506913244724,-0.6437853950381278,0.17468089613411575
1789063901682519000,8.82551904296875,-0.1600596290528774,-0.4844903206169605,0.07244491235539317
1789063901692556000,8.83555615234375,-0.8402192367643118,-0.07997896112203598,-0.4275518972121179
1789063901702593800,8.84559375,-1.037407696250081,0.268708219820261,-1.0977032480631024
1789063901712631000,8.855631103515625,0.4551537514954805,-0.15716858378648757,-1.2024712710700929
1789063901722668800,8.865668701171876,0.7615969509482383,-0.2260305230885744,-0.4994272660512477
1789063901732705800,8.875705810546876,0.3414221583753824,0.01094224977493286,0.2159806555761024
1789063901742744000,8.885744140625,0.30864743149876595,0.04495967018902301,0.6169273448593914
1789063901752780800,8.89578076171875,0.6917354792147874,-0.28347967249453065,0.575419386026822
1789063901762818800,8.90581884765625,0.5367828179121017,-0.28685762449502944,-0.22289434395469723
1789063901772856000,8.91585595703125,-0.4980097274035215,0.1639291639626026,-0.8149518167778849
1789063901782893800,8.925893798828126,0.20637948167920112,-0.29581892958581446,-0.8145795493993908
1789063901792930800,8.935930908203124,0.7111240702956915,-0.8384002046436071,-0.623517609969899
1789063901802969000,8.945968994140625,-0.5947305644899606,-0.1895230394244194,-0.24582776803560555
1789063901813005800,8.956005859375,-0.5607201583385467,-0.31847733611762524,-0.21723975225910544
1789063901823043800,8.9660439453125,-0.23462533295452592,-0.4752063594430685,-0.47386290894486005
1789063901833080800,8.976080810546875,0.09539046526551247,-0.22943244048655032,-0.656213499456644
1789063901843118800,8.986118896484374,0.5087117386817932,-0.562340453016758,-0.6904615137562156
1789063901853155800,8.99615576171875,0.044433015966415405,-0.25471944195628166,-0.8558627960979938
1789063901863194000,9.006194091796875,-0.4559159680396318,0.135904846483469,-0.8058273570146411
1789063901873230800,9.01623095703125,-0.01373860249519348,-0.06804594674408436,-0.7813133126787841
1789063901883268900,9.026268798828125,0.1855266632646322,0.2595703891187906,-0.8267056751966476
1789063901893305900,9.036305908203126,0.5575222390800714,0.3233329594552517,-0.6557319264847785
1789063901903343900,9.04634375,0.616065613463521,0.5256809936612844,-0.7754758386969566
1789063901913380900,9.056380859375,0.8294611113846302,0.8225058854192495,-0.8582612355418503
1789063901923419000,9.0664189453125,1.2311048064887522,0.41691023781895636,-0.45592692782506344
1789063901933457000,9.076456787109375,1.3039035007178783,0.41458500974178314,-0.5139045580845326
1789063901943494000,9.086493896484376,-0.4801005612254142,0.9887538477182388,-0.5415276743516325
1789063901953532000,9.096531982421874,-0.15830781694948673,0.688826898291707,-0.5017566588468849
1789063901963569000,9.10656884765625,1.041931895676255,-0.11559271081686019,-0.37814975106362253
1789063901973607000,9.11660693359375,1.0555571009248494,-0.1326630880832672,0.0669201941171661
1789063901983643600,9.1266435546875,-0.17950784136652945,-0.09266367065012454,0.44317916299812493
1789063901993682000,9.136681884765625,-0.42798225145339963,-0.3028530660063028,1.0153922637969255
1789063902003719000,9.146718994140626,-1.884829411739111,-0.17974807986319064,1.217802257323265
1789063902013757000,9.1567568359375,-1.6670844864368437,-0.19441782572865485,0.989873353267461
1789063902023794000,9.1667939453125,-1.0686264258563518,-0.7134212413221597,0.5893323952408507
1789063902033832000,9.17683203125,-1.4283704228639602,-0.612827946716547,0.5145647024936973
1789063902043868700,9.18686865234375,-1.1098083310723303,-0.6806260561794042,0.8094251623108982
1789063902053907000,9.196906982421876,-0.7589525739192963,-0.8044903362572192,1.2628257865287362
1789063902063944000,9.20694384765625,0.1321446171671152,-0.9769371531963348,1.192025280379504
1789063902073982000,9.21698193359375,0.0309393281430006,-0.33200843334197994,0.7875606826357543
1789063902084019000,9.22701904296875,-0.07923077310323715,-0.10220657502114772,0.8559344730947166
1789063902094057000,9.237056884765625,-0.6657505586087703,0.7054074462145566,0.9007655484680086
1789063902104093700,9.24709375,0.9989882414847612,0.5357558129519224,0.8845695428833364
1789063902114132000,9.257132080078126,0.7254507018119096,0.6007680910885334,0.8538717684112489
1789063902124169000,9.2671689453125,0.3657563891649246,1.260816638663411,0.00523808331657201
1789063902134206700,9.277206787109375,0.9622761751592158,0.909475728341937,-0.2491362349964678
1789063902144244000,9.287243896484375,1.1371680471628904,0.44530748026371,-0.2561420951705426
1789063902154281700,9.29728173828125,1.3699994824379682,0.44269232932925223,-0.046001014201808715
1789063902164318700,9.307318603515625,-0.002761281406879425,0.2566577165424824,0.7414147252716123
1789063902174357000,9.31735693359375,-0.9824299053937197,0.4051397205263376,0.7324230250425636
1789063902184394000,9.32739404296875,0.10886661743223666,-0.13601239851117133,0.4321673551183194
1789063902194431700,9.337431640625,-0.8231623035013675,-0.009771452429890632,0.23118898356398565
1789063902204469000,9.347468994140625,-0.822870627078414,-0.010018705189228058,0.23388099912693722
1789063902214506800,9.3575068359375,-0.47600890799760814,-0.2637456289768219,-0.15126401765150949
1789063902224545000,9.367544921875,-1.682436953869462,0.44178047518134117,-0.4109592935252934
1789063902234582000,9.37758203125,-0.5971311958909035,0.09630699558854103,-0.5384961977012455
1789063902244619800,9.387619873046875,0.20034429316818714,0.020923545563220975,-1.0156858399160207
1789063902254656800,9.39765673828125,0.9238058669894933,0.29726562126278877,-0.9535747631136328
1789063902264695000,9.407695068359375,0.44149990467429157,0.24171324538886546,-0.7014698145046829
1789063902274731800,9.417731689453126,-0.2915770542323589,0.8376262976616621,-0.5006467248436063
1789063902284769800,9.427769775390624,0.028195582392811773,0.4732388587623834,-0.40055217354036865
1789063902294807000,9.43780712890625,0.7359954767018556,0.2080050370544195,-0.4736415578117594
1789063902304844800,9.4478447265625,0.7313257313251494,-0.19487550636827944,-0.3583947012905031
1789063902314881800,9.4578818359375,-0.3297182765781879,-0.21307693349123,-0.1951732289395295
1789063902324920000,9.467920166015626,-1.4652689516723154,0.08000701817274093,0.21812915711319072
1789063902334956800,9.477956787109376,-0.17493746471107005,-0.8037304578006267,0.3234890998650342
1789063902344994800,9.487994873046874,0.2087199073255062,-0.9507067333966494,0.07456435219477861
1789063902355032000,9.498031982421875,-0.9657382983118296,-0.404741661119461,0.15009944911785422
1789063902365069800,9.50806982421875,-1.9261451724678278,0.12136661804318427,0.22801015259847043
1789063902375106800,9.51810693359375,-0.04085457295775413,-0.06565817482471466,0.3332746538855135
1789063902385144800,9.528144775390626,1.5739280638337134,-0.3451812186479568,0.5470206822773441
1789063902395181800,9.538181884765624,0.7404016027063131,0.5445926148802042,0.8465405487403274
1789063902405219800,9.5482197265625,0.24129180510640144,0.9679758481055497,0.8429409168131649
1789063902415257000,9.558257080078125,-0.0018359832555055618,1.1479618283778428,0.19108283608704804
1789063902425294800,9.568294921875,1.2088695938050746,0.9337421545922756,-0.40802535896524783
1789063902435331800,9.578331787109375,1.589068934342265,0.483741548076272,-0.5847912081472575
1789063902445369900,9.588369873046876,1.855244420814514,0.09115443513095378,-0.4495405877888202
1789063902455406800,9.59840673828125,0.6571592558741569,-0.04012918129265308,-0.5578691893542185
1789063902465444900,9.60844482421875,-0.5778548330128193,0.18751286864578723,-1.0417283359281717
1789063902475482000,9.618482177734375,-1.0941145028561352,-0.07159399461448192,-1.2599002544708549
1789063902485520000,9.628519775390625,-0.25238018535375595,-0.5361620556652545,-1.2202325532101095
1789063902495556900,9.638556884765626,0.3145914345949888,-0.9767401693195104,-0.8101802184619009
1789063902505595000,9.648594970703124,-0.8766682682394981,-0.7456207986593246,-0.5096344795498997
1789063902515633000,9.6586328125,-2.0244418805688618,-0.10758768353760242,-0.26850794800780714
1789063902525670000,9.668669921875,-0.5440449178695679,-0.7542752297580242,-0.49672129502817985
1789063902535708000,9.6787080078125,-0.5486649788856506,-0.7490799992024898,-0.5019880564499646
1789063902545745000,9.688744873046875,0.36861645477116106,-0.1253220776706934,-1.8548085136152803
1789063902555783000,9.698782958984374,0.1602829164147377,0.011914894199371338,-1.7946331541158258
1789063902565820000,9.70881982421875,0.16304185973405838,0.18941198026537895,-0.8257561193868518
1789063902575858000,9.71885791015625,0.1178144785195589,0.05686696560382843,0.32319786183349786
1789063902585895400,9.7288955078125,0.5350134701520204,0.1518202084958553,0.5389673954095691
1789063902595933200,9.73893310546875,0.9989420642554759,-0.20095745663046835,0.22364134466340765
1789063902605970400,9.748970458984376,0.19193010056614876,-0.060661681711673736,-0.5284864064708352
1789063902616008200,9.75900830078125,-1.3428455180525778,0.7948352036833762,-0.9063360420767217
1789063902626045200,9.769045166015625,0.9936077174901962,-0.4866811086595058,-0.5094772066289559
1789063902636083500,9.77908349609375,0.7001870812177657,-0.7128197682976722,-0.10613315561404452
1789063902646120200,9.7891201171875,-1.7323358340263366,0.6058598612695932,0.05136162791950628
1789063902656158200,9.799158203125,-1.6265490624308585,0.05947276418805122,0.031174141545873134
1789063902666195500,9.809195556640624,-0.3334136239647865,0.014099252501130104,-0.31702012304663657
1789063902676233200,9.819233154296874,0.9548398876786232,-0.41782910622954367,-0.20970226942636072
1789063902686270200,9.829270263671875,0.27141630973517894,-0.29306875409483907,0.12575652356520295
1789063902696308500,9.83930859375,-0.75689388782382,0.22455109818577765,0.02714660306284204
1789063902706345200,9.84934521484375,-1.1572107182383538,0.5549819069474935,0.3873369373321533
1789063902716383200,9.85938330078125,0.1676198351740837,0.001104161849617958,0.48992473022323096
1789063902726420500,9.86942041015625,1.3979969119101763,-0.12349427772164344,0.34118615766242144
1789063902736458200,9.879458251953125,0.5392226122796535,0.33822307007312774,0.15033132164496926
1789063902746495200,9.8894951171875,-0.932355668669939,0.7711030304402112,-0.2571256263151765
1789063902756533500,9.899533447265625,-0.7646890717446804,1.026217609193921,-0.5261780199306085
1789063902766570200,9.9095703125,1.4612532862901686,0.016144494593143464,-0.5049134789099916
1789063902776608300,9.919608154296874,0.9688637368559837,0.07731880200207233,0.08452124419417231
1789063902786645500,9.9296455078125,-0.3043780836164951,0.7054670674473047,0.6222330500520765
1789063902796683300,9.939683349609375,0.2430582302570343,0.269422505569458,0.5417693010877818
1789063902806720300,9.94972021484375,-0.33503684125244615,0.5512433049410581,0.3465994879480451
1789063902816758300,9.95975830078125,1.3972861332923172,0.1938666215866804,0.037855665136408055
1789063902826795300,9.969795166015626,1.8582523704588412,-0.44746787316799164,-0.016841262951958924
1789063902836833300,9.979833251953124,-1.4351654898315667,0.7759802810877561,0.40174839758761227
1789063902846870300,9.989870361328125,-3.338916459661722,1.165399285390973,0.6302222221750766
1789063902856908300,9.999908203125,-1.6611398988187311,0.15979542515873907,0.40599385313764214
1789063902866945300,10.0099453125,-0.2676280233681202,-0.40146073975265023,-0.1935203654322773
1789063902876983300,10.0199833984375,-0.5649409909039735,-0.36152912685871125,-0.1595257231055759
1789063902887021300,10.030021240234374,-0.97280575248003,-0.513234769064188,0.4978148624185472
1789063902897058300,10.040058349609374,-0.6426724653601646,-0.8043330998688936,0.9408687916018068
1789063902907095300,10.05009521484375,-0.5392360562831163,-0.500830630043149,1.1564149647507815
1789063902917133300,10.06013330078125,-0.027560791620612143,-0.5524257927238941,1.1429998951215297
1789063902927171300,10.07017138671875,-0.34386370630860325,-0.0550818357527256,0.9757669403731822
1789063902937208300,10.080208251953126,0.6052239014536142,0.18194295955896375,0.31879560828655956
1789063902947246300,10.090246337890624,0.2678828749120235,0.40565994500815866,0.08754985303403809
1789063902957283300,10.100283447265625,-0.8156208020806313,0.9213286632210016,-0.0900450308506377
1789063902967321300,10.1103212890625,0.9770517194867133,0.45054070474207397,0.08205054323170334
1789063902977358300,10.1203583984375,1.390699156117439,-0.14596914438009262,0.5939204171508551
1789063902987396400,10.130396240234376,0.63805591147542,0.33857845938205716,0.7989856013610959
1789063902997433000,10.14043310546875,0.7056313180983066,0.11616378870308398,0.7568574282709508
1789063903007471400,10.150471435546875,0.6786088711380959,0.04070961152911186,0.46043461450785395
1789063903017508400,10.16050830078125,0.040247254714369775,0.27228081761002537,-0.173992000554502
1789063903027546400,10.17054638671875,-1.1052689340770243,0.5982306815654039,-0.35687596729062493
1789063903037583400,10.180583251953125,-1.2198235340178012,0.6336608913868665,-0.44287236207127567
1789063903047621400,10.190621337890626,-0.0022872341543436047,0.12323767261207103,-0.23879567744173108
1789063903057658000,10.200658203125,0.6768132198929786,-0.024784897166490554,-0.1144293113269843
1789063903067696400,10.2106962890625,0.10767769990861416,0.2706868264168501,-0.2129651619461365
1789063903077733400,10.2207333984375,-0.0008610007435083389,0.5412982495099306,-0.21175865396689622
1789063903087771400,10.230771484375,0.5150228215247392,0.044295068800449366,0.07376571263037622
1789063903097808400,10.240808349609376,-0.5263198760867118,0.4096621663868427,-0.026497491504345088
1789063903107846100,10.25084619140625,-0.5598731861203908,0.6449667137771844,-0.31342582488171755
1789063903117883100,10.260883056640624,0.204576231649518,0.019263503396511075,-0.6633113487631083
1789063903127921400,10.27092138671875,0.8758861779510975,-0.041155017209053034,-1.2935827438421548
1789063903137958400,10.28095849609375,-0.24703473267257212,0.15313012205064297,-1.2229610283259302
1789063903147996200,10.29099609375,-0.24400983189344405,0.14969780951440334,-1.2242934459734707
1789063903158033400,10.301033447265626,-0.5359153874278069,-0.01341711545586586,-0.09310218993155285
1789063903168071200,10.3110712890625,0.6051169339478015,-0.6784405288338661,0.11050255720415152
1789063903178108200,10.321108154296875,-1.08795130405128,-0.12867021905481815,-0.012539373640110716
1789063903188146400,10.331146484375,-0.802133543998003,-0.23316928892731664,-0.42130379660278555
1789063903198183400,10.341183349609375,0.32012101167142387,-0.7442255449086427,-0.6827830880828202
1789063903208221200,10.35122119140625,1.25800275028646,-0.9739771343469619,-0.5231983100000769
1789063903218258400,10.361258544921874,0.8281050206005572,-0.8447288231432437,0.024801282045710832
1789063903228296200,10.371296142578124,-0.7640507738411426,-0.08246610176265239,0.4724529690816998
1789063903238333200,10.381333251953125,-0.09284721052348613,-0.12267185542285441,0.3100418084666133
1789063903248371500,10.391371337890625,1.753102143201232,-0.4362228410542011,-0.3441584880040958
1789063903258408200,10.401408203125,1.3422265093713999,-0.2940501663476229,-0.5271990335414186
1789063903268446200,10.4114462890625,-0.290444835332036,0.47164895922243594,-0.43583493771515786
1789063903278483500,10.4214833984375,-0.2773246569961309,0.47553836787641046,-0.36923666902873664
1789063903288521200,10.431521240234375,0.9128624481707811,-0.02397942600250244,-0.2500011812627315
1789063903298558200,10.44155810546875,0.1936918495416641,0.1835626697152853,-0.02148077758718282
1789063903308596500,10.451596435546875,-0.33326807801425457,0.46673254560828203,-0.024077808343060312
1789063903318633200,10.46163330078125,0.2292594220072031,0.012744915282726288,0.06160447898712009
1789063903328671200,10.471671142578124,-0.2519534843742847,0.009817045137286186,0.24273129985760897
1789063903338708500,10.48170849609375,-0.19247195235788822,-0.1511807415485382,0.47590749344974753
1789063903348746200,10.491746337890625,-0.030847558206319806,-0.3338011619776487,0.4036522949801758
1789063903358783200,10.501783203125,0.03531505900919437,-0.2726169176965952,0.03560580385038629
1789063903368821500,10.511821533203126,-0.21836334946155547,-0.22859014444351194,-0.3537654340546578
1789063903378858200,10.521858154296876,-0.3898077113598585,0.12093874801993369,-0.4997872584700584
1789063903388896300,10.531896240234374,0.4952911160945892,-0.35753158165514465,-0.029878293049056082
1789063903398934300,10.541934326171875,-0.683379154279828,0.16332126119732857,0.11240549561548978
1789063903408971300,10.55197119140625,-0.46834641054570675,0.38000995544493194,0.04545326239224523
1789063903419009300,10.56200927734375,0.26881460280418396,-0.15768004043996334,-0.27191143630836156
1789063903429046300,10.57204638671875,0.2439940498024225,0.2710679346889257,-0.8072429959662258
1789063903439084300,10.582084228515624,0.3185357883065939,0.14061784648001194,-0.8728368003178387
1789063903449121300,10.592121337890624,0.5614642547041178,-0.1683604244083166,-1.015825979039073
1789063903459159300,10.6021591796875,-0.4761667289078235,0.1974567550331354,-1.1048001475214957
1789063903469196300,10.6121962890625,-1.0542390040636063,0.15782324830293654,-1.057776749735698
1789063903479234300,10.622234375,-0.11472001963555813,-0.3515004847973585,-0.7683101117860526
1789063903489271300,10.632271240234376,-0.10494330650866031,-0.4707341824650764,-0.42282329778764394
1789063903499309300,10.642309326171874,-0.3207745071440935,-0.41807402090132234,-0.1849742170136422
1789063903509346300,10.65234619140625,-0.6734773534685373,-0.30703882725834847,-0.4023997376358136
1789063903519384300,10.66238427734375,-1.3069453526318073,0.3881371477991342,-0.6587279664956033
1789063903529421300,10.67242138671875,-1.3147007890641689,0.3971358622908592,-0.6630372810620814
1789063903539459300,10.682459228515626,0.9036258332699537,-0.061624973785877224,-0.5061644288191571
1789063903549496300,10.692496337890624,-0.18393501015901564,0.7814701106756925,-0.4777856718791648
1789063903559534300,10.702534423828125,0.3021317659944296,0.6418091265290975,-0.6259117385648191
1789063903569571300,10.7125712890625,1.6319465375602245,0.3858762171298265,-1.1394218174390494
1789063903579609000,10.722609130859375,-0.08887772237062454,1.1275327883332966,-1.2360317414969204
1789063903589646000,10.73264599609375,0.27557050680518147,0.9556389291018247,-0.7578918128199875
1789063903599684000,10.74268408203125,1.4143424820333719,-0.005244914916157722,-0.23481037066522983
1789063903609720800,10.752720947265624,0.7292880880177021,0.5822247186601162,0.07785256181890145
1789063903619759000,10.762759033203125,1.3364379890978335,-0.018474398845434187,0.008208039038069546
1789063903629796000,10.772796142578125,0.9360510160565376,-0.11467793405950069,-0.21428559689493848
1789063903639834000,10.782834228515625,-0.7691291000187397,0.5190817415267229,-0.42367461738735435
1789063903649871000,10.79287109375,-0.7656827589571475,0.5155184960871935,-0.4327022657126188
1789063903659909000,10.8029091796875,-1.08843587269783,0.12517653172016144,-0.11913197259260341
1789063903669945900,10.81294580078125,-0.7667559411466122,-0.20063129341602323,-0.25092861657226456
1789063903679984000,10.822984130859375,-1.5368091702729463,-0.1000029274970293,-0.3057537924164906
1789063903690021000,10.833021240234375,-1.53174837975204,-0.10414777221679687,-0.14776432070117443
1789063903700059000,10.843058837890625,0.12954057214856146,-1.169334286752343,0.2559220226790756
1789063903710096100,10.85309619140625,-0.30150574305057526,-0.9004583091497421,0.36351949695833025
1789063903720134100,10.863134033203124,0.5795435167521238,-0.5520721569806337,0.005900730210077017
1789063903730171000,10.8731708984375,0.5845417634308337,-0.9240390912234783,0.19244926560204476
1789063903740209200,10.883209228515625,-0.9621499184310436,0.2702384981274605,0.18847214213199912
1789063903750246100,10.89324609375,-0.5057657483577728,0.7222983752608299,0.20577108572358263
1789063903760284000,10.903283935546876,0.26982524115145207,0.20681495048701762,0.48673967044632876
1789063903770321200,10.913321044921876,-0.05177694898843765,0.9489911616504192,0.19102126035923137
1789063903780359000,10.92335888671875,-0.053430561414361,0.9507166702687739,0.19511346157630904
1789063903790396000,10.93339599609375,0.8948375466585159,0.172050511097908,0.6548929914426058
1789063903800434200,10.94343408203125,0.7914999217808246,0.4109744180291891,0.8203959075279533
1789063903810471200,10.95347119140625,1.1535656397342682,-0.19484569575190544,0.9922475350528955
1789063903820509000,10.963509033203126,0.8401572774440049,-0.3892109145104885,0.8437360857788473
1789063903830546200,10.973546142578124,-0.5893617309331893,0.21389292604923246,0.29608696940485385
1789063903840584000,10.983583984375,-0.5908961008936167,0.04828150808811187,0.24730017867572604
1789063903850621000,10.993620849609375,-0.4790227028608322,-0.24335516737699509,0.11183149511981755
1789063903860659200,11.0036591796875,-0.686588763976097,0.3284276522457599,0.16305373283494262
1789063903870696200,11.0136962890625,-0.6895417685627937,0.3314654125064611,0.1726688621919602
1789063903880734000,11.02373388671875,1.1261311048418283,-0.34875264739394185,0.2144646432562731
1789063903890771200,11.033771240234374,1.4145862276613712,-0.14368132570385933,0.18495215131230652
1789063903900809000,11.04380908203125,-0.04637596672773361,0.011090718334913253,0.24538970541190355
1789063903910846000,11.053845947265625,-0.967335796636343,0.42859833752512927,0.2232394127990119
1789063903920884200,11.06388427734375,-0.14425006550252437,-0.04447568606436252,-0.015546711363084614
1789063903930921000,11.0739208984375,1.5355290673345325,-0.8539140001177787,-0.07299034434370696
1789063903940959000,11.083958984375,0.3785176710605621,-0.5753004723548889,-0.15619692574273794
1789063903950996200,11.093996337890625,-0.9015595483899116,-0.08755144220292568,-0.024779106746520847
1789063903961034000,11.104033935546875,-0.7221323710441588,-0.6673813746809959,0.3664221230646595
1789063903971071000,11.114071044921875,-0.40952188113331794,-0.6960001509219408,0.2567052820112556
1789063903981109200,11.124109130859376,-0.19265373866558075,-0.8479857791125774,-0.09511758487457408
1789063903991146000,11.13414599609375,-0.7733399957120418,-0.7266045480221509,-0.22817970047909766
1789063904001184000,11.14418408203125,-0.5321189177542924,-0.5072025031626224,-0.6918676542270928
1789063904011221000,11.154220947265625,0.7216554011821746,-0.6102122112601995,-0.8719669586807489
1789063904021259000,11.164259033203125,0.5573211635500193,-0.3250362562417984,-0.5501419195704161
1789063904031296000,11.1742958984375,0.5499199473828077,-0.31656770310401916,-0.5485363840699196
1789063904041334300,11.184334228515626,-0.32105040147602554,0.9688830260783433,0.07468657206865027
1789063904051371000,11.19437109375,0.5446271016716957,0.9778513454318046,-0.19138844970380886
1789063904061409000,11.204408935546875,1.68631993278265,0.7764718639969825,-0.707894586855173
1789063904071446000,11.214446044921875,1.7420301295667886,0.8484551501899957,-0.9856501826144755
1789063904081484000,11.224484130859375,0.4777414308786392,0.8770353479862213,-0.693409257645905
1789063904091521000,11.23452099609375,0.1252262160807848,0.8946037379026412,-0.5982163607791066
1789063904101559000,11.24455908203125,1.2464385692209006,-0.03397884196937084,-0.31726028847806154
1789063904111596000,11.254595947265624,-0.10340426037311554,-0.1731798073887825,-0.06168733496498316
1789063904121634000,11.264634033203125,-1.473432968905568,0.472765980553627,-0.14641538117709568
1789063904131671000,11.274671142578125,-1.4521651399493216,-0.4481611161291599,0.032350135655840856
1789063904141709000,11.284708984375,-1.327462655481696,-0.3522001574993133,-0.16490140652824192
1789063904151746000,11.29474609375,-0.3336977016031742,-0.6530167492419481,-0.05419170937943272
1789063904161783800,11.30478369140625,-0.3356494201928377,-0.6508358980715274,-0.05150907356617972
1789063904171821000,11.314821044921874,-0.24430033927261827,-0.5055021289855242,-0.05251916392417624
1789063904181859000,11.324859130859375,-0.6365747330069541,-0.06615560295283794,0.17842830250151454
1789063904191896000,11.33489599609375,0.11894377481043338,-0.2653133166849613,0.8586423438139259
1789063904201934000,11.34493408203125,0.11266776328086853,-0.25818331867456434,0.8628332926977426
1789063904211971000,11.35497119140625,0.0008247603863477706,0.4125637330472469,1.1382947861704975
1789063904222008800,11.3650087890625,0.15252514189481733,0.5214309350013733,0.9176479288816451
1789063904232046000,11.375046142578125,0.3809539582967758,0.4346802877873182,0.28152137803360816
1789063904242084000,11.385083984375,0.04660159217715263,0.6034586453467607,0.17557123256996274
1789063904252121000,11.39512109375,0.9801415021955966,0.03869534909725189,0.30337272423254324
1789063904262159000,11.4051591796875,0.4743249004334211,-0.1556722077488899,0.6277849850907922
1789063904272196000,11.415196044921874,-1.7010954771101474,0.3680693422824144,0.7474348623439669
1789063904282233900,11.42523388671875,-1.698002187269926,0.36442426377832887,0.7605863126009702
1789063904292271000,11.43527099609375,0.16832418405115604,-0.7139999179929495,0.7339787300519645
1789063904302309000,11.44530908203125,0.48185821854770183,-0.6002735855698585,0.8981948942624032
1789063904312345900,11.455345947265625,-0.2653478034764528,-0.38373511344790456,1.1197351201944052
1789063904322384100,11.465384033203126,-0.35007308234274387,-0.2171288392305374,1.1793285150874406
1789063904332421000,11.475421142578124,-0.9944541051864624,0.2548614807754755,1.1591704009387642
1789063904342459000,11.485458984375,0.42371641070246696,0.2006809777766466,1.1877119472250341
1789063904352496000,11.49549609375,1.786798661097884,-0.3437795351564884,1.4623808290153741
1789063904362534100,11.5055341796875,0.3622580256551504,0.6030676002025603,1.065443631101772
1789063904372571000,11.51557080078125,-0.31189328155219553,1.158519462749362,0.6935135217379779
1789063904382609200,11.525609130859374,0.42555180943608284,0.5623521434545516,0.5665699072800576
1789063904392646100,11.535646240234374,0.9516998360872269,0.5371352846115828,0.5149561129640787
1789063904402684000,11.545683837890625,1.0038140542060137,0.25919804867506024,0.854922592638433
1789063904412721200,11.55572119140625,0.2610463068902492,0.16396248171031474,1.2405153166517615
1789063904422759200,11.56575927734375,0.5760720412492751,-0.0712941348850727,1.045178841708228
1789063904432796000,11.5757958984375,-0.06377952147126198,-0.06698620855808257,0.665284329336509
1789063904442834200,11.585834228515624,0.1478653333902359,-0.01323883627951145,0.2411642149376683
1789063904452871200,11.59587109375,-0.20202830073237418,-0.12574293343126772,0.1901299558090046
1789063904462909000,11.605908935546875,-1.357153444868326,0.4174743014425039,0.30549842941593375
1789063904472946200,11.6159462890625,-0.359058352831006,-0.04097673803269863,0.3053263973172754
1789063904482984200,11.625984130859376,-0.5051309575855731,-0.11549801827073096,0.12207524123657494
1789063904493021000,11.63602099609375,-1.1073661986172199,0.10787059213221073,-0.021032230102084576
1789063904503059200,11.64605908203125,-0.2637257552325725,-0.4102244764447212,-0.02555151589112356
1789063904513096200,11.65609619140625,0.12331716758906841,-0.6551648671865463,-0.13924336152272299
1789063904523134000,11.666134033203125,0.35479601921141146,-0.6463567068308591,-0.25790492185829206
1789063904533171000,11.6761708984375,-0.33201194047331806,-0.53406303755939,-0.4287016883017495
1789063904543209000,11.686208984375,-0.7993161484897137,-0.29288346065580845,-0.3246952242517844
1789063904553246000,11.696245849609374,-0.2412801146686077,-0.2545908471405506,-0.23402999740988015
1789063904563284200,11.7062841796875,1.3123147707104683,-0.7363298232227563,-0.383356452861242
1789063904573321200,11.7163212890625,0.6910942587018013,-0.3702653910219669,-0.47619716057870537
1789063904583359200,11.726359130859375,-0.011063245806097983,0.33294483740925784,-0.45548813454899933
1789063904593396200,11.736396240234376,0.1837111382752657,0.00708323625922203,-0.022760515199415386
1789063904603434000,11.74643408203125,0.7435837398737668,0.18106909933388232,0.24495025454871355
1789063904613471000,11.756470947265624,2.200418040677905,-0.31566520130634307,0.4520051512714475
1789063904623509200,11.76650927734375,1.0808937867552042,-0.13701017737686633,0.21697032420057802
1789063904633546200,11.776546142578125,-0.5549281309336423,0.7763549596190452,-0.6046071212621406
1789063904643584300,11.786584228515625,-0.31278058578073975,0.32027590997219085,-1.0056246107593179
1789063904653621200,11.796621337890626,0.17071604762375353,-0.024403204372525213,-1.1865291671812535
1789063904663659000,11.806658935546874,-0.2983399724960327,0.2006687028169632,-1.010912341903895
1789063904673696000,11.816696044921875,0.41362873193025584,-0.33298867655098435,-0.42180736221075055
1789063904683734300,11.826734375,0.2457633975625038,-0.46743806352913375,-0.31956677532214667
1789063904693771000,11.83677099609375,-0.5774322236865759,0.03763794899880886,-0.5990512041680515
1789063904703809000,11.84680908203125,-0.025742928543686865,-0.21270985374450682,-0.7113976265400648
1789063904713846300,11.85684619140625,-0.17842238421738146,-0.21488719778358936,-0.6474966706462204
1789063904723884000,11.866884033203124,-0.09649930329024792,-0.018377368211746216,-0.5677153144555166
1789063904733921000,11.876921142578125,-0.9338304173976182,0.18448270716965198,-0.5108775749461725
1789063904743959300,11.886959228515625,-0.11059855579137802,0.17199205890893934,-0.6588859335362911
1789063904753996000,11.89699609375,1.2489420764744281,-0.3448942184001207,-0.8206067737996577
1789063904764034000,11.907033935546876,0.5307628269702196,-0.13776713322401046,-0.45316199315637345
1789063904774071300,11.9170712890625,-1.1668220116704702,0.4232546384096145,0.11979509441014378
1789063904784109000,11.927109130859375,0.10492518633008002,-0.2545680507868528,0.16743322656080126
1789063904794146000,11.93714599609375,-0.4027227225124836,-0.3418056047350168,0.15781475446922705
1789063904804184300,11.947184326171875,-0.46738487203717227,-0.0731330407500267,-0.11728124842569232
1789063904814221000,11.957220947265625,0.1268868427693844,-0.5878402204543351,-0.12007924511376768
1789063904824259000,11.967259033203124,0.19631869091391563,-0.168234752202034,-0.058402248879708345
1789063904834296300,11.97729638671875,0.7469745513558387,-0.47544367533028126,0.17589233601680024
1789063904844334000,11.987333984375,-0.7602712553024291,0.40876083363294596,0.35255225887261327
1789063904854371000,11.99737109375,-0.10738660800755023,0.3876081554889679,0.3267232960132882
1789063904864409000,12.0074091796875,-0.29721827498972414,0.3846352771580219,-0.10878275680737569
1789063904874446000,12.017446044921876,-0.2993839285910129,0.3869575826257467,-0.11352204202264547
1789063904884484000,12.027484130859374,1.357256320720911,-0.23478140029907224,-0.08987718173675238
1789063904894521300,12.037521240234375,-0.23270284045934675,0.7993716780692338,-0.04346654555443674
1789063904904559000,12.04755908203125,-0.4490618643611669,0.5849725560635328,0.3718228495970368
1789063904914596000,12.05759619140625,-0.15869126330912112,0.21033084965348242,0.3439501790156588
1789063904924634000,12.067634033203126,0.3018658085346222,0.36658348763883114,-0.11102525677084922
1789063904934671000,12.077671142578126,0.8974994593441485,-0.24778701234459877,-0.14356228416776284
1789063904944709000,12.087709228515624,-0.11786416288018225,-0.1138239475786686,-0.6077494744084775
1789063904954746400,12.097746337890625,-1.218643384322524,0.6239560744524002,-0.6715519383639097
1789063904964784000,12.1077841796875,-0.12514438301622866,-0.2675888604015112,-0.22309799503432584
1789063904974821000,12.117821044921875,0.9719026661604643,-0.4797124386906624,-0.21230742868976665
1789063904984859100,12.127859130859376,0.22929741593003272,0.0830757580935955,-0.18155850855233147
1789063904994896100,12.137896240234374,-0.7385515909254551,0.3049666971594095,0.06457215141998604
1789063905004934100,12.14793408203125,-1.2241279532134532,0.5032184019625187,0.19015151005368677
1789063905014971100,12.15797119140625,-0.25333412507772446,0.1844680941224098,0.6102676312418654
1789063905025009200,12.168009033203125,-0.04120528609156608,-0.29811960774362084,0.9202357534177601
1789063905035046100,12.178046142578125,-0.3164566439449787,-0.009753332251310348,0.3060879380079917
1789063905045084200,12.188084228515624,0.41680619292259213,-0.37110067280232906,-0.221458064073883
1789063905055121200,12.19812109375,-0.09444237076044082,-0.5188397494643926,-0.4303834673762321
1789063905065159200,12.2081591796875,-0.659870852920413,-0.130397481238842,-0.4481009469071403
1789063905075196000,12.21819580078125,-0.1109346558779478,-0.5279904396474361,-0.38145387064293024
1789063905085234200,12.228234130859375,-0.6362696125805377,-0.25591420469880105,-0.41808235033825036
1789063905095271200,12.238271240234376,-0.9842343244671821,-0.09548165068030356,-0.5687525485487654
1789063905105309200,12.24830908203125,-1.9885025521814823,0.16821897011101244,-0.6609345366291701
1789063905115346200,12.25834619140625,0.3983692034780979,-0.27483225565850733,-0.4811453575706109
1789063905125384200,12.26838427734375,0.9584498948693275,-0.7834639148414134,-0.124551686953241
1789063905135421000,12.2784208984375,-0.4187994125664234,0.21162088946402072,0.24318406686009839
1789063905145459200,12.288459228515626,0.036709143716096876,-0.022711598023772237,0.4818980391014367
1789063905155496200,12.29849609375,0.9706599726229905,0.3783610191941261,0.5476324940327555
1789063905165534000,12.308533935546874,3.1551901238173246,-0.19479191973805426,0.6674732176829129
1789063905175571200,12.3185712890625,1.6370160959094762,0.8147919500410556,0.33928963985871524
1789063905185609200,12.328609130859375,0.42976679678261276,1.6846043610364199,-0.25894917021421715
1789063905195646000,12.33864599609375,-0.6483949346601963,2.0533780521959066,-0.21636143505461514
1789063905205684200,12.348684326171876,-0.6471317828565836,2.0519050570338964,-0.2170964347982779
1789063905215721200,12.35872119140625,1.9522692092835903,0.8054957139074802,0.11604724965132772
1789063905225759000,12.368759033203125,1.758189821729064,0.4770791675776243,0.6063916665913537
1789063905235796200,12.378796142578125,0.15568331366479396,0.17829145131409166,0.7591621250167488
1789063905245834200,12.388834228515625,-1.8896528863728046,0.7295347562551499,0.5929867895625531
1789063905255871000,12.39887109375,-0.1127384904295206,-0.5095370835900307,0.5072795504542067
1789063905265909200,12.4089091796875,-0.252607564368844,-0.9897329218834638,0.8778398693021386
1789063905275946200,12.4189462890625,-0.6741010383248329,-0.7292085930407047,1.0792870091456919
1789063905285984000,12.42898388671875,-1.3302467332422732,-1.1088836174428462,1.1703422947511075
1789063905296021200,12.439021240234375,-2.3200538894057274,-0.8467974461108445,0.5977964548666029
1789063905306059000,12.44905908203125,-1.098322475939989,-1.2358435254484414,0.2960188726047054
1789063905316096000,12.459095947265626,0.014939210456609725,-1.801080868950486,0.40507728628199546
1789063905326134300,12.46913427734375,-0.07966507286727428,-1.5917057125866412,0.6295456380877643
1789063905336171300,12.479171142578124,-0.44199908636808394,-1.2700403940826654,0.7297917997561395
1789063905346209000,12.489208984375,-0.4137386220455169,-0.8070183934301137,0.47401978000700473
1789063905356246300,12.499246337890625,0.5617717132180929,-0.7137240236610174,0.36010318570882077
1789063905366284000,12.509283935546875,1.1765934641003608,-0.4838818333297968,0.4561961732205003
1789063905376321000,12.519321044921876,0.6705313631445169,0.13596446771621704,0.42499724429324265
1789063905386359300,12.529359375,-0.9937696300536394,0.9568781155079603,0.35453678375333547
1789063905396396300,12.539396240234375,-0.6900684227854013,1.128485559013486,0.5544997494537383
1789063905406434000,12.54943408203125,1.1171470033973454,0.18481822273433207,0.5366127220422029
1789063905416471300,12.55947119140625,2.354135607227683,0.2769564082056284,0.5463384356342256
1789063905426509000,12.569509033203126,1.8091250591963528,0.006555997514724731,1.1519929835900664
1789063905436546000,12.579546142578126,-0.19419570741057396,0.44246436579227444,1.0080381016418338
1789063905446584300,12.589584228515625,-0.7941799546450377,1.0264742143034935,0.8205182917986065
1789063905456621000,12.59962109375,-0.2600760005533695,0.09567162029445171,0.5890151459852233
1789063905466659000,12.6096591796875,1.0777233400255442,0.1591062738507986,0.1416456916904077
1789063905476696300,12.6196962890625,0.7042892558395862,-0.21721768655776977,0.06581318272333592
1789063905486734000,12.629734130859376,-0.8236416114509105,0.7118290036946535,0.20030105681465937
1789063905496771000,12.63977099609375,-0.07296060679256916,0.2715437355071306,0.20584590452546253
1789063905506809300,12.649809326171875,0.9041472267955541,-0.20407178925871847,0.12135719262771308
1789063905516846000,12.65984619140625,0.5282341852754354,0.2090028159201145,-0.0766428024366498
1789063905526884000,12.669884033203125,-0.17294658315479755,0.3057365124881267,-0.16381231438359245
1789063905536921000,12.679921142578126,0.17306056492328642,0.17206570866703985,-0.12523052692972123
1789063905546959000,12.689958984375,0.031311668586730956,0.06023498073220253,-0.25406941708233205
1789063905556996000,12.69999609375,-0.7931295688092708,0.4197936843007803,-0.2626631127034314
1789063905567033000,12.710033203125,-1.3626736695945263,0.3708586807399988,-0.10836794719509779
1789063905577071000,12.720071044921875,-1.167683596935868,0.03599251987934112,-0.30491646480951456
1789063905587108400,12.7301083984375,-0.20979893473386763,-0.4144330340504646,-0.02290313854049891
1789063905597145300,12.740145263671875,-1.493922214704752,-0.5551777217805385,-0.02262371881091967
1789063905607182600,12.7501826171875,-1.1610995423704384,-0.5373439589262008,-0.33924178212899714
1789063905617220400,12.760220458984374,-0.5879828437954187,-1.221146307054162,-0.2973715841216035
1789063905627257300,12.77025732421875,0.4482347658872604,-1.0058744938671589,-0.46960167130380864
1789063905637295400,12.78029541015625,0.808142429023981,-0.795609695187211,-0.5263307628069073
1789063905647332400,12.790332275390625,0.7952864545822144,-0.7810708822250366,-0.5302899852940812
1789063905657370400,12.800370361328126,-0.6199024151474237,0.7567389895230531,-0.15888746173465623
1789063905667407400,12.810407470703124,-0.4870224694430828,1.3602046491324902,-0.1401338806216605
1789063905677445400,12.8204453125,1.613045437735319,1.1457564272880554,-0.6590010843485593
1789063905687482400,12.830482421875,2.2665017474383116,1.3172756079882382,-0.9353802771881222
1789063905697520400,12.840520263671875,2.110634893900156,1.1930267125070095,-0.5584173978215083
1789063905707557400,12.850557373046875,0.5609194803029298,1.4426801032453775,0.040182939040195195
1789063905717595400,12.860595458984376,0.07471709507107734,0.9421873268544674,0.8608784323029219
1789063905727632400,12.87063232421875,0.6525660828649997,-0.03734510353207588,0.8887300235636532
1789063905737670400,12.88067041015625,0.49993631155192847,-0.3419406292915344,0.6649343468550593
1789063905747707400,12.890707275390625,-0.7513210561275482,-0.6782464675664901,0.5364878535535186
1789063905757745200,12.9007451171875,-1.8640876524835823,-0.43933834272623057,0.2619382690276019
1789063905767782400,12.910782470703126,-2.010541365510225,-0.5441530544191598,0.4462162656717002
1789063905777820400,12.9208203125,-0.2681371419340372,-1.3297171564102173,0.9907278512049466
1789063905787857400,12.930857421875,-0.6150783559918404,-0.8181471056878566,1.211945201858133
1789063905797895400,12.9408955078125,-1.3299351830750703,0.01860591627061367,0.8644608208343386
1789063905807932400,12.950932373046875,-1.5001093789070843,0.32232290562987326,0.5830972637109458
1789063905817970200,12.96097021484375,-0.8675491422384977,0.6914549087077378,0.5791167061747983
1789063905828007400,12.97100732421875,2.2432781082391737,0.04487374547123909,1.0857829470362514
1789063905838045400,12.98104541015625,2.6334324410796164,-0.23299451688230036,1.6318329941831529
1789063905848082400,12.99108251953125,0.43620881252884863,0.7249830843001603,1.613260980182141
1789063905858120400,13.001120361328125,-0.5686988821327686,0.9058359105348587,1.2180997789651156
1789063905868157400,13.011157470703125,0.12427286087870597,0.5380424625843763,0.50489904852584
1789063905878195200,13.0211953125,2.7736820387691257,-0.599914689129591,0.07943763905325904
1789063905888232400,13.031232421875,1.4231155710756778,-0.669222034111619,-0.06010410262783989
1789063905898270500,13.0412705078125,-2.564285839617252,0.7193716741591691,-0.4631466499455273
1789063905908307200,13.05130712890625,-2.523513684245944,0.32538989198505874,-0.5410854104768484
1789063905918345500,13.061345458984375,-0.11661328603625297,-0.9439169271260499,-0.5326340276695788
1789063905928382500,13.071382568359375,0.1240279462069273,-0.9020505467772483,-0.49697570818066594
1789063905938420200,13.081420166015626,-0.5596867236375809,-0.6556283930450677,-0.2859652239662595
1789063905948457500,13.09145751953125,-0.8832382942795753,-0.941432709094882,-0.18925258845258502
1789063905958495500,13.10149560546875,-1.485926539775729,-0.26878362314403054,-0.2274783290104009
1789063905968532200,13.1115322265625,0.7167816576659679,-0.913075214138627,-0.06199526840299367
1789063905978570500,13.121570556640625,2.3306465950906277,-1.3218629357784986,-0.108780784045998
1789063905988607500,13.131607421875,1.1660603796482085,-0.01677986988723278,-0.6923859059475362
1789063905998645200,13.141645263671874,0.19122867429852486,0.6351274568080901,-0.9751363873846829
1789063906008682500,13.1516826171875,0.7720973021745682,0.8703688758343457,-1.0098463931728154
1789063906018720500,13.161720458984375,2.291034715670347,0.6555816312938928,-0.8189386944569647
1789063906028757200,13.17175732421875,2.7093139037549494,0.5235697005957365,-0.317534246581234
1789063906038795500,13.18179541015625,1.476672389218211,0.9977256742030381,-0.5900715597029775
1789063906048832500,13.19183251953125,0.3809223941147327,1.1493524059534073,-0.8360722731526941
1789063906058870300,13.201870361328124,0.05004150349795818,0.8472691552758216,-1.2908362216129898
1789063906068907500,13.211907470703125,0.8041407921671867,0.3050058601260185,-1.4351928162299097
1789063906078945300,13.2219453125,-0.5234054499447346,0.004143675675988197,-0.8916629352103919
1789063906088982300,13.231982177734375,-1.1758663188695906,-0.17595161018967628,-0.18322867025425657
1789063906099019300,13.242019287109375,-1.614091731917858,-0.7035118417263031,-0.015259948577266185
1789063906109057500,13.2520576171875,-2.643372235813737,-0.6658394059360027,-0.085350132766366
1789063906119094300,13.26209423828125,-2.2376246125221253,-1.1484481505900621,-0.12227962296856566
1789063906129132300,13.27213232421875,-1.083691893041134,-1.620593368896842,-0.026248430380411445
1789063906139169500,13.28216943359375,-0.7855915745198726,-1.6196908670991659,0.26288342265691605
1789063906149207300,13.292207275390625,-0.7935556852668524,-1.6108768615245819,0.25529176195152103
1789063906159244300,13.302244384765626,-0.27481822713315485,-0.7484568988680839,0.08123072388195432
1789063906169282600,13.312282470703124,0.4511982918679714,-0.3633008127063513,0.23043197291791437
1789063906179319300,13.3223193359375,0.32537820154726504,0.28895488903522487,0.29786797107011076
1789063906189357300,13.332357421875,0.8463590546935796,0.8398948271155356,0.2379392432754859
1789063906199394600,13.34239453125,0.004899462479352951,1.2550854015350341,0.46253659175578504
1789063906209432300,13.352432373046875,0.7193927169471979,1.3506810339838267,0.2644520602131262
1789063906219469300,13.36246923828125,2.3262322857797146,0.5157254168361425,0.4507928894048556
1789063906229507300,13.37250732421875,1.9972212806880474,0.23114450510144233,0.7129369649365543
1789063906239544300,13.38254443359375,1.043929791495204,0.3063479223847389,0.8267627391461283
1789063906249582300,13.392582275390625,-0.33423137008845805,0.28493571652173993,0.5604342175366357
1789063906259619600,13.40261962890625,-0.2506114221155643,-0.09478256250023841,0.12882947387029417
1789063906269657300,13.4126572265625,-0.6653355480670928,-0.1693330688327551,-0.34362237183339894
1789063906279694300,13.4226943359375,-0.662895753699541,-0.1721732606947422,-0.35146658252775664
1789063906289732400,13.432732421875,-1.4184019865572453,-0.23548399561047553,-0.22597013467084615
1789063906299769300,13.442769287109375,-1.1072077931851148,0.1466109494149685,-0.5226183546876535
1789063906309807400,13.452807373046875,0.33940672689974305,-0.35235622484385964,-0.7421116214945912
1789063906319844600,13.4628447265625,-0.4176929126292467,0.015016951867938041,-1.2446380956701935
1789063906329882400,13.47288232421875,0.3105336836367845,0.4715285477131605,-1.7695275005623696
1789063906339919400,13.48291943359375,1.2593430589795112,-0.38173604858517646,-1.3980983264580369
1789063906349957400,13.492957275390625,-0.6693284170955419,0.6978408103525638,-1.3522173036403953
1789063906359994400,13.502994384765625,0.45735330736637114,0.4575584745496511,-1.2445453028202056
1789063906370032400,13.513032470703125,0.7283657124757766,0.022792262044548987,-1.1810291815254836
1789063906380069400,13.5230693359375,0.1960807905048132,0.6103782154768705,-1.387173466209322
1789063906390107400,13.533107421875,-0.4974491709113121,0.42644788149297236,-1.041504098718241
1789063906400144400,13.543144287109374,-0.5907330192863941,0.18787761030495165,-0.6279688172250986
1789063906410182400,13.553182373046875,-0.7309194886118173,-0.09425883088707923,-0.3930700741566717
1789063906420219400,13.563219482421875,-0.05324409893155098,-0.5371165799111127,-0.5618709358088672
1789063906430257400,13.57325732421875,0.07076631161868571,-1.0742594633072613,-0.5713450127273798
1789063906440294100,13.583294189453126,-1.170673426401615,-0.7275041272103786,-0.852884437874332
1789063906450332400,13.59333251953125,-1.4893109215170144,-0.26683132003247734,-1.0007111928198487
1789063906460369400,13.603369384765625,1.0968412974715231,-1.2722282595157623,-0.8258807686798274
1789063906470407400,13.613407470703125,1.0420616595357657,-0.7418734288245439,-0.4309042398473248
1789063906480444400,13.6234443359375,-0.5709855317652225,0.3872451673954725,-0.01796190101234242
1789063906490482400,13.633482421875,-0.46145840459764004,0.7844552639663219,-0.09222447551526129
1789063906500519200,13.643519287109376,0.613543986031413,0.7830138329863547,-0.5290791481995955
1789063906510556400,13.653556396484374,0.7496084069907665,1.203803542587161,-0.3512949522878974
1789063906520594400,13.663594482421875,2.344028639233112,0.574569235470891,0.09074307785108685
1789063906530631400,13.67363134765625,2.346525716745853,0.5722165348649024,0.07644214703170582
1789063906540669400,13.68366943359375,1.197917407158017,0.8716337812036276,0.4108618245001882
1789063906550706400,13.69370654296875,0.043642157849669454,0.6674737291395664,0.25118016191422937
1789063906560744200,13.703744140625,-0.2501730306982994,0.7248626727908849,-0.02328347962759435
1789063906570781400,13.713781494140624,0.2665332138687372,-0.02182487831711769,-0.07868788013188167
1789063906580819700,13.72381982421875,0.2885246809244156,-0.3210433872133493,0.012192249836027621
1789063906590856400,13.7338564453125,0.14259762212038038,-0.6420294912815093,0.5000779119797051
1789063906600894700,13.743894775390626,-1.0017349098443984,-0.5247217932403088,0.6001288433369248
1789063906610931700,13.753931640625,-1.442684779420495,-0.28679683421850205,0.22400148321269078
1789063906620969500,13.763969482421874,-1.4318775542020796,-0.3096644995868206,-0.10278806470353155
1789063906631006700,13.7740068359375,-0.3401449780464172,-0.4795411737769842,-0.2904888936694711
1789063906641044700,13.784044677734375,0.9149076902627944,-0.7853180182754993,0.2433782925242558
1789063906651081500,13.79408154296875,0.9145797734826803,-0.7847820117026567,0.2400007789151743
1789063906661119700,13.80411962890625,0.523281531304121,-0.42908349069356916,0.7757270369790494
1789063906671156700,13.81415673828125,-0.4756447508603334,-0.2999614362180233,0.4731427779767662
1789063906681194500,13.824194580078125,0.2954682164520025,-0.28007015631198884,-0.02792801749780774
1789063906691231700,13.834231689453125,1.3195575814455747,-0.9555974280476569,-0.3023438013099134
1789063906701269500,13.84426953125,0.49832536922395226,-0.6257517256975174,-0.3343193406328559
1789063906711306500,13.854306396484375,-0.7319751351445913,-0.4635013086020946,-0.1467277807276696
1789063906721344800,13.8643447265625,-1.0558914474457501,-0.23559447024762628,-0.2902928231080994
1789063906731381800,13.8743818359375,-0.04714110588133335,-0.5331406620174646,-0.08993150573987513
1789063906741419500,13.88441943359375,0.601490560144186,-0.6386375107556581,0.1906221963053569
1789063906751456800,13.894456787109375,0.015855740779638288,-0.02682838569283485,0.13973163823001086
1789063906761494500,13.90449462890625,-0.5757324340313673,0.31986031490862366,0.37436219534892584
1789063906771531500,13.914531494140626,-0.33279227719604965,0.48161155031025404,0.31768388418499377
1789063906781569800,13.92456982421875,-0.3383592636734247,0.48808103858530516,0.31578517442420123
1789063906791606800,13.934606689453124,1.567963017949462,0.14973989509046076,0.42971890252027656
1789063906801644500,13.94464453125,1.4016881676435469,0.5830243446052074,-0.15381382999848572
1789063906811681800,13.954681884765625,0.33741175369024273,1.0202134003430605,-0.5943291440822184
1789063906821719600,13.964719482421875,0.11874503736793994,1.0304846189886332,-0.8720705651856958
1789063906831756500,13.974756591796876,0.3563853342294693,0.7791302695512771,-0.8656633284918963
1789063906841793500,13.98479345703125,0.9951941098988055,0.35275662233829497,-0.39163898190762847
1789063906851831600,13.99483154296875,0.7591770303249359,0.08911737634539604,-0.12065715459957718
1789063906861868500,14.00486865234375,-0.02703589096367359,0.2605827810317278,-0.08694138401318341
1789063906871906600,14.014906494140625,-0.3210445562571287,0.019751579174399375,-0.27671704649180173
1789063906881943800,14.02494384765625,-0.035983752050995826,-0.08891454724967479,-0.5397535773511976
1789063906891981600,14.034981689453126,0.19755553923249244,-0.1925420949846506,-0.5416518121879548
1789063906902018600,14.0450185546875,-0.9065624712437391,-0.016948796713352202,-0.4452872777258977
1789063906912056600,14.055056640625,-1.885578768801689,0.35008243469297884,-0.3573131896641105
1789063906922093600,14.065093505859375,-1.4372101474016905,-0.1914835258424282,-0.460670651753433
1789063906932131600,14.075131591796875,-0.9322861105650663,-0.4622650448054075,-0.595242605665326
1789063906942168800,14.0851689453125,-1.2612521074712275,-0.47628246424198145,-0.3136868139054626
1789063906952206600,14.09520654296875,-1.1349456949383019,-0.8727695072352886,0.12731211897674946
1789063906962243600,14.10524365234375,0.15208207430243492,-1.1696458369195462,0.17295129586253313
1789063906972281600,14.115281494140625,-0.5914128182440996,-0.7943237470299005,-0.19813217007666825
1789063906982318600,14.125318603515625,-0.1891957071661949,-0.2925251487374306,-0.2178958050150424
1789063906992356600,14.135356689453126,0.22556991983950136,-0.5984411094456911,0.08124163800161331
1789063907002393600,14.1453935546875,0.06634264995753765,0.44879532237946984,-0.0006412570456042886
1789063907012431600,14.155431640625,0.6114362000972032,0.45177989114820954,0.136138436043635
1789063907022468600,14.165468505859375,-0.5384954670488834,0.8479401864051819,0.008109364436566829
1789063907032506600,14.175506591796875,-0.5435930824488401,0.853560948896408,0.012661328652501105
1789063907042543600,14.185543701171875,1.8687299253314733,0.1928694272428751,-0.3521040767136961
1789063907052581600,14.19558154296875,1.0941641872167587,0.6684481271296739,-0.08418101592175661
1789063907062618600,14.20561865234375,0.27322832759320737,0.7002782666325569,0.41828013793267305
1789063907072656600,14.21565673828125,0.8839952501267194,0.10409516524672507,0.5125764878185466
1789063907082693600,14.225693603515625,0.19995909324288366,0.333789471539855,0.4346261099146679
1789063907092731600,14.235731689453125,-0.8085545169562101,0.47556993205845355,0.3981448201376945
1789063907102768600,14.2457685546875,-0.45371699669063087,0.2559013452172279,0.21266279973238705
1789063907112806700,14.255806640625,-0.5585848998755216,0.20535306124091146,0.06556026740819215
1789063907122843600,14.26584375,-0.08339607608914375,0.03606500059366226,0.15380933648645878
1789063907132881700,14.275881591796875,-0.7292278822630643,0.04584755893945694,0.15226057267449794
1789063907142918700,14.285918701171875,-0.29813188270330426,0.08092413301765919,-0.0042050139417871835
1789063907152956700,14.295956787109375,0.15054244364500044,-0.285112826654315,0.18701544051766394
1789063907162993700,14.30599365234375,0.4057715886890888,-0.168656192484498,0.28829277186468244
1789063907173030700,14.31603076171875,0.10066577531993388,0.1070265425235033,0.19671088683558627
1789063907183068700,14.326068603515624,-0.414601960876584,0.43715281538069245,0.5164020009234548
1789063907193105700,14.336105712890625,0.1600116982579231,0.22900749307274818,0.49597266861796374
1789063907203143700,14.346143798828125,-0.2814087114393711,0.49112230597734446,0.733166536886245
1789063907213180400,14.356180419921875,-0.3648410278856754,0.3414367714226246,1.0754523263536393
1789063907223218700,14.36621875,0.5708715499967336,-0.16678455339372156,0.7756338057376444
1789063907233255700,14.376255615234374,0.4989817873060703,-0.191448454529047,0.15698327208114787
1789063907243293400,14.38629345703125,-0.40571313650012014,-0.2755219914883375,-0.12966324868015944
1789063907253330700,14.39633056640625,-0.7115355737060308,-0.1399789640545845,-0.4336122932296246
1789063907263368700,14.40636865234375,-0.03280336844921112,-0.5465484251230954,-0.2606437174387276
1789063907273405400,14.416405517578125,0.8233142791926861,-0.89164079644382,-0.1440099731363356
1789063907283443700,14.426443603515626,-0.5615758983850478,-0.2955079639405012,0.2254971468642354
1789063907293480700,14.436480712890624,-0.8364630991011858,0.08122633083462714,0.3479967875253409
1789063907303518500,14.4465185546875,0.16482406697571278,-0.24628946726322173,0.18732300862949341
1789063907313555700,14.4565556640625,1.0444786575496197,-0.13194295711517334,-0.19344846923984585
1789063907323593700,14.46659375,1.3676128795623779,-0.2699585121423006,-0.3228503635700792
1789063907333630500,14.47663037109375,0.04339548961222171,0.27301322353780266,-0.06912026144471019
1789063907343668700,14.486668701171874,0.2199006420314312,0.135904846483469,0.05141639031404629
1789063907353705700,14.496705810546874,0.08599719849824905,0.06453764636218548,-0.1714722910848446
1789063907363743500,14.506743408203125,0.8713280762553215,-0.11580898391604423,-0.4821200843542814
1789063907373780700,14.51678076171875,1.0584159974873066,-0.25264380472600456,-0.6502122132152318
1789063907383818800,14.52681884765625,0.3520867602527141,0.09472820196449756,-0.7743103751141578
1789063907393855500,14.53685546875,-0.4585656057655811,0.19074118304252624,-0.46102399523574855
1789063907403893800,14.546893798828124,0.403576124471426,-0.018878303471207617,-0.05353908155644312
1789063907413930800,14.5569306640625,0.6930056452810764,-0.4099503356784582,0.25624257813664153
1789063907423968500,14.566968505859375,-0.34425533597469327,0.18268764044642447,-0.2749070927266963
1789063907434005800,14.577005859375,-0.941512788593769,0.31771336600780486,-0.7271296678747982
1789063907444043500,14.58704345703125,-0.8898831391215324,0.21936346641480922,-0.9614579175788909
1789063907454080500,14.59708056640625,1.208482640314102,-0.368497212305665,-0.21717253224179148
1789063907464118800,14.607118896484375,-0.005932312658429146,-0.4791793547272682,0.627977292792499
1789063907474155800,14.61715576171875,-0.24230711962878704,0.02081190188229084,0.7050718575846403
1789063907484192500,14.627192626953125,-0.5973299333333969,-0.38116438617706294,0.5014529997251927
1789063907494230800,14.637230712890625,-1.0632114150702954,0.1312514677196741,-0.3858094355039298
1789063907504267800,14.647267822265626,-0.08503039929270743,-0.16372224321365356,-0.8254797866635024
1789063907514305500,14.657305419921874,1.1702554932504892,-0.874476895675063,-0.8130355348277837
1789063907524342500,14.667342529296874,-0.5772054291933775,-0.020410335344076155,-0.8004667798295617
1789063907534380800,14.677380859375,-1.6599311075508594,0.4767769697606563,-0.7070522908121347
1789063907544417500,14.68741748046875,0.27094109343886374,-0.23755320309996603,-0.5030708101853728
1789063907554455600,14.69745556640625,1.3990923059314488,-0.5110083251863717,-0.2434270270368084
1789063907564492800,14.707492919921876,0.6341121422857046,0.032987492844462396,-0.2748827072041109
1789063907574530600,14.717530517578124,-0.704125589710474,0.4428770382463932,-0.09927845828053541
1789063907584568000,14.727568115234375,-0.711227530670166,0.3238186971455812,-0.045900549502018835
1789063907594606000,14.737606201171875,-0.15105682290792463,0.24282909767627714,-0.22701390810273586
1789063907604643000,14.74764306640625,-0.2031166804909706,0.4628671023517847,-0.3810343665892258
1789063907614681300,14.757681396484376,1.7010954771101474,-0.4730173249661922,-0.42104379395972935
1789063907624718000,14.767718017578124,-0.2840530884683132,0.2648310861259699,-0.7418735749550164
1789063907634756000,14.777756103515625,-1.210767536380887,0.953475029066205,-0.5847420352432876
1789063907644793000,14.78779296875,0.11996318098604679,-0.37150691551566123,-0.010994674081914126
1789063907654831000,14.7978310546875,0.9444143552541733,-0.002297171026468277,0.0983397983240895
1789063907664868000,14.8078681640625,0.93847093667984,-0.020016952112317084,0.48895347403828054
1789063907674906000,14.817906005859374,0.18754501734971998,0.33993396564424033,0.28463441375391557
1789063907684943000,14.827943115234374,-0.20778584134578704,0.9957534973472356,-0.1812340989035554
1789063907694981000,14.837981201171875,0.7366407888680696,0.7636246573835611,-0.5548373839102685
1789063907705018000,14.84801806640625,1.9156097499281166,0.5426940877825022,-0.38357232410162684
1789063907715056000,14.85805615234375,1.2281857041716575,0.46960839330554005,0.20932454042145981
1789063907725093000,14.868093017578126,-1.7525117760926483,1.2299538828879595,0.7403228383816778
1789063907735131100,14.878131103515624,-1.9561212085366249,0.7736679124921559,0.6836389742597937
1789063907745168100,14.888168212890625,-0.47551849413216113,-0.2575561266869306,0.23540225387746466
1789063907755205000,14.898205078125,-0.5044564193248748,-0.7678706243902444,-0.12161223596786148
1789063907765243100,14.9082431640625,-1.087050555819273,-1.0331319186270236,0.05561388766965829
1789063907775280000,14.918280029296875,-1.8120739721298216,-1.1271043337881566,0.24339641270283607
1789063907785318100,14.928318115234376,-1.5143267048299311,-1.1489923404693603,0.24689495887570082
1789063907795355100,14.938355224609374,-0.09645955580174922,-1.4672726927101611,0.16613493037857113
1789063907805393200,14.94839306640625,-0.9666402155876159,-0.5922749880313873,0.24258495018947868
1789063907815430100,14.95843017578125,-0.5797691422015429,0.022549100938439367,0.4984835189277306
1789063907825468200,14.96846826171875,0.04588146120905876,0.1205722527951002,0.5273537491790949
1789063907835505200,14.978505126953126,0.10151976180076598,0.9071516693085432,0.40467882501631974
1789063907845543200,14.988543212890624,1.121305292120576,0.9139391374915837,0.31620120787918565
1789063907855580200,14.998580078125,1.8883266062051056,0.6360515859156847,0.2333289730010554
1789063907865618200,15.0086181640625,2.469627780279517,0.6918722573369741,0.34364290316477414
1789063907875655200,15.0186552734375,2.4733202050566674,0.6875859583199024,0.35071309727933253
1789063907885693200,15.028693115234375,-0.29763270100951195,1.0871703828066588,0.6997739703722298
1789063907895730000,15.03872998046875,-0.594524812784791,1.0325205087304115,0.7922817198082804
1789063907905768200,15.048768310546874,1.3967559719383715,-0.2858481551915407,0.6343981926854699
1789063907915805200,15.05880517578125,-0.04523614904284477,0.15676058750748634,0.4923726713646203
1789063907925843200,15.06884326171875,-1.5928350088775156,0.49876200707554813,0.4868900387024507
1789063907935880200,15.078880126953125,-0.9618985740184783,-0.06286065306067466,0.5204703463409096
1789063907945918200,15.088918212890626,-0.9494646243810653,-0.116868722102046,0.3987043171839788
1789063907955955000,15.098954833984376,-0.10481938786804676,-0.20018997938930988,0.4989648361712694
1789063907965993200,15.1089931640625,1.5284662893414496,-1.0731009409219026,0.4565049469087273
1789063907976030200,15.1190302734375,-0.600934679827094,-0.07119827329516411,0.27342140247989444
1789063907986068200,15.129068115234375,-1.5181442172914743,0.6451023228555918,0.03703738472319674
1789063907996105200,15.139105224609375,0.5939286004573107,-0.4718383443146944,-0.16898677614573387
1789063908006143000,15.14914306640625,0.6807119808971881,-0.10214812283217907,-0.4597951110279187
1789063908016180000,15.159179931640624,0.16782734044492242,0.1383762050330639,-0.1689820999706164
1789063908026217200,15.16921728515625,0.0015682722300291061,-0.17195640307366847,0.2129281544039957
1789063908036255200,15.179255126953125,0.09640461074411869,-0.1977320648431778,0.38815497571676966
1789063908046292000,15.1892919921875,1.0083680642485617,-0.6854945389986038,0.12324885159321129
1789063908056330200,15.199330322265626,1.2736679369300603,-1.2292688232332467,-0.15218156175469047
1789063908066367200,15.2093671875,0.14085282427966594,-0.855252555245161,-0.5311517532225698
1789063908076405000,15.219405029296874,-0.27023148386478424,-0.6461807657420635,-0.7442480490013956
1789063908086442200,15.229442138671875,0.3544160799831152,-1.1303554445385933,-0.5679917202441022
1789063908096480300,15.239480224609375,-0.4969184250354767,-0.6678355481892824,-0.2512107762482017
1789063908106517000,15.24951708984375,-1.320782154804468,0.15166998637020587,-0.15402257737834005
1789063908116555300,15.25955517578125,-0.719511959412694,0.011155600264668464,-0.4189123714216053
1789063908126592300,15.26959228515625,0.8346358836740255,0.05248188238739967,-1.166568986757472
1789063908136630000,15.279630126953125,0.19052724803090093,0.4176309533089399,-0.963430313630402
1789063908146667300,15.289667236328125,0.6072089377909898,0.3351280266672373,-0.4083836708836257
1789063908156705000,15.299705078125,0.9704372697830199,0.2905763527572155,-0.060405715922918164
1789063908166742000,15.309741943359375,0.6631319005429744,0.5794336266368627,0.014865378035418689
1789063908176780300,15.3197802734375,0.7201946809798478,0.48098377380073065,-0.2597324843453243
1789063908186817300,15.3298173828125,0.14354980827867983,0.9276946911215782,-0.7179800736702978
1789063908196855000,15.33985498046875,0.2752601256817579,0.706494072407484,-0.7101062715552747
1789063908206892300,15.349892333984375,0.4097971909433603,0.4281178605318069,-0.5993213263463228
1789063908216930000,15.359929931640625,0.3197662068843841,0.20113281319737433,-0.11441144687673076
1789063908226967000,15.369967041015625,-0.24866847135424613,-0.021618542090058326,0.0928620975653641
1789063908237005300,15.38000537109375,-0.3780827867746353,-0.013794716596603392,-0.32009386793617156
1789063908247042300,15.390042236328124,-0.8649223008662462,-0.1603992362707853,-0.6002403774200007
1789063908257080000,15.400080078125,-0.47314650430381294,-0.5822469304919242,-0.5360565494641661
1789063908267117000,15.410116943359375,-1.05615272873044,-0.544801873716712,0.13149322231998667
1789063908277154300,15.420154296875,-1.5116367350935935,-0.4301099111318588,0.6145114428240805
1789063908287192000,15.430192138671876,-0.3860527427405119,-0.9368085564255714,0.6964734675221145
1789063908297229000,15.44022900390625,-0.4933750533401966,-0.5958961011379957,0.046706344892992635
1789063908307267000,15.45026708984375,0.09761690914332866,-0.3553314412623644,-0.5184558647133409
1789063908317304000,15.460303955078125,0.45741409764289853,-0.4549579366624355,-0.558559363575466
1789063908327342000,15.470342041015625,0.45006665748953817,0.20768121192753314,-0.7992190447907894
1789063908337379300,15.48037939453125,-0.18599603434205053,0.46453766591250895,-0.10553623090051113
1789063908347417000,15.4904169921875,-1.0156716652601956,0.768746238180995,-0.031431691936939024
1789063908357454000,15.5004541015625,-0.5170066888183356,1.0096516743183135,-0.38697899073995645
1789063908367492000,15.5104921875,0.09242927737236023,0.580080107846856,-0.33296547833848744
1789063908377529000,15.520529052734375,0.4147434151738882,0.2141179669767618,-0.08570292825940996
1789063908387567000,15.530567138671875,0.7257225044906139,-0.08097323285639285,0.14140759948506018
1789063908397604400,15.540604248046876,-0.034354105022549625,-0.30144086112082,0.6532539189986885
1789063908407642000,15.55064208984375,-0.5470815090864897,-0.0027051673054695126,0.7633264781545848
1789063908417679000,15.56067919921875,1.5352034886419772,-0.6223404559493064,0.7852390347551554
1789063908427717000,15.570717041015625,1.7661890037894248,-0.6940776584267616,0.3879302635828033
1789063908437754000,15.580754150390625,0.287852480751276,0.6512146682560443,0.06257363911310676
1789063908447792000,15.590792236328125,-0.5517874948203564,0.9074591278225183,0.06111470900906715
1789063908457829000,15.6008291015625,-0.26876608748733993,1.1440519614577294,0.019079660987405805
1789063908467867100,15.6108671875,0.0015139116942882538,1.3265981476068496,0.42699276549201454
1789063908477904100,15.620904052734375,0.9106307435959577,0.8499152858704329,0.7138138939015567
1789063908487942100,15.630942138671875,1.2901368411719798,0.5997317337781191,0.8151898633174598
1789063908497979100,15.640979248046875,-0.16754326280653475,0.8456669807761907,0.8399724223963916
1789063908508017200,15.65101708984375,0.783960758447647,0.1929120973408222,0.7855565762717276
1789063908518054100,15.66105419921875,0.13622633352279662,-0.1390150874584913,1.0625747246019541
1789063908528091100,15.671091064453124,-0.29436697721183297,-0.31625790650248525,1.3942691235587
1789063908538129200,15.681129150390625,-1.014796635991335,-0.5168623119115829,1.4991403877444565
1789063908548166100,15.691166259765625,-2.737242944166064,-0.039486791735887525,1.0922351188503205
1789063908558204200,15.7012041015625,-2.0961849282652136,-0.4748562308311462,0.5890213565303012
1789063908568241200,15.7112412109375,-0.7173486438989639,-1.1131050345301627,0.35224213347751643
1789063908578279000,15.72127880859375,-0.8253589367628097,-0.8320154720425605,0.3988175317674875
1789063908588315400,15.7313154296875,0.3213268803298473,-1.024729416462779,0.7111104070965201
1789063908598353700,15.741353759765625,0.0551338582009077,-0.9510960249751805,0.7457622529566288
1789063908608390700,15.751390625,0.07335691263377667,-0.07218553076684475,0.7367225488673895
1789063908618428400,15.761428466796875,0.1783908200353384,0.07165420036911964,1.038616195257008
1789063908628465400,15.77146533203125,0.9745920513749122,0.38747897615134713,0.6468957090783863
1789063908638503400,15.78150341796875,1.313322486448288,0.4130956479668617,0.18290226957779376
1789063908648540400,15.79154052734375,1.3144137888163328,0.4119757040262222,0.19013050379827617
1789063908658578400,15.801578369140625,0.6184820269554853,0.6084387718468904,-0.12257118066051043
1789063908668615700,15.81161572265625,0.9722633161664008,-0.05948036297261715,0.30586225775964554
1789063908678653400,15.8216533203125,1.8860498934447765,-0.48659693750739097,0.34080961596760895
1789063908688690400,15.8316904296875,0.8084083864837884,-0.5429436786293983,0.09928486062185839
1789063908698728400,15.841728515625,-0.44182782145440574,-0.20558511643111704,-0.19387069497359916
1789063908708765400,15.851765380859375,-0.631560119715333,-0.31260639825761316,-0.44841936520654707
1789063908718803500,15.861803466796875,-0.4187818769097328,-0.2529389882802963,-0.39720490893907845
1789063908728840700,15.8718408203125,-0.5388251373946666,-0.40765258013010025,-0.2597621488312259
1789063908738878500,15.88187841796875,-0.7124129410624503,0.11280980210006236,-0.25345091985780743
1789063908748915500,15.89191552734375,0.24388357516527173,-0.25014789625704287,-0.520725197884813
1789063908758953500,15.901953369140625,1.0090911178261042,-0.1556073258191347,-1.020015320487693
1789063908768990500,15.911990478515625,0.5343564675480127,0.17197803038358686,-1.0318244892902673
1789063908779027500,15.92202734375,0.493583143132925,0.1669400362163782,-0.7638293131101876
1789063908789065500,15.9320654296875,0.21167934165298938,0.4350801007598638,-0.4382171566765755
1789063908799102500,15.9421025390625,-0.2700555427759886,0.49342882935404775,-0.23526942127803338
1789063908809140500,15.952140380859374,-0.4132511307895183,0.5033136790305376,-0.37920075795389707
1789063908819177700,15.962177734375,0.01495557706952095,0.2133037279844284,-0.5287647119555622
1789063908829215500,15.972215576171875,-0.22201018153131008,-0.16119886221587656,-0.4744445082250982
1789063908839252500,15.98225244140625,0.2815016504198313,-0.28220775286257266,-0.19053979698522017
1789063908849290500,15.99229052734375,0.6244914965033531,-1.1682143428117036,0.31817828010581434
1789063908859327500,16.002327392578124,-0.47377895698845385,-0.7509329335927963,0.30883835096098483
1789063908869365500,16.012365478515626,-1.012638581174612,-0.707118926307559,0.38630364876165985
1789063908879402500,16.022402587890625,-1.3640531412541865,-0.5639782833516598,0.13669882813906295
1789063908889440500,16.0324404296875,0.003493687334656715,-0.5568874483078717,-0.02359530378943309
1789063908899477500,16.0424775390625,1.0367010092854498,-0.7160480826944112,-0.04163063536416739
1789063908909515500,16.052515625,-0.02896832033097744,0.22354396696984766,0.22611836576880887
1789063908919552500,16.062552490234374,-1.1731214040756226,1.0266624303519725,0.42826735200509425
1789063908929590500,16.072590576171876,0.9035866703033447,0.690628394755721,-0.07256888579493388
1789063908939627500,16.08262744140625,1.8229753053724764,0.521347348371148,-0.2771573924041353
1789063908949665500,16.09266552734375,1.4211492394387721,0.6780518217772245,-0.21696097185034305
1789063908959702500,16.10270263671875,0.4129904340267181,0.8443933075785637,0.43017161472383886
1789063908969740300,16.112740234375,0.014742811101675033,0.6128565882891416,0.8953492225077003
1789063908979777500,16.122777587890624,0.41235038255751133,0.2537812843233347,0.6886966229755431
1789063908989815600,16.132815673828127,-0.03623860359489917,0.17782500284612177,0.3108455991301685
1789063908999852500,16.1428525390625,0.1705424446225166,-0.1393295602351427,0.03702814653739333
1789063909009889500,16.1528896484375,-0.22682138120532033,-0.31179332830905915,-0.1928346299241297
1789063909019927600,16.162927490234374,-0.8443804480969905,-0.02897299650609493,0.33944223660454154
1789063909029964500,16.172964599609376,-0.8446002283275127,-0.028787118545174597,0.3375201094355434
1789063909040002600,16.18300244140625,-1.4532558577954768,0.09921557651162147,0.6855198195703327
1789063909050039600,16.19303955078125,-0.8740659767866135,0.2622363934576511,0.3623392741978168
1789063909060077300,16.203077392578123,-0.3415688733696937,-0.013734510841965674,-0.1923450745752081
1789063909070114600,16.213114501953125,0.08230126658976078,0.60288172224164,-0.39169827434681354
1789063909080152600,16.223152587890624,0.5905716912448405,-0.06592413228452206,0.43652628098018464
1789063909090189600,16.233189453125,-0.8237333813875913,0.5398509733110666,0.7701832121815532
1789063909100227600,16.2432275390625,0.6225140589505433,0.11214753879904746,0.6293966580711304
1789063909110264600,16.2532646484375,0.2889151415467262,-0.38958325495421886,0.10048811719808727
1789063909120302300,16.26330224609375,-0.003895253872871399,0.07093231583535671,-0.6797974233355373
1789063909130339600,16.273339599609375,-0.8146148399084806,0.01733925733566284,-0.8771415117744356
1789063909140377600,16.283377685546874,-0.8196545876413583,-0.22706161970198152,-0.6921109614636749
1789063909150414600,16.29341455078125,-0.8184452118515968,-0.22845804249644278,-0.6926334509678185
1789063909160452600,16.30345263671875,-0.15367138932049274,-0.30725685392320157,0.0255969990006648
1789063909170489600,16.313489501953125,1.2227590029478073,-0.9546937572062015,0.2660622353561222
1789063909180527400,16.32352734375,0.20764906322360038,-0.3721212480217218,0.31531795877125113
1789063909190564400,16.333564453125,-1.0356979697227477,0.3450724975764751,0.12637745020883157
1789063909200602600,16.3436025390625,0.027274960416555402,-0.12587503537833689,-0.11103656361615284
1789063909210639400,16.353639404296874,0.021713819158077238,-0.11945172433257102,-0.10950045835636556
1789063909220677600,16.363677734375,1.1518529905974864,0.04127484419643879,-0.2112744506465271
1789063909230714600,16.373714599609375,0.13146423368752003,0.5465688833892345,-0.1152653054933995
1789063909240752400,16.38375244140625,-0.055313306421041486,1.024945689561963,0.034988731397967786
1789063909250789400,16.393789306640624,1.1393027211040259,0.22051731262505053,0.42628385003767905
1789063909260826600,16.40382666015625,0.9314034825116395,0.5619540840476751,0.5133076151046901
1789063909270864400,16.413864501953125,-0.3592208499163389,0.8537573482513428,0.8887820460118353
1789063909280901400,16.4239013671875,-0.3587280979633331,0.8533885149389505,0.893607274211198
1789063909290939600,16.433939697265625,1.5050602793127297,-0.16970014857947827,1.1495925713848323
1789063909300976600,16.4439765625,-0.33416181198358536,0.7135556813567876,1.0560957378461957
1789063909311014400,16.454014404296874,0.7830652709126472,0.23179800057411193,0.7928614193923771
1789063909321051600,16.4640517578125,0.37899873257577416,0.1649234356969595,0.5105846564142034
1789063909331089400,16.47408935546875,-0.5452022712111473,0.8301765661776065,0.664902052020654
1789063909341126400,16.48412646484375,-0.5233323847085237,0.34575112749040127,0.8854574316337704
1789063909351164700,16.49416455078125,0.09975918186902999,0.10966098268032073,0.7562836469709873
1789063909361201400,16.504201416015626,-1.5002169309347868,-0.014821137034893034,0.36445111525263635
1789063909371239400,16.514239501953124,-2.3597557851970192,0.07354571320414542,0.17318437396604566
1789063909381276700,16.524276611328126,0.16915245156884193,-1.2760814278125763,-0.024810689194872972
1789063909391314400,16.534314453125,1.6928391054183243,-2.3106688059449194,0.13336232239380477
1789063909401351400,16.544351318359375,-0.35679274598658084,-1.6443582753658295,-0.019611184323020277
1789063909411389700,16.5543896484375,-2.3687007236748934,-0.7072276473790406,-0.253135387635231
1789063909421426400,16.564426513671876,-0.7462918297886848,-1.2764713039129971,-0.22680333409197628
1789063909431464400,16.57446435546875,0.4495516937047243,-1.1741752970427275,-0.28316304429341105
1789063909441501700,16.584501708984376,0.9638064534664154,-0.8760229560732841,-0.37858496414311227
1789063909451539500,16.59453955078125,-0.2754085942417383,-0.2596884625405073,-0.25676442831996826
1789063909461576400,16.604576416015625,-0.33483284311294553,0.4633773899614811,-0.2605503035342321
1789063909471613400,16.614613525390624,1.3117056989014149,-0.2172813994437456,0.2569363508207723
1789063909481651500,16.6246513671875,3.1993811477214096,-0.4147358163893223,0.3963812445312738
1789063909491688400,16.6346884765625,1.813824615189433,0.42433541938364505,0.18181261117756364
1789063909501726700,16.644726806640627,0.035762218254804606,1.2908224853485821,-0.1415748184112832
1789063909511763500,16.654763427734373,0.45139293765723704,1.188346445736289,-0.5351407132608815
1789063909521801500,16.664801513671875,0.5604588770538568,1.148935057324171,-0.5225820777978748
1789063909531838500,16.67483837890625,0.5642407336801291,1.1442214728057383,-0.5297831682831049
1789063909541876500,16.68487646484375,-0.7392138542264699,0.7822697366207838,0.10908784070117399
1789063909551913500,16.69491357421875,-1.2032429860949516,0.8832903167277574,0.02665607959954068
1789063909561951500,16.704951416015625,0.09452654191255569,-0.10954641638994217,-0.12402495053224265
1789063909571988500,16.714988525390623,1.2218401345372198,-0.9398352107703685,-0.2785306169860996
1789063909582026500,16.725026611328126,-0.32180385019183155,-0.5275158078730106,-0.060814515919517725
1789063909592063700,16.735063720703124,-1.830693332403898,-0.4774298807114362,0.5484466234272346
1789063909602101500,16.7451015625,-2.544131524860859,-0.07657645920217036,0.5657565450705587
1789063909612138800,16.755138671875,1.1340297491371631,-0.9061427845269441,0.27724337192084636
1789063909622176800,16.7651767578125,0.964666869688034,-1.1930915944367646,-0.032608503464236854
1789063909632213500,16.775213623046874,-1.571606927409768,0.7173983282595873,-0.2812528084916063
1789063909642251800,16.785251708984376,-1.4786369672894477,0.5220610495984555,0.08234863112913444
1789063909652288800,16.795288818359374,-0.057795186364650725,0.28986382057368754,0.7873352033168077
1789063909662326500,16.805326416015625,1.8862182357490063,-0.31005729829669,0.8479273269236087
1789063909672363500,16.815363525390627,1.098031384038925,0.011435586249828338,0.4131440171532333
1789063909682401500,16.825401611328125,-0.2478232527017593,0.5708674583435058,-0.1459898218419403
1789063909692438500,16.8354384765625,-0.29086919822394847,0.4525011911600828,-0.43949258343987163
1789063909702475500,16.8454755859375,1.3431272576034068,-0.16673896068632602,-0.4508144071169197
1789063909712513800,16.855513671875,0.9694944359749555,-0.3057996408522129,0.2681188756249845
1789063909722550500,16.865550537109375,-1.4650678761422633,0.3971329396814108,0.747073773946613
1789063909732588500,16.875588623046873,-2.7555975160241126,0.8016805395334958,0.3856725112512707
1789063909742625800,16.885625732421875,-0.4476537511289119,0.2866249847829342,-0.10343969701267779
1789063909752663600,16.89566357421875,2.72292741856575,-1.2689151894450188,-0.15395374992582947
1789063909762700500,16.905700439453124,-0.15271861864030362,-0.22448037103712556,0.007108644695114344
1789063909772738800,16.91573876953125,-2.111001973646879,0.6547101091563702,0.29146343779005107
1789063909782775600,16.925775634765625,-2.1150410199046132,0.659285161986947,0.2904795595855452
1789063909792813600,16.9358134765625,2.2787585869431495,-0.38743455248773095,-0.37290531107150016
1789063909802850800,16.945850830078125,3.708107499450445,-0.931546105852723,-0.3493059704277664
1789063909812888600,16.955888671875,0.5166115520209074,0.8142331471145152,-0.35916729309819634
1789063909822925600,16.965925537109374,-1.8686901778429745,1.656893931812048,0.11563349948497488
1789063909832963600,16.975963623046876,-1.1862404133677482,1.291872871184349,0.29274604321280495
1789063909843000600,16.98600048828125,1.2076163788735865,0.5666413650810718,0.46416974591556937
1789063909853038600,16.99603857421875,1.8293407487511635,-0.05864858832359313,0.383112122711353
1789063909863075800,17.006075927734376,-0.3761182087033987,0.4065986871629953,-0.07278316786643117
1789063909873113600,17.016113525390626,-2.186827322220802,0.7738502833217382,-0.3559434356808662
1789063909883150600,17.026150634765624,-0.9954588983148336,-0.13581483011245726,0.2830488981281407
1789063909893188600,17.036188720703127,1.344430741417408,-1.398790108114481,1.144646931676194
1789063909903225600,17.0462255859375,1.2103221307009457,-1.3868728758275508,1.7529596659906208
1789063909913262600,17.0562626953125,-2.310119939890504,-0.30928806748986243,1.4651593538179992
1789063909923300900,17.06630078125,-2.846107223510742,0.3216507054567337,0.5981365370085463
1789063909933337600,17.076337646484376,-0.6704226420730351,-0.3132347592890262,-0.1499727722645737
1789063909943375600,17.086375732421875,0.9229138865858316,-0.3205746006578207,-0.6898906550657004
1789063909953412600,17.09641259765625,1.52022219260931,-0.06070318276584148,-0.48451454174276437
1789063909963450600,17.10645068359375,-0.8811270012140273,0.6252531285256147,-0.06654060194874183
1789063909973487600,17.116487548828125,-1.1083481953918932,1.2575433160811662,0.0968786214640364
1789063909983525600,17.126525634765624,2.6480489954531192,-0.1629787313699722,0.4679101380202919
1789063909993562600,17.136562744140626,3.3244039501845837,-0.7292904261052608,0.3847115937972441
1789063910003600600,17.1466005859375,-1.1264818179756402,1.1573597713202237,0.22691229262547566
1789063910013637600,17.1566376953125,-1.9717706130892036,0.9244318899333477,0.17666207828028127
1789063910023675600,17.166675537109374,0.9699965402781963,-0.6297264745473862,0.026756617364566773
1789063910033712600,17.176712646484376,1.1412778205692768,-0.6566863776654005,0.12043183967741206
1789063910043750400,17.18675048828125,0.6275584828585385,-0.812594147735834,0.32386560502722855
1789063910053787600,17.19678759765625,-0.04512099823057651,-0.7993529733687639,-0.00695489717181772
1789063910063825700,17.20682568359375,-1.2293009719371795,-0.0998936219036579,-0.36686383895017205
1789063910073862700,17.216862548828125,-1.6133914746940134,0.04050327530205249,-0.3769689803138375
1789063910083900700,17.226900634765624,0.8402583997309208,-0.48504210928082464,-0.1511187822282314
1789063910093937700,17.236937744140626,1.208529402065277,-0.3728331956833601,0.03594687237301841
1789063910103975400,17.246975341796876,1.0350199243307112,0.2909983775615692,0.1638781461614184
1789063910114012700,17.2570126953125,1.0914192724227905,0.2552887662768364,0.11973792086280882
1789063910124049700,17.267049560546877,1.2957733857542275,0.6306494346112013,0.09077091570608317
1789063910134087700,17.277087646484375,1.4297405421733855,0.3928741131931543,0.1155637404507026
1789063910144124700,17.287124755859374,-0.37120471769869323,0.958044236677885,0.12026035556802525
1789063910154162700,17.29716259765625,-0.28505671255290504,0.5674345612853765,-0.007430643191095441
1789063910164199700,17.30719970703125,-0.13398527659773826,-0.14880933624207973,-0.5142664501994848
1789063910174237700,17.31723779296875,-1.4340052138805388,-0.05722936917543411,-1.0455527165219187
1789063910184274700,17.327274658203127,-0.9405255311220884,-0.6747761611074209,-0.9258750014137476
1789063910194312400,17.3373125,-0.32182372393608094,-1.5518448268413543,-0.6714212246563285
1789063910204349400,17.347349365234376,-0.9091057259857654,-1.3450976808935402,-0.38387934422418474
1789063910214387700,17.3573876953125,-0.9102981506407261,-1.3438251767396927,-0.38717195602878923
1789063910224424700,17.3674248046875,-0.6642389850020408,-1.0577180783510207,-0.7142861875884234
1789063910234462700,17.377462646484375,-0.3087438776105642,-0.7548609206914901,-0.6523887535367161
1789063910244499700,17.387499755859373,-0.05634440303444862,-0.2344447156906128,-0.6114350675860419
1789063910254537500,17.397537353515624,-0.03997545203566551,0.028715222352743146,-0.28130302257519213
1789063910264574500,17.407574462890626,-0.8583809163987636,0.8348539103388786,-0.42129334827400744
1789063910274612700,17.41761279296875,1.2396323963373899,0.6305892288565635,-0.5655314310777932
1789063910284649700,17.427649658203126,2.4659815327316523,0.1319447106808424,-0.4230151305653155
1789063910294687700,17.437687744140625,2.513255909603834,0.3767962540954351,-0.08907196630109102
1789063910304724700,17.447724853515624,0.6999345677614212,0.8626426654964685,0.1910221006094478
1789063910314762500,17.457762451171874,0.32221476908028124,0.9512474161446094,-0.050012236304278486
1789063910324799500,17.467799560546876,0.6668056206196546,0.5299076714456081,-0.1314162937594112
1789063910334836700,17.477836669921874,0.6439414623826741,0.18944062183797358,-0.36348365845996883
1789063910344874500,17.48787451171875,-1.0505050782322882,0.3552092761874199,-0.3653924877559766
1789063910354911500,17.497911376953127,-1.581696359747648,0.4158639436364174,-0.18783768015336244
1789063910364949800,17.50794970703125,-1.1566098297357559,-0.3685001349151134,0.1878685867482796
1789063910374986800,17.51798681640625,-0.7358364867478608,-0.6139578275293112,0.30011976858489214
1789063910385024500,17.5280244140625,-1.1457967592984437,-0.1786778202831745,0.12968754287119955
1789063910395061800,17.538061767578125,-0.3772860834389925,-0.6024059214234352,0.3905303996112197
1789063910405099500,17.548099609375,-0.22566636595129966,-0.5516004478156566,0.5157475921353325
1789063910415136500,17.558136474609373,-0.007311199796199798,0.10864566815793514,0.11816902757827191
1789063910425174800,17.5681748046875,0.13127835572659968,0.27906653222739697,0.10399103815197012
1789063910435211800,17.578211669921874,1.2805302239149807,0.044480362239480015,-0.03968122289602179
1789063910445249500,17.58824951171875,0.4190677081137895,0.8453115914672613,-0.07083764155553654
1789063910455286800,17.598286865234375,0.7801707185149193,0.763300247734785,0.7791745470844209
1789063910465324500,17.608324462890625,1.516143398863077,-0.11348901653587817,1.2098131582655012
1789063910475361500,17.618361572265623,-0.019824644410610198,0.7383528534829616,0.3461935374956578
1789063910485399800,17.62839990234375,-0.1737368567496538,0.2385749473631382,-0.23190164361167698
1789063910495436500,17.6384365234375,-1.0183838468283415,-0.20737901411056517,-0.8626162158809602
1789063910505474600,17.648474609375,-0.6204284848481416,0.0959469301044941,-1.2418256685979663
1789063910515511800,17.65851171875,0.427688821464777,-1.1481056207627058,-0.5284661674004048
1789063910525549600,17.668549560546875,-0.39492987667918206,-0.7453449043273925,0.0032215033467509783
1789063910535586600,17.678586669921874,-1.4794301634937523,-0.09335632908940315,0.446934971867688
1789063910545623600,17.68862353515625,-1.482659062412381,-0.08969663753807544,0.4467720729235559
1789063910555661600,17.69866162109375,-0.6649912646740674,0.02126315278112888,-0.28036738569289443
1789063910565698600,17.708698486328124,1.0299445207625626,-0.29075580097734927,-0.7066390338361263
1789063910575736600,17.718736572265627,1.3720663518399,-0.4989209970295429,-0.5183831648033111
1789063910585773300,17.728773193359373,0.1879109280526638,0.4278314448058605,-0.7775207885280251
1789063910595811300,17.738811279296876,-0.1320049164354801,0.7524269715428352,-0.9998843866068869
1789063910605848300,17.748848388671874,0.5690706380546092,0.6250462077766656,-1.014921431414783
1789063910615886300,17.75888623046875,2.13418294274807,0.40137306146919727,-1.057831840923801
1789063910625923000,17.768923095703126,0.8391466390967368,0.7204863574028014,-0.5989934460988268
1789063910635961300,17.77896142578125,-0.1073965448796749,0.9961755221515893,-0.3356474839640781
1789063910645998300,17.788998291015623,0.13879998340308666,0.578541646233201,0.15960151002183556
1789063910656036400,17.799036376953126,0.321025267034769,0.2137655002772808,0.495054676990211
1789063910666073300,17.8090732421875,0.34431320364177226,0.06256897663772105,0.16136641906881705
1789063910676111000,17.819111083984374,-0.5165174439966679,0.2747206119775772,-0.2193623156373389
1789063910686148000,17.829148193359377,-1.123328322380781,0.29774142208099363,-0.33694409964587535
1789063910696186400,17.839186279296875,-0.8502093003809451,-0.11446692165732383,0.2534737162115052
1789063910706223400,17.849223388671874,-0.5534457834213972,-0.3136456781774759,0.7591771764554083
1789063910716261000,17.85926123046875,0.2901660183906555,-0.7368658297955989,0.853015443842858
1789063910726298400,17.86929833984375,-0.12148586050868034,-0.9375503147035836,0.1541741146782413
1789063910736336100,17.879336181640625,-1.7773475266635417,-0.14304068971276282,-0.8936732521194964
1789063910746373000,17.889373046875,-0.6514128211766481,-0.415804906925559,-1.478319571903348
1789063910756410400,17.899410400390625,1.600810810062289,-1.5720535021334885,-1.43048785340935
1789063910766448400,17.909448486328124,-0.04371171595454216,-0.5366238279581069,-1.2594668314896522
1789063910776485000,17.919485107421874,-0.5198427890270948,-0.19798224021196364,-0.838943590805307
1789063910786523400,17.9295234375,0.016707389172911643,-0.5178180052012205,-0.7126556637771427
1789063910796560400,17.939560302734375,0.6593459522634745,-0.149228438436985,-0.637217195628956
1789063910806598100,17.94959814453125,0.2169330243974924,-0.2631488321274519,-0.36327425349298864
1789063910816635400,17.959635498046875,-0.009836334359645843,-0.07997194685935974,-0.3233209767565131
1789063910826673200,17.969673095703126,-0.21311785002350805,-0.15673837567567825,-0.2520704800837673
1789063910836710100,17.979710205078124,-0.1132441018640995,-0.3505588200330734,-0.14265797400549055
1789063910846748400,17.98974853515625,1.0690618946641683,-0.694293347004056,-0.2161128305884078
1789063910856785400,17.999785400390625,0.9699147072136401,-0.6884814458549022,-0.42866811482571066
1789063910866823200,18.0098232421875,0.44355800624787806,-0.007196048983931541,-0.914742928155139
1789063910876860200,18.019860107421874,0.3489858716279268,0.3313485081285238,-1.0171168225672096
1789063910886898200,18.029898193359376,0.1840022301763296,0.6914309433102608,-0.6220719412062317
1789063910896935200,18.03993505859375,0.9038169719278812,0.9727636669039725,-0.24259391894722357
1789063910906973400,18.049973388671877,0.825531955242157,1.1747697558045387,0.05452986442577094
1789063910917010400,18.060010498046875,0.8857651824086904,1.3293325410068035,-0.17927834345959126
1789063910927048200,18.070048095703125,1.4732067589342592,1.2362334015488623,-0.48965230649001895
1789063910937085200,18.080085205078124,1.9676094017565249,0.6135340491592883,-0.5869215712394565
1789063910947122400,18.090122314453126,0.6831997060596943,0.5855833814382553,-0.11456994364038109
1789063910957160200,18.10016015625,-1.252700552225113,0.6098182435065508,0.5458950392482802
1789063910967197200,18.110197265625,-1.175852290344238,-0.27003391546607014,0.5366022737134247
1789063910977235200,18.120235107421873,-1.8712392778038978,-0.6510667842179536,0.081292820199579
1789063910987272200,18.130272216796875,-1.8607061933517455,-1.048538162073493,-0.7364366445980965
1789063910997310200,18.140310302734374,-1.3448971898853779,-1.7469266694366932,-0.8660524739399552
1789063911007347500,18.150347412109376,-1.979774471324682,-1.737147033700347,-0.45273456152454017
1789063911017385200,18.16038525390625,-2.1646377022445202,-1.6746546294301747,-0.016546791783720254
1789063911027422200,18.170422119140625,-1.0208031829297541,-1.624884344089031,-0.022812976039014755
1789063911037460200,18.180460205078123,-0.664829936632514,-1.0325099873363972,0.231878774192743
1789063911047497200,18.190497314453125,-0.7287421445727348,-0.48051966342031954,0.37212307465262706
1789063911057535200,18.20053515625,0.31039807455837726,0.33565584993362424,0.08399214228615164
1789063911067572500,18.210572509765626,1.8340274452626704,0.4722738131225109,-0.03225654822140932
1789063911077610200,18.2206103515625,1.7293997805744408,0.9023024757117033,-0.14634831642340868
1789063911087647200,18.230647216796875,0.9012421530038118,1.8371815253794193,-0.4155247382773086
1789063911097685200,18.240685302734374,1.7156892351299524,1.6271218938827514,-0.13298271195907144
1789063911107722200,18.25072216796875,1.625468281456828,1.4243839835762977,0.20965733430609107
1789063911117759200,18.26075927734375,2.145387642851472,1.0673509990930556,0.6157699184525758
1789063911127797200,18.27079736328125,1.8415233539760112,0.41381110275983807,0.7989740570537746
1789063911137834200,18.280834228515626,-0.7167430792212486,0.7318763509452343,0.48126803410220886
1789063911147872300,18.290872314453125,-0.7026268755853176,0.7159294247508049,0.4774830356707796
1789063911157909200,18.3009091796875,-1.2777075677096843,-0.2531710434705019,0.3986708167731762
1789063911167947300,18.310947265625,-0.21455460482835767,-1.2253840907543896,0.4143269798601046
1789063911177984300,18.320984375,-0.6260679520398378,-0.7655547486633062,0.4856991849500686
1789063911188022300,18.331022216796875,-1.9458400530189275,-0.296118204793334,0.3410672805231064
1789063911198059300,18.341059326171877,-1.1838842056304215,-0.2651817992597818,0.24753975958526134
1789063911208097300,18.35109716796875,-0.04141688301563263,-0.26353870822787284,0.5438086614282801
1789063911218134300,18.36113427734375,-0.07958265528082847,0.06873918970525264,0.8108493498951196
1789063911228172300,18.37117236328125,-0.7820143005549908,0.9024953679352998,0.7100700311981141
1789063911238209300,18.381209228515626,1.7546359286397695,0.2914338463693857,0.21501542727313935
1789063911248247000,18.3912470703125,1.8804051655560732,0.10762626198232174,-0.2421098434910178
1789063911258284300,18.4012841796875,0.3403904772400856,1.0148363834798335,-0.6335631301008164
1789063911268322300,18.411322265625,0.6922814226597547,0.5523357763528823,-0.24256164237912742
1789063911278359300,18.421359375,0.2081657805740833,0.025439561682939527,0.2560261771732941
1789063911288397300,18.431397216796874,-0.034924598386883735,0.23183014927804468,0.34375019946414975
1789063911298434300,18.441434326171876,-0.3733008131951093,-0.3592383855730295,0.22950229085236787
1789063911308471300,18.45147119140625,-0.5843330891162156,-0.2876408838272095,-0.4120843520324677
1789063911318509300,18.46150927734375,-0.8239514080524444,-0.4757663314133882,-0.6941257353521884
1789063911328546300,18.47154638671875,-0.49962476138472556,-0.5314993245512247,-0.8450934186719358
1789063911338584000,18.481583984375,0.18571312574744223,-0.6810995189100504,-0.14809958053752778
1789063911348621300,18.491621337890624,-0.9610141923993826,-0.3936848450541496,0.4680775304764509
1789063911358659300,18.501659423828126,-0.81918521656394,0.20284370876848695,0.28062956202672795
1789063911368696300,18.5116962890625,-0.009893617504835129,0.02890636101067066,-0.16098467147592455
1789063911378734300,18.521734375,0.6220061094284057,0.03362228361666202,-0.41893407179675995
1789063911388771300,18.531771240234374,1.121096033284068,0.19258827221393585,-0.3666152710165828
1789063911398809000,18.54180908203125,0.7788017682492733,0.2593886028110981,-0.12522475477606057
1789063911408846300,18.551846435546874,0.6085510000497102,0.4029740669250488,-0.18490721619203684
1789063911418884400,18.56188427734375,0.879950943171978,0.428882415163517,-0.30313467769296837
1789063911428921300,18.57192138671875,1.4415233344256877,-0.018584288960695267,-0.4369005941852927
1789063911438959400,18.58195947265625,-0.6168254919201135,0.6855261031806469,-0.581147883208841
1789063911448996400,18.591996337890624,-0.7647545381963252,0.7570978859633207,-0.3563016745340079
1789063911459034000,18.6020341796875,0.44020928034186363,-0.4761293195068836,0.5191960155561566
1789063911469071000,18.612071044921876,0.6221130769342184,-0.249418412938714,0.5241526515828445
1789063911479108400,18.6221083984375,-0.11613982330560683,-0.2602583713829517,0.30383193924212826
1789063911489146000,18.63214599609375,-0.8588029412031173,-0.18892741161882876,-0.012944712171144783
1789063911499183000,18.64218310546875,-1.0735106907665728,-0.08495441144704818,-0.35611024361513555
1789063911509221400,18.652221435546874,0.3858113352000713,-0.6097334878325462,0.2985805215199478
1789063911519258400,18.66225830078125,1.1595862151980398,-1.1238421171218156,0.8137246130704879
1789063911529296100,18.672296142578126,0.09362287107110023,-0.36197570158243175,0.7633079195845872
1789063911539333400,18.68233349609375,-0.5493973848134279,-0.053880643269419666,0.17276302501512691
1789063911549371100,18.69237109375,-0.27301439258158205,0.13680501019358635,-0.653865840351954
1789063911559408000,18.702408203125,0.5614654237478971,0.21790566882193088,-0.853622250629589
1789063911569446400,18.7124462890625,1.3170195874005555,-0.3212245889991522,-0.5702905352383851
1789063911579483400,18.7224833984375,-0.8743056307613849,0.39976036557555195,-0.2902721456462517
1789063911589521700,18.732521728515625,-2.806659010219574,1.025160209095478,0.024728938328707588
1789063911599558700,18.74255859375,0.17710136474668978,-0.5155997446298599,0.0882297250569798
1789063911609596700,18.7525966796875,2.6231892794847487,-1.4964613777935505,-0.21105751996021715
1789063911619633700,18.762633544921876,0.04519932416379451,-0.5163917717903852,-0.20056091332724316
1789063911629671700,18.772671630859374,-1.7678303412556646,-0.21795126152932642,-0.19878084324374795
1789063911639708400,18.78270849609375,-0.8406360008716582,-0.39683717160522936,0.1825082287589088
1789063911649745700,18.79274560546875,-0.8482429687440395,-0.3882242415606975,0.18637838472314178
1789063911659783700,18.80278369140625,0.8505734575182199,-0.42389468987882134,0.8884347669441253
1789063911669820700,18.812820556640624,0.6840864257663488,0.0368780705422163,0.6481807804528623
1789063911679858700,18.822858642578126,-0.7872270667672157,0.9382651849746704,-0.050920583320851434
1789063911689895700,18.832895751953124,-0.737652596259117,1.2982535121321677,-0.3537157496940344
1789063911699933400,18.842933349609375,1.421684661489725,0.5885282027184963,-0.19506587784122675
1789063911709970700,18.852970703125,1.7820213636934756,0.25058921028375625,0.32087950188852843
1789063911720008700,18.8630087890625,1.0318716894328595,0.7807797903239727,0.7960435565598308
1789063911730045400,18.87304541015625,0.8697732480287551,0.2651993349164724,0.8213774659112095
1789063911740083700,18.883083740234376,0.5311117865383624,0.45243280209898945,0.38035887848045674
1789063911750120700,18.89312060546875,0.0837859521895647,0.5168769249588251,0.1812376608338207
1789063911760158500,18.903158447265625,-0.8926748156666755,0.5160924965828657,0.2623937577101402
1789063911770195700,18.91319580078125,-0.9235182822197675,0.4691436984032392,0.4997508719824254
1789063911780233700,18.923233642578126,-0.9184043002068996,0.4633487483888864,0.5064337838124483
1789063911790270500,18.9332705078125,-1.8136831608921289,0.09088730862736702,0.9119722213327884
1789063911800308700,18.943308837890626,-1.286598730173707,-0.39735038182437415,0.6111314084643498
1789063911810345700,18.953345703125,-0.7821154228419065,-0.7175175707250833,0.7019097402919083
1789063911820382700,18.9633828125,-0.39187107363045215,-0.9338345090508461,0.7906010001797229
1789063911830420700,18.973420654296874,0.18052374041080474,-0.9882231018424034,0.6527822098337114
1789063911840457700,18.983457763671876,-0.04333411481380462,-0.597607581230998,0.4086570809975266
1789063911850495500,18.99349560546875,-0.5565203685611486,0.01236789866387844,0.48467791561093176
1789063911860532500,19.003532470703124,0.20871406210660934,0.14583704243302345,0.5436021425381302
1789063911870570800,19.01357080078125,0.6947001742392778,0.29641221930384637,0.312815328300558
1789063911880607500,19.023607421875,0.6918623204648494,0.30001871936321256,0.3262226895473897
1789063911890645800,19.033645751953124,-0.006324526846408844,0.9974071097731589,-0.34362598856259136
1789063911900682800,19.043682861328126,0.7292752285361289,0.36490824790298937,-0.1899774321284145
1789063911910720500,19.053720458984376,0.8120370983749627,0.40235330467820163,0.3538505185222253
1789063911920757500,19.063757568359375,2.0671400355666876,-0.5221434671849012,1.0185342150844634
1789063911930795800,19.073795654296877,0.6678337946236134,-0.29527006353139873,1.0703630403906106
1789063911940832500,19.08383251953125,-0.34423429318666454,0.1556505804389715,0.6346855582594871
1789063911950870800,19.093870849609374,-0.576840687534213,0.04676759639382362,0.12948436671560629
1789063911960907800,19.10390771484375,-0.11622048732638358,-0.03848492121696472,-0.2745566535875201
1789063911970944800,19.11394482421875,-1.0275164168328046,0.33585984807312486,-0.35748628120869397
1789063911980982500,19.123982421875,-0.6938841816812753,0.3634568800508976,-0.25417351677762345
1789063911991019800,19.134019775390627,-0.7184101356506347,0.14846329928338528,-0.16393809618772937
1789063912001057500,19.1440576171875,-0.6257645851790905,0.5569277803182602,-0.19632210671370848
1789063912011094500,19.154094482421876,1.45770757650733,-0.34066578705012796,0.12522700153207406
1789063912021132800,19.1641328125,0.2725309929788112,0.059974868491291994,0.28675743378987534
1789063912031169500,19.17416943359375,0.2698889540374279,0.063281508821249,0.29246541790682823
1789063912041207600,19.18420751953125,0.4768137946397066,0.16237492025792596,0.30143114344440397
1789063912051244800,19.194244873046873,1.321440910974145,0.26446166829168793,-0.3296580342909321
1789063912061282600,19.204282470703124,0.9812444950014352,0.41179976293742654,-0.33122842541281133
1789063912071319600,19.214319580078126,0.4642646941900253,0.1973445268303156,-0.10778152560926973
1789063912081357800,19.22435791015625,-0.9007283582627773,0.8058528567820787,0.04660652408059686
1789063912091394600,19.23439453125,-0.7013456036031246,0.3203507287740707,0.012254099558480083
1789063912101432600,19.2444326171875,-0.025454174730181692,-0.34400340704023835,-0.2544492832453921
1789063912111469800,19.2544697265625,-0.2355114681392908,-0.19931027394533157,-0.7148376839913427
1789063912121506800,19.2645068359375,-0.15596271512806414,-0.6070026015639305,-0.8040094208724796
1789063912131544600,19.274544677734376,0.23519173466563223,-0.7812748803645372,-0.5418633725794032
1789063912141581600,19.28458154296875,-0.4157540535211563,-0.7997539553850889,0.37612281181327994
1789063912151619600,19.29461962890625,-0.8726993646085262,-0.47089258789718147,0.7053216676272451
1789063912161656600,19.304656494140627,-0.7095920384228229,-0.2726946591079235,0.4759032556660473
1789063912171694600,19.314694580078125,0.3130535575032234,-0.33539339960515496,-0.07904434715304523
1789063912181731600,19.324731689453124,1.1301216357827186,-0.4964730193555355,-0.37395723127722735
1789063912191769600,19.33476953125,0.31633214078247546,0.17575287274718285,-0.07062160591837019
1789063912201806600,19.344806640625,1.105200545015931,-0.16086042404174802,0.43063291209265586
1789063912211844600,19.3548447265625,0.672649670472741,0.194999425008893,0.19392967688553034
1789063912221881600,19.364881591796873,0.40841830380558963,0.3984036902695894,0.19055296699404714
1789063912231919600,19.374919677734376,0.0024590835899114608,0.5248690927565097,-0.416646033924818
1789063912241956600,19.38495654296875,0.7714309472203255,0.5920318269252777,-0.9561519201252608
1789063912251994600,19.39499462890625,0.3202349934399128,0.17578677501678466,-0.33392142735645175
1789063912262031600,19.405031494140626,0.3178074740320444,0.30644086136519905,-0.2685025594466366
1789063912272069600,19.415069580078125,-0.6928752968996763,0.4326321230858564,-0.012082615449093281
1789063912282106600,19.425106689453123,-0.6907382848709821,0.4298404465407133,-0.02061442481512204
1789063912292143600,19.4351435546875,0.3426198437273502,-0.18799100755155085,-0.3815901373084634
1789063912302181600,19.445181640625,-0.08066109816730022,-0.007934300130605696,-0.21884634720552712
1789063912312218600,19.455218505859374,-0.9607517420709133,-0.027009587478637694,0.2318141114586964
1789063912322256600,19.465256591796877,-1.186183130222559,0.08420680795013905,0.3348605348374694
1789063912332293600,19.475293701171875,-0.57992345598042,-0.42725452170073985,0.22949153199633582
1789063912342331600,19.48533154296875,-0.8509148183017968,-0.05877542957365513,-0.3876826089646667
1789063912352368600,19.49536865234375,0.5500204851478337,-0.25437457404136654,-0.902950125965476
1789063912362406700,19.50540673828125,1.0513993967235087,-0.690109923839569,-0.7800580519206821
1789063912372443600,19.515443603515624,-0.6598094781219959,0.09081658147871494,-0.4946984839636832
1789063912382481700,19.525481689453127,-2.1298773545086385,0.9711194068282842,-0.44420068806558843
1789063912392518400,19.535518310546873,-0.7604027727276086,0.4866776015281677,-0.9360789269767701
1789063912402556700,19.545556640625,0.637214784476161,0.17409341510236262,-1.0817919046387077
1789063912412593700,19.55559375,1.0695756894052029,0.08854688298106193,-0.9189195562526583
1789063912422631700,19.565631591796876,-0.0825748228341341,0.33798633870780465,-0.5177276965692639
1789063912432668700,19.575668701171875,-1.3431629134386778,0.5287824668079615,0.28664445666838434
1789063912442705700,19.58570556640625,0.431817884093523,-0.2378863805770874,0.48285336706489324
1789063912452743400,19.595743408203123,1.3384510824859142,-0.5947369942307472,0.46181236913446333
1789063912462780700,19.60578076171875,-0.17164017673134802,0.06077040278315544,0.012159361346578225
1789063912472818700,19.615818603515624,-0.6056798285275697,0.4700713346421718,-0.44953879769053307
1789063912482855700,19.625855712890626,-0.7680804677486419,0.4175099572777748,-0.496567821499519
1789063912492893700,19.635893798828125,-0.10015139605700969,0.5315133530765772,-0.029152234663674607
1789063912502930700,19.6459306640625,0.9372212288796901,0.14930910245776174,0.5414196839325129
1789063912512968400,19.655968505859374,1.3738222555965185,0.32344343409240245,0.737601596724242
1789063912523005700,19.666005615234376,1.0890379302442073,0.4091775977402925,0.8203576213441789
1789063912533043700,19.676043701171874,1.0914110891163349,0.40648938156962394,0.8222815751440823
1789063912543080400,19.68608056640625,0.14101298327744005,1.1008020177960396,0.6389311599399894
1789063912553118700,19.69611865234375,0.25933658036291596,0.5081786547183991,0.9390530474167317
1789063912563155700,19.70615576171875,-0.04418342511951923,0.47711131628155706,1.5764888542324305
1789063912573192700,19.716192626953124,-0.006149754801392555,-0.002389525485038757,1.7331540185414254
1789063912583230700,19.726230712890626,-0.7307593296140432,-0.19898060359954833,1.5956903983086346
1789063912593267200,19.73626708984375,-1.9964146404802798,-0.29845103165507314,1.351792648487538
1789063912603305200,19.74630517578125,-1.6109633707642554,-0.5734183118700981,1.136731628507003
1789063912613342000,19.756342041015625,-1.1393325317203997,-0.9165490277290343,1.1476382955119013
1789063912623380200,19.766380126953123,-0.2940560115665197,-1.0755728839933871,1.3495356633409856
1789063912633417200,19.776417236328125,0.5965583644390106,-1.085510340639949,1.4949746463671325
1789063912643455000,19.786455078125,0.017588263660669325,-0.5704372502326965,1.744451073103398
1789063912653492200,19.7964921875,-0.7828741322547197,0.16873218033015727,1.9768860564067958
1789063912663530000,19.806530029296876,-0.6384340971380472,0.5137859732061624,1.3362548876158893
1789063912673567000,19.81656689453125,-0.17498130385279653,0.689880791258812,0.6467459253441542
1789063912683605200,19.826605224609374,0.7553332143783569,0.7153671146929264,0.3061648939680308
1789063912693642200,19.836642333984376,1.2937515245378017,0.44475627612173557,0.5055130157057196
1789063912703680000,19.846679931640626,2.2426666983425614,0.1049959134787321,1.1966408844161778
1789063912713717200,19.85671728515625,1.184291617387533,0.025495091262459753,1.8321170815967023
1789063912723754200,19.866754150390626,-0.20933950052857397,0.5999778174936771,1.6854145083755254
1789063912733792000,19.8767919921875,0.22895605514645576,0.08382277706861495,1.3380197053313254
1789063912743829200,19.886829345703124,0.054224926662445064,0.0506593431353569,0.7661002537168562
1789063912753867300,19.8968671875,-0.328468568778038,-0.02259703173339367,0.40615156445000317
1789063912763904000,19.906904052734376,-0.48651276635527607,-0.1251782852858305,0.28293215814698486
1789063912773942300,19.9169423828125,-0.6446393815189599,-0.33490941548049447,0.2572039887810126
1789063912783979300,19.926979248046877,-0.6597539485424757,-0.15575404081344604,0.23881909484993666
1789063912794017000,19.93701708984375,0.3466092056244612,-0.5759159739047288,0.500038383686915
1789063912804054000,19.947053955078125,-0.057089668443799015,-0.5469663582742214,0.6659374594829977
1789063912814092000,19.957092041015624,-0.27780805659890173,-0.044323125851154326,0.6871416486185044
1789063912824129000,19.96712890625,-0.0789449418991804,-0.22689912261664866,0.5429516427401453
1789063912834167300,19.977167236328125,0.12189853296279907,0.11627543238401412,0.36865170874763276
1789063912844204300,19.987204345703127,1.5539257247686384,-0.3336702290743589,0.5657972424071281
1789063912854242000,19.997241943359374,1.0970528943955897,-0.19298340901136396,0.7001141621120274
1789063912864279000,20.007279052734376,0.4182862023472786,0.26136311775445936,0.7391447345130145
1789063912874316300,20.01731640625,0.06996902376115322,0.1661947708070278,0.08497381026726215
1789063912884354000,20.02735400390625,0.07353168467879295,0.16326865422725675,0.10002400681767612
1789063912894391000,20.03739111328125,-0.13817863663434982,0.07137538342773914,-1.1833145159836858
1789063912904429300,20.04742919921875,0.2892909891217947,-0.1892430534392595,-1.285768709090352
1789063912914466000,20.057466064453124,0.8348153318941592,-0.8259609943091869,-0.8561888131819665
1789063912924504000,20.067504150390626,-0.3339332639247179,-0.5573316849440336,-0.4856943991770968
1789063912934541300,20.077541259765624,-1.3372516435682773,-0.11319324845969676,-0.6477366899471729
1789063912944579000,20.0875791015625,-0.8130944984734058,-0.4481669613480568,-1.109484798206389
1789063912954616000,20.097615966796877,-0.27650807991623877,-0.2690741305232048,-1.7636613850079477
1789063912964654000,20.107654052734375,0.7783107698619365,-0.2851987513720989,-1.6518620751246809
1789063912974691000,20.117691162109374,0.9757838915079832,-0.4644213460564613,-0.7868734310239553
1789063912984728000,20.12772802734375,0.16578326739668844,0.5820850179284811,-0.529497994666174
1789063912994766300,20.137766357421874,0.6159352650821208,0.41319092503488064,-0.15257672595158217
1789063913004803000,20.147802978515625,0.6778887401700019,0.6306114406883716,-0.441421030751802
1789063913014841000,20.157841064453127,1.0087731379181146,1.0585615434378386,-0.972852879557386
1789063913024878000,20.167878173828125,0.7419920867681503,0.8280623505026101,-1.0071651181995869
1789063913034916000,20.177916015625,0.08500234224200248,0.8315531152278185,-0.4888736502677202
1789063913044953000,20.187953125,-0.7342056706756352,0.728709995868802,-0.306971789904125
1789063913054991400,20.197991455078125,-0.049238370421528815,0.14067980580031872,-0.10114647150896489
1789063913065028000,20.208028076171875,-0.23488719876110553,-0.42772389277815814,-0.36082444918807594
1789063913075066000,20.218066162109373,-0.43825814627408977,-0.5258452443122863,-0.6248745775368064
1789063913085103000,20.22810302734375,-0.613523527765274,-0.8252735965669155,-0.20317827448509632
1789063913095141000,20.23814111328125,-0.9032020548999309,-1.0845499711751938,0.5324214078322053
1789063913105178000,20.24817822265625,-1.6587936279535294,-0.6750163996040821,0.7613095123089849
1789063913115216100,20.258216064453126,-1.58853760394454,-0.2893038486033678,0.756965930146724
1789063913125253000,20.268253173828125,-0.39297172834873195,-0.4903729489147663,0.45230256331544366
1789063913135290000,20.2782900390625,0.7250310150951147,-0.2088373962253332,-0.21567283173594623
1789063913145328000,20.288328125,0.6311836876183747,0.3705184890002012,-0.6189880767814815
1789063913155365000,20.298365234375,-0.12639818246960638,0.5314537318438292,-0.8091298326261341
1789063913165403100,20.308403076171874,-0.5232990669608116,1.0026783281743525,-0.9271901026003062
1789063913175440100,20.318440185546876,0.5430424628287553,0.6676356417030096,-0.7972480369787662
1789063913185478100,20.32847802734375,1.3975228646576403,-0.0003945522755384445,-0.14505655957981944
1789063913195515100,20.33851513671875,0.5084843596667051,0.12679507283270358,0.6660537793390452
1789063913205553200,20.34855322265625,-0.3255886294275522,0.314117387342453,1.0985086461618543
1789063913215590100,20.358590087890626,-0.3224246124386787,0.3101122433543205,1.0901822779737411
1789063913225628200,20.368628173828125,-0.22507424527704714,-0.5240022467941046,1.452203718394041
1789063913235665200,20.3786650390625,-1.5178583860874175,0.2826823846369982,0.7265376202657818
1789063913245703200,20.388703125,-0.26968086424469945,-0.23527122964262961,0.3800615760343149
1789063913255740200,20.398740234375,-0.09450374555885792,-0.16735270867049692,0.3145690766327083
1789063913265777200,20.408777099609374,-0.5272217933624983,0.4307464554697275,0.38688557683546093
1789063913275815200,20.418815185546876,0.9301274712264537,0.2746475467413664,0.7218186289198696
1789063913285852200,20.42885205078125,1.509222659689188,-0.011522095489501952,0.991129344677925
1789063913295890200,20.43889013671875,0.6525719280838966,0.9710521868109703,0.8435977732867002
1789063913305927000,20.448927001953123,1.1356944674789904,0.5242021532803773,0.5649051889382303
1789063913315965200,20.458965087890626,1.3997680132359265,0.783362208032608,0.33755006618238986
1789063913326002200,20.469002197265624,1.5134101745069026,0.4495850114524364,0.33147556857429444
1789063913336040000,20.4790400390625,0.32624037133455275,0.7353706228017807,0.5366786999505013
1789063913346077200,20.4890771484375,-0.750756407982111,0.5173650007367134,0.5199579398393631
1789063913356115200,20.499115234375,-1.342162796485424,0.3982031992614269,-0.08270929940138012
1789063913366152000,20.50915185546875,-0.8809609969973564,-0.2935860559672117,-0.4832090121021494
1789063913376190200,20.519190185546876,-1.751453206950426,-0.39779520298242566,-0.399602690795809
1789063913386227200,20.529227294921874,-0.22582710947096346,-1.2664666272491216,0.23189324110951273
1789063913396264200,20.53926416015625,-0.21636136198937891,-1.7949036416202782,0.40119419777095316
1789063913406302200,20.54930224609375,-1.7361334727436304,-0.6651689593285322,0.17900378256822003
1789063913416339200,20.559339111328125,-0.9467331535905599,-1.0536784475713967,0.17977820100681854
1789063913426377000,20.569376953125,-0.14753449400067328,-0.8972598053693771,0.0023431107937358316
1789063913436414200,20.579414306640626,0.7302759300112723,-0.4827513679951429,-0.411731300811097
1789063913446452200,20.5894521484375,-0.4092138380974531,0.05729425110518932,-0.5543233699735254
1789063913456489000,20.599489013671874,0.15759820737540722,0.6773691002100706,-0.9478739941887557
1789063913466527200,20.60952734375,2.529757547071576,-0.13102642679214477,-0.7501046660751104
1789063913476564200,20.619564208984375,2.6619612009495497,-0.2153027928471565,-0.2195219083795324
1789063913486602000,20.62960205078125,0.412888142696023,0.7354162155091762,-0.02551728482795879
1789063913496639200,20.63963916015625,0.10686696804761886,0.6597825901150703,-0.1775373267448507
1789063913506677200,20.64967724609375,1.9819377868384123,-0.3252957839608192,-0.36750557091981173
1789063913516714000,20.6597138671875,1.406619194304943,-0.21746318575143814,-0.7570246015314013
1789063913526751000,20.6697509765625,0.20887889727950096,-0.2288496721625328,-0.64556957504116
1789063913536789200,20.679789306640625,-1.616335126930475,0.07049567798376083,-0.383755023724772
1789063913546826200,20.689826171875,-1.0024807597756384,-0.25666239271759983,-0.6428798245005309
1789063913556864000,20.699864013671874,-0.899027984085679,-0.4360217655241489,-1.0238188774891197
1789063913566901200,20.7099013671875,-0.3687883042067289,-0.40236207250654693,-1.1736417016226797
1789063913576939000,20.71993896484375,-0.1494470496237278,-0.6480985820621251,-1.1517081752993166
1789063913586976000,20.72997607421875,-1.9719208352148532,0.5170663100510835,-1.0231168666996062
1789063913597014500,20.7400146484375,-0.8150561539351939,0.33424656765758987,-0.6054001348033548
1789063913607051500,20.750051513671874,1.7657213862776755,-0.41298049715459345,-0.6334883112989366
1789063913617089500,20.760089599609376,2.931684735292196,-0.24114333654642103,-0.6883405760794877
1789063913627126500,20.77012646484375,0.6020867724716663,0.6583832447111606,-0.6030349765745923
1789063913637164500,20.78016455078125,-0.2649135037124157,1.1022492939949036,-0.4673943339852616
1789063913647201500,20.790201416015623,-0.2635357856184244,1.1006003577440977,-0.484079109467566
1789063913657238500,20.800238525390625,0.6512158372998237,0.26055647754669187,-0.6342007704172283
1789063913667276500,20.810276611328124,-1.20800157879889,0.48688101514577864,-0.819594528017193
1789063913677313500,20.8203134765625,-0.966250339487195,0.04584405180811882,-0.7202094401575625
1789063913687351600,20.8303515625,0.27934184203743934,-0.9791413852423428,-0.30864217080175876
1789063913697388300,20.84038818359375,-0.5034019418358803,-1.1214812332093715,0.4413712002607062
1789063913707426600,20.850426513671874,-1.2161994983017443,-0.7431693138539791,0.8781546343397348
1789063913717463600,20.860463623046876,-1.2176859374672173,-0.712499450302124,0.6391951446384191
1789063913727501300,20.870501220703126,-1.2934528338521718,-0.2941103721022606,0.1514384883024264
1789063913737538600,20.88053857421875,-0.35176994938850403,0.055260699450969696,-0.21794337048381565
1789063913747576600,20.89057666015625,0.8153495839238166,-0.005666939720511436,0.1951234349810518
1789063913757613300,20.90061328125,0.6632716012746095,0.4734481175988912,0.8973318476922809
1789063913767651600,20.910651611328124,0.4297264647722244,1.1203121894299983,0.9389213107958435
1789063913777688600,20.9206884765625,0.9962497564315795,1.1044330677747727,0.737317446020618
1789063913787725600,20.9307255859375,1.756139903461933,1.0022861139863728,0.3491832938961684
1789063913797763600,20.940763671875,1.5981623413801191,1.0234101505577564,0.26421953009888527
1789063913807800600,20.950800537109377,0.6632616644024849,0.98498426605165,0.7166828004013747
1789063913817838300,20.96083837890625,0.5477881960511207,0.5575719234406947,1.106575340500474
1789063913827875600,20.97087548828125,-0.5626455734431743,0.19556348863244055,1.563007441368699
1789063913837913600,20.98091357421875,-1.035802014619112,0.14952596007883548,1.0927851539485156
1789063913847950300,20.990950439453126,-0.14121347428560257,-0.8485761462211608,0.5224545789606869
1789063913857988600,21.000988525390625,-2.9979478902727363,-0.18410393698513508,0.2700112287102267
1789063913868025600,21.011025634765623,-2.433061844426393,-0.4276660251110792,0.542541527569294
1789063913878063400,21.0210634765625,-0.8864923276394605,-1.3523989438176154,1.1328531796384602
1789063913888100600,21.0311005859375,-0.25124212123453615,-1.2281459566831587,1.4750418654069304
1789063913898138600,21.041138671875,-0.6357979034155606,-0.8021680307894945,1.3419250422067939
1789063913908175400,21.05117529296875,-0.7318623224198818,-0.35105332555174823,0.8176924207229167
1789063913918212400,21.06121240234375,0.4378267691195011,-0.05686521203815937,0.31458116892930116
1789063913928250600,21.071250732421873,0.8514677760094403,0.007673018845915794,-0.024244881138810886
1789063913938287600,21.08128759765625,-0.3207704154908657,0.9643500588238239,-0.41457850693576037
1789063913948325400,21.091325439453126,0.14955050999820232,0.9712877491325139,-0.5973625934939831
1789063913958362600,21.101362548828124,1.654907726430893,0.5103396321445703,-0.6009217472802847
1789063913968400400,21.111400390625,2.3088357452988624,0.33077158502340315,-0.6147356800340116
1789063913978437400,21.121437255859377,1.000456560471654,0.37645898496508595,-0.3525285492034629
1789063913988475600,21.1314755859375,-0.6949567793488503,0.7630623473256826,-0.5251747977048158
1789063913998512400,21.141512451171874,-1.0306009388446806,0.6332295142322778,-0.2968926597645506
1789063914008550400,21.15155029296875,0.9820821148693561,-0.34439036053121086,-0.02707702669166028
1789063914018587600,21.161587646484374,1.8655109632849691,-0.8880605998694896,-0.25424437179043885
1789063914028624600,21.171624755859376,-0.628216069984436,0.10490998876094818,-0.7656082324162126
1789063914038662400,21.181662353515627,-1.3976719177395105,0.5347305615574122,-1.5461331711962818
1789063914048699600,21.19169970703125,-0.7413964589625597,0.2958691984683275,-1.6781681905090808
1789063914058737400,21.2017373046875,1.0301204618513584,-0.14903203908205032,-1.0354268246311693
1789063914068774400,21.2117744140625,1.1323211916536091,-0.15497721122205257,-0.3672781188394874
1789063914078812700,21.221812744140625,0.008181552889943123,0.6681728173196315,-0.5131981999134645
1789063914088849700,21.231849609375,-0.19451076470911502,0.8999450989305973,-0.7379184075884521
1789063914098887400,21.241887451171873,1.321541448739171,0.3332791839301586,-1.1590562730398029
1789063914108924700,21.251924560546875,0.9705378075480461,0.38227439324557777,-1.2445869500048459
1789063914118962400,21.26196240234375,-0.4745119474381208,0.594720627617836,-0.8635948516547679
1789063914128999400,21.27199951171875,-0.8097107012540101,0.03123392717540264,-1.0818427580431103
1789063914139037700,21.28203759765625,-1.1187567766815423,-0.336978622969985,-1.360771927626431
1789063914149074400,21.292074462890625,-1.1101099443674087,-0.3463292196393013,-1.3708376868277787
1789063914159111400,21.302111328125,0.07407762812376022,-1.7813135076850652,-1.0631680873852223
1789063914169149400,21.3121494140625,-0.6298141528308391,-1.7134300580263138,-0.6787045135322958
1789063914179186700,21.322186767578124,-1.0401987882733343,-1.5555319909214973,-0.7974005241267382
1789063914189224400,21.332224365234374,-0.15315759457945824,-1.6494091290146111,-1.0221084933746605
1789063914199261400,21.342261474609376,-0.20053660086989403,-1.1818033077031374,-1.3232017831668257
1789063914209299500,21.352299560546875,-0.24361294153034685,-0.5871487310588359,-1.6313265059657394
1789063914219336400,21.36233642578125,-0.6427414389431476,0.1785731908649206,-1.6270866764388978
1789063914229374500,21.37237451171875,0.014838672691583633,0.4909200614035129,-1.5976140598475932
1789063914239411700,21.38241162109375,1.1020271756768225,0.4537883083611727,-1.2506108864694834
1789063914249449500,21.392449462890625,1.8578385289609431,0.3820347392708063,-0.8245026121944189
1789063914259486500,21.402486572265627,2.0326094049334524,0.4644266067534685,-0.6778763190798461
1789063914269523700,21.412523681640625,1.7588427326798437,0.4052349975943565,-0.4583035938285291
1789063914279561500,21.4225615234375,0.9898884047061204,0.5184481197983026,-0.4149325445378199
1789063914289598500,21.432598388671874,0.24766367822587487,0.6034142216831445,-0.2911233556481078
1789063914299636500,21.442636474609376,0.27046061644554137,0.3665671210259199,0.09022471653278917
1789063914309673500,21.452673583984375,-0.18137246619462966,0.08510404905080794,0.009592259938083589
1789063914319711500,21.46271142578125,-1.2230915959030388,0.32303251520395276,0.07855086454767733
1789063914329748500,21.47274853515625,-1.175461245200038,-0.069150693115592,0.089652469602786
1789063914339786500,21.482786376953126,-0.7188865209907292,-0.5061947874248027,-0.1319609676958993
1789063914349823500,21.492823486328124,0.60332946600914,-0.8873971675246953,0.03846972364783287
1789063914359861500,21.502861572265626,-0.5320242252081633,-1.0000433034956455,0.4402602068115026
1789063914369898500,21.5128984375,-1.6881863111764193,-0.13037410036325453,0.3960387512365356
1789063914379936500,21.5229365234375,-0.796814394801855,-0.12811726134717463,0.4531218438090756
1789063914389973500,21.532973388671873,1.5632675536096095,-0.7938000154167413,0.36054913937803357
1789063914400010500,21.543010498046876,0.7105179210960865,-0.1039502038180828,0.7686602403979748
1789063914410048500,21.553048583984374,-0.7727133882462978,0.9105582628816365,1.149297168634832
1789063914420085500,21.56308544921875,0.0113718733638525,0.5708586905151605,1.597180052344501
1789063914430123500,21.57312353515625,0.1423363408356905,0.6704127052009106,1.5819379134185612
1789063914440160500,21.583160400390625,0.7837696197897195,0.39125966373383997,1.2881632030114532
1789063914450198500,21.593198486328124,0.181000710272789,0.4749135139763355,0.7740617341153323
1789063914460235500,21.603235595703126,0.8184528106361627,0.22735388064682482,0.35027247737236317
1789063914470273500,21.6132734375,0.5605290196806192,-0.31058862869441506,0.3208732182782143
1789063914480310500,21.623310546875,-0.2230202353566885,0.05002513688504696,0.6982509985886514
1789063914490348500,21.6333486328125,-1.103208494415879,-0.02377425881922245,1.2669510497651995
1789063914500385500,21.643385498046875,-0.8843909714460373,-0.0015419687449932098,1.078288572692871
1789063914510423300,21.65342333984375,0.3121177379578352,-0.09890344182252883,0.6677006697632372
1789063914520460500,21.66346044921875,0.6627221506983041,-0.5690805749267339,0.2640515896534547
1789063914530497500,21.67349755859375,0.6625298429965972,-0.5694073226630687,0.2728472558537498
1789063914540535600,21.68353564453125,-1.2463397850215434,0.587072158691287,0.07196238953545689
1789063914550572300,21.693572265625,-1.2508598927944898,0.5914356145977974,0.0854696309601888
1789063914560610600,21.703610595703125,0.908429434159398,0.4325140496641397,-0.23509996472895145
1789063914570647600,21.7136474609375,0.9730851539433002,0.49580724892318245,-0.6813034439843147
1789063914580685600,21.723685546875,0.9635200377404689,0.5763812533289194,-0.9153618637710809
1789063914590722000,21.73372216796875,-0.8388257365792989,1.101990935319662,-0.9811058171831071
1789063914600760300,21.74376025390625,-0.023414777857065198,0.5187596699655056,-0.7628555727072059
1789063914610797000,21.753797119140625,-0.1581517496049404,-0.3554483456403017,-0.5366837414517999
1789063914620835000,21.7638349609375,-1.1787000809907913,0.1844283466339111,-1.0029094335164874
1789063914630872300,21.773872314453126,-0.890184167894721,-0.576271947735548,-1.2680761082723735
1789063914640909300,21.783909423828124,0.3224515004456043,-1.0768629238039253,-1.1691621450558305
1789063914650947000,21.793947021484374,0.32236674477159977,-1.0769956102728844,-1.1641961932115257
1789063914660984300,21.803984375,-1.245385845297575,-0.5503402186214924,-0.2947241931516677
1789063914671022000,21.81402197265625,-0.9975357045888901,-0.23845804298520087,-0.3259673265468329
1789063914681059000,21.82405908203125,-0.2795002474695444,0.0894891322672367,-0.6759687318928539
1789063914691097300,21.834097412109376,1.5114058489471673,-0.28460487713217736,-0.6733193133626133
1789063914701134000,21.844134033203126,1.8947376422911881,-0.11143734470307827,-0.8577383807115256
1789063914711172000,21.854172119140625,-1.4360872808516025,1.3973755651414395,-0.843107651682198
1789063914721209300,21.864209228515627,-1.0515765068560838,1.3159721241742373,-0.7144675355046987
1789063914731247000,21.8742470703125,1.275669924402237,0.3630751872569322,-0.48386364008598026
1789063914741284000,21.8842841796875,2.8510394192159176,-0.25980010622143745,-0.0005069448751397431
1789063914751322400,21.894322265625,2.222020216155052,-0.5144838923424482,0.34731399289295073
1789063914761359000,21.904359130859376,-1.4073890096336603,0.49578620613515373,0.15932678473368286
1789063914771396000,21.91439599609375,-1.1843892325431107,0.10961772806048392,0.29025590689750386
1789063914781434000,21.92443408203125,-1.1827648462116718,0.10771335574388503,0.2916669062065892
1789063914791471400,21.934471435546875,0.7832230918228625,-0.7545622300058603,0.2875594526214525
1789063914801509000,21.944509033203126,0.0855938783943653,-0.756246822091937,0.08481405312828719
1789063914811546000,21.954546142578124,-0.12383505398333072,-0.2005798554897308,-0.6004207389555871
1789063914821584100,21.964584228515626,-0.4315203624516725,-0.23176468282639978,-0.4413335351314395
1789063914831621000,21.97462109375,0.29713527288138863,-0.14675591084361075,-0.04021766329370439
1789063914841659100,21.9846591796875,0.9691735334575176,-0.2537450439661741,0.5329198223410174
1789063914851696000,21.994696044921874,0.4953916538596153,0.09436170673966407,0.931617855914682
1789063914861734100,22.004734130859376,0.7256739891737699,0.3692331253647804,0.42157501475960013
1789063914871771100,22.014771240234374,1.9709516979217527,0.20040975961983204,-0.09545448867874219
1789063914881808400,22.024808349609376,2.050982096970081,0.1397568457365036,-0.4538920975292101
1789063914891846100,22.03484619140625,0.7306114455759525,0.7105138294428587,-0.3250095143653452
1789063914901883100,22.044883056640625,-1.0827572425395249,0.8614800514578819,-0.01605522714080289
1789063914911921200,22.054921142578124,-1.56255794403553,0.9401210419744253,-0.20959628830123692
1789063914921958100,22.064958251953126,0.3950795142829418,-0.24493863717615602,-0.2723154687982984
1789063914931996200,22.07499609375,-0.010516717839241027,-0.5559294169306754,-0.096043248352129
1789063914942033400,22.085033447265626,-0.33318916755914685,-0.7257090604871511,0.11744553560931235
1789063914952071200,22.0950712890625,-1.6908078918516636,-0.9690794254332781,0.11332958819046617
1789063914962108200,22.105108154296875,-3.4945910054981706,-0.3194827137678861,0.01410814819363877
1789063914972146200,22.115146240234374,-1.8394751892745493,-1.4628542917460203,0.2230224273137748
1789063914982183200,22.12518310546875,-1.370282975554466,-1.2888877178937197,0.048988195052742954
1789063914992220200,22.13522021484375,-0.6344903279483318,-1.2111603350907563,-0.004216686113271862
1789063915002258200,22.145258056640625,-1.2362316479831934,-1.1016969208091496,0.15498466387614607
1789063915012295200,22.155295166015627,-1.2474451159149407,-0.019070026651024818,-0.22600779980011282
1789063915022333200,22.165333251953125,0.5287672692388296,-0.35044892991781235,0.19678512111557647
1789063915032370200,22.1753701171875,0.5149632002919912,-0.3348813584297895,0.20177050831271334
1789063915042408200,22.185408203125,2.572807584246993,0.36067397133409973,0.7765670679997653
1789063915052445200,22.195445068359376,1.0625976670861244,1.0815566345781087,0.8558785781890154
1789063915062483200,22.205483154296875,1.1022159762471913,1.6712117954999208,0.6438280651360749
1789063915072520200,22.215520263671873,1.2555951046228409,1.5862152984768152,0.3931872707955539
1789063915082558200,22.22555810546875,1.5572235972702502,1.4659738850712776,0.3596501812443137
1789063915092595200,22.23559521484375,0.6180664318919181,1.1694243031233549,0.4024007970817387
1789063915102633200,22.24563330078125,-0.4229343204140663,0.9882739552468061,0.7994630826797335
1789063915112670200,22.255670166015626,-1.0830863283634184,0.118746790933609,1.1845431079305708
1789063915122707200,22.265707275390625,-0.16099077242314816,-0.5611369224458933,1.087199608901143
1789063915132745200,22.2757451171875,0.48185588046014305,-1.2428051811546086,1.0153357113040984
1789063915142782200,22.2857822265625,-1.94816645013988,-0.7400508895725011,1.0081529601931571
1789063915152820200,22.2958203125,-2.3034791867017743,-0.1259925242781639,0.8309254848487675
1789063915162857200,22.305857177734374,-0.7495791808962822,-0.6082043785691261,1.0041296960264443
1789063915172895200,22.315895263671877,0.22793314183950422,-0.4773714285224676,1.2885446035444736
1789063915182932200,22.32593212890625,-0.9788158065497875,0.6578121668249368,1.6105482140921055
1789063915192970200,22.33597021484375,0.2080529678493738,0.6544096649050712,1.617991661965847
1789063915203007200,22.34600732421875,1.1946019989997148,0.34376141497790813,1.4888821747109293
1789063915213045200,22.356045166015626,0.7323270173221826,0.7082984914809465,0.7720756748646497
1789063915223082000,22.36608203125,0.6825748521596193,0.4698848721593618,0.538505732714571
1789063915233119200,22.376119140625,0.3982382705748081,-0.01973521256148815,0.23751860671062022
1789063915243157200,22.3861572265625,0.8635825766950845,-0.24020459439158437,-0.004752738351887092
1789063915253194000,22.396194091796875,0.5633218652695418,-0.8277835335612297,-0.008551354316715151
1789063915263232300,22.406232177734374,-1.0344073453903198,-0.24574352381825446,0.16000165178794412
1789063915273269200,22.416269287109376,-0.8376333119243383,-0.31518297074735163,0.31938338157925755
1789063915283307000,22.42630712890625,-0.8416349487811327,-0.31045009700655934,0.33427681666538117
1789063915293344300,22.43634423828125,-0.2422293782174587,-0.045510874330997465,-0.21231674450738355
1789063915303382300,22.44638232421875,-0.24586451984941957,0.09956921225488186,-0.27711393685489893
1789063915313419000,22.4564189453125,-0.12124971366524695,0.3852168764382601,-0.503906457291916
1789063915323457300,22.466457275390624,0.00865267753303051,0.659626522770524,-0.8671027867104858
1789063915333494300,22.476494384765626,0.22529870168268679,0.6669914985805749,-1.1410855128675699
1789063915343531000,22.486531005859376,0.6577975537776947,0.7185720482140779,-1.610310313683003
1789063915353569300,22.4965693359375,0.8390724048167466,0.5722352395653725,-1.6787486207455395
1789063915363606300,22.506606201171873,0.22309680772423743,0.5402355887144804,-1.2347266502477228
1789063915373644000,22.51664404296875,0.9447826040446757,0.12244622997343539,-0.8422704702056943
1789063915383681000,22.526680908203126,1.0091390486210583,-0.40639994972050186,-0.6156293409381062
1789063915393719300,22.53671923828125,-0.29043489845991133,0.13072598254084586,-1.110114182151109
1789063915403756000,22.546756103515627,-1.3224094637453556,0.341782808381319,-1.7557691704533993
1789063915413794300,22.556794189453125,-0.47662265598177905,-0.04420154529809951,-1.8850361863575875
1789063915423831300,22.566831298828124,0.4431792360633611,-0.6550152295827866,-1.3486753932498394
1789063915433869000,22.576869140625,-0.5440186143845319,-0.20755787780880927,-0.8655738966427743
1789063915443906000,22.586906005859376,-0.49740416272580623,-0.5802279918849468,-0.756518551705405
1789063915453944300,22.5969443359375,-1.0256213968664407,-0.4351812230467796,-1.1690793621432036
1789063915463981000,22.60698095703125,0.41192952679693695,-0.5487625940412283,-1.6179966304019093
1789063915474018000,22.61701806640625,0.8069616948068141,-1.052458550387621,-1.4323757129825652
1789063915484056300,22.627056396484374,-0.1871872899532318,-0.2515916653245687,-1.2172533182036132
1789063915494093000,22.637093017578124,-0.45555590255558487,-0.24727146403789518,-0.6881832666259259
1789063915504131000,22.647131103515626,-1.1645949832707643,-0.023026655322313308,-0.7942037739120423
1789063915514168300,22.657168212890625,-0.11494973673820495,-0.042677112209796905,-1.2082613987788557
1789063915524206000,22.6672060546875,1.1823398987978697,-0.8574334064155816,-1.3013988244205712
1789063915534243000,22.6772431640625,0.40144028148651123,-0.37117023090720175,-1.4884695022568106
1789063915544281300,22.68728125,-1.263103288295865,0.10143149899542331,-1.2682196083962916
1789063915554318000,22.697318115234374,-1.2680366530448197,0.10731880346834659,-1.285892481600493
1789063915564356000,22.707356201171876,1.5440753618836403,-0.8102005305975675,-0.36656470987312495
1789063915574393300,22.717393310546875,1.6677356438219546,-0.28782325465679165,-0.2837148694898933
1789063915584430300,22.727430419921873,0.5787462288945913,0.2456149290025234,-0.46288851046599444
1789063915594468600,22.737468505859376,-0.4914829559832811,0.9966799645423888,-0.794151678398624
1789063915604505900,22.747505859375,0.21204232974648474,1.0131558830469847,-0.7043683854904026
1789063915614543600,22.757543701171876,1.0528121861308812,0.761116473954916,-0.21878453401569276
1789063915624580600,22.76758056640625,1.660685140788555,0.673231854274869,0.2786590474050492
1789063915634619000,22.777618896484373,1.7822212701797484,0.39830081441700455,0.19342043045544996
1789063915644655600,22.787655517578123,0.9852660056024789,0.6352262410074472,-0.20176614266484974
1789063915654693600,22.797693603515626,0.2867015571504831,0.5296142414569854,-0.3468490787949413
1789063915664731000,22.80773095703125,-0.20528876383304595,0.11572598180770874,-0.24758674053214488
1789063915674768600,22.8177685546875,-1.0016618446081875,0.229921685308218,0.12492473064986988
1789063915684805600,22.8278056640625,-2.624005856564641,-0.098556235820055,0.635512072211504
1789063915694842600,22.837842529296875,-3.238366419675946,-0.24084523038268088,0.6353848656352609
1789063915704880600,22.847880615234374,-1.4747767847299575,-1.03522742960155,0.3962744231559336
1789063915714917600,22.857917724609376,0.13367080382108687,-2.020173117208481,0.39084640675783155
1789063915724955600,22.86795556640625,-0.6162766258656979,-1.6794494624912737,0.04518211730066687
1789063915734992600,22.87799267578125,-1.5518413197100163,-0.9968296021461486,-0.28273579532466825
1789063915745030700,22.88803076171875,-1.010840591841936,-0.9308756592452525,-0.25676766145667057
1789063915755067600,22.898067626953125,0.3246346897035837,-0.5494786333560944,-0.07775485533177852
1789063915765105700,22.908105712890624,0.35135493884682656,0.2628460497885942,0.4591481183612719
1789063915775142700,22.918142578125,0.9771095871537924,0.796353791552782,0.46189000094793736
1789063915785180700,22.9281806640625,0.3152653883337974,1.5168986011445522,0.2058677692973986
1789063915795217700,22.9382177734375,0.13730652997493742,2.0865175207316873,0.10561830142708495
1789063915805254700,22.948254638671877,1.066673538222909,1.6306506525307893,0.09010151027822867
1789063915815292700,22.958292724609375,3.3926983187317847,0.7006950307399034,0.25230949473772196
1789063915825329700,22.96832958984375,1.9559440984040497,0.4814262568712234,0.6017857436984777
1789063915835367700,22.97836767578125,-0.6858288855195045,0.9918746100872754,0.3467228951320052
1789063915845404700,22.98840478515625,-1.4357365677177905,0.8189373792827129,0.03386241251546889
1789063915855442700,22.998442626953125,-0.634152474296093,-0.2858130838781595,0.2622183646106161
1789063915865479700,23.008479736328123,-0.7090706448972225,-0.6672013419389724,0.437444126477465
1789063915875517700,23.018517578125,-2.0091770914196965,-0.277591198977828,0.9898362361274659
1789063915885554700,23.0285546875,-2.0078665933430195,-0.2793903573542833,0.9977071156330406
1789063915895592700,23.0385927734375,-0.15895488268136979,-1.1768459775567055,1.0589535384301096
1789063915905629700,23.048629638671876,-0.519075896307826,-0.7487129194557667,0.7325814304746687
1789063915915667700,23.058667724609375,0.06655015522837639,-0.2598778476327658,0.3033013760293834
1789063915925704700,23.06870458984375,0.3591337561547756,-0.01896364366710186,0.002803476580791175
1789063915935741700,23.07874169921875,0.656122314041853,0.623454554671049,-0.22853569257622583
1789063915945779500,23.088779541015626,0.7699082676976918,1.0178934329628944,-0.2344894681477919
1789063915955816700,23.098816650390624,1.3275193541049957,1.040643609431386,0.06489997686855495
1789063915965854700,23.108854736328126,0.9853449160575866,0.8736883756458759,0.4331568045470863
1789063915975891700,23.1188916015625,-0.16942016259431839,1.342183254751563,0.7314137018695474
1789063915985929700,23.1289296875,1.2259732888191939,-0.09054185619056224,0.8576802207835018
1789063915995966700,23.138966796875,0.634282822677493,-0.43777123953998087,0.3522985033072531
1789063916006004500,23.14900439453125,-1.058425934359431,-0.04319909025728702,0.05282253078492358
1789063916016041700,23.159041748046874,-1.8242074775159358,-0.47539749810099596,-0.39589130558986213
1789063916026078700,23.16907861328125,-0.359811801546812,-0.821247994312644,-0.7666985849361866
1789063916036116500,23.179116455078123,-0.43500645100176333,-0.9247171366155147,-0.27111599334804337
1789063916046153700,23.18915380859375,-1.3016262034356594,-0.382486574691534,0.2540516622299328
1789063916056191700,23.199191650390624,-0.7967167796462774,-0.08871697885096072,0.4044485233917832
1789063916066228700,23.209228759765626,0.3718792559593916,-0.32448096044659613,0.5906122059183195
1789063916076266800,23.219266845703125,0.22790274670124053,0.05452011021673679,0.4749475623764097
1789063916086303700,23.2293037109375,1.1694511911302805,0.1242582478314638,0.4340684760319069
1789063916096341500,23.239341552734373,1.1232523345351217,0.28050504059791564,0.21538597761858252
1789063916106378800,23.249378662109375,2.2571879756480455,0.20565584357976913,-0.3511448397601023
1789063916116416800,23.259416748046874,0.9659954879432916,0.406783980602026,-0.4939544606633484
1789063916126453800,23.269453857421876,-0.024291560691595077,1.011399979290366,-0.7765281242288649
1789063916136490500,23.279490478515626,1.113942069876194,-0.02323649868071079,-0.6440449227571488
1789063916146528800,23.28952880859375,0.1119412025719881,-0.07916998282670974,-0.17103590896157547
1789063916156565800,23.299565673828123,-0.2363572713136673,-0.338133053702116,0.3712918479928747
1789063916166603500,23.309603515625,-0.35952012512385845,-0.9682155020803213,0.33425493362713604
1789063916176640800,23.319640869140624,-1.3295809628099202,-0.6028121641367673,-0.04645154814801644
1789063916186678500,23.329678466796874,-1.603392058727145,-0.6676525928378105,0.014612915953068295
1789063916196715500,23.339715576171876,0.04368248986005783,-1.4181687623232602,0.16739519610535353
1789063916206753800,23.34975390625,-0.7533534387379884,-0.6054845982164144,0.32423527858983725
1789063916216790800,23.359790771484374,-0.5251736286610365,-0.48610067842304705,0.36846568465624
1789063916226828500,23.36982861328125,-0.1913525929391384,-0.5027314952284098,-0.10159998743012547
1789063916236865800,23.37986572265625,-0.7199754852712154,0.46117724956870076,-0.4716020878734067
1789063916246903600,23.389903564453125,0.7652835305064917,0.21891981430053709,-0.5413360242370516
1789063916256940500,23.3999404296875,2.2065169420748947,-0.1112356846511364,-0.2670734764915891
1789063916266977800,23.409977783203125,0.8621645265907049,0.5227338342934846,-0.11307891049818135
1789063916277015800,23.420015869140624,-1.086074988785386,1.5419371808111666,-0.33378801023513077
1789063916287052500,23.430052490234374,0.5655307734906673,0.5581237121045589,-0.2090269274480641
1789063916297090800,23.4400908203125,1.9716870264589785,-0.21167992617487907,-0.2722603410775773
1789063916307127800,23.4501279296875,0.13914718940556048,0.3700982177615165,-0.11399373292131348
1789063916317165600,23.46016552734375,-1.0267290658473969,0.02976385462284088,0.3133490698510781
1789063916327202600,23.47020263671875,-1.3659259493887423,-0.1444832897365093,0.1064356365588028
1789063916337240600,23.480240478515626,-1.0960253049135207,-0.12943711177408695,-0.1633934679170139
1789063916347277600,23.490277587890624,0.6324912630856037,-0.9421990172922611,-0.14856933520743623
1789063916357314600,23.500314453125,-0.2612655025988817,-0.48802200187444683,-0.4092845652461052
1789063916367352800,23.510352783203125,-0.5514250912487506,0.24512042348384855,-0.43713853112701323
1789063916377389600,23.5203896484375,-0.21157471223473548,0.05332300938665867,0.12051869597695768
1789063916387427600,23.530427490234374,0.013077508237957954,0.5981529401540756,0.5707615502836182
1789063916397464800,23.54046484375,1.557160468906164,0.44753509318530554,0.8297245115611702
1789063916407502600,23.550502685546874,1.5701444536417721,0.7413800923496484,0.4517336773863062
1789063916417539600,23.56053955078125,0.5609785170137882,1.6119763471990822,-0.09082513924450614
1789063916427577900,23.570577880859375,1.3460276552200316,1.1320464663654566,-0.23001319951657204
1789063916437614600,23.580614501953125,0.8315513616621494,0.8261644079267978,0.03797103742767358
1789063916447652600,23.590652587890624,-0.7464958279281855,1.0987018306463956,0.718194666269049
1789063916457689900,23.60068994140625,-1.3690297606229782,0.3860135797739029,1.0390125741634517
1789063916467726600,23.6107265625,-1.2024322542339563,-0.40301965963244435,0.9665602822192013
1789063916477764600,23.6207646484375,-1.6331494836091995,-0.8594985222518443,0.6429698408715426
1789063916487801900,23.6308017578125,-1.1973159341335295,-1.016344449955225,0.38485849145464596
1789063916497839600,23.640839599609375,-0.8257470592975616,-1.5872235987365244,0.764748912173137
1789063916507876600,23.650876708984374,-1.0218623365938664,-1.3723019141614436,0.9819421218767762
1789063916517915000,23.660914794921876,-0.6145002638429403,-0.7786211509853601,0.8750512614969164
1789063916527951600,23.67095166015625,-0.7147352465301752,-0.43782969172894953,1.1054081964172422
1789063916537989600,23.68098974609375,-0.14267653257548807,0.31827216893434523,0.7896114776857197
1789063916548026600,23.691026611328127,1.0350754539102316,0.38041619815826416,0.38147940694298593
1789063916558064600,23.701064697265625,-0.13403788356781005,1.0336392836272716,0.03057739036227576
1789063916568101600,23.7111015625,-0.14489245505928994,1.5306062239795923,-0.16776019349284468
1789063916578138600,23.721138671875,1.1356500438153743,0.5462047262519598,0.11515716894380748
1789063916588176600,23.7311767578125,2.4663462743908164,0.008328267884254455,0.6360340502589941
1789063916598214000,23.7412138671875,2.1299644482702016,-0.14317045357227326,0.8642218975119292
1789063916608252000,23.751251953125,-0.22992694600522517,0.369964946770668,0.6832968828238546
1789063916618289000,23.761288818359375,-1.0989274560958147,0.5668938785374165,0.30408750317208466
1789063916628327000,23.771326904296874,-0.3673416125297546,0.0015624270111322402,-0.17297635723855345
1789063916638364000,23.781364013671876,-1.1323334666132927,0.17887188155055045,-0.5800737511713058
1789063916648402000,23.79140185546875,-1.1314490849941967,0.17793080130815506,-0.5760049673624337
1789063916658439000,23.80143896484375,0.2169493910104036,-0.3710398825258016,-0.7352398360289633
1789063916668477000,23.811476806640623,0.7535808177530765,-0.42254795144498347,-0.8853134200531989
1789063916678514000,23.821513916015626,0.32834114300608636,-0.015235563054680823,-0.7710925090461969
1789063916688551000,23.831551025390624,0.3783651108473539,-0.1773977173447609,-0.6999501306567341
1789063916698589000,23.8415888671875,0.30811317849159237,0.14622984114289284,-0.6935703664917499
1789063916708626000,23.8516259765625,0.27960253880023955,0.3518196337491274,-0.7504769334536046
1789063916718664000,23.861663818359375,0.8278589368849992,0.21392039857804773,-0.7042960509065538
1789063916728701000,23.871700927734373,0.5169885686397552,0.23127251539528368,-0.6493818268056959
1789063916738739000,23.881739013671876,-0.36851065630912777,0.6447434264153242,-0.2535794781409204
1789063916748776000,23.89177587890625,0.11332359684109687,-0.062353288060426705,0.13147510214140637
1789063916758814000,23.90181396484375,0.5356786560624838,-0.43608489388823507,-0.19145901245567948
1789063916768851000,23.911850830078127,0.09873685308396815,-0.6348194137722254,-0.4468790404293686
1789063916778888000,23.921887939453125,-0.9213806856691836,-0.6898217545479536,-0.793747919903323
1789063916788926000,23.931926025390624,-0.5092413155138492,-0.59273617580235,-1.1491283148739486
1789063916798963000,23.941962890625,0.731252081567049,-1.414858614861965,-0.6772584794424474
1789063916809001000,23.9520009765625,-0.03776829738020897,-0.8185153544783592,0.046879491236503236
1789063916819038000,23.962037841796874,-0.6170113698810339,-0.2921533928155899,0.2947505879682489
1789063916829075700,23.97207568359375,-0.1870557725280523,-0.33485914659798144,-0.17048874167390166
1789063916839113000,23.982113037109375,-0.10717851821482181,0.29360183805823326,-1.0640431166540831
1789063916849151000,23.99215087890625,1.0477280147343873,0.1490805543988943,-1.0002044854067265
1789063916859188000,24.00218798828125,1.8348633115649222,-0.2988023293107748,-0.4549627589680254
1789063916869226000,24.01222607421875,-0.31360826877653597,0.8763461966782807,-0.00850822299446445
1789063916879263000,24.022262939453125,-0.871657162079215,1.1760434290021657,0.38913364802319556
1789063916889300000,24.032300048828127,-0.8720651583582162,1.176536765477061,0.3936459743484855
1789063916899338000,24.042337890625,1.478136616551876,0.25691899782717226,-0.08964041383881122
1789063916909375000,24.052375,-0.30161037246882916,0.7599561980038881,-0.23909049566984175
1789063916919412700,24.062412841796874,-0.17419921356439588,0.22652444408535957,0.3030238559959456
1789063916929450000,24.072449951171876,-0.1216010113209486,-0.25541560752689835,0.7442002643369138
1789063916939488000,24.082488037109375,-0.27160394126176834,-0.11688216610550879,0.6443281236127019
1789063916949525000,24.09252490234375,0.03803133223056793,-0.7144529224574565,0.4083153548877686
1789063916959563000,24.10256298828125,-1.217496552374959,-0.25564824723899365,0.012968620486406143
1789063916969600000,24.11260009765625,-1.417792330226302,-0.0619137275993824,0.14350566774285398
1789063916979637000,24.122636962890624,-0.476678770083189,-0.4921551561564207,0.6971227252110839
1789063916989675000,24.132675048828126,-0.08117021673321724,-0.5397480974584817,1.1787057800792158
1789063916999712000,24.1427119140625,-0.004693126252293587,-0.31422493937015533,0.913558686806634
1789063917009750000,24.15275,0.008819850793480872,0.12421323964595794,0.024313142335740848
1789063917019786800,24.162786865234374,0.32836569292545315,-0.016135142242908476,-0.5539628295654431
1789063917029825000,24.172824951171876,-0.07751753944456577,0.24651509271264074,-0.8113584684610367
1789063917039862000,24.182862060546874,-0.43685237112939357,0.5200777668267488,-0.6781315359499305
1789063917049899800,24.192899658203125,0.1374000534772873,0.07812251960039138,-0.04149178858248051
1789063917059937000,24.20293701171875,0.12138415369987487,-0.017711597779393195,0.5247099566720426
1789063917069974800,24.212974853515625,-0.14752806425988674,0.1996609870791435,0.5583068866517394
1789063917080011800,24.22301171875,0.028480829074978828,0.06558160245716571,0.29262714780718085
1789063917090049000,24.233049072265626,-0.5897475153803825,0.059330140846967694,-0.030967179697728713
1789063917100087000,24.243087158203124,-0.35767537404000754,0.22862053958177564,-0.15947501583164556
1789063917110123800,24.253123779296875,1.2304793680667876,-0.5886585510998964,0.2992877564738504
1789063917120162000,24.263162109375,0.24313480262458323,-0.09884031345844269,0.2826293758081272
1789063917130199000,24.273198974609375,-0.458552746284008,0.4857891282558441,0.23970669133942574
1789063917140236800,24.28323681640625,-0.4423398626297712,0.30368893230855465,-0.11909390560453757
1789063917150274000,24.293274169921876,-0.4471031315088272,0.3091635643273592,-0.11585071329907513
1789063917160312000,24.30331201171875,1.1431932988017797,0.4283768037289381,0.1112526357859373
1789063917170348800,24.313348876953125,1.8445809879809616,0.2715782222986221,0.27732356101758776
1789063917180385800,24.3233857421875,0.8105535818189382,0.9191548263132572,0.1933571559608914
1789063917190424000,24.333424072265625,0.3312912249833345,0.8505570909053086,-0.056170064814272336
1789063917200460800,24.343460693359376,0.2937842088878155,0.6721002198964356,-0.5286835730107501
1789063917210498800,24.353498779296874,0.11763269221186637,0.5092728796958923,-0.5503705041619017
1789063917220536000,24.3635361328125,0.12497487166821956,0.5008738846629858,-0.5538818002184852
1789063917230573800,24.37357373046875,-1.263179860663414,-0.0011766425639390945,-0.24545471520582213
1789063917240610800,24.38361083984375,-1.3721546146452426,-0.4162696018278599,-0.3952412807159126
1789063917250649000,24.393649169921876,-1.3350982649266718,-0.8219774776309728,-0.7180108341347425
1789063917260685800,24.403685791015626,-0.850862211331725,-1.2400959221959114,-0.5889079958163201
1789063917270723800,24.413723876953124,-0.8595055365145206,-1.2703829239100217,-0.4560237027304247
1789063917280761000,24.423760986328126,-0.8667232128083705,-1.2622159840673208,-0.4556951283631846
1789063917290797800,24.4337978515625,-0.0007809212446212769,-0.775937610989809,-0.6693151192225515
1789063917300835800,24.4438359375,-0.6991337727725505,0.22777064475417136,-0.510591122687608
1789063917310873000,24.453873046875,0.2878565724045038,0.48875674588978285,-0.6054709715498611
1789063917320910800,24.463910888671876,-0.20834698235988616,0.9726485160917043,-0.6341225906144827
1789063917330947800,24.47394775390625,-0.04592413130700588,1.4779823027729988,-0.6955309259749949
1789063917340986000,24.483986083984377,1.6880898650646208,0.6022264732033014,-0.4377600970914587
1789063917351022800,24.49402294921875,2.104282310003042,0.18410744411647317,0.005276543030282482
1789063917361060900,24.504060791015625,1.8307523691147565,0.2220353159725666,0.2547129026176408
1789063917371098000,24.51409814453125,0.7654279074132442,-0.08782149131596088,0.24950406366186215
1789063917381135000,24.524135009765626,0.34131109921634195,-0.26040041020214555,-0.1301709242076613
1789063917391172900,24.5341728515625,-0.612818594366312,-0.08807634285986422,-0.37805188017971814
1789063917401209900,24.5442099609375,-0.3534264844238758,-0.5727472807407379,-0.40735798109769816
1789063917411247900,24.554247802734373,0.2840577646434307,-0.9872066182762383,-0.13453612454668618
1789063917421284900,24.564284912109375,-0.631151538914442,-0.9024848465412855,0.08951634906772524
1789063917431323000,24.574322998046874,-1.1998211949527262,-0.4899795656830072,0.16252850338444114
1789063917441360000,24.58435986328125,0.2832482018262148,-1.0591261915832757,0.20162594874287024
1789063917451398000,24.59439794921875,1.190616144233942,-1.1951023497372866,0.25810692897010595
1789063917461435000,24.604434814453125,0.20699556775093078,-0.38273324292898175,0.5070510389279573
1789063917471472000,24.61447216796875,-0.5491600689262152,0.16677110939025877,0.6189722946904599
1789063917481510000,24.624510009765626,0.32730770830512046,0.35409400842189787,0.7723526651751249
1789063917491547000,24.634546875,1.3345090668618678,0.11705986075997352,0.8572486244332045
1789063917501585000,24.6445849609375,0.5027718272387981,0.6147066000699997,1.0656140192326158
1789063917511622000,24.654621826171876,0.49275721370279785,0.5535930829375982,1.2863333572357891
1789063917521660000,24.664659912109375,0.6617109278291463,0.010051438415050505,1.2369099856361747
1789063917531697200,24.674697265625,0.6694803927868604,0.0011906710892915725,1.2410562916606664
1789063917541735000,24.68473486328125,-0.6693722562372684,-0.4219955782592296,0.8244196831513195
1789063917551772000,24.69477197265625,-0.6864017169713974,-0.6128010587096214,0.2750328562645242
1789063917561810000,24.704809814453125,-0.42716742793917656,-0.8653501708894967,0.12684064727379007
1789063917571847000,24.714846923828127,-0.05851297924518585,-1.0698919157475233,0.3172644531965256
1789063917581884000,24.7248837890625,-0.23405893124341964,-0.8779548009186983,0.8313998243622481
1789063917591921400,24.73492138671875,-1.6856453945219516,-0.0016384148567914962,1.3853048958584666
1789063917601958400,24.74495849609375,-1.041786934247613,0.3897282163828611,0.782100006077066
1789063917611996200,24.75499609375,0.9335609528064728,0.11064765563011168,0.25024414143944157
1789063917622033400,24.765033447265626,0.9555997661352157,0.4651449841558933,0.31311803757417944
1789063917632071200,24.7750712890625,1.2223463304936886,0.895849938571453,0.09000106384474783
1789063917642108200,24.785108154296875,0.855778624945879,0.9173784642904996,0.5135025531549007
1789063917652146400,24.795146484375,0.7852642422616481,0.9067278909385204,0.7056555757567287
1789063917662183200,24.80518310546875,0.9341063117295503,0.630437253165245,0.4149873799975961
1789063917672220200,24.81522021484375,0.3496872978955507,0.6212561678439379,0.16074929181747138
1789063917682258400,24.825258544921876,-0.03912789529561996,0.2812082204312086,-0.0818427274336107
1789063917692295400,24.83529541015625,0.3379758173137903,-0.2494441319018602,-0.1340035520399455
1789063917702333200,24.845333251953125,-1.0997796890109777,-0.29290742605328557,0.21936123792510479
1789063917712370200,24.8553701171875,-1.7541262255519627,-0.19181670331954956,0.3667351710692048
1789063917722408200,24.865408203125,-1.3961802178770304,-0.4947288060367107,0.2519539592983201
1789063917732445200,24.875445068359376,-0.9279676628440618,-0.5050649066120386,0.19053249046159906
1789063917742483500,24.8854833984375,-0.2455237435877323,-0.7805559184402227,0.5996012027336284
1789063917752520400,24.8955205078125,-1.0224749155342578,-0.20746201621890067,0.9932820657324045
1789063917762557200,24.90555712890625,-0.02393500233888626,-0.3509674008339643,1.1267344775624573
1789063917772595200,24.91559521484375,0.3674854049146175,-0.34510523080229755,0.6609833442069589
1789063917782632400,24.925632568359376,0.35972295421957967,-0.33599487262964245,0.6714408792048693
1789063917792670200,24.935670166015626,1.7542179954886434,-0.14717442851662635,-0.3469366840131581
1789063917802707200,24.945707275390625,0.773335904058814,0.55284372587502,-0.6791588331710546
1789063917812745200,24.9557451171875,-0.7643108860820531,1.2895926512926816,-0.5492436920890584
1789063917822782200,24.9657822265625,0.2651829683035612,0.5857347726076841,-0.2583320246965624
1789063917832820200,24.9758203125,0.7818044571965932,0.34551965682208535,0.03210908430842683
1789063917842857500,24.985857421875,0.561450810700655,0.0349871422290802,0.37246852708943184
1789063917852894200,24.995894287109376,-0.9249182121455669,0.18548633125424385,0.3087599519625306
1789063917862932200,25.00593212890625,-0.4256523472011089,-0.1364981362015009,0.23183263349607586
1789063917872969200,25.01596923828125,0.23479718239009378,-0.9994108508110046,0.36052002288140356
1789063917883007200,25.02600732421875,-0.6571481499582529,-0.4450760095953941,0.4728294377112761
1789063917893044200,25.036044189453126,-0.4965805713832378,-0.44706104593276974,0.36203356924951074
1789063917903082500,25.04608251953125,-0.26210896768569947,-0.30909985144138336,0.06950832918053493
1789063917913119200,25.056119140625,-0.17268997804522512,0.3530249178856611,-0.23901109202438964
1789063917923157200,25.0661572265625,0.8710130189567804,0.32765549882948397,-0.4770796790342778
1789063917933194200,25.0761943359375,0.8155868998110294,0.8652186534643173,-0.3028883747817017
1789063917943231200,25.086231201171874,0.9849380888223648,1.1231617336422204,-0.12628394497279077
1789063917953269200,25.096269287109376,1.1539344730466603,1.0697966386795044,-0.1472049515190534
1789063917963306200,25.10630615234375,1.0909972476184366,1.2016945876091718,-0.28842344903964545
1789063917973344300,25.11634423828125,1.7186550991982221,0.6582043810129166,-0.5476963895818219
1789063917983381200,25.12638134765625,0.6719219407200813,0.5962514904469252,-0.6143553754795342
1789063917993419300,25.136419189453125,-0.5053571675568819,0.6455465594917535,-0.32521972304992375
1789063918003456300,25.146456298828124,-0.8703262057363986,-0.054423664104938506,-0.15711886289324611
1789063918013494300,25.156494384765626,-1.1342957065969705,-0.5646276871711016,-0.2899406852021813
1789063918023531300,25.16653125,-1.545935310536623,-0.8324918573826551,-0.39536567428056146
1789063918033568300,25.176568359375,-1.5389309847325086,-0.8405138357967138,-0.3997073202140629
1789063918043606300,25.186606201171877,-1.3055781559318302,-1.6247767920613287,-0.47228787818048146
1789063918053643300,25.196643310546875,-0.7153530861675739,-1.4772949050307274,-0.7679311954710633
1789063918063681300,25.206681396484374,-0.20627309869527816,-1.5798831728458405,-0.7153939296346158
1789063918073718300,25.21671826171875,-0.40274610338807104,-0.9540081130295991,-0.5490904012234881
1789063918083756300,25.22675634765625,0.23110943378806112,-0.4967074126332998,-0.18731296215951443
1789063918093793300,25.236793212890625,0.7189315291762352,-0.43343233355283733,-0.19810060589462516
1789063918103831300,25.246831298828123,-0.1598252357751131,0.855605021944642,-0.8356205838624388
1789063918113868300,25.256868408203125,0.9408967025220394,0.6477309177935123,-0.9124695763956755
1789063918123905300,25.2669052734375,1.694966180574894,0.40633097613751884,-0.801161776356399
1789063918133943300,25.276943359375,2.1670693133056163,0.5808388172596692,-0.5024988189836964
1789063918143980300,25.286980224609376,1.7981319560170173,-0.012561959931254385,0.0652795599038247
1789063918154018000,25.29701806640625,-0.16484627880752087,0.5969295358389616,-0.3304977730507031
1789063918164055300,25.30705517578125,-0.5753425579309464,0.39801439869105815,-0.7460454538121819
1789063918174093300,25.31709326171875,-0.34505320835411546,-0.3149386405974626,-1.0004050494801253
1789063918184130300,25.32713037109375,-0.2450742462545633,-0.44940088705718517,-1.0235155836936085
1789063918194168300,25.337168212890624,-0.7559960622012615,-0.4115186079084873,-0.7220429391950368
1789063918204205300,25.347205322265626,-0.9863491246640682,-0.47520752848684783,-0.4616668231839314
1789063918214242300,25.3572421875,-0.7320476158589124,-0.3689449560731649,-0.5474967388238757
1789063918224280300,25.3672802734375,0.468579050257802,-0.3290063289165497,-0.8657954304389656
1789063918234317300,25.3773173828125,0.31659692919850346,-0.12929331938922403,-0.7029808766547591
1789063918244355300,25.387355224609376,0.23181495170891284,0.4000339218199253,-0.5445961950767785
1789063918254392000,25.39739208984375,0.30161914029717446,0.4283978465169668,-0.4284459965076297
1789063918264430300,25.407430419921877,0.008537526720762252,0.8799585419565439,-0.2982490428095683
1789063918274467300,25.41746728515625,1.332423492759466,0.21196341929137705,0.011354867430124432
1789063918284505300,25.42750537109375,0.7156850946009159,0.37509003469943997,0.2668382612299174
1789063918294542300,25.437542236328124,0.3862731074929237,0.1803337707966566,0.3557770296053961
1789063918304579300,25.447579345703126,-0.32701427831649776,-0.3503799563348293,-0.10375933002163655
1789063918314617000,25.4576171875,-1.1297487108170985,-0.06685936730802058,-0.6825364929106086
1789063918324654300,25.467654296875,-1.0467021788179873,-0.858165812343359,-0.7484948927909135
1789063918334692400,25.4776923828125,-0.5612450589954853,-1.0094108512997626,-0.8024968974176794
1789063918344729000,25.48772900390625,0.3148965550214052,-1.2412591207563877,-0.4826738457795232
1789063918354767400,25.497767333984374,-0.02552840901017189,-1.1075433087497948,0.24209205210600046
1789063918364804400,25.507804443359376,-1.161425121062994,-0.2543395027279854,0.6697308604165911
1789063918374841000,25.517841064453126,-1.2065081253707408,0.40914895616769786,0.5871489502545446
1789063918384879400,25.52787939453125,0.1639379317909479,0.34370471635460853,0.16392527323877437
1789063918394916400,25.537916259765623,0.8289911557853221,0.6484118857949972,-0.017231047720834614
1789063918404954000,25.5479541015625,0.9252578193634748,0.90820205514431,-0.10836774626569821
1789063918414991000,25.5579912109375,0.5840875899225473,1.1463321813493967,-0.21610055562872438
1789063918425029400,25.568029296875,0.9577736030429601,1.0694985325157642,-0.3463572766900062
1789063918435066000,25.578066162109376,0.9710504332453012,0.7211983050644397,-0.27681046039629725
1789063918445104400,25.5881044921875,0.7820826896160841,0.6976829894423484,-0.2922963084176183
1789063918455141400,25.598141357421873,0.5642980168253183,0.32170448147058484,-0.05861033867243677
1789063918465178400,25.608178466796875,-0.45020285108983515,0.27525837211608883,0.2285763351138681
1789063918475216100,25.618216064453126,-0.657051119324565,0.028457448199391364,0.24576599137838928
1789063918485253400,25.62825341796875,-0.870198779964447,-0.2669955706834793,0.015311331704631446
1789063918495291100,25.638291015625,-0.7104010167181491,-0.2583931620329618,-0.6147128836803137
1789063918505328000,25.648328125,-0.531830748462677,-0.5444529141485691,-0.8554109606772661
1789063918515366400,25.658366455078124,-0.8572159642726183,-0.25655250260233875,-0.6065212477877736
1789063918525403100,25.668403076171874,-0.2868149543970823,-0.551189528927207,0.2744174643125385
1789063918535441200,25.678441162109376,-0.09153320531547068,-0.46718964172601696,0.6463962351236492
1789063918545478400,25.688478515625,0.006873392900824547,-0.13059680320322511,0.317280892874673
1789063918555515400,25.698515380859376,0.0021054478466510772,-0.12530571105778215,0.3208548058386892
1789063918565553200,25.70855322265625,0.42087446527481076,0.3090840693503618,-1.2448162287160753
1789063918575590400,25.71859033203125,1.030056164443493,0.09477613275945186,-1.28894748525694
1789063918585628200,25.728628173828124,0.981386533820629,0.08691840499639511,-0.9837607156060636
1789063918595665400,25.73866552734375,0.006580547434091567,0.4248404462963342,-0.5818026573231443
1789063918605703400,25.748703369140625,-0.7820973026633262,0.511698061016202,-0.608090652528964
1789063918615740400,25.758740478515627,-0.5450041182905435,0.5592097537755966,-0.6402867392674088
1789063918625778400,25.7687783203125,0.35133506510257717,-0.15270692820250986,-0.5792540322862565
1789063918635815400,25.7788154296875,0.3377876012653112,-0.28187691347301,-0.3637515886811539
1789063918645852400,25.788852294921874,-0.7794137626677751,0.015842881298065183,-0.054507451664563264
1789063918655890400,25.798890380859376,-0.27638708388507366,-0.30102994223237034,0.2785965218291618
1789063918665927400,25.808927490234375,0.2626812146157026,-0.6866869636535644,0.6100048886524513
1789063918675965200,25.818965087890625,-0.11806640745401381,-0.20029227072000502,0.30091966852461915
1789063918686002400,25.82900244140625,-0.5156804086506367,0.19826164167523383,-0.21337684801956638
1789063918696040400,25.83904052734375,-0.08729951326847075,0.24030104050338266,-0.26212034759623926
1789063918706077400,25.849077392578124,0.6668009444445371,0.22785773851573465,-0.21439298452585934
1789063918716115500,25.859115478515626,1.4297978253185748,0.25060090072154995,0.19405365032507105
1789063918726152400,25.86915234375,1.8060469669252632,0.094290979591012,0.5058527325214818
1789063918736189400,25.879189453125,0.8782008846342563,0.4353057262092829,0.24282380044665186
1789063918746227500,25.8892275390625,-0.15485095449388026,0.8788725002855062,-0.012734996676910668
1789063918756264400,25.899264404296876,1.2431646621167658,0.06662438950836658,-0.12859490706259383
1789063918766302500,25.909302490234374,1.8506442335426807,-0.6452502068936824,-0.05470162252979353
1789063918776339200,25.919339111328124,-0.12996376599669457,-0.2799532519340515,0.32262875670865176
1789063918786377500,25.92937744140625,-1.7831740408599375,-0.4674456623136997,0.23434547483352944
1789063918796414500,25.93941455078125,-2.417801146930456,-0.4471984085768461,0.11270541014382615
1789063918806451200,25.949451171875,-1.0282833095520734,-1.6465613383680582,0.1780320149266161
1789063918816489500,25.959489501953126,-0.7218371874898671,-1.6780103695988655,0.3692702425047755
1789063918826526500,25.9695263671875,-0.7126771449565887,-1.4954267740488052,0.6271870191976427
1789063918836564200,25.979564208984375,-0.8756301573634148,-1.3443629368782042,0.6009399405241013
1789063918846601500,25.9896015625,-0.19215572601556777,-0.846744254618883,0.4131239607458934
1789063918856639500,25.999639404296875,-0.12930617887079715,-0.35952363225519657,0.5789334950949996
1789063918866676200,26.00967626953125,-0.010994272223114967,0.44800212617516516,0.6460663455821574
1789063918876714500,26.019714599609376,0.7048176636278629,0.726567138621211,0.5574776327533647
1789063918886751500,26.02975146484375,0.7428565946429967,1.090312187963724,0.18339105774173511
1789063918896788500,26.03978857421875,1.3944997174441813,1.2818114958971738,-0.1999872416251339
1789063918906826500,26.049826416015627,1.4948603723376988,0.9711562317073344,0.00603076806422323
1789063918916863500,26.059863525390625,0.9656114570617675,0.8916255988746881,0.5147461234752089
1789063918926901200,26.0699013671875,0.8642366566896438,0.30293548359274863,1.2315145563334227
1789063918936938200,26.079938232421874,-0.1828214959591627,0.26610826645493507,1.361560739916563
1789063918946976500,26.0899765625,-0.60014031457901,0.005243745872378349,1.4621457050852478
1789063918957013200,26.10001318359375,-0.4239128100574016,-0.6051876610964536,1.181685672672838
1789063918967051300,26.11005126953125,-0.40214463036358356,-0.5152876099407673,0.6688476478412747
1789063918977088500,26.120088623046875,-1.3286632634431124,-0.3264998990535736,0.679530808288604
1789063918987125500,26.13012548828125,-0.9559048865616321,-0.4484931245625019,0.5417842429285868
1789063918997163300,26.140163330078124,-0.43511458755135535,-0.1731798073887825,0.1786065634115599
1789063919007200500,26.150200439453126,0.9338765946269035,-0.13898352327644825,0.12064550069440155
1789063919017238300,26.16023828125,0.6442097579300403,0.04065642003715038,0.20392847179789095
1789063919027275300,26.170275146484375,-0.06956745722293853,1.1264631132751703,0.1675808183379471
1789063919037313500,26.1803134765625,0.1816933687120676,0.6988321594774722,0.4571062738027423
1789063919047350500,26.1903505859375,0.9809329448342323,0.8590618844002484,0.281933392900601
1789063919057388300,26.20038818359375,1.3713684327036142,0.35369068831801415,0.44360922497846184
1789063919067425500,26.210425537109376,-0.8237322123438119,0.5728606779873371,0.6536726558674126
1789063919077462500,26.220462646484375,-0.18233517374694347,0.17960428747832774,0.8928267182927578
1789063919087500300,26.230500244140625,-0.5020546188801527,-0.7735457474172115,0.9516916527807712
1789063919097537300,26.240537353515624,-0.9012059126466512,-0.4670148696810007,0.5291465143473819
1789063919107575300,26.2505751953125,-0.855008225095272,-1.1644599587142468,0.48036878370754416
1789063919117612300,26.2606123046875,-1.9164789339780806,-0.8047253140568733,0.2109187690766528
1789063919127650600,26.270650634765627,-0.8353285421133041,-0.5395879384607076,0.11759983112188055
1789063919137687600,26.2806875,1.4028811768203973,-1.3382020761609077,0.5723024961153045
1789063919147724300,26.290724365234375,1.3940426213264465,-1.3277467331200836,0.584344998749718
1789063919157762300,26.30076220703125,-1.309168873900175,1.0320873780101536,1.4440833941720426
1789063919167799600,26.310799560546876,-0.45084465612471103,1.0839759706795216,1.1735226783528923
1789063919177837300,26.32083740234375,2.368869065979123,0.7252636548072099,0.9318285760559141
1789063919187874300,26.330874267578125,3.494120465376973,0.44547523804605005,0.9473256395909935
1789063919197912600,26.34091259765625,0.8009750216126441,1.469246038609743,1.280874068916589
1789063919207949300,26.35094921875,-1.035065517038107,1.8626865535140036,1.4320771684274076
1789063919217987300,26.3609873046875,0.4886117844611406,0.9362415701925754,1.212021408899501
1789063919228024600,26.371024658203126,2.2964473883688448,-0.14955050999820232,0.7948604842551052
1789063919238061300,26.381061279296876,1.0213993952572344,-0.1271381871819496,0.4221675007600337
1789063919248099300,26.391099365234375,-1.5732307292193173,0.3544727786064148,0.11403839404694735
1789063919258136300,26.40113623046875,-2.5867683050602674,0.20005729292035102,0.4296062724586576
1789063919268174300,26.41117431640625,-1.6469687501251697,-0.4330938953787088,0.6195277366161346
1789063919278211300,26.42121142578125,-0.38790216999948024,-0.6842267110198735,0.3598147606888786
1789063919288249600,26.43124951171875,0.35736499291658397,-0.9541939909905195,0.1550732189424336
1789063919298286300,26.441286376953126,-0.9931687415510415,-0.5067079976439476,0.1430014171482995
1789063919308323300,26.4513232421875,-1.6680664832115173,0.21867022345364093,0.40407223742529746
1789063919318361300,26.461361328125,0.19365093300938604,-0.3652238897234201,0.9983388376653194
1789063919328398600,26.471398681640625,2.0416560502201317,-1.0417045166611671,0.9361137060292064
1789063919338436400,26.481436279296876,0.2089975552231073,0.19676058946251868,0.06785436969473958
1789063919348473300,26.491473388671874,-0.8326841650843619,0.77067632946074,-0.5727013957723975
1789063919358511400,26.501511474609377,0.5177081150859594,0.00023205519020557403,-0.5477774554613978
1789063919368548400,26.51154833984375,1.7495020728826522,-0.33712416892051694,-0.49817474523950367
1789063919378586400,26.52158642578125,0.6096539928555488,-0.14998364071846007,-0.1645090827424079
1789063919388623400,26.531623291015624,-0.250485165387392,-0.014792495462298392,-0.17310787466373292
1789063919398660400,26.541660400390626,-0.004025017732381821,-0.1567576648980379,-0.3961660674106329
1789063919408698400,26.551698486328124,0.17692074748277664,-0.58831602127254,-0.425934488610737
1789063919418735400,26.5617353515625,-0.8336369357645511,-0.16857669750750065,-0.42447924830112604
1789063919428773400,26.5717734375,-0.4206985241860151,-0.5152279887080192,-0.18328962492756545
1789063919438810400,26.581810302734375,-0.41678690370023247,-0.9273720350384712,0.08279208231400698
1789063919448848400,26.591848388671874,-1.2173802325189114,-0.21546295184493064,0.11988335721548646
1789063919458885400,26.601885498046876,0.2667377965301275,-0.7343371881008148,-0.05941895164158195
1789063919468923400,26.61192333984375,0.9100234253525733,-0.6017880817860365,-0.27091617819331587
1789063919478960400,26.62196044921875,0.4326508277863264,0.18371464540660382,-0.27901271968092767
1789063919488997400,26.631997314453123,0.8597995510250329,0.39734161399602885,0.02254628792684525
1789063919499035400,26.642035400390625,0.98653208001554,0.8147989643037319,0.2829511916410178
1789063919509072400,26.652072265625,1.9518898545771837,0.8280348779737949,0.43020193679686636
1789063919519110400,26.6621103515625,1.2667320001870392,1.2258844414919614,0.12758589441683144
1789063919529147400,26.6721474609375,1.3015759345531464,1.577319459837675,-0.2302613655913621
1789063919539185400,26.682185302734375,1.468768484225869,1.0630623619884252,-0.10662453759387135
1789063919549222400,26.692222412109373,0.9056845193654298,0.9459323586016893,0.03762085173353553
1789063919559259400,26.70225927734375,0.9192471807718277,0.9298451471537351,0.03271872237306088
1789063919569297400,26.71229736328125,-1.8847592691123485,0.20729776556789875,1.4398704526521264
1789063919579334400,26.72233447265625,-1.9270272159993647,-0.2258078202486038,1.505864727563411
1789063919589372400,26.732372314453126,-0.847749632269144,-1.3607880019783973,1.2605934974320232
1789063919599410000,26.742409912109373,-1.4298691369891166,-1.626281351405382,1.4098863794073462
1789063919609448000,26.752447998046875,-2.3548230049699543,-1.515996099346876,1.55044460465461
1789063919619485000,26.76248486328125,-2.0464906307697297,-1.610676955038309,1.587062270694971
1789063919629522700,26.772522705078124,-0.2529179454922676,-1.8279022403806446,1.9993898568987845
1789063919639560000,26.782559814453126,0.05156827467381954,-1.3826906217068433,2.4848168738439678
1789063919649597000,26.792596923828125,0.03326806335151195,-1.360402217531204,2.4979133790433403
1789063919659635000,26.802635009765623,0.07240414195358753,0.3836263923764229,2.393466623879969
1789063919669671700,26.812671630859374,0.11228431692123413,1.0328174458503723,1.8784039087362587
1789063919679710000,26.8227099609375,1.314094055342674,1.5700480075299739,1.231297406451404
1789063919689747000,26.832746826171874,2.5926088477820155,1.1728747358381748,1.209914280552417
1789063919699785000,26.842784912109376,2.4533354016482827,1.1345382831811903,1.7852102228626607
1789063919709822000,26.852822021484375,1.6864046884566544,0.9900818814516067,2.2566072531506416
1789063919719859000,26.86285888671875,-0.16101590686440467,1.2530226237863302,2.0032854030326006
1789063919729896700,26.872896728515624,0.5569166744023561,0.5678811360090971,1.6310212394088506
1789063919739934000,26.882933837890626,0.6895669030040502,-0.4492378054499626,1.125159556395933
1789063919749972000,26.892971923828124,-1.329318512481451,0.39533728843629357,0.8057262347277253
1789063919760008700,26.9030087890625,1.1700877354681491,-0.4897410807520151,1.3116858251571655
1789063919770047000,26.913046875,2.778590853598714,-1.8856810601323841,1.6746435235142707
1789063919780084000,26.923083984375,-0.8877338521331548,0.3046148149818182,0.9148528182704001
1789063919790121700,26.933121826171874,-2.056707488879561,0.9468056343048811,0.34511114908643065
1789063919800159000,26.943158935546876,-1.5042606533676386,0.7782207534909248,-0.5672624195888638
1789063919810196000,26.953196044921874,2.0780518902033567,0.6203612648308277,-0.9858099762860685
1789063919820233700,26.963233642578125,1.1367588818401098,0.3339671661943197,-0.5187089626915753
1789063919830270700,26.973270751953127,-2.323262330058217,1.7049562441915274,-0.16373985193558036
1789063919840309000,26.98330908203125,-2.0230653315186498,0.5175327585190534,0.719158104473725
1789063919850345700,26.993345703125,-3.5562224090248344,-0.24759119751155376,0.8075744198776781
1789063919860384000,27.003384033203126,-2.946377277511358,-1.2775935859411953,0.8725910819284617
1789063919870421000,27.0134208984375,-0.4151315377086401,-2.4913357542186976,0.9407438500478863
1789063919880458000,27.0234580078125,1.0400754541546107,-2.966319995343685,0.4306119423698634
1789063919890495700,27.033495849609373,1.0303174457281827,-2.954607930240035,0.43410599503070113
1789063919900533000,27.043532958984375,0.16910452077388763,-1.8026280983924865,-0.36238216349147256
1789063919910570800,27.05357080078125,2.499822427535057,-0.9347060311883687,-0.737850822244957
1789063919920607700,27.063607666015624,2.048847423028946,0.5573474670350551,-0.7607952061112969
1789063919930646000,27.07364599609375,1.0594242977470159,2.021588244703412,-0.397043946223706
1789063919940683000,27.08368310546875,0.4943453596770763,2.4054069447815416,-0.022093319994956253
1789063919950720800,27.093720703125,1.4298334811538458,2.749227980992198,-0.080154683015123
1789063919960758000,27.103758056640626,1.2928531143933535,3.1941590291589494,-0.8883905624762177
1789063919970795000,27.113794921875,5.479697485500574,1.5536334638237952,-1.101989547080174
1789063919980832800,27.123832763671874,3.6497190233677625,-0.11603110223412513,-0.36482246931567786
1789063919990870000,27.1338701171875,-3.13690277197659,1.7553204037725925,-0.8700842136740684
1789063920000907800,27.14390771484375,-1.4491829092681408,0.2663894214838743,-1.0257377167224884
1789063920010944800,27.15394482421875,0.1489279941856861,-1.9776585020840167,-0.9916657165769487
1789063920020983000,27.163983154296876,0.16697627657353878,-2.0008955852866173,-1.008651995756477
1789063920031020000,27.17402001953125,-2.3622715674102306,-1.2583692455112934,-1.065544826453924
1789063920041056800,27.184056884765624,-1.9442542451322078,-2.41803612473011,-0.6223037772007286
1789063920051094800,27.1940947265625,3.032570875364542,-2.8652193357378244,0.013989362385869026
1789063920061132000,27.204132080078125,-0.7900187433123588,-0.5566290896326304,-1.0645707207247614
1789063920071169800,27.214169677734375,-1.6246020200163125,0.40936347570121284,-0.5585327312968671
1789063920081206800,27.224206787109374,1.1238438706874847,-0.6499684675872326,-0.6508361903324723
1789063920091245000,27.2342451171875,1.504664557993412,0.295737681043148,-0.837827957713604
1789063920101281800,27.24428173828125,1.6532634663552044,1.0505419031113385,-0.8179511447243392
1789063920111318800,27.25431884765625,3.1961867355942726,0.5600444510340691,-0.821841357095912
1789063920121357000,27.264357177734375,1.7026976516097783,0.394135511431098,-1.1319064003076404
1789063920131393800,27.274393798828125,-1.6429852334469557,1.5893588571995496,-0.8877868244294077
1789063920141431800,27.284431884765624,0.7081131980419159,-0.2877542810738086,-0.3763265176918357
1789063920151469000,27.294468994140626,3.049329117941856,-2.137693581217527,-0.11933708497695625
1789063920161506800,27.3045068359375,-0.5744079074293374,-0.9410679674357175,-0.33269904595464467
1789063920171543800,27.314543701171875,-2.9867022736370563,-0.5193336704611778,-0.19804697601124643
1789063920181582000,27.32458203125,-2.137276817110181,-1.3582090914011,-0.27480613483656197
1789063920191618800,27.334618896484375,-0.5815180316954851,-1.6809926002800464,-0.49000020661223675
1789063920201655800,27.34465576171875,-1.9105285011410713,-0.3486205454468727,-0.3744799399770796
1789063920211694000,27.354694091796876,-1.3955202926635741,-0.22988427590727806,-0.3729992729652673
1789063920221731000,27.36473095703125,-1.4092670784652233,-0.21566168928742407,-0.3941236748628318
1789063920231768800,27.374768798828125,0.783647454714775,0.839474555876851,-1.4439762805357574
1789063920241805800,27.384805908203123,-0.9238122967302799,2.0135902316868304,-1.5347045992091297
1789063920251843800,27.39484375,0.4919844757646322,2.005420369234681,-1.7121207289934157
1789063920261880800,27.404880859375,2.2011533692151306,1.8709283121585845,-1.6732617137670516
1789063920271918800,27.4149189453125,2.6961744361966846,1.384893684709072,-0.9252600113205611
1789063920281955800,27.424955810546876,2.711182035714388,1.3659201041698454,-0.9630082157608121
1789063920291992800,27.434992919921875,2.0222300497382877,-0.11066811389625072,0.6810336871322245
1789063920302030800,27.44503076171875,-1.864317954108119,0.6269207694768906,0.03669288670103997
1789063920312068000,27.455068115234376,-1.9362725987285374,0.1926116530895233,-0.5467705434411764
1789063920322105900,27.46510595703125,-0.03131692928373814,-1.4959773936688898,-0.8800939318392426
1789063920332142800,27.475142822265624,-0.20647066709399223,-1.5604022273063658,-1.1612342746660114
1789063920342180900,27.485180908203127,-2.8782886606693268,-0.6420850208610296,-0.9172706930670886
1789063920352217900,27.4952177734375,-4.952718268722295,-0.1845423284024,-0.736944521054998
1789063920362254800,27.5052548828125,-3.2425743927597996,-1.2157500009685753,-0.3688610041167587
1789063920372293000,27.515293212890626,-0.4866986443161964,-1.3039537696003913,-0.5498906482230872
1789063920382329900,27.525329833984376,-0.27444237955808637,-0.20748013639748095,-0.17635819996288046
1789063920392367900,27.535367919921875,-0.1046913775742054,-0.46433191420733927,0.7303590782500803
1789063920402404900,27.54540478515625,1.571661287945509,-0.4329448422968387,1.0842079528044908
1789063920412443000,27.55544287109375,1.640039827644825,0.08299392502903938,1.2221719968400895
1789063920422480000,27.56547998046875,0.27372049502432344,0.7966057204872369,1.5790036135323344
1789063920432516900,27.575516845703124,0.9981073669970035,0.8244178565204143,1.0581599768996237
1789063920442555000,27.585554931640626,1.6410376065105199,0.6684568949580192,0.14168711967933922
1789063920452591900,27.595591796875,-0.006404606345295906,1.1201146210312842,-0.4507984788954258
1789063920462630000,27.6056298828125,-0.17327391541302203,0.7513070276021957,-0.15643005864517762
1789063920472667000,27.6156669921875,0.41377720049023625,-0.14001578893363475,0.7254695526428521
1789063920482705000,27.625704833984376,0.45569209615588185,-0.45580432435870166,1.502564370843768
1789063920492742000,27.635741943359374,-0.26600422155857084,-0.47334173461496826,2.0294972642622886
1789063920502780000,27.64577978515625,-0.5480015465408563,-0.7229577159523963,1.7854751574091612
1789063920512817000,27.65581689453125,-0.7593687535047531,-0.5235007270127534,1.3537120722427964
1789063920522854000,27.66585400390625,-0.5076800575464964,-0.3086760730713606,0.8560868871774524
1789063920532892000,27.675891845703124,-0.5132902986437082,-0.30205344006121154,0.8478707744307815
1789063920542929000,27.685928955078126,-0.9799433492749929,0.28863866269290445,0.6546398203991353
1789063920552967000,27.695966796875,0.6344435661971569,0.24640520259737966,0.16944180817054583
1789063920563004000,27.70600390625,0.40434067910313604,0.6532710162639618,-0.1833900896273553
1789063920573042000,27.7160419921875,0.584490910026431,1.0126227990835905,-0.2527969859937206
1789063920583079000,27.726078857421875,1.7257716532051561,0.7342156075477599,-0.2962448268476873
1789063920593116000,27.736115966796874,0.32051907107830047,1.2361135745614766,-0.05623637608271092
1789063920603153200,27.746153076171876,0.5538870974481106,1.2559914104640484,0.23476539901234209
1789063920613190100,27.756190185546874,2.0693857686668635,0.005253682744503021,0.38147403664812446
1789063920623228400,27.766228515625,-0.46971302272379395,0.5052987153679133,0.4477221036573872
1789063920633265200,27.77626513671875,-1.5977900009363888,0.7397901928097009,0.3950112348197028
1789063920643303200,27.78630322265625,0.04746726909577846,-0.8073410495132207,0.014896430760808288
1789063920653340400,27.79634033203125,0.08924655568301677,-0.9548936636924743,-0.7803544045187533
1789063920663377400,27.80637744140625,-0.7110352229684591,-0.8505465695112944,-1.0019958988681434
1789063920673415200,27.816415283203124,-1.9518559523075818,-0.8576017487198114,-1.0603414125919342
1789063920683452400,27.826452392578126,-0.18357786728441713,-0.9025427142083644,-0.7533524158246815
1789063920693490200,27.836490234375,0.8782160822033882,-1.755792697459459,0.029422165045700964
1789063920703527200,27.846527099609375,-0.5696230112403631,-0.5814040499269962,0.25636384816244245
1789063920713565400,27.8565654296875,-0.8009662537842989,0.21144670194089413,0.03772518889084458
1789063920723602200,27.866602294921876,0.26473230192661285,-0.10948094993829727,-0.5648902470974251
1789063920733640200,27.87664013671875,1.6603659918367861,0.1309907709568739,-1.1843673860374837
1789063920743677400,27.886677490234376,1.6287433576047419,0.318108502805233,-1.1973255787447095
1789063920753714400,27.89671435546875,1.366092538127303,0.31974399505257606,-0.945337899839878
1789063920763752200,27.906752197265625,-0.11311199991703033,0.8307476440638303,-1.105531165209785
1789063920773789200,27.9167890625,0.6019663609623909,0.6463444318711757,-1.377568164126575
1789063920783827200,27.9268271484375,0.6058429101347923,0.6420844363391399,-1.3815977119036018
1789063920793864200,27.9368642578125,0.736028209927678,0.14816460859775543,-1.440969938326627
1789063920803902200,27.946902099609375,-0.6871265241146087,0.40388416750729084,-1.1969572568889706
1789063920813939500,27.956939453125,-1.0538684171855448,0.09078910894989967,-0.7274497666746378
1789063920823976200,27.96697607421875,-0.2514320908486843,-0.2833680288136005,-0.7894592827986925
1789063920834014200,27.97701416015625,-0.02509820089936256,-0.42453006517291064,-1.1537639387853442
1789063920844051500,27.987051513671876,-0.7466378667473793,-0.30327041463553905,-1.5096742028489707
1789063920854089200,27.997089111328126,-1.041710361880064,-0.3373006945312023,-1.5334006770037114
1789063920864126200,28.007126220703125,-0.555396917489171,-0.45556876203715796,-1.1350989127386362
1789063920874164200,28.017164306640623,-0.4889046299278736,-0.35803660856783387,-0.7107518759824335
1789063920884201200,28.027201171875,-0.16186755525767801,-0.5348515575885773,-0.47249074380882083
1789063920894239200,28.0372392578125,-0.7386024443298578,-0.10002338576316833,-0.5488010994207113
1789063920904276500,28.0472763671875,0.6684487116515636,-0.04319558312594891,-0.7917468822792172
1789063920914313200,28.057313232421876,2.0937983253896237,-0.8201292194157839,-0.6517514785464853
1789063920924351200,28.067351318359375,0.4473591520965099,-0.02563946816921234,-0.8410844022262841
1789063920934388200,28.07738818359375,-1.5336872388601301,0.9162526751309633,-1.2719269384816287
1789063920944426200,28.08742626953125,-1.055017002698779,0.8050497237056493,-1.2812224439628421
1789063920954463200,28.097463134765626,1.7452794867515562,-0.2891857751816511,-0.6642634618561715
1789063920964501200,28.107501220703124,1.6560007823646068,-0.3924433205604553,-0.12649758772347122
1789063920974538200,28.117538330078126,-1.3421797476202249,0.8143693407148123,0.021741474349983036
1789063920984575200,28.1275751953125,-1.744871490472555,0.5589847128480673,-0.017647994491271673
1789063920994613200,28.13761328125,0.3493909452974796,-0.2928793690025806,-0.3615262042492628
1789063921004650200,28.147650146484374,1.5588661037802696,-0.6172112763673067,-0.3424935504665598
1789063921014688300,28.157688232421876,0.14492226567566394,-0.18763269563317297,-0.3502631250221282
1789063921024725200,28.167725341796874,-0.47660628936886784,0.32452830671966076,-0.5082576017061248
1789063921034763300,28.17776318359375,-0.30882512615323066,0.1610591614842415,-0.34656229774281383
1789063921044800300,28.18780029296875,-0.31844577193558216,0.6263596284627914,-0.403251386029087
1789063921054837200,28.197837158203125,-0.31012860996723174,0.8256646417111158,0.021237324220128355
1789063921064875300,28.207875244140624,1.7556331229835747,0.43133214640319345,0.45594862820021803
1789063921074912300,28.217912353515626,2.5110230359852315,-0.026173136654496193,0.6242862562548369
1789063921084950300,28.2279501953125,0.03666764266192913,1.1899293310135601,0.3891846840906888
1789063921094987300,28.2379873046875,0.060198740375041956,1.082068675753474,0.352283561466448
1789063921105025300,28.248025390625,0.422690574786067,0.24829613091051578,0.5178974271129817
1789063921115062300,28.258062255859375,-0.22287352036237715,0.7239087330669164,0.904882263071835
1789063921125100300,28.268100341796874,-1.100140923538804,0.1939057845532894,0.8441434975359589
1789063921135137300,28.27813720703125,-2.5006267296552656,0.3138777333676815,0.2456608505034819
1789063921145174300,28.28817431640625,-2.203088721191883,-0.25359131470918655,0.008949431989900768
1789063921155212300,28.29821240234375,-1.1840338432341813,-0.6830050602704286,0.15049462244790046
1789063921165249300,28.308249267578127,0.41977790220975875,-1.833481501817703,0.4096315520528704
1789063921175287300,28.318287353515625,-1.0200982495307922,-1.245423254698515,0.3279310643678531
1789063921185324300,28.32832421875,-1.594548242536187,-0.32981706077754497,-0.014214695574343204
1789063921195362300,28.3383623046875,-0.08976970277428627,-0.7096873154908419,0.011482676794566214
1789063921205399300,28.3483994140625,1.2402069813549519,-0.6858750627487897,0.231867339483276
1789063921215436300,28.358436279296875,-0.47095688530504703,0.4807938041865825,0.16604264898523688
1789063921225474300,28.368474365234373,-0.48073769008517264,0.4912731126248836,0.17833905331548303
1789063921235511300,28.37851123046875,2.062226544561982,0.34339842688441274,0.29353235301859676
1789063921245549300,28.38854931640625,1.6670108366787433,0.4969926593154669,0.429455648474209
1789063921255586000,28.3985859375,0.18701602503955364,1.5747119076877831,0.3574569455163553
1789063921265624300,28.408624267578126,1.1252280185222625,0.5124707989543676,0.5484582773324101
1789063921275661300,28.418661376953125,1.057187916997075,0.1511421631038189,0.7086141333013772
1789063921285698000,28.428697998046875,0.5591787741154431,0.3023725890129804,0.8412950493022799
1789063921295736300,28.438736328125,0.05106500132679939,-0.26144611986279487,1.3375602711260317
1789063921305773300,28.448773193359376,-1.4485153852701187,-0.03666998074948787,1.5290259690508246
1789063921315811000,28.45881103515625,-1.0968787068724632,-0.09234159908890724,1.7201067593112587
1789063921325848300,28.468848388671876,-0.28672259993851185,-0.8131219710022211,1.841993601836264
1789063921335886300,28.47888623046875,-0.09505904135406017,-0.3969780413806438,1.3710735414102673
1789063921345923000,28.488923095703125,-0.03286182063817978,-0.23150164797604084,1.2111877345543354
1789063921355961300,28.49896142578125,0.24002339260578154,-0.07817688013613223,1.108477301664278
1789063921365998300,28.508998291015626,0.7062865671366453,0.03251403011381626,1.1237602840572596
1789063921376035300,28.519035400390624,0.23375030368566513,0.2512391986250877,1.3965245012700558
1789063921386073300,28.5290732421875,0.29979309391379355,0.2555745974808931,1.4194433123037218
1789063921396110300,28.5391103515625,0.49339843421578405,0.08284779455661773,1.1792928592521696
1789063921406148000,28.549148193359375,1.3363444655954837,-0.46079906390607356,0.9297110724452883
1789063921416185000,28.55918505859375,0.8429331718981266,-0.6771598413735628,0.4800099603325128
1789063921426223400,28.569223388671876,0.6687865653038024,-0.8551227913856506,0.22624100576778872
1789063921436260000,28.579260009765626,-0.7041092230975627,-0.8871353017181157,0.38670411932133136
1789063921446297000,28.589297119140625,-1.3035101174861192,-0.6245359201669692,0.6973818876039236
1789063921456335400,28.59933544921875,0.09003332214653491,-1.2032897478461264,1.005911611007154
1789063921466372400,28.609372314453125,0.7872446024239063,-1.3158125496983528,0.9557983574472367
1789063921476410000,28.61941015625,-1.5118828188091515,-0.14165829544365405,1.0116822302978485
1789063921486447400,28.629447265625,-1.949628923907876,0.44186815346479413,0.5603901226665824
1789063921496485000,28.639485107421876,0.9306605551898479,-0.15165478880107403,0.023929211918916553
1789063921506522000,28.649522216796875,1.6447253551125525,-0.26401392452418804,0.28783675345918164
1789063921516559400,28.659559326171873,0.7332827106118202,0.31700784808695315,0.5672706028953194
1789063921526597400,28.669597412109376,-0.40565234622359275,0.9419149396538734,0.7540743003584444
1789063921536634000,28.679634033203126,0.5241863711893558,0.5978560030341148,0.5099310513436794
1789063921546672400,28.68967236328125,1.5742799460113048,0.34366321530044075,0.19135266600437462
1789063921556709400,28.69970947265625,1.5784966869235038,0.3395470121532678,0.20844459751546382
1789063921566747100,28.7097470703125,-0.21552783377468585,0.9612690439432859,-0.36699323748350143
1789063921576784400,28.719784423828123,0.5447276394367218,0.21192834797799587,-0.30259722808171063
1789063921586822100,28.729822265625,-0.0803133076429367,0.008785364001989364,-0.1370719905667007
1789063921596859600,28.739859619140624,-0.1957183869332075,0.23594576790332794,-0.7468708717856556
1789063921606896600,28.749896728515626,-1.1566250273048877,0.14574176536500452,-1.3945809659868478
1789063921616934700,28.7599345703125,-1.541699864923954,0.26702245869040486,-1.5040610391423106
1789063921626971600,28.7699716796875,-0.8311708379119634,-0.21109774237275122,-1.0543195219539105
1789063921637009700,28.780009765625,-0.285054958987236,-0.4852659811645746,-0.5655017665918917
1789063921647046700,28.790046630859376,-0.2850561280310154,-0.48511517451703545,-0.5626146668482571
1789063921657084700,28.800084716796874,-0.7500818697214127,-0.1452063433140516,-0.6359115929231047
1789063921667121700,28.81012158203125,-0.025597382593154906,-0.22134791823029518,-1.2191998491615057
1789063921677158700,28.82015869140625,0.4734188915044069,-0.04839022915959358,-1.2648095076918602
1789063921687196700,28.83019677734375,0.14019640619754792,0.26369536009430883,-1.201100274977833
1789063921697233700,28.840233642578124,-0.6734551416367291,0.7219365562111139,-0.7066384493142366
1789063921707271700,28.850271728515626,-0.7119669508606195,0.8748433908998966,-0.5430665378240868
1789063921717308700,28.86030859375,0.5263309820026159,0.6682113957643508,-0.647157940211147
1789063921727346700,28.8703466796875,0.7842968585342168,0.151712656468153,-0.12155965639725327
1789063921737383700,28.8803837890625,0.395084774979949,0.3442582585841417,-0.044881673049367965
1789063921747420700,28.890420654296875,0.7819903351575136,-0.281669992724061,0.2794781635018997
1789063921757458700,28.900458740234374,-1.2316624403715133,-0.06696808837950229,0.6496827825136482
1789063921767495700,28.91049560546875,-1.5152239459306,0.14332301378548146,0.7028261975497007
1789063921777533700,28.92053369140625,0.9294581936627626,-1.0569506011098622,0.6685876817308366
1789063921787570700,28.93057080078125,1.103055934202671,-0.8918746051996945,0.2811122857760638
1789063921797608700,28.940608642578123,-1.0836217504143715,0.21986147906482217,-0.04311837143758312
1789063921807645400,28.9506455078125,-1.2349971377521753,0.4648585684299469,-0.08508525301879272
1789063921817682700,28.9606826171875,0.4053057247430086,0.19260463882684706,0.11544142924528568
1789063921827720700,28.970720703125,0.7678893290907144,0.39007892951667306,0.21268592487964777
1789063921837757700,28.9807578125,1.50440678384006,0.6227975520670413,0.17638793751401827
1789063921847795700,28.990795654296875,2.128932182613015,0.3153700177520513,-0.017638678673654793
1789063921857832700,29.000832763671873,1.3251169691383837,0.9377285938799381,-0.506360535913147
1789063921867870500,29.010870361328124,0.02461246320903301,1.257228843304515,-0.5362848052620888
1789063921877907700,29.02090771484375,-0.641578824904561,1.272583064302802,-0.6158772512845695
1789063921887945700,29.03094580078125,0.1290554189801216,0.7368313430041075,-0.8884354975964873
1789063921897982700,29.040982666015626,-0.17599194220006464,0.2371791090905666,-1.1078295052800327
1789063921908019700,29.051019775390625,-1.4953455255061388,0.33891631303429604,-1.224085575376451
1789063921918057700,29.0610576171875,-0.8739461497992277,-0.589183451756835,-0.947945817315951
1789063921928094700,29.0710947265625,-0.19730653290748595,-1.2403536963492632,-0.5012473576178774
1789063921938132700,29.0811328125,-0.4135673571318388,-1.3231465458482503,-0.35606998466998335
1789063921948169700,29.091169677734374,-0.9912503407090901,-1.1504565678030252,-0.29198092232551426
1789063921958207500,29.10120751953125,-1.1273276211500167,-0.8049059313207865,-0.15815721123134716
1789063921968244700,29.11124462890625,-0.7645838578045367,-0.7210550972014665,-0.27786234406940635
1789063921978281700,29.12128173828125,-0.9931570511132478,-0.04065291290581226,-0.5910235631981864
1789063921988319700,29.13131982421875,-0.14077625191211698,0.07164893967211246,-0.8507569243263453
1789063921998356500,29.1413564453125,0.25129122107326984,0.04068038543462753,-0.8163397640049457
1789063922008394800,29.151394775390624,0.46850540049970146,0.2261649631232023,-0.24101360921952872
1789063922018431700,29.161431640625,1.6465736133277415,-0.2886287258207798,0.009828708175616338
1789063922028469500,29.171469482421877,2.0400410162389275,-0.4706511803567409,-0.04813084757104516
1789063922038506800,29.1815068359375,1.3489946883320807,-0.04110474832653999,-0.4083340595882386
1789063922048544800,29.191544677734374,1.0467436798721552,-0.09250117356479168,-0.49227585992664097
1789063922058581500,29.20158154296875,0.5262959106892346,-0.1494382817953825,-0.441007225786522
1789063922068618800,29.21161865234375,-0.4480827901959419,0.42159459624290463,-0.5228891709856689
1789063922078656800,29.22165673828125,-0.6207464647561312,0.22915946876406668,-0.6777041043180972
1789063922088693500,29.231693603515627,0.2793827585697174,-0.07833177843689917,-0.806327415491268
1789063922098731800,29.241731689453125,0.30995968314111233,-0.0754904175311327,-1.0131219077121465
1789063922108768800,29.251768798828124,0.2705985636115074,-0.22661329141259193,-0.6278827463768423
1789063922118806500,29.261806640625,-0.6452461152404546,-0.04788695581257343,-0.08521505341092124
1789063922128843800,29.27184375,-0.6391022056579589,-0.051063832283020014,0.08661847220174967
1789063922138880800,29.281880859375,0.28379472979307174,-0.31231179922521113,0.06565353518221527
1789063922148918500,29.29191845703125,0.28171909256279465,-0.30991058330237864,0.058427602516673505
1789063922158955500,29.30195556640625,0.1335650053590536,-0.1419441266477108,0.46789238316789267
1789063922168993800,29.311993896484374,-0.41349487641751764,0.1911304746210575,0.7874239045135676
1789063922179030800,29.32203076171875,-0.462926139062643,0.10996785667240619,0.8208743386946618
1789063922189068800,29.33206884765625,-0.22141864537894723,-0.014252397236227989,0.6821428174179047
1789063922199105800,29.342105712890625,-0.29368425564467904,-0.037352702316641805,0.6884709244608879
1789063922209142800,29.352142822265623,-0.8186918800890445,-0.1387456228673458,0.85499573093988
1789063922219180500,29.3621806640625,0.005463526102900505,-0.20454232937991618,0.6992612716097384
1789063922229217800,29.3722177734375,1.124809500849247,-0.8558283093065023,1.0226913347639144
1789063922239255600,29.382255615234374,-0.6640636284351349,-0.2873836941957474,1.3317103760540485
1789063922249292500,29.39229248046875,-0.882155175217986,0.29529695153832436,1.1699570948258042
1789063922259330800,29.402330810546875,0.06185059923529625,-0.12983809379041195,0.7871735830143094
1789063922269367800,29.412367919921873,-0.3312409561008215,0.2950982140958309,0.6697016343221068
1789063922279404500,29.422404541015624,0.19934943691194057,0.32414018418490886,0.8570438225761056
1789063922289442800,29.43244287109375,0.4703893145501613,0.24757366185486315,0.7989663852039725
1789063922299479800,29.442479736328124,0.1142284367263317,0.7028419796407223,0.2895272638293914
1789063922309517600,29.452517578125,0.7125526417940855,0.5274602782934904,-0.21114790165740996
1789063922319554600,29.462554443359377,1.1360767447948454,0.6918558907240628,-0.6601359335973859
1789063922329592800,29.4725927734375,0.37089667466282844,0.6994640276402234,-0.37470980321019887
1789063922339629600,29.482629638671874,-0.32681144922077654,1.1689999402314424,0.004717883950925898
1789063922349666600,29.49266650390625,0.1478255859017372,0.4702689030408859,0.5386836830973625
1789063922359704800,29.502704833984374,-0.7119067451059817,0.4604787459105253,0.47378535019662227
1789063922369741600,29.512741455078125,0.526198295533657,0.06497545325756073,-0.37389724471829827
1789063922379779600,29.522779541015623,0.676277213320136,-0.693806440269947,-1.2483372424490748
1789063922389816800,29.53281689453125,-1.0159586655080317,-0.020412088909745215,-0.8569014914959668
1789063922399854600,29.5428544921875,-1.3511188408792019,-0.6194383047670126,-0.05783525351355783
1789063922409891600,29.5528916015625,-1.5866484291970728,-0.37153672613203526,0.29460769063252956
1789063922419929900,29.562929931640625,-0.4085422224462032,-0.5372311462014914,-0.09802399210687726
1789063922429966600,29.572966552734375,0.8623422212451696,-0.8733136971145867,-0.8630375100329518
1789063922440003600,29.583003662109373,-0.19380992296338082,-0.004468669846653938,-1.8400388145066797
1789063922450041900,29.593041748046875,-0.9008306495934725,0.5551537563830614,-1.8777710176602005
1789063922460078600,29.60307861328125,-1.192348667114973,0.4432347656428814,-1.3681573617026208
1789063922470116600,29.61311669921875,0.7840922758728265,0.03413081766068935,-0.7270175127372145
1789063922480153600,29.623153564453126,1.4190087202787398,-0.2986275572657585,0.004482634439924731
1789063922490191600,29.633191650390625,0.888100931879878,-0.16777064182162285,0.10265718659916892
1789063922500228600,29.643228515625,-0.33565818802118297,0.22944763805568216,-0.3430603905690834
1789063922510265600,29.653265625,-1.2199766787528992,0.36399756279885764,-0.5412395415926352
1789063922520303600,29.6633037109375,-1.414825297114253,0.3387532314270735,-0.37445440367702393
1789063922530340600,29.673340576171874,0.3671072192519903,-0.6713385878741741,0.18473222495131195
1789063922540378600,29.683378662109376,-0.4846685997933149,-0.48326457821428775,0.4265959116615355
1789063922550416000,29.693415771484375,-1.148103282675147,0.20619944893717765,0.19681732461843637
1789063922560453600,29.70345361328125,-1.155188272500038,0.2142792950183153,0.1992441316402517
1789063922570490600,29.71349072265625,0.9571107552200555,-0.2416980478197336,0.01988495519652497
1789063922580527900,29.72352783203125,1.3182605273723602,0.318285612937808,0.4649013846583664
1789063922590565600,29.733565673828124,2.4004367551535366,0.29473113434910775,1.0217162061214446
1789063922600603100,29.74360302734375,2.3336545447349546,0.7370569684535264,1.1480074941504745
1789063922610641000,29.753640869140625,1.5462380928754806,1.7102321387678383,0.6497041175626218
1789063922620678000,29.763677978515624,1.4129671020269392,1.889206311649084,0.27296896427096795
1789063922630716200,29.773716064453126,0.7079360879093408,1.9715408959865568,0.005996048377291299
1789063922640753200,29.783753173828124,1.0344161132186651,1.5009090048521756,0.012327651135169435
1789063922650790000,29.793789794921874,1.0542904419898986,1.4781038833260536,0.010559744130214675
1789063922660828200,29.803828125,-0.23829496137797831,-0.09013970513045787,0.08177777243861928
1789063922670865200,29.813865234375,-0.2969102319538593,-1.1129472136199474,0.3809331712370738
1789063922680903000,29.82390283203125,-1.2896101869493721,-1.6704928335756062,0.5603655727472155
1789063922690940200,29.833940185546876,-2.510846510374546,-1.7664684052526949,0.594138041956909
1789063922700978000,29.84397802734375,-2.2773148178756237,-2.4480448940247297,0.19895641900636254
1789063922711015000,29.854014892578125,-1.3283388537943361,-2.837119614934921,0.4109839530425146
1789063922721053200,29.86405322265625,-1.7505588884592056,-2.233639342278242,0.7165958527702838
1789063922731090200,29.874090087890625,-2.0330425356537103,-1.5719231537520884,0.9421629961308091
1789063922741127000,29.884126953125,-2.8251217186272144,-0.899516644385457,0.8512023300062864
1789063922751165200,29.894165283203126,-1.146441486942768,-0.5361883591502905,0.5420775633193552
1789063922761202200,29.9042021484375,2.1024001495182514,-0.675760495969653,0.2866346659267321
1789063922771240000,29.914239990234375,3.828075941133499,-0.723241793590784,0.5857188809188082
1789063922781277000,29.92427685546875,3.8151252741456028,-0.7084118887275457,0.5873270833004266
1789063922791315200,29.934315185546875,1.9345394913256166,1.2466682863235472,1.196967778282985
1789063922801352000,29.94435205078125,4.270059829932451,1.3021739004462956,1.3008354914493858
1789063922811389000,29.954388916015624,2.917427077358961,1.6185668315052986,0.9386050844535231
1789063922821427200,29.96442724609375,0.31437106984257696,2.248941540828347,0.42363150889798995
1789063922831464000,29.9744638671875,-1.2052964114934206,2.475880995455384,-0.5317527147904038
1789063922841502000,29.984501953125,-1.5321861866474151,1.77022629648149,-1.081229229254648
1789063922851539200,29.994539306640625,-0.28182079937160015,0.2685872237890959,-1.0185361147806047
1789063922861577000,30.004576904296876,0.6049789867818355,-0.6626409021556378,-0.3414755325304344
1789063922871614000,30.014614013671874,-0.43759646749496456,-1.096533838957548,0.9463123708952218
1789063922881651200,30.024651123046876,-2.154760451352596,-0.9433078553169966,1.6795234045103191
1789063922891689000,30.03468896484375,-2.1552426819115875,-0.9426637121945619,1.6854589320391415
1789063922901726000,30.044725830078125,-0.2036263835787773,-1.5022446373701095,0.803709780338779
1789063922911764200,30.05476416015625,-1.8643027565389871,-0.4082733423769474,0.21861052915565668
1789063922921801200,30.06480126953125,-3.259637171241641,0.5949000758379698,0.005828441292000934
1789063922931839000,30.0748388671875,-1.6058879671961068,0.25787702920436856,-0.17066278306655586
1789063922941876000,30.0848759765625,0.8313900336205959,0.21169337017834186,-0.5459713558875025
1789063922951913200,30.094913330078125,1.5799667594760656,-0.01602642117142677,-0.31295258134678006
1789063922961951000,30.104950927734375,-1.0338526341170071,0.8617530231803655,-0.11521647051614708
1789063922971988000,30.114988037109374,0.7868038729190826,0.987830303132534,0.004494735869672149
1789063922982026000,30.12502587890625,4.319985598096252,-0.530812511330843,0.7976614400852471
1789063922992063000,30.13506298828125,3.4048400074243546,-0.06456102723777293,1.3977046509653328
1789063923002101000,30.14510107421875,2.2361820124983787,0.4440139333218336,1.175465409918502
1789063923012138200,30.15513818359375,-1.1625748756200074,1.399489196294546,0.37944713393039997
1789063923022175000,30.165175048828125,-3.7194647597670554,2.047890560695529,-1.0475428674258291
1789063923032213000,30.175212890625,-3.7120997839570045,2.039622498565912,-1.0435618349656461
1789063923042250200,30.185250244140626,0.6824170312494039,-0.5998766952067613,-1.528712811448425
1789063923052288000,30.1952880859375,-1.1625883196234703,-0.22295184629559517,-1.134680541196093
1789063923062325000,30.205324951171875,-2.347704697397351,-0.4634644837230444,-0.040284362721210346
1789063923072363300,30.21536328125,-0.9830337165057659,-1.123384436482191,0.1666432269605808
1789063923082400000,30.22539990234375,1.0091045618295669,-1.0101081859141587,-0.049177287884056564
1789063923092437000,30.23543701171875,0.9582014730662107,-0.7849228814780712,0.05752581310505047
1789063923102475300,30.245475341796876,-0.04214344372451305,-0.0693207889854908,0.20188165880329906
1789063923112512000,30.255511962890626,-1.0312433284014464,0.9745482122331857,-0.26150891943331805
1789063923122550000,30.265550048828125,-0.4048316774904728,1.4711299526602029,-0.9840679549243301
1789063923132587000,30.2755869140625,1.4696867681145667,1.119462294602394,-1.2771304984740912
1789063923142625000,30.285625,2.781070395454764,0.6217021580457687,-1.1607397691473365
1789063923152662000,30.295662109375,1.1992255671471357,1.247331134146452,-0.4306288204394281
1789063923162699000,30.305698974609374,-0.40584406940340995,1.10385965180099,0.7353994105048477
1789063923172737000,30.315737060546876,0.09239479058086872,0.17556816383004187,1.0745399607490747
1789063923182774000,30.32577392578125,0.43675066432058807,-0.5354138676464557,0.5655894083427265
1789063923192812000,30.33581201171875,-1.0624223105192183,-0.42789632673561573,0.04633890438666567
1789063923202849000,30.34584912109375,-1.6331687728315591,-0.8463771748721599,-0.40538521972000596
1789063923212887000,30.355886962890626,-2.701134688952565,-0.8125982393890618,-0.5764722195480019
1789063923222924000,30.365924072265624,-1.9406828163862226,-1.146898583060503,-0.2927680358489044
1789063923232961000,30.3759609375,-0.7150806989669799,-1.1327134058415889,-0.025000375681230796
1789063923242999000,30.3859990234375,0.34635260051488875,-1.1235621311366557,0.5610174607846885
1789063923253036000,30.3960361328125,-0.48122050516605375,-0.5177718279719352,0.9111826783902942
1789063923263074000,30.406073974609374,-1.8218986160516737,0.8645651579916477,0.5646313039002939
1789063923273111000,30.416111083984376,0.4797703063577413,0.31481296839118,0.4218051702536642
1789063923283149000,30.426149169921874,0.4715905070334673,0.32415713531970974,0.4221228579007089
1789063923293186000,30.43618603515625,2.7049498633265494,0.11685410905480384,0.012248327404819428
1789063923303223000,30.44622314453125,1.0012748911172151,0.7685545150011778,-0.3681763097882271
1789063923313261000,30.456260986328125,1.6639812597244976,0.8225462174296378,-0.7527374987967312
1789063923323298000,30.466298095703124,3.3925451739966865,0.029035540348291394,-0.4743609946601093
1789063923333336000,30.476336181640626,2.405182488375902,0.25401275499165055,0.03426089204745367
1789063923343373000,30.486373046875,0.021381226202845573,1.2013111412495374,0.36593894265759735
1789063923353411000,30.4964111328125,-0.8724959509909153,0.7919605250298977,0.6667343820143491
1789063923363448000,30.506447998046873,-0.9292793299645185,0.35318507688343526,0.25513719244431704
1789063923373486000,30.516486083984375,0.34291970345675943,-0.22586101174056528,-0.3224612911872566
1789063923383523000,30.526523193359374,-0.5445628042638302,-1.0730822362214327,-0.542904734858498
1789063923393559800,30.536559814453124,-2.758556365829706,-0.49050095920860765,-0.5053143513284624
1789063923403598000,30.54659814453125,-2.909157261663675,-1.07963297303915,-0.16829868428371847
1789063923413635000,30.556635009765625,0.0532125347495079,-2.2326818954229353,0.2091971694484353
1789063923423673000,30.566673095703123,2.3126824838548896,-2.6409482235372064,0.6842214503228664
1789063923433710000,30.5767099609375,0.17969021219611167,-1.4448030867487192,1.1535093064371496
1789063923443748000,30.586748046875,-1.836034693431854,-0.17840835569202898,1.177593727184087
1789063923453784800,30.596784912109374,-1.3221452598512171,0.5642454098552465,0.5524701067896559
1789063923463822000,30.606822021484376,-0.1351163264542818,0.6009323417395352,0.37827545980252325
1789063923473860000,30.616860107421875,0.4206330577343702,0.9992091907590627,0.5279972347144037
1789063923483897000,30.62689697265625,1.1149404332637787,1.0957248606622219,0.5709960531592368
1789063923493935000,30.63693505859375,-0.27982874877154823,1.0112029954135417,0.7271545100551098
1789063923503972000,30.64697216796875,0.5053945769578219,0.7750251723200082,0.6220960527341812
1789063923514009900,30.657009765625,1.8937036230683326,-0.5589169083088636,0.9798642926894128
1789063923524047000,30.667047119140626,1.794083557409048,-0.6343617331326008,1.4392691257581114
1789063923534084000,30.677083984375,1.8001327744454145,-0.6410545087695121,1.445252876342833
1789063923544121900,30.687121826171875,-0.711304103037715,-0.3955015390872955,1.9832225659519434
1789063923554159000,30.6971591796875,-1.000491631785035,-0.0007312368839979171,1.478353912564367
1789063923564197000,30.707197021484376,-0.42964112457633014,-0.30309798067808147,0.5896565491613001
1789063923574234000,30.717234130859374,-0.5308160184621811,0.12743746238946915,-0.17650796543080358
1789063923584272100,30.727272216796877,-0.8333879294395447,0.6310790582001209,-0.516747270697169
1789063923594309000,30.73730908203125,0.30486849748194217,0.2594265967339277,-0.6458023608837277
1789063923604345900,30.747345947265625,0.6900643311321735,0.4376613494247198,-0.4330777844941243
1789063923614383600,30.757383544921876,0.8504039461702108,0.43892508575022215,-0.18440306606218218
1789063923624420600,30.767420654296874,0.6658323916733264,0.4592845676898956,-0.12358802041970193
1789063923634459000,30.777458984375,0.21741993113160132,0.6115227093368768,-0.20146085784165188
1789063923644495600,30.78749560546875,-0.3218026811480522,0.4707254146367311,-0.43840102534350006
1789063923654534000,30.797533935546873,1.0950094058692454,-0.11890285827815532,-0.7279992172509432
1789063923664571000,30.80757080078125,0.9554244095683098,-0.5254723193466663,-0.6855696500614286
1789063923674607900,30.81760791015625,-0.8625029647648333,-0.12732348062098026,-0.28068342937212437
1789063923684645600,30.827645751953124,-1.799941635787487,-0.26085809084177014,0.07502548516681418
1789063923694683000,30.837682861328126,-1.2446908487707375,-0.3939841202616691,-0.3973386183213442
1789063923704720600,30.847720703125,-0.507632126751542,-0.8597516202300787,-0.8995562457434833
1789063923714757600,30.857757568359375,-0.8872446073114871,-0.6568786853671074,-1.3431190742969512
1789063923724795000,30.867794921875,-0.23557518102526664,-0.3706932610452175,-1.814085311952233
1789063923734832600,30.87783251953125,0.400446594274044,-0.6329740781664848,-1.4460595165506005
1789063923744869600,30.88786962890625,0.5627209767669439,-0.27833587986528874,-0.501674862314947
1789063923754908000,30.897907958984376,0.614991262230277,0.27125381264984605,0.13676296115014702
1789063923764945000,30.90794482421875,1.5742396140009165,0.24557108986079693,0.39798480727039276
1789063923774982700,30.917982666015625,1.2256816123962402,0.6891770269036293,-0.01830852249292657
1789063923785020000,30.92802001953125,-0.3731611124634743,1.551765331864357,-0.4642814626617357
1789063923795057700,30.9380576171875,0.538152937221527,1.1100269422590732,-0.259317528602574
1789063923805094700,30.9480947265625,1.7372504940748215,0.2288666232973337,-0.29939059579381716
1789063923815131600,30.958131591796874,0.6267378141254186,0.64383741748631,-0.33866518781743943
1789063923825170000,30.968169921875,-0.5590870041787624,0.367009019574523,0.0029554705384187397
1789063923835206700,30.97820654296875,-0.8772446068227291,0.2634703191667795,-0.17178946727523578
1789063923845244700,30.98824462890625,-0.1661164448738098,-0.06715688894987105,-0.014532036161515861
1789063923855282000,30.998281982421876,0.5125514629751443,-0.69689680750072,0.6105184276651591
1789063923865318700,31.008318603515626,-0.8166179964244366,-0.22963702314794063,0.9852389714650809
1789063923875356700,31.018356689453125,-1.248873102891445,0.15769289992153643,0.8822308708027005
1789063923885394000,31.028393798828127,-0.7383797414898872,-0.23698680138885975,0.4877086981415748
1789063923895431700,31.038431640625,-1.9296511347621679,0.4634451945006847,0.09227089020656422
1789063923905468700,31.04846875,0.3552291499316692,-0.20178397058248518,0.42685003255307674
1789063923915507000,31.0585068359375,1.1547048728972673,-0.9635913494110107,0.8035811124578118
1789063923925543700,31.068543701171876,-0.07267769819796085,-0.3419458899885416,0.7470416252426803
1789063923935580700,31.07858056640625,-1.0437012434363364,-0.33959318938255306,0.32499091926272955
1789063923945619000,31.088618896484373,0.3461351583719253,-0.7333616210669278,-0.4318634768009186
1789063923955656000,31.098656005859375,1.4191665411889551,-1.1229711795061825,-0.5282099641496315
1789063923965693700,31.108693603515626,1.3327081549197435,-0.9208996241539716,-0.22743995149508117
1789063923975730700,31.118730712890624,0.4197264642834663,-0.671079644677043,-0.09847401916300877
1789063923985768700,31.128768798828126,-0.3228869692534208,-0.06974573639929295,-0.22582385806795208
1789063923995805700,31.1388056640625,-0.4209130437195301,-0.005063128608465194,-0.20561481744963675
1789063924005842700,31.1488427734375,0.6955605904608965,-0.40340076790452,-0.23457345663681625
1789063924015880700,31.158880615234374,0.557538021171093,-0.377320570230484,-0.2835513129586354
1789063924025917700,31.168917724609376,-0.010825345396995544,-0.19455811098217962,0.08470628190487622
1789063924035955700,31.178955810546874,-0.29231647442281244,-0.41642391560673714,0.2637201657420024
1789063924045993000,31.188992919921876,0.5384890373080968,-0.22522622096836564,0.3489261042647063
1789063924056030700,31.19903076171875,1.0976888542115688,-0.7455500715106725,0.31647929416820403
1789063924066067700,31.209067626953125,-0.0436836589038372,0.2619207516372204,-0.4446662597507238
1789063924076104700,31.219104736328124,-0.5283651181787252,0.7977443691283463,-0.7753838495645672
1789063924086142700,31.229142822265626,-0.0816074391067028,0.5350643235564232,-0.4805845453500747
1789063924096179700,31.2391796875,1.9619021300256252,0.5596668498933315,-0.24936122112507
1789063924106218000,31.249218017578126,2.4174615397125483,0.33412557162642476,0.08753080127369611
1789063924116254700,31.259254638671877,1.3128659748524427,1.2109282799005507,-0.5153212930146605
1789063924126292700,31.269292724609375,0.17125205419659614,1.7068156083226202,-1.1332485356315969
1789063924136329700,31.279329833984374,0.24729367586970327,1.4880074377030132,-1.4033660377278923
1789063924146366700,31.28936669921875,0.6050450377553701,0.8391372867465019,-1.2089368868876247
1789063924156404700,31.29940478515625,0.039383915883302686,0.5232353540748358,-0.838991083208844
1789063924166441700,31.309441650390625,-1.7354735475301741,0.025330840611457822,-0.5894337001908571
1789063924176479700,31.319479736328127,-2.2669021449327467,-0.5235153400599957,-0.8047020793117582
1789063924186516700,31.329516845703125,-1.9659166263639927,-1.2809236071467398,-1.3003116137057542
1789063924196554800,31.3395546875,-2.185347312796116,-1.775990851357579,-1.1550281865675
1789063924206591700,31.349591796875,-2.06696760160923,-2.214686804527044,-0.990258772388473
1789063924216628700,31.359628662109376,-0.9725555771112442,-2.387360415959358,-1.0288229693867266
1789063924226666800,31.369666748046875,-0.984641151702404,-2.3734727603822945,-1.0497839243508875
1789063924236704000,31.3797041015625,-1.4496891052246093,-0.831052179968357,-0.8866788631875068
1789063924246741800,31.38974169921875,-0.5018371767371893,-0.21318273195326326,-1.1089806480765343
1789063924256778800,31.39977880859375,0.1291343294352293,0.7214853053122758,-1.835992023333907
1789063924266815700,31.409815673828124,-0.31688159135878086,1.6960633281618356,-2.0962153234034777
1789063924276853800,31.419853759765626,1.4670523279577492,1.5506325284421443,-2.123297245465964
1789063924286890800,31.429890869140625,3.568575110119581,1.303663262221217,-1.9638330980882048
1789063924296928800,31.4399287109375,3.9034377638489004,1.2886433877438306,-1.2975349885992704
1789063924306965800,31.4499658203125,1.5252747998237608,1.3046388292551039,-0.40553149632290003
1789063924317003800,31.460003662109376,0.6489239269703626,1.1777747828394174,-0.40821773973219094
1789063924327040800,31.470040771484374,0.7157815407127142,0.6194242762416601,-0.578543728592433
1789063924337077800,31.480077880859376,-0.23104338281452655,0.3395066801428795,-0.6716659201323986
1789063924347115800,31.49011572265625,-1.2467980501830578,0.3163029146879911,-0.7534981079056858
1789063924357152800,31.50015283203125,-1.281190149128437,-0.3179413295447826,-0.8236258293598889
1789063924367190800,31.510190673828124,-0.8867863421499729,-0.6397708986997604,-0.6868978299252688
1789063924377227800,31.520227783203126,-1.6676900511145591,-0.6061047759413719,-0.77067421056889
1789063924387265800,31.530265869140624,-0.5881675527125597,-1.0944605398148297,-0.25312139564249664
1789063924397302800,31.540302734375,-1.3386065653085708,-0.9414332936167716,0.056185851471871134
1789063924407339800,31.55033984375,-1.4770014750421046,-0.2554319741398096,-0.14909980708863585
1789063924417377800,31.560377685546875,-0.4662134901702404,-0.3972223715305328,-0.12661726858038455
1789063924427414500,31.57041455078125,1.087787053400278,-0.3947100964486599,0.106875334017165
1789063924437452800,31.580452880859376,1.1465303342700004,-0.10271043289005756,0.7772728781815618
1789063924447489800,31.59048974609375,-0.1736719748198986,0.6909259163975715,1.5305837198868393
1789063924457527800,31.60052783203125,0.7307862176209687,0.5708703809529543,1.8720529322743416
1789063924467564800,31.610564697265627,1.22169049693346,0.19489011941552162,1.2722737060926854
1789063924477601800,31.620601806640625,-0.5245826770305633,0.9916332025468348,0.40980785846784706
1789063924487639600,31.6306396484375,-0.17776596613526344,0.5779787516534328,-0.1396576596783474
1789063924497676800,31.6406767578125,2.167691244596243,-0.4886076928079128,-0.61057625879962
1789063924507714800,31.65071484375,1.4215332703202963,-0.6529372542649508,0.13127382568195461
1789063924517751800,31.660751708984375,-1.5905810924708843,0.058548050558567044,1.0232955842673779
1789063924527789800,31.670789794921873,-0.8276005782097577,-0.3926104938209057,0.9808611947722733
1789063924537826800,31.680826904296875,-0.437090271538496,-0.6176011524677276,0.32545049959849565
1789063924547863800,31.69086376953125,0.18888883317410946,-0.708579061987996,-0.2867832075519487
1789063924557901800,31.70090185546875,0.5852320837825536,-0.8428180210858583,-0.41351851302143183
1789063924567938800,31.710938720703126,-0.07617489266395569,-0.5230851319491863,-0.22042963434159754
1789063924577976600,31.7209765625,-1.0407616828531026,0.18214228152334688,-0.1614462976383045
1789063924588013600,31.731013671875,0.6011638124078512,-0.01906067430078983,-0.34637766189090907
1789063924598050300,31.74105029296875,1.794454728808999,-0.20942425620257854,-0.7993148333154618
1789063924608088300,31.75108837890625,1.3011124086946249,0.5280915619343519,-1.0879278501104563
1789063924618125300,31.761125244140626,0.3522755608230829,0.9046405632704496,-0.9851958629757165
1789063924628163300,31.771163330078124,0.8391887246727943,0.5927081187516451,-0.6080275241648778
1789063924638200300,31.781200439453126,0.6983335623055696,0.40511049443185326,-0.4251198842922225
1789063924648238000,31.791238037109373,0.7050193236798048,0.3971662574291229,-0.42188488442637023
1789063924658275300,31.801275390625,0.08008417506217956,0.05264730208218097,-1.0995765676543117
1789063924668312300,31.811312255859374,-0.14968378098905086,-0.2950678189575672,-0.8263868185058235
1789063924678350300,31.821350341796876,0.5637544114679098,-1.1386170769274233,-0.2789090401107445
1789063924688387000,31.831386962890626,-1.0980588565677403,-0.8375175765901803,0.20665694691371173
1789063924698425300,31.84142529296875,-1.9686153639286756,-0.6571557487428188,0.4643409742966294
1789063924708462300,31.85146240234375,-0.4948211604952812,-1.3932605310380457,0.19547135336957872
1789063924718499000,31.8614990234375,-0.707611093738675,-0.9258762435227632,-0.24810893777534365
1789063924728537300,31.871537353515624,-1.031661846074462,-0.3353828782111406,-0.3032315073972568
1789063924738574300,31.88157421875,-0.24697277335226533,-0.4819499884843826,0.14574388425685464
1789063924748612000,31.891612060546876,-0.4123112195909023,0.17622458191215992,0.24756493055913595
1789063924758649300,31.9016494140625,1.2632418199837208,0.21228315276503562,0.4501437047811225
1789063924768687400,31.911687255859373,1.153778405702114,0.035189386802911754,0.6106978393526747
1789063924778724000,31.92172412109375,0.301605111771822,1.0334235950499773,0.24245361542738972
1789063924788761300,31.93176123046875,0.0503805261939764,0.8649035961657762,0.6233000947616995
1789063924798799400,31.94179931640625,1.5048089349001645,0.1815320406705141,0.9396078317552804
1789063924808836000,31.951836181640626,2.200082525113225,-0.05772738182544708,1.2507806900784373
1789063924818874400,31.961874267578125,0.2020972743153572,0.31072073064148426,1.2397826184630394
1789063924828911400,31.971911376953123,-0.3812205002784729,0.6162754568219184,0.5070221781596541
1789063924838949000,31.98194921875,-0.3098948012113571,0.16583645888864992,0.04671002098768949
1789063924848986000,31.991986083984376,-1.1755261271297932,0.45212885071635245,-0.1555742637997493
1789063924859023400,32.0020234375,0.12364040819406509,0.12165361829102038,0.14634831642340868
1789063924869061000,32.01206103515625,1.0742220539063214,-0.7930068192124367,1.0357883514199406
1789063924879098000,32.02209814453125,-0.2681675370723009,-0.043808162066340445,1.18070009570159
1789063924889136400,32.03213647460937,-0.40434067910313604,0.2403518939077854,0.8276510662879795
1789063924899173400,32.04217333984375,0.14658172332048416,-0.019032617250084875,0.3732666551971808
1789063924909210000,32.052210205078126,1.0367150378108023,0.13927636874318122,0.006415986255835742
1789063924919248400,32.06224829101563,-0.42259237510859965,0.6409288365632295,0.25485072191944347
1789063924929285400,32.072285400390626,-1.5565625030130148,1.2086492290526627,0.5426997138056904
1789063924939323100,32.0823232421875,-0.36369361141622064,0.5825584806591272,0.4015143331034109
1789063924949360400,32.0923603515625,0.1478828690469265,0.23288579581081867,-0.14318654619054869
1789063924959398100,32.10239819335938,-1.4756407080829144,0.3598866203486919,-0.3075752356899902
1789063924969435100,32.11243505859375,-1.3503916956484316,-0.2556201901882887,-0.27657805814621966
1789063924979472100,32.12247216796875,-0.4412649268746376,-0.9640829323202371,-0.2443535124982707
1789063924989510400,32.13251049804688,-0.6475964777588844,-1.1328028376907109,-0.36660274032857265
1789063924999547100,32.14254711914062,-0.0785574038863182,-1.0976257258474826,-0.44599524333216245
1789063925009585200,32.152585205078125,-1.0853893446087837,-0.8680319573193788,-0.48935518670696765
1789063925019622400,32.162622314453124,-0.42072248958349223,-0.1993774939626455,-0.5262900654703379
1789063925029659400,32.17265942382812,-0.33058453801870347,-0.19165011458098888,-0.43698144086915996
1789063925039697200,32.182697265625,-0.6068383509129286,0.5755769512087107,-0.6028579760398716
1789063925049734400,32.192734375,0.045406829434633256,0.7348743637174368,-0.4030445383453741
1789063925059772200,32.20277221679687,1.5350643724322317,0.28579847083091736,-0.04638573006992228
1789063925069809200,32.21280908203125,2.4686942988216876,0.13261223467886446,0.34163536273464556
1789063925079847400,32.222847412109374,1.770285917714238,0.36999066573381423,0.32422453800011425
1789063925089884200,32.23288427734375,1.005348424166441,0.5572258864820003,0.13922467508856207
1789063925099921200,32.242921142578126,-0.23093875339627265,0.8067202872663736,-0.2672052861777134
1789063925109959400,32.25295947265625,-0.3290671191930771,0.987028339099884,-0.3811233965795487
1789063925119996400,32.26299633789063,1.0884440560042858,0.0342290173381567,-0.18540186784118412
1789063925130034200,32.2730341796875,0.38988369920551774,0.2950900307893753,-0.1862941770384088
1789063925140071200,32.2830712890625,-0.9113543816953897,0.7655974187612533,-0.040452746124635446
1789063925150109200,32.29310913085938,-0.9079816903918981,0.7617489266395568,-0.034880403052130714
1789063925160146200,32.303146240234376,-0.4327811761677265,0.018694179075956344,0.24642609925493597
1789063925170183200,32.31318310546875,-0.8208084338515996,0.07582768666148185,0.5208558750597759
1789063925180221400,32.32322143554688,-0.1814934622257948,-0.34984628784954547,0.5692432546751574
1789063925190258200,32.333258056640624,0.15579261925816534,-0.3572562718451023,0.5485011300934478
1789063925200296200,32.343296142578126,0.24167875859737395,-0.31911914115250106,0.6284975172743201
1789063925210333400,32.35333349609375,-0.4308008160054683,-0.0830582224369049,0.7261879300452768
1789063925220370200,32.3633701171875,-0.6510001487225294,0.08239888174533844,1.1602454828243702
1789063925230408200,32.373408203125,-0.6501046611875295,0.08145780150294303,1.1679886442970484
1789063925240445400,32.38344555664062,0.036544308543205256,-0.10044541056752204,0.7313779729690403
1789063925250483200,32.393483154296874,0.6813754132419825,-0.8165823405891657,0.6012059345165267
1789063925260520200,32.40352026367187,0.7816980742126702,-0.8013274883121252,0.17106511678975075
1789063925270558500,32.413558349609374,1.5645546708106994,-0.6486240672409535,-0.11170904691708274
1789063925280595200,32.42359521484375,1.967090930840373,-1.0699176347106694,0.23579550924506038
1789063925290632200,32.43363208007813,1.318117319509387,-0.7001280445069075,0.5453687138192356
1789063925300670200,32.44367016601562,0.013538696008920669,-0.043893502262234686,0.3455976904943585
1789063925310707500,32.45370751953125,-0.3831330559015274,0.13400456582009793,-0.010081568691832944
1789063925320745200,32.4637451171875,-0.14295125786364077,-0.07182137362957,-0.3103442985445261
1789063925330782200,32.4737822265625,0.10681669916510582,-0.15970014809072017,-0.25026326626501977
1789063925340819500,32.4838193359375,-0.3130067957520485,-0.11485855132341384,0.04127601324021816
1789063925350857200,32.49385717773438,-0.44642508611679077,-0.11057692848145961,-0.005593819685373455
1789063925360894200,32.503894287109375,-0.5125678295880556,0.11233107867240905,-0.12400763407126068
1789063925370932200,32.51393212890625,1.3074772675514221,-0.44452246736586093,0.00808243989702314
1789063925380969200,32.52396923828125,0.8509674252718686,-0.11218144106864929,0.03167736009396612
1789063925391007200,32.53400732421875,0.020647066709399222,0.9365876071512699,-0.1575352616744116
1789063925401044500,32.54404443359375,-0.6405494818568229,0.7846703680217265,0.09201567333647981
1789063925411081200,32.55408129882812,-0.21202128695845604,1.1164064141631125,-0.575682092083618
1789063925421119200,32.564119140625,0.2288981874793768,0.8256330775290727,-1.0587800084941088
1789063925431156200,32.57415625,-0.8959598286867141,0.9978443321466446,-1.0626473514467478
1789063925441194200,32.5841943359375,0.8511112176567316,0.24130057293474672,-0.7845340282909572
1789063925451231200,32.59423120117187,2.0686708983957764,-1.07534375141263,0.07131852040765807
1789063925461268200,32.60426831054688,-0.12417641476690769,-0.36664018626213074,0.41472281077727674
1789063925471306200,32.61430615234375,-0.8946949233174324,-0.5740192003726959,0.3897293123614043
1789063925481343200,32.62434326171875,-2.1509885315984487,-0.5061147079259157,-0.08117630854728632
1789063925491381200,32.63438134765625,-1.9684154574424026,-0.2590057409733534,-0.7108717029698193
1789063925501418200,32.64441821289063,0.019405542215704917,-0.8638391818046569,-0.876555601645261
1789063925511455200,32.654455322265626,0.7880524116754531,-1.094075924411416,-0.6808821498323232
1789063925521493200,32.6644931640625,-1.162825635510683,-0.18797113380730152,-0.5589177850916981
1789063925531530200,32.6745302734375,-1.166350302505493,-0.18406535854041575,-0.5644408958947286
1789063925541568300,32.684568359375,-0.3285048091351986,0.06798866359889506,-0.4857845616785809
1789063925551605200,32.694605224609376,1.4745897377252577,-0.6169833128303289,-0.3654944502931088
1789063925561643300,32.70464331054688,1.4721394219636916,-0.6142980192691088,-0.37300676215197887
1789063925571680300,32.71468017578125,0.3643178807944059,0.4672404951304197,-0.5989413140527904
1789063925581717200,32.72471728515625,0.846397633138299,0.33335166464447974,-0.5446481809923425
1789063925591755300,32.73475537109375,0.9013158027619123,0.5294003064453602,-0.1914240142075345
1789063925601792800,32.744792724609376,0.3716121294558048,0.8138415174484253,-0.17780129317697135
1789063925611831000,32.7548310546875,0.6094798053324222,0.9200199187099933,-0.5794742143755778
1789063925621867800,32.76486767578125,-0.1907470282614231,1.0888730950713157,-0.7645547778405248
1789063925631904800,32.77490478515625,0.3940513402789831,0.8699000892788171,-0.8955596503879875
1789063925641943000,32.78494311523438,1.2270786197125911,0.19036942712068555,-0.7706883852247148
1789063925651980000,32.79497998046875,-0.7240577861487865,0.7104220595061779,-0.3614168255906552
1789063925662017800,32.805017822265626,-0.7767500964164733,0.6412380486428737,-0.19917839119397102
1789063925672054800,32.8150546875,1.6324515644729136,-0.45959436429142947,-0.08181712720147334
1789063925682092800,32.8250927734375,0.8337012331724166,-0.1825163755327463,0.14177055104593744
1789063925692129800,32.8351298828125,-2.1007015289068223,0.8666355345249176,0.22137937281448392
1789063925702166800,32.84516674804688,-1.7659306451141834,0.5753606781095266,0.24123410183610394
1789063925712205000,32.855205078125,-1.1698375600993633,-0.040003509086370466,-0.3477768976969644
1789063925722241800,32.86524169921875,-1.0984183375298977,-0.036976270219683645,-0.9156714411769061
1789063925732279800,32.87527978515625,-0.8212316276997327,-0.4710702825516462,-0.8582013220481574
1789063925742317000,32.88531713867187,-0.34437925461530683,-1.0870493867754936,-0.2696535013137385
1789063925752353800,32.89535375976563,-0.8381190496146679,-0.8609937292456626,0.4212208675596863
1789063925762391800,32.90539184570312,0.24364742832183836,-0.7779086188018322,0.6409435226757079
1789063925772429000,32.91542895507813,0.7253571783095598,-0.9954705887526273,0.7600183765199034
1789063925782466800,32.925466796875,0.7175216623783112,-0.9865127907931804,0.7565634137604386
1789063925792503800,32.93550390625,-0.33190964914262294,0.4441536340534687,0.7982176857285201
1789063925802540800,32.945540771484374,0.012767711636424064,0.2709206351727247,0.7207777415648102
1789063925812578800,32.95557885742188,0.7534861252069472,0.5853221001535653,0.40361031900197264
1789063925822615800,32.96561572265625,2.237699431324005,-0.23764497303664683,0.21799279911611227
1789063925832654000,32.97565405273438,1.7446090401440857,0.020957447832822797,0.35504802121110257
1789063925842691000,32.985691162109376,1.104119179520011,0.08585048350393772,0.6277555398005992
1789063925852728800,32.995728759765626,0.37383214359283445,0.12072832013964652,0.6879003580313175
1789063925862765800,33.005765869140625,0.09468494734466075,0.18096330087184906,0.8677919380184262
1789063925872803000,33.01580297851562,-0.6950777753800154,0.18202596166729926,0.9707390292085707
1789063925882840800,33.0258408203125,0.37258068222701546,-0.3461556166380644,0.9175083012152463
1789063925892877800,33.0358779296875,0.14354454758167265,-0.4462146582365036,0.8385799451246857
1789063925902915800,33.045915771484374,-0.1813958470702171,-0.3415951768547296,0.5920763967193663
1789063925912952800,33.05595288085937,-0.8592109374821185,-0.4674754729300737,0.5118154403181746
1789063925922989800,33.06598974609375,-0.9018447950720786,-0.15591069267988203,0.3176241898870095
1789063925933028000,33.07602807617187,0.46288931418359275,-0.7721428948819636,0.3566737957820296
1789063925943064800,33.08606494140625,0.681903821030259,-0.7005138289541005,0.38296080460716037
1789063925953102800,33.09610278320312,-0.14791443322896958,0.08135726373791693,0.26471425481326877
1789063925963139800,33.10613989257813,0.622191987389326,0.005405658435821533,0.5141325216215104
1789063925973176800,33.1161767578125,0.680589231300354,0.0641138679921627,0.6604251988675445
1789063925983214800,33.12621484375,0.1515606807768345,0.5744733738809824,0.9803864168673753
1789063925993251800,33.136251953125,0.11584580879509448,0.42113925369083877,0.8464894030749798
1789063926003289900,33.14628979492188,0.7743652471065521,0.19028408692479132,0.23772808474283663
1789063926013326800,33.156326904296876,1.1190595590204,-0.23543431124985217,-0.05630703016612679
1789063926023364900,33.16636474609375,0.07708323968052863,-0.3382084570258856,-0.06485758989839814
1789063926033401900,33.17640185546875,0.08376023322641848,-0.34573417635560033,-0.05865272564259357
1789063926043438800,33.18643896484375,-1.0671762270480394,-0.3642699499994516,0.19355850548557935
1789063926053476900,33.196476806640625,0.4498270035147667,-1.2250713715434074,0.3301243731610477
1789063926063514000,33.20651416015625,-1.7338953384280205,-0.15667700087726116,0.3178716983746737
1789063926073552000,33.2165517578125,-0.7073457208007574,-0.3283937499761581,0.43566655887831
1789063926083588900,33.2265888671875,0.9848954187244177,-1.232049393862486,0.1285746131932363
1789063926093625900,33.2366259765625,-0.644221448367834,0.2598983058989048,-0.2753636408551596
1789063926103663900,33.24666381835937,0.6754173816204071,0.23867314704060552,-0.04954818528937176
1789063926113700900,33.25670092773437,3.0001784258037802,-0.4135235179901123,0.3527844236606732
1789063926123739000,33.26673876953125,1.8252368205636738,0.8754559698402881,0.2446113231842406
1789063926133776000,33.27677587890625,0.6589531535536051,1.6327110921919346,0.2543929682145826
1789063926143812900,33.286812744140626,-0.5377133767604828,1.8967448904603719,0.0825453958102502
1789063926153851000,33.29685083007813,0.1100678099155426,1.5773369954943657,-0.312462167481333
1789063926163887900,33.30688793945313,-0.1311556061297655,1.183583176857233,-0.21996170630259437
1789063926173926000,33.31692578125,0.08285071716606617,0.2779612013339996,0.045126879982091486
1789063926183963000,33.326962890625,0.2961901009857654,-0.6911269919276237,0.23544883296554905
1789063926194000000,33.336999755859374,-1.6933727739036082,-0.523126633003354,-0.04601977370120585
1789063926204038000,33.347037841796876,-1.4023440012037753,-0.9841805484533309,-0.49328350259922443
1789063926214075000,33.357074951171874,-0.7701461681067943,-1.5442612398445605,-0.2920786836115643
1789063926224113000,33.36711279296875,-0.4717337148964405,-1.340351947671175,0.3014604243378155
1789063926234150000,33.37714990234375,-1.0565046109080314,-0.7791589111238718,0.5825172718659043
1789063926244187000,33.38718676757812,-1.693822855758667,-0.04932780227065086,0.48387357695810496
1789063926254225000,33.397224853515624,-1.3593307889074087,0.35858138296902176,-0.39428120351210233
1789063926264262000,33.40726196289062,-0.3721352765470743,0.9594149405092001,-1.1841793891847132
1789063926274300000,33.4172998046875,1.6689239768236874,0.4175906212985515,-1.1465788495868443
1789063926284337000,33.4273369140625,1.6662322535216807,0.42059564833343027,-1.1485974228676408
1789063926294375000,33.437375,-0.7345750885099173,1.3598995287060738,-0.5472787121590227
1789063926304412000,33.44741186523437,0.02060088948011398,0.7386147192895413,-0.10655466896174474
1789063926314449000,33.45744897460938,1.69139241374135,-0.34480478655099867,-0.05844334807507694
1789063926324487000,33.46748681640625,1.4498539403975008,-0.17121172218620775,-0.4109729567244649
1789063926334524000,33.47752392578125,0.27776830911040307,-0.17258944028019904,-0.4440058596132323
1789063926344562000,33.48756201171875,-2.053994722789526,0.033060558080673215,-0.20491424969853833
1789063926354599000,33.49759887695313,-2.742980026513338,-0.03140402304530143,0.014030151053983718
1789063926364636000,33.507635986328125,-1.0150327828347683,-0.4096042987197637,0.4332595342691988
1789063926374674000,33.517673828125,1.467860137209296,-1.6355594673603773,0.4100823645602911
1789063926384711000,33.5277109375,1.0479647460997104,-0.8505261112451553,0.1498926379667595
1789063926394749000,33.5377490234375,-0.34983752002120017,0.13148936812877654,-0.19100167887592687
1789063926404786000,33.547785888671875,-0.4225777620613575,0.39307226611375806,-0.20453178971959277
1789063926414823000,33.55782299804687,0.40839784553945063,0.9897025267452001,0.16890370097216217
1789063926424861000,33.56786083984375,2.488648707091808,0.5371516512244939,0.29628855639155954
1789063926434898000,33.57789794921875,2.1932015334278345,1.181106557610631,0.09256116012372076
1789063926444935700,33.587935791015624,0.8975035509973764,1.9014917927265167,-0.08410796895185485
1789063926454973000,33.59797290039062,1.4305582882970571,1.5017770198583602,-0.004936488287802785
1789063926465010000,33.60801000976563,1.159291616165638,1.1849667401701212,0.0994300777788274
1789063926475048000,33.6180478515625,0.6175993989020586,0.8271949200183153,0.5940154019579291
1789063926485084700,33.62808471679688,-1.7009686358600853,0.5604553699225187,0.5783058647159487
1789063926495123000,33.638123046875,-2.7195839533567425,0.4682879583567381,0.013222780193854122
1789063926505160000,33.64815991210938,-1.5575193653464317,-0.8717126916587352,-0.17137966263163834
1789063926515197000,33.658197021484376,-1.1779495548844336,-1.6316852562755346,-0.17102379839867352
1789063926525235000,33.66823486328125,-1.1516758804649114,-1.6308926445931196,-0.041200628182757645
1789063926535272000,33.67827197265625,-1.3987959533333778,-1.8945102632761,-0.1402351125064306
1789063926545309700,33.68830981445313,-1.3801830228000878,-1.4828519546359777,-0.12924577218675984
1789063926555347000,33.698346923828126,-1.1489251204520463,-1.06437753624022,0.18396964308097957
1789063926565384000,33.708384033203124,-1.166421029654145,-1.0445172359943389,0.18564367724042385
1789063926575421700,33.718421630859375,0.46175241910815235,-0.592900426453352,0.11969504983546211
1789063926585459000,33.728458984375,-1.2833026112377643,1.1679612448334693,-0.5487275227278471
1789063926595497000,33.7384970703125,1.9081097495615482,0.33276422014534474,-0.8644842017099261
1789063926605534000,33.748533935546874,3.655722647696733,-0.32093641970753667,-0.6916634368918836
1789063926615571000,33.75857104492187,3.5426802058845754,0.035392215898633,-0.43030002687647934
1789063926625609000,33.76860888671875,0.23062720322906968,0.8368658346831798,-0.20715558061823247
1789063926635646200,33.77864624023437,-0.7291337742388248,1.0685597903609274,0.01436275314236991
1789063926645684000,33.78868408203125,0.7995546334207058,-0.1979799021244049,-0.04112915211543441
1789063926655721000,33.79872094726562,0.32524668412208557,-0.06511924564242362,0.006498915298935025
1789063926665759000,33.808759033203124,-0.6362415555298327,-0.18401158252656458,0.07682632404370233
1789063926675796000,33.8187958984375,-1.3694301581174135,-0.21200725843310356,0.17061905352268367
1789063926685833000,33.8288330078125,-0.8857873942404985,-0.37946225843429565,-0.0533156389309559
1789063926695871200,33.83887133789062,0.06480360382199286,-0.4954939451903104,-0.29637174116298554
1789063926705908000,33.84890795898438,0.4348001147747039,-0.48878831007182594,-0.038713752403622494
1789063926715946000,33.85894604492187,-0.44067339072227474,0.2244704341650009,0.05304833889743313
1789063926725983000,33.86898291015625,-0.5146937357008456,0.7034329312711953,0.3210344732545316
1789063926736020000,33.87902001953125,0.7566185780137777,0.5098807824611663,0.3498336840962991
1789063926746058000,33.88905810546875,1.7387644057691096,0.27929508028626443,0.12621367448186502
1789063926756095000,33.899094970703125,0.01227905133664608,0.8779559699624776,0.15899486763188614
1789063926766133000,33.90913305664063,-0.521345594805479,0.9499392561554908,0.052877955333166755
1789063926776170000,33.919169921875,0.3305599880993366,0.08819149367213248,0.01240397005768027
1789063926786207000,33.92920703125,0.15853694953024386,-0.2027940244078636,-0.05596655073196161
1789063926796245000,33.939244873046874,-1.1594359930723905,-0.36295594479143617,0.04218191713795531
1789063926806282000,33.94928198242187,-1.6953326757997274,-0.3237403712123632,0.09003577896510251
1789063926816320000,33.959320068359375,-0.33871465298235415,-1.1133528718113899,0.1527912272187881
1789063926826357200,33.96935717773437,0.15925766502022742,-1.2896744843572376,0.3253172286076471
1789063926836394000,33.97939404296875,-0.20738135219812392,-1.0272428605884314,0.5772812343759461
1789063926846432000,33.98943188476562,-1.888773765450716,-0.16698270631432532,0.6284113733608275
1789063926856469000,33.99946899414063,-0.8945563916295767,0.16289456021785736,-0.32574688872918484
1789063926866507000,34.00950708007812,1.2229577403903007,-0.12389876686930655,-0.6592948065981269
1789063926876544000,34.0195439453125,1.1858429384827613,0.30298224534392354,-0.7451885447219013
1789063926886581000,34.0295810546875,0.20155016182661056,1.402553260040283,-0.6595556494913994
1789063926896619000,34.03961889648438,0.19590718750357627,1.4090163185745477,-0.6667198420323431
1789063926906656000,34.049656005859376,0.823265763875842,1.2051917820751665,-0.12634459825200028
1789063926916694000,34.05969409179688,1.0100397968530654,1.2632184391081331,0.01811092669474892
1789063926926731000,34.06973095703125,1.4509610248565672,0.6692249567210674,0.02569897067095153
1789063926936768000,34.07976806640625,0.7289508188873529,0.5429688130706548,-0.19858473614975808
1789063926946806000,34.089805908203125,-0.22830548228323458,0.2914256630629301,-0.08110014717169106
1789063926956843000,34.099843017578124,-1.103496079185605,-0.03151332863867283,-0.23777026165043932
1789063926966881000,34.109881103515626,-1.6878887895345687,0.029184593430161474,-0.682170655272901
1789063926976918000,34.11991796875,-0.26493396197855473,-0.8056710704743861,-0.8186720063447952
1789063926986955000,34.129955078125,-0.19676175850629804,-1.0202145693868399,-0.9710250796083361
1789063926996993000,34.13999291992187,-1.317322954261303,-0.42251930987238884,-0.2714357085553929
1789063927007030000,34.15003002929687,-1.5713555829972028,-0.5193424382895231,0.5524284596050157
1789063927017068000,34.160068115234374,-1.1922241639524698,-0.21217209360599518,0.4095217350028455
1789063927027105000,34.17010498046875,0.32307693886756894,-0.359252414098382,-0.011656919116619974
1789063927037142000,34.18014208984375,0.8802209922850132,-0.20066110403239726,-0.5562966428078711
1789063927047180000,34.19017993164063,0.7603314610570668,0.2645598679691553,-0.9493063650794327
1789063927057217000,34.20021704101563,0.4870142861366272,0.4321545687019825,-0.5169904318032786
1789063927067255000,34.21025512695312,-0.4831622868835926,0.7185586042106151,-0.01798231361270882
1789063927077292000,34.2202919921875,-0.49750002431571483,0.6552443621635436,0.23682835942413658
1789063927087329000,34.2303291015625,0.11640578076541423,0.41044834832847116,0.005142833648016676
1789063927097367000,34.240366943359376,1.34222592484951,-0.2552963650614023,-0.2809198319438845
1789063927107404000,34.250404052734375,0.21048282534480095,-0.10819558630287647,-0.3769215975081548
1789063927117441800,34.26044189453125,-0.5153337871700525,-0.1050391680985689,-0.36493115385454145
1789063927127479000,34.27047900390625,-0.6122609604835509,-0.38023674993813034,0.04036548339971341
1789063927137516000,34.28051611328125,-0.908418328243494,-0.33481063128113747,0.485658779874444
1789063927147554000,34.290553955078124,-0.9132634301871061,-0.3293091112554073,0.4862645272152498
1789063927157591000,34.30059106445312,0.9099754945576191,-0.7254507018119096,0.08038707613204606
1789063927167629000,34.310629150390625,-0.1573112071275711,0.17030103708207606,-0.2672422754535451
1789063927177666000,34.320666015625,0.034085809475183484,0.3768400932371616,-0.19976539730168877
1789063927187702800,34.33070288085938,1.3390548935979605,0.12281681685149669,0.28780071403142066
1789063927197741000,34.34074096679687,2.3920967968314883,0.12734043175578116,0.7982815447449684
1789063927207778000,34.35077807617188,1.837107291099429,0.427895742213726,0.6068342592597007
1789063927217816000,34.36081616210937,0.4171493072718382,1.2164549343675375,0.15697879683542995
1789063927227853000,34.37085302734375,0.7987666979134083,0.9283686448603868,-0.1794187200446613
1789063927237890000,34.38089013671875,0.8120768458634614,0.5456178662747144,-0.4210213263995945
1789063927247927800,34.390927734375,0.01201017126739025,0.63744040992558,-0.1503363266136497
1789063927257965000,34.400965087890626,-1.088568559166789,0.07656418424248695,-0.016839564185217024
1789063927268003000,34.41100317382813,-1.3700064967006444,-0.3594166647493839,-0.11743240213310345
1789063927278039800,34.421039794921874,-1.3337462657958268,-1.0756523789703845,-0.06380390699384733
1789063927288077000,34.4310771484375,-1.6296236475706098,-1.457504162889719,0.2993835084659047
1789063927298115000,34.441114990234375,-0.7458329801052809,-2.016584737327695,0.4478776960778981
1789063927308152000,34.451152099609374,-0.9640238956093787,-2.017649151688814,0.22101905160211024
1789063927318190000,34.461190185546876,-1.4349743511736393,-1.425337923300266,-0.012670343076018616
1789063927328227000,34.47122705078125,-2.0619284383982417,-0.8700508959263563,0.04538038895227946
1789063927338264000,34.48126416015625,-0.4290326372891664,-0.6111386784553527,0.10632200185018591
1789063927348302000,34.49130200195312,1.2435013467252254,-0.5617261205106974,0.14268601278988643
1789063927358339000,34.50133911132812,1.378136611664295,0.16851181557774542,0.08006910535721108
1789063927368377000,34.511377197265624,1.1162333956837653,0.8249211298674345,0.058158722447417675
1789063927378413800,34.52141381835938,1.9682827709734438,0.9003776451289653,-0.0007428725228644907
1789063927388451000,34.531451171875,2.362966563937068,0.9248866479635238,0.3969886358398944
1789063927398489000,34.54148901367188,1.2914976081311702,1.375620829451084,0.764449125508964
1789063927408525800,34.55152587890625,1.7358330284923313,1.1704939781814814,0.8414776393275707
1789063927418564000,34.56156420898437,1.0268670130133628,0.875873902991414,0.6261759424589574
1789063927428601000,34.57160107421875,-0.13999357710182667,1.091343869099021,0.37163463354855775
1789063927438638000,34.58163818359375,0.019796587359905242,0.141499890011549,0.30400176111739124
1789063927448676000,34.591676025390626,-1.7719687562346458,0.2978612490683794,0.3367996496738866
1789063927458713000,34.601713134765625,-1.3320944069355725,-0.29101299060881136,0.6744054280988871
1789063927468750800,34.611750732421875,-1.9054618654012678,-0.9241483968168497,0.8335058567307889
1789063927478787800,34.62178784179687,-1.3381804488509892,-0.551055088892579,0.5981370119325816
1789063927488825000,34.6318251953125,0.1059019224077463,-1.4968641133755445,0.7508568726819008
1789063927498863000,34.641863037109374,-1.056380692267418,-0.7913397627830505,0.38186548365112394
1789063927508899800,34.65189990234375,-1.8541168780893087,0.39378246020972724,0.12657187680238857
1789063927518938000,34.661938232421875,0.4196867167949676,-0.28813772743344307,0.25630207150522616
1789063927528975000,34.67197509765625,1.7644202405512333,-0.20965046617388725,0.6056906421825289
1789063927539011800,34.68201171875,0.5313911880016327,0.7703343841552734,1.0045739326626062
1789063927549050000,34.69205004882812,0.7558382412910462,0.9687059159457683,1.0427409470368176
1789063927559087000,34.70208715820313,0.7440297300755977,0.9323106604844331,0.580858800601773
1789063927569124900,34.71212475585938,0.25560849975049493,1.022077440649271,0.20360128567013888
1789063927579162000,34.722162109375,0.17277298015356063,0.5901753854036331,-0.028201345413317903
1789063927589199000,34.73219921875,-0.06386778427660465,0.4179021714657545,-0.233927706079185
1789063927599236900,34.74223681640625,0.6606120266765355,-0.429773811045289,-0.03194124432769604
1789063927609273300,34.7522734375,-0.5299941806852817,-0.662677727034688,0.4094434090696275
1789063927619311400,34.762311279296874,-1.5188625946938992,-0.2604740599602461,0.5334567422293126
1789063927629348400,34.77234838867187,-1.232336394110322,-0.7522124520093202,0.37262784583698955
1789063927639385300,34.78238525390625,-1.1395908903956413,-0.5621580821871757,-0.3611380817145109
1789063927649423400,34.79242333984375,-1.1434130790323018,-0.5575999804913997,-0.35208551814369854
1789063927659460400,34.80246044921875,0.23279402587413786,-0.7531967868715524,-0.10354624439338221
1789063927669498400,34.81249829101562,0.14746259780824184,-0.03280453749299049,0.04221267303582281
1789063927679535400,34.82253540039063,0.7455594238609075,-0.026532033094763756,0.12339640683773904
1789063927689572400,34.832572265625,0.9685048404157162,0.27583003452420235,-0.12792924622809515
1789063927699610400,34.8426103515625,0.47791678744554517,1.0569605379819869,-0.7026031293835491
1789063927709647400,34.8526474609375,0.7946873196452856,1.227496552863717,-0.9624639528162777
1789063927719684400,34.86268432617187,1.0759376256525517,0.9557634322643279,-0.7425359113212674
1789063927729722600,34.87272265625,0.38211481876969333,1.202771861451864,-0.3185149647142738
1789063927739759400,34.88275927734375,0.16432780789136886,0.7319424019187688,-0.020764482543990014
1789063927749797400,34.89279736328125,-0.3971750252574682,0.6607189941823483,-0.32540187468379733
1789063927759834400,34.90283447265625,-0.6285872413843869,0.08008534410595894,-0.4891808895859867
1789063927769871400,34.91287133789063,-1.4006295985013246,0.03232698310911655,-0.2715323555965908
1789063927779909400,34.92290942382812,-0.06582300999760628,-0.9840987153887748,0.2116940094991587
1789063927789946400,34.9329462890625,-0.9615162967026233,-1.0541478186488151,0.6475500813338905
1789063927799984400,34.942984375,-0.8554623986035584,-0.7457283506870269,0.2849091573083773
1789063927810021400,34.953021484375,0.22464754429757594,-1.117634494653344,-0.25177241045264526
1789063927820058400,34.963058349609376,0.1592237627506256,-0.4742810612916946,-0.685560809167847
1789063927830096400,34.97309643554688,0.05666822816133499,-0.03958616045713424,-0.9022736880086362
1789063927840133400,34.98313330078125,-1.2618418900579214,0.84033438757658,-0.8909432426337153
1789063927850171400,34.99317138671875,-0.9795984813600778,1.2523299653470517,-0.7167043546460569
1789063927860208400,35.00320849609375,1.6049650071322916,0.3932949689537287,-0.6245687995232642
1789063927870245400,35.013245361328124,2.832341148486733,-0.07493395269215107,-0.3960315543107688
1789063927880283400,35.02328344726563,1.8448311633497476,0.005170680636167526,-0.24079658720167352
1789063927890320400,35.0333203125,-0.3189478762388229,0.22099311344325542,-0.2335553839017637
1789063927900358400,35.0433583984375,-0.31164719783663747,0.21245617124438285,-0.24021566377487033
1789063927910395400,35.0533955078125,0.4211386691689491,-1.1017863526582716,0.09091808735812082
1789063927920432400,35.06343237304687,-0.1886690529435873,-1.0201029257059098,-0.05072064486853778
1789063927930470400,35.073470458984374,-0.414415498393774,-1.1744050141453741,-0.30016322413412855
1789063927940507400,35.08350732421875,-2.386743160843849,-0.3702922790288925,-0.8606154705177992
1789063927950545400,35.09354541015625,-0.048474400311708445,-0.7609346876472234,-0.734252724687755
1789063927960582400,35.10358251953125,1.0703227083802223,-1.2456336825788021,-0.09236365565708837
1789063927970619400,35.11361938476563,0.6493541350811719,0.06562427255511283,0.4186543415399268
1789063927980657400,35.12365747070312,0.9933978741317987,0.3150970460295677,0.8992110125023871
1789063927990694400,35.1336943359375,0.7894464963823556,1.111896243262291,0.39842378320954736
1789063928000732400,35.143732421875,2.0864871255934236,1.3697083905369043,-0.3044116022936068
1789063928010769400,35.15376928710938,2.10214179084301,1.4557389067828654,-0.6769777628049254
1789063928020806400,35.163806396484375,-0.07169862403273582,2.078495542317629,-0.40137792030740527
1789063928030844400,35.17384448242188,-0.956371335029602,1.8149895673155783,0.009580843494925648
1789063928040881400,35.18388134765625,0.058191492205858224,0.55881169436872,-0.07684645351627842
1789063928050919200,35.193919189453126,0.4159539600074291,-0.41102702499926086,-0.39450989770144224
1789063928060956400,35.203956298828125,-1.049498531538248,-0.6304103651583194,-0.3797968972161412
1789063928070993400,35.21399340820312,-1.5935779361993074,-1.4366186112493275,-0.023234105794224885
1789063928081031400,35.224031494140625,-1.8861615371257066,-1.8132067755520342,0.40940041017811746
1789063928091068200,35.23406811523437,-2.548974873238802,-1.7089882761865853,0.5832246529502794
1789063928101105400,35.24410546875,-2.0219091472208497,-2.0603718566060065,0.9586999241076409
1789063928111143400,35.25414331054687,-0.6193266610860825,-1.9352800805598496,1.0370106597565114
1789063928121180400,35.26418041992188,-0.20054010800123215,-1.0758575461536646,0.5039448530735448
1789063928131218400,35.27421850585937,-0.9764069918423891,-0.18354571858048438,0.4842865051405504
1789063928141255400,35.28425537109375,-0.5377087005853652,0.618501316177845,0.18924182959655297
1789063928151292400,35.29429248046875,1.6989748316943645,0.7030301956892013,0.013443902998091652
1789063928161330400,35.30433032226563,3.2765649251669644,0.7106739884406328,0.6472150041606277
1789063928171367400,35.314367431640626,2.6443016256183385,1.2234411399930716,1.1086359993573278
1789063928181405200,35.3244052734375,0.7669166846662759,2.0739356870561836,1.1328858397990464
1789063928191442400,35.3344423828125,0.9897124636173248,2.0913257977962494,0.738406702562049
1789063928201479400,35.3444794921875,1.3400100023657082,1.4290081362456082,0.3169136669974774
1789063928211517400,35.354517333984376,1.5331588310718536,0.7866957363694905,0.3856049989730119
1789063928221554200,35.36455419921875,-0.37363632875978947,0.47956864630579943,0.555469690464437
1789063928231592400,35.374592529296876,-0.35637715092301364,0.45986616697013377,0.5537214585576206
1789063928241629400,35.38462939453125,-1.5578911212682722,-0.5982049626022576,0.5747746218498796
1789063928251666400,35.39466650390625,-0.9255383898705244,-1.2633370970517397,0.2267036365771666
1789063928261704400,35.404704345703124,-0.6028033963084221,-1.3970944101125,0.19193221945799885
1789063928271741400,35.41474145507812,-2.0821254232525823,-0.9641571666002273,0.32899398089163
1789063928281779200,35.424779296875,-2.0894126576513052,-0.955892027080059,0.3308819865953177
1789063928291816400,35.43481640625,-0.13126724981069565,-0.8177876247256993,0.7993729201782495
1789063928301853400,35.444853515625,1.3233107964992523,-0.7844131783902645,0.5561062713349237
1789063928311891200,35.45489111328125,-0.19939678318500517,0.5913502744019031,0.23313467427166176
1789063928321928400,35.46492846679688,-0.33622517425417897,1.1942185526400804,0.3640674862299114
1789063928331966500,35.47496655273437,1.5100772306919097,0.7200760230362415,0.21660247726887463
1789063928342003500,35.48500341796875,1.9495342313617468,1.017306572985649,-0.06759385559502988
1789063928352040200,35.495040283203124,1.1749720003783701,0.9029472033560275,0.25739951135311273
1789063928362078500,35.50507836914063,-0.6634142246156931,1.1332377219766379,0.04521973676416091
1789063928372115500,35.515115478515625,0.7478063260048627,0.5426520022064447,-0.28476960270721463
1789063928382152200,35.52515209960937,1.2203718155503271,-0.6922504429996014,-0.16789558337554333
1789063928392190500,35.5351904296875,-0.2945136922061443,-0.3046843730866909,-0.09226660675709135
1789063928402227500,35.5452275390625,-1.5535434474527834,-0.2566337511450052,-0.019079324202332645
1789063928412265200,35.55526513671875,-0.8186948026984929,-0.7622884403437376,-0.25996702375356107
1789063928422302500,35.56530249023437,-0.931829598969221,-0.6422960332632064,-0.31549002740252763
1789063928432339500,35.57533935546875,-0.6315934374630451,-0.4748620760500431,-0.016806191638577727
1789063928442377200,35.58537719726562,0.010056699112057685,-0.48495267743170256,0.30696934221871197
1789063928452414200,35.59541430664063,-0.09479249937236309,0.04935819740891456,0.16109297242229803
1789063928462452500,35.60545239257812,-1.0045955599725245,1.014914124891162,-0.10497202114649117
1789063928472489500,35.61548950195313,1.1638964796125888,0.5993459493309259,-0.6289560746967792
1789063928482526200,35.625526123046875,1.7970605273932216,0.5408160189509391,-0.8609597539108246
1789063928492564500,35.635564453125,0.9632833063751458,1.1568716955423355,-0.7974697169054299
1789063928502601500,35.6456015625,1.2814970231205225,0.3804296421617269,-0.10847372739082202
1789063928512639200,35.65563916015625,0.3892226049482822,0.4735591767579317,0.20860397106194867
1789063928522676500,35.665676513671876,0.6509194847017526,0.11323825664520264,0.3272985020853579
1789063928532713500,35.67571337890625,0.6592629501551389,0.103701782014966,0.3262525001637637
1789063928542751200,35.685751220703125,-0.23617957665920256,-0.26687983534932136,0.042303383526578545
1789063928552788500,35.69578857421875,-0.6983914299726486,-0.827118932172656,0.46487592142354695
1789063928562825500,35.70582543945312,-1.114813007491827,-0.8770295027673244,0.6816633633378892
1789063928572863200,35.71586328125,-1.4696113647907971,-0.9766191732883452,0.5699689751338214
1789063928582900200,35.72590014648438,-0.7884931411802768,-1.4109902489960193,0.13896625248123892
1789063928592938500,35.7359384765625,-0.5790934348970651,-1.1025029764950274,-0.36331546228621153
1789063928602975700,35.74597583007812,0.377331676146388,-1.173198560965061,-0.45775176863204686
1789063928613012700,35.7560126953125,-0.011720832931995391,-0.9508183770775794,-0.6076209891906008
1789063928623051000,35.766051025390624,-0.1573328344374895,0.042751931011676784,-0.724298828363046
1789063928633088000,35.776087890625,0.1720814907580614,0.06782265938222408,-0.5382976794544607
1789063928643125800,35.78612573242187,0.9719751468747854,0.46399230698943134,-0.3219945139257237
1789063928653163000,35.7961630859375,1.7564415167570113,0.31918110047280784,-0.17060842253081498
1789063928663200000,35.80619995117188,-0.20546879657506942,1.1152975761383772,-0.4012472431324422
1789063928673237800,35.81623779296875,-0.8813958812832832,1.4544681561946868,-0.6463371253475546
1789063928683275000,35.82627490234375,1.1455775635898113,0.28259587539732456,-0.6593452946763485
1789063928693312800,35.83631274414063,1.6752929273337125,-0.1355389357805252,-0.40936902865916486
1789063928703349800,35.846349853515626,1.2351993823260068,-0.2844961560606956,-0.024052007181523366
1789063928713386800,35.85638671875,-0.7607610846459865,-0.04870177932679653,-0.08492647312735208
1789063928723425000,35.86642504882813,-0.9905185193032026,0.3433434818267822,-0.4412673380274325
1789063928733461800,35.87646166992187,1.193493745496869,-0.7242436641097069,-0.4705050864169374
1789063928743498800,35.88649877929687,0.6710106710940599,-0.1731926668703556,-0.37822679835520684
1789063928753537000,35.896537109375,-0.8300245904862881,0.6781640499800443,0.0848624040483497
1789063928763573800,35.90657373046875,-0.4228519028276205,0.6918412776768207,0.32275943388361483
1789063928773611800,35.91661181640625,1.2441238625377415,0.5243102898299694,0.4519948856057599
1789063928783649000,35.92664892578125,1.2439952677220105,0.5243804324567317,0.4456671073563397
1789063928793686000,35.93668603515625,-0.10313947195708752,0.9220587310612202,0.7199880524918436
1789063928803723800,35.94672387695312,-0.2781184377223253,0.6815408329367637,0.5093949717056006
1789063928813761000,35.95676098632813,-1.6852788992971182,0.5807184057503938,0.4796154080569744
1789063928823798800,35.966798828125,-2.1392022322148083,0.20466449445486068,0.2151827649303712
1789063928833835800,35.97683569335938,-0.4737269345402717,-0.7279121234893798,0.07364484902995172
1789063928843872800,35.986872802734375,0.08715455183982848,-1.4213999993294477,0.24817632218943908
1789063928853911000,35.9969111328125,-1.1317296555012464,-1.2691869921237229,0.4801736629942432
1789063928863947800,36.00694775390625,-1.4354770399987697,-1.004759226101637,0.22522746307738123
1789063928873984800,36.01698486328125,-0.7510328868359327,-1.0802882220774888,0.17748707612864673
1789063928884023000,36.02702294921875,0.16894202368855477,-0.8638374282389879,0.2872831381644122
1789063928894059800,36.03705981445312,1.0030985994130373,-0.6587444792389869,0.36286928942129015
1789063928904097800,36.047097900390625,-0.5299649545907974,0.3590934241443872,0.21802250013463198
1789063928914135000,36.057135009765624,-1.192594750830531,1.126825516846776,-0.4806174247063696
1789063928924172000,36.06717211914062,0.3698433662176132,1.084082938185334,-1.0982782714720816
1789063928934209800,36.07720971679687,2.7295997359365223,0.23242577708363532,-1.1732215034492313
1789063928944246800,36.08724682617188,3.334906639498472,0.14183774366378785,-0.8474859398316591
1789063928954284800,36.09728491210937,0.7657195838361978,0.7267863343298435,-0.4720724453315139
1789063928964321800,36.10732177734375,-1.3426280759096145,1.337479607105255,-0.15199008517004547
1789063928974358800,36.11735888671875,1.046710362124443,-0.018733342042565344,-0.24180088713970033
1789063928984397000,36.12739697265625,0.8851128559798002,-0.12301906142532824,-0.35136977108977735
1789063928994433800,36.137433837890626,-0.646077305367589,0.12690963912308215,-0.3154609109058976
1789063929004470800,36.147470703125,-2.0528782859802246,0.2783580916970968,-0.2758383456948213
1789063929014509000,36.15750903320313,-1.4322984099626541,-0.04100888673663139,-0.3574695127369836
1789063929024545800,36.1675458984375,-0.007416413736343383,-0.5450047028124332,-0.5964757276568562
1789063929034583800,36.177583740234375,-0.010263035339117049,-0.5417845717221498,-0.5987615735717118
1789063929044621000,36.18762109375,0.3116431061834097,-0.5061714065492153,-0.11848649602960794
1789063929054658000,36.19765795898437,-1.7569500508010387,0.7706132010966539,0.09113768492555245
1789063929064695800,36.20769580078125,-1.3898270494580267,0.8730226052135228,0.222758059022855
1789063929074732800,36.21773291015625,1.1150707816451788,0.15392273373305795,0.13887668363479896
1789063929084770800,36.22777075195312,1.4454495679587125,0.4113151942908764,-0.027746578249987212
1789063929094807800,36.23780786132812,-0.19902327369749545,1.069629465419054,0.24365851597143337
1789063929104844800,36.2478447265625,-0.887877059996128,0.9432587554782629,0.404480672095716
1789063929114883000,36.25788305664062,-0.14071838424503802,0.3114543056130409,0.13979767093723638
1789063929124919800,36.267919921875,1.0432429782748223,-0.5575567258715629,-0.04916297166433651
1789063929134956800,36.277956787109375,-0.28558102868795393,-0.6477133821368217,-0.0016119030216679674
1789063929144995000,36.2879951171875,-0.8366413782775401,-0.4853782093673944,-0.10542293411861173
1789063929155031800,36.29803173828125,0.34050095187723634,-1.3207424073159695,-0.05902379657784477
1789063929165069800,36.30806982421875,-0.22976503344178198,-1.0694231291919947,0.2069617568128742
1789063929175107000,36.318107177734376,-1.024748121163249,-0.3811094411194324,0.4005918479636311
1789063929185144000,36.32814404296875,-0.0046808512926101685,-0.6497510254442691,0.042256767905876035
1789063929195181800,36.338181884765625,-0.19382161340117454,-0.02914952211678028,-0.5583984739253297
1789063929205218800,36.34821875,-0.2605728441596031,0.29831717614233494,-0.695569796680659
1789063929215256800,36.3582568359375,1.4370885668486355,-0.08978840747475623,-0.46061347820609805
1789063929225293800,36.3682939453125,2.083284530159831,-0.2721241657435894,-0.197074696912989
1789063929235330800,36.37833081054688,2.083228416058421,-0.27204350172281266,-0.20147883188975974
1789063929245368800,36.38836889648437,0.757606420007348,0.47738662609159943,-0.22880902962489053
1789063929255405800,36.39840576171875,0.4446013778209686,0.521629087921977,-0.5366008489413187
1789063929265442800,36.40844287109375,0.11749766765534878,0.8889742075830698,-0.7958193924151361
1789063929275481000,36.41848120117187,1.0245739336401223,-0.05948328558206558,-0.36293771501500155
1789063929285517800,36.428517822265626,0.8353601062953472,-0.20553134041726587,-0.14991466713547705
1789063929295555800,36.43855590820313,-1.2661305271625518,0.34113340456187724,-0.05751828281914349
1789063929305592800,36.4485927734375,-1.1774971349418162,0.19889818601310252,-0.2625662464665249
1789063929315630000,36.458630126953125,0.32661212725639344,-0.8317810787647962,-0.44449777131602164
1789063929325667800,36.468667724609375,-1.1993319501310586,-0.05441197366714477,-0.08073492145533673
1789063929335704800,36.478704833984374,-0.5486357527911663,-0.42012335464656353,0.6666345018364489
1789063929345742800,36.488742919921876,0.2373883679270744,-0.9700818804740905,1.1253029834546149
1789063929355779800,36.49877978515625,-0.7372118667542934,-0.41654374259412286,0.8052337019704282
1789063929365816800,36.50881689453125,-0.787493024227023,-0.14073825798928738,0.09016259281570091
1789063929375854800,36.51885473632812,0.5683090060323477,-0.46738662560284133,-0.6591700111746788
1789063929385891800,36.52889184570312,0.26774609678983685,-0.2594400407373905,-0.8779843192741275
1789063929395928800,36.5389287109375,-0.7229314124673605,0.4438385767549276,-0.8240232311796396
1789063929405967000,36.54896704101562,-0.9909083954036235,0.38253742809593677,-0.7230934711612761
1789063929416003800,36.55900390625,-0.04658054938912391,0.19137246668338775,-0.704449268706888
1789063929426041900,36.56904174804688,1.0499392610430718,-0.34253099640011786,-0.2757437992791645
1789063929436078800,36.57907885742188,-0.25701485941708085,-0.16405366712510586,-0.12164480479690246
1789063929446116000,36.5891162109375,-0.5950047052562236,0.23377426908314228,-0.2139339704456739
1789063929456153900,36.59915380859375,-0.9050497285932302,-0.1060153196543455,-0.32952805123571305
1789063929466190800,36.60919091796875,1.246239831778407,-0.6290063435792923,-0.26183595943059773
1789063929476228000,36.61922802734375,1.3800351387619971,-0.7273632574349641,-0.06950942515907808
1789063929486265900,36.629265869140625,0.11052256794571876,-0.05562777919769287,-0.21499213772909714
1789063929496302800,36.639302734375,-0.9275579129993915,0.6646651014596223,-0.7082648084070533
1789063929506340900,36.6493408203125,-0.43813422763347626,0.7860977704763412,-1.22192883573398
1789063929516377900,36.6593779296875,0.6461538777351379,0.7740332386732101,-1.8488123419404028
1789063929526414800,36.66941479492188,1.109136130899191,1.2474959693193435,-1.8706062405973671
1789063929536452900,36.67945288085937,1.6966823368430137,0.98998251273036,-1.3496309404090046
1789063929546489900,36.68948974609375,1.308430622753501,1.140447799485922,-0.8741437181979417
1789063929556527900,36.69952783203125,0.23069208515882492,1.5423568675279618,-0.7658175643179566
1789063929566564900,36.70956494140625,0.2373497894823551,1.5352414825648069,-0.7794482494592666
1789063929576601900,36.719601806640625,1.1728934405386446,0.23291794451475142,-0.5475667353201658
1789063929586640000,36.72963989257813,-0.29016777195632454,0.31206980716288085,-0.5364003214005381
1789063929596676900,36.7396767578125,-2.077837955191731,0.2535936527967453,-0.8639167040202766
1789063929606713300,36.74971337890625,-2.7620710959523915,-0.13838672642707825,-0.8869126719433814
1789063929616751400,36.75975146484375,-1.9549112482249735,-1.1976076105564832,-0.5734100554984063
1789063929626788400,36.76978833007813,-1.4660264920413493,-1.6333289318293331,-0.027152941472083327
1789063929636826400,36.779826416015624,-1.9331950909793376,-1.6069512125134466,0.8137409796833992
1789063929646863400,36.78986328125,-1.157418808031082,-1.7029677007228134,0.7828413990288973
1789063929656900400,36.799900390625,0.3691618136942386,-1.5939526147305965,0.576084462339431
1789063929666938400,36.8099384765625,-0.1648831036865711,-0.8469318861454724,0.6861572406910359
1789063929676975600,36.8199755859375,-0.3275181361854076,0.16888883219659329,0.6055639470629394
1789063929687012400,36.830012451171875,0.5589443808376788,0.36707799315750594,0.4970105602983385
1789063929697050400,36.84005029296875,1.3161463116973637,0.7289157475739717,0.2520492728989571
1789063929707087400,36.85008740234375,1.2559949175953864,1.298943247961998,-0.16707889669779688
1789063929717125400,36.86012548828125,1.9552590387493372,1.1601555395185947,0.025872290544398126
1789063929727162400,36.870162353515624,2.6560078455030918,0.5855506482124329,0.5227569594407454
1789063929737199400,36.88019946289062,2.1985446480214597,0.6715589526265859,1.0098612254157662
1789063929747237400,36.8902373046875,0.25613983014822006,0.6058236209124326,1.5021107818573713
1789063929757274400,36.9002744140625,-1.1899813534617423,0.6832745248615741,1.4268448207318782
1789063929767311400,36.91031127929688,-0.25622341677844523,-0.09354629870355129,0.9362101521410048
1789063929777349400,36.92034936523437,-0.42924364969134327,-0.684433047246933,0.43863125390280033
1789063929787386400,36.93038647460938,-1.738511892312765,-0.2811684729427099,0.17434753599390387
1789063929797424400,36.94042431640625,-1.8288029886126518,-0.49739539489746093,-0.07123575576134025
1789063929807461400,36.95046142578125,-1.0918231770485638,-0.6975175697475672,-0.022441512378118932
1789063929817498400,36.960498291015625,0.13512275619506836,-0.6049637892127037,0.31082258358076215
1789063929827536400,36.97053637695313,1.260182432413101,-0.8171873207449912,0.7810928017958998
1789063929837573400,36.980573486328126,0.22500001099705694,-0.11585282305777073,0.9989332964271307
1789063929847611400,36.990611328125,-1.5200053349882363,1.18015729406178,0.8389690175075083
1789063929857648400,37.0006484375,1.024945689561963,0.6942243734210729,0.6109494394935667
1789063929867685400,37.01068530273437,2.7211393661051986,-0.20413900927603243,0.8447228317938744
1789063929877723400,37.020723388671875,0.9240396757453679,0.852408271729946,0.9344148662220686
1789063929887760400,37.030760498046874,0.4099924212545156,0.48295828874409197,1.085146914155036
1789063929897797400,37.04079736328125,-0.118785953900218,0.10745850419998168,0.5651981805354357
1789063929907835400,37.05083544921875,0.46715106328129763,-0.39594460667967796,-0.030574403820745645
1789063929917872400,37.06087231445313,-0.2862707645177841,-1.1765063703387975,-0.07364727388247846
1789063929927910400,37.07091040039062,-1.457892285424471,-0.7831026803135871,-0.3600183204369619
1789063929937947400,37.08094750976562,-0.39416532204747196,-1.3946429253071546,-0.1617423945080489
1789063929947984400,37.090984375,-0.41245618101954457,-1.796722673740983,0.5128720732316374
1789063929958022400,37.1010224609375,-1.4275328029960392,-0.7425958978801965,0.5525812024813145
1789063929968059400,37.111059326171876,-0.34151509735584257,-0.6658598642021417,0.283665897515323
1789063929978096400,37.121096435546875,-0.058010874941945074,-0.4136059355765581,-0.16693946996079756
1789063929988134400,37.13113452148438,-0.24747896930873392,0.5028817173540592,-0.4829982554282993
1789063929998171400,37.14117138671875,1.1484563338965177,0.4430541483789682,-0.399733331438154
1789063930008209400,37.15120947265625,1.5169728354245424,0.5905915649890899,-0.1607534200033173
1789063930018246400,37.161246337890624,1.1823907522022723,1.1772189025223254,-0.5513356593996286
1789063930028283400,37.17128344726562,1.1207464891940355,1.3607529306650161,-0.7313510118968785
1789063930038321400,37.1813212890625,1.2833043648034332,1.1004647486656904,-0.9526185583673417
1789063930048358400,37.1913583984375,1.290440208032727,1.0922323423713445,-0.947866833795607
1789063930058395400,37.2013955078125,-0.18081833944320677,0.9690595516890287,-0.6365558821760118
1789063930068433400,37.21143334960937,0.5250158077508211,-0.08687047420144081,-0.14323507977370173
1789063930078470400,37.22147045898438,0.5363993715524673,-0.09984335302114486,-0.14080519487881102
1789063930088508400,37.23150830078125,-0.3893699044644832,-0.2070072581887245,-0.26656112478896976
1789063930098545400,37.24154541015625,-0.6044459028184413,-0.41691900564730167,-0.8462516487963497
1789063930108582400,37.25158251953125,-1.5563748714864254,-0.5361041879981756,-1.4167014662496744
1789063930118620400,37.26162036132813,-0.8864730384171009,-1.1394967823714017,-0.47380328771211205
1789063930128657400,37.271657470703126,-0.8897264872550964,-1.1357967588096856,-0.4766891453467309
1789063930138694400,37.2816943359375,-0.8249731523156165,-1.0457856484949588,0.07800544169251807
1789063930148732400,37.291732421875,-0.91057053784132,-0.8617243816077709,0.021502455129451117
1789063930158769400,37.30176928710937,-0.1966027685523033,-0.22829496088922022,-1.621712143793702
1789063930168807200,37.31180712890625,0.665592737698555,-0.4543967956483364,-1.841750294599682
1789063930178844400,37.321844482421874,0.6582412058919668,-0.44590603067874907,-1.8520713437363505
1789063930188881400,37.33188134765625,0.45784372123181816,0.1836456718236208,-1.5231467017538844
1789063930198919400,37.34191943359375,0.2563812376886606,0.5755827964276075,-0.8039115865211933
1789063930208956400,37.35195629882813,0.6222784966289997,0.8382733633935451,-0.9740103790294379
1789063930218993400,37.361993408203126,0.7793278379499912,0.6504559588432312,-1.0470471197981386
1789063930229031400,37.37203149414062,0.7804395985841751,0.6492337235718965,-1.0512474210321903
1789063930239068200,37.382068115234375,1.113628766143322,0.6416863769322634,-1.0622099829427898
1789063930249105400,37.39210546875,0.2846662519305944,0.2687818695783615,0.29370480524236336
1789063930259143400,37.402143310546876,0.20256430730521677,0.007426350608468055,0.6599851269498467
1789063930269180400,37.412180419921874,0.24573417146801946,-0.16337328364551065,0.5977588993351907
1789063930279218400,37.42221850585938,0.24652736767232417,-0.16424655934870241,0.5960569177228957
1789063930289255400,37.43225537109375,0.40099779841601846,-0.10915770933330059,-0.15456254774024708
1789063930299292400,37.44229248046875,-0.7082248417228459,0.47368952513933177,-0.7947086546942591
1789063930309330400,37.452330322265624,0.14362754969000815,0.23694880746603011,-0.6234875070925802
1789063930319367400,37.46236743164062,0.14142039503455162,0.23963410102725027,-0.6300345175832509
1789063930329404400,37.472404296875,0.2678220846354961,0.32229134144783017,-0.0936503435999155
1789063930339442400,37.4824423828125,0.46051440174579616,0.35067338632345196,-0.0736420497180894
1789063930349479400,37.4924794921875,-0.11067980433404445,0.6125801094353198,-0.14648080196296795
1789063930359517400,37.50251733398437,1.0415876122832297,-0.3401660208344459,-0.09295929259583353
1789063930369554200,37.51255419921875,1.048888875207305,-0.34838322955965995,-0.09777303128680213
1789063930379591400,37.52259130859375,-1.1760077731668948,0.5099404036939144,-0.030702724641840904
1789063930389629400,37.53262939453125,-0.9219529325991869,0.0673164634257555,-0.03966085139485076
1789063930399666400,37.54266650390625,-1.1995610827118157,-0.4080553157120943,-0.8045158360246568
1789063930409704400,37.55270434570313,-0.9177847070038319,-0.6801835731089114,-0.5181498675040901
1789063930419741400,37.562741455078125,-0.9214929138720035,-0.67595280367136,-0.5186145258737728
1789063930429778400,37.5727783203125,-1.1524620624065398,-0.8197107017427683,0.054540422352403396
1789063930439816400,37.58281640625,0.3717179279178381,-1.023076973080635,0.4266229457989335
1789063930449853400,37.592853515625,-0.05164893869459629,0.03853402105569839,0.4345841339364648
1789063930459890400,37.60289038085938,0.7840595426470041,0.18475860150158405,0.33048885909188536
1789063930469928400,37.61292846679687,0.7758277208745479,0.194089324426651,0.3371638798763975
1789063930479965400,37.62296533203125,1.6651777760326862,0.27742753284871574,0.1057234697014559
1789063930490002400,37.63300244140625,0.6946604267507791,1.0458838481724262,-0.3351499827707186
1789063930500040200,37.64304028320313,0.7900853788077831,0.7162754617094993,0.19249116851501166
1789063930510077400,37.653077392578126,1.8238193549811839,0.00994447090923786,0.9082439215246587
1789063930520115500,37.66311547851563,1.8340555023133753,-0.0020166005194187163,0.9180793060362339
1789063930530152400,37.67315234375,1.5859873349398375,-0.34108079759180543,1.4774408893726765
1789063930540189200,37.68318920898437,-0.48651451992094513,-0.5548480514347552,1.9169735856272279
1789063930550227500,37.6932275390625,-0.45310558679401874,-0.708774876821041,1.6785786710061132
1789063930560264400,37.703264404296874,-0.3879775733232498,-0.9753045835584402,1.6020874058693646
1789063930570301200,37.71330126953125,-0.3876075709670782,-0.9758879364043473,1.6209971273921429
1789063930580339500,37.72333935546875,-0.09091302759051323,-0.9567354921668767,1.3595394632220268
1789063930590376400,37.73337646484375,-0.41569034063518046,-0.353608855253458,0.9444486228499561
1789063930600415000,37.7434150390625,0.5570481918275356,-0.15246025996506213,0.8161924644887447
1789063930610452000,37.753451904296874,0.5621043061733245,-0.20555121416151523,1.3543255279660225
1789063930620489000,37.76348901367187,0.5593272426754236,-0.20228373679816722,1.372004684780538
1789063930630526700,37.77352661132812,-0.9899223069757223,0.7363947051525116,1.6062572388999163
1789063930640564000,37.78356396484375,1.943649849498272,-0.14998422524034977,1.2105829005289823
1789063930650601000,37.79360107421875,1.9482921223461627,-0.15495733747780321,1.2331548708863556
1789063930660638700,37.803638671875,-0.831518628436327,0.679964377400279,0.9472482635058462
1789063930670676000,37.81367602539063,-0.8265022615790366,0.6747077720463276,0.9688854372311383
1789063930680714000,37.8237138671875,-0.6894727949798106,0.11101005920171737,1.457084183911979
1789063930690750700,37.833750732421876,-0.26573358792364593,-0.5056821617275477,1.3955153242275118
1789063930700787700,37.84378759765625,-0.47106268376708027,-1.036833111232519,1.2867846081346273
1789063930710826000,37.85382592773438,-0.7689508208423852,-0.9383931952685117,0.7508087226912379
1789063930720863000,37.863863037109375,-0.7725093901067972,-0.9335159446209669,0.7725711302313953
1789063930730899700,37.87389965820312,-0.9900076471716165,-0.5220891066491603,0.4791786240749061
1789063930740938000,37.88393798828125,0.6942629518657922,-0.993037224125862,0.9886247414458542
1789063930750975000,37.89397509765625,-2.0099761328428984,0.9048638506323099,0.8448299454301595
1789063930761011700,37.90401171875,-0.28471768985688684,0.5618272427976131,0.5915167900752276
1789063930771050000,37.91405004882812,-0.2943728224307299,0.5742325508624315,0.6148853907030075
1789063930781087000,37.9240869140625,1.9612725999504326,0.16214637219905853,0.19560246893595903
1789063930791124700,37.93412475585937,1.0143073911696672,1.036129931399226,0.050075296169705685
1789063930801161700,37.94416162109375,-0.3499754671871662,1.4981202509164808,-0.15744056912828236
1789063930811199000,37.954198974609376,-0.3458060725480318,1.494343654987216,-0.14186704282350837
1789063930821236700,37.96423681640625,0.009884265154600143,1.0778718085855246,-0.25237784726619716
1789063930831273700,37.974273681640625,0.7958148623704909,0.5763087726145982,-0.38626382820792493
1789063930841311000,37.98431103515625,0.20960779607594013,-0.15956103188097476,-0.38123113127034153
1789063930851349000,37.994348876953126,-1.9946224963665007,0.39675826115012164,-0.4179496638692915
1789063930861385700,38.0043857421875,-1.9891326667785643,0.3911106106519699,-0.4098477520868182
1789063930871424000,38.014424072265626,-2.3340596184045075,0.2314209839552641,-0.7244381637685
1789063930881461000,38.0244609375,-0.5078326177597046,-0.43822775113582607,-0.9487649516791105
1789063930891497700,38.03449780273438,-0.4938923552125692,-0.32967502195835113,-0.7765350654263049
1789063930901536000,38.044535888671874,-0.4961187990903854,-0.3272995249986648,-0.7785976239793002
1789063930911573000,38.05457299804687,-1.3026742511838674,0.08063187207281589,0.2491929336197674
1789063930921610000,38.06460986328125,-1.122992806816101,-0.037357963013648986,0.9598903029359876
1789063930931647700,38.07464770507813,0.13975976834595202,-0.08735328928232193,1.005189434212446
1789063930941685000,38.08468505859375,-0.02872866635620594,0.33014906921088694,0.017681019978038965
1789063930951722000,38.094721923828125,0.10092354947328568,0.6789671830564737,-0.0784000944327563
1789063930961759700,38.104759765625,0.09748305363059043,0.6828378870099783,-0.0793208990721032
1789063930971797000,38.114796875,1.782500087121129,-0.4612666814178228,0.352464470991306
1789063930981835000,38.1248349609375,-0.6395113709807395,0.6063724869668483,0.7502198168873786
1789063930991871700,38.134871826171874,-0.4697112691581249,0.19829554394483564,0.5912161631608381
1789063931001908700,38.14490869140625,-0.19860592506825922,0.19104162729382515,0.47986923668757075
1789063931011947000,38.154947021484375,-0.1967033063173294,0.18936931016743183,0.48589236943461
1789063931021983700,38.16498364257812,0.27256606429219243,-0.16417466315627097,0.4462066941257566
1789063931032020700,38.17502075195313,0.6074895082980394,-0.560906036299467,0.5314758340777829
1789063931042059000,38.18505908203125,-0.7685556840449571,-0.06026712943613529,0.5361841944318264
1789063931052096000,38.19509594726563,-0.1395604463815689,-0.40736441083848474,0.5784896237850189
1789063931062133800,38.2051337890625,-0.1460042156934738,-0.39948154863417146,0.5842835143534466
1789063931072171000,38.2151708984375,0.45765258257389063,-0.15489830076694489,0.05705792159866541
1789063931082208000,38.2252080078125,0.5855506482124329,0.23946926585435865,-0.5342347773971036
1789063931092245800,38.23524584960938,0.425010542166233,1.0192524463564157,-0.8989199936665594
1789063931102283000,38.245282958984376,2.215185401698947,0.5155319400906563,-0.6327940454244614
1789063931112320000,38.255320068359374,2.2167735476732253,0.5131272170364857,-0.6395480497293173
1789063931122357800,38.265357666015625,-0.29771570311784745,1.4313374559760093,-0.8290130753561854
1789063931132394800,38.27539477539062,0.24825462985634802,1.230517946511507,-1.3484268253162504
1789063931142433000,38.28543310546875,2.205688090035319,0.17339374240040778,-1.567889952713251
1789063931152469800,38.2954697265625,0.3850748376190662,0.42787762203514573,-1.2337499141700565
1789063931162506800,38.3055068359375,0.39830198346078394,0.4116653229027986,-1.2479586183950304
1789063931172545000,38.315544921875,-1.1398439883738756,0.6558019960463046,-0.5860390893165022
1789063931182582000,38.32558203125,-2.340101236656308,-0.5493044458329678,-0.017515088826604186
1789063931192618800,38.33561865234375,-2.0639970613658427,-1.1005243698984384,0.06362268694173544
1789063931202657000,38.34565698242187,-0.6130687697350978,-2.1712480602949857,0.3019200229398906
1789063931212694000,38.35569409179688,-0.4320347417145967,-2.2179665568500755,0.7571335417985916
1789063931222730800,38.365730712890624,-0.4349894998669624,-2.215004199913144,0.7520347573548555
1789063931232768800,38.375768798828126,-0.9823585937231778,-1.8463813154011963,0.6242045693207532
1789063931242806000,38.385805908203125,-0.3289432005524635,-1.0604325980067253,1.0208975832149385
1789063931252843800,38.39584375,-0.34696693302094933,-1.0403665460556746,1.0153772854235024
1789063931262880800,38.405880859375,0.11506664111614226,0.25225334410369393,0.6430391067154705
1789063931272918000,38.41591796875,-0.2404828268110752,1.2439005751758814,-0.10393657715152949
1789063931282955800,38.425955810546874,-0.24886896236240863,1.2532926728993654,-0.10750570434257388
1789063931292992800,38.43599267578125,2.602800571450591,0.5506722270548343,-0.1769764597253874
1789063931303029800,38.44602978515625,2.6071599357038733,0.5451783058136701,-0.1848770767820999
1789063931313068000,38.45606811523437,1.1501561235517264,0.6698848819345236,0.9743447986155748
1789063931323104800,38.46610473632813,1.1589923409581184,0.6594429828971624,0.9686075701378285
1789063931333141800,38.476141845703125,-0.1452864228129387,0.24008769001364708,0.1272123118640855
1789063931343180000,38.48617993164063,-0.20539631586074827,0.12749766814410685,-0.476886019625701
1789063931353216800,38.496216796875,0.2810907315313816,-0.7082312714636325,-0.5502667149938643
1789063931363254800,38.5062548828125,0.2866805143624544,-0.7148936519622803,-0.5562288017360493
1789063931373292000,38.5162919921875,-1.018930959317088,-0.3548948034107685,-0.4457186914131045
1789063931383329000,38.5263291015625,-1.3342203130483627,-0.3867255274355411,-0.4915070309786126
1789063931393366800,38.53636669921875,-1.338044839772582,-0.38285190087258814,-0.5000157699963078
1789063931403404000,38.546404052734374,-0.29751462758779523,0.08252338490784168,-0.5321721457788721
1789063931413441000,38.55644091796875,0.911629691505432,-1.011036406674981,0.16304580525681375
1789063931423478800,38.56647875976562,-1.1131272463619708,0.7560071681171655,-0.20047212079893797
1789063931433515800,38.57651586914063,0.08942951103448868,0.09741817170083522,-0.20477909727785734
1789063931443553000,38.58655297851563,0.7913023533821105,0.40348669262230397,-0.48688773714751005
1789063931453590800,38.5965908203125,0.7913245652139186,0.4029331503927707,-0.49835375506822016
1789063931463627800,38.606627685546876,-0.3251882319331169,0.33482349076271056,0.8800959046006203
1789063931473666000,38.616666015625,-0.22641221588253974,0.32431320266425606,0.58664827072341
1789063931483702800,38.626702880859376,-0.0010147300004959105,-0.07996376355290412,-0.04843929246570915
1789063931493739800,38.63673974609375,0.16693243743181227,-0.31494682390391826,-0.7868172438573092
1789063931503778000,38.64677807617188,-0.6455331154882907,-0.02727203780710697,-1.3312974113389848
1789063931513815000,38.65681494140625,-1.1965531330674886,0.06923544878959656,-1.0822593760199843
1789063931523851800,38.66685180664062,0.39990006630718705,-0.6974322295516729,-0.702355657428503
1789063931533889800,38.676889892578124,0.39759529649615283,-0.6952806044757366,-0.7155980008393525
1789063931543927000,38.68692700195312,-0.9445090478003024,0.3296013722002506,0.11539508761921898
1789063931553963800,38.6969638671875,0.8755442326456307,-0.26864450693428515,-0.2794782000345178
1789063931564001800,38.70700170898437,-0.21035715313851833,0.5894944174021483,-0.9633489920224994
1789063931574039000,38.7170390625,0.14514847564697264,0.5958803190469741,-0.9005613311327993
1789063931584076800,38.72707690429687,1.2258826879262923,-0.29138240844309327,-0.9593670827794819
1789063931594113800,38.73711376953125,-0.26192542781233785,0.9520306754767894,-1.1668870397306979
1789063931604151300,38.7471513671875,-0.23966449616551397,0.4415080879807472,-0.8918244093824177
1789063931614189000,38.75718896484375,-0.24079320793449877,0.44255613572895525,-0.903303615578264
1789063931624226300,38.76722631835938,1.2897493031591176,0.28167583794295786,-0.704541842361167
1789063931634263300,38.77726318359375,0.26294483398795127,0.08499415893554688,-0.4634652143754065
1789063931644301000,38.787301025390626,-1.0043091442465781,0.9589385551691054,-1.0105937044087796
1789063931654338300,38.79733837890625,-1.0029694200754165,0.9572276595979928,-1.0266218791458754
1789063931664375300,38.80737524414062,0.5775333459734916,-0.3951210153371095,-1.1508708476923406
1789063931674413300,38.817413330078125,0.3887257613420486,-0.035250177079439164,-1.3233368077233434
1789063931684450000,38.82744995117187,-0.6047141983658075,-0.3818769183605909,-0.9126261551968753
1789063931694488300,38.83748828125,-0.6023398704499006,-0.38456864166259763,-0.930600276369974
1789063931704525300,38.847525390625,-0.11425298664569854,-0.4350976364165544,0.039702612743922505
1789063931714562300,38.85756225585938,0.5186024335771798,-0.9106056091547012,0.2911646009739488
1789063931724600300,38.86760034179687,-0.3569371228933334,-0.12904606662988663,0.2045496176372282
1789063931734637300,38.87763720703125,-0.8953156855642795,-0.07070084516704082,-0.40102377310749143
1789063931744674300,38.88767431640625,-0.6563713203668594,0.23321838876605033,-0.631788521643728
1789063931754712300,38.89771240234375,1.200565875840187,-0.45652270176112647,-0.7290744452670216
1789063931764749300,38.907749267578126,1.3066542607307434,-0.16766250527203083,-0.6127558313284069
1789063931774786300,38.917786376953124,-1.2633458648800848,0.5819195982336998,-0.33420784308239815
1789063931784824300,38.92782421875,-1.2654618341207504,0.5844494089722633,-0.34130908992234615
1789063931794861300,38.937861328125,0.4953355397582054,0.013827449822425841,0.13998216979182324
1789063931804899300,38.9478994140625,1.3169640578210353,-0.40358138516843317,0.17198577529862522
1789063931814936000,38.95793603515625,0.4518307445526123,-0.1868172875970602,0.38846013267580415
1789063931824973300,38.96797338867187,-1.5851532222032545,0.018054127606749532,0.44238677051141856
1789063931835011300,38.97801123046875,-0.7372884391218424,-0.28593875608444214,0.5118684491470455
1789063931845048000,38.98804809570313,-0.7391191616803408,-0.2837538132607937,0.507594680817984
1789063931855085300,38.99808520507813,0.8144067501157521,-0.8236176460534333,0.3698892511859536
1789063931865123300,39.00812329101562,-0.20550620597600935,-0.26457214292883874,-0.004023044971004129
1789063931875160300,39.01816040039063,0.1649304499596357,0.005586275699734688,0.039901710946019735
1789063931885197000,39.028197021484374,0.5616518862307072,-0.1858709466576576,0.23692529872627927
1789063931895235300,39.0382353515625,1.647204896968603,0.19165186814665794,0.45318939261995256
1789063931905272300,39.048272216796875,1.6427987709641456,0.19677754059731958,0.45009358202908184
1789063931915310000,39.05831005859375,2.274365904942155,0.10547872855961322,0.7423908037621527
1789063931925347300,39.068347412109375,0.5285848984092474,0.9629483753323554,0.3085451401680708
1789063931935384300,39.07838427734375,0.8625766145229339,0.6393097109287977,-0.0034544695691205557
1789063931945422000,39.088422119140624,0.8708668884843588,0.629859161016345,-0.003042929626163095
1789063931955459300,39.09845922851562,-0.747901018550992,0.6228910755693912,-0.05940923396516591
1789063931965496300,39.10849633789063,-1.0490092867165803,-0.3198153067231178,0.4688507068060338
1789063931975534000,39.1185341796875,-2.0367606793940065,-0.4560521616399288,0.475834866604954
1789063931985571000,39.12857104492188,-2.6573288649737834,-0.5323153171092272,0.5979040068943053
1789063931995608300,39.1386083984375,-0.8888730852961539,-1.577222429203987,0.875739755217731
1789063932005646300,39.14864624023438,-0.021271336087584494,-1.8995283836990593,1.0007345006301998
1789063932015683000,39.15868310546875,-0.5078723652482032,-1.4179203405201435,1.0266631610043346
1789063932025720300,39.16872021484375,-0.6206617090821266,-0.8272726614296436,0.6397378001477569
1789063932035758300,39.17875830078125,0.014577391406893729,-0.5488718996345997,0.590935044664517
1789063932045795300,39.18879541015625,-0.0011555997759103774,-0.5311679006397724,0.5965184708200395
1789063932055833300,39.198833251953126,1.4621464357376097,0.38353228435218334,0.10193363069812766
1789063932065870300,39.208870361328124,0.4633838197022676,1.0910399177163839,-0.2895570927120745
1789063932075907300,39.2189072265625,0.5986199731439351,1.3440776901960372,-0.7331766929540783
1789063932085945300,39.2289453125,1.652971789932251,0.7693044565856456,-0.7253080054055899
1789063932095982300,39.238982421875,1.4878490322709084,0.5163531933456659,-0.23001933699641375
1789063932106019300,39.24901928710938,1.350568221259117,-0.09198328717052937,0.5246817534908652
1789063932116057000,39.25905712890625,-0.5004992061316966,-0.05923369473516941,0.8118824923351406
1789063932126094300,39.26909423828125,-1.1531664112836122,0.0034258827954530714,0.3781664464700967
1789063932136131300,39.27913134765625,-0.4207353490650654,-0.755385236826539,-0.21462544157486407
1789063932146169000,39.289169189453126,-0.4178454728424549,-0.7587456531703471,-0.20868319204431027
1789063932156206300,39.299206298828125,-1.5000906742066145,-0.1373608905106783,-0.857790476224944
1789063932166243300,39.30924340820312,-0.6513397559404372,-0.615481676095724,-0.20595351135209203
1789063932176281000,39.319281005859374,-0.22287352036237715,-0.2814221554428339,0.13320641944603995
1789063932186318000,39.32931811523437,0.13999006997048855,0.16211071636378765,0.35594486045297236
1789063932196356400,39.3393564453125,0.4069716121286154,0.33570611881613727,0.3008683949951082
1789063932206393300,39.34939331054687,1.0457938318014144,0.7564046430021524,0.03295519801005721
1789063932216430000,39.35943017578125,0.5382715951651335,1.1480904231935738,0.04897327147824689
1789063932226468400,39.36946826171875,0.9979004462480544,1.1392752485752105,0.25625938314097
1789063932236505300,39.37950537109375,1.3822744421213864,0.8392372399896383,0.48409839868992566
1789063932246542300,39.389542236328126,0.858001561692357,0.7190899346083403,0.6857425224103033
1789063932256580400,39.39958032226563,-0.28408991334736344,0.6137403853863478,0.8561400786694139
1789063932266617300,39.409617431640626,-0.5130933147668838,0.14473054249584674,1.2198979874935
1789063932276654300,39.419654296875,-0.2619236742466688,-0.6023731881976128,1.2265149944804608
1789063932286692000,39.429692138671875,-0.6134229900002479,-0.8272937042176723,1.0012783982485531
1789063932296729300,39.43972924804687,-2.041588830202818,-0.8267740642577409,0.9234231512822211
1789063932306766300,39.44976635742187,-2.1230852101504802,-0.8915817597329616,0.7592224038366228
1789063932316804000,39.45980419921875,-1.0811170741170644,-0.9744336459428071,0.7668342670798302
1789063932326841300,39.46984130859375,0.8083212927222252,-1.4364713117331265,0.9472761013608425
1789063932336879400,39.47987939453125,0.27392566220760345,-0.836589355829358,1.3287864514313636
1789063932346916000,39.489916015625,0.26501871765255924,-0.8264280272990465,1.3422135037593543
1789063932356953000,39.499953125,0.5340981088727712,0.41316812868118286,0.7344312961250543
1789063932366991400,39.50999145507812,1.6954326290428638,0.4236936143487692,0.17045027282703668
1789063932377028400,39.5200283203125,1.69139241374135,0.42846565105617046,0.18186101689655332
1789063932387065000,39.530065185546874,1.4109271206319332,0.8773860611200333,0.4078169769115746
1789063932397103400,39.54010327148438,-0.28554420380890366,1.2843939136058091,0.5271594321833923
1789063932407140400,39.550140380859375,0.2250193002194166,1.1414759734898805,0.5466236823163926
1789063932417177000,39.56017700195312,2.4712930831432343,-0.34263153416514397,0.3873984947936609
1789063932427215400,39.57021533203125,1.7989204760462045,-0.28872575645446774,-0.13861147509366273
1789063932437252400,39.58025244140625,-0.788401371243596,0.5317816486239433,-0.342304055776447
1789063932447289300,39.59028930664063,-0.7838882777333259,0.5268699111849069,-0.33473931961059566
1789063932457327400,39.60032739257812,-0.23197394166290758,-0.39389527293443677,-0.04955198468165472
1789063932467364400,39.6103642578125,-0.45535716511309143,-0.3859352538406849,-0.07280647567678243
1789063932477402000,39.62040209960937,-0.4561164590477943,-0.3847995278090238,-0.06359004504745826
1789063932487439000,39.63043920898438,-0.8949673105180262,-0.14780921928882598,-0.7376420017998665
1789063932497476400,39.640476318359376,-0.8911112196117639,0.12134031455814838,-0.643367461887002
1789063932507514000,39.65051416015625,-0.004962006321549415,-0.2964741786241531,-0.07130639157844706
1789063932517551000,39.660551025390625,0.40632279283106326,-0.33545068275034423,0.4345206767788157
1789063932527588400,39.67058837890625,0.462122421464324,-0.43776422527730463,0.6090528120920061
1789063932537626400,39.68062646484375,-0.42106326584517956,-0.0843611217290163,0.0928806744016707
1789063932547663000,39.6906630859375,-0.11994856793880462,0.0519008676290512,-0.41371297614760694
1789063932557700000,39.7007001953125,1.099018056988716,-0.6156120244771242,-0.49285102946609255
1789063932567738400,39.71073828125,1.0990309164702892,-0.6155839674264192,-0.49172502111084754
1789063932577775400,39.720775390625,0.9280155936390161,-0.4530015418976545,-0.40737306906897575
1789063932587812000,39.73081201171875,-1.5038842212706804,0.11406886225044727,-0.2560395481115207
1789063932597850400,39.74085034179687,0.05229658894836902,-0.4027531176507473,-0.4554886825382709
1789063932607886800,39.750886962890625,1.4554758719325065,-1.0073819758206606,-0.21755469995979218
1789063932617924600,39.760924560546876,0.6733014123797416,-0.7351449973523616,0.17154005909143014
1789063932627961600,39.770961669921874,-0.11066928294003009,-0.46180502607822416,0.14954362359968945
1789063932637998600,39.78099853515625,-0.6523001254051923,-0.2530126380383968,0.06779438313581049
1789063932648036600,39.79103662109375,-0.6557943972617387,-0.2489835286527872,0.06922956703808159
1789063932658073600,39.80107348632812,0.0504892472654581,-0.06145137078464031,-0.48901104944441465
1789063932668110600,39.81111059570313,1.105077795419097,-0.05427344197928905,-0.7306767658971249
1789063932678148900,39.82114892578125,0.6190729785859584,0.34623920326828955,-0.6927458253011107
1789063932688185600,39.831185546875,0.23471768741309643,0.9670692546546459,-0.2164706675827503
1789063932698222600,39.84122265625,1.2644751611709595,0.610489274635911,0.16832146237110718
1789063932708260900,39.8512607421875,1.4244149632364511,0.7398667651772499,0.42676703044474124
1789063932718297600,39.861297607421875,1.4948977817386389,0.7739391306489706,0.1646073737514205
1789063932728334600,39.87133447265625,0.9241489813387394,0.837260971480608,-0.4436117822617292
1789063932738372600,39.88137255859375,0.5269119967609643,0.9866080678611994,-1.0021393259268254
1789063932748409900,39.891409912109374,1.0851526132434606,0.3525631455928087,-1.0813856619253754
1789063932758446600,39.90144653320313,-0.5163076006382703,0.42249651351869105,-0.5531493577580898
1789063932768484600,39.91148461914062,-1.4084592692136764,0.28464345557689663,0.05960402588490396
1789063932778521900,39.92152197265625,-1.337119541621208,-0.5926537582159042,0.3715872872754931
1789063932788559600,39.9315595703125,-1.3254735274910927,-0.6058055007338523,0.3695280897233635
1789063932798596600,39.9415966796875,-1.5388731170654295,-1.2059493224442004,-0.2293961453304626
1789063932808633600,39.951633544921876,-0.2935825488358736,-1.9288591076016426,-0.021005141165759415
1789063932818671600,39.96167163085938,-0.29439854139387606,-1.9281313778489828,-0.026083522142283617
1789063932828708600,39.97170849609375,-1.318320733126998,-1.1441864014923573,0.466671536136046
1789063932838745600,39.98174560546875,-0.6772258923470974,-0.9721382284820079,0.3688962580932304
1789063932848783600,39.99178369140625,-0.02264437800645828,-0.5390531009316444,0.11766115112137049
1789063932858820600,40.001820556640624,0.47219256457984443,0.3492126661211252,0.057144083778467025
1789063932868857600,40.01185766601562,1.3383441149801014,0.4669663543641567,0.06560191459283232
1789063932878895900,40.021895751953124,0.7269932550787925,1.1687503493845461,-0.1250626412832178
1789063932888932600,40.0319326171875,0.7231734045296907,1.1729705974280833,-0.12949585622400045
1789063932898969600,40.04196948242188,1.4470996732532977,1.0110574494630098,0.01815895795440301
1789063932909008000,40.0520078125,1.5653671562373637,0.9512795648485421,-0.03142892002454027
1789063932919044600,40.06204467773438,1.5739198805272578,0.9414256948322057,-0.034100459055043754
1789063932929081600,40.07208154296875,-0.11165420232415199,0.37203707686960696,-0.063901869209297
1789063932939119600,40.08211962890625,-0.5494610976994038,0.5003372935682535,-0.47938364512771364
1789063932949156900,40.092156982421876,0.007951251265406608,-0.494521300765872,-0.4841206105217337
1789063932959194600,40.10219458007813,-0.7127443649739027,-0.3817600139826536,-0.431881304718554
1789063932969231600,40.112231689453125,-1.1556973910659551,-0.43131344170272345,-0.4207720278136432
1789063932979268900,40.122268798828124,-1.2735107005417345,-0.2780997330218553,-0.26502065388131885
1789063932989306600,40.132306640625,-0.3533586798846721,-0.6073083065122366,-0.25000938283549623
1789063932999343600,40.14234350585937,-0.8676204539090394,-0.15078618927299975,-0.42467239625304937
1789063933009380600,40.15238061523438,-0.837516407546401,0.4349439071595669,-0.7351644327051937
1789063933019418600,40.16241870117187,0.9609189153313636,-0.27269582815170285,-0.6916973391614853
1789063933029455600,40.17245556640625,0.956155061930418,-0.26745500488877294,-0.6979792689751834
1789063933039492600,40.18249267578125,0.4485235197007656,0.6523766977727413,-0.4737902821000665
1789063933049530600,40.19253051757813,-0.11009586696624755,0.796101862618327,-0.156750760233216
1789063933059567600,40.202567626953126,0.9969295553892851,0.46553369121253485,-0.10622072429964319
1789063933069604600,40.2126044921875,0.3880108910709619,0.31188802085518835,0.3077064608542248
1789063933079643000,40.22264282226563,0.49498833375573154,-0.008470891225337982,0.8799324576672166
1789063933089679600,40.2326796875,0.34188977588713165,-0.590132715305686,0.9753872934058309
1789063933099716600,40.24271655273437,-1.0713315931618212,-0.2578063020557165,0.6914718598425388
1789063933109754600,40.252754638671874,-0.8475503103047609,-0.876772897657752,0.5228542458027601
1789063933119791900,40.2627919921875,-0.8451566931664943,-0.8794587757408618,0.5231591835660859
1789063933129828600,40.27282861328125,-1.427397193917632,-0.4853665189296007,0.4027996967388317
1789063933139866600,40.28286669921875,0.2580868725627661,-0.9164525816172361,0.5820007006458938
1789063933149904000,40.29290380859375,0.2504173608481884,-0.9078414051383733,0.579417113893479
1789063933159941600,40.30294165039062,-0.9006383418917655,0.3463794885218143,1.5483014551460743
1789063933169978600,40.312978515625,0.01112228251695633,0.3690115915685892,1.1559747467026114
1789063933180015600,40.323015625,0.003392565047740936,0.37797932640016074,1.1642848213430494
1789063933190053600,40.3330537109375,1.9813328066825866,0.45282443176507947,-0.018881089083338156
1789063933200090600,40.343090576171875,1.2304384515345095,0.6415232953250408,0.2609620992055163
1789063933210127600,40.35312768554687,0.11719371627271175,1.0191799656420946,0.7402799490880221
1789063933220165600,40.36316552734375,0.7225865445524454,0.5478104078829288,1.0648801520001143
1789063933230202600,40.37320263671875,2.3414438834369182,-0.2677192087829113,0.9991494233958422
1789063933240239600,40.38323950195313,1.5983961501359938,-0.22078151651918887,0.7644870463665574
1789063933250277600,40.39327758789062,-0.8895324259877204,0.3666197279959917,0.6685180505607277
1789063933260314600,40.40331469726563,-1.6434528509587047,0.24508418312668798,0.5375850011404604
1789063933270351600,40.4133515625,-0.5340601149499417,-0.4965817404270172,0.8209941656820475
1789063933280390000,40.42338989257812,0.6624181993156671,-1.1317559589862822,0.9117484955795109
1789063933290426600,40.433426513671876,0.8245376835078001,-1.2698211983740328,0.5407937340538949
1789063933300463600,40.443463623046874,-0.9493833758383988,-0.6861269916832446,0.19882554090199991
1789063933310501600,40.453501708984376,-1.8059043435841797,-0.489661001253128,0.05037426084997132
1789063933320539000,40.463538818359375,-1.8089666537642477,-0.48613574973642826,0.05322744005769491
1789063933330576600,40.47357666015625,0.8067728942364454,-1.1495090578198432,0.8423656011432409
1789063933340613600,40.48361352539062,1.502549173274636,-1.1565431942403315,0.8911291205946356
1789063933350651000,40.49365087890625,-0.34139000967144967,-0.2880307599276304,0.4781140635833144
1789063933360688600,40.503688720703124,-0.3469558271050453,-0.2815168479889631,0.4848678486924618
1789063933370725600,40.5137255859375,0.20345453414320944,0.3309486951559782,-1.1746975673511624
1789063933380762600,40.5237626953125,2.125759982317686,-0.24680267748236653,-1.2544248917996883
1789063933390800600,40.53380053710937,1.1231757621675729,0.38948154814541336,-1.0403443342238663
1789063933400837600,40.54383764648438,-0.8947790944695472,1.095528461307287,-0.6413401938430965
1789063933410874600,40.55387451171875,-0.6123351947635411,0.8824749086916446,-0.686179817849025
1789063933420912600,40.56391259765625,1.1254875462412834,0.3130611562877893,-0.7107596208974719
1789063933430949600,40.57394970703125,2.146907399764657,-0.487312976822257,-0.4252039458464831
1789063933440986600,40.58398657226562,0.3986047657996416,-0.05227086998522281,-0.6834899211779236
1789063933451025000,40.59402490234375,-1.171307632651925,0.3073807725638151,-1.2092660457767546
1789063933461061600,40.6040615234375,-2.1406699666798112,0.21904782459437847,-1.4945944148778914
1789063933471098600,40.6140986328125,-0.09465864385962486,-0.3895850085198879,-1.78609781935215
1789063933481136600,40.62413671875,0.48915948147177696,-0.7084124732494353,-1.5048182872503995
1789063933491173600,40.63417358398438,-0.6726262895971536,-0.05545709880590439,-1.2698995243072508
1789063933501210600,40.644210693359376,-0.8399304829508065,0.2778969039261341,-1.1498567022137343
1789063933511248600,40.65424853515625,-0.845302823638916,0.2837567358702421,-1.1628349878609179
1789063933521286000,40.66428588867188,0.43761458767354483,0.5467518387407064,-1.1618558406304567
1789063933531323600,40.67432373046875,0.5074439107030629,0.6640139440745115,-1.1525509827990084
1789063933541360600,40.684360595703126,0.3538742281913757,0.8750865520060062,-1.1579415897961705
1789063933551397600,40.694397705078124,1.508203838035464,0.6433657083213329,-1.3285399293243885
1789063933561435600,40.704435546875,1.2133973003625869,0.6418740084588528,-1.1315545911952853
1789063933571472600,40.71447265625,1.218589608308673,0.6359586469352245,-1.1516766111172736
1789063933581509600,40.72450952148437,0.20122809026539323,0.49066637890338893,-0.6565145282298326
1789063933591547600,40.734547607421874,-0.9283750746011733,0.7422925310194491,-0.4334191452777013
1789063933601584600,40.74458471679687,-1.43415192887485,0.35962475454211235,-0.3107213882286101
1789063933611622000,40.75462182617188,-1.4248597843945026,0.3493962059944868,-0.3296232917711139
1789063933621660000,40.76465991210937,-1.2885814284235237,-0.7728367223650217,-0.24473398144952951
1789063933631697000,40.77469677734375,-1.9054893379300832,-0.7508838337540626,-0.20217592904213816
1789063933641734000,40.78473388671875,-1.2252338686287403,-1.2238900528043508,0.06873747267220169
1789063933651772000,40.79477197265625,-0.4075748387187719,-1.5293226139098406,0.17250486726928502
1789063933661809000,40.804808837890626,-0.41475919726490973,-1.5209966841131448,0.15942482001436872
1789063933671846000,40.814845947265624,-1.2999603160500526,-0.39240649568140507,0.1465601142768748
1789063933681884000,40.8248837890625,-0.990778631544113,0.08740005103349685,0.21999378194129093
1789063933691921000,40.8349208984375,-0.025197569620609282,0.48584348879158495,0.38665739410277455
1789063933701958000,40.8449580078125,1.7093559404551981,0.372868851518631,0.2751597888461314
1789063933711996000,40.854995849609374,1.7035387786090372,0.37967560892403124,0.26912080094283447
1789063933722033000,40.86503295898437,0.7661597288191319,1.3263222532749175,0.008672660875134169
1789063933732070000,40.87506982421875,1.0051023404508828,0.8943903874129057,0.3653540189091116
1789063933742108000,40.88510791015625,1.6208143181711434,0.2889782699108124,0.6974620401680469
1789063933752145000,40.89514477539063,1.6292080525070427,0.2796802802115679,0.6903385449636728
1789063933762182000,40.905181884765625,-0.0011620295166969298,-0.0933797099649906,0.852342732213065
1789063933772220000,40.91521997070313,-0.3140741327226162,-0.18038403967916963,0.19866092492481693
1789063933782257000,40.9252568359375,-0.3083797204732895,-0.18680150550603866,0.19840563498949632
1789063933792295000,40.935294921875,-0.9536883795559405,-0.4251882368206978,-0.03817612926242873
1789063933802332000,40.945331787109374,-0.699931060630083,-0.5871645131498575,0.2841431779045612
1789063933812369000,40.95536889648437,-0.2912783635467291,-0.39942017383575434,0.5969593464553355
1789063933822406700,40.96540673828125,-0.3987041345208883,-0.25353403156399723,0.843694073268026
1789063933832444000,40.97544384765625,-0.6015285540670157,0.526403462716937,0.5280419506389648
1789063933842481000,40.98548095703125,1.2364140188127755,0.24904314988553522,0.3318886063545942
1789063933852519000,40.99551879882812,0.9669996965497731,0.48177755452692506,0.2412942527918145
1789063933862556000,41.00555590820313,0.4390238699495792,1.1349649841606617,-0.14134994188053532
1789063933872593000,41.01559301757813,0.02518061848580837,0.943732218208909,-0.20079696883913128
1789063933882631000,41.025630859375,0.40998599151372905,0.8043284236937761,-0.08831314729042351
1789063933892667600,41.035667724609375,1.3334265323221683,-0.04989361945986748,0.17423874185718594
1789063933902705000,41.045704833984374,1.3425158477067947,-0.060336103019118306,0.17880919157788155
1789063933912743000,41.055742919921876,-0.385381127089262,-0.20416005206406115,0.9070976740989833
1789063933922780000,41.06577978515625,-0.37740181877315043,-0.21342004784047602,0.9169847887977958
1789063933932817000,41.07581689453125,-0.6236492004603147,-0.7044599362313747,0.45967627042122183
1789063933942855000,41.08585498046875,-0.5846779570311308,-1.2521850039184093,0.24701328802574424
1789063933952892000,41.09589184570312,-0.9348889865398406,-1.0142156212329865,-0.044813457518210635
1789063933962929000,41.10592895507813,-0.9376432536840438,-1.0112877510875462,-0.03626171960900537
1789063933972967000,41.115966796875,0.9245973096281289,-1.2978770800352095,-0.031972771977121006
1789063933983004000,41.12600390625,1.4621622178286313,-1.2476362545728683,0.355743383064121
1789063933993041000,41.136041015625,-0.9089905751734971,0.030916531789302825,0.5164750661596655
1789063934003079000,41.14607885742188,-0.6604162118434905,0.5408692104429006,0.365469571580179
1789063934013116000,41.156115966796875,0.9198913238942623,-0.04792787234485149,0.005067836749623529
1789063934023153000,41.16615283203125,1.5809937644362448,0.2875982137292623,-0.11173501247540116
1789063934033191000,41.17619091796875,1.5805203017055987,0.28807226098179817,-0.10100314491498283
1789063934043228000,41.18622778320312,0.5115197818398476,0.5654588772982359,0.40460817093290385
1789063934053265000,41.19626489257813,1.4909680410742758,0.2771253350317478,0.30731614636238663
1789063934063303000,41.20630297851562,1.4950865823090076,0.2724684491366148,0.32466808051653206
1789063934073340000,41.21633984375,-0.051824295261502264,0.6849918501734733,0.5587866695253179
1789063934083378000,41.2263779296875,-0.48245735348463054,0.5187766211003065,0.7841445905819535
1789063934093414700,41.23641455078125,-0.48823476784229275,0.2836351553171873,1.006243619440496
1789063934103452000,41.246451904296876,-0.5216320105314255,0.15505962880849838,0.9912740138456225
1789063934113490000,41.25648999023438,-0.5541203216820955,-0.11413374418020247,1.1763834015462546
1789063934123527000,41.26652685546875,-0.3552718200296163,-0.40469723745584485,0.9983322617940604
1789063934133564000,41.27656396484375,-1.1482266167938708,0.04128945724368095,0.4632696552706882
1789063934143602000,41.286601806640626,-1.1084224296718834,-0.08233166172802447,0.5732588104594498
1789063934153639000,41.296638916015624,-0.7727952213108539,-0.14094927039146424,1.0316285283267497
1789063934163676000,41.30667602539062,-0.7767121024936438,-0.13604688530266285,1.0494845030128954
1789063934173714000,41.3167138671875,0.30599311759769915,-0.3273223213523626,2.2934990599572656
1789063934183751000,41.3267509765625,0.39232349357306956,-0.09475801258087158,1.6951812846302985
1789063934193788000,41.33678784179688,0.40320261498391624,0.1446194833368063,0.8548177440244704
1789063934203826000,41.34682592773437,-0.8257903139173984,0.40436055284738537,0.09817881734240799
1789063934213863000,41.35686279296875,-0.8270727549433707,0.4067459866791963,0.11861129145305603
1789063934223900000,41.36689990234375,-0.17573533709049224,0.02467968322634697,0.36450978663731365
1789063934233938000,41.37693798828125,-0.6353226871192454,0.18895079249441624,0.6186405785180628
1789063934243975000,41.386974853515625,-0.6333768137484789,0.188102651232481,0.6432344831570983
1789063934254012000,41.39701196289062,-0.05073416193723678,-0.5349035800367593,0.34992786518577484
1789063934264049700,41.407049560546874,-0.14149229122698306,-0.4093658137887716,0.08351831422932446
1789063934274087000,41.4170869140625,-0.5323942275643349,-0.2570142748951912,-0.02528627081736922
1789063934284124000,41.4271240234375,-0.5356020836949348,-0.2525216396510601,-0.01248955228216946
1789063934294162000,41.43716186523437,-0.7266682609081268,-0.2001274355471134,0.4576003409299999
1789063934304199000,41.44719897460938,-0.3739677526712417,0.04813420857191086,0.622029782564938
1789063934314236000,41.45723583984375,-0.3839502175033092,0.06098901396989822,0.6422802511721849
1789063934324274000,41.46727392578125,1.2383499553114174,0.3128010440468788,0.04186813391447067
1789063934334310700,41.477310546875,0.6680027214497327,0.8908177896231413,-0.24559096360504626
1789063934344348000,41.487347900390624,0.6639975774616003,0.8964005581915379,-0.23359712241794914
1789063934354386000,41.497385986328126,1.4613205063074826,0.9678414080709219,-0.22692480504717677
1789063934364423000,41.5074228515625,2.363139582416415,0.13086685231626033,0.11144377444386482
1789063934374460000,41.5174599609375,0.09702128133773803,1.1892547927528618,0.09146909057069569
1789063934384498000,41.52749780273437,-0.3037678427636623,0.7528466582596302,0.40496882093884046
1789063934394535000,41.53753491210937,0.7614227634251117,0.03493336621522903,0.019223463647067545
1789063934404571600,41.547571533203126,0.5614858820140362,0.4247732262790203,-0.3402615170981735
1789063934414610000,41.55760986328125,0.5669388867229223,0.41905426411032676,-0.3352168009292334
1789063934424647000,41.56764697265625,-1.9685878913998602,0.4565910908222198,-0.17114019131995736
1789063934434684000,41.577683837890625,-2.659216870677471,0.5738140331894159,0.19286990216691047
1789063934444722000,41.58772192382813,-2.6571576000601054,0.5720213045537471,0.19854389268271624
1789063934454759000,41.597759033203126,-1.0940075353503227,-0.49207741474509237,-0.13861724724732338
1789063934464796700,41.607796630859376,0.044812370672822,-0.8054442759811877,-0.3101156774204224
1789063934474834000,41.617833984375,-0.8279764257848262,-0.7484744345247745,-0.2057576234538108
1789063934484871000,41.62787084960937,-0.6944178501665592,-0.3798953891545534,-0.19397285844013093
1789063934494909000,41.637908935546875,0.5000689980208873,-0.5903811371088028,-0.43377398659735916
1789063934504946000,41.64794580078125,0.6041729310959577,-0.16620646124482155,-0.6820221867129206
1789063934514983000,41.65798291015625,0.6723211691707373,0.2147936742812395,-0.527477813950181
1789063934525021000,41.66802099609375,1.1205448291420936,0.27550504035353657,-0.4073047896057367
1789063934535057700,41.6780576171875,1.1184762061744928,0.2774415613740682,-0.411650563725084
1789063934545095000,41.688094970703126,0.24111995567083358,0.7455296132445335,-0.1365299926444888
1789063934555133000,41.6981328125,-0.05637362912893295,0.7070277408927679,-0.011191036904230713
1789063934565170000,41.708169921875,1.4786837290406227,-0.26577216636836526,0.24374745463021097
1789063934575207000,41.71820703125,1.4146084394931793,-0.6426192738682032,0.6120547703869641
1789063934585245000,41.728244873046876,0.1976362032532692,-0.2363964342802763,0.688912823009491
1789063934595282000,41.738281982421874,-0.5620891086041927,-0.29249650716483594,0.517586315337196
1789063934605319000,41.74831884765625,-0.6001052432656288,-0.08397124562859534,0.38232999589033423
1789063934615356700,41.75835668945312,-0.6852583921551704,0.001679331389069557,0.48476212329566476
1789063934625394000,41.76839379882812,0.7165630464792251,-0.18919336907863615,0.979221830067411
1789063934635431000,41.77843090820313,0.3731774790763855,-0.3185387109160423,1.3828579410977662
1789063934645468700,41.78846875,0.37310499836206434,-0.3187064686983824,1.3801897448018192
1789063934655505700,41.798505615234376,-0.7138426816046237,0.5459411068797111,1.093107590835914
1789063934665543000,41.80854296875,2.244995433551073,-0.42393852902054785,0.33790238675139844
1789063934675580700,41.81858056640625,1.514673910832405,-0.11001169581413268,0.28985136295091357
1789063934685617700,41.82861767578125,-0.16266250502765178,0.48493864890635013,0.3141767163142562
1789063934695655000,41.83865502929687,-0.5767395652472973,0.6056921034872531,0.6113639385785907
1789063934705692700,41.848692626953124,0.29886896480619907,-0.06798223385810852,1.0822045770928264
1789063934715729700,41.85872973632812,0.7855261080682278,-0.17627543531656265,1.0224426206998527
1789063934725766700,41.8687666015625,0.5531821640491486,-0.08143851228058338,0.8448163552962243
1789063934735804700,41.8788046875,-0.10251169544756412,-0.29446050071418284,0.979322002506256
1789063934745841700,41.88884155273438,-0.09680676180422305,-0.3009095307230949,0.9794264857940376
1789063934755878700,41.898878662109375,-0.2544733582407236,-0.7061831067621708,0.9825107155449688
1789063934765917000,41.9089169921875,-0.6072972005963325,-0.6824082634210586,0.7361980135366321
1789063934775953700,41.91895361328125,-0.18291385041773317,-0.9076952746659517,0.3125775374893099
1789063934785990700,41.92899072265625,-0.7056184586167336,-0.6313783334076404,0.00468147234711796
1789063934796029000,41.93902880859375,-0.6531739856302737,-0.30727848123311996,0.16753456804342567
1789063934806066000,41.94906591796875,0.7156231352806091,-0.5012549929350614,0.307142287632823
1789063934816102700,41.9591025390625,0.6921645182818174,-0.03633680327236652,1.0051230179127306
1789063934826140700,41.969140625,-0.07391805364787578,0.42395489563345906,1.540582551331818
1789063934836178000,41.97917797851562,0.05698620806932449,0.9583376666665077,1.2636024699896573
1789063934846214700,41.989214599609376,0.05317512534856796,0.9628367316514254,1.265216334927082
1789063934856252700,41.99925268554688,1.2404729388147593,0.7962953393638134,0.32254783695954825
1789063934866290000,42.0092900390625,1.0065770891785621,0.7132710191965103,0.1541748453306034
1789063934876327000,42.019326904296875,0.5139700976014137,0.7504974647849798,0.24383425613082943
1789063934886364700,42.02936474609375,0.6644231093972921,0.3557259935379028,0.18893311070725322
1789063934896401700,42.039401611328124,-0.635690935909748,0.42118952257335185,0.3519101981094107
1789063934906439000,42.04943896484375,-1.3651251543998717,0.6242185247808695,0.3591127864319831
1789063934916476700,42.0594765625,-0.0016834230422973632,-0.1820154402732849,0.2870328714640811
1789063934926513700,42.069513671875,0.4263631258189678,-0.3174801417738199,0.15678754857964813
1789063934936551000,42.07955102539062,0.018495441633462905,-0.2942541644871235,0.2766007266357541
1789063934946588700,42.08958862304687,0.019979542711377144,-0.29678105261623855,0.2670271713981405
1789063934956625700,42.09962573242188,-0.7420376794755459,0.06933014133572578,0.24356833520364016
1789063934966662700,42.10966259765625,-0.3502507769972086,-0.04747194527089595,-0.04781557107679545
1789063934976700700,42.11970068359375,-0.869251269981265,0.33534956046342845,-0.21789744898285715
1789063934986737700,42.129737548828125,-0.08668810337185859,0.0955149684280157,0.08709102161694318
1789063934996774700,42.13977465820312,-0.7696639375478029,0.2929500961512327,0.4370311617624014
1789063935006813000,42.14981298828125,0.3707540513217449,0.22835808925330636,0.520754716240242
1789063935016849700,42.159849609375,1.1157219390302895,-0.4038467581063509,0.4388368960101157
1789063935026886700,42.16988671875,0.3146820354878902,0.02627951963841915,-0.3122219289846718
1789063935036925000,42.179925048828125,0.3160013013929128,0.02368307340443134,-0.32661508639845993
1789063935046961700,42.18996166992188,-0.5290881717562675,0.028359833043813704,-0.6977877649910748
1789063935056998700,42.19999853515625,0.03399403953850269,-0.113601244738698,-0.7268661215677857
1789063935067037000,42.21003686523437,-0.6737327895343304,-0.10647124672830104,-0.4713591094303876
1789063935077074000,42.22007397460938,-0.3658259472697973,0.08039455618560314,-0.9413530679874121
1789063935087110700,42.230110595703124,0.8815542867153883,-0.44160979478955265,-0.9924030909407884
1789063935097148700,42.240148681640626,-0.1518435893714428,-0.14946926145553588,-0.6186588448271155
1789063935107186000,42.25018603515625,-0.32161855675280093,0.07785890022814274,-0.8003845083735883
1789063935117223000,42.26022290039062,-2.151592342710495,0.6268482887625694,-0.8018949129365384
1789063935127260700,42.2702607421875,-0.5621481453150511,0.46255146053135393,-1.4370805296726523
1789063935137298000,42.2802978515625,1.227813948249817,-0.11657003141641616,-1.8364578872799873
1789063935147335000,42.2903349609375,1.2264718859910964,-0.11611585790812969,-1.8596182519845663
1789063935157372700,42.30037255859375,0.023903438156843183,0.6928390565425158,-2.592346981975436
1789063935167409700,42.31040966796875,-1.7350035919308662,1.3242688278764485,-2.861560520969331
1789063935177447000,42.32044702148438,-0.5377578004240989,0.9254998114258051,-2.788290117575228
1789063935187484700,42.33048461914063,0.8242799093544483,0.20871230854094028,-2.5467916839808225
1789063935197521700,42.340521728515625,1.3068155887722968,0.24008535192608832,-2.511221188905835
1789063935207559000,42.350558837890624,0.24955577558279035,0.527546787533164,-2.3786112923145293
1789063935217596700,42.3605966796875,-0.16572715329527854,0.6359867039859295,-2.337981175762415
1789063935227633700,42.37063354492187,1.5827344706237316,0.08202303417026996,-2.479400694014132
1789063935237670700,42.38067065429688,1.5880518662542105,0.07627776851654053,-2.5285668759822846
1789063935247708700,42.39070874023437,-1.4670464827388525,1.008494320976734,-2.197662019968033
1789063935257745700,42.40074560546875,-0.4468319133520126,-0.055637131547927855,-1.9682417083106933
1789063935267782700,42.41078271484375,-0.7291957335591316,-0.2753127326518297,-2.0736358273267745
1789063935277821000,42.42082104492187,-0.6430874759018421,-0.3521048804312944,-2.291562246675789
1789063935287857700,42.430857666015626,-1.3444208045452832,-0.9784493113249539,-2.0954684505589305
1789063935297894700,42.440894775390625,-0.960509750008583,-0.8259089718610048,-1.9734632423512637
1789063935307933000,42.45093286132813,0.7073124030530452,-1.8857424349308012,-1.4697972427517174
1789063935317970000,42.460969970703125,0.5577285753071308,-1.7309283053159712,-1.6164026392087338
1789063935328006700,42.47100659179687,-0.7236644029170274,-0.8595154733866452,-1.9782003538757562
1789063935338044700,42.481044677734374,-1.446755974382162,-0.49368134281039233,-1.8989586209870875
1789063935348082000,42.49108203125,0.4020493532955646,-0.816173175266385,-1.670046697243303
1789063935358118700,42.50111865234375,1.141413429647684,-0.9389970063805579,-1.3178360183499753
1789063935368156700,42.51115673828125,-0.07751753944456577,-0.2768114467769861,-1.1551933140013366
1789063935378194000,42.52119384765625,1.0248393065780401,-0.5316659132897854,-1.168363834284991
1789063935388231000,42.53123095703125,0.7306161217510699,-0.57539165776968,-1.2903726957544683
1789063935398268700,42.5412685546875,1.3039520160347222,-0.4736258122533559,-1.3171429215192794
1789063935408305700,42.5513056640625,1.7379659488677976,-0.7003098308146,-0.9629970367796719
1789063935418343000,42.561343017578125,1.0594938558518885,-0.3328051366776228,-0.8836177220512181
1789063935428380700,42.571380615234375,0.5502233142435551,-0.14768880777955054,-0.7298064858686178
1789063935438417700,42.58141772460937,0.2692880655348301,-0.023336451923847198,-0.9032750470709056
1789063935448455000,42.59145483398437,0.8088274886786937,-0.18201485575139523,-0.9052494158837944
1789063935458492700,42.60149267578125,-0.33131226777136324,0.058032502251863474,-0.7928156805545091
1789063935468529700,42.61152978515625,0.5319079053521156,0.15811024855077266,-0.6975331326428801
1789063935478566700,42.621566650390626,0.5278565841346979,0.1662427016019821,-0.7210217794537543
1789063935488604700,42.63160473632813,0.6372229677826166,0.04384264885783195,0.0651676878940314
1789063935498641700,42.6416416015625,0.3783125038772821,0.1284931089222431,0.12774053698927162
1789063935508678700,42.6516787109375,-0.7380109081774949,0.41055180870294566,0.44470571497827766
1789063935518717000,42.66171704101563,-0.6959516356050968,0.4249339697986841,0.3360193494837731
1789063935528753700,42.671753662109374,0.478860790297389,0.014773206239938734,0.16255371089093387
1789063935538790700,42.68179077148437,0.8589502407193184,-0.23310908317267892,0.34292518334947525
1789063935548829000,42.691828857421875,0.2118780790954828,-0.4371884712159633,0.8713543797403573
1789063935558865700,42.70186572265625,-1.0564017350554467,0.18914017758667467,1.0976309865444898
1789063935568902700,42.71190258789063,-0.18422610206007956,-0.20375848552584647,1.2452367922157048
1789063935578941000,42.72194091796875,-0.03523205690085888,-0.602370850110054,0.9197767576038837
1789063935588978000,42.73197802734375,-0.576691634452343,0.09246142607629299,0.6764844993952661
1789063935599014700,42.7420146484375,-0.38026305342316624,-0.15455927807092665,1.0795510669093578
1789063935609053400,42.75205346679687,-0.5205220034629107,0.022092589342594147,1.643110175000876
1789063935619090400,42.76209033203125,0.35866964577436444,-0.002655482944846153,2.3331997867047787
1789063935629127200,42.772127197265625,0.3552081071436405,-0.0013444003462791442,2.3503730398237703
1789063935639165200,42.78216528320313,-0.22753508243262766,0.44233810906410215,2.8310139915362
1789063935649202400,42.792202392578126,-0.22927286601066588,0.43994215383827684,2.860417780674994
1789063935659239200,42.8022392578125,0.18037001115381718,0.8720102133005857,1.5820029414787888
1789063935669277200,42.812277099609375,1.4979828882724047,0.41879999708831306,1.7337009848996996
1789063935679314400,42.822314453125,1.6000550232589243,0.6725853730648755,2.1163798672929404
1789063935689351400,42.83235131835937,0.25893209121525285,0.6904758345425128,2.7639506260886786
1789063935699389200,42.84238916015625,-0.26746494176089763,0.7402239080518483,2.503429804377258
1789063935709426200,42.85242626953125,-1.402697052425146,1.0062246224790812,1.4844159890823065
1789063935719463400,42.86246337890625,-0.6724146926730871,0.7773685205757618,0.8486810679003596
1789063935729501200,42.87250122070313,-0.6639239277034997,0.7640531119287014,0.8812113915618508
1789063935739538200,42.8825380859375,-1.0605816510885953,0.2472358082026243,1.3884826491117477
1789063935749575400,42.892575439453125,-0.22155308541357516,-0.4632926342874765,1.8131462775364517
1789063935759613200,42.90261328125,-1.2349427772164343,-0.5583920076519251,1.842599751035869
1789063935769650200,42.912650146484374,-0.902802826449275,-0.4635539155721664,1.0887555331062524
1789063935779687200,42.92268725585937,-0.6794950063228606,-0.4551058207005262,0.2801211193142459
1789063935789725200,42.93272509765625,-0.0164870244204998,-0.383629899507761,0.05053169816769659
1789063935799762200,42.94276220703125,-0.30839784065186976,-0.5392594371587037,0.5688332491021603
1789063935809799200,42.95279907226563,-0.8633107740163802,0.14967501316070556,0.5867340493107214
1789063935819837400,42.96283740234375,-0.7345335874557495,0.047132922574877736,0.3964695073366165
1789063935829874200,42.97287426757813,-0.7366711840063334,0.047367315852642054,0.4346915398336947
1789063935839911200,42.9829111328125,-0.4157838641375303,0.17762451183795927,-1.39637690949291
1789063935849949400,42.99294946289063,0.4317980103492737,0.08924187950789927,-1.8896428033702075
1789063935859986400,43.002986328125,0.8910936839550733,-0.5449877516776322,-1.9219244860328732
1789063935870023200,43.01302319335937,-0.7873655984550714,0.2962847935318947,-2.018501676864922
1789063935880061200,43.023061279296876,-0.6006751521080732,0.1432505330711603,-1.973959939827025
1789063935890098400,43.033098388671874,-0.3061199588477611,0.05893441952764988,-2.1638182025551793
1789063935900135200,43.04313525390625,1.217190262904763,-0.24431553684175014,-1.997618024920672
1789063935910173200,43.05317309570312,0.050148471003770824,0.030158406898379325,-2.029687233876437
1789063935920210400,43.06321044921875,-0.6211445241630077,0.770665223544836,-2.1105043993882835
1789063935930247400,43.07324731445313,0.33254970061182976,0.1625005924642086,-1.7072829335734248
1789063935940285200,43.08328515625,1.3721680586487055,0.09972060342431067,-1.5704935593403875
1789063935950322200,43.093322265625,1.9949252787053584,-0.15548340717852116,-1.3084170326195657
1789063935960359400,43.103359375,0.4256044164061546,0.31276012751460075,-1.5771709912776946
1789063935970397200,43.113397216796876,-0.98403324893713,1.0515934579908848,-2.036720493514091
1789063935980434200,43.12343408203125,-0.18727730632424353,0.45740532981455323,-1.8821886879719794
1789063935990471400,43.13347143554687,1.0285632955372332,-0.003920388314127922,-1.6305014533184468
1789063936000509200,43.14350927734375,0.7177589782655238,0.13883330115079878,-0.7789536708753556
1789063936010546200,43.15354614257812,0.23230361200869082,0.04816811084151268,-0.10197932387022302
1789063936020583200,43.16358325195313,0.08980945026278496,0.1363064130216837,-0.26507609212929384
1789063936030621200,43.17362109375,-0.1676812099725008,0.3057423577070236,-0.3800375741042197
1789063936040658200,43.183658203125,0.033736849907040595,0.12241057413816452,-0.3795907801847905
1789063936050695200,43.193695068359375,-0.08001870861053466,-0.09531623098552226,-0.018726126850489525
1789063936060732400,43.203732421875,-1.1039724645256996,0.07100187394022942,0.3252786136303097
1789063936070770200,43.213770263671876,-1.0978887606978416,0.06423311045765877,0.3224604874696582
1789063936080807200,43.22380712890625,-0.6044225219428538,-0.935533714184165,0.14426820394741371
1789063936090844200,43.23384423828125,-0.6810831522971391,-0.8902589866966009,0.1990575960922055
1789063936100882200,43.24388208007812,0.6862929958999157,-1.721327533277869,0.3389177378064021
1789063936110919200,43.25391918945313,0.380597399944067,-1.5582044250011444,0.5559104199692606
1789063936120956200,43.2639560546875,-0.9627332712769507,-0.7083920149832964,0.44522396669872105
1789063936130994400,43.27399438476562,0.38866730915307995,-0.8016384539574384,0.8551960758175701
1789063936141031200,43.28403125,0.6031348202198743,-0.6252163036465644,1.1724632324278355
1789063936151068200,43.294068115234374,0.15909925958812235,0.4799754735410213,1.1306266626954078
1789063936161106400,43.3041064453125,-0.13007248706817626,0.6014952363193035,1.292634649337083
1789063936171143200,43.31414306640625,-0.13254910631477831,0.6040852528125047,1.3009069492504
1789063936181180200,43.32418017578125,0.22345687320828436,0.8192956912010908,1.068407814669609
1789063936191218400,43.334218505859376,1.1758230642497538,0.03261573692262173,1.474233179372549
1789063936201255400,43.34425537109375,2.509135614803433,-0.5877046113759279,1.7169858508117497
1789063936211292200,43.35429223632813,0.5259346761614084,-0.07722060232460498,1.6381684808149932
1789063936221330200,43.364330078125,0.3037754415482282,0.07171323707997798,1.2178068604331462
1789063936231367400,43.37436743164063,0.13487141178250311,-0.04681377362310886,1.0074676082774996
1789063936241404400,43.384404296875,-0.011444354078173636,0.19718378331065176,1.0264720223464072
1789063936251442200,43.39444213867188,-0.7671124994993209,0.2034872673690319,1.3375129248529671
1789063936261479400,43.4044794921875,-1.883430066335201,0.830315682387352,0.9538239886343478
1789063936271516400,43.414516357421874,-0.8983020078986883,0.6770756702214479,0.30886114731468256
1789063936281554200,43.42455419921875,1.0687895074635743,-0.08749766618907451,-0.019243086229567413
1789063936291591200,43.43459106445312,1.222282033085823,-0.06447919417321682,-0.2851642097816802
1789063936301628400,43.44462841796875,-0.4532756826639175,0.4933662855118513,0.38697402230389416
1789063936311666200,43.454666259765624,-1.1720774479806422,0.2903875521868467,1.2462743185698986
1789063936321703200,43.464703125,-1.1054010360240936,0.1330722534060478,1.595212259402871
1789063936331740200,43.474740234375,0.41553778042197226,-0.2597112588942051,1.4111352104246615
1789063936341778200,43.48477807617188,1.3976941295713186,-1.052941365468502,1.119757624287158
1789063936351815200,43.49481518554688,-1.173698327180743,0.043403672918677326,0.7839542556416242
1789063936361852200,43.50485205078125,-1.5749737734943627,0.13266893330216406,1.2294253289692103
1789063936371890400,43.51489038085938,-0.12879998291432856,-0.6322831732928752,1.4661565481618046
1789063936381927200,43.52492724609375,0.8453858257472514,-0.3661708151847124,1.0459136587888003
1789063936391964200,43.53496411132812,-0.10632686982154846,-0.2561532741516828,1.317517453920096
1789063936402002400,43.54500244140625,-0.9096019850701094,0.3655290101498365,1.0844785864394157
1789063936412039200,43.5550390625,0.29700375545620916,0.4961088622182607,0.9521475798547268
1789063936422076200,43.565076171875,1.273030808070302,-0.232221194422245,1.3731003710627554
1789063936432114400,43.575114501953124,0.6539402938276528,0.467592377308011,1.539922333857417
1789063936442151400,43.5851513671875,0.5185293683409691,0.5125853652447462,1.545128524198383
1789063936452188200,43.595188232421876,0.757539199990034,0.04876607673466205,1.1376578034412115
1789063936462226200,43.60522607421875,-0.09182195912897587,0.6305898133784532,0.6406532344922423
1789063936472263400,43.61526342773438,0.5974146890074015,-0.13435001825690268,0.5420792803524062
1789063936482300200,43.62530004882812,1.1671779855012894,-0.5379927782237529,0.6992582759350537
1789063936492337200,43.63533715820312,-0.6719032360196113,0.21262275998294353,0.5825804367626085
1789063936502375400,43.64537548828125,-1.0974059456169605,0.07597498617768288,0.4407704944211989
1789063936512412400,43.65541235351562,-0.0670072513461113,-0.24345628966391086,0.22776392275243995
1789063936522449200,43.66544921875,-0.1909118634343147,0.019335984110832212,0.08216960303410888
1789063936532487200,43.67548706054688,-0.1927735656529665,0.022270283997058868,0.09515124968215823
1789063936542524400,43.6855244140625,-0.25147768355607986,-0.026761750197410582,0.028512539387494325
1789063936552561400,43.6955615234375,-0.8761322616666555,0.39806583661735057,-0.33336518171317875
1789063936562599200,43.70559912109375,-0.28354163181483744,0.26711598219275473,-0.7782994447503239
1789063936572636400,43.715636474609376,-0.28704408697783945,0.27150223445296284,-0.7723579258721321
1789063936582673400,43.72567333984375,0.8839455657660961,-0.07398001296818256,-1.30098176805228
1789063936592711200,43.735711181640625,-0.24356267264783382,0.38453824652433394,-0.9546120702721178
1789063936602748200,43.745748046875,-0.3190536747008562,0.21772563607990741,-0.6490567595697939
1789063936612785000,43.75578491210938,0.5347966125309467,-0.14727496628165243,-0.5753528966618702
1789063936622822700,43.76582275390625,-0.7194944237560034,0.1681868214070797,-0.9991669590525328
1789063936632859600,43.775859619140626,-0.5845633907407521,0.3168886056214571,-1.5829121652781963
1789063936642896600,43.785896728515624,-0.051388826453685754,-0.12130173611342907,-1.9139196048840879
1789063936652935000,43.795934814453126,1.0278747287511825,-0.34247546682059765,-1.9534327001050114
1789063936662971600,43.8059716796875,0.9455284539759159,-0.5578776283890009,-1.761585893908143
1789063936673008600,43.81600854492188,-0.7505307825326919,0.23164017966389655,-1.805894406712055
1789063936683047000,43.826046875,-0.7638532054424285,0.1610930637538433,-1.888567575354129
1789063936693083600,43.83608374023437,0.7370254042714833,-0.08032908973395823,-1.8972458257198332
1789063936703120600,43.84612060546875,1.45582366245687,-0.44396424896121023,-1.6212378042802214
1789063936713159000,43.85615893554687,0.3194014652252197,0.07701192800998688,-1.3862044750466942
1789063936723196000,43.86619580078125,-0.8827116400569677,0.3045002486914396,-1.025357777494192
1789063936733232600,43.876232666015625,-0.6490782407492399,0.08172668157219887,-0.954319955457747
1789063936743271000,43.88627099609375,1.1091051512390375,-0.5294792169004678,-0.7824487464495002
1789063936753308000,43.896307861328125,1.8094518069326877,-1.3117115441203118,-0.843797679772973
1789063936763344600,43.9063447265625,1.8163374747931955,-1.3201941257834433,-0.8618076759770512
1789063936773381600,43.91638159179688,-1.6275287211179732,0.12861644304096698,-1.2072111590735615
1789063936783420000,43.926419921875,-1.6299159085154533,0.1306844814866781,-1.2253588101826607
1789063936793457000,43.93645678710938,1.4759224476337431,-0.8968781125754117,-0.36256705507170406
1789063936803493600,43.94649365234375,0.24407412930130956,-0.2931552633345127,0.20786920878030357
1789063936813532000,43.95653198242187,-0.1469160698413849,0.034199206721782685,0.29635844328999517
1789063936823569000,43.96656884765625,-0.14719254869520662,0.15557985329031943,0.2178179905384779
1789063936833606000,43.97660595703125,0.9343804524958134,0.07768120557367801,-0.21646496849432587
1789063936843643600,43.9866435546875,1.232147593539953,-0.09444996954500674,-0.27716108219856395
1789063936853681000,43.996680908203125,-0.26200492278933524,0.38705928943455215,0.08055868810559623
1789063936863718000,44.0067177734375,-0.25922961285710333,0.3837544026702642,0.0671664696289692
1789063936873755600,44.01675561523437,0.2804752299815416,-0.25104046118259427,0.8921325254835187
1789063936883793000,44.02679296875,0.05734802711904049,-0.4673018699288368,1.048889605859667
1789063936893830000,44.03682983398438,-0.292166252297163,-0.4382523010551929,1.0073933009322733
1789063936903867600,44.04686767578125,-0.7392471719741821,-0.6017699616074562,0.8962246901679783
1789063936913904600,44.056904541015626,-1.0917395904183387,-0.6559738454818725,0.9736744250733405
1789063936923942000,44.06694189453125,-0.7216577392697334,-0.7762368861973286,0.8468665658243
1789063936933979600,44.07697973632813,-0.5206944374203681,-0.6968523838371038,0.9650951781027018
1789063936944016600,44.0870166015625,0.25976035873293873,-0.7531868499994278,1.1375247516460716
1789063936954053600,44.0970537109375,1.0332570063114166,-0.7236608957856893,1.2228784646090118
1789063936964092000,44.107091796875,1.0287368985384702,-0.7185305471599102,1.2276873992606996
1789063936974128600,44.11712866210937,-0.4591705859214067,0.5709533830612897,0.8322671087160706
1789063936984165600,44.12716552734375,0.7103402264416218,0.33281858068108555,0.9185758573815226
1789063936994204000,44.13720385742187,1.364393917515874,0.15973112775087356,1.443162041543424
1789063937004240600,44.14724072265625,1.51270641015172,0.4320534464150667,1.5263044351324437
1789063937014277600,44.157277587890626,0.20052549495398997,1.0022346760600804,1.4934566430196166
1789063937024314600,44.167314697265624,0.6443365991801023,0.6693675800621509,0.9678064828880131
1789063937034353000,44.177352783203126,0.6490390777826309,0.6643266632854938,0.9833555688712745
1789063937044389600,44.1873896484375,0.5588742382109165,0.5325578936934471,-0.07418490615682675
1789063937054426600,44.19742651367188,0.565844661745429,0.524835190486908,-0.06731990662501193
1789063937064465000,44.20746484375,-1.0003419941812752,0.31056817042827606,0.47327024028133596
1789063937074501600,44.21750170898437,-1.3053601292669772,0.15773498549759388,0.7887401747439056
1789063937084538600,44.22753857421875,-0.36424949173331256,-0.4364233320623636,0.569345034549199
1789063937094577000,44.23757690429687,0.024245967984199524,-0.22336159614026546,0.23802007169304415
1789063937104614000,44.24761376953125,-0.42682665167748923,-0.3162035459667444,0.556175646776706
1789063937114650600,44.257650634765625,-0.4265718001335859,-0.31624153988957404,0.5637469588138163
1789063937124689000,44.26768896484375,-0.5876560960590839,-0.13557985231280326,1.0901826432999222
1789063937134726000,44.277725830078126,-0.5235416435450315,-0.3143266461789608,1.0674180729798972
1789063937144763000,44.287762939453124,0.4025222315043211,-0.3643453533232212,0.491880430868268
1789063937154800600,44.297800537109374,-0.20260639288127422,0.024789573341608046,0.052545686604920774
1789063937164838000,44.307837890625,-1.0684779572963714,0.2876800467938185,0.16913329021064563
1789063937174875000,44.317875,-0.3474912491559982,0.11279226644337177,0.5615588741850107
1789063937184912600,44.32791259765625,-0.04573299264907837,-0.2829033339112997,1.0181782412536442
1789063937194950000,44.33794995117187,-0.027057518273591992,-0.12452595885694026,0.8267885311745107
1789063937204987000,44.34798681640625,0.48126083717644214,-0.654904170423746,0.6103859238592907
1789063937215024600,44.35802465820313,-0.7138204697728157,-0.10635901852548121,0.24487492429018018
1789063937225061600,44.3680615234375,0.7706096939653158,-0.4934919577181339,-0.1196581701574847
1789063937235099000,44.378098876953125,0.8434662558615207,-0.5529325732022523,-0.13713665330074726
1789063937245136000,44.38813598632812,0.25132161621153354,0.07314648475348949,0.12763287536371498
1789063937255173600,44.398173583984374,0.2471048752993345,0.07868950583338737,0.14057039060909302
1789063937265211000,44.4082109375,-0.032878187251091,0.592855418267846,-0.06663812577277421
1789063937275247900,44.41824780273438,1.3964321468114853,0.20545769065916536,-0.28800412764903155
1789063937285285600,44.42828564453125,1.395716692018509,0.2066021845191717,-0.28287619017604737
1789063937295322600,44.43832250976563,0.12416647789478301,0.8485060035943984,0.23026366714630275
1789063937305360000,44.44835986328125,0.12209493231773376,0.8512930039644241,0.2367875524897128
1789063937315397600,44.45839770507813,1.0583522846013307,0.46965515505671496,0.7031652933109551
1789063937325434600,44.4684345703125,0.8909504760921001,0.5218389312803745,0.3563632319955155
1789063937335471900,44.478471923828124,-0.37313422445654865,1.2258908712327479,0.2637681696021929
1789063937345510000,44.488510009765626,-0.14236381336450576,0.8817851728618145,0.37101529607381667
1789063937355546600,44.49854663085937,0.7744587706089019,0.3192851453691721,0.6190300162270664
1789063937365583600,44.50858349609375,0.5997820026606321,0.17971476211547852,0.9409962904389947
1789063937375622000,44.518621826171874,-0.48022097273468967,0.17753507998883722,0.8229851933687925
1789063937385658600,44.52865869140625,-1.1691992621958256,0.3170855894982815,0.44572172362040724
1789063937395695600,44.538695556640626,0.04499298793673515,-0.6405752008199691,0.08458345924280583
1789063937405732900,44.54873291015625,0.05144435603320598,-0.6475000316470861,0.08902235500570387
1789063937415771000,44.55877099609375,-0.39121290198266506,-0.8048445565223693,0.5497597153197974
1789063937425807600,44.5688076171875,0.12703998750448225,-1.4816928477287292,1.0018793598163873
1789063937435844600,44.5788447265625,-0.22834172264039515,-1.2222983996987342,0.8605971311435103
1789063937445883000,44.5888828125,-0.23061960444450377,-1.2193658533781766,0.8653823195934295
1789063937455919600,44.59891967773437,-0.653503655976057,-0.957389572161436,0.2861883834639564
1789063937465956600,44.60895654296875,0.2206885775387287,-0.815665810266137,-0.8438293900854885
1789063937475995000,44.61899487304687,1.0912637896001338,-0.9678981066942215,-0.8859943149894476
1789063937486032000,44.62903198242188,0.1921685854971409,-0.6079699852913618,-0.7743250612266361
1789063937496068600,44.639068603515625,0.18765198485553264,-0.6028758770227431,-0.774571437203139
1789063937506107000,44.64910693359375,-0.1365226861208677,0.1149737021356821,-1.1514392221648246
1789063937516143900,44.659143798828126,1.3521703957587479,-0.3114730103135109,-0.9229507114648818
1789063937526180900,44.669180908203124,0.42395138850212094,0.23198387853503225,-0.5485622126309201
1789063937536218600,44.679218505859374,0.06912555867433548,0.1884936963766813,0.031280104404687877
1789063937546256000,44.689255859375,0.06808569423258304,0.1890261958181858,0.022625782903842626
1789063937556292900,44.69929296875,-0.01552548591196537,0.3781231187850237,0.02830558210592717
1789063937566330600,44.70933056640625,0.5855833814382553,0.2813163569808006,0.10785809797681867
1789063937576367900,44.71936791992187,0.5857289273887872,0.28064357228577136,0.1008272129593417
1789063937586404900,44.72940478515625,0.46852410520017146,0.5911866082727909,-0.294464701965265
1789063937596441900,44.73944189453125,0.43624680645167824,0.5528238521307707,-0.225174015857093
1789063937606479600,44.74947973632813,0.4391898741662502,0.5486281540066004,-0.23783001074735075
1789063937616516900,44.759516845703125,0.17876082239151,0.6958820775002241,0.010521795873157679
1789063937626553900,44.76955395507812,0.8146995955824852,-0.04045475998520851,0.22230025051906704
1789063937636591600,44.779591552734374,0.8206383379817008,-0.04754617955088615,0.21638390261474996
1789063937646628900,44.78962890625,0.13656068004369734,0.22843466162085532,-0.22340740804336964
1789063937656665900,44.79966577148438,0.14166647875010965,0.2220218719691038,-0.23446086310781536
1789063937666703600,44.80970361328125,-0.35105040294229983,0.0029021511822938917,0.07477631444502622
1789063937676740600,44.81974072265625,-1.6824246789097785,0.0630155513614416,0.4346727986006066
1789063937686777900,44.82977783203125,-1.633756217330694,0.1152875903904438,0.3808926565635949
1789063937696815600,44.83981567382813,-0.5569762956351042,-0.48446109452247615,0.01998999104015529
1789063937706852600,44.8498525390625,-0.451197122824192,-0.49896074451804157,-0.07613675261065364
1789063937716889900,44.859889892578124,-0.7375783619791269,-0.5625912129074335,-0.07491009689252823
1789063937726928000,44.869927978515626,-1.1370932283610105,-0.298016731891036,0.4099210365187376
1789063937736964600,44.87996459960937,-0.8392460078179835,-0.5068646495103836,0.8546256555184721
1789063937747001600,44.89000170898437,0.9598527474045753,-0.6556611262708902,0.8493129360631108
1789063937757039900,44.900039794921874,1.4428361705899237,-0.7361281631708144,0.6329026203654706
1789063937767076600,44.91007666015625,-0.5491115536093711,0.3237251736432314,0.3851307325247675
1789063937777113600,44.920113525390626,-1.0353794052928686,1.0505676220744848,0.0617878544637002
1789063937787150800,44.93015087890625,0.6963362510085106,0.08362520866990089,0.24374814874995498
1789063937797188900,44.94018896484375,0.13888006290197372,0.4451853151887655,0.5319694262810051
1789063937807225600,44.9502255859375,-0.23379706543684003,0.6844102508932352,0.5754272040070966
1789063937817262600,44.9602626953125,0.37870004189014433,0.01825637218058109,1.0025563822951167
1789063937827300900,44.97030078125,0.9077256698042154,-0.32388474811911583,1.104537843323499
1789063937837337900,44.980337890625,0.7459422856986522,-0.256667653414607,1.3283736328467726
1789063937847374600,44.99037451171875,-0.15760522163808344,-0.30313480555713174,1.320919371318072
1789063937857412900,45.00041284179687,0.06951718834042549,0.06101531745493412,0.8073333776634186
1789063937867449900,45.01044995117188,0.9384960711210966,-0.3926613472253084,0.8640915491305291
1789063937877486600,45.020486572265625,-0.33684535197913645,-0.05146247621178627,0.5896514345947653
1789063937887524900,45.03052490234375,-1.4900561869263649,0.9556266541421413,0.2247066175410524
1789063937897561900,45.040561767578126,-0.2989975596219301,0.3086708123743534,0.19513373717935756
1789063937907598800,45.050598876953124,-0.30052959149479863,0.3107452805608511,0.2028642766324803
1789063937917635600,45.06063549804688,1.1878992864906788,0.09535890108346938,0.19239152579912916
1789063937927673900,45.070673828125,0.031978608062863345,0.4656687157690525,0.385975512785837
1789063937937710800,45.0807109375,-0.6508961038261651,0.4282710052669048,0.6179927821338176
1789063937947747600,45.09074755859375,-0.7321756261527538,0.4527671486198902,0.5108590894414111
1789063937957785900,45.10078588867187,0.441325717151165,-0.16983517313599586,0.1849528454320505
1789063937967822800,45.11082275390625,0.5768763433694839,-0.33874037194550033,-0.37898148918002844
1789063937977859800,45.12085986328125,-0.30637656395733354,0.05602350051701069,-0.7497672508142889
1789063937987897900,45.13089794921875,-0.6562707826018334,-0.10807108314037323,-0.5819085653830319
1789063937997934800,45.140934814453125,-1.6121686549007892,0.20457447808384893,0.08589245948214083
1789063938007971800,45.15097192382812,-0.7238777534067631,-0.05047463421821594,0.7754026273302733
1789063938018009600,45.161009521484374,1.003124902898073,-0.7381833421349525,0.7053548392444848
1789063938028046800,45.171046875,0.31705168722867966,-0.13152853109538554,0.33809294088743624
1789063938038083800,45.18108374023438,-0.4993038588672876,0.06026537587046623,0.13260178635008632
1789063938048121600,45.19112158203125,0.1988128458172083,0.012075637719035148,-0.42589010147973894
1789063938058158800,45.20115893554687,0.6163911921560764,-0.02524725398123264,-0.7246906041596084
1789063938068195800,45.21119580078125,1.127681256893277,-0.11322422811985015,-0.9645086834516375
1789063938078232800,45.22123291015625,0.6326023222446441,0.06650105538964271,-0.7426772925533354
1789063938088270600,45.2312705078125,-0.6001765549361705,0.5941904662638903,-0.5710546880112961
1789063938098307800,45.241307861328124,-0.13157587736845017,0.24859189898669717,-0.7053136304512619
1789063938108344800,45.2513447265625,0.7305418874710797,-0.033114918616414066,-1.0474081351302564
1789063938118382600,45.26138256835937,0.8349579552352427,-0.3372130162477493,-0.977424498321861
1789063938128419800,45.271419921875,-0.30615035398602486,-0.13814824149608612,-0.43419294266179204
1789063938138456800,45.28145678710938,-0.16393617822527884,-0.2464215692102909,-0.28486224942672994
1789063938148494800,45.29149487304687,-0.1631014809668064,-0.24751754775345325,-0.28936182586830106
1789063938158531600,45.301531494140626,-0.19474574250876903,-0.26796412345468995,-1.1311518556132911
1789063938168568800,45.31156884765625,-0.18224924902915954,-0.21832827814817427,-1.4033216140642761
1789063938178606800,45.32160693359375,0.3579717266380787,-0.4205097236156463,-1.097109154627472
1789063938188643600,45.3316435546875,0.4497381561875343,-0.47294718233942984,-0.577451001452282
1789063938198680800,45.341680908203124,0.40475802773237224,-0.17444938893318176,0.03074630805524066
1789063938208718800,45.35171875,0.32188334516882894,-0.31055589546859264,0.127013209095411
1789063938218755800,45.361755859375,0.15606149932742117,0.19710604189932346,-0.3307094065073877
1789063938228792600,45.37179248046875,0.4233201048612594,0.1292646778166294,-0.9571068096973001
1789063938238829800,45.381829833984376,0.7048585801601409,-0.10094985295832157,-1.2257360459972173
1789063938248867800,45.39186791992187,-0.4425315858095884,0.26729367684721944,-0.7707458145003765
1789063938258904600,45.401904541015625,-0.38949265406131744,-0.216100080704689,-0.17790760309565812
1789063938268941600,45.411941650390624,-0.2593862647235393,-0.4149234479159116,0.06921479872721246
1789063938278979800,45.421979736328126,-0.2876221791267395,-0.48130350727438925,-0.2485198566637933
1789063938289016800,45.432016845703124,-0.1801812105834484,-0.6728332103461027,-0.4112855298049748
1789063938299053600,45.44205346679688,-0.7597562915176153,-0.4803723639041185,-0.2853122947491705
1789063938309091800,45.452091796875,-0.3235457254230976,-0.49205228030383585,0.23806493374807758
1789063938319128800,45.46212890625,-0.13479074776172636,-0.7446528304100036,0.8605192436017095
1789063938329165800,45.47216577148438,-0.45132747120559213,-0.22961013514101503,0.6775945795290171
1789063938339203800,45.48220385742187,-0.05784019455015659,-0.03844984990358352,0.3357764806386083
1789063938349240800,45.49224072265625,0.6898375366389751,-0.2314367660462856,-0.3456639606636017
1789063938359277800,45.50227783203125,0.07868249157071112,0.6535661998182535,-0.5980973375093191
1789063938369314600,45.512314453125,1.256834875550866,0.027564298751950263,-0.40272809280734506
1789063938379352800,45.522352783203125,0.06807108118534087,0.5794844800412654,0.00783816911263857
1789063938389389800,45.532389892578124,0.01605097109079361,0.5194540819704533,0.2487264120865613
1789063938399426800,45.5424267578125,0.44101358246207234,0.3087795334458351,0.19989496023179962
1789063938409464800,45.55246484375,0.7337491590797901,0.13404080617725847,0.5251805333258583
1789063938419501800,45.56250170898438,0.800424986514449,-0.22447277225255965,0.5891875434100627
1789063938429538800,45.57253881835938,-0.5290215362608433,0.5464841277152299,0.30165169085990634
1789063938439576800,45.58257690429687,0.12400514985322951,-0.04166179768741131,-0.17145937680434434
1789063938449613800,45.59261376953125,-0.31576106289625167,0.15549042144119737,-0.43951841200087216
1789063938459650800,45.60265087890625,0.0024269348859786988,0.33384441659748554,-0.7218558921903372
1789063938469687800,45.61268774414062,0.28863457103967666,-0.11826456037461756,-0.14710482474598102
1789063938479725800,45.622725830078124,-1.0296627812117338,0.40670097849369047,0.2954121023505926
1789063938489762800,45.6327626953125,-0.3798427821844816,0.5225105469316244,0.3899010887317359
1789063938499799800,45.6427998046875,-0.24191841257214544,0.07452420284748076,0.5315165314143523
1789063938509837800,45.652837890625,1.0873585988551377,0.18338439053893088,-0.05067489689751528
1789063938519874800,45.66287475585938,2.087200826820731,-0.35994098088443277,-0.009037651412759442
1789063938529911800,45.672911865234376,0.3921528131812811,-0.06665361560285091,-0.055165541113959625
1789063938539949600,45.682949462890626,-0.9788251589000224,0.7892524351149797,-0.02484871965032071
1789063938549986800,45.69298681640625,-0.7401718856036663,-0.2547135967373848,-0.08711031083930283
1789063938560023800,45.70302392578125,-1.5259469999969004,0.2639759306013584,-0.6273068461850285
1789063938570061600,45.7130615234375,-1.010586909341812,0.013431728503108024,-0.5905059325322508
1789063938580098800,45.723098876953124,-1.0107669420838354,0.01363455759882927,-0.5904937306378036
1789063938590135800,45.7331357421875,0.07732114008963108,-0.7346615977495908,-0.015487450889940373
1789063938600172800,45.7431728515625,-1.848603083103895,0.13014847491383552,-0.035162083237455226
1789063938610210300,45.753210205078126,-1.025949313646555,-0.17854864094555378,-0.24540121318660674
1789063938620247300,45.763247314453125,1.5048457597792149,-1.0085270542025566,-0.40045908842943606
1789063938630284300,45.7732841796875,0.07466273453533649,-0.32122400447726246,-0.20664218773599713
1789063938640322600,45.783322509765625,-0.8927788605630397,0.2086409968703985,-0.25320205966327336
1789063938650359300,45.793359375,-0.8953905043661594,0.21161621328890323,-0.25680969223380085
1789063938660396300,45.80339624023438,-0.5052618904888629,0.3561947800934315,-0.8995715894430876
1789063938670434600,45.8134345703125,0.8172972108602523,-0.011003624573349953,-1.0569595881339162
1789063938680471300,45.82347119140625,1.1027794553488492,-0.41370413525402544,-0.8696838161796331
1789063938690508300,45.83350830078125,0.6396884811133146,0.255962720015645,-0.7479669964592903
1789063938700546600,45.84354663085937,0.30471126109361646,0.13042261568009852,-0.1310522644862998
1789063938710583600,45.85358349609375,1.8021996438473462,0.05606383252739906,0.023743589686322956
1789063938720620300,45.863620361328124,6.62481853749454,-1.0075824668288231,0.5605361435411498
1789063938730657300,45.8736572265625,2.376006078252196,-0.051801498907804486,0.887401551438868
1789063938740695600,45.883695556640625,-7.230650341713428,2.875729623836279,0.13533870050068944
1789063938750732500,45.89373266601562,-5.9343029554635285,1.708048949509859,-0.6114524936448782
1789063938760769300,45.90376928710938,0.38915655397474763,-0.7229828503936528,-1.7406794456101953
1789063938770807600,45.9138076171875,3.4503462055802343,-1.3635703261733054,-1.3369786718457937
1789063938780844500,45.92384448242188,3.1892285870194432,-1.3481477161139248,1.0074471500113606
1789063938790881300,45.93388134765625,-1.9972779793113469,-0.2921002013236284,2.431445349140465
1789063938800919600,45.94391943359375,-4.004922454336286,0.21142799724042413,1.9553018549777565
1789063938810956500,45.95395654296875,-0.5345505288153887,-0.3242845610916614,1.8980458900563417
1789063938820993500,45.96399365234375,1.7750421723306178,-0.8989192630141973,1.1434662705242633
1789063938831031300,45.97403125,2.8958938754647967,-0.7073316922754049,0.295553995039314
1789063938841068500,45.984068603515624,1.5321148749768734,-0.3418161261290312,-0.22551512091234324
1789063938851105500,45.99410546875,-1.2642314155429601,1.2664590284645556,-0.8506961340498179
1789063938861142300,46.004142333984376,-1.1182862365603445,1.2005465866178273,-0.19878003952614962
1789063938871180500,46.0141806640625,1.8311679641783236,-0.22407295928001403,0.5130707376088947
1789063938881217500,46.02421752929688,1.7966005086660384,-0.17489947078824042,0.5881162243841216
1789063938891254500,46.034254638671875,0.6617354777485132,-0.04427811766564846,0.7872024437826126
1789063938901292300,46.044292236328126,-1.4061720350593327,-0.39331718078553674,1.2266858210027216
1789063938911329500,46.05432958984375,-1.397421157848835,-0.4032014459401369,1.2304922275483607
1789063938921366500,46.06436645507812,0.6348094769001007,-1.5674240887671709,0.5391712474185973
1789063938931404300,46.074404296875,0.7328484108477831,-1.7703601519942282,0.22371015384960918
1789063938941441500,46.08444165039062,-0.8412269525021314,-1.1343816313147543,0.0926736714543309
1789063938951478500,46.094478515625,-1.772979394581914,-0.39258886651098723,0.14823153635412453
1789063938961515500,46.104515625,-0.7274141108393669,-0.34966391701996324,0.20072306335270404
1789063938971553300,46.11455322265625,0.5892354742050171,-0.12946458430290222,0.26265807120213286
1789063938981590500,46.124590576171876,1.266529171091318,0.10294248808026313,0.08950885988101363
1789063938991627500,46.13462744140625,0.6338549526542425,0.9655506667852402,0.14718905069702304
1789063939001665300,46.144665283203125,1.1066618497401475,0.8661977276295423,0.39865576533451674
1789063939011702500,46.15470263671875,1.2627835548222064,0.9828870015114545,0.0964973579283338
1789063939021739500,46.16473950195312,2.2184242374897,0.8540338271051645,-0.5226388494864106
1789063939031777300,46.17477734375,1.2098100895255803,0.5526847359210253,-0.8420929216817021
1789063939041814300,46.18481420898438,-0.03966156378090381,0.9610738136321305,-1.2206195797663182
1789063939051851500,46.1948515625,-0.10393033007383345,0.1660334427654743,-1.3322161336190999
1789063939061888500,46.204888427734375,-1.2475216882824898,0.003802314892411232,-1.1997719489835201
1789063939071926300,46.21492626953125,-1.045956913408637,-0.3111953624159097,-1.1719894774362445
1789063939081963500,46.224963623046875,-0.4642079955667257,-1.045494556593895,-0.9480614795848726
1789063939092000500,46.23500048828125,-0.6671043113052845,-0.9622644847214221,-1.103805948852375
1789063939102038300,46.245038330078124,-0.9208861801505088,-0.6522299827784299,-1.5206785580746829
1789063939112075300,46.2550751953125,-0.9315560427248477,-0.41812136717438697,-1.8171581435263156
1789063939122112500,46.26511254882813,-0.3137590754240751,-0.3943213893920183,-1.8182947463408112
1789063939132150500,46.27515063476562,-0.9963789357692002,0.42595162240862844,-1.3089260050550102
1789063939142187300,46.28518725585938,-0.6432073028892278,0.47787762447893617,-1.1477505967799573
1789063939152224500,46.295224609375,1.0373866534620524,0.28818507370650764,-1.0478390738934278
1789063939162261500,46.305261474609374,1.043278634110093,0.2887035446226597,-1.2265709624513983
1789063939172299300,46.31529931640625,1.4443424834996461,0.29914427461624143,-1.312066202776879
1789063939182336300,46.32533618164062,0.7167465863525867,0.0024140754044055935,-1.123535535390675
1789063939192373500,46.33537353515625,-0.8506915309399365,0.5502578010350465,-0.9192493727289139
1789063939202411500,46.34541162109375,-1.144395660328865,0.08942717294692992,-0.5551555099487304
1789063939212448300,46.3554482421875,-0.7369453247725963,-0.24688626411259174,-0.8896933156378567
1789063939222485500,46.36548559570313,1.818813509517908,-0.9273884016513824,-0.9807724205102771
1789063939232523500,46.3755234375,0.4378618404328823,-0.9984387909084558,-0.7979072315398603
1789063939242560500,46.385560546875,0.43803018273711203,-0.9979875400096178,-0.813691368388012
1789063939252597200,46.39559716796875,-2.3413006755739447,0.33294074575603005,-0.36396303947474806
1789063939262634500,46.40563452148437,-0.9254629865467547,-0.003361585387587547,-0.4920019018234685
1789063939272672500,46.415672607421875,0.43754093791544435,0.019883096599578855,-0.8494324707895516
1789063939282709200,46.42570922851562,0.4340367291867733,0.024560440760850906,-0.8631111597910522
1789063939292746500,46.43574658203125,0.26062252852022644,0.2387485503643751,-0.384978062713705
1789063939302784500,46.44578442382812,-0.6694365536451339,0.7685574376106262,-0.34452260860875245
1789063939312821500,46.45582153320313,1.0160288081347941,0.4541752618521452,-0.16335220432486383
1789063939322858200,46.465858154296875,2.2777643152087927,-0.28921967745125293,0.19683752715624867
1789063939332896500,46.475896484375,0.06236848562955856,0.7052887882709503,0.5749227616162971
1789063939342933500,46.48593359375,-0.7684083845287561,0.8130202641934156,1.0641384667873381
1789063939352970200,46.49597021484375,-0.19197218614220618,0.31170097385048867,1.260226709946245
1789063939363007200,46.50600732421875,0.6869494139820337,0.24157880535423754,0.9388160237904638
1789063939373045500,46.51604541015625,2.059354203996062,-0.576184269452095,0.5951101018594578
1789063939383082500,46.52608251953125,-0.5257318470656871,0.37281682907044883,-0.24474939821437
1789063939393119200,46.536119140625,-0.38491526314318175,0.6647276453018188,-0.603946721124649
1789063939403157500,46.54615747070312,0.639973143273592,-0.3485340362071991,-0.2994798267135396
1789063939413194500,46.55619458007813,0.5645856015950441,0.16869009475409982,0.00423672425430268
1789063939423231500,46.5662314453125,-0.33977205308079717,0.3534440200805664,0.4960155579116195
1789063939433269500,46.57626953125,-0.13809797261357307,0.09769581959843635,0.6301607012461871
1789063939443306500,46.586306396484375,-0.999296284520626,0.26060207025408744,0.1577690338976681
1789063939453343500,46.59634350585937,-1.2487316485941409,0.19525953724980352,0.16145696516279132
1789063939463380200,46.60638012695313,-0.3864987329423427,-0.42984746080338954,0.30081977008040994
1789063939473418500,46.61641845703125,0.2790729619681835,-1.0288912123173475,0.5105278116604313
1789063939483455500,46.62645556640625,-0.7403852360934019,-0.6364104823559522,0.6019283305069432
1789063939493492500,46.636492431640626,-0.6933131037950515,-0.588069937556982,0.14636490223202853
1789063939503530500,46.64653051757813,-0.47067105410099025,-0.39055297676920886,0.10138977874554693
1789063939513567500,46.6565673828125,-0.1447404793679714,-0.5507447077691555,0.3526434808200225
1789063939523604500,46.6666044921875,-0.17512451171576976,-0.020744681864976883,0.3056256359921768
1789063939533642500,46.676642578125,-0.17881927458047867,-0.01677110205888748,0.3090812198061496
1789063939543679500,46.686679443359374,0.0070972647845745085,0.2485515669763088,-0.3605317863844335
1789063939553716500,46.69671655273437,0.38098669152259823,0.08373159165382385,-0.8182523196280002
1789063939563753500,46.70675341796875,1.5540402910590172,-0.04730068035721779,-0.7297876350376754
1789063939573791500,46.71679150390625,1.541487098956108,-0.34079788899719715,-0.03444781118799001
1789063939583828500,46.72682836914063,0.7257365330159664,0.007729717469215393,0.2649669509327039
1789063939593865500,46.736865478515625,0.5739706850558519,0.10816694473028182,0.48065870656482873
1789063939603903500,46.74690356445313,0.6537672753483057,-0.12619535337388516,0.12099168378356844
1789063939613940200,46.756940185546874,0.13771920242905616,0.2643640531361103,-0.28924013571739193
1789063939623977200,46.76697729492187,-0.18791326614022255,0.19493571212291716,-0.43002471706643697
1789063939634015200,46.77701513671875,-0.19135493102669715,0.08848667722642421,-0.1593769805509597
1789063939644052200,46.78705224609375,-0.13475275383889673,-0.11177929000854492,0.0775029263973236
1789063939654089200,46.79708911132813,0.7246879007458686,-0.3438654598742723,0.4513044556561857
1789063939664126200,46.807126220703125,1.0859206750065087,-0.7202052023738622,0.5304932527812197
1789063939674164200,46.81716430664063,-0.42597266519665716,-0.057634442844986915,0.1892894863968715
1789063939684201200,46.827201171875,-0.8553834881484508,0.3877724061399698,-0.12474193969517945
1789063939694238200,46.83723828125,0.6283692147195339,-0.5073515562444925,-0.07569686335604638
1789063939704276200,46.847276123046875,0.42947570488154885,-0.12749825266599654,-0.28397326469775286
1789063939714313200,46.85731323242187,-0.5677729994595051,0.290709623748064,-0.41051717578098174
1789063939724350200,46.86735009765625,-0.8616273509740829,0.26757600091993805,-0.2844247165259905
1789063939734387200,46.87738720703125,0.0544587354183197,0.047507016584277154,-0.382024583202973
1789063939744425200,46.88742529296875,0.8269581886529922,-0.1998439424306154,0.2803390546475537
1789063939754462200,46.897462158203126,0.48515316843986506,-0.3902694836527109,0.9109127023424952
1789063939764499200,46.907499267578125,-0.4202887743413448,0.1287900460422039,1.1681911811318249
1789063939774537200,46.917537109375,-0.5042185189157724,-0.10406418558657168,0.8789160471662878
1789063939784574200,46.92757421875,-0.5034808522909879,-0.1054752214282751,0.8940878242697566
1789063939794611200,46.93761108398437,-0.4027040178120136,-0.2701122413992882,-0.3607134996268898
1789063939804649500,46.9476494140625,-1.0693424651712178,0.050831777092814445,-0.4115820285335183
1789063939814686200,46.95768627929687,-1.2189607797086237,-0.055529579520225525,-0.23005316620077937
1789063939824723200,46.96772314453125,0.8903484185457229,-0.4719809676557779,0.06479138366123662
1789063939834760200,46.97776025390625,0.7870780136853456,-0.47914837506711483,0.815177149966359
1789063939844798200,46.98779809570313,0.10450433056950569,0.12776713273525236,1.114129555272311
1789063939854835200,46.997835205078125,-0.7450228327661752,0.5486854371517896,1.047631203296408
1789063939864872200,47.0078720703125,0.5708440774679183,0.24582827949225902,0.4235331630900502
1789063939874910500,47.017910400390626,0.3090361385554075,0.3872247091293335,-0.22980238804379477
1789063939884947200,47.027947265625,0.5870458552062511,0.5485919136494398,-0.40355241480227555
1789063939894984200,47.03798413085938,1.1638842046529054,-0.17759119409024715,0.11923313141213729
1789063939905022200,47.04802221679687,-1.0854916359394788,0.5681921016544104,0.37974998933449383
1789063939915059500,47.0580595703125,-0.6188666423588991,0.7210901685148478,0.5359104920569807
1789063939925096200,47.06809619140625,0.6119190151780843,-0.5190267964690923,0.5656522809784859
1789063939935133200,47.07813330078125,0.04736263967752456,0.3411994555354118,0.2815202089898288
1789063939945171500,47.08817138671875,0.22612346206903455,-0.21084113726317882,0.14030006750142202
1789063939955208200,47.098208251953125,-0.7822995472371578,-0.014696049350500106,-0.14609260636297985
1789063939965245200,47.1082451171875,-0.7418027016758918,0.26047932065725327,-0.3843878417355939
1789063939975283200,47.118283203125,0.5760884078621864,-0.4978747028470039,-0.28024352185120804
1789063939985320400,47.128320556640624,-0.14249299270212648,-0.14683189868927002,-0.392164576684311
1789063939995357200,47.13835717773438,-0.6057926412522793,0.6062842241615056,-0.7403460000615567
1789063940005394200,47.148394287109376,0.7451075884401798,-0.12226502818763256,-0.6478492834761739
1789063940015432400,47.15843237304688,-0.4685919097393751,0.40478550026118754,-0.8147991834994405
1789063940025469200,47.16846923828125,-1.1785305696427821,0.9656260701090097,-0.3327025896186009
1789063940035506200,47.17850610351562,-1.1791396414518356,0.9663175595045089,-0.3295048530232161
1789063940045544200,47.188544189453125,0.4805073884606361,-0.16069325078129768,-0.08975295256888494
1789063940055581400,47.19858154296875,-0.3209054400473833,-0.07660393173098563,-0.5325160638457164
1789063940065618200,47.2086181640625,-0.7907797908127308,-0.020160159975290297,-1.0673059178423137
1789063940075655200,47.2186552734375,0.012993337085843085,-0.4361059366762638,-1.370979871777445
1789063940085693400,47.228693359375,-0.5809937155604362,-0.011107669469714164,-1.5445891566246748
1789063940095730400,47.23873046875,-0.104777886813879,-0.26403905896544455,-1.0571891591060907
1789063940105767200,47.24876708984375,-0.4130699290037155,-0.17854454929232597,-0.9098407622620462
1789063940115805200,47.25880517578125,-0.911952347588539,0.43163317517638206,-0.8156819576833396
1789063940125842400,47.268842529296876,-0.0555740031838417,0.13247370299100875,-0.8007640822757035
1789063940135879200,47.27887915039062,1.0669675527334213,-0.06834054577648639,-0.6551771421462297
1789063940145917200,47.288917236328125,0.7149725624173879,0.2259866839468479,-0.6414432158261537
1789063940155954400,47.29895434570312,-0.14223229593932626,0.5795084454387426,-0.5981549494480713
1789063940165991400,47.30899145507812,-0.12462298949062824,0.47160512008070943,-0.8033839093852788
1789063940176028200,47.319028076171875,-0.5927805994659662,0.5342424857795238,-0.9360947090677917
1789063940186066200,47.32906616210938,0.7322305712103844,0.1291466043949127,-1.035622785594687
1789063940196103400,47.339103515625,0.3593646423012018,-0.03756429924070835,-0.6074190734103322
1789063940206140200,47.34914013671875,0.19399930805563925,0.06892799027562141,-0.0849407665141858
1789063940216178200,47.35917822265625,-0.28287878399193284,0.08076631210744381,0.11858666846845298
1789063940226215400,47.36921533203125,-0.06650047086775303,0.19308453129827974,0.009342280932120047
1789063940236252400,47.37925244140625,0.043380292043089866,0.01797989332675934,-0.09417610277337952
1789063940246289200,47.3892890625,0.04344985014796257,0.0179945063740015,-0.10309886595206334
1789063940256327200,47.3993271484375,-0.40932548177838324,0.3132926269561052,-0.34779140114635226
1789063940266364400,47.40936450195313,0.10831716685593128,0.0809369924992323,-0.06205912741944194
1789063940276401400,47.4194013671875,0.9682277770400046,-0.15450141040384768,-0.1324622134826146
1789063940286439200,47.42943920898438,1.3750649491339921,0.04654489355385303,-0.1938012282002717
1789063940296476400,47.439476318359375,1.3723118510335683,-0.010839958444237708,-0.15035861151069402
1789063940306513400,47.449513427734374,-0.3973217402517795,0.8177595676749945,-0.12775919602396899
1789063940316551200,47.45955126953125,-0.029487375769019126,0.58193771841228,0.04399831434357911
1789063940326588200,47.46958813476562,0.10012626161575316,0.25251637895405293,0.13225712849772533
1789063940336625400,47.47962548828125,-0.04306698831021785,0.1971604024350643,-0.006771329898992553
1789063940346662400,47.48966235351563,-0.9574562076568603,0.047239305558800695,-0.4702871693499386
1789063940356700200,47.4997001953125,-0.15709610307216643,-0.64200961753726,-0.6301355668049305
1789063940366737400,47.5097373046875,-1.1598691237926482,-0.6781511904984712,-0.5474865462234243
1789063940376774400,47.5197744140625,-0.7568395272880792,-0.9311468774020671,-0.11554241453488356
1789063940386812200,47.529812255859376,-0.37391923735439775,-1.4593296247512102,0.01977878684173338
1789063940396849200,47.53984912109375,-0.8368944762557744,-0.7988847713351249,-0.1579396046916023
1789063940406886400,47.54988647460937,-1.0247954674363136,-0.6027145489811897,-0.23771493300031868
1789063940416923400,47.55992333984375,-0.4953039755761623,-0.4444885650962591,-0.09625033349785954
1789063940426961200,47.56996118164062,0.7523883930981159,-0.4715975212961435,-0.06482166920164599
1789063940436998400,47.57999829101563,0.4420049315869808,-0.15798808347582816,-0.07090858789989725
1789063940447035400,47.590035400390626,0.2383247719943523,0.33503567220866676,-0.2640690522449091
1789063940457073200,47.6000732421875,0.8055471518337726,0.24147885211110115,-0.36337303769234564
1789063940467110100,47.610110107421875,2.016487706694007,-0.2851566657960415,-0.2500947047650814
1789063940477147400,47.6201474609375,1.3343407245576382,0.05669570069015026,-0.17103583589633925
1789063940487184400,47.63018432617187,0.7260866616278886,0.0406862306535244,0.5094121420361102
1789063940497222100,47.64022216796875,0.05847790793180466,-0.016192425388097762,0.6713394646570086
1789063940507259400,47.65025927734375,0.2516670686483383,0.049835751792788506,0.6391033016365021
1789063940517296400,47.66029638671875,0.1690185960561037,-0.12690963912308215,0.4143635855434462
1789063940527334100,47.67033422851563,0.25126842471957206,-0.08638006033599376,0.2509708300124854
1789063940537371100,47.68037109375,-1.4972680180013178,0.4366191468954086,0.14779520902978255
1789063940547408400,47.690408447265625,-0.1980278329193592,0.35778058798015117,0.19873514093849806
1789063940557445400,47.7004453125,0.29298809007406235,-0.07202829437851906,0.44366621586270627
1789063940567483100,47.710483154296874,0.5921382099092006,0.2068932764202356,0.5227726684665307
1789063940577520400,47.72052026367187,0.591201221320033,0.20790391476750372,0.5253492774888873
1789063940587557400,47.73055737304688,0.09858780000209807,0.4044669358313083,0.32001411723084744
1789063940597595100,47.74059521484375,0.36119536485970016,0.2861532756179571,0.21741836022902278
1789063940607632100,47.75063208007813,0.481658312061429,0.16980945417284965,0.06595544073823839
1789063940617670100,47.76067016601562,0.16385434516072273,0.19823533819019792,0.019244396837241946
1789063940627707000,47.770706787109376,-1.1498270377278328,0.38558278714120386,0.012540761879598721
1789063940637745200,47.7807451171875,0.3441314173340797,-0.1083335334688425,0.10490738581190816
1789063940647782100,47.7907822265625,0.3489081302165985,-0.11382277853488922,0.10694238050454295
1789063940657819100,47.800819091796875,0.16792261751294135,-0.4506324746787548,0.8195042924504726
1789063940667857000,47.81085693359375,-1.1082564254552125,-0.5542728818953037,1.3836184040762483
1789063940677894100,47.82089404296875,-1.455198808556795,-0.36130116332173345,1.3639932277604936
1789063940687931100,47.83093115234375,-0.09700433020293713,-0.6414636740922928,0.5889261525275186
1789063940697968000,47.84096801757813,-0.006643091276288032,-0.706247988691926,0.25143892244827
1789063940708006100,47.85100610351562,-1.1421434974879026,-0.11335165389180182,0.4505238266725093
1789063940718043100,47.86104321289063,-1.1072188991010188,-0.07753273701369762,0.6697216541968286
1789063940728080100,47.871080078125,0.13736790477335453,0.011586977419257164,0.8023189105022698
1789063940738118000,47.88111791992188,1.5528496199697255,-0.478685433730483,1.2174063168082385
1789063940748155100,47.891155029296876,1.6079051522374153,-0.11732757178544997,1.1598339794140309
1789063940758192000,47.901192138671874,0.31814065150916576,0.6385439872533083,1.2698607997320592
1789063940768230000,47.91122998046875,-0.9391022203207016,1.0398773012340068,0.9923491687964647
1789063940778267100,47.92126708984375,-0.23463410078287122,1.0607862337499856,0.6459473953776061
1789063940788304100,47.93130419921875,2.0173662430942056,0.04433423176705837,0.5453595075994729
1789063940798341000,47.94134106445313,0.5815571946620941,0.3260772897273302,0.7279918376620859
1789063940808379000,47.95137890625,0.0032020109117031096,0.6633388212919235,0.8826634900663047
1789063940818416000,47.961416015625,-0.05434767625927925,-0.00007774141132831573,0.9793374923363327
1789063940828453000,47.971453125,-0.39984219864010806,0.37654198707342146,0.711373441946879
1789063940838491000,47.981490966796876,-0.19276245973706244,-0.05478080697953701,0.6490636277019978
1789063940848528100,47.991528076171875,0.43259588272869587,-0.23064590792953968,0.7606194842182099
1789063940858565000,48.00156518554687,0.35162381891608235,-0.47475569306612014,0.6489114328149705
1789063940868602000,48.01160205078125,0.03952069400548935,-0.2315203526765108,0.591135024216026
1789063940878639900,48.02163989257812,-0.3529074289858341,-0.34308453862965105,0.4139913546975702
1789063940888677000,48.03167700195313,0.26265374208688735,-0.47442310011088845,0.33082309601493176
1789063940898714000,48.041714111328126,-0.7886024467736482,-0.02909808419048786,-0.00022611863976344465
1789063940908751000,48.051751220703125,0.3856985224753618,-0.18054945937395095,-0.17278410433577374
1789063940918789000,48.0617890625,0.01887596538364887,-0.3074772186756134,-0.3866312732808292
1789063940928826000,48.071826171875,-0.3055576487898826,0.3129132722496986,-0.3012317484147847
1789063940938863000,48.08186303710937,-0.06810849058628082,-0.09370002796053886,0.3529467015502974
1789063940948900900,48.09190087890625,0.2305839486092329,-0.1519260069578886,0.7740762010321021
1789063940958938000,48.10193823242187,-0.136061498349905,0.06268588101565838,0.7602860144801438
1789063940968975000,48.11197509765625,-0.21309563819169997,0.011343816313147544,0.20840965406624598
1789063940979012900,48.12201293945313,0.20047756415903567,-0.0668938540995121,-0.2720345512313768
1789063940989050000,48.13205004882813,-0.37672085077166556,-0.004966097974777222,-0.5135568040927871
1789063940999087000,48.142087158203125,-0.10292962859869002,0.17747779684364795,-0.3360929992418736
1789063941009124000,48.1521240234375,0.3407002738416195,-0.517039422044158,0.03529664656966924
1789063941019161900,48.162161865234374,-0.49280572901964187,0.3675695760667324,0.10249843410719185
1789063941029199000,48.17219921875,-0.6936673240602016,0.19145429974794387,0.07894274994209409
1789063941039236000,48.18223608398438,-0.21823767725527285,0.19625322446227073,0.06157941761109978
1789063941049273900,48.19227392578125,0.2516933721333742,0.07694646155834198,0.027448417287319896
1789063941059311000,48.20231103515625,1.3136807983666658,-0.2554915953725576,0.35033903980255127
1789063941069348000,48.21234814453125,0.5976350537598133,-0.34061551816761493,0.4053140176473185
1789063941079385000,48.222385009765624,-0.5060106630295514,0.22768004386126994,0.14861564030088484
1789063941089422800,48.2324228515625,-1.289830551701784,0.29399872842133046,-0.1983580147217959
1789063941099460000,48.242460205078125,0.4320224667549133,-0.2123182240784168,-0.2695041925035417
1789063941109497000,48.2524970703125,1.263015610012412,-0.5437117403924465,0.1310225178020075
1789063941119534000,48.2625341796875,1.1675193462848663,-0.33613106622993943,0.6187179546032101
1789063941129572000,48.27257202148437,-0.10373626880645752,0.03124912474453449,0.6232979028046131
1789063941139609000,48.28260913085938,-0.771506350544095,0.6074257954120635,0.46097679509315637
1789063941149646000,48.29264599609375,-0.7735358105450868,0.6102163029134273,0.4677595871010795
1789063941159683800,48.302683837890626,0.8060521787464618,-0.007203647768497467,0.17059475933164356
1789063941169721000,48.31272119140625,0.641783992087841,0.19382921218574045,0.3008240443967283
1789063941179758000,48.32275805664062,0.2770166139602661,0.06820201408863068,0.5148941171111538
1789063941189795000,48.33279516601562,1.387176242688298,-0.1416425133526325,0.5453700289934873
1789063941199833000,48.3428330078125,0.6578922463238239,-0.10566168391108512,0.603028985225223
1789063941209870000,48.3528701171875,1.0336585728496313,-0.15900398252010345,0.634916006014496
1789063941219907000,48.362906982421876,0.07743512185811996,-0.10594459250569344,0.6767761027529835
1789063941229944800,48.37294482421875,-0.7501905907928943,0.22981530232429503,0.9844060277722775
1789063941239982000,48.38298217773438,-0.32715573261380193,-0.24531273118555544,1.1517859167106448
1789063941250019000,48.39301904296875,1.1522972272336482,-0.39606969436407086,0.9632542994763702
1789063941260056000,48.40305615234375,1.2280617855310438,-1.2276099501103162,0.8365443476438522
1789063941270094000,48.413093994140624,-3.736811615887284,0.6634200698345899,0.46955447116121646
1789063941280131000,48.42313110351562,-2.241048741751909,0.09981003527343273,0.5889720740284771
1789063941290168000,48.43316796875,1.4837620552182196,-1.8865905761927366,1.245696810942888
1789063941300205800,48.44320581054688,1.0566016415417194,-1.3487550343573094,1.61768771058321
1789063941310243000,48.4532431640625,0.029023849910497664,-0.45451253098249433,1.7996695408478378
1789063941320280000,48.463280029296875,0.22116262479126453,-0.7644891652584076,1.3235153791606424
1789063941330317000,48.473317138671874,-1.607180345094204,0.4504524419367313,0.8929324436895548
1789063941340355000,48.48335498046875,-1.0438760154813527,0.5866682540655136,0.7812678661018609
1789063941350392000,48.49339208984375,2.2228660193294285,-0.48184185193479057,0.806373519655317
1789063941360429000,48.50342895507813,1.0308581284761429,-0.19576748677194117,0.7711971384644508
1789063941370467000,48.51346704101562,-1.1153653806775807,0.7970248226821423,1.0097994122259317
1789063941380504000,48.52350415039062,-0.13526187240481377,-0.03376899861097336,0.7659194903224706
1789063941390541000,48.533541015625,1.8445090917885303,-0.548432923695445,0.8466872637346387
1789063941400578000,48.543578125,1.7162603130161762,-0.7049538572281598,1.218138138214126
1789063941410616000,48.553615966796876,1.1073474939167498,-0.40248774471282955,1.5539616728648542
1789063941420653000,48.563653076171875,-0.2269844628125429,-0.2563596103787422,1.3003992919892071
1789063941430690000,48.57368994140625,-1.5842606572777032,0.669956778126955,0.7934924107722937
1789063941440728000,48.58372802734375,-0.3397790673434734,0.0891448488742113,0.03937324835881591
1789063941450765000,48.59376513671875,1.3249591482281684,-0.08157002970576285,-0.5395767594795674
1789063941460802000,48.60380200195313,1.4395137481689453,0.06286825184524059,-0.660773646979034
1789063941470839000,48.613839111328126,0.2747854939073324,0.4855927289009094,-0.07167451250478625
1789063941480877000,48.623876953125,-0.23445406804084776,0.47663726902902126,0.24699162418320775
1789063941490914000,48.6339140625,0.7938017689824104,0.5002782568573951,0.22019209925867617
1789063941500951000,48.64395092773437,1.0315431881308554,-0.33172318665981293,0.19358926595002413
1789063941510988000,48.65398803710937,0.8884183272659778,0.20780688413381576,-0.7696144723828882
1789063941521026000,48.664026123046874,0.4066939642310142,-0.20887012945115566,-1.4223383030928671
1789063941531063000,48.67406298828125,-1.049701945155859,0.14175474155545234,-1.567922539808601
1789063941541100000,48.68410009765625,-0.9225801245868206,0.135748194617033,-1.5005612143278122
1789063941551138000,48.69413793945313,0.1940326258033514,-0.7581576241493224,-0.8613971954800188
1789063941561175000,48.70417504882813,-0.5776876597523689,-0.4380331053465604,-0.6186726541567593
1789063941571212000,48.7142119140625,-1.3095260167747735,0.23061083661615847,-0.444839278230071
1789063941581249000,48.7242490234375,-1.313255266430974,0.23424890085756778,-0.45049394299089907
1789063941591287000,48.734287109375,1.642643288141489,-0.7248591656595468,-0.7213716158047319
1789063941601324000,48.74432397460937,0.1458294436484575,-0.24953648636043071,-0.48375469981878993
1789063941611361000,48.75436108398438,-1.381753048595786,0.529210336831212,-0.484451669107005
1789063941621399000,48.76439892578125,-0.25967677210271356,0.02003448776900768,-0.8319586272887886
1789063941631436000,48.77443603515625,0.16654489941895007,-0.01957096191048622,-1.251222880887985
1789063941641473000,48.78447314453125,-0.03377893548309803,0.16317629976868628,-1.3126095158733426
1789063941651510000,48.794510009765624,-0.04109422693252563,-0.12186813782453536,-0.5394046908482909
1789063941661548000,48.804548095703126,-0.15673428402245043,-0.2988543517589569,-0.052844432089477776
1789063941671585000,48.8145849609375,-0.04009469450116157,0.09620938043296337,0.2160595660312101
1789063941681622000,48.8246220703125,1.8584727352112531,-0.8118582346767187,0.5118560280568898
1789063941691660300,48.834660400390625,2.0084949543744326,-0.7505471491456032,0.8480436467796564
1789063941701697000,48.84469702148437,-0.871196558830142,0.3781359782665968,0.7424522516258061
1789063941711734000,48.85473413085938,-1.485184196975827,0.8866793746441602,0.4261969389392063
1789063941721771000,48.86477099609375,0.04895779991447925,0.1494464651018381,-0.000597527501732111
1789063941731809000,48.87480908203125,1.6840163320153951,-0.06908113501071929,-0.06635028527472168
1789063941741846000,48.884845947265624,1.4672335297435521,-0.2691524564564228,0.4005347474815324
1789063941751883000,48.89488305664062,-0.24359657491743564,0.30318858157098294,0.8377535042379051
1789063941761920000,48.904919921875,-1.1410580403387547,0.5258043277800083,1.1223691219598053
1789063941771958000,48.9149580078125,1.140624325096607,-0.365778016474843,0.8549363289028405
1789063941781995000,48.9249951171875,1.627805199971795,-0.6733329765617847,0.5700553382430226
1789063941792032000,48.935031982421876,-0.43720542235076426,0.16560323465466498,0.40390725612193346
1789063941802070000,48.94507006835938,-0.9499281502395868,-0.11424188072979449,0.16324479842763392
1789063941812107000,48.95510693359375,-1.6556453930556774,0.15590601650476454,-0.5023761789847165
1789063941822144000,48.96514404296875,0.5204395858764648,-0.27370295936763284,-1.0050685112465172
1789063941832181000,48.97518090820312,2.0192969188958405,-1.3311819682657717,-1.2281629078179597
1789063941842219000,48.985218994140624,0.5826853219091892,-0.4498603212624788,-1.3917488113008438
1789063941852256000,48.99525610351562,-1.7650912716805933,0.39431788226068015,-1.233637832097709
1789063941862293000,49.00529296875,-0.8303665357917547,0.08582359549701213,-1.4346326981291173
1789063941872331300,49.01533129882812,0.5674947670400142,-0.33680268188118934,-1.7724483564451337
1789063941882368000,49.02536791992188,0.946902664938569,-0.19570611197352408,-1.9077618129067122
1789063941892405000,49.035405029296875,-0.0501321043908596,-0.026502807000279426,-1.8589830228209494
1789063941902442000,49.04544189453125,-0.8968021247297525,0.431857047060132,-1.8345153749100862
1789063941912480000,49.05547998046875,-0.8963345072180032,0.4304237993866205,-1.8569643764749169
1789063941922517000,49.06551708984375,0.9857283624172211,-0.5176671985536814,-1.5252246770717204
1789063941932554000,49.07555395507813,0.8210919269680976,-0.4460656051546335,-1.6757165595732628
1789063941942592300,49.08559228515625,-0.31824411188364027,-0.22188450932502746,-1.825355040115863
1789063941952629000,49.09562890625,-0.7758879266291856,-0.21557284196019172,-2.1046962976314125
1789063941962666000,49.105666015625,-0.7103302895694971,-0.15933189930021763,-2.0643242474935946
1789063941972703000,49.115702880859374,0.5014145674109458,-0.8093079656720161,-1.9458979206860065
1789063941982741000,49.125740966796876,-0.11820903079509734,-0.49518473311066624,-1.6519111749634146
1789063941992778000,49.135778076171874,-0.9134107297033071,-0.16297463971674442,-1.3205058220811188
1789063942002815000,49.14581494140625,-0.5450362669944763,-0.27929274219870565,-1.1496586223583667
1789063942012852000,49.15585205078125,0.5488268914490938,-0.4653904833495617,-1.1929680411223322
1789063942022890000,49.16588989257812,0.9607885669499635,-0.5298007039397955,-0.9677851478390395
1789063942032927000,49.17592700195313,0.959043769109249,-0.5275339280515909,-0.9981288481764494
1789063942042964000,49.1859638671875,-0.49831426330804823,-0.02009118639230728,-0.9627443771928548
1789063942053002200,49.19600219726563,-1.4350368950158356,0.4366518801212311,-0.8393019027236849
1789063942063039000,49.2060390625,0.298906374207139,-0.3339806101977825,-0.7457908214639872
1789063942073076000,49.21607592773437,1.3849837010800838,-0.5323538955539464,-0.5362520720362663
1789063942083113000,49.22611303710938,1.2307272053480147,-0.47384734604954715,-0.07199190789088607
1789063942093151000,49.23615087890625,0.38074060780704017,-0.07453764685094356,0.4960942491710186
1789063942103188000,49.24618798828125,0.2023141319364309,-0.1263543433278799,0.3567425136366859
1789063942113225000,49.256224853515626,0.18717209238409996,0.22826398122906683,0.03594805968310684
1789063942123262200,49.26626220703125,0.6940273895442486,-0.1910825438261032,-0.3565701162118465
1789063942133300000,49.276300048828126,0.10005611898899078,0.2951759555071592,-0.49430290877483785
1789063942143337000,49.2863369140625,0.6176175190806389,-0.0592863017052412,-0.29187994616907087
1789063942153374000,49.2963740234375,0.10461129807531833,-0.09365209716558456,0.45920174824465065
1789063942163412000,49.306411865234374,-0.14539689745008944,0.15819325065910816,0.6581506049990654
1789063942173449000,49.31644897460937,1.4015432062149047,-0.5458487524211406,1.2822362971805035
1789063942183486000,49.32648583984375,0.8672171338051557,-0.6385287896841764,1.4955590221263468
1789063942193523200,49.336523193359376,0.375041519382596,0.010978490132093429,1.2311872240751982
1789063942203561000,49.34656103515625,0.24047055185139177,-0.23150866223871708,1.3109598489701748
1789063942213598000,49.356597900390625,0.45247254958748817,-0.1678068821787834,1.138378884257376
1789063942223635000,49.36663500976562,0.04177577945590019,0.0730026923686266,0.8465788349241018
1789063942233673200,49.376673095703126,0.15299392845034598,0.02560731946527958,0.6661532941907644
1789063942243710000,49.3867099609375,-0.4736398407787084,0.23717267934978006,0.43489772993028164
1789063942253747000,49.39674682617188,-0.3898831146836281,0.2298082880616188,0.39184345497116446
1789063942263784000,49.406783935546876,-0.050040918976068494,-0.2948848636060953,0.4614232602190226
1789063942273822000,49.41682202148438,-0.04821662615835667,-0.4354734839916229,0.24169644038453697
1789063942283859000,49.42685888671875,-0.04411562058031559,-0.4401484900653362,0.2417168621180579
1789063942293896000,49.43689599609375,0.01756020660996437,-0.815371211233735,0.28329711900185794
1789063942303933200,49.44693310546875,-0.3224094148695469,-0.7332558226048946,0.2684398512076586
1789063942313971000,49.456970947265624,-0.06597264760136604,-0.6191057118117809,-0.08109057562574744
1789063942324008000,49.46700805664062,-1.4028157103687524,-0.18270576062500476,-0.1643625869438052
1789063942334045000,49.477044921875,-0.5752689081728458,-0.11523439889848232,-0.28818335667345674
1789063942344083000,49.4870830078125,0.32446693192124365,-0.6229840145498514,0.16166001345422118
1789063942354120000,49.49711987304688,-0.028195582392811773,0.1623006859779358,0.08822861081212759
1789063942364157000,49.507156982421876,1.4828952092558145,-0.3665700436353683,0.22500819430351257
1789063942374194200,49.517194091796874,-0.16345628575384616,0.15027707070708274,0.28891459355745464
1789063942384232000,49.52723193359375,-0.15358838721215723,0.7040811660468578,0.020697518255002795
1789063942394269000,49.53726904296875,0.730403355783224,0.040561142969131464,0.5817240391289815
1789063942404306000,49.54730590820313,1.4039263019591568,-0.1978793643593788,0.7859599694408476
1789063942414343200,49.55734326171875,0.9987783981263637,0.1934264766037464,1.300126174136251
1789063942424381000,49.567380859375,1.1511270144104957,-0.26897476180195806,1.4989102322503924
1789063942434418000,49.57741796875,-0.23028876505494117,0.2948199816763401,1.2657066026620567
1789063942444455200,49.587455078125,-0.9147340872615575,0.6791629978895187,0.94735077403225
1789063942454493000,49.597492919921876,1.0313953040927648,-0.36246553092598915,0.7785331804409623
1789063942464530000,49.607530029296875,0.5212625926971435,-0.22902035255432127,1.002671167781204
1789063942474567000,49.61756689453125,-0.17055530410408973,-0.08647592192590237,1.24574941791296
1789063942484604200,49.62760424804687,-0.6854279035031795,-0.12395078931748867,1.5308689665690063
1789063942494642000,49.63764184570312,0.33762919583320616,-0.4303974959015846,1.3770564152121543
1789063942504679000,49.64767895507813,0.2993751607626676,-0.6058429101347923,1.4629121594130992
1789063942514716200,49.657716064453126,-0.4800239888578653,-0.0704752197176218,1.2758370976626872
1789063942524753200,49.667753173828125,1.2168453949898481,-0.5493307493180036,1.0594143608748912
1789063942534791000,49.677791015625,1.2193740366846322,-0.5526029028564691,1.0738437221132218
1789063942544828000,49.68782788085937,-1.8374726172804832,0.7048977431267499,0.1464432555647101
1789063942554865200,49.697865234375,0.7255231825262307,-0.2524012281417847,-0.17845108058890327
1789063942564903000,49.70790283203125,1.0212895051419735,-0.8867723136246204,0.011632259599398821
1789063942574940000,49.71793994140625,-0.968471522668004,0.758712335422635,0.010608496909076347
1789063942584977200,49.72797705078125,0.07709083846509455,-0.08216390394568443,0.3520056578405201
1789063942595014100,49.73801416015625,0.42395548015534873,-0.13952829767763614,0.3888443827530369
1789063942605052000,49.74805200195313,0.4799643676251173,-0.0007727379381656646,0.26740943044768645
1789063942615088600,49.75808862304687,-0.47973874217569823,0.04166296673119068,0.4379727169288322
1789063942625125600,49.76812573242187,0.5853203465878963,-0.23885142621695993,0.3467384580273181
1789063942635163000,49.77816284179688,-0.7376660402625799,-0.23548867178559302,0.6297955211956053
1789063942645200600,49.78820068359375,-0.9730079970538615,0.28430910905599593,0.4873034052763134
1789063942655237600,49.798237548828126,1.3142518762528896,-1.1520903064846992,0.4484998830968514
1789063942665275000,49.80827490234375,-0.6358206997692585,-0.1222667817533016,0.20575934048686176
1789063942675312600,49.81831274414063,0.0008896423161029815,-0.15324936451613902,0.2672331240327097
1789063942685349600,49.828349609375,-0.4801017302691936,-0.5978010579764843,0.8998176731586456
1789063942695386600,49.83838671875,-0.35515316208600994,0.09325053062736988,0.8819764576502144
1789063942705424000,49.848423828125,-0.05984919628500938,-0.23865385781824588,1.0819495063532143
1789063942715461600,49.85846166992187,0.9167074331611395,-0.020863924330472947,0.6799130125392228
1789063942725498600,49.86849853515625,2.498092242741585,-0.452967055106163,0.4594603626482188
1789063942735535900,49.87853588867188,0.1283370415776968,0.4809843583226204,0.6054680124077946
1789063942745572900,49.88857275390625,-0.16880232295691966,0.8010615308523178,0.6318783918842673
1789063942755610600,49.898610595703126,0.20811551169157028,0.3789133923798799,0.4471198999805376
1789063942765647600,49.908647705078124,1.2883172245293855,0.12353110260069369,-0.22575470182187854
1789063942775684900,49.91868481445312,0.833624076282978,-0.00016483517289161682,-0.5473467358939349
1789063942785722600,49.92872265625,0.8388017711818218,-0.00584931055009365,-0.5404669863175601
1789063942795759600,49.93875952148438,-0.1954267105102539,-0.11748597721755503,-0.6592272212546318
1789063942805796900,49.948796875,-0.4918143798947334,-0.14263970769643783,-0.3188928946485743
1789063942815833900,49.958833740234375,0.047805707269906995,-0.5875473749876022,-0.3593025003178045
1789063942825871600,49.96887158203125,-0.900827726984024,-0.07655132476091385,-0.8231864150293171
1789063942835908600,49.97890869140625,-0.05714870515465736,-0.4269201751798391,-1.280498367471993
1789063942845945900,49.98894580078125,-0.8818114763468503,-0.012590016981959343,-1.7142112715318798
1789063942855982800,49.99898291015625,0.3339683352380991,-0.04534077846109867,-1.570976812812686
1789063942866020600,50.0090205078125,0.25211013624072076,-0.4053934030264616,-1.251356298009306
1789063942876057900,50.01905786132812,0.36493630495369433,0.3407078726261854,-1.5555694003224372
1789063942886094800,50.0290947265625,0.2162146469950676,-0.004347089293599129,-1.359845898822695
1789063942896131800,50.0391318359375,0.563358690148592,0.43679625702798364,-1.404109695702046
1789063942906169600,50.049169677734376,1.6286732149779795,-0.32531682674884793,-0.9753355632185935
1789063942916206800,50.059206787109375,1.6303870331585406,-0.3275233968824148,-0.9838944249883294
1789063942926243800,50.06924389648437,0.3683738781869411,-0.021582301732897758,-0.6641453884344548
1789063942936281600,50.07928149414062,-0.9644558572858571,0.564738746330142,-1.1094271497350185
1789063942946318800,50.08931884765625,0.6644342153131961,-0.22550912956297398,-1.4244282611094414
1789063942956355800,50.09935595703125,-0.23467735540270804,-0.5822410852730274,-1.1318060817383229
1789063942966392800,50.109392822265626,-0.44410687230229373,0.03445931896269321,-1.088108686570078
1789063942976430600,50.1194306640625,0.9141501498937606,-1.3485188875138758,-0.38431094057448206
1789063942986467800,50.1294677734375,-1.4483160633057355,-0.47612230524420734,-0.6357184815037995
1789063942996504800,50.1395048828125,-2.5031314059525727,0.8156400913029909,-1.5071940764710305
1789063943006541800,50.14954174804687,-1.2854565744012594,-0.06612637685835361,0.029247393000684678
1789063943016579800,50.159579833984374,1.988514242619276,-1.1934341242641209,1.1510211428832262
1789063943026616800,50.16961694335937,3.6804198665797707,-1.517297829595208,-0.28432814255002886
1789063943036653800,50.17965380859375,0.4349813165605068,-0.4561778338462114,-2.7665026486590505
1789063943046691600,50.18969165039063,-2.123542890790105,0.2969400425702333,-3.845803028742969
1789063943056728800,50.19972875976563,-2.125244434010982,0.48982992807924747,-4.215151889441907
1789063943066765800,50.209765869140625,1.9558260249823332,-1.026842463093996,-2.4157418763130902
1789063943076802800,50.219802734375,0.49745209352076053,-0.8443231649518013,0.012715428893337957
1789063943086840800,50.2298408203125,-2.0210487309992313,1.2123176884323357,0.8438681146606802
1789063943096877800,50.2398779296875,-1.3274194008618592,0.8787421519041061,1.1928412729375064
1789063943106914800,50.24991479492188,2.11732240884006,0.08195464510917663,0.006919049540301784
1789063943116951800,50.25995190429688,2.752672568488121,0.16354454855918885,-0.6449608685582876
1789063943126989800,50.26998974609375,-1.6059300527721643,1.7128168945640325,-0.6087994949180633
1789063943137026800,50.28002685546875,-1.2493775452822447,0.9775386262208223,-0.11362057049367576
1789063943147063800,50.290063720703124,-1.2454893056720495,0.9736369426071644,-0.13388623667005448
1789063943157100800,50.30010083007812,1.4303694877266884,-0.20595219617784022,-0.4536400589969009
1789063943167138800,50.310138916015624,0.6704051064163447,-0.45348786410987374,-0.12335680547971278
1789063943177175800,50.32017578125,-0.9013111265867948,-0.008015548673272132,-0.19743843392515553
1789063943187212800,50.330212890625,0.2725777547299862,-0.29595512318611145,-0.05273901721993461
1789063943197250800,50.34025073242187,-1.292823888298869,-0.03361176222264767,0.40252416773308064
1789063943207287800,50.35028784179688,-0.8052800253301858,-0.09153788149058818,0.14102492944356054
1789063943217324800,50.36032470703125,-1.000689200183749,-0.2871785270124674,-0.29651345118861644
1789063943227361800,50.37036181640625,-0.03022445787191391,-0.1443488497018814,-1.1430516983740031
1789063943237399800,50.38039990234375,1.2625444853693246,-0.5810317094832659,-0.8495014443725347
1789063943247436800,50.39043676757812,1.256822016069293,-0.5741150619626045,-0.8577819275923073
1789063943257473800,50.40047387695312,-0.11084639307260513,0.4100128795206546,-0.5593698762407526
1789063943267510500,50.410510498046875,-1.343147715869546,1.1604039613217114,-0.5431334655804559
1789063943277548800,50.420548828125,1.413141289550066,0.32969548022449013,-0.36402934617660937
1789063943287585800,50.430585693359376,1.0388836140215396,0.24425357752144336,-0.6144852124042809
1789063943297622800,50.440622802734374,0.07397299870550632,1.4324620760917663,-0.8498493810273706
1789063943307659800,50.45065966796875,-0.1384229667842388,0.4765548514425754,0.01686831535566598
1789063943317697800,50.46069775390625,-0.03394435517787933,0.9282336203038692,-0.6424382182128727
1789063943327734800,50.47073486328125,1.511544380635023,0.16828969725966453,-0.39209805078674104
1789063943337771800,50.48077172851563,-1.4488491472691296,0.3734358377516269,-0.49356261180154976
1789063943347809800,50.49080981445312,-0.8905512476414441,0.6227361772686243,-0.911066796925664
1789063943357846800,50.5008466796875,-1.2954612510651349,-0.4023988973855972,-0.5460918769946321
1789063943367883800,50.5108837890625,-0.47837446808516976,-0.6483201158583164,-0.5785441304512322
1789063943377920800,50.52092065429687,-1.012854854273796,-0.878466257572174,-0.2529012500857934
1789063943387958800,50.530958740234375,-1.810411591875553,-0.63943596765697,-0.12215645324662328
1789063943397995800,50.540995849609374,-0.7470844414710998,-0.7530676075339316,-0.09501169508099555
1789063943408032800,50.55103271484375,-0.45523500003814693,-0.7004957087755203,-0.20618651639036834
1789063943418069800,50.56106982421875,-0.5072469268262386,-0.22192016516029833,-0.34924872381519523
1789063943428107800,50.57110766601563,-2.0829554443359375,0.7900397861003875,-0.7632697064660489
1789063943438144800,50.58114477539063,0.8969359802424907,0.3641793491065502,-0.9523362342946231
1789063943448181800,50.591181640625,1.2605284693717955,-0.06333703840076924,-0.5221953435026109
1789063943458218800,50.60121875,0.6226578513354063,1.1109329511880874,-0.48573155284971
1789063943468256800,50.6112568359375,1.2549164747089148,0.4282739278763532,0.02792633699737489
1789063943478293800,50.62129370117187,0.22365268804132937,0.8640081086307764,-0.27599633100181814
1789063943488330800,50.63133081054688,1.4433435355901718,0.4316758452743292,-0.37705147096551955
1789063943498368800,50.64136865234375,-0.7476525967478752,0.38810616813898086,-0.3594160802274942
1789063943508405800,50.65140576171875,0.3416360933870077,0.36754561066925523,-0.5419614626590162
1789063943518442800,50.66144287109375,-1.016754784321785,-0.29388825378417965,-0.20448862643130122
1789063943528479700,50.67147973632812,-0.7681804209917783,0.37217327046990395,-0.7321002228289842
1789063943538517800,50.681517822265626,-0.8532511522948741,-0.2636024211138487,-0.6256242999255657
1789063943548554800,50.6915546875,-0.2442693596124649,0.13765958119630814,-0.9090361678808927
1789063943558591700,50.701591796875,0.4797124386906624,-0.32880291529893874,-0.44579672508537765
1789063943568628700,50.711628662109376,-1.5193278741180896,0.7453180163204669,-0.24326580859310923
1789063943578666800,50.72166674804687,0.7231482700884342,0.3729325644046068,0.023751608595997092
1789063943588703700,50.73170385742188,0.8038508693099021,-0.05235153400599956,0.2595305320324376
1789063943598740700,50.74174072265625,0.8486106330126524,0.6490180349946022,-0.4838151613017544
1789063943608777700,50.75177783203125,-0.5663976194530725,1.0245990680813788,-0.6395382589876651
1789063943618816300,50.761816162109376,0.16343465844392777,0.7458616216778755,-0.9377010482858866
1789063943628853200,50.771853271484375,-0.08161971406638621,0.6513759962975978,-0.6977399803265929
1789063943638890200,50.78189013671875,0.27698388073444363,0.5359890371859073,-0.6812347626622766
1789063943648927200,50.79192724609375,0.28186756112277506,0.5306476761579513,-0.6848316911756992
1789063943658965200,50.80196533203125,-0.2934726587206125,0.5418313334733248,-0.47749268028195946
1789063943669002200,50.81200219726563,1.4559551798820494,-0.6952607307314872,0.15863544146865605
1789063943679039200,50.822039306640626,-0.665984367364645,-0.0070972647845745085,0.3242356073834002
1789063943689077500,50.83207739257813,-0.28221418260335923,0.1469727684646845,0.6093038642436266
1789063943699114200,50.8421142578125,-0.5789414592057466,-0.4894529114603996,1.0413812029909342
1789063943709151200,50.85215112304687,0.21887772872447966,-0.08274784131348133,0.6974229502666741
1789063943719188200,50.86218823242187,-0.07331658062338829,-0.3393909448087215,0.9231862737864255
1789063943729226200,50.872226318359374,1.2387702265501022,-0.532009612160921,0.6285587459422648
1789063943739263200,50.88226318359375,-1.2040659929156303,0.17438041535019874,0.7860483783766626
1789063943749300200,50.89230029296875,-1.2062070965975522,0.4658212759822607,0.9833755156807601
1789063943759337200,50.902337158203125,0.26475509828031063,-0.3608931670427322,1.35575190750733
1789063943769375200,50.91237524414063,0.33607027595341205,-0.36184652224481106,1.4184588313110171
1789063943779412200,50.922412109375,-0.05664543180763721,-0.2818932800859213,1.4225360176220536
1789063943789449200,50.93244921875,-0.7414192553162574,-0.11803601231575012,1.085967582888156
1789063943799486500,50.94248657226562,0.4437047212421894,-0.5700578955262899,0.851511322890222
1789063943809524200,50.95252416992187,0.42657413822114465,-0.6544955896228551,0.33252021878901866
1789063943819561200,50.96256127929688,1.693856173506379,-0.41303310412466526,0.012107092303223908
1789063943829598200,50.97259814453125,0.07855915745198726,-0.31499475469887256,-0.08061247325260192
1789063943839635500,50.982635498046875,-0.21314766063988208,0.5748790320724249,-0.033995354712754486
1789063943849673200,50.992673095703125,-1.406365511804819,0.4046475530952215,0.6557113951534033
1789063943859710200,51.002710205078124,0.05705927330553531,0.32730653926134107,0.3302070099432021
1789063943869747500,51.01274755859375,0.6163643041491508,0.11438625763654708,0.2872293804168701
1789063943879785200,51.02278515625,0.6838280670911073,0.006076689565181732,0.12073500560875981
1789063943889822200,51.032822265625,1.4633447056114672,-0.17316987051665783,0.24012473408840596
1789063943899859200,51.04285913085938,-0.7154390108853578,0.5199684612333775,0.633285336072743
1789063943909896400,51.052896484375,1.463518893134594,-0.07489654329121112,0.8641089386567473
1789063943919934200,51.06293432617188,-0.41312838119268414,0.2815355526894331,0.8588276372529566
1789063943929971200,51.07297119140625,-0.2603425425350666,0.7326081723511219,0.6233784206949174
1789063943940008400,51.083008544921874,-0.8924240557759999,0.3036678895205259,0.7395711432315408
1789063943950045400,51.09304541015625,0.17031506560742854,0.3430634958416223,0.5959614214591682
1789063943960083200,51.10308325195312,0.6955068144470453,-0.45129590702354905,0.905734861313179
1789063943970120200,51.1131201171875,0.5787269396722317,-0.2965869913488626,0.8518694886781275
1789063943980157400,51.12315747070313,-0.7910913409799337,-0.1012619876474142,1.0546640245426446
1789063943990194400,51.1331943359375,-1.10607908141613,0.18835750277638436,1.1020759101893751
1789063944000232200,51.143232177734376,-0.0062146367311477655,-0.3944470615983009,1.3529045552521943
1789063944010269400,51.15326953125,-1.0572317561388016,-0.01311433311700821,1.469080034393072
1789063944020306400,51.16330639648437,0.20184943703413008,-0.07142682135403156,1.0837785484112799
1789063944030343200,51.17334326171875,-2.048763251876831,0.379532401061058,0.7772158872973174
1789063944040381200,51.18338110351562,-0.2636655494779348,0.33815351196825505,0.4965156894534826
1789063944050418400,51.19341845703125,0.30804595847427846,-0.5341682514995336,0.7339260500166565
1789063944060455400,51.203455322265626,0.3910404680252075,0.2289975562006235,0.8625128285717218
1789063944070492200,51.2134921875,0.08411153088212013,-0.07724749033153057,1.4286536237195133
1789063944080530400,51.223530517578126,0.6742442461878061,-0.03288461699187755,1.4010722277022898
1789063944090567400,51.2335673828125,-0.18187281693220136,0.3032838586390018,1.301240711249411
1789063944100604400,51.2436044921875,-0.4051747918397188,0.6034340954273939,0.8738179933749138
1789063944110641200,51.25364111328125,0.0496831915795803,0.13528057710528374,0.5028915446283295
1789063944120679400,51.26367944335937,-1.300677524408698,0.6393418596327305,-0.06555575106327888
1789063944130716400,51.27371630859375,-0.9130120857745408,0.49070554186999793,-0.05464120214602444
1789063944140753200,51.283753173828124,-1.0058335773348808,0.14744097049832344,-0.11402422852427697
1789063944150791400,51.29379150390625,-1.0053098457217216,0.14695406376421452,-0.09437559826769866
1789063944160828400,51.303828369140625,-1.6645055758595466,-0.038084523722529406,0.11169363928539677
1789063944170865400,51.31386547851562,-1.7688024011582135,0.8965636397987604,0.09973654991211368
1789063944180902100,51.32390209960938,-0.04809095395207405,-0.44925008040964604,0.5228751789929345
1789063944190940400,51.3339404296875,0.585867459076643,-0.1625923624008894,0.4270387600582093
1789063944200977400,51.34397729492188,0.4158966768622398,0.010862170276045798,0.6650076312869787
1789063944211014100,51.35401416015625,-0.9051017510414123,0.5564332747995853,0.2811398861690424
1789063944221051100,51.36405102539062,-0.39623569858074187,0.8424731531709432,-0.16686339078359305
1789063944231089400,51.37408935546875,0.4732604860723018,0.2451274377465248,-0.2637676764118485
1789063944241126400,51.38412646484375,1.5354694461017846,0.22278934921026228,-0.049431280911434436
1789063944251163100,51.3941630859375,-0.8432546589374542,0.7123661793112754,0.5532417852818966
1789063944261200100,51.4042001953125,-0.6936562181442976,0.9000076427727938,1.0096628532994538
1789063944271238400,51.41423828125,0.36501404636502266,-0.060578095081448555,0.9254331759303808
1789063944281275400,51.424275390625,1.5445236901730297,0.013164601999521255,0.31107305121049283
1789063944291312000,51.43431201171875,-0.12663608287870884,-0.06267243701219559,0.31729419074766335
1789063944301349400,51.44434936523437,-1.1558780083298683,0.5614905581891536,0.15808197230435908
1789063944311387400,51.454387451171876,-0.457409421467781,0.1108212586313486,0.14756646004151552
1789063944321424100,51.46442407226562,0.4465951819866895,-0.366893284240365,0.3318707419043407
1789063944331461000,51.47446118164063,0.721938309776783,-0.05464695146679878,0.250445655360911
1789063944341498400,51.484498291015626,0.9068459643602371,-0.2125707375347614,0.4130582385659218
1789063944351536400,51.49453637695313,-1.2059972532391547,0.7918114719480276,0.007060202443506568
1789063944361573000,51.504572998046875,0.39848844594359395,0.9364046517997979,-0.4150504352964461
1789063944371610400,51.5146103515625,1.8404110088199377,-0.2500029348284006,-0.5828340461974963
1789063944381647400,51.5246474609375,-0.5907546465963125,1.3110013500243425,-0.8779157840825617
1789063944391685000,51.53468505859375,-0.7320698276907205,1.0721294655412434,-1.0116255316745488
1789063944401722000,51.54472216796875,-0.4191723375320434,0.4347825791180134,-1.0097511161047965
1789063944411759400,51.55475927734375,-0.6106278063237667,0.5133803150147199,-0.9937010948620736
1789063944421797400,51.56479736328125,-0.1235655893921852,-0.13930150318443774,-0.9732746851660311
1789063944431834000,51.57483422851563,-0.8571241943359375,-0.3111550304055214,-0.7486101897336542
1789063944441871400,51.584871337890625,-1.7756261096984147,-0.2079658740878105,-0.6234964210513979
1789063944451908400,51.594908447265624,-1.6245827307939529,-0.45966626048386094,-0.18009062795685604
1789063944461945300,51.6049453125,-1.2840747646540402,-0.8753285440683365,-0.06923464507199824
1789063944471983000,51.61498315429687,-0.6788917797327041,-0.46844227213561535,-0.5517806632207706
1789063944482020400,51.62502026367188,0.34022681111097336,-0.5237894808262586,-1.1402614831335842
1789063944492057300,51.63505737304688,0.46813598266541956,-0.3354080126523971,-1.0713939178083092
1789063944502095000,51.64509521484375,-1.3842963033378124,0.6705886462897062,-0.7163437046401202
1789063944512132400,51.65513232421875,-0.25040274780094623,0.9603151042193174,-0.6245231337506324
1789063944522169300,51.66516943359375,2.071713919353485,0.21365853277146815,-0.2987898899543099
1789063944532206300,51.67520629882812,1.283333006376028,0.6649620385795831,0.026241744911298156
1789063944542244000,51.685244140625,0.8041741099148988,1.0105863248199223,-0.22299866284569725
1789063944552281300,51.69528125,0.7621399717837571,0.6385878263950348,0.013043222375866024
1789063944562318300,51.705318359375,0.08496259475350379,0.34531799677014346,0.15590890258159487
1789063944572355300,51.715355224609375,0.14113222574293613,0.23404198010861874,0.08276165064312517
1789063944582393300,51.72539331054688,0.1467933202445507,0.22744155893027782,0.07950571758709847
1789063944592430300,51.735430419921876,0.4176560877501964,-0.7109720946043729,0.5247836794953793
1789063944602467300,51.74546728515625,-1.585294091978669,-0.036034605455398556,0.2901107993383892
1789063944612504300,51.75550439453125,-0.8906897793292998,-0.2435328620314598,0.34319201759211715
1789063944622541300,51.76554125976563,-0.3223211520642042,-0.6270125394135713,0.48575047674588856
1789063944632578600,51.77557861328125,-0.42635143538117404,-0.11842588841617106,0.5962622310366481
1789063944642615600,51.78561547851562,-0.1699199288100004,-0.41762919974327084,0.8928269374884664
1789063944652652500,51.79565258789062,-0.4599895010888576,0.041354339173436165,0.7798952625744044
1789063944662690300,51.80569018554687,1.9525334131777285,-0.39249417396485803,0.8541801767732947
1789063944672727600,51.8157275390625,1.2313485521167515,-0.6283230374902486,1.1601626999117434
1789063944682764500,51.8257646484375,-0.21264789442420004,0.7727513821691274,0.6873561681520194
1789063944692801500,51.835801513671875,0.27263912952840325,0.2610650115907192,0.5596170924674719
1789063944702839600,51.84583959960938,-0.31035306637287136,0.48586979227662086,0.5397583996567875
1789063944712876500,51.85587646484375,-0.08719897550344467,0.7024655475437641,0.5802860787477344
1789063944722913500,51.86591357421875,1.264621291643381,-0.04201718699634075,0.9629679568156599
1789063944732950500,51.87595043945313,0.7860387337654828,-0.12452537433505058,0.8755000281777232
1789063944742988500,51.88598852539062,-0.6127525433927774,0.6874065100997686,0.5926288064377382
1789063944753025500,51.89602563476563,0.04559738357067108,-0.37727088586986063,0.5388785480823367
1789063944763062500,51.9060625,0.1689700807392597,-0.2855371895462274,0.34376492210924625
1789063944773099500,51.916099609375,0.026503976044058797,-0.5766179846942424,0.6850839854363352
1789063944783137500,51.926137451171876,0.031415713483095166,-0.5819032316207885,0.6915300197705626
1789063944793174500,51.936174560546874,-0.7471896554112434,-0.5311994648218155,0.7734476938702166
1789063944803211500,51.94621142578125,-0.5028817173540592,-0.8020183931857348,0.31580939555000515
1789063944813248500,51.95624853515625,0.09925181686878204,-0.5785018987447023,-0.2254419826108962
1789063944823286500,51.96628662109375,-0.313735110026598,-0.5748392845839262,-0.06220229874979704
1789063944833323500,51.97632348632813,0.07479425196051598,-0.4571458020955324,0.0279743408575654
1789063944843360500,51.986360595703125,-1.0296499217301607,0.13351181386709213,0.1381906558657065
1789063944853397500,51.9963974609375,0.37861177908480165,0.187779995149374,0.001507737681828439
1789063944863435500,52.006435546875,2.4214409647375343,-0.4605173243552446,0.13494714389983564
1789063944873472500,52.01647241210937,0.19304127667844295,0.8843658370047807,0.25437844649888575
1789063944883509500,52.02650952148438,-0.9536422023266553,1.4993857408076523,0.8770195658951997
1789063944893546500,52.03654638671875,0.4699959313184023,0.7185632803857326,0.9522216680042445
1789063944903584500,52.04658447265625,1.6355086139559745,0.5058727158635854,0.4994761101616546
1789063944913621500,52.05662158203125,0.937667219081521,0.452400068873167,0.3515813314812258
1789063944923658500,52.066658447265624,-0.3576227670699358,0.41660044121742246,0.3690980642756447
1789063944933695500,52.07669555664062,-0.8101531843245029,0.45885845123231406,0.5909641976937652
1789063944943733500,52.0867333984375,0.6296598390519619,-0.4651227723240852,0.4939901530312374
1789063944953770500,52.0967705078125,-0.8018734317570925,-0.11645604964792727,0.11470726975183933
1789063944963807500,52.10680737304688,-1.4879273582041264,0.35237843667566776,-0.40047720860801633
1789063944973844500,52.116844482421875,-1.674820049124956,0.18372282871305942,-0.32756624964345243
1789063944983882500,52.12688256835938,-0.07728197712302208,-0.04141922110319137,-0.13736859889309852
1789063944993919500,52.13691943359375,1.0896434949219227,-0.45412382392585277,0.07413816267196088
1789063945003956500,52.14695654296875,0.036920156118273734,0.28998481660485265,-0.3548930133124813
1789063945013993500,52.15699340820313,-0.5315817421376705,0.7459656665742397,-0.5744727162938564
1789063945024031500,52.16703149414062,0.43952363616526124,0.3083037326276302,-1.0192464550070464
1789063945034068500,52.177068359375,0.4394575851917267,0.30844694049060345,-1.0183164076153188
1789063945044105500,52.18710546875,0.6492804853230715,0.48183834480345245,-1.2888637524962425
1789063945054142500,52.197142578125,0.024775544816255567,0.35402971101403236,-1.2054291710276155
1789063945064180700,52.2071806640625,-0.3716775959074497,0.4660129991620779,-1.1607482447147368
1789063945074217500,52.217217529296875,-1.3541618618369102,0.37343992940485476,-0.7830377983838319
1789063945084254500,52.22725439453125,0.42129298294782636,-0.288488440567255,-0.6417549121238291
1789063945094291500,52.23729150390625,0.22953122468590734,-0.5778583401441574,-0.5712427579293027
1789063945104329500,52.24732958984375,-1.309154260852933,0.15733809513449667,-0.7166535012416542
1789063945114366500,52.25736645507813,-1.6394903770685194,0.027667174604535102,-0.6326436771683395
1789063945124403500,52.267403564453126,-1.1879027936220168,-0.12941957611739635,-0.8162447791978716
1789063945134440400,52.2774404296875,0.45520811203122136,-0.3065016516417265,-0.770276370357722
1789063945144478500,52.287478515625,1.1764011563986538,-0.767787622281909,-0.5359456729682162
1789063945154515500,52.29751538085937,-0.5844149221807718,0.1630617334783077,-0.5056801524335518
1789063945164552400,52.30755249023437,-1.5911796428859233,1.1289981847107409,-0.7140300208702683
1789063945174589400,52.31758935546875,0.6804238116055726,-0.14570552500784395,-0.2917363729799166
1789063945184627500,52.32762744140625,0.3267717017322779,0.42777533070445056,-0.5183845895754173
1789063945194664400,52.33766455078125,0.11285422576367854,0.734989514529705,-0.04798303659819066
1789063945204701400,52.347701416015624,-0.18602993661165237,0.1875099460363388,0.45437951571997254
1789063945214738700,52.35773876953125,0.12170680978298186,0.3588742284357547,0.27620825671944765
1789063945224776400,52.3677763671875,-0.5410626871883869,0.3290922536343336,-0.056142085395380854
1789063945234813400,52.3778134765625,0.21615034958720206,-0.1491904445141554,-0.24391473748851566
1789063945244850400,52.38785034179688,-0.45978316486179827,-0.10842296531796455,-0.2793545188559219
1789063945254887700,52.3978876953125,-0.8493342711120844,0.047885202246904374,0.1311113103303127
1789063945264925400,52.40792553710938,-0.8966180003345012,-0.20897125173807143,0.6787313284739852
1789063945274962400,52.41796240234375,-0.06503215188086033,-0.24260814840197562,0.7895047293756157
1789063945284999700,52.427999755859375,-0.06936696621477603,-0.2377197918385267,0.7881832715135068
1789063945295036700,52.43803662109375,0.011083119550347327,0.03283376358747482,0.6712975252114236
1789063945305074400,52.448074462890624,-0.15169745889902114,0.6936603097975254,0.5375864624451846
1789063945315111400,52.458111328125,1.5539444294691085,-0.03197685449719429,0.9215001473303883
1789063945325148700,52.46814868164063,1.220017595285177,0.37665070814490315,0.9829283564351499
1789063945335185400,52.478185302734374,1.0259165804207324,0.593633416903019,1.037643696963042
1789063945345223400,52.48822338867188,0.21726035665571689,0.9919675490677357,0.7887152594983577
1789063945355260700,52.4982607421875,1.2942436919689178,0.4684434411793947,0.6425893171213567
1789063945365297700,52.50829760742187,1.3573603656172752,0.43664252777099605,0.46084830987527964
1789063945375334400,52.51833447265625,1.0682032320082187,0.4510194281697273,0.7635608714323491
1789063945385372400,52.52837231445312,-0.5364660070478916,0.3324935865104198,1.0296038906313478
1789063945395409700,52.53840966796875,-0.8184294297605752,0.4937544080466032,1.1708367272045463
1789063945405446700,52.54844677734375,-0.3186433403342962,-0.5050929636627436,1.522960093140602
1789063945415483400,52.5584833984375,-0.2622586052894592,-0.7219640287399292,1.4608072960883378
1789063945425521700,52.56852172851563,-1.6248521953850983,-0.5762836381733417,1.2144723091829568
1789063945435558700,52.57855859375,-0.9041957421123981,-1.2210282336324452,1.1710660789810121
1789063945445595400,52.58859545898437,-1.8552853373467921,-0.9295365195959806,1.0442229292228817
1789063945455632400,52.59863232421875,-0.5087152458131313,-1.1276046845257282,1.255124856762588
1789063945465670700,52.60867065429687,-0.10640227314531803,-1.5461656121611593,1.2120237469870596
1789063945475707600,52.61870776367188,-0.34907939513027664,-0.35089024394452567,0.5838267835618928
1789063945485744400,52.628744384765625,-0.5890367367625237,-0.02753565717935562,0.5380249634603038
1789063945495781400,52.63878149414062,0.6656196257054805,0.015202829828858375,0.6820103501446545
1789063945505819600,52.648819580078126,1.2563269260287284,0.36967268582582474,0.9261663855757564
1789063945515856400,52.6588564453125,2.2678543310910464,0.26996552640497684,1.177279400537908
1789063945525893400,52.66889331054688,1.2510036851793527,0.5006622877389192,0.8704743820354341
1789063945535930400,52.678930419921876,1.2551947071284055,0.49612464430928227,0.8753742829062044
1789063945545968600,52.68896875,0.7252297525376081,0.2963935146033764,-0.18285134310815482
1789063945556005400,52.69900537109375,0.9696645318448543,-0.21917174323499203,-0.49262094703726467
1789063945566042400,52.70904248046875,-0.8290203818798064,0.06786006878316402,-0.4049026603674516
1789063945576079600,52.71907958984375,-0.1535369492858648,-0.4926116677522659,-0.2904779704166576
1789063945586117600,52.72911767578125,0.09549217207431793,-0.9144470870137215,-0.3037342692876234
1789063945596154400,52.739154296875,-0.84632106077075,-0.5013526080906391,-0.5967813230073079
1789063945606191400,52.74919140625,-0.6020517011582851,-0.061195934718847274,-1.1483537503048777
1789063945616228900,52.75922875976563,0.5673065509915352,-0.6343588105231523,-1.2636850337065755
1789063945626266600,52.7692666015625,-0.4137181637793779,0.17257073557972907,-1.3427195535853504
1789063945636303600,52.7793037109375,0.2689034501314163,0.5488461806714534,-1.6190981619030236
1789063945646340900,52.7893408203125,1.0052554851859807,0.016733692657947538,-1.5724062610939145
1789063945656377900,52.7993779296875,-0.2891886977910995,0.9812041629910468,-1.576094009695947
1789063945666415600,52.80941552734375,0.34534663834273815,0.8609007902652025,-1.4759087113693357
1789063945676452900,52.81945288085937,1.907106709998846,0.07783785744011401,-1.1522812990121543
1789063945686489900,52.82948974609375,0.44494799930155277,0.4898018710285425,-1.0375743580538779
1789063945696526800,52.83952685546875,-0.38774844074249265,0.5991074643999338,-0.843832312694937
1789063945706564600,52.84956469726563,-0.7431120307087897,0.06896949132978916,-1.1084057707980275
1789063945716601900,52.859601806640626,-1.1149486165702343,0.3528016305238008,-1.4639198751509188
1789063945726638800,52.869638916015624,-1.4049439545691011,-0.063164019921422,-1.7637306508518755
1789063945736675800,52.87967578125,-1.0076169536203146,0.007775310176610946,-2.21822389261201
1789063945746713900,52.8897138671875,0.008511807757616043,-0.3775520408987999,-1.9940667621798813
1789063945756750800,52.89975073242187,-0.554350623306632,-0.31267244923114773,-1.2606601329274474
1789063945766787800,52.90978784179688,-1.9912030433118342,0.4455903888583183,-0.9207677414026111
1789063945776824800,52.919824951171876,-1.218749767306447,0.5873194114506244,-0.6890149682097136
1789063945786862800,52.92986279296875,0.05996317805349827,-0.2692804667502641,-0.7741128797806799
1789063945796899800,52.93989990234375,-0.23453940823674202,0.5248632475376129,-1.4835020891077815
1789063945806936800,52.94993676757812,0.2862923918277025,0.2676052270144224,-1.549229822037369
1789063945816973600,52.9599736328125,0.715474082198739,0.019884850165247915,-1.3177344576716423
1789063945827011800,52.97001171875,0.5531494308233261,0.1085077209919691,-0.9828616478744894
1789063945837048800,52.980048828125,-0.2527875971108675,0.3586456803768873,-0.8555134712036698
1789063945847085800,52.9900859375,-0.45512744801044464,0.5744371335238218,-0.8215663395468145
1789063945857122600,53.00012255859375,-0.07771803045272827,0.46583588902950285,-0.7490368907131254
1789063945867160800,53.01016088867188,-0.34793957744538784,0.29514497584700583,-0.34638657584972676
1789063945877197800,53.02019775390625,-0.6335907487601041,0.48452246932089327,-0.2331034936821088
1789063945887234600,53.03023461914062,0.26941607582867144,-0.19498364291787146,0.09420887253182009
1789063945897271800,53.04027172851563,-0.7247755790293217,0.05279693968594074,0.16156806085444986
1789063945907308800,53.050308837890626,-0.6493161411583424,-0.031574703437089915,0.3268517081659287
1789063945917346800,53.06034692382813,-0.6500900481402874,-0.030118659409880635,0.31043994093872607
1789063945927383600,53.070383544921874,0.4556108476132154,-0.40091128917634483,0.7759967938311397
1789063945937420800,53.0804208984375,-0.6088058515936136,-0.1865858169287443,0.9447478249922394
1789063945947457800,53.09045776367188,0.2517325350999832,0.14566343943178653,0.7775388356413692
1789063945957495800,53.10049584960937,0.4327110335409641,-0.1798281593620777,1.1301500581596047
1789063945967532800,53.11053271484375,0.4308867407232523,0.1539870311409235,1.4206288688264785
1789063945977569800,53.12056982421875,0.4420411719441414,0.4550672422558069,1.265900810059905
1789063945987606800,53.130606689453124,1.0063988100022077,0.14726502940952776,1.4708473363265395
1789063945997644500,53.14064453125,-0.5317570987045764,0.6842220348447561,1.2364832846567033
1789063946007681800,53.150681884765625,0.5042372236162423,0.5583464149445295,0.9027006812490522
1789063946017718800,53.16071875,0.29269407556355,0.17460253366827963,1.1224775507703424
1789063946027755800,53.170755859375,-0.052335751914978024,0.2635007143050432,0.6537294275559484
1789063946037793800,53.18079370117187,-0.030055531045794486,0.5137596697211265,0.3683128687147051
1789063946047830800,53.19083081054688,-0.3805272573173046,-0.16777297990918158,0.5390668006634339
1789063946057867800,53.20086767578125,-1.0513462052315472,0.5796358712106943,0.5873374585639685
1789063946067904800,53.21090478515625,-0.3490519226014614,-0.17690321182608604,0.7023495199486612
1789063946077942800,53.22094287109375,-0.421655386519432,0.06415595356822014,0.6416442913562059
1789063946087979800,53.23097973632812,2.2826059100210667,-0.09698036480545998,0.08460965312998742
1789063946098016800,53.24101684570312,4.852402622014284,-1.8470786500155925,0.26469989749435335
1789063946108053800,53.2510537109375,-5.209495812252164,1.1999264088928698,-0.3929280353374779
1789063946118091800,53.261091796875,-8.778702790534496,2.3934470423966645,-0.28267991868527603
1789063946128128800,53.271128662109376,-4.053993066975474,-0.17667641733288764,-1.3549386914283037
1789063946138165800,53.281165771484375,7.42746120005846,-2.416616905581951,-1.1118003086071462
1789063946148202800,53.29120263671875,7.424731482833623,-2.4133219556897876,-1.1162588223859666
1789063946158240800,53.30124072265625,0.5257178185403347,0.4045148666262626,1.4166555812813342
1789063946168277800,53.31127783203125,-4.013202791425585,2.0593588801711795,1.070799532111734
1789063946178314800,53.32131469726563,-5.393344897693395,1.8053496323108673,0.4553103302966803
1789063946188351700,53.331351806640626,0.6052285776287317,0.22940029178261756,-0.33988303917460144
1789063946198389800,53.3413896484375,3.089324443721771,-0.3002700637757778,-0.9320415612194687
1789063946208426800,53.3514267578125,1.9987129805505275,-0.45367023493945596,-0.006985748967807739
1789063946218463700,53.36146362304687,1.2362082671076058,-0.7548989146143198,0.36600035398863257
1789063946228500700,53.37150073242187,-1.5672732821196316,-0.047288989919424054,0.3451397906590253
1789063946238537700,53.38153784179688,-2.601276722884178,0.8916934034138917,0.7043170936945825
1789063946248575700,53.39157568359375,-0.02636661339998245,-1.0087433273017405,0.8017118114545941
1789063946258613000,53.40161303710938,0.8186813586950301,-0.6043821899324655,0.6722214351233095
1789063946268649700,53.411649658203125,-0.8196896589547396,0.18807634774744508,0.35760015337932854
1789063946278686700,53.42168676757812,-0.34582536177039147,-0.20592881530225277,0.1152053189344704
1789063946288724700,53.431724853515625,1.4849246692568063,-0.5396557429999113,-0.09306121860034763
1789063946298761700,53.44176171875,2.10553610945642,-0.3761170396596193,0.10446058275932446
1789063946308798700,53.451798828125,1.194327273711562,-0.031653613892197605,0.5680444733446464
1789063946318835700,53.461835693359376,0.8036983090966939,0.3628974926024675,0.43192269617486745
1789063946328874000,53.4718740234375,1.4215724332869053,0.48900341412723064,0.03703929811907001
1789063946338910700,53.48191064453125,1.0352589937835932,0.5042167653501034,-0.2027848364544101
1789063946348947700,53.49194775390625,1.5740981597036123,0.47822716856896874,-0.3667372899610549
1789063946358984700,53.50198461914062,0.363478507360816,0.27465163839459417,-0.3567186943696812
1789063946369022700,53.512022705078124,-0.859801304590702,0.8125245896309614,-0.17732719112550838
1789063946379059700,53.52205981445312,-0.6094762982010841,-0.06058394030034542,-0.1900435561671853
1789063946389096700,53.5320966796875,-0.7398398771703243,-0.44535658010244367,-0.3195804385213181
1789063946399133700,53.5421337890625,-1.4734025737673044,-0.47114100970029826,-0.38326102966275066
1789063946409171700,53.55217163085938,-1.6008154862374067,-0.7030073993355035,0.15753221120079977
1789063946419208700,53.562208740234375,-0.7754010198950767,-1.4718576824128626,0.7022512472059578
1789063946429245700,53.57224560546875,-1.2805419143527745,-1.07970779184103,0.6324369025498628
1789063946439282700,53.58228271484375,-1.1370575725257397,-0.6977893724262714,-0.13267592929853125
1789063946449320700,53.59232080078125,-0.4682558096528053,-0.30283728391528125,-0.803213155928254
1789063946459357700,53.60235766601563,1.941370214128494,-0.9360773195415735,-0.956931380065158
1789063946469394700,53.61239477539063,-0.05418167204260826,0.451441452974081,-0.5759557579258456
1789063946479432000,53.622431884765625,-0.6700397802352905,1.2946002503216265,-0.21442213755510747
1789063946489469000,53.63246899414062,0.9063713325858116,0.5869961708456277,-0.08344450007444247
1789063946499506700,53.642506591796874,1.5384329720824956,0.6476181050688028,-0.5932495321519673
1789063946509543700,53.65254370117187,0.38640345587432384,1.0023170936465262,-0.797373051597923
1789063946519581000,53.66258081054688,0.5315495934337378,0.46650399754941463,-0.7130076920852064
1789063946529617700,53.67261767578125,0.926074396443367,-0.09138532127737999,-0.2116065686777234
1789063946539655700,53.68265576171875,0.7814291941434145,-0.4939806180179119,0.1903265012944117
1789063946549693000,53.69269287109375,-0.5754202993422747,-0.3409598015606403,0.4295955684015527
1789063946559730000,53.70272998046875,-1.3067431080579757,-0.13949439540803432,0.1864582084937021
1789063946569766700,53.7127666015625,-0.24713877756893635,-0.6547738220423459,0.11693554939371532
1789063946579804700,53.7228046875,-0.8222036876022816,-0.3500046932816505,-0.023228509453788865
1789063946589842000,53.73284204101562,-0.7381903563976288,0.1823947949796915,0.21295387336714192
1789063946599879000,53.74287890625,0.8019885825693607,-0.9379530502855777,0.5352740573169663
1789063946609915600,53.75291552734375,-1.2740502142459154,0.7691156560152769,-0.05731650403619278
1789063946619954000,53.76295385742188,0.3360030559360981,0.7489689400434494,-0.14186346262693406
1789063946629991000,53.772990966796876,1.1121773982912302,-0.19985621739029882,0.4230822775173932
1789063946640028000,53.78302783203125,1.3468670286536215,0.87140523314476,-0.4634996281016618
1789063946650065000,53.79306494140625,1.3459364698052405,0.8724813379436731,-0.4627189260527491
1789063946660103000,53.80310302734375,-0.7645376805752515,0.7910843267172575,0.3075467037152499
1789063946670140000,53.81313989257813,1.0457043999522924,0.5721802945077419,-0.19010463870465755
1789063946680177000,53.82317700195313,0.7666027964115142,-0.21418167986273765,-0.08327077834219672
1789063946690214000,53.8332138671875,-2.341930790171027,0.8457493983626365,-0.1561118960740976
1789063946700251000,53.8432509765625,-0.4555424585521221,-0.10870295130312442,-0.09978034338806756
1789063946710289000,53.853288818359374,0.23299217879474163,-0.7969476657927036,0.021034330727625637
1789063946720326000,53.86332592773437,-0.08220306691229343,-0.5751280383974313,0.20582248711725695
1789063946730363000,53.87336279296875,-1.9609031821161507,-0.026360183659195898,0.4254450611259788
1789063946740399900,53.88339990234375,-2.668555192387104,0.39005788672864433,0.34112814386487006
1789063946750438000,53.89343798828125,-0.2736865927547216,-0.25404782630503175,0.08241791523937135
1789063946760475000,53.903474853515625,1.985309893620014,-0.882220641669631,0.15086512712757102
1789063946770512000,53.913511962890624,-0.7401099262833595,0.23481237995922563,0.08090789426891133
1789063946780548900,53.923548828125,-1.7146937943518161,0.8821914155751466,0.01894242734913714
1789063946790587000,53.9335869140625,-1.2498808186292647,0.8250304354608059,-0.41920002925656735
1789063946800623900,53.94362377929688,1.9955027863323687,0.11052373698949813,-0.4472161268966272
1789063946810660900,53.95366088867188,1.8665309539824724,-0.06630407151281834,0.022735271160304545
1789063946820697900,53.96369775390625,-0.09591068974733352,0.9706617261886596,0.37359391439016904
1789063946830736000,53.97373583984375,-1.5971721612989902,1.0680617777109145,0.6222025818485766
1789063946840772900,53.98377294921875,-0.3720493518292904,0.5532330174535512,-0.06877428841809742
1789063946850809900,53.99380981445312,1.6402794816195965,-0.2375590483188629,-0.5441115533649921
1789063946860847000,54.00384716796875,0.17860300148129463,-0.23996610946059227,-0.05406371735190041
1789063946870883800,54.0138837890625,-0.8197954574167728,0.010671031618118285,0.3573284237658605
1789063946880921900,54.023921875,-0.9994541054308413,-0.241436182013154,0.7131913780890404
1789063946890958800,54.033958740234375,-0.9740133747041225,0.18511165272295474,0.44052817356530577
1789063946900996000,54.04399609375,1.4536913266032934,-0.8603893336117268,0.2500636885723099
1789063946911032800,54.05403271484375,0.13804711920917034,0.12864683817923067,-0.0798785329548642
1789063946921070800,54.06407080078125,0.13235504504740236,0.13524082961678505,-0.0771376732815057
1789063946931108000,54.07410815429687,0.4216267449468374,0.42584290133714675,-0.12109127170052379
1789063946941144800,54.08414477539063,1.0174947890341282,0.4341021956384182,0.005587134216260165
1789063946951181800,54.094181884765625,1.2041443188488483,0.4532213221281767,0.10527018210915848
1789063946961219800,54.1042197265625,0.04578852222859859,0.5904612166076898,0.21294346157098187
1789063946971257000,54.114257080078126,-0.21758009012937546,0.7642524338930845,-0.010008147262595593
1789063946981293800,54.1242939453125,1.2969231403112411,-0.29580139392912386,-0.38815373360775407
1789063946991330800,54.13433081054688,0.29059856458902356,-0.04854045128524303,-0.44157523493282497
1789063947001367800,54.144367919921876,-0.7095183886647224,0.1511678820669651,-0.36850020798034966
1789063947011405800,54.15440576171875,-0.4640560198754072,-0.39693420223891734,0.12038796400306746
1789063947021442800,54.16444287109375,-1.5321289035022259,-0.04346504771709442,0.15442642720518632
1789063947031479800,54.174479736328124,-0.33411037405729294,-0.4125198939055204,0.014378635698091238
1789063947041516800,54.18451684570312,-0.014551087921857834,-0.7158586976021528,-0.4341988609459251
1789063947051554800,54.194554931640624,-0.7428174316763877,-0.2229939318716526,-0.5230074636030941
1789063947061591800,54.204591796875,-0.6266466287106275,-0.28642390925288197,-0.37681685849204655
1789063947071628800,54.21462890625,0.2682844414502382,-0.5912883150815963,-0.13942987880446017
1789063947081666000,54.224666015625,0.35909810031950473,-0.43708325727581976,-0.16693921423247082
1789063947091703800,54.23470385742188,-0.84611589358747,-0.029879005435109136,-0.31246253280751407
1789063947101740800,54.24474072265625,-0.5151286199867725,0.25064707795083524,-0.7832756987929343
1789063947111777800,54.25477783203125,1.3434370542049408,-0.5869149223029613,-0.6770938634652643
1789063947121815000,54.26481494140625,0.8503945938199758,-0.24856618002355096,-0.4348348938271403
1789063947131852800,54.27485278320312,0.1461824948698282,-0.03907528832554817,0.13157090893238782
1789063947141889800,54.28488989257813,-0.18648294107615945,0.1312339320629835,0.28538473893087357
1789063947151927000,54.29492700195313,0.31843700410723685,-0.032924949002265926,0.24794443139601496
1789063947161964000,54.304964111328125,-0.6960586031109094,0.4328291069626808,0.49921786108426747
1789063947172000800,54.31500073242187,0.5861749175906181,0.09161503838002681,0.5665241684421897
1789063947182038800,54.325038818359374,1.3625409831255673,-0.28423429025411606,0.80113437689282
1789063947192076000,54.33507592773437,-0.6382756917059421,0.6915297275096177,0.8179321477629243
1789063947202113000,54.34511303710938,0.7319061615616083,0.12088146487474441,0.6133565006352961
1789063947212149800,54.355149658203125,0.6340940221071243,-0.010441314515471457,0.16653540093824265
1789063947222188000,54.36518798828125,0.029435937842726707,0.4936889415949583,0.21071078888177872
1789063947232225000,54.37522509765625,0.38107320076227186,-0.17349895634055137,0.4222152854245156
1789063947242261800,54.38526171875,0.42761049553155894,0.004210311171412468,0.11727059916751459
1789063947252298800,54.395298828125,0.42739246886670584,0.004490297156572342,0.11844119558315723
1789063947262337000,54.4053369140625,1.8792928203999995,-0.7710247045069932,-0.48811811919268216
1789063947272374000,54.4153740234375,-0.49418753876686095,0.49306584126055236,-1.0849603055417536
1789063947282410800,54.42541064453125,-0.3923609029740095,0.4965986915618181,-0.8119142757128923
1789063947292447700,54.43544775390625,1.1531938838124274,-0.4298796095073223,-0.4916596277244389
1789063947302485000,54.445485107421874,-0.3455050437748432,0.3341337549328804,0.034168975980300456
1789063947312523000,54.45552294921875,-1.0920289287537335,0.5394488222509622,0.2697435359510593
1789063947322559700,54.46555981445312,0.05685995134115219,-0.33299627533555026,0.2536031512774527
1789063947332596700,54.4755966796875,-1.2809089940994978,0.06595102029144763,0.1528492410163395
1789063947342634000,54.48563403320313,0.7511246567726135,-0.8380494915097951,0.05646414782344363
1789063947352671700,54.49567163085938,-1.2737883484393357,-0.8767039240747689,-0.2053692269244231
1789063947362708700,54.505708740234375,-3.1277953364133833,-0.0023848493099212645,-0.1984172706283629
1789063947372746000,54.51574609375,-1.364330204629898,-0.9382616778433323,-0.13963032414685003
1789063947382783000,54.52578295898437,1.1816577617526054,-1.599947471231222,-0.1378493864136748
1789063947392820700,54.53582080078125,0.46777182552814484,-1.0331301650613545,0.054012589952861886
1789063947402857700,54.54585766601563,-1.0581412721991539,-0.012512275570631027,0.43546486229375003
1789063947412895000,54.55589501953125,-0.45801907779872414,0.02682897021472454,0.5539908500835299
1789063947422932000,54.565931884765625,0.9291244316637516,0.19410861364901064,0.6550901214499026
1789063947432969000,54.575968994140624,1.206707447335124,0.4559411024808883,0.04923407783890143
1789063947443007000,54.586007080078126,-0.0683142422914505,1.231808570843935,-0.25044275101777164
1789063947453044000,54.5960439453125,0.26594343128204345,1.32256903822124,-0.8442597443267702
1789063947463081000,54.6060810546875,1.1317910302996634,0.7345575528532267,-0.3040754474081099
1789063947473118000,54.61611791992188,1.0946405725568533,0.5125292511433363,0.14669054485666566
1789063947483156000,54.62615600585937,1.550002413845062,0.2399935819894075,0.8231989822499454
1789063947493193000,54.63619287109375,0.4111269782423973,-0.04003741135597229,1.2155742060102521
1789063947503230000,54.64622998046875,-1.062926752910018,0.4565004899293184,1.096415619405359
1789063947513266700,54.6562666015625,-0.4735322887510061,-0.04698094688355922,0.7532639338236302
1789063947523305000,54.666304931640624,0.45524844404160975,-0.6536012711316347,0.5555003047984093
1789063947533342000,54.67634204101562,0.4571937328904867,-0.6557581569045782,0.5584877596439793
1789063947543379000,54.68637890625,-0.27869886795878407,-0.4728127423048019,0.2928604816390201
1789063947553415700,54.696415771484375,-1.3499948052853346,0.09137889153659343,0.1327998844717629
1789063947563453000,54.70645288085937,-0.22780103989243505,-0.09265139569044113,0.27928629419161005
1789063947573491000,54.716490966796876,0.5637117413699626,-0.3630664194285869,0.4304859048373997
1789063947583527700,54.72652758789062,1.1172621542096137,-0.3183078247696161,0.5947597175192088
1789063947593565000,54.73656494140625,-0.38556115983128547,0.30618484077751634,0.6620943741887807
1789063947603602000,54.746601806640626,0.5888555349767208,-0.04981996970176696,0.6574591886688024
1789063947613640000,54.75663989257812,0.4799585224062204,-0.15139292299449442,0.5655600726503879
1789063947623677000,54.76667700195313,0.19286650463342667,-0.0556523291170597,0.19414454347891733
1789063947633714000,54.7767138671875,-1.0632038162857294,0.3245435042887926,-0.08371999254757538
1789063947643751200,54.786751220703124,-0.12728665574193,-0.06678805563747882,-0.09878997151069342
1789063947653789000,54.796788818359374,0.424863242650032,-0.6048918930202722,0.41435507344342765
1789063947663826000,54.80682592773437,-0.5958692131310701,-0.18168635444939135,1.0384074478771537
1789063947673863000,54.81686279296875,-1.3160387596696614,0.036627310651540755,1.8141569158837199
1789063947683900200,54.82690014648438,0.22165596126616,-0.5993155541926622,2.240117159990221
1789063947693937200,54.836937255859375,0.7991267633974551,-0.6999158630609512,1.842087125338614
1789063947703975000,54.846974853515626,0.2654021640121937,-0.2420078444212675,1.4340613279819487
1789063947714012200,54.85701220703125,-0.47206630785167214,-0.1358300276815891,1.284230685868114
1789063947724049200,54.86704907226562,-0.9345125544428825,0.3332978886306286,0.9449345797359943
1789063947734086100,54.87708618164063,0.5551327135950327,-0.05288754057884216,0.9333262672677636
1789063947744124000,54.8871240234375,1.0353151078850031,-0.10644026706814766,0.9920308235622942
1789063947754161200,54.8971611328125,0.6949503496080637,0.44746027438342567,1.3149547638252377
1789063947764198100,54.9071982421875,0.11960428454577922,0.4138707239925861,2.1158108352333307
1789063947774235100,54.917235107421874,-0.24650281775295732,0.5413561171770096,2.0016640854410825
1789063947784272000,54.92727197265625,-0.2453057169228792,0.5412000498324633,2.021157452070713
1789063947794310100,54.93731005859375,0.9869196180284022,-0.14695114115476607,0.8951355797570199
1789063947804347100,54.94734716796875,1.2038245853751897,-0.3146826200097799,0.451304199927859
1789063947814383900,54.9573837890625,-0.3585942424505949,-0.23223346938192843,0.5883897806284949
1789063947824421000,54.967421142578125,-1.0526274772137403,0.11100070685148239,0.4634673332672566
1789063947834459100,54.97745922851563,0.8127227425515651,-0.7133037524223327,0.4791509688830003
1789063947844496100,54.98749609375,0.8360100946366786,-0.6090116032987832,0.31997214125264434
1789063947854532900,54.99753295898437,0.1344675071567297,-0.007205985856056213,0.2900453146204352
1789063947864570000,55.00757006835938,-0.7434615747988224,0.21213760681450367,0.3040970381854102
1789063947874608000,55.01760815429687,0.5006874221801757,0.16156886457204817,0.11109846813753246
1789063947884644900,55.02764477539063,1.1388041239321232,-0.27868250134587286,0.07197773323506117
1789063947894682000,55.03768212890625,0.19009061017930506,0.25480302858650683,-0.16418175048418343
1789063947904719000,55.047718994140624,-0.02355506311058998,0.3027759091168642,-0.31933022661991417
1789063947914756000,55.05775610351562,-0.07459025382101535,0.0896592281371355,-0.2907791453203186
1789063947924793900,55.0677939453125,0.89121175737679,-0.0867705209583044,-0.5306164407694712
1789063947934831000,55.0778310546875,1.0267705669015645,-0.6222744049757719,-0.25792214698772875
1789063947944868000,55.0878681640625,-0.9261258343696593,0.18693828362822532,-0.2490347839159891
1789063947954905000,55.097905029296875,-0.29985563775599,-0.13411211784780025,0.3458724888477474
1789063947964942800,55.10794287109375,-0.13434183495044708,-0.7103408109635114,0.8212231521323323
1789063947974980000,55.11797998046875,-0.3854454244971275,-0.053449850636720656,0.8716193142868578
1789063947985017000,55.12801708984375,0.07696107460558414,-0.5266594833046198,0.8374876929085702
1789063947995054000,55.13805419921875,0.37060558276176453,-0.4499216960608959,0.5690160583231598
1789063948005091000,55.148091064453126,-0.7667956886351108,0.05597849233150482,0.42006073773913083
1789063948015129000,55.15812915039062,-0.6993634898751974,0.056712067303061484,0.5531638246748596
1789063948025166000,55.168166015625,0.7725532292485237,-0.48867958900034425,0.65843570555076
1789063948035203000,55.178203125,0.7720312512010336,-0.48760816037654875,0.6629719607409089
1789063948045240000,55.18823999023437,-0.36234862654805183,0.1152478429019451,0.8348992838505656
1789063948055278000,55.198278076171874,-0.25658406678438184,-0.12348960154652595,0.8969760199919342
1789063948065315000,55.20831518554687,0.04903495680391788,-0.07994564337432385,0.8665205298431217
1789063948075352000,55.21835205078125,0.673841510605812,-0.4221370325565338,1.0955864020396022
1789063948085389000,55.22838916015625,0.5630488935470581,-0.3013075901299715,1.4206930201038717
1789063948095427000,55.23842700195313,0.9821113409638405,-0.3978197529017925,1.512929989774525
1789063948105464000,55.248464111328126,0.14119476958513258,-0.17033143222033975,1.3541785207107662
1789063948115501000,55.2585009765625,-0.36093466809689995,0.37401860607564447,0.8675389861706644
1789063948125538000,55.2685380859375,0.10915303315818309,0.18842764540314674,0.5901419215254485
1789063948135575000,55.278574951171876,0.9120791888386011,0.14317746783494947,0.5965884673163294
1789063948145613000,55.28861303710938,1.0163830283999442,0.10464169321358203,0.813591195949167
1789063948155650000,55.29865014648438,0.8379232347816228,0.282619256272912,0.5921833642251789
1789063948165687000,55.30868701171875,0.31602702035605906,0.5095639715969562,0.20901815961971879
1789063948175724000,55.31872412109375,0.36570495123863217,0.4317705378204584,-0.25459727688133715
1789063948185761000,55.32876098632813,0.5409574732482433,0.21253858883082866,-0.45443983107246455
1789063948195799000,55.33879907226562,0.39309097081422806,0.16038813035488128,-0.6732699212629347
1789063948205836000,55.3488359375,1.0094634582698345,-0.1474158360570669,-0.7424533476043492
1789063948215873000,55.358873046875,1.2167998022824524,-0.30824177330732344,-1.1613123814035207
1789063948225910000,55.36890991210937,0.7967144415587186,0.03811725694835186,-1.5462778403639792
1789063948235948000,55.378947998046876,-0.026294132685661314,0.32910160598456856,-1.9654910944283008
1789063948245985000,55.388985107421874,0.33607670569419856,0.2875473603248596,-2.0893185496270656
1789063948256022000,55.39902197265625,-0.5242383936375379,0.5479290658265352,-2.066539585455507
1789063948266059300,55.40905932617188,-0.02477496029436588,0.4135422226905823,-1.5705236622177063
1789063948276097000,55.41909692382813,0.5156698872566223,-0.08543430391848086,-1.2699904174610972
1789063948286134000,55.42913403320313,0.524033226454258,-0.09678454997241497,-1.2861037862636149
1789063948296171000,55.4391708984375,-1.8107336634367703,0.18091595459878443,-1.1583830499533563
1789063948306208300,55.449208251953124,-0.6929027694284916,-0.304314955252409,-1.6115530072204767
1789063948316245000,55.45924487304688,-0.33828210678398607,-1.1299947945326565,-2.0052295228376984
1789063948326283000,55.46928295898437,-1.1024076994270087,-0.6288304024904966,-2.0459446873247624
1789063948336320300,55.4793203125,-1.519944544711709,-0.9826672212809324,-1.6583493913173675
1789063948346357000,55.48935693359375,-0.5161573785126209,-1.067521679484844,-1.4046869110681115
1789063948356394000,55.49939404296875,-0.12467559646070003,-1.049097549521923,-1.1494849462918937
1789063948366432000,55.509431884765625,0.02001753663420677,-0.5702262378305196,-0.7941352387204765
1789063948376469200,55.51946923828125,0.12856208250522613,-0.5100713365972042,-0.3094855993559584
1789063948386506000,55.52950610351562,-0.3273965556323528,0.22144261077642438,-0.18052129272539166
1789063948396543000,55.53954296875,0.4889537297666073,0.3789063781172037,-0.07338102416172623
1789063948406580000,55.549580078125,1.7198820106446742,-0.3076677728116512,-0.009060746877267956
1789063948416618000,55.55961791992188,-0.2364741756916046,0.7482242591559887,-0.3880829699264839
1789063948426655000,55.569655029296875,-0.9123153356820345,1.121224628099799,-0.7342495098173618
1789063948436692000,55.57969189453125,1.5394009403318165,-0.13585574664473532,-0.430207380156964
1789063948446729000,55.58972900390625,2.3945851065158843,-0.44932314564585685,-0.22048695401940493
1789063948456767000,55.59976708984375,1.4901988102674484,-0.07126958496570587,0.5536561382364481
1789063948466804000,55.60980395507813,-0.22029110265374183,-0.030813655936717987,0.8603991974186151
1789063948476841000,55.61984106445313,-0.7173077273666858,0.33300153603255744,0.7525733212109654
1789063948486878200,55.629878173828125,-0.19633213491737841,0.046837154498696326,0.29098738124351947
1789063948496915200,55.63991528320312,1.6017290939509867,-0.7868073800504207,-0.09217347598038614
1789063948506953000,55.649952880859374,0.25910978586971756,-0.34601357781887054,-0.4616817650247365
1789063948516990000,55.65998999023437,-0.6156389124840498,0.02734218043386936,-0.3767191337386146
1789063948527027200,55.67002709960938,-1.1999527123779057,-0.1453027894258499,-0.48535154055617746
1789063948537064200,55.680064208984376,-0.1758148320674896,-0.09065992961227894,-0.39413405012637376
1789063948547102000,55.69010205078125,0.5635071587085724,-0.4421218359649181,-0.1862712345542386
1789063948557139200,55.70013916015625,1.1991828970491885,-0.49548342379629606,0.17191064596949143
1789063948567176200,55.71017626953125,-0.05252221439778804,-0.1897358053922653,0.6401025418069213
1789063948577213000,55.720212890625,-0.48020986681878564,0.1698807658433914,0.7261671064529568
1789063948587250000,55.73025,-0.4815320553332567,0.1711883413106203,0.7183189502358436
1789063948597288200,55.7402880859375,0.6262479847818613,-0.39597383277416226,0.45107042770460243
1789063948607325200,55.7503251953125,-0.5298351907312869,0.5382429535925388,-0.0727385067407973
1789063948617361700,55.76036157226562,0.04214636633396148,0.004772036707401275,-0.14848758434127085
1789063948627398700,55.77039868164063,0.14254384610652923,0.088861940279603,0.17699534708894787
1789063948637436700,55.780436767578124,0.047502924931049344,0.01080021095573902,0.6430253704510629
1789063948647473700,55.7904736328125,0.05111468568742275,0.006606850919127464,0.6363936773516238
1789063948657510400,55.800510498046876,-0.4675152204185724,-0.29458675744235513,1.696610002259165
1789063948667547600,55.810547607421874,-1.5854641878485678,0.11032149241566658,1.9320019356720148
1789063948677584600,55.82058471679687,-0.45365912902355193,-0.5394499912947416,1.6301814275838433
1789063948687622700,55.83062255859375,0.37285774560272694,-0.8711047888934612,1.0782448796816169
1789063948697659600,55.84065966796875,-0.2378513092637062,-0.7219757191777229,0.6280615370098501
1789063948707696600,55.85069653320313,-1.0534276876807211,-0.2921265048086643,0.731018492006883
1789063948717733600,55.860733642578126,-0.042104865279793735,-0.7432394564807414,1.1222362893603741
1789063948727770600,55.8707705078125,-0.3065133420795202,-0.6870207256525754,1.3639721849724649
1789063948737808600,55.88080859375,-0.3565624443620443,0.1695674621105194,1.2632491265073418
1789063948747845600,55.890845703125,1.9039707500606775,-0.9444868359684944,1.337065473346412
1789063948757882600,55.90088256835938,0.18810031314492223,0.020814824491739273,1.5245774652093649
1789063948767919600,55.91091967773438,0.08088497005105018,0.4376549196839332,1.6050966706879437
1789063948777957600,55.92095751953125,0.7025935578376055,-0.33056992497146126,1.634672163131833
1789063948787994600,55.93099462890625,0.7114817976921797,0.1335042150825262,0.730146166151762
1789063948798031600,55.941031494140624,0.40191374421715736,0.05710369696915149,0.37395080153644084
1789063948808068900,55.95106884765625,0.6158838271558285,-0.044531800165772434,0.058472720300033684
1789063948818105600,55.96110571289063,0.6570119563579558,-0.3236228823125362,0.4223592970050871
1789063948828143600,55.9711435546875,-1.2687106067836285,0.43348903217613693,0.8023246826559305
1789063948838180600,55.9811806640625,0.3644377077817917,-0.28226912766098977,0.9017707069225609
1789063948848217600,55.991217529296875,-0.3520060962319374,-0.1403536425858736,0.8496339847110211
1789063948858254600,56.001254638671874,0.638479105323553,-0.09666881463825702,0.5819548522101715
1789063948868292600,56.011292724609376,0.5508826549351215,-0.5923638353586197,0.845008955258876
1789063948878329600,56.02132958984375,0.2510778705835342,-0.04206219518184662,0.6750193952787668
1789063948888366600,56.03136669921875,0.18542904810905456,-0.27177286808788775,0.8925837763823569
1789063948898403600,56.04140356445313,-0.3994482308864593,0.1177057574480772,0.7360461839757859
1789063948908440600,56.051440673828125,0.7585141825020313,-0.16386954272985457,0.8102570830903947
1789063948918478800,56.06147875976563,-0.17902970246076583,0.021871640068292616,0.9613332682859153
1789063948928515600,56.071515625,0.395038013228774,0.1357522862702608,1.1246931809931993
1789063948938552600,56.08155249023437,-0.25728841566145416,0.03166881146132946,1.334257868579775
1789063948948589600,56.09158959960938,1.485902574378252,-0.25935996123850347,1.0687103047475217
1789063948958627600,56.10162768554687,0.2998264116615057,-0.1754407380580902,0.9974064521860331
1789063948968664600,56.11166455078125,0.1617512354016304,0.32632278892099853,0.7556283979326486
1789063948978701600,56.12170166015625,0.710914226937294,-0.4352490275859833,0.9844802620522677
1789063948988738600,56.131738525390624,-0.6730564977079629,0.18785306038558483,1.1253542752504349
1789063948998775800,56.14177587890625,-0.4431593623191118,0.012384849798679352,1.2965890860512852
1789063949008813600,56.1518134765625,-0.25539865639209747,-0.3645399991124868,1.2562693506225944
1789063949018850600,56.1618505859375,0.28178105188310143,-0.5764274305582047,0.9888150763861835
1789063949028887800,56.1718876953125,-0.17824761217236518,-0.3957324252337217,0.8569785022549331
1789063949038924800,56.1819248046875,0.8966039718091487,-0.9176128575682639,0.7201373247694224
1789063949048961500,56.19196142578125,-0.3046124768942594,-0.6180325296223164,0.8842576273899525
1789063949058999600,56.20199951171875,-0.5859744265824556,-0.0641314036488533,0.9750305889226496
1789063949069036800,56.212036865234374,0.038085692766308785,-0.7229641456931829,1.0728174478054047
1789063949079073800,56.22207373046875,-1.2631401131749151,0.3124409785628319,0.7757930148873478
1789063949089110500,56.232110595703126,0.2785240959137678,-0.13694003475010394,0.599639525450021
1789063949099148800,56.24214868164062,1.0068027146279812,-0.4865729721099138,0.49720878628417847
1789063949109185800,56.25218579101563,0.710257808855176,-0.10932546711564063,0.486131511952728
1789063949119222500,56.262222412109374,0.6271265211820602,-0.09682546650469302,0.7705388206861913
1789063949129259500,56.27225952148437,0.8138333341419697,-0.352943084821105,1.0281072953980415
1789063949139296500,56.28229663085938,-0.38467151751518247,0.2329880871415138,0.922731734951958
1789063949149334800,56.29233471679687,-0.38739655856490135,0.23802315869927404,0.9383806280478835
1789063949159371500,56.30237158203125,1.0763555588036775,-0.5385679477632045,0.6587584346991032
1789063949169408500,56.312408447265625,-0.10884148299098015,0.07328443191945552,0.5920522121261805
1789063949179445800,56.32244580078125,-0.11469839232563972,-0.19171090485751627,0.8532214878089726
1789063949189482800,56.33248266601562,0.42121348797082897,-0.48270577528774733,0.9841821558885275
1789063949199520500,56.3425205078125,0.26460253806710243,-0.41385903355479237,1.2775874484613536
1789063949209557500,56.3525576171875,0.7305167530298232,-0.45974692450463767,1.1246523375261575
1789063949219594800,56.3625947265625,0.7550105582952499,-0.5049433260589837,1.0037946919184177
1789063949229631700,56.3726318359375,0.07052841120958328,-0.04730652557611465,0.9231870044387877
1789063949239669500,56.38266943359375,0.09582184242010117,0.16853695001900196,0.755360613841936
1789063949249706800,56.392706787109375,1.0796978549689054,-0.26158582059443,0.7811432168088853
1789063949259743700,56.40274365234375,0.684602558594942,0.1886941873848438,0.24228622297123073
1789063949269780700,56.41278076171875,1.4068383900135755,-0.05619067377746105,0.13580109384804964
1789063949279817500,56.4228173828125,-0.02769114000201225,0.39910979271233077,0.08568331024348735
1789063949289855700,56.43285571289063,0.8317559443235397,0.3376391327053308,0.029674568904191255
1789063949299892700,56.44289282226563,0.30606209118068217,-0.11536708536744117,0.4105236055217683
1789063949309929700,56.4529296875,-0.45514498366713524,0.6724550246834754,0.18990429382696747
1789063949319966500,56.46296655273437,1.1864146008908747,-0.4417576788276434,0.3349826268471777
1789063949330004700,56.473004638671874,0.12323358095884322,-0.4823550621539354,0.18537746405228972
1789063949340041700,56.48304174804687,-2.78337165813446,0.29788404542207714,-0.057679085704311725
1789063949350078500,56.493078369140626,-3.782386203104257,0.20595219617784022,-0.5343899314261973
1789063949360115500,56.503115478515625,-0.8683201266109943,-1.0882195995986461,-0.7996054868251085
1789063949370152700,56.51315258789062,-0.12845686856508254,-1.3006155650883913,-0.883797243336588
1789063949380190700,56.523190673828125,0.8554220665931701,-1.3747867167145014,-0.4222071751832962
1789063949390227500,56.5332275390625,1.2867723331749439,-1.3325427352249621,0.13514168009124697
1789063949400264700,56.5432646484375,-0.5177484470963478,-0.11361644230782986,0.1796351210080087
1789063949410301700,56.5533017578125,-0.18705869513750076,0.34680618950128556,0.04098082968592644
1789063949420338700,56.563338623046874,0.5731196211844682,0.33685704241693015,-0.6917113676868378
1789063949430376400,56.57337646484375,1.6795692894786596,0.8724135334044695,-1.8735875944957137
1789063949440413700,56.58341357421875,3.0767367648273702,0.423932683801651,-2.6240400510951876
1789063949450450700,56.59345068359375,2.9161972433030603,0.7750029604882002,-2.586621882326901
1789063949460487700,56.60348779296875,1.6189268969893456,1.3407184428960084,-2.1248677096530795
1789063949470524700,56.613524658203126,1.0605062477648257,1.499393924114108,-1.0930633863680064
1789063949480562700,56.62356274414063,0.37189854518175125,1.289250705987215,-0.6180884245280176
1789063949490599700,56.633599609375,0.8466618370324372,0.7004267351925373,-0.6640181818582117
1789063949500636700,56.64363671875,-1.1559107415556906,0.8439800506025552,-1.0924988843530417
1789063949510673400,56.65367333984375,-0.6425251658439636,0.04631751453876495,-1.566745897244662
1789063949520711700,56.663711669921874,-0.015609072542190551,-0.9422235672116279,-1.5791094119943678
1789063949530748700,56.67374877929687,-0.20197803184986113,-1.4663257672488688,-1.426382463917136
1789063949540785700,56.68378564453125,-0.3648760991990566,-1.638607164493203,-1.0764366612158716
1789063949550822700,56.69382275390625,-0.6109142220497131,-1.5389771619617938,-0.9415901646789163
1789063949560859600,56.70385961914062,-0.7894225309848785,-1.519466990327835,-0.8964457125075161
1789063949570897700,56.713897705078125,-2.217890569004416,-0.3946913917481899,-1.180452550681308
1789063949580934400,56.72393432617187,-1.1204904686063528,-0.4727624734222889,-1.4285885956592856
1789063949590971600,56.7339716796875,-1.1279507214844227,-0.4669271913975477,-1.4553461080729961
1789063949601008600,56.744008544921876,0.21997253822386265,-0.24285130950808523,-1.5259243497736752
1789063949611045600,56.754045654296874,0.7906313222527503,-0.05912672722935676,-1.5237036049842834
1789063949621083400,56.76408349609375,1.161279575112462,-0.2055307558953762,-1.314075642903149
1789063949631120400,56.77412036132812,0.5445423459976911,0.1664952150583267,-1.1615570768795906
1789063949641157400,56.78415747070313,-0.6120978788763284,0.711777565768361,-0.9165250623315572
1789063949651194400,56.7941943359375,0.6304232246398925,0.045098201876878734,-0.4478311169898137
1789063949661232400,56.804232421875,0.6166495508313179,-0.2371101355075836,0.027572883917205034
1789063949671269400,56.814269287109376,-0.15285072058737276,0.06545476120710372,0.06259275937210768
1789063949681306400,56.824306396484374,-0.1428279237449169,-0.3996750253796577,-0.25019626544341445
1789063949691343400,56.83434326171875,-0.3587204991787672,-0.2607815184742212,-0.6943135130092501
1789063949701380600,56.84438061523438,-0.3438917633593082,-0.4591927977532148,-1.0609927891727535
1789063949711418400,56.85441845703125,-0.3156412359088659,-0.38000177213847636,-1.007100309335068
1789063949721455400,56.86445532226563,-0.4236088586747646,-0.31534020713567734,-0.7955361184943467
1789063949731492400,56.874492431640626,-0.45155660378634926,-0.5411912820041179,-0.2395326682130806
1789063949741529300,56.884529296875,-2.1931343134105203,-0.03839373580217361,-0.034217326900362964
1789063949751566300,56.89456640625,-1.9856798959761857,-0.08847907844185829,-0.14529241416230798
1789063949761604400,56.90460424804687,0.9095505471438169,-0.9547112928628921,-0.2294724985023029
1789063949771641600,56.9146416015625,3.0410557951152324,-1.4666776494264602,0.0288759110734798
1789063949781678300,56.92467822265625,2.0710008026480673,-0.8854483715444803,0.5795127928202971
1789063949791715300,56.93471533203125,-0.20116262381374836,0.34263562581837176,1.1668388166747987
1789063949801752300,56.94475244140625,0.34222353788614274,0.610295213368535,1.132456946862489
1789063949811790600,56.95479052734375,1.8606255293309688,0.20588088450729847,0.8364359188333154
1789063949821827300,56.96482739257812,0.1823462796628475,0.977432827758789,-0.10376750419493765
1789063949831864300,56.9748642578125,1.18905313270092,0.9088672410547732,-0.9674421065550297
1789063949841901300,56.9849013671875,3.187448717865348,-0.2799824780285358,-0.5384139627778902
1789063949851939300,56.99493920898438,0.6958540204495192,0.2087070478439331,0.3757077647389844
1789063949861976300,57.004976318359375,-1.1942051086366177,1.175787408414483,0.6377008874926716
1789063949872013300,57.015013427734374,0.8278647821038961,-0.014082301366329193,1.1034611540026962
1789063949882050300,57.02505029296875,0.32070728712677954,0.2444739422738552,0.9442162753988057
1789063949892087600,57.03508764648438,1.206867606332898,0.2550555420428514,0.9308863267697394
1789063949902125300,57.04512524414063,-0.3281733852237463,-0.27285423358380795,1.2587027152493595
1789063949912162300,57.05516235351563,-1.5092553929150103,0.5470078593283891,0.7610969655368477
1789063949922199600,57.065199462890625,-1.5008891311079262,0.5375643236786127,0.754410327379778
1789063949932236500,57.075236572265624,0.13231822016835212,-0.7726070052623748,0.461903043092601
1789063949942273300,57.08527319335938,1.889452395364642,-1.4389204584509134,0.7722016393318771
1789063949952311300,57.09531127929687,0.10097206479012966,-0.8299632156878709,1.0748200197994708
1789063949962348500,57.1053486328125,-0.8505190969824791,0.007221767947077751,1.6620155126094818
1789063949972385300,57.11538525390625,-1.3494891938507556,-0.09915653980076312,1.9989161019071935
1789063949982422300,57.12542236328125,-0.7056161205291748,0.2756821504861116,1.148256427410245
1789063949992459300,57.13545922851562,0.345000016862154,0.22038754876554012,0.26025062646791336
1789063950002497500,57.14549755859375,1.3796657209277152,-0.20376374622285365,-0.15342810035021975
1789063950012534300,57.1555341796875,0.6719833155184984,-0.0232318225055933,-0.005127172571292612
1789063950022571300,57.1655712890625,1.5466805759459734,-0.45259062300920483,0.40042182515896857
1789063950032608300,57.175608154296874,1.515248495849967,-0.7456184605717658,1.0465359554056077
1789063950042645500,57.1856455078125,0.5973679272562264,-0.2841986344188452,1.1521377258230001
1789063950052683300,57.195683349609375,1.0874357557445764,-0.742298376238346,1.5202233616530894
1789063950062720300,57.20572021484375,-0.19895663820207118,-0.5147334831893444,1.9604896328791974
1789063950072757500,57.21575756835937,-0.42993689265251156,-0.55265726339221,1.9772278555817902
1789063950082794500,57.22579443359375,-1.6543641210734843,-0.6268284150183201,1.7606509511455892
1789063950092832300,57.23583227539063,-1.1708388460963963,-0.9815051917642355,1.0351233847051857
1789063950102869200,57.245869140625,0.9496674534767866,-1.721615118047595,0.20810833303211257
1789063950112906500,57.255906494140625,0.3066062810599804,-1.5940981606811284,0.09527242837641388
1789063950122943500,57.26594360351562,0.6895896993577479,-1.488877206274867,0.2723688246870413
1789063950132980200,57.27598022460938,1.7540677733629941,-1.7211258732259274,0.8760284359659999
1789063950143018500,57.2860185546875,-0.4601256946891546,-0.529982490247488,1.0835226008888332
1789063950153055500,57.29605541992188,0.5990799918711185,-0.20225217261612413,1.1686381211817265
1789063950163092500,57.306092529296876,0.8927227464616299,-0.7367062553197145,1.0751809620663524
1789063950173129200,57.31612915039062,0.19632453613281248,0.19009937800765037,0.18165577664803711
1789063950183166200,57.32616625976563,1.4113035527288913,-0.5975140577286482,0.03549131062524393
1789063950193204500,57.33620458984375,2.057873610049486,-1.1851578788280486,-0.39039873605556785
1789063950203241500,57.34624145507812,2.5211831954717634,-1.2777461461544035,-0.6569891600042581
1789063950213278200,57.3562783203125,1.7083984935998915,-1.2207587690412998,-0.34019455280918626
1789063950223315500,57.3663154296875,-0.35268764875531194,-0.6208522632181644,0.06329288873178884
1789063950233352400,57.3763525390625,0.5482324326872825,-0.6541723490178585,0.2927551215684041
1789063950243390200,57.38639013671875,0.7354699915230274,-0.8349450957536697,0.4004896662307903
1789063950253427200,57.39642724609375,-0.38048867887258525,-0.15704057349264622,-0.2510586909590289
1789063950263464400,57.40646435546875,0.6889414645820856,-0.4587415468543768,-0.5492194344306365
1789063950273501400,57.41650146484375,1.3084072418779134,-1.1002853004455566,-0.7689125346586108
1789063950283538400,57.426538330078124,0.43916590876877304,-0.5156377385526896,-1.2163703248240052
1789063950293576400,57.436576416015626,1.2703536978155374,-0.9220786048054694,-1.0937280608218163
1789063950303613400,57.446613525390624,2.455450201845169,-1.5353934582561253,-0.9689220429144799
1789063950313650400,57.456650390625,0.5715852512240409,-0.5815887588441372,-0.9570561024233698
1789063950323687400,57.4666875,-0.9415437682539224,0.21284896995425223,-0.6013606501542031
1789063950333724400,57.476724365234375,1.163700080257654,-0.7956026809245348,-0.332763964417018
1789063950343762400,57.48676245117188,0.859448837891221,-0.6046750353991985,-0.560528252495639
1789063950353799400,57.49679931640625,0.8254618126153945,-0.44182022266983983,-0.5168509867999702
1789063950363836400,57.50683642578125,2.1670266432076692,-1.7334622077077626,-0.7187144523594527
1789063950373873400,57.51687329101563,1.6136977641642092,-1.434978442826867,-0.9735582513477653
1789063950383910400,57.526910400390626,0.05036182149350643,-1.4040654181689023,-0.6688700058035552
1789063950393948400,57.53694848632812,1.094989532124996,-2.1744448105096814,-0.45263044356293974
1789063950403985400,57.5469853515625,1.5649159053385258,-2.388559854876995,-0.251287458213605
1789063950414022400,57.5570224609375,-0.13260112876296043,-1.7338228577136992,0.06809904690450057
1789063950424059400,57.56705932617187,0.3086182054042816,-1.872947250765562,0.4571856591818854
1789063950434097400,57.577097412109374,1.859202218529582,-2.0236726497620343,0.48892439407426863
1789063950444134400,57.58713452148437,1.2317214770823717,-1.0950181736975908,0.3750019910898059
1789063950454171400,57.59717138671875,0.45318274368345735,-0.30704291891157626,0.2909935917885974
1789063950464208400,57.60720849609375,0.6650701751291751,0.04832300914227962,-0.015524499531276523
1789063950474245400,57.61724536132812,1.8929180256485938,0.39395840129852294,-0.5653892461281269
1789063950484283400,57.627283447265626,1.9221978961467743,0.5618570534139872,-0.6624952100746333
1789063950494320400,57.6373203125,1.9869974083155393,0.6832903069525956,-0.32487346689552066
1789063950504357400,57.647357421875,1.862219520524144,0.7173731938183308,0.42368207004144787
1789063950514394400,57.657394287109376,1.438538765656948,0.6148667590677738,1.4552243813894687
1789063950524431400,57.667431396484375,2.055997879305482,-0.11425006403625011,1.5395011858358978
1789063950534469400,57.67746948242188,2.074941649228334,-0.13497136502563953,1.5412953757762908
1789063950544506400,57.68750634765625,0.9254951352506875,-1.2822048791289329,-0.3015020167235285
1789063950554543600,57.697543701171874,-0.7071931605875492,-1.3585060285210608,-0.7344917941406369
1789063950564580400,57.70758032226563,-0.6606710633873939,-2.617094469740987,-0.21558438626751303
1789063950574617300,57.717617431640626,0.22853286129832268,-3.674703242498636,0.2753779251088388
1789063950584655400,57.7276552734375,-0.6161380941778422,-3.3986662872254847,0.8422519116356968
1789063950594692400,57.7376923828125,-1.1251578758955,-3.325054523047805,0.9901383608791977
1789063950604729300,57.74772924804687,-1.013147699740529,-3.098227881145477,0.7661082178276032
1789063950614766300,57.75776635742187,-0.5306915152996778,-2.161465501949191,0.5203594333123416
1789063950624804000,57.76780419921875,1.3557143519759178,-1.945147394579649,0.7073094804435968
1789063950634841900,57.777841796875,1.8924410557866096,-1.4740531466305256,0.7397057293966413
1789063950644879000,57.78787915039062,2.361888121050596,-0.4981143568217754,0.17060086027886717
1789063950654916000,57.797916015625,1.9872505062937735,0.23892332240939138,-0.3723156015500426
1789063950664953000,57.807953125,1.455249077439308,0.8116098128736019,-0.9462534803148358
1789063950674989800,57.81798974609375,2.3453303694814442,0.9074345779031514,-1.2758755299769342
1789063950685028000,57.828028076171876,2.3520102856367826,0.5868284130632877,-1.0478575593981891
1789063950695065000,57.838065185546874,2.2838988724410534,-0.05302490322291851,-0.3384268124843016
1789063950705102000,57.84810205078125,2.0939368570774795,-0.6690870095551014,0.3398398576200008
1789063950715138800,57.858138916015626,1.3016057451695202,-1.2456342671006917,0.5850163221400231
1789063950725176000,57.868176025390625,0.03654956924021244,-1.408916949853301,0.38350883041135964
1789063950735214000,57.87821411132813,-1.0729840365439653,-1.3905132781565188,-0.06262377556487918
1789063950745250800,57.888250732421874,-0.7936258278936147,-1.8130998080462217,-0.6218695505019277
1789063950755288000,57.8982880859375,-0.7337643566489219,-1.832968876120448,-1.0700360734585672
1789063950765325000,57.90832495117188,-0.7024374904930591,-1.4539572840631008,-1.1465605832777916
1789063950775362000,57.918362060546876,0.8961468756914138,-1.8295009077489375,-0.7972576815899461
1789063950785399800,57.92839990234375,0.8900228398531674,-1.8230296659082172,-0.801438693601638
1789063950795437000,57.93843701171875,0.7959574857115745,-0.9639800564676523,0.325174751397036
1789063950805474000,57.94847412109375,0.45010231332480904,-0.5472159491211176,0.7339216661024838
1789063950815511000,57.95851098632812,2.5745003596395253,-0.8550205000549554,0.5860782888157293
1789063950825548000,57.96854809570313,3.162223675715923,-0.8896838171571493,0.17398538815062492
1789063950835586000,57.9785859375,2.3625381093919278,-0.37812779496014115,-0.35667894688118246
1789063950845623000,57.988623046875,1.3739175326645374,-0.3910053967118263,-0.8730811304677277
1789063950855660000,57.998659912109375,0.8780190983265638,-0.35951486442685127,-1.2353487276688218
1789063950865697000,58.00869702148437,1.5496575459301472,-1.0186451281130313,-1.0943459735244512
1789063950875734000,58.01873413085937,2.2245348293244835,-1.7154069110572336,-0.8433348115015774
1789063950885772000,58.02877197265625,1.6881787123918532,-1.7913088319987058,-0.5403638182040303
1789063950895809000,58.03880908203125,-0.08197685694098472,-1.3447522284567355,-0.11095252946135588
1789063950905846000,58.048845947265626,-1.774325548493862,-0.4053396270126104,0.3248704346882179
1789063950915883000,58.058883056640624,0.08362403962612151,-0.6073287647783756,0.6206961228083819
1789063950925920000,58.068919921875,0.07503039880394935,-0.5981272211909294,0.6191663559578359
1789063950935958000,58.0789580078125,3.2792911352604626,-1.2976426867574453,0.7665967319969087
1789063950945995000,58.0889951171875,-0.5370610503315926,0.3687444650650024,0.6365319898437708
1789063950956032000,58.09903198242188,-1.9043004204064606,0.20118542016744612,0.8208782842174172
1789063950966069000,58.109069091796876,0.47496261381506916,-0.7402110485702753,0.4632721029561013
1789063950976106000,58.11910595703125,2.054398627415299,-1.1256921289026736,-0.09070879198899492
1789063950986144000,58.12914404296875,1.0105091679304838,-1.1563684221953152,-0.3842824085997417
1789063950996181000,58.13918090820312,-0.06469079109728336,-0.896015942788124,-0.8188966819461435
1789063951006218000,58.14921801757812,-0.5276368039041758,-0.8794196127742528,-0.6488005197864025
1789063951016255000,58.1592548828125,-0.6762427265286445,-1.0944967801719903,-0.02994482807978056
1789063951026292000,58.1692919921875,-0.46217444391250606,-1.2424018610507248,0.5664828865837306
1789063951036330000,58.179330078125,-0.4610217667460441,-1.2436293570190666,0.5637758195821195
1789063951046367000,58.189366943359374,-0.6211544610351324,-0.6365560283064842,0.2720305874423124
1789063951056404200,58.199404296875,-0.7912713737219571,-0.3722293845713138,0.020272691855498123
1789063951066441000,58.20944091796875,-0.13399404442608356,0.07607903107404708,-0.15534807209474966
1789063951076478000,58.21947802734375,1.285986735755205,0.03351356254518032,-0.00947011997931404
1789063951086516000,58.22951586914063,2.800411055740714,-0.04503974968791008,-0.05000316251525655
1789063951096553000,58.239552978515626,3.000004238280654,0.29433833563923834,-0.3289584711868316
1789063951106590000,58.24958984375,2.12791569904685,0.6743447839528321,-0.9468368331607431
1789063951116627000,58.259626953125,1.7073147900164127,0.5953133328139781,-0.9803584328819066
1789063951126664000,58.269663818359376,1.5759388191342354,-0.027032968354225157,-0.9179382170651107
1789063951136702000,58.27970190429688,0.7306301502764224,-0.5066074598789215,-0.005863635902968235
1789063951146739000,58.28973901367188,-0.5604220521748066,-1.0398439834862947,0.8771875428732484
1789063951156776000,58.29977587890625,-0.9825590847313403,-1.5024574033379554,1.3316018011130393
1789063951166813000,58.30981298828125,-1.3765642477810383,-1.8760212513834238,1.239247050281614
1789063951176850200,58.31985009765625,-1.717804619848728,-1.8480156386047601,0.7692888936903327
1789063951186888000,58.32988793945312,-1.3805179538428782,-1.4784697940289973,0.1208260448930785
1789063951196925000,58.33992504882813,-1.138638119715452,-0.9379419443696737,-0.05143109925941098
1789063951206962200,58.34996215820313,-0.17935645019710064,-0.465958638626337,0.0785430191679392
1789063951216999200,58.359999267578125,0.3169365364164114,0.0461935958981514,0.48669170311875637
1789063951227036000,58.37003588867187,-0.9281377587139606,0.9842132816791533,0.5965327916063368
1789063951237074000,58.380073974609374,0.6841571529150009,1.1970341945827006,-0.20835078175216912
1789063951247111200,58.39011108398437,2.876432219147682,0.8740344126045704,-0.6872102568753063
1789063951257148000,58.40014794921875,2.8782009823858736,0.872127117678523,-0.6875540288116783
1789063951267185000,58.410184814453125,2.139249578487873,1.0060860907912255,-1.2626260261729358
1789063951277222000,58.42022192382812,1.117646185091138,0.44262569383382794,-0.686810882294178
1789063951287260200,58.43026025390625,0.91610946726799,0.24219196881651878,-0.6810678816627711
1789063951297297000,58.440296875,0.4078279366970062,-0.4644605090230703,0.0882653900254052
1789063951307334000,58.450333984375,-0.4011538657605648,-0.9256535406827926,0.29691068861158565
1789063951317371000,58.460370849609376,-0.6475415327012538,-1.1070400354027747,0.06682498098122887
1789063951327408000,58.470408203125,-1.5378730001121759,-1.509427826872468,0.15467685830229894
1789063951337446000,58.48044580078125,-1.0107838932186364,-1.7724311130493877,-0.19225708576450123
1789063951347483000,58.49048291015625,-0.19194179100394249,-1.9696844544649124,-0.34227515847552564
1789063951357520100,58.50052001953125,0.05313654690384864,-1.7728735961198805,-0.3542069307444617
1789063951367557000,58.51055712890625,-0.3079296386182308,-1.0755576864242553,-0.42832441595457493
1789063951377594000,58.520593994140626,-0.20390578504204748,-0.4429454273074865,-0.371614979000017
1789063951387630800,58.530630859375,0.51877019135952,-0.008238836035132409,-0.4528704993965104
1789063951397669000,58.540669189453126,1.5683885498851537,0.27555414019227026,-0.4919191554434597
1789063951407706000,58.5507060546875,1.779724777188897,0.4830126492798328,-0.3456185871519148
1789063951417742800,58.56074291992188,1.3772949001431465,0.8237848193138837,-0.23856913867685942
1789063951427779800,58.57077978515625,1.2100000591397284,0.6844979291766882,0.146269753028173
1789063951437817000,58.580817138671875,0.9963526322841644,0.3263520150154829,0.47662700336333363
1789063951447855000,58.59085522460938,0.6887853972375393,0.17466273942291735,0.48868320572953666
1789063951457891800,58.600891845703124,0.3150707425445318,-0.20297581071555612,0.3427361270507797
1789063951467929000,58.61092919921875,-1.6265899789631366,0.07501637027859688,-0.013859214933868496
1789063951477966000,58.62096606445313,-1.6449200009018181,0.11273147616684435,-0.7225016427479684
1789063951488003000,58.63100317382813,-1.3327940796375275,-0.2717664383471012,-1.0359696262709797
1789063951498040800,58.64104077148438,-1.2045838793098926,-0.055685062342882154,-1.1502008394762873
1789063951508078000,58.651078125,-0.709808311522007,-0.013019056048989295,-0.9038339961279183
1789063951518115000,58.661114990234374,-1.2458283283680676,0.349119727140665,-0.5654395150106399
1789063951528152000,58.67115209960937,-0.18940204339325428,0.5771563293546438,-0.3827870189428329
1789063951538189000,58.68118896484375,0.6690156978845596,0.4053875578075647,-0.3298424874797463
1789063951548227000,58.69122705078125,1.1765513785243034,0.5885311253279447,-0.28965057968180624
1789063951558264000,58.70126416015625,0.8483914373040199,0.7800111440390348,-0.3178230369273573
1789063951568301000,58.711301025390625,0.3935468978881836,0.8647545430839061,-0.09196695709023624
1789063951578337800,58.721337890625,0.6522732373982667,0.5332137272536754,0.06085150519534945
1789063951588375000,58.731375,1.0725006369411945,0.12388298477828502,0.06979479970540851
1789063951598413000,58.7414130859375,-0.06897241393923759,0.007526303851604461,0.2838077354051173
1789063951608450000,58.75144995117188,-1.083747422620654,0.0666238049864769,0.17671883170250802
1789063951618487000,58.76148706054688,-0.6967126831054687,-0.4329471803843975,0.19623861141502857
1789063951628523500,58.7715234375,-0.5705506474792957,-0.8663070332229137,0.32037790904194113
1789063951638560500,58.781560546875,-0.8438643152683973,-0.698306674298644,0.33148583423998207
1789063951648598800,58.791598876953124,-0.845804343420267,-0.6956383318722248,0.32087778485547747
1789063951658635500,58.80163549804688,-1.1544301476091146,-0.32461540048122406,0.6240805776149034
1789063951668672500,58.811672607421876,-0.30245149946808814,-0.1767740324884653,0.6084833051083609
1789063951678709800,58.821709716796875,0.40335868232846256,-0.03922609497308731,0.5809286509675905
1789063951688746800,58.83174682617187,-0.06096446405053138,0.4943330847173929,0.5240346512263641
1789063951698784500,58.84178442382812,-0.17605273247659206,0.9529612343251704,0.32297347849309443
1789063951708821500,58.85182153320312,0.3931260421276092,0.8874538661479949,0.20959124679993837
1789063951718858800,58.86185864257813,0.6437573379874229,0.8647872763097286,0.11752203491162508
1789063951728895700,58.871895751953126,0.6683388215363025,0.7897177145391702,0.1255099283929914
1789063951738932700,58.8819326171875,0.1803238339245319,0.7738052751362323,0.03338745194748044
1789063951748969500,58.89196948242188,-0.3223462865054607,0.7182073065549135,0.0541333393888548
1789063951759007700,58.9020078125,-0.20171616604328155,0.2667383810520172,0.05716273368000984
1789063951769044700,58.91204467773437,-0.3056055795848369,-0.027544425007700917,-0.058152000445686275
1789063951779081500,58.92208154296875,-1.2329378671348095,-0.0609855068385601,-0.21244674582891165
1789063951789118500,58.932118408203124,-1.0652040501922369,-0.13662439292967318,-0.5327432236650959
1789063951799155700,58.94215576171875,-0.9997978043019771,-0.1981108350276947,-0.4954152539309114
1789063951809193700,58.95219384765625,-0.46364393194317816,-0.07612287021577357,-0.23496150610633193
1789063951819230500,58.96223046875,-0.22811843527853487,0.1346019471913576,-0.15604531537760047
1789063951829267700,58.97226782226563,0.04852642275989055,0.4156646216720342,0.1389122846711427
1789063951839304700,58.9823046875,0.12839257115721703,0.43235681327581404,0.3574129602441564
1789063951849341700,58.992341796875,0.38535131647288795,0.7332207512915134,-0.0041967941027134656
1789063951859379500,59.00237939453125,0.6577209814101457,0.7170645662605762,-0.2424695801815018
1789063951869416700,59.012416748046874,0.30766718828976153,0.6602320874482392,-0.21605909110717475
1789063951879453700,59.02245361328125,0.3851613468587398,0.531030537995696,-0.09414777172803879
1789063951889490700,59.03249072265625,0.24525603256225584,0.2355190669238567,0.2647347496120259
1789063951899527400,59.04252734375,0.05157704250216484,-0.04832300914227962,0.34151911594383416
1789063951909565700,59.05256567382813,-0.2832055317282677,-0.1256225219219923,0.256048681266047
1789063951919602700,59.062602783203126,-0.9852478854238986,-0.09116612556874752,0.14570731510613114
1789063951929639700,59.0726396484375,-1.188010345649719,-0.18074410516321657,0.11829612455666065
1789063951939676400,59.08267651367188,-0.8256780857145786,-0.23399054218232632,0.00013663199171423912
1789063951949713700,59.092713623046876,-0.7737713728666306,-0.22508593571484087,0.10395882551595569
1789063951959751700,59.10275170898438,-0.8424684769958257,-0.06981120285093784,0.13545542221553622
1789063951969788700,59.11278857421875,-0.5659633196890353,0.14920155043005942,0.05644329683165997
1789063951979825700,59.12282568359375,-0.13023089250028133,0.13711422227323056,0.09705668144468217
1789063951989862700,59.13286254882812,0.1679950982272625,0.33379999293386936,0.0824303728621453
1789063951999899600,59.14289965820313,-0.03201660198569298,0.6492185260027646,0.17105919850561765
1789063952009937400,59.1529375,-0.08033025877773761,0.6916893019855022,0.17520678317174315
1789063952019974700,59.162974609375,0.2387877133309841,0.7010919211030006,0.17174093369208276
1789063952030011600,59.17301171875,0.4452034353673458,0.5700777692705392,0.218036017203331
1789063952040048600,59.18304858398437,0.34050562805235385,0.5275444494456053,0.2055322172001004
1789063952050085600,59.19308569335937,0.24292554378807543,0.5229962846219539,0.12489840889852494
1789063952060123600,59.20312353515625,0.16293255414068697,0.3948001128196716,0.09234488702453672
1789063952070160600,59.21316064453125,0.1287239950686693,0.24204116216897964,0.06701853992510587
1789063952080197600,59.22319775390625,-0.006483516800403595,0.14942659135758876,0.04719827942866832
1789063952090234600,59.233234619140624,-0.2937561518371105,0.08979717530310154,0.09247527193855494
1789063952100271600,59.24327172851562,-0.24983400800228117,-0.05429623833298683,0.1177394770545885
1789063952110308600,59.25330859375,-0.2900093665242195,-0.1675759960323572,0.17662786548342554
1789063952120346600,59.2633466796875,-0.4362070589631796,-0.21242577610611915,0.21984248210340737
1789063952130383600,59.27338354492188,-0.23066052097678183,-0.27399989648759365,0.14371621435415
1789063952140420600,59.283420654296876,-0.02215513318479061,-0.3472708844035864,0.07445661750398576
1789063952150457600,59.29345751953125,-0.02424479894042015,-0.34495500867664813,0.07382621064595878
1789063952160494600,59.30349462890625,0.1403191557943821,-0.15764847625792025,-0.08958411707431077
1789063952170532600,59.31353271484375,0.20112755250036715,-0.1193915185779333,0.0007406622994691134
1789063952180569600,59.32356958007812,0.13281038759946823,0.08158464275300502,-0.04216236762069166
1789063952190606600,59.33360668945313,0.23713351638317107,0.1650923625230789,-0.08386383973136544
1789063952200643600,59.3436435546875,0.3386018402576446,0.15219430250525473,-0.12295688290931284
1789063952210680800,59.353680908203124,0.4159095363438129,0.133987614685297,-0.1962922412984073
1789063952220718600,59.363718505859374,0.5925345157504082,0.06096680213809013,-0.21229170139767228
1789063952230755600,59.37375561523437,0.375725994515419,0.03315232801735401,-0.06658573799841105
1789063952240792800,59.38379272460938,0.22983049989342688,-0.04633446567356586,0.03954955477379262
1789063952250829800,59.39382983398438,0.13192366789281368,-0.17369886282682417,0.07540493120476603
1789063952260866600,59.40386645507812,-0.005211597168445587,-0.2108417217850685,0.05250307130590081
1789063952270904600,59.413904541015626,-0.2532663205385208,-0.23201076654195785,-0.00936827845647931
1789063952280941800,59.42394189453125,-0.28237667968869207,-0.25181436816453934,-0.10312595488838851
1789063952290978600,59.433978515625,-0.12169745743274687,-0.30293548359274863,-0.17096308118738232
1789063952301015600,59.444015625,-0.47942953009605405,-0.1682955424785614,-0.03561616084761918
1789063952311052500,59.454052490234375,-0.05792085857093334,-0.22757892157435416,0.07483049231767654
1789063952321089800,59.46408984375,0.22196341978013515,-0.17003917127549648,0.19335706462934613
1789063952331127600,59.47412744140625,0.15072481447458266,-0.11366788023412228,0.30090887313596903
1789063952341164500,59.48416455078125,0.3786795836240053,-0.03142097418010235,0.20439751408174633
1789063952351201500,59.49420141601563,0.4004880953282118,0.03299976780414581,0.19615955482944844
1789063952361238800,59.50423876953125,0.32687925375998017,0.031322774502635,0.19000198204778135
1789063952371275800,59.51427587890625,0.2610714413315058,0.12335983768701553,0.17482136405073107
1789063952381313500,59.5243134765625,0.020544190856814384,0.1500444309949875,0.24610052056238055
1789063952391350800,59.534350830078125,0.025962124252319335,0.05392506693303585,0.29400398911833764
1789063952401387800,59.5443876953125,0.11317103662788867,-0.01796761836707592,0.2663408331017941
1789063952411424500,59.55442456054688,-0.02869417956471443,-0.10200608401298522,0.2843804937917739
1789063952421461500,59.56446142578125,-0.07006605439484119,-0.11803951944708824,0.24971629990674554
1789063952431499800,59.57449975585938,-0.0146919576972723,-0.2057481980383396,0.19145495733506976
1789063952441536800,59.58453686523438,0.019270517659187317,-0.20093758288621902,0.1485363645195961
1789063952451573500,59.59457348632812,-0.05351590161025524,-0.13963117353022098,0.04954349084794521
1789063952461610500,59.60461059570312,-0.12838088071942327,-0.04284603903591633,0.0052457186337560415
1789063952471647700,59.61464770507813,0.0235281751036644,-0.017052841609716415,-0.031146614218130707
1789063952481684700,59.624684814453126,0.13504384573996067,-0.004634089541435241,-0.01239281390942633
1789063952491722500,59.634722412109376,0.10383972918093204,0.0300070157289505,0.029554888047277926
1789063952501759500,59.644759521484374,0.016422727012634277,0.08954699993431568,0.08075922477953136
1789063952511796700,59.65479663085937,0.17596505419313907,-0.015024550652503967,0.06346482949890196
1789063952521833700,59.66483374023438,0.23019056537747382,-0.06548164921402931,-0.025210867493599652
1789063952531870700,59.67487060546875,0.16328151370882987,-0.07740648028552531,-0.1098578934919089
1789063952541908700,59.68490869140625,0.15107552760839463,-0.0999029742538929,-0.16691997980903833
1789063952551945700,59.69494580078125,0.04379647162854671,-0.1022685343414545,-0.2041670663267374
1789063952561982700,59.704982666015624,-0.006698036333918571,-0.07625614120662212,-0.23300591505914925
1789063952572019500,59.71501953125,0.031072014611959457,-0.01736030012369156,-0.24935725733600556
1789063952582056400,59.725056396484376,0.07180091536343097,-0.0339110374301672,-0.20888788430355487
1789063952592094700,59.7350947265625,0.07143734274804592,-0.03361702291965484,-0.20775895333886146
1789063952602131700,59.74513159179688,0.046024669072031975,0.08573533269166946,-0.14712741103712468
1789063952612168400,59.75516845703125,0.2179477543979883,0.04320551999807357,-0.10384414962772279
1789063952622205700,59.765205810546874,0.31370179227888584,0.0070709612995386115,-0.06424965973366052
1789063952632242700,59.77524267578125,0.26586159821748734,0.013301964643597602,-0.06324388022460042
1789063952642280700,59.78528076171875,0.12856968128979204,0.004195113602280616,-0.05396561813913285
1789063952652317700,59.79531762695313,-0.04113572798669338,0.01936228759586811,-0.0623295783912763
