time,seconds_elapsed,z,y,x
1789064039245184500,0.0531845703125,7.419297767347097,6.4125365537732835,-0.06142134097255766
1789064039255221200,0.06322119140625,7.41554396777153,6.416908777508139,-0.05810588714848272
1789064039265258500,0.073258544921875,7.4128323707252735,6.4200675338000055,-0.055087393277254884
1789064039275295500,0.08329541015625,7.410524093782901,6.422754580926894,-0.05236132018107455
1789064039285332500,0.09333251953125,7.408966342946886,6.424576535657048,-0.04926361902721692
1789064039295369500,0.103369384765625,7.408487034997344,6.4251511206746095,-0.04623476359217893
1789064039305406200,0.11340625,7.40879215542376,6.424829049113392,-0.0419205125556793
1789064039315443500,0.123443359375,7.409611655113101,6.423912518790364,-0.03727228260774864
1789064039325480400,0.13348046875,7.41035808956623,6.42308132866323,-0.031677478824974965
1789064039335517400,0.143517333984375,7.410704711046814,6.422705481088161,-0.026415439244080335
1789064039345554400,0.153554443359375,7.412244341704249,6.4209449011564255,-0.021951685317850203
1789064039355591400,0.16359130859375,7.4154492752254,6.417263582295179,-0.015039091776154236
1789064039365628400,0.17362841796875,7.4181807460159055,6.4141206080943345,-0.005889824081928236
1789064039375665400,0.18366552734375,7.420061152935028,6.41194794023037,0.0027853746685199436
1789064039385702400,0.193702392578125,7.421964356207847,6.409734355834126,0.011779927866713842
1789064039395739600,0.20373974609375,7.423571791404485,6.407853948915005,0.01953199758998817
1789064039405776400,0.2137763671875,7.423680512475967,6.407697297048569,0.027608133327099493
1789064039415813400,0.2238134765625,7.422410930931568,6.409110086455941,0.038704272189224134
1789064039425850400,0.233850341796875,7.419883458280563,6.411952031883597,0.050861637941538355
1789064039435887400,0.243887451171875,7.41761317526102,6.414453785571456,0.06464928547653835
1789064039445924600,0.253924560546875,7.416408475646376,6.415722782593965,0.07598897360383998
1789064039455961300,0.26396142578125,7.415230079516768,6.416942095255852,0.08720630942652932
1789064039465998300,0.273998291015625,7.414207750731706,6.417947472906112,0.09933208816391416
1789064039476035300,0.284035400390625,7.414062789303064,6.417891358804702,0.11283803268070332
1789064039486072600,0.294072509765625,7.414492997413873,6.417118036344647,0.12756766464039682
1789064039496109600,0.304109619140625,7.414468447494507,6.416821099224686,0.1429992251912132
1789064039506146300,0.314146240234375,7.412958042931557,6.418214014887809,0.15802015911452472
1789064039516183300,0.324183349609375,7.410670808777213,6.420470269381999,0.17291810597898438
1789064039526220300,0.33422021484375,7.4078914071917525,6.423237980529666,0.18853729805639013
1789064039536257500,0.344257568359375,7.405047708198428,6.426081679522991,0.20282014522980898
1789064039546294500,0.35429443359375,7.400942610967159,6.430356288102269,0.21667903137011452
1789064039556331500,0.36433154296875,7.395946117854118,6.435553272223472,0.23241558448318392
1789064039566368300,0.3743681640625,7.391102184954285,6.440550934380292,0.24758316033557057
1789064039576405500,0.384405517578125,7.387181796640157,6.444382475367188,0.26431224988363683
1789064039586442500,0.3944423828125,7.3834531315058465,6.447970855247974,0.28049278390454124
1789064039596479500,0.4044794921875,7.3789908913999795,6.452357107508182,0.29659177712183443
1789064039606515500,0.414515380859375,7.374357970902324,6.457007563662529,0.3102941027272492
1789064039616552400,0.424552490234375,7.369453832247853,6.462002303209901,0.3225867076652124
1789064039626589400,0.43458935546875,7.365409525293112,6.465990496063232,0.3348037631489336
1789064039636626400,0.44462646484375,7.362750535216927,6.468430290430784,0.34596520863249897
1789064039646663400,0.454663330078125,7.359673611989617,6.471265221595764,0.35819114154241977
1789064039656700400,0.464700439453125,7.355783618813753,6.474993886730075,0.37052484567575156
1789064039666737700,0.474737548828125,7.350702954548597,6.480408897516131,0.37663032294400034
1789064039676774400,0.4847744140625,7.344182028347253,6.487493887341022,0.38183833991587157
1789064039686811400,0.494811279296875,7.340934424728155,6.490609973534942,0.3912220351371914
1789064039696848400,0.504848388671875,7.339949505344033,6.491422458961606,0.39618637954629954
1789064039706886400,0.514886474609375,7.337731244772672,6.493107635569572,0.4094310610447079
1789064039716923100,0.524923095703125,7.335187405508756,6.495303684309125,0.42006219904385506
1789064039726960000,0.534960205078125,7.334594115790725,6.496149487483501,0.417322544946894
1789064039736997000,0.5449970703125,7.334738492697477,6.496230151504278,0.4135041922351345
1789064039747034400,0.555034423828125,7.336016842070221,6.49527562725842,0.4057565007178113
1789064039757071400,0.5650712890625,7.336832250106334,6.494225241422653,0.4078151502806693
1789064039767108000,0.575108154296875,7.338774616345763,6.491400831651688,0.4177221021911129
1789064039777145000,0.58514501953125,7.3416732603967185,6.487140836119651,0.4327022657126188
1789064039787182300,0.595182373046875,7.345390235093236,6.482042051675915,0.44582492826655507
1789064039797219300,0.60521923828125,7.350820443448424,6.4754971600770945,0.4513947642881423
1789064039807256300,0.61525634765625,7.355603586071729,6.469968752044439,0.4527516587898135
1789064039817293000,0.62529296875,7.357326756602525,6.467865057763457,0.4548142538754269
1789064039827330000,0.635330078125,7.355060565236211,6.470125988432764,0.4592755076006055
1789064039837367300,0.6453671875,7.34885060468018,6.476686077600717,0.46617626343239094
1789064039847404300,0.655404296875,7.340191497406363,6.4859940041720865,0.4731333160286769
1789064039857441300,0.665441162109375,7.330916304060817,6.495954841694235,0.4802298866935074
1789064039867478000,0.67547802734375,7.323519179546833,6.503925382182001,0.48518867814466354
1789064039877515300,0.685515380859375,7.318272511065006,6.509418134379387,0.4906540674110874
1789064039887552300,0.69555224609375,7.322296359753608,6.504129964843392,0.5006468709740788
1789064039897589200,0.70558935546875,7.331902977010607,6.493156735408306,0.5024861421652138
1789064039907626200,0.715626220703125,7.332596219971776,6.491822271934152,0.509567697924003
1789064039917663200,0.725663330078125,7.336320208930969,6.487088229149579,0.5162113371895626
1789064039927700200,0.7357001953125,7.340255210292339,6.482062509942055,0.5233525507137179
1789064039937737200,0.7457373046875,7.342315649953484,6.479843664848804,0.5219244541393593
1789064039947774200,0.755774169921875,7.346617146539688,6.47494595593512,0.5221862468807027
1789064039957810200,0.76581005859375,7.35192752790749,6.468970973178744,0.5214978262251243
1789064039967847400,0.775847412109375,7.358292386764288,6.461904103532433,0.5193368122663349
1789064039977884400,0.785884521484375,7.36468413362801,6.454542634853721,0.5202801940636709
1789064039987921200,0.795921142578125,7.36955261644721,6.448718458744883,0.523549424992688
1789064039997958100,0.805958251953125,7.37143653049767,6.446640483427047,0.5226308123104274
1789064040007995100,0.8159951171875,7.367752873548865,6.4511798804223535,0.5185342271791771
1789064040018032400,0.826032470703125,7.360030170342326,6.460372071659565,0.5137450201412662
1789064040028069400,0.8360693359375,7.354552615714073,6.467205132550001,0.5061665111783892
1789064040038106000,0.846106201171875,7.349598208177089,6.473180115306377,0.5017348123412579
1789064040048143000,0.85614306640625,7.3435729565382,6.480204899376631,0.4992606042474508
1789064040058180400,0.866180419921875,7.3396560753554105,6.484732605934143,0.4980783721929416
1789064040068217300,0.87621728515625,7.335282098054885,6.489645512416958,0.4985233029488474
1789064040078254300,0.88625439453125,7.330785955679416,6.4949208224713795,0.4959534889934584
1789064040088291000,0.896291015625,7.329146371778846,6.497023932230472,0.4926196318630129
1789064040098328000,0.906328125,7.329786423248052,6.496550469499826,0.48932581448201085
1789064040108365300,0.916365234375,7.333253807097673,6.493099452263117,0.4831536286531016
1789064040118402300,0.92640234375,7.338590491950511,6.487398025751114,0.47869847587514663
1789064040128439300,0.936439208984375,7.344224698445201,6.481199171110987,0.4762362504800781
1789064040138476000,0.94647607421875,7.349608145049214,6.475154045727849,0.4754271260542795
1789064040148513300,0.95651318359375,7.35377403255701,6.47032180326581,0.4767949072761461
1789064040158550300,0.96655029296875,7.3585864012748,6.464924328136444,0.4757578558459878
1789064040168587300,0.976587158203125,7.3631737290650605,6.45989568631947,0.47307906509079034
1789064040178624300,0.986624267578125,7.364373167982697,6.458643055909872,0.47150195196717976
1789064040188661200,0.9966611328125,7.36252081811428,6.460784744113683,0.471087197153829
1789064040198698200,1.0066982421875,7.360782450014352,6.4625196050822735,0.474457952228561
1789064040208735200,1.0167353515625,7.360464470106363,6.462423158970475,0.4806627616854384
1789064040218772200,1.026772216796875,7.361441790705919,6.46088411283493,0.48635472624935205
1789064040228809200,1.036809326171875,7.361199798643589,6.460567886492609,0.4941407039504498
1789064040238846200,1.04684619140625,7.362052616080641,6.459462555599212,0.49589152967315164
1789064040248883200,1.05688330078125,7.3619246057867995,6.45984015673995,0.49286535025238987
1789064040258920200,1.066920166015625,7.357099962109327,6.465138847669959,0.4954216471390798
1789064040268957200,1.076957275390625,7.349183197635412,6.473760545542836,0.500319465650618
1789064040278994400,1.086994384765625,7.3443971324026585,6.478246166524291,0.5124000718057156
1789064040289030400,1.097030517578125,7.344415837103128,6.477191689035296,0.5252805231016129
1789064040299067100,1.107067138671875,7.341556940540671,6.4794333304822445,0.5374645530985668
1789064040309104000,1.117104248046875,7.339606390994787,6.481029075241088,0.5448165963618085
1789064040319141000,1.12714111328125,7.342044431796669,6.478288836622238,0.5445566667839884
1789064040329178400,1.137178466796875,7.34631377967894,6.473705600485205,0.5414810587309301
1789064040339215400,1.14721533203125,7.35334499348998,6.465775976529717,0.5407700243847444
1789064040349252000,1.157252197265625,7.365080439469218,6.452345417070388,0.5414915801249445
1789064040359289000,1.1672890625,7.376894795903563,6.438427366355061,0.5463138857148587
1789064040369326000,1.177326171875,7.3848296805560585,6.428852313280105,0.5518453624874353
1789064040379363300,1.18736328125,7.3933157693505285,6.418874524623155,0.5543653094191103
1789064040389400300,1.197400390625,7.404090845865011,6.406878966403007,0.5492952030805871
1789064040399437300,1.207437255859375,7.409874689963459,6.400520537286996,0.5454165715489536
1789064040409474000,1.21747412109375,7.408779295942187,6.401737511861324,0.5460085460927337
1789064040419511300,1.22751123046875,7.403450794395804,6.4076528733849525,0.5488950978470966
1789064040429548300,1.23754833984375,7.394180861747264,6.4180848355501885,0.5519569331031292
1789064040439585300,1.247585205078125,7.3812079829275605,6.433165500304103,0.5500336368903518
1789064040449622300,1.257622314453125,7.368888015058636,6.447652290818095,0.5455661360874772
1789064040459659300,1.2676591796875,7.359956520584225,6.45827363807559,0.5404837547892705
1789064040469696300,1.2776962890625,7.353809103870391,6.4657274612128735,0.5350214707953855
1789064040479733200,1.287733154296875,7.350249950084089,6.469682920840382,0.5361043706612661
1789064040489770200,1.297770263671875,7.351486798402667,6.468004758495092,0.5393921236276626
1789064040499807200,1.30780712890625,7.355819859170913,6.463087760359048,0.5392611176591366
1789064040509844200,1.31784423828125,7.35979694610834,6.458567068064212,0.539159008991532
1789064040519881200,1.327881103515625,7.364551447159052,6.45329409609735,0.5373621156373992
1789064040529918200,1.337918212890625,7.370136553815007,6.447206300616264,0.5338629118774086
1789064040539955200,1.347955078125,7.374263862878084,6.44260611334443,0.5323992325330152
1789064040549992400,1.357992431640625,7.3773483848899595,6.4392866135329,0.5298121021166443
1789064040560029200,1.368029296875,7.378494047793746,6.437987805894017,0.5296518335210159
1789064040570066200,1.378066162109375,7.3771648450165985,6.439379552513361,0.5312330382978543
1789064040580102100,1.38810205078125,7.375014973506331,6.441938004824519,0.5300683784326539
1789064040590139100,1.39813916015625,7.372746444052457,6.444549064105749,0.5298842540374026
1789064040600176400,1.40817626953125,7.370272162893414,6.4473863333582875,0.5297924110354856
1789064040610213400,1.41821337890625,7.364635033789277,6.453859913286566,0.5293712264813483
1789064040620250000,1.42825,7.354846045702695,6.464892179432511,0.5308450253609568
1789064040630287000,1.438287109375,7.351569800511002,6.4684945878386495,0.5323335834182799
1789064040640324000,1.448323974609375,7.358189510911703,6.460581915017962,0.5369471416283399
1789064040650361300,1.458361328125,7.365490189313888,6.4520853048294775,0.5390148878131061
1789064040660398300,1.4683984375,7.370721075704694,6.44659839785099,0.5331185597835109
1789064040670435000,1.47843505859375,7.379282567822933,6.437940459620952,0.5191298184521496
1789064040680472000,1.48847216796875,7.398912566444277,6.414056310686469,0.5351198166033253
1789064040690509300,1.49850927734375,7.424374924480914,6.385625750494003,0.5223214541003107
1789064040700545800,1.5085458984375,7.4526090853184455,6.353838865610957,0.507680605535768
1789064040710582800,1.518582763671875,7.464897489005327,6.338702086755633,0.5162837083060294
1789064040720620000,1.5286201171875,7.463545489874481,6.339662456220388,0.523980911745131
1789064040730656800,1.53865673828125,7.456769712129235,6.348671107584238,0.5112308453632518
1789064040740693800,1.54869384765625,7.444684137538075,6.363584599077702,0.5018498535556718
1789064040750730800,1.558730712890625,7.430169289973378,6.380934377807378,0.4966365393541753
1789064040760767700,1.568767822265625,7.413008896335959,6.401053621250391,0.49416364643462
1789064040770805000,1.578804931640625,7.3922817501276725,6.424230498698353,0.503805590733327
1789064040780841700,1.588841796875,7.377817171445488,6.440660239973664,0.5060597263356671
1789064040790878700,1.598878662109375,7.3706895115226505,6.449088461101055,0.502573235926777
1789064040800915700,1.608915771484375,7.366242468985915,6.454497626668214,0.4983188298853114
1789064040810953000,1.618952880859375,7.366894210892915,6.454242775124311,0.49193022482674564
1789064040820990000,1.628989990234375,7.372911863747238,6.447566366100311,0.4893346553755924
1789064040831026700,1.639026611328125,7.37798142209649,6.441214366725087,0.49652727029342203
1789064040841063700,1.649063720703125,7.38490157674849,6.432806603863835,0.5026122527629137
1789064040851101000,1.659100830078125,7.395245860630274,6.420859560960531,0.5032772925429045
1789064040861138000,1.669137939453125,7.405539875629544,6.409205363523959,0.500448718053475
1789064040871174000,1.679173828125,7.414687643203139,6.39913288232088,0.49385680897515266
1789064040881211000,1.6892109375,7.424611655846237,6.3879071394294495,0.4900650520093739
1789064040891247900,1.699247802734375,7.434875860229134,6.375939638260006,0.49029856850430364
1789064040901284600,1.70928466796875,7.441811212450266,6.367627736988664,0.4930931676588952
1789064040911321900,1.71932177734375,7.444418764600157,6.3642737503856415,0.4970302148468792
1789064040921358800,1.72935888671875,7.441655145105719,6.367110435116291,0.5020601353054865
1789064040931395800,1.739395751953125,7.435999895823001,6.373406320390105,0.5059439910015091
1789064040941432800,1.749432861328125,7.430393161857127,6.379999727305769,0.5052138135634362
1789064040951469800,1.7594697265625,7.425746797356009,6.385465591496229,0.5044794714068994
1789064040961506800,1.7695068359375,7.4221537413001055,6.389673564580082,0.504074543867819
1789064040971543800,1.779543701171875,7.417955120566487,6.394522758176922,0.5043862401654944
1789064040981580800,1.789580810546875,7.416995920145511,6.395419999277592,0.5071127790525556
1789064040991617800,1.79961767578125,7.418582897076011,6.3931467936486,0.5125232963265851
1789064041001654800,1.80965478515625,7.422410346409678,6.388378264072537,0.516548350591585
1789064041011691800,1.81969189453125,7.425232418093085,6.385010833466053,0.5176321272403002
1789064041021728800,1.829728759765625,7.426946820795536,6.382967929461598,0.5182280473068356
1789064041031765800,1.839765869140625,7.4290212889820335,6.38083734717369,0.5147230348605663
1789064041041803000,1.849802978515625,7.428694541245698,6.381446418982744,0.5118914281638339
1789064041051839700,1.85983984375,7.426851543727516,6.383619086846709,0.5115370252355933
1789064041061876700,1.869876708984375,7.426101602143048,6.384340971380472,0.513407056891173
1789064041071913700,1.879913818359375,7.424588274970651,6.385965942233801,0.5150859864214435
1789064041081951000,1.889950927734375,7.418371884673833,6.393123997294903,0.515859710740298
1789064041091988000,1.899988037109375,7.4103516598254435,6.402331970623135,0.5169378248332068
1789064041102024700,1.910024658203125,7.405371533325314,6.408114645677805,0.5166442121814936
1789064041112061700,1.920061767578125,7.399402395787835,6.414919649517536,0.5177242990357801
1789064041122099000,1.930098876953125,7.3913482686698435,6.423865172517299,0.5218337436486036
1789064041132136000,1.940135986328125,7.384698747652768,6.431131948649883,0.5264486900981515
1789064041142173000,1.9501728515625,7.378886846503615,6.437330218768119,0.5321577153947205
1789064041152209000,1.960208984375,7.37324504122436,6.443137443742156,0.5400192425500602
1789064041162245600,1.97024560546875,7.371182847997546,6.444657200655341,0.5499539227176458
1789064041172282600,1.98028271484375,7.373216399651765,6.441424210083484,0.5604669872950763
1789064041182319900,1.99031982421875,7.37671359411776,6.436500197684764,0.5709223303359001
1789064041192356900,2.00035693359375,7.3809940479159355,6.430486636483669,0.5832333111807704
1789064041202393900,2.010393798828125,7.38682173115611,6.4225353852182625,0.5968959988955408
1789064041212430600,2.0204306640625,7.396247731149196,6.410252242228388,0.6120234619332477
1789064041222467800,2.0304677734375,7.408087222024798,6.394905620014667,0.6291391761787235
1789064041232504800,2.0405048828125,7.417292272743582,6.382174733257293,0.6496205309323966
1789064041242541800,2.050541748046875,7.4229445994168515,6.373143285539746,0.6732888451591134
1789064041252578800,2.060578857421875,7.428912567910552,6.363831267315149,0.6951929992575198
1789064041262615800,2.07061572265625,7.434742589238286,6.354929583457112,0.7140449992436915
1789064041272652800,2.08065283203125,7.4416791105031965,6.345061684915423,0.7293773737363517
1789064041282689800,2.090689697265625,7.447941678029299,6.335918593516945,0.7447711960926652
1789064041292726800,2.100726806640625,7.452677474379539,6.328237975886464,0.7624874700471759
1789064041302763800,2.110763671875,7.457782688564062,6.319764746573567,0.7825896892901509
1789064041312800800,2.12080078125,7.463736628532409,6.31080694861412,0.7979566236395388
1789064041322837800,2.130837646484375,7.467192906466126,6.30521132056415,0.8097717837914824
1789064041332874800,2.140874755859375,7.46737235468626,6.304035262522101,0.8172314521476626
1789064041342911700,2.150911865234375,7.466220846563577,6.304979849895835,0.8204644427195191
1789064041352949000,2.160948974609375,7.464976399460435,6.307071853739023,0.8156950363606214
1789064041362985700,2.17098583984375,7.462779181677103,6.3102931538730855,0.8108714886616915
1789064041373022700,2.181022705078125,7.462589796584844,6.311399069288373,0.8039780028209089
1789064041383059700,2.191059814453125,7.46296973581314,6.311874870106577,0.7966779820058494
1789064041393097000,2.201096923828125,7.463159120905399,6.312727687543631,0.7881085257768631
1789064041403134000,2.211134033203125,7.462232069188356,6.315308351686596,0.7761128944914788
1789064041413170000,2.221169921875,7.460148248651623,6.3194707320630545,0.7621429674584418
1789064041423207000,2.23120703125,7.459437470033764,6.322368791592121,0.7448722453143447
1789064041433243600,2.24124365234375,7.458337399837374,6.3260810901135205,0.7240784636106342
1789064041443280600,2.25128076171875,7.454909178954362,6.332200449776649,0.7056645627807825
1789064041453318000,2.26131787109375,7.451748669096827,6.337585065424442,0.6905417393855751
1789064041463355000,2.27135498046875,7.450127789896726,6.341167015564442,0.674966130721569
1789064041473391900,2.281391845703125,7.451188697126507,6.341532341745496,0.6596522417336702
1789064041483428600,2.2914287109375,7.450905204010009,6.343061451008915,0.6480437100697308
1789064041493465900,2.3014658203125,7.449085002845525,6.346220791822671,0.6379631916906684
1789064041503502800,2.3115029296875,7.449902748969197,6.34672815682292,0.6232032833237201
1789064041513539800,2.321539794921875,7.4519485755831,6.346174614593386,0.604081197691895
1789064041523576800,2.331576904296875,7.451475112852454,6.348317471840978,0.587173025249876
1789064041533613800,2.34161376953125,7.451994168290495,6.349542045199871,0.566991822486557
1789064041543650800,2.35165087890625,7.450191502782702,6.352965005385875,0.5521508117074146
1789064041553687800,2.361687744140625,7.443727275204658,6.3616936707645655,0.538667243419215
1789064041563724800,2.371724853515625,7.441157716977596,6.366375106579065,0.5184821681983769
1789064041573761800,2.38176171875,7.437925895449519,6.371708868822455,0.4989705717923119
1789064041583798800,2.391798828125,7.4335402277112,6.378216935542225,0.4808484204506501
1789064041593835800,2.401835693359375,7.4319807233095165,6.381532928222417,0.46051882219258694
1789064041603872800,2.411872802734375,7.433619138166308,6.381254695802927,0.43735885934680696
1789064041613909800,2.42190966796875,7.432880302497744,6.383610319018364,0.41495808083787555
1789064041623947000,2.431947021484375,7.431393278810382,6.387060167211294,0.38760073936749245
1789064041633983700,2.441983642578125,7.4300897949963804,6.390356286147236,0.3570604935446754
1789064041644020700,2.452020751953125,7.424772983887792,6.3982473316580055,0.3249111685574054
1789064041654057700,2.4620576171875,7.421295078644156,6.404068585157394,0.28752620793897654
1789064041664093700,2.47209375,7.415872469073533,6.4117532944411035,0.2542389832292683
1789064041674131000,2.482130859375,7.407693838793039,6.422269427758455,0.22565478511136025
1789064041684168000,2.49216796875,7.401025028553605,6.430729213067889,0.2023031721509993
1789064041694205000,2.502204833984375,7.392427296078204,6.441185140630602,0.18313684551864862
1789064041704241200,2.5122412109375,7.387625448754429,6.447188180437684,0.16475134879937395
1789064041714278100,2.522278076171875,7.385283269542455,6.450361549776792,0.14426864233883097
1789064041724315400,2.5323154296875,7.383956404852866,6.452329050457477,0.12258553797942585
1789064041734352400,2.542352294921875,7.384743755838275,6.4517655713558195,0.10324117876589298
1789064041744389400,2.552389404296875,7.387704359209537,6.448603892454504,0.08790182654317467
1789064041754426400,2.56242626953125,7.39344377964437,6.442112192347645,0.0810247164484579
1789064041764463400,2.57246337890625,7.399349788817763,6.435290237373113,0.08400320253628306
1789064041774500400,2.582500244140625,7.404526899194717,6.429208287110924,0.09295390403466298
1789064041784537300,2.592537353515625,7.408781049507856,6.4241615251153705,0.10244769030064343
1789064041794574300,2.60257421875,7.41020962100625,6.422394515442848,0.1096517490610946
1789064041804611300,2.612611328125,7.408557762145995,6.424201857125759,0.11528792831716127
1789064041814648300,2.6226484375,7.402240834084153,6.431351144358516,0.12223584775892085
1789064041824685300,2.632685302734375,7.392983176395297,6.441787198176979,0.13253743414329364
1789064041834722300,2.642722412109375,7.385397251310944,6.450193791994452,0.14588722911714574
1789064041844759300,2.65275927734375,7.378455469349026,6.4577341243714095,0.16264895142633468
1789064041854796300,2.66279638671875,7.372472887808084,6.464058651217818,0.18157496649678795
1789064041864833300,2.672833251953125,7.369025962224602,6.467284043005108,0.20510166202941907
1789064041874870300,2.682870361328125,7.370262226021289,6.465183855855464,0.22588117774575947
1789064041884907300,2.6929072265625,7.37350749155283,6.460981727990507,0.2397466762899421
1789064041894944500,2.702944580078125,7.374771227878331,6.458942331117391,0.25533404845697805
1789064041904981200,2.712981201171875,7.382212191534042,6.450103191101551,0.2636291995229199
1789064041915017500,2.723017578125,7.3937360405892125,6.436746281400323,0.26712473175479096
1789064041925054200,2.73305419921875,7.403909644079208,6.425031878209114,0.26735949035873635
1789064041935091200,2.74309130859375,7.409173848217725,6.4183420251816505,0.28179838661039247
1789064041945128200,2.753128173828125,7.418574129247665,6.4061541592597955,0.31039007391501217
1789064041955165400,2.76316552734375,7.439312381371855,6.3803188762575385,0.34429373175632205
1789064041965202400,2.773202392578125,7.472846986705064,6.339989788478612,0.36258736720737067
1789064041975239200,2.7832392578125,7.492628376495838,6.31763299524188,0.34410518691428005
1789064041985276200,2.793276123046875,7.498936536729335,6.311438816776871,0.3195041949473321
1789064041995313400,2.8033134765625,7.495086875563859,6.317209801393747,0.2948284024448134
1789064042005350400,2.813350341796875,7.481711261162161,6.333547188210487,0.2838523782644421
1789064042015387400,2.823387451171875,7.469573664122819,6.34827480174303,0.2743353024544194
1789064042025424100,2.833424072265625,7.453360195946693,6.367406787714362,0.2719188889624551
1789064042035461400,2.84346142578125,7.423709154048562,6.401873705461621,0.27376754903644324
1789064042045498400,2.853498291015625,7.39017980941236,6.440663747105002,0.2710658705960028
1789064042055535400,2.863535400390625,7.36136463381648,6.474286030721664,0.2536094531540759
1789064042065572400,2.873572265625,7.3346069752722975,6.505505344849825,0.22874586472818625
1789064042075609000,2.883609130859375,7.312592711862921,6.5311547498911615,0.20094582099160177
1789064042085646300,2.893646240234375,7.304336340171099,6.541091037493944,0.176581578656286
1789064042095683300,2.903683349609375,7.310240595778822,6.53499973488152,0.15666260702572762
1789064042105720300,2.91372021484375,7.324672441235184,6.519250961607694,0.1375444395171944
1789064042115757300,2.92375732421875,7.348065591782331,6.49331689440608,0.1147001550244633
1789064042125794300,2.933794189453125,7.377747028818726,6.460042401313781,0.08421950303493067
1789064042135831300,2.943831298828125,7.404137023094296,6.430110788908601,0.053091835545864885
1789064042145868300,2.953868408203125,7.426634101584553,6.4042860273003575,0.024651144401740748
1789064042155905300,2.9639052734375,7.444788766956329,6.383220442917943,-0.0030838584311175506
1789064042165941200,2.973941162109375,7.452891409391165,6.373717870557308,-0.022688781120476776
1789064042175978500,2.983978515625,7.450375042656064,6.376579105207323,-0.03914174115788192
1789064042186015500,2.994015380859375,7.441333073544502,6.386970735362172,-0.05959397484834771
1789064042196052200,3.00405224609375,7.428197697639465,6.401980672967434,-0.08309929423280991
1789064042206089200,3.014089111328125,7.409372585660218,6.423370082476735,-0.10912030906551518
1789064042216126200,3.024126220703125,7.387366505557298,6.448267207846045,-0.1305736780559644
1789064042226163500,3.03416357421875,7.368238026717305,6.469725006416439,-0.14868522580522112
1789064042236200400,3.044200439453125,7.352113990390301,6.4876709974735975,-0.16413056828621775
1789064042246237200,3.0542373046875,7.338168467146158,6.503137446674704,-0.1757039555715397
1789064042256274200,3.064274169921875,7.329686470004916,6.512450049421191,-0.18461570416586473
1789064042266311400,3.0743115234375,7.330175130304694,6.5114867573469875,-0.1986560660866089
1789064042276348400,3.084348388671875,7.336462247750163,6.503876282343268,-0.215177851293236
1789064042286385400,3.094385498046875,7.345107911020517,6.49344665826559,-0.23436739440439266
1789064042296422100,3.104422119140625,7.352127434393763,6.484797487863898,-0.25299227110380307
1789064042306459400,3.11445947265625,7.357126265594363,6.478451333707571,-0.26971122285034504
1789064042316496400,3.124496337890625,7.3625751786500215,6.471705366578698,-0.28267818338591605
1789064042326533400,3.134533447265625,7.369483058342337,6.463225123003125,-0.29635999592626466
1789064042336570400,3.1445703125,7.376106275874376,6.455239969468116,-0.3054759070568718
1789064042346607000,3.154607177734375,7.38145055951178,6.448797953721881,-0.3123791288403794
1789064042356644400,3.164644287109375,7.3848016235053535,6.444496457135677,-0.32180111024547364
1789064042366681300,3.174681396484375,7.388094235309958,6.439919650739431,-0.33747312848865985
1789064042376718300,3.18471826171875,7.3889312706559895,6.437862133687735,-0.3577856660140678
1789064042386755300,3.19475537109375,7.385937934058904,6.440004990935325,-0.38031376069709655
1789064042396792300,3.204792236328125,7.381558696061372,6.44368923240602,-0.4023117670914158
1789064042406828300,3.214828369140625,7.37706898342669,6.447673333606123,-0.42042135121244933
1789064042416865300,3.224865234375,7.374778826662897,6.449166787034272,-0.4373536351824179
1789064042426902300,3.23490234375,7.371562202703952,6.451617687317729,-0.45505887628626074
1789064042436939300,3.244939208984375,7.365681912493705,6.457208054670691,-0.4707204096680507
1789064042446976500,3.2549765625,7.36434803354144,6.4571139466464516,-0.49238333888910707
1789064042457013200,3.26501318359375,7.366961430910229,6.451859094858169,-0.5213254653329029
1789064042467050200,3.27505029296875,7.3657397801607845,6.451086941441893,-0.547487824865058
1789064042477087200,3.285087158203125,7.363299985793232,6.452587993654609,-0.5624172811126336
1789064042487124200,3.295124267578125,7.367325588047504,6.4461600064337246,-0.5830275960082187
1789064042497161500,3.305161376953125,7.371721192657947,6.438585771787166,-0.6105096598368138
1789064042507198200,3.3151982421875,7.372638307502865,6.435208988830447,-0.634567996294424
1789064042517235200,3.325235107421875,7.369830264344811,6.436221965265274,-0.656529579668492
1789064042527272200,3.335272216796875,7.369430451372265,6.434206533789634,-0.6803359871916472
1789064042537309400,3.345309326171875,7.371804194766282,6.429126454046369,-0.7022972052395343
1789064042547346400,3.355346435546875,7.371422501972317,6.427278780353069,-0.722906278026104
1789064042557383400,3.365383544921875,7.36925392576158,6.427327295669913,-0.7442777865525335
1789064042567420200,3.375420166015625,7.3658900022864335,6.428699753066897,-0.7654207470200955
1789064042577457400,3.38545751953125,7.363889768379926,6.428305785313248,-0.7876504798110574
1789064042587494400,3.395494384765625,7.362346046069264,6.427318527841567,-0.8098239523701369
1789064042597531400,3.405531494140625,7.359435711580515,6.428633702093363,-0.825688314847648
1789064042607568400,3.415568359375,7.360573191177845,6.425450980404019,-0.8401895722784102
1789064042617605000,3.425605224609375,7.364117147395015,6.419188412877917,-0.8568386553928256
1789064042627642400,3.435642333984375,7.367506205311417,6.412735875737667,-0.8758200539123266
1789064042637679400,3.445679443359375,7.373820210763812,6.402243707817792,-0.8991285218507051
1789064042647715300,3.45571533203125,7.383249133366346,6.388254345431924,-0.9209922708734869
1789064042657752300,3.46575244140625,7.3928165876567355,6.3742877793997526,-0.940795726365596
1789064042667789300,3.475789306640625,7.400433492401242,6.363378847372531,-0.9546613893065601
1789064042677826300,3.485826416015625,7.406543499714136,6.355410644972324,-0.9603392888125032
1789064042687863300,3.49586328125,7.409697579830884,6.3506327630460255,-0.9675863373313098
1789064042697900300,3.505900390625,7.407116915687919,6.352462901082634,-0.9753057526022195
1789064042707938000,3.51593798828125,7.400839735114574,6.358554788216948,-0.9832315041001886
1789064042717974800,3.525974853515625,7.396004570043087,6.362666315189004,-0.9929678121514618
1789064042728011800,3.53601171875,7.389995100495219,6.368432039108872,-1.0007176225606351
1789064042738049000,3.546049072265625,7.383340318781137,6.375786493524909,-1.003004929780215
1789064042748086000,3.5560859375,7.37876468142867,6.381690164610744,-0.9991244350850581
1789064042758123000,3.566123046875,7.377061384642124,6.384346232077479,-0.994720501037687
1789064042768159700,3.57615966796875,7.378333304274082,6.383540176391601,-0.9904549525476991
1789064042778197000,3.586197021484375,7.37995769060552,6.382372301656007,-0.9858657250612973
1789064042788234000,3.59623388671875,7.383823133862018,6.3785360844939945,-0.9817380506720393
1789064042798271000,3.60627099609375,7.389304780143499,6.372920582699775,-0.9769573922667651
1789064042808308000,3.616307861328125,7.394659000653028,6.367564024102688,-0.9713558459326624
1789064042818344700,3.6263447265625,7.401486800846457,6.360549176904558,-0.9652945731323211
1789064042828382000,3.6363818359375,7.405950794517993,6.356839216470718,-0.9554456715520471
1789064042838419000,3.6464189453125,7.4074278813332315,6.356650415900349,-0.945190600323677
1789064042848456000,3.6564560546875,7.405967161130905,6.360078636783361,-0.9335040349874645
1789064042858493000,3.666492919921875,7.4041042898684735,6.363499843403696,-0.9249316561490297
1789064042868530000,3.676530029296875,7.400653857153654,6.368738913100957,-0.9164458596155047
1789064042878567000,3.68656689453125,7.396773216328024,6.374438586047291,-0.9081137923389673
1789064042888604000,3.69660400390625,7.39538146970868,6.377071857160329,-0.9009269495747982
1789064042898640000,3.706639892578125,7.39308839033544,6.381008027565479,-0.8918345654502511
1789064042908676900,3.7166767578125,7.39325614811778,6.382056075313687,-0.8828983948007225
1789064042918714000,3.726714111328125,7.394615746033192,6.38182694273293,-0.8731137175630778
1789064042928751000,3.736751220703125,7.395595989242196,6.381959629201889,-0.8637916163358836
1789064042938787800,3.746787841796875,7.3969310372382395,6.381848570042848,-0.8531112323675304
1789064042948824800,3.756824951171875,7.395580207151174,6.38488633030355,-0.8420267976429313
1789064042958861800,3.76686181640625,7.3948478012233965,6.387013405460119,-0.8322672548465431
1789064042968899000,3.776899169921875,7.392483994701505,6.3910167958825825,-0.8224780475642531
1789064042978936000,3.78693603515625,7.390815184706449,6.39348289373517,-0.8182965240959078
1789064042988972800,3.796972900390625,7.3896280207484955,6.394927831846475,-0.817731364493817
1789064042999009800,3.807009765625,7.386798350280523,6.398900827130675,-0.8121996685255318
1789064043009047000,3.817047119140625,7.386022689732909,6.400988739320636,-0.8027422504808753
1789064043019084000,3.827083984375,7.385868375954032,6.402476932051777,-0.7922269208811223
1789064043029121000,3.83712109375,7.386062437221407,6.40351679649353,-0.7819429888844489
1789064043039157800,3.84715771484375,7.385270994582772,6.405636857387423,-0.7719942801915108
1789064043049195000,3.857195068359375,7.3835244431763885,6.408485817077755,-0.7650180114381014
1789064043059232000,3.86723193359375,7.383727856794,6.4090639092266555,-0.7581872886352241
1789064043069269000,3.87726904296875,7.382780346810817,6.410974711284041,-0.751228117147088
1789064043079306000,3.887305908203125,7.382372350531816,6.412648781976103,-0.7408768920678644
1789064043089342700,3.8973427734375,7.383089558890462,6.413271882310509,-0.7282245504394174
1789064043099380000,3.9073798828125,7.385469732025265,6.411967229452729,-0.7154647298485041
1789064043109417000,3.9174169921875,7.387965055972337,6.410591849446297,-0.7018967346798628
1789064043119454000,3.927453857421875,7.387436063662171,6.413020537897944,-0.6850834009144455
1789064043129491000,3.937490966796875,7.387299870061874,6.414587641084194,-0.6717532330896705
1789064043139528000,3.94752783203125,7.38631845780909,6.417033280670642,-0.6590691080834716
1789064043149564000,3.95756396484375,7.386320211374759,6.417956825256347,-0.649995647855103
1789064043159601000,3.967600830078125,7.3863196268528695,6.418992013522982,-0.6396982718549669
1789064043169638000,3.977637939453125,7.386072374093533,6.420891125142574,-0.6232767138861119
1789064043179675000,3.9876748046875,7.386447637146711,6.422211560091376,-0.6049667118221521
1789064043189712100,3.997712158203125,7.385451611846685,6.425258088180422,-0.5844220095086843
1789064043199749000,4.0077490234375,7.386610134232043,6.4253738235145805,-0.5682861731460318
1789064043209785900,4.017785888671875,7.386874922648071,6.426316072800756,-0.5540121485998853
1789064043219822800,4.02782275390625,7.3873396175503725,6.426853248417377,-0.5414436858626083
1789064043229859800,4.03785986328125,7.38533061581552,6.4305287220597265,-0.5249612280193716
1789064043239897000,4.04789697265625,7.383337980693578,6.434261478847265,-0.5069429023783654
1789064043249934000,4.05793408203125,7.383200618049502,6.435889372310042,-0.48791284241154786
1789064043259970800,4.067970703125,7.381381585928797,6.439447357052564,-0.46809334910009054
1789064043270007800,4.0780078125,7.381547590145468,6.440592435434461,-0.44934228873774407
1789064043280045000,4.088045166015625,7.380880650669336,6.442883761242031,-0.4268909125527367
1789064043290082000,4.09808203125,7.381934543636441,6.443108802169561,-0.4046901866605505
1789064043300119000,4.108119140625,7.381483877259493,6.4451487835645676,-0.3796513512656092
1789064043310155800,4.11815576171875,7.38135820505321,6.446717055794596,-0.3546461989445612
1789064043320193000,4.128193115234375,7.379227622765303,6.450536906343698,-0.32856812016237524
1789064043330230000,4.13822998046875,7.375467977970838,6.456018552625179,-0.3044440615247935
1789064043340267000,4.14826708984375,7.373200033038854,6.459602840852737,-0.2825605483556166
1789064043350304000,4.158303955078125,7.372087103360891,6.461657435294986,-0.2639952746226452
1789064043360340700,4.1683408203125,7.375604756093025,6.458209340667724,-0.2497403018368408
1789064043370378000,4.1783779296875,7.379284321388602,6.454564846685528,-0.23482264562491326
1789064043380415000,4.1884150390625,7.381835174915194,6.452216822254657,-0.21860978023698552
1789064043390451000,4.198450927734375,7.384785256892442,6.449509316861629,-0.19791365022147073
1789064043400488000,4.208488037109375,7.38769909851253,6.446746866410971,-0.1781812506715767
1789064043410525000,4.21852490234375,7.389759538173675,6.4448763963639735,-0.15941941318688913
1789064043420562000,4.22856201171875,7.3924167746841905,6.4420747829467055,-0.1490850205114577
1789064043430599000,4.238598876953125,7.395306650906801,6.438861081597208,-0.14451105452626942
1789064043440636000,4.248635986328125,7.394485982173681,6.4399202352613205,-0.1392695371435955
1789064043450673000,4.2586728515625,7.391289231958985,6.443756452423334,-0.13125442686174063
1789064043460710100,4.268710205078125,7.38747522662878,6.448373006308079,-0.11867603638549334
1789064043470747000,4.278746826171875,7.386453482365607,6.449684673428535,-0.11074182758643292
1789064043480784000,4.288783935546875,7.382482240647077,6.454411117428541,-0.09960285879615693
1789064043490820900,4.29882080078125,7.377109899958968,6.460648550513386,-0.09301339740324766
1789064043500857900,4.30885791015625,7.372403914225101,6.466091033828258,-0.08780284141441806
1789064043510895000,4.31889501953125,7.373079621529579,6.465337585112452,-0.08655024753743783
1789064043520931800,4.328931884765625,7.375191499117016,6.4630035892069335,-0.08073277516402304
1789064043530968800,4.33896875,7.378859958496689,6.458893231278657,-0.07423464074980002
1789064043541005800,4.349005859375,7.382982006862759,6.45428252261281,-0.06480201921968255
1789064043551043000,4.35904296875,7.389449741572141,6.446940927678346,-0.05802251058081165
1789064043561080000,4.369080078125,7.398279529237747,6.43682636089921,-0.05576964905352797
1789064043571116800,4.37911669921875,7.405572024333477,6.428427950388193,-0.05657076826938428
1789064043581153800,4.38915380859375,7.4105094807356595,6.422780299890041,-0.05136012551558669
1789064043591191000,4.39919091796875,7.411917593967914,6.42121495026946,-0.04323884687894024
1789064043601228000,4.40922802734375,7.414792857143283,6.417941627687215,-0.0354986810809467
1789064043611265000,4.41926513671875,7.415034264683723,6.417686776143312,-0.030785633135342504
1789064043621302000,4.429302001953125,7.413109434100985,6.4199260795027016,-0.02720485432241112
1789064043631338800,4.4393388671875,7.410047708442807,6.423450746497512,-0.02936569931784179
1789064043641376000,4.4493759765625,7.407703775665164,6.42613954719007,-0.032326711397769395
1789064043651412000,4.459411865234375,7.406056592980026,6.428035151678324,-0.03283315166612156
1789064043661449000,4.469448974609375,7.405512987622618,6.428669942450523,-0.031081054151651914
1789064043671486000,4.47948583984375,7.40303052315712,6.431545205625891,-0.02750904773364309
1789064043681523000,4.48952294921875,7.400392575868964,6.4345858884960405,-0.0262139481554972
1789064043691560000,4.499559814453125,7.397429634410143,6.437964425018429,-0.03213688791409367
1789064043701597200,4.50959716796875,7.39504712318778,6.440639197185635,-0.04276466262908652
1789064043711634200,4.51963427734375,7.390911046296358,6.445301928299665,-0.053891740052169186
1789064043721671400,4.52967138671875,7.38861270622611,6.447832323560118,-0.06518337865350768
1789064043731708400,4.53970849609375,7.387915371611714,6.4485273200869555,-0.07472644742131233
1789064043741745200,4.5497451171875,7.387906603783368,6.4483911264866585,-0.0864213513276074
1789064043751782100,4.5597822265625,7.388529119595884,6.447482194948196,-0.09998510871254838
1789064043761819100,4.569819091796875,7.389555540034174,6.44604017944634,-0.11585457662343979
1789064043771856400,4.5798564453125,7.391942142909765,6.442976115700602,-0.13280919115622528
1789064043781893400,4.589893310546875,7.393707399016618,6.440636274576187,-0.1472347438691184
1789064043791930000,4.59993017578125,7.392207515847683,6.4420443878084415,-0.16036579065890982
1789064043801967000,4.609967041015625,7.3913126128345725,6.442652875095606,-0.17639458645051345
1789064043812004400,4.62000439453125,7.386688460165262,6.447463490247726,-0.19348025261759758
1789064043822041300,4.630041259765625,7.382415020629763,6.451742190480232,-0.2129803412489593
1789064043832078300,4.640078369140625,7.380970667040348,6.452708405163884,-0.23283740835813804
1789064043842115000,4.650114990234375,7.380042446279525,6.453138613274693,-0.2497208664840087
1789064043852152300,4.66015234375,7.378955235564709,6.453875110855698,-0.262496286502853
1789064043862189300,4.670189208984375,7.380765499857068,6.4512155362576244,-0.2766095675293356
1789064043872226300,4.680226318359375,7.3804066034168,6.450898140871525,-0.29308628975152967
1789064043882263300,4.69026318359375,7.380784204557537,6.449529190605879,-0.3130343413461
1789064043892299300,4.70029931640625,7.3812208424091335,6.4480000813424585,-0.3335478082710877
1789064043902336000,4.7103359375,7.381414903676509,6.446769662764668,-0.35249515839051454
1789064043912373200,4.720373291015625,7.37803812071979,6.449816775375604,-0.36714579769670963
1789064043922410200,4.73041015625,7.3771987472862,6.449928419056534,-0.381768124223873
1789064043932447200,4.740447265625,7.377890236681699,6.448083083450794,-0.3991774876536801
1789064043942484200,4.750484130859375,7.37822516772449,6.446447006681561,-0.41892347733750934
1789064043952521200,4.760521240234375,7.381196292489767,6.441815839749574,-0.4374143889263272
1789064043962558200,4.77055810546875,7.386101015666127,6.434744878450036,-0.4582071477167308
1789064043972595200,4.78059521484375,7.3872975319743155,6.4324062063694,-0.47155510692652314
1789064043982632200,4.790632080078125,7.388340903547406,6.430187945798039,-0.48526411800105124
1789064043992669400,4.80066943359375,7.38493898614943,6.433100618374347,-0.49827827867921437
1789064044002706200,4.8107060546875,7.3778066500514745,6.440128325054049,-0.5129348362695425
1789064044012743200,4.8207431640625,7.371183432519436,6.446494352954626,-0.5279623460641131
1789064044022780200,4.8307802734375,7.365586635425687,6.451463958060741,-0.5451039254032075
1789064044032817200,4.840817138671875,7.363432087740302,6.452788484662771,-0.5583655945690349
1789064044042854400,4.8508544921875,7.363257900217175,6.451744528567791,-0.5725422231553122
1789064044052891100,4.86089111328125,7.362581023868918,6.451639314627647,-0.5823500620728358
1789064044062928100,4.87092822265625,7.364658414664864,6.44814621181488,-0.5946449685657397
1789064044072965000,4.880965087890625,7.370339382910728,6.4399138055205345,-0.6131856741130352
1789064044083002400,4.89100244140625,7.37576316152513,6.4319128698945045,-0.6316633608940988
1789064044093039400,4.901039306640625,7.378837746664881,6.42694092670083,-0.6461956710502504
1789064044103076000,4.911076171875,7.379915605029463,6.4248173586755986,-0.6549478634350001
1789064044113113000,4.921113037109375,7.381717101493478,6.422144340074062,-0.6608299072109163
1789064044123150300,4.931150390625,7.3863412541627875,6.415512354713678,-0.6734601831380278
1789064044133187300,4.941187255859375,7.388312261974811,6.411616516318917,-0.6887671309284865
1789064044143224300,4.951224365234375,7.386214997434616,6.412628323709964,-0.7017154598288238
1789064044153260300,4.96126025390625,7.382894328579306,6.41511663339436,-0.713816743445769
1789064044163297300,4.97129736328125,7.380863699534535,6.415989324575662,-0.7268545041952281
1789064044173334000,4.981333984375,7.379585350161791,6.416563909593224,-0.7347232648089528
1789064044183371300,4.991371337890625,7.37760908165276,6.418261361160874,-0.7397185888782143
1789064044193408300,5.001408203125,7.374436296835541,6.421595474019647,-0.7424176187038422
1789064044203445200,5.0114453125,7.374017779162526,6.421824606600404,-0.7445931361120194
1789064044213482200,5.021482177734375,7.377554721117019,6.416898840636015,-0.751985730581358
1789064044223519200,5.031519287109375,7.38296213311851,6.40909371984303,-0.7653594452869147
1789064044233556200,5.04155615234375,7.385478499853611,6.404786962559819,-0.7770438917312771
1789064044243593200,5.05159326171875,7.388321614325046,6.400559700253606,-0.7848016662511974
1789064044253630200,5.061630126953125,7.392897836199403,6.394429234674573,-0.7916540894292294
1789064044263667500,5.07166748046875,7.396811210250854,6.388948172914981,-0.7993201670777053
1789064044273704200,5.0817041015625,7.3965452527910465,6.38887686124444,-0.8023430950954556
1789064044283741200,5.0917412109375,7.393933024466038,6.3916930877089495,-0.803983555778861
1789064044293778200,5.101778076171875,7.390994632926583,6.394637908989191,-0.8075871332287788
1789064044303815200,5.111815185546875,7.387752874526381,6.397756917792559,-0.812522032347694
1789064044313852400,5.121852294921875,7.386303844761848,6.398911933046579,-0.8165997301153838
1789064044323889200,5.13188916015625,7.384672444167733,6.4008490385890005,-0.8161716408964246
1789064044333926100,5.141926025390625,7.382375857663154,6.404008963924646,-0.8121459655769169
1789064044343963100,5.151963134765625,7.381159467610717,6.405863651880622,-0.8085670841768383
1789064044354000400,5.16200048828125,7.382978499731421,6.404085536292195,-0.8060386616777628
1789064044364037400,5.172037353515625,7.385316002768278,6.401515393543243,-0.8050459973786026
1789064044374074000,5.18207421875,7.3874682123661035,6.3994660597980015,-0.8015819745298475
1789064044384111000,5.192111083984375,7.389680627718567,6.397781467711925,-0.7946046097978949
1789064044394148000,5.202148193359375,7.392105809038877,6.396424792405963,-0.7828819502349943
1789064044404185300,5.212185302734375,7.394788179990649,6.394589393672347,-0.7724777528595179
1789064044414221300,5.22222119140625,7.39614894694984,6.394846583303809,-0.7571648137196898
1789064044424258300,5.23225830078125,7.398574712792039,6.393935313677788,-0.7409954038809985
1789064044434295300,5.24229541015625,7.401188694682717,6.392874990969896,-0.7238407093320042
1789064044444332000,5.25233203125,7.401803027188778,6.394338633781671,-0.7043650244895369
1789064044454369300,5.262369384765625,7.400757317528128,6.398013522902131,-0.6816101718459278
1789064044464406300,5.27240625,7.399003751859069,6.402669824275374,-0.6564608983464538
1789064044474443300,5.282443359375,7.396403213971853,6.4085150431722395,-0.6281278071790933
1789064044484480300,5.292480224609375,7.39459879489839,6.413100032874941,-0.6020325215337797
1789064044494517200,5.302517333984375,7.394249835330247,6.416232485681772,-0.5722100685914978
1789064044504554200,5.31255419921875,7.395953716638684,6.4168573395818465,-0.5423960546839982
1789064044514591200,5.32259130859375,7.396937466979026,6.418048010671138,-0.5141605786722153
1789064044524628200,5.332628173828125,7.398654207769036,6.418128674691915,-0.487776685343869
1789064044534665500,5.34266552734375,7.401654558628797,6.4165872904688115,-0.46184952280707653
1789064044544702200,5.3527021484375,7.404663092795014,6.415173916539549,-0.4323120242860168
1789064044554739200,5.3627392578125,7.407160754829644,6.414506977063417,-0.39806444837786253
1789064044564776200,5.372776123046875,7.4122998712837695,6.4105971101433035,-0.36393078117296096
1789064044574813200,5.382813232421875,7.415330032759904,6.40883126951456,-0.33187333572022615
1789064044584850400,5.392850341796875,7.413875742298364,6.4120946552246805,-0.29978074588887393
1789064044594887200,5.40288720703125,7.4112711127579205,6.4163102270931,-0.2727884748712182
1789064044604924200,5.412924072265625,7.4083344747841355,6.420690634134411,-0.24839212036458774
1789064044614961200,5.422961181640625,7.404174432495236,6.426393229690194,-0.22372754337582737
1789064044624998400,5.432998291015625,7.399380183956026,6.432766856375336,-0.19766884514754637
1789064044635035400,5.443035400390625,7.394673029178381,6.438982662150264,-0.16939747583847492
1789064044645072100,5.453072021484375,7.389896900817751,6.4451476145207875,-0.1409939680497162
1789064044655109000,5.463109130859375,7.385581960228085,6.4506029573172325,-0.1152477698367089
1789064044665146000,5.47314599609375,7.382079505065083,6.454947708523273,-0.09452100722091272
1789064044675183400,5.483183349609375,7.380768422466516,6.456676724272966,-0.07729055315512232
1789064044685219300,5.49321923828125,7.379591195380687,6.458187713357805,-0.061851147224567825
1789064044695256300,5.50325634765625,7.378101833605766,6.460045908445119,-0.04249897003076039
1789064044705292800,5.513292724609375,7.379575997811555,6.458446656554937,-0.026621800587314646
1789064044715329500,5.52332958984375,7.38411831741631,6.4532987722724675,-0.01136127091309172
1789064044725366800,5.53336669921875,7.389922035259008,6.4466591881275175,0.0051239405762345995
1789064044735403800,5.54340380859375,7.395723999536037,6.439961736315489,0.02328488841668004
1789064044745440800,5.553440673828125,7.401025028553605,6.433802629163861,0.037344594358711035
1789064044755477800,5.563477783203125,7.402658767235279,6.431816423782706,0.0525535456843907
1789064044765514500,5.573514404296875,7.402330265933275,6.432084134808182,0.0646377457357943
1789064044775551700,5.5835517578125,7.398562437832355,6.436245346140861,0.08001842548274435
1789064044785588700,5.593588623046875,7.394315301781893,6.440931458130478,0.09427170863496138
1789064044795625700,5.603625732421875,7.3900430312901735,6.445633352211117,0.10704455310422926
1789064044805662700,5.613662841796875,7.3846806274741885,6.451552805387974,0.11974386654640547
1789064044815699700,5.62369970703125,7.380584882593155,6.4560150454938405,0.13121387565564363
1789064044825736700,5.63373681640625,7.3806222919940945,6.45577422247529,0.14062554572927766
1789064044835773700,5.643773681640625,7.381002815744281,6.455142938834428,0.14936928994609042
1789064044845810700,5.653810791015625,7.3817784762918945,6.453979155752062,0.160890216391813
1789064044855848000,5.663847900390625,7.384264447888731,6.4508817742586135,0.17074755700686944
1789064044865884700,5.673884765625,7.387077751743793,6.447411467799544,0.1798564721411094
1789064044875921700,5.683921630859375,7.390816353750228,6.442963256219029,0.1855778089299798
1789064044885958700,5.693958740234375,7.393962250560522,6.439262063613533,0.18868971213912591
1789064044895995600,5.70399560546875,7.395940857157111,6.436940927189588,0.19034832953372968
1789064044906033000,5.714032958984375,7.397833539035916,6.434669475126266,0.19358707399293779
1789064044916069600,5.724069580078125,7.396430686500668,6.436132533416152,0.19850198976974934
1789064044926106600,5.734106689453125,7.392153739833831,6.440907492733001,0.20287762930439784
1789064044936143600,5.7441435546875,7.388135736364125,6.445485468173026,0.20386453971620647
1789064044946179600,5.7541796875,7.382789699161052,6.451617687317729,0.20357078093402087
1789064044956216800,5.764216796875,7.378655960357189,6.456458697608113,0.19988557134894652
1789064044966253800,5.77425390625,7.372335525164008,6.463725473740697,0.19826259152330458
1789064044976290800,5.784290771484375,7.3684712509512895,6.468278314739465,0.19335907392334192
1789064044986327600,5.79432763671875,7.372231480267644,6.464291875451803,0.1831006234277971
1789064044996364800,5.80436474609375,7.375656194019317,6.460573731711507,0.17626860371697692
1789064045006401800,5.81440185546875,7.378346748277544,6.457616635471582,0.17195085011571645
1789064045016438800,5.824438720703125,7.381646958866715,6.45402182585001,0.1651149579473771
1789064045026475800,5.834475830078125,7.386011583817004,6.44924745105505,0.15627895973669365
1789064045036512500,5.844512451171875,7.394518130877613,6.439900946038961,0.13845567261059769
1789064045046549800,5.8545498046875,7.400472070845961,6.433425612545013,0.12011840808037667
1789064045056586800,5.864586669921875,7.39875942170918,6.4356631623387335,0.10480840981630608
1789064045066623700,5.874623779296875,7.396821147122979,6.438128091147542,0.0890806610642001
1789064045076660700,5.88466064453125,7.397272982543706,6.43783232307136,0.07106437211665324
1789064045086697700,5.89469775390625,7.394328745785355,6.441379201897979,0.053989757066546004
1789064045096734700,5.904734619140625,7.3891861221998925,6.447385164314508,0.03929570787688717
1789064045106771700,5.914771728515625,7.382885560750961,6.454670645147561,0.024590975179721135
1789064045116808700,5.92480859375,7.377382871681451,6.461001601734757,0.008266596258315257
1789064045126846000,5.934845947265625,7.37675217256248,6.461711211308836,-0.014205547578440746
1789064045136882700,5.944882568359375,7.375332368892431,6.463256687185168,-0.034280350233172066
1789064045146919700,5.954919677734375,7.374613406968116,6.463952852755785,-0.05265696039309259
1789064045156956700,5.964956787109375,7.3750968065708875,6.463279483538866,-0.0659613042234443
1789064045166993700,5.97499365234375,7.3766083801776166,6.461437070542574,-0.07661387316968757
1789064045177031000,5.985031005859375,7.381374571666121,6.455794680741429,-0.09173374198940581
1789064045187067600,5.995067626953125,7.383802675595879,6.452821802410483,-0.10460398241854273
1789064045197104600,6.005104736328125,7.383694539046287,6.452737046736479,-0.11672071933294646
1789064045207141600,6.0151416015625,7.383974525031447,6.452202793729305,-0.12800484134810977
1789064045217177600,6.025177490234375,7.385438752365112,6.450329985594749,-0.13757926423540337
1789064045227214800,6.03521484375,7.385203774565458,6.450469101804495,-0.1434897669208236
1789064045237251800,6.045251953125,7.38449124238193,6.4511085687518115,-0.1512330745239742
1789064045247288600,6.05528857421875,7.3829399212867015,6.452648199409246,-0.16096929124370216
1789064045257325600,6.06532568359375,7.37889619885385,6.457002887487411,-0.1714374572334811
1789064045267362800,6.07536279296875,7.377734169337153,6.4580258007943625,-0.18254949235105886
1789064045277399800,6.08539990234375,7.377816002401709,6.45771425062716,-0.19010146036688239
1789064045287436800,6.095436767578125,7.378651868703961,6.45668783018887,-0.1925059459590353
1789064045297473800,6.105473876953125,7.379886378934979,6.455276209825277,-0.19254085287563502
1789064045307510500,6.115510498046875,7.382723063665628,6.451966646885872,-0.1947050451721996
1789064045317547800,6.1255478515625,7.384134684029221,6.45027270244956,-0.19730231339009477
1789064045327584800,6.135584716796875,7.3855796221405265,6.448600385323166,-0.1978688246990554
1789064045337621800,6.145621826171875,7.384955352762341,6.449379553002118,-0.19572468880983068
1789064045347658800,6.15565869140625,7.381649296954274,6.453388788643479,-0.18817988118715584
1789064045357695700,6.16569580078125,7.378250302165746,6.457518435794115,-0.17961707389466464
1789064045367732700,6.175732666015625,7.376390938034653,6.4598085925579065,-0.1735369867959991
1789064045377769700,6.185769775390625,7.375619369140267,6.4608846973568195,-0.16613226349744944
1789064045387806700,6.195806640625,7.377728908640146,6.458667021307349,-0.15851271013813092
1789064045397843700,6.20584375,7.381477447518706,6.454569522860646,-0.15067049047145992
1789064045407880700,6.215880615234375,7.385409526270627,6.450297252368927,-0.14063476108219475
1789064045417917700,6.225917724609375,7.389863583070039,6.44544104450941,-0.12884558475487864
1789064045427954700,6.23595458984375,7.394435713291168,6.440418247911333,-0.11713094410165212
1789064045437991700,6.24599169921875,7.398850022602081,6.435535152044892,-0.10626563202044927
1789064045448029000,6.25602880859375,7.399590027314424,6.434862367349862,-0.0948574543673545
1789064045458065700,6.266065673828125,7.39818132956028,6.436626454412937,-0.08440857759993523
1789064045468102700,6.2761025390625,7.394372000405192,6.441119089657068,-0.07510416272648145
1789064045478139600,6.2861396484375,7.389950092309713,6.446289185771346,-0.0662149593241047
1789064045488175600,6.296175537109375,7.3832532250195735,6.454055143597722,-0.05600109688895754
1789064045498212900,6.306212890625,7.372394561874866,6.466548129945993,-0.04403240840942599
1789064045508249900,6.316249755859375,7.362720140078664,6.477617805492877,-0.034569880364811977
1789064045518286600,6.32628662109375,7.353583478420973,6.488015865388512,-0.029169384444586464
1789064045528323600,6.336323486328125,7.345515322777628,6.497162463918328,-0.02578635212688241
1789064045538360800,6.34636083984375,7.339175598362088,6.504331040373444,-0.023764689556567464
1789064045548397800,6.356397705078125,7.337766316086054,6.505917432782054,-0.024733934164233504
1789064045558434800,6.366434814453125,7.341061265978217,6.502189936691522,-0.026915785415074788
1789064045568471600,6.376471435546875,7.347371179777383,6.495042403024435,-0.030738323394895996
1789064045578508500,6.386508544921875,7.357831198993325,6.483156734919548,-0.03720720203188248
1789064045588545800,6.3965458984375,7.36860043028891,6.470888204976916,-0.04152085028018337
1789064045598582800,6.406582763671875,7.379442142298817,6.458480558824538,-0.04738706173272803
1789064045608619800,6.416619873046875,7.388253809785843,6.448380020570754,-0.049799803696572775
1789064045618656500,6.426656494140625,7.394633281689882,6.440996924582123,-0.05786094507724046
1789064045628693800,6.43669384765625,7.397972070723772,6.437018668600916,-0.07203975648744963
1789064045638730800,6.446730712890625,7.394661923262476,6.440660824495554,-0.08515298449276015
1789064045648767700,6.456767822265625,7.389341605022549,6.446524748092889,-0.1016742308432702
1789064045658804700,6.4668046875,7.38232851139009,6.4543175939261905,-0.11572786323754117
1789064045668841700,6.476841796875,7.372604405233264,6.465196715337037,-0.12774719505892135
1789064045678878700,6.486878662109375,7.36341689017117,6.475427601972222,-0.13898435439351015
1789064045688915700,6.496915771484375,7.353814949089288,6.486068238452076,-0.15071353502874263
1789064045698952700,6.50695263671875,7.349292503228783,6.490768963488936,-0.16793195159686727
1789064045708989400,6.516989501953125,7.350019648459553,6.489189585343003,-0.19497836395455523
1789064045719026400,6.5270263671875,7.350346396195888,6.488007682082056,-0.22031746093770488
1789064045729063200,6.537063232421875,7.352826522573828,6.484314672783017,-0.24493964182315392
1789064045739100400,6.547100341796875,7.358616796413064,6.476768495187163,-0.2694765555779449
1789064045749136400,6.557136474609375,7.365219555678963,6.4681812841057775,-0.2941978311900049
1789064045759173400,6.56717333984375,7.369119485726952,6.462570458486676,-0.31882384800035507
1789064045769210400,6.57721044921875,7.369339265957474,6.461354068434238,-0.33782373202461746
1789064045779247400,6.587247314453125,7.368647776561975,6.461024982610344,-0.35855891540888696
1789064045789284400,6.597284423828125,7.369615160289406,6.458436135160922,-0.38440135880429294
1789064045799321300,6.6073212890625,7.3669672761291265,6.460062859579921,-0.40713469373583794
1789064045809358300,6.6173583984375,7.3584531302839515,6.4684373046934605,-0.4276362510273233
1789064045819395300,6.627395263671875,7.349080321782827,6.477538310515881,-0.45044367410838604
1789064045829432300,6.637432373046875,7.341085231375694,6.484937188595533,-0.47375583184119313
1789064045839469300,6.64746923828125,7.333741882875561,6.491557483518124,-0.4962818441649899
1789064045849506300,6.65750634765625,7.326093998470902,6.498925966459512,-0.5125384573630988
1789064045859543300,6.667543212890625,7.319143448680639,6.505626925402879,-0.5266358832333237
1789064045869580300,6.677580322265625,7.321202134776115,6.502147266593575,-0.5408050226328894
1789064045879617500,6.687617431640625,7.329142864647507,6.491842730200291,-0.5568059805694967
1789064045889654300,6.697654296875,7.33428548823297,6.484777614119649,-0.5712233956417069
1789064045899691300,6.707691162109375,7.341288060471415,6.475978221592307,-0.5810079267488792
1789064045909728300,6.717728271484375,7.353351423230767,6.4608502105653285,-0.5966704830439761
1789064045919765500,6.727765625,7.36449884018898,6.447238449320197,-0.6063396806757897
1789064045929802500,6.737802490234375,7.37255588991642,6.437636508238315,-0.6104359370134771
1789064045939839500,6.747839599609375,7.378721426808833,6.4301674875319,-0.6146534085780382
1789064045949876200,6.757876220703125,7.3815925983309745,6.426497859108448,-0.6185503429513425
1789064045959913200,6.767913330078125,7.38215958456397,6.425123648145794,-0.6260099382422865
1789064045969950500,6.777950439453125,7.3781123549997805,6.429012472277879,-0.6337576297596097
1789064045979987500,6.787987548828125,7.372462366414069,6.43518502343297,-0.6368458050332964
1789064045990024400,6.7980244140625,7.365276838824152,6.443730148938298,-0.6335769394304603
1789064046000061200,6.808061279296875,7.357893158313631,6.453358978027105,-0.6212474730808287
1789064046010098400,6.818098388671875,7.351321378707885,6.46222792865932,-0.6066846947211771
1789064046020134400,6.828134521484375,7.346897132524847,6.468349626410007,-0.5949325168028473
1789064046030171400,6.83817138671875,7.345963066545129,6.470245230898261,-0.5857821554133669
1789064046040208400,6.84820849609375,7.347188808947801,6.469553741502762,-0.5779977120822295
1789064046050245400,6.858245361328125,7.351597273039817,6.465517033332586,-0.5669994212711229
1789064046060282400,6.868282470703125,7.358151516988873,6.459611024159193,-0.5490105774529278
1789064046070319400,6.8783193359375,7.363124044704437,6.455726876202226,-0.5276137883547694
1789064046080356400,6.8883564453125,7.366200967931747,6.454064495947956,-0.5045058479571715
1789064046090393300,6.898393310546875,7.368624980208277,6.452963841229677,-0.4827029257435351
1789064046100430300,6.908430419921875,7.370304311597347,6.452580394870043,-0.46174843705277885
1789064046110467300,6.91846728515625,7.370648594990373,6.453878617987036,-0.4374643290152773
1789064046120504300,6.92850439453125,7.3687857237279415,6.4578463525742285,-0.409391605817154
1789064046130541300,6.938541259765625,7.36371441181302,6.465615817531943,-0.37670455722399054
1789064046140578300,6.948578369140625,7.358616796413064,6.473205834269523,-0.34460144599862397
1789064046150615600,6.958615478515625,7.354553200235962,6.479371371161937,-0.3141443484146148
1789064046160652300,6.96865234375,7.352494514140487,6.483018203231692,-0.28579693646095694
1789064046170689300,6.978689208984375,7.349924955913424,6.487229098924994,-0.25466513621946796
1789064046180726300,6.988726318359375,7.3473910535216325,6.491345302072167,-0.2206045342507772
1789064046190763500,6.998763427734375,7.3471362019777295,6.4927750426143405,-0.18395486563695593
1789064046200800500,7.008800537109375,7.351790165263414,6.488335014340281,-0.1518857114801183
1789064046210837200,7.018837158203125,7.35755998083651,6.482446540823578,-0.12076860648426227
1789064046220874200,7.028874267578125,7.361920514133572,6.4780246327281,-0.08781677860822529
1789064046230911200,7.0389111328125,7.368055071365833,6.4713675129264585,-0.05962099528601393
1789064046240948500,7.048948486328125,7.375925658610463,6.462593839362263,-0.0313035035465844
1789064046250985500,7.0589853515625,7.385459210631251,6.4517720010966055,-0.004058397414298087
1789064046261022200,7.069022216796875,7.390750887298584,6.4456608247399325,0.02527557361013023
1789064046271059200,7.07905908203125,7.3924892553985115,6.443493417572975,0.05364997175212483
1789064046281095200,7.08909521484375,7.392140295830369,6.443655914658308,0.07707437138748355
1789064046291132400,7.09913232421875,7.391143686008453,6.444549064105749,0.09573134199189953
1789064046301169400,7.10916943359375,7.385313080158829,6.450889957565069,0.1164565428382717
1789064046311206400,7.119206298828125,7.3794889040499925,6.457161877441406,0.13633887225287034
1789064046321243400,7.129243408203125,7.372979668286442,6.464134639063477,0.15659368824167177
1789064046331280400,7.1392802734375,7.3634578067034475,6.474471908682585,0.17632725683534517
1789064046341317400,7.1493173828125,7.355216048058867,6.483418600726127,0.19096657102992756
1789064046351354400,7.159354248046875,7.348094817876816,6.491258208310604,0.19864808370955286
1789064046361391400,7.169391357421875,7.343661803865432,6.496102725732326,0.20413480802495032
1789064046371428400,7.179428466796875,7.34506465640068,6.494370202851295,0.2087078150289133
1789064046381465300,7.18946533203125,7.350027831766009,6.488605647975206,0.21325682010278105
1789064046391502300,7.19950244140625,7.35838123409152,6.478871020424366,0.22099981717867775
1789064046401539300,7.209539306640625,7.370040692225098,6.465276794835924,0.23040051833372563
1789064046411576300,7.219576416015625,7.38452865178287,6.448592202016711,0.23404064666805788
1789064046421613600,7.229613525390625,7.397455353373289,6.433826010039448,0.23223029104415327
1789064046431650300,7.239650390625,7.403488203796744,6.4269567087918515,0.23016438975660128
1789064046441687300,7.249687255859375,7.405345229840278,6.424781118318438,0.23114808529801664
1789064046451724300,7.259724365234375,7.406190448492765,6.42377164901495,0.23213720593322068
1789064046461761300,7.26976123046875,7.403190682154894,6.427040295422077,0.23727559173498303
1789064046471798500,7.279798583984375,7.399650817590952,6.431041932278871,0.239268025927525
1789064046481835300,7.289835205078125,7.392588039597869,6.438976816931366,0.24413055392997338
1789064046491872300,7.299872314453125,7.385323017030954,6.4473009931623935,0.24435197812831028
1789064046501909200,7.3099091796875,7.378844760927557,6.454855938586593,0.2405844422883354
1789064046511946500,7.319946533203125,7.373604522186517,6.460919768670201,0.23844012373602017
1789064046521983500,7.3299833984375,7.372419696316123,6.462434264886379,0.233995638482552
1789064046532020200,7.340020263671875,7.37298317541778,6.4618778000473975,0.23160355571424587
1789064046542056400,7.350056396484375,7.37723732573092,6.45707887533307,0.2299775254149921
1789064046552093200,7.36009326171875,7.384459678199887,6.4488482226043935,0.22913152131121603
1789064046562130400,7.37013037109375,7.3918474503636356,6.440341675543785,0.2301631111149676
1789064046572167400,7.38016748046875,7.398827226248383,6.432379318362474,0.2285665261059068
1789064046582204400,7.390204345703125,7.403110018134116,6.427543568769097,0.22591294285720212
1789064046592241400,7.400241455078125,7.406512520053982,6.423783923974633,0.2212519287762232
1789064046602278400,7.4102783203125,7.407604991465806,6.422685022822022,0.2165209181989543
1789064046612315400,7.4203154296875,7.405226571896672,6.425539827731251,0.2131869332043454
1789064046622352400,7.430352294921875,7.3981445046812295,6.433709105661511,0.21267299233283846
1789064046632389400,7.440389404296875,7.3912769569993015,6.44172991503179,0.2086378002663143
1789064046642426400,7.45042626953125,7.384355048781633,6.449896854874491,0.20129404990738256
1789064046652463400,7.46046337890625,7.378624980697035,6.456845651099085,0.18820033945329487
1789064046662500400,7.470500244140625,7.372022221431136,6.464602256575226,0.18053813426233828
1789064046672537300,7.480537353515625,7.366921098899841,6.470583669072389,0.17437400387572125
1789064046682574300,7.49057421875,7.367569918197393,6.469989794832467,0.16893994132932275
1789064046692611300,7.500611328125,7.372395730918646,6.464686427727341,0.1612488205711357
1789064046702648300,7.5106484375,7.37939947220087,6.456904687809944,0.15240287635517305
1789064046712685300,7.520685302734375,7.384874104219675,6.450885281389952,0.14180128411091864
1789064046722722300,7.530722412109375,7.3918527110606425,6.443191804277896,0.1271935249652248
1789064046732759300,7.54075927734375,7.399153973984718,6.43505409052968,0.1139411259512417
1789064046742796500,7.550796630859375,7.40334733402133,6.430397204634547,0.1040312331650406
1789064046752833300,7.560833251953125,7.402436648917198,6.431527669969201,0.09882093290453776
1789064046762870300,7.570870361328125,7.399712776911258,6.434757153409719,0.09242028121515176
1789064046772907300,7.5809072265625,7.396778477025031,6.438304616758227,0.07930306202131324
1789064046782944300,7.5909443359375,7.392405084246397,6.443491664007306,0.06447336265405174
1789064046792981500,7.6009814453125,7.388427412787079,6.448203494960069,0.046852703694277444
1789064046803018200,7.611018310546875,7.381109198728203,6.45665100530982,0.03554363218423678
1789064046813054200,7.62105419921875,7.375231246605515,6.463392880785465,0.030039474960137157
1789064046823091200,7.63109130859375,7.373891522434353,6.464941863793134,0.02509778077425435
1789064046833128200,7.641128173828125,7.374031807687878,6.464812099933624,0.01568351003486896
1789064046843165400,7.65116552734375,7.376686706110835,6.461801227679849,0.0018404088396957376
1789064046853202400,7.661202392578125,7.379769474557042,6.458264285725355,-0.014738011628971434
1789064046863239200,7.6712392578125,7.381676769483089,6.456045440632105,-0.02671387420138344
1789064046873276200,7.681276123046875,7.386992996069789,6.44991672861874,-0.03592888462517876
1789064046883313400,7.6913134765625,7.391400875639915,6.444801577562093,-0.046058534809015686
1789064046893350400,7.701350341796875,7.39211808399856,6.443896737676859,-0.056378506233450025
1789064046903387400,7.711387451171875,7.390826875144243,6.445230032107234,-0.07126440646708943
1789064046913424100,7.721424072265625,7.386631177020073,6.449883410871029,-0.08410796895185485
1789064046923461000,7.731461181640625,7.38311060167849,6.453724304208159,-0.09746701581124216
1789064046933498400,7.741498291015625,7.377986098271608,6.459405272454023,-0.10856842907010578
1789064046943535400,7.751535400390625,7.36990683671236,6.46851329253912,-0.11486211325367912
1789064046953572400,7.761572265625,7.36365829771161,6.47544922928214,-0.1244204069900792
1789064046963609300,7.771609375,7.359364399909973,6.480094424739479,-0.1360947704318445
1789064046973646300,7.781646240234375,7.355625213381647,6.4840761878520246,-0.14805810688282361
1789064046983683300,7.791683349609375,7.3535033989220855,6.486269898504019,-0.157108779890649
1789064046993720300,7.80172021484375,7.35329063295424,6.4863365339994425,-0.16413798440769314
1789064047003757300,7.81175732421875,7.352411512032151,6.487250726234913,-0.16738648307593537
1789064047013794300,7.821794189453125,7.356709501487016,6.482150188225507,-0.1758850477594882
1789064047023831300,7.831831298828125,7.364210670897364,6.4733005268156525,-0.18751650364128872
1789064047033868300,7.841868408203125,7.370515323999523,6.465839689415693,-0.19699176786988973
1789064047043905300,7.8519052734375,7.378242118859291,6.456736345505714,-0.20611030934900043
1789064047053942300,7.8619423828125,7.387955703622103,6.44527270220518,-0.21668758000275118
1789064047063979300,7.871979248046875,7.397070153447985,6.434563676664233,-0.22389995906697585
1789064047074015500,7.882015380859375,7.402090027436613,6.428529072675109,-0.23123127006944266
1789064047084052200,7.89205224609375,7.401924607741832,6.428418598037958,-0.23944599457662552
1789064047094089200,7.902089111328125,7.398958743673562,6.431400828719139,-0.2507671606665477
1789064047104126200,7.912126220703125,7.39124188568592,6.4398424938499925,-0.261444786422234
1789064047114163500,7.92216357421875,7.380916891026496,6.451296200278401,-0.2706006459707394
1789064047124200400,7.932200439453125,7.368746560761332,6.464733774000406,-0.28138215222600843
1789064047134237200,7.9422373046875,7.354075645852088,6.4809449040889735,-0.29208233687337487
1789064047144274200,7.952274169921875,7.341660400915146,6.494267326998711,-0.3080662340773269
1789064047154311400,7.9623115234375,7.3306696358233685,6.505639784884452,-0.32911508652064947
1789064047164348400,7.972348388671875,7.321275784534215,6.515131835851073,-0.34979839358720927
1789064047174385400,7.982385498046875,7.315827456000447,6.520311868837475,-0.36685244077332313
1789064047184422100,7.992422119140625,7.312476392006873,6.523250844898819,-0.38114586413968354
1789064047194459100,8.002459228515624,7.314137018695473,6.520521127673983,-0.3957121130980551
1789064047204496400,8.012496337890624,7.321306764194369,6.511285097295046,-0.4147621198743581
1789064047214533400,8.022533447265625,7.3323162339866155,6.497469922432303,-0.43635815787166354
1789064047224570400,8.0325703125,7.343549575662612,6.4834203542917965,-0.4559983125608414
1789064047234607000,8.042607177734375,7.3563190408647054,6.467376981985568,-0.47748241461627183
1789064047244644400,8.052644287109375,7.367464704257249,6.453322737669945,-0.495446306656301
1789064047254681300,8.062681396484376,7.372715464392304,6.446114998248219,-0.5109383286900818
1789064047264718300,8.07271826171875,7.375801739969849,6.441372187635302,-0.525988598305732
1789064047274755300,8.08275537109375,7.374348618552088,6.441654511708021,-0.5426331513755023
1789064047284792300,8.092792236328124,7.367008192661404,6.448418599015474,-0.5616751209758222
1789064047294829300,8.102829345703125,7.356177002045512,6.4590738485425705,-0.5808688836043701
1789064047304866300,8.1128662109375,7.344034144309163,6.471037258058786,-0.6010194720337168
1789064047314903300,8.1229033203125,7.335857267594337,6.478496926414966,-0.6202114810965955
1789064047324940300,8.132940185546875,7.329967625033855,6.483327999833226,-0.6390791170433163
1789064047334976300,8.142976318359375,7.327337861052155,6.484558418411016,-0.6565129938598722
1789064047345013500,8.153013427734376,7.329503514653444,6.480367980983853,-0.6734931355595588
1789064047355050200,8.16305029296875,7.333356682950257,6.474104828935861,-0.6915354265980422
1789064047365087200,8.173087158203124,7.339105455735325,6.465640951973199,-0.709513054902479
1789064047375124200,8.183124267578124,7.345280929499864,6.456619441127777,-0.7275256814550608
1789064047385161500,8.193161376953125,7.350349903327226,6.448772234758734,-0.7457057735290378
1789064047395198500,8.203198486328125,7.354235804849862,6.44197366065979,-0.7658805465515702
1789064047405235200,8.213235107421875,7.354647892782092,6.438888554126024,-0.787560244244337
1789064047415272200,8.223272216796875,7.353183080926537,6.437938121533393,-0.8087279738269746
1789064047425309400,8.233309326171875,7.34924340339005,6.439612776747346,-0.8308964048847556
1789064047435346400,8.243346435546876,7.339608729082346,6.448105295282602,-0.8499800216697156
1789064047445383400,8.253383544921874,7.328506904831528,6.458865758749842,-0.8639555747259408
1789064047455420200,8.263420166015624,7.319511697471142,6.466642822492123,-0.8818472052473575
1789064047465457200,8.27345703125,7.311861474978923,6.473167255824804,-0.8973126315351575
1789064047475494400,8.283494384765625,7.30530255485475,6.4789470082700245,-0.9089438864875584
1789064047485531400,8.293531494140625,7.302296943297982,6.480851380586624,-0.919461481109634
1789064047495568400,8.303568359375,7.305838561427593,6.475448644760251,-0.929341873806715
1789064047505605000,8.313605224609375,7.316508424001932,6.4619479426741595,-0.9393171051803976
1789064047515642400,8.323642333984376,7.328638422256708,6.446814670950174,-0.9486963434223085
1789064047525679400,8.333679443359374,7.3406035853385925,6.431932743638754,-0.9571648234948515
1789064047535716400,8.34371630859375,7.355604170593619,6.413533748117089,-0.9654330317549407
1789064047545753300,8.35375341796875,7.3698553987860675,6.395914504796266,-0.9735946378353982
1789064047555790300,8.363790283203125,7.378910811901092,6.385467929583788,-0.9735781981572508
1789064047565827300,8.373827392578125,7.3832970641613,6.380652638256549,-0.9718947020497173
1789064047575864300,8.3838642578125,7.384013103476167,6.379670641481876,-0.9729011756785213
1789064047585901300,8.3939013671875,7.381148361694812,6.382861546477675,-0.973711688343808
1789064047595937300,8.403937255859375,7.375227739474177,6.389620957610011,-0.9742405345235019
1789064047605974300,8.413974365234376,7.368537886446714,6.397527200689911,-0.9729738755885511
1789064047616011300,8.42401123046875,7.362392807820439,6.405793509253859,-0.9650709935095161
1789064047626048300,8.43404833984375,7.35481974221766,6.416431223124265,-0.9520604860931634
1789064047636085200,8.444085205078125,7.346890118262172,6.427330802801251,-0.9396872536670416
1789064047646122200,8.454122314453125,7.343807349815965,6.432370550534129,-0.929241043780744
1789064047656159500,8.464159423828125,7.343939451763034,6.433102956461906,-0.9231063404180109
1789064047666196200,8.4741962890625,7.344220022270083,6.433907843104005,-0.9152324652377516
1789064047676233200,8.484233154296875,7.344326405254006,6.436201506999135,-0.8980901917789131
1789064047686270200,8.494270263671876,7.346633513152599,6.435798771417141,-0.8819631597772241
1789064047696307500,8.504307373046874,7.350988201230764,6.433237981018424,-0.8641752818912267
1789064047706344200,8.51434423828125,7.353581724855303,6.432520772659778,-0.8472932668037713
1789064047716381200,8.524381103515625,7.35334557801187,6.434474244815111,-0.8344066780280321
1789064047726418200,8.534418212890625,7.354784086382389,6.434775858110189,-0.8192647115409374
1789064047736455200,8.544455078125,7.357650581729412,6.433287080857157,-0.8050920284774153
1789064047746492200,8.5544921875,7.358999658250808,6.434191336220502,-0.7852973408136517
1789064047756529200,8.564529052734375,7.3559852788656945,6.440646795970201,-0.760220621093735
1789064047766566400,8.57456640625,7.352516725972294,6.447566950622201,-0.7346816906895488
1789064047776603100,8.58460302734375,7.350631642878055,6.4520151622027155,-0.7142103458732366
1789064047786640100,8.59464013671875,7.3486390077561135,6.456522995015979,-0.6936855903692543
1789064047796677000,8.604677001953124,7.346872582605481,6.460545674660802,-0.6746887020196766
1789064047806714400,8.61471435546875,7.345632227155566,6.463935317099094,-0.65544478010647
1789064047816751400,8.62475146484375,7.346852708861231,6.464990963631868,-0.6309011443499475
1789064047826788000,8.6347880859375,7.3518416031897065,6.461434147933125,-0.6088331779919565
1789064047836825000,8.6448251953125,7.356911746060848,6.457757505246996,-0.5861742965361103
1789064047846862000,8.654862060546876,7.362611419007182,6.452910065215826,-0.5677011763323098
1789064047856899300,8.6648994140625,7.368200032794475,6.447801343899965,-0.5530512311458587
1789064047866935300,8.674935302734376,7.3739979054182765,6.442499730360508,-0.5373425706867129
1789064047876972300,8.68497216796875,7.379684718883037,6.437244878572225,-0.5220274395897985
1789064047887009000,8.695009033203124,7.383541394311189,6.434263816934823,-0.5039298381675035
1789064047897046000,8.7050458984375,7.3858280439436435,6.432976115211844,-0.48657205879446114
1789064047907083300,8.715083251953125,7.38434277382195,6.4357204454839225,-0.472619046363607
1789064047917120300,8.725120361328125,7.380319509655237,6.441401413729786,-0.4578371818931773
1789064047927157200,8.7351572265625,7.376846865108609,6.446245931151509,-0.44545777545459564
1789064047937194000,8.745194091796876,7.368455468860268,6.457008148184419,-0.42812476519662884
1789064047947231200,8.755231201171876,7.357422618192434,6.470659656918048,-0.41143991664908824
1789064047957268200,8.765268310546874,7.346119718411565,6.484211796930432,-0.3998907504895702
1789064047967305200,8.77530517578125,7.3334227339237925,6.4991650359123945,-0.3900599325552582
1789064047977342200,8.78534228515625,7.322171856591105,6.5122074728369705,-0.3838539175219834
1789064047987379200,8.795379150390625,7.313636083436012,6.52216772583723,-0.3774064218830317
1789064047997416200,8.805416259765625,7.311128484529257,6.525539832618832,-0.3675837872551754
1789064048007453200,8.815453125,7.316162387043237,6.520275043958425,-0.36078451903648673
1789064048017490200,8.825490234375,7.324216514161229,6.5116930935740465,-0.3522641261136159
1789064048027527200,8.835527099609376,7.335784786880016,6.499084956413507,-0.3442897862335667
1789064048037564200,8.845564208984374,7.350090960130095,6.483201743105053,-0.33859884458295997
1789064048047601200,8.85560107421875,7.3663319008350365,6.464773521488905,-0.3379947412099689
1789064048057638100,8.86563818359375,7.377858672499657,6.45169016803205,-0.33655897278580815
1789064048067675100,8.875675048828125,7.384054604530334,6.444888671323657,-0.33095603821221736
1789064048077712400,8.88571240234375,7.389277307614684,6.439094890353084,-0.32714853568803515
1789064048087749000,8.8957490234375,7.390485514360666,6.43781420289278,-0.3250459008529782
1789064048097786000,8.9057861328125,7.385978850591182,6.443108217647671,-0.32256182895228264
1789064048107823000,8.915822998046876,7.3772706434786315,6.453254348608851,-0.3190281749334186
1789064048117860000,8.925860107421874,7.3685782184571025,6.4631526422888035,-0.31953722043409943
1789064048127896000,8.93589599609375,7.360324184852838,6.472585072022676,-0.318853293290548
1789064048137933300,8.945933349609374,7.351019180890917,6.483373592540621,-0.31427177418656643
1789064048147970300,8.95597021484375,7.343823716428876,6.491724656778573,-0.31007191134393214
1789064048158007000,8.966007080078125,7.3379866808384655,6.498599803245067,-0.3041887350568548
1789064048168044000,8.9760439453125,7.335994045716523,6.501080514144897,-0.29920981413312253
1789064048178081300,8.986081298828125,7.337920045343041,6.499033518487215,-0.2964421395180747
1789064048188118300,8.9961181640625,7.341343590050935,6.4953627210199825,-0.2921013521010987
1789064048198155300,9.0061552734375,7.34756407200098,6.488660008510947,-0.2845557590271346
1789064048208192000,9.01619189453125,7.354345110443234,6.481460452395678,-0.2732547589424066
1789064048218229200,9.026229248046874,7.363129305401444,6.472033283358812,-0.2597858767666854
1789064048228266200,9.036266357421875,7.370919813147187,6.463574667093157,-0.24924057215377687
1789064048238303200,9.04630322265625,7.372317404985427,6.462466413590311,-0.2363223461307585
1789064048248340200,9.05634033203125,7.370826874166727,6.464562509086727,-0.22523646836774422
1789064048258377000,9.066376953125,7.369051096665859,6.466765572088956,-0.22003517339760437
1789064048268414200,9.076414306640626,7.363738377210497,6.473112310767173,-0.2111006832485087
1789064048278451200,9.086451171875,7.357521402391791,6.480577824342251,-0.1984414004226215
1789064048288488200,9.09648828125,7.349927294000983,6.489713316956162,-0.1804969072028063
1789064048298525200,9.106525146484374,7.342856332701444,6.498263118636608,-0.159448821944464
1789064048308562200,9.116562255859375,7.340508892792463,6.50131607646644,-0.1421198759402614
1789064048318599200,9.12659912109375,7.342033910402655,6.499838989651203,-0.13042925548343917
1789064048328636200,9.13663623046875,7.344601130542158,6.497130315214395,-0.12046613467265851
1789064048338673200,9.146673095703125,7.347222711217403,6.494336300581693,-0.11090450733485631
1789064048348710400,9.15671044921875,7.351769122475385,6.489315842071175,-0.10321721336841583
1789064048358747100,9.1667470703125,7.358107677847147,6.482292227044701,-0.09232645631870254
1789064048368784100,9.1767841796875,7.365501295229792,6.474052806487679,-0.08014873733152635
1789064048378821000,9.186821044921874,7.371654557162523,6.467208055159449,-0.06575182162465061
1789064048388858000,9.196858154296875,7.376441791439056,6.461883060744404,-0.05066072224169038
1789064048398894000,9.20689404296875,7.383434426805376,6.453934147566557,-0.04488165021648165
1789064048408931300,9.216931396484375,7.389238144648075,6.447317359775305,-0.040493338429927826
1789064048418968300,9.22696826171875,7.392340786838531,6.4437722345143555,-0.03854362456768285
1789064048429005000,9.237005126953125,7.390188577240705,6.446276910811663,-0.03175492797535844
1789064048439042000,9.2470419921875,7.386068282440304,6.451050116562843,-0.017923126204800792
1789064048449079300,9.257079345703126,7.384668937036395,6.452674502894282,-0.006637756943222484
1789064048459116300,9.2671162109375,7.379616914343833,6.458454255339503,0.0031648346916146692
1789064048469153300,9.2771533203125,7.373592247226834,6.465324141108989,0.01019185838260455
1789064048479190000,9.28718994140625,7.370875389483571,6.468418015471101,0.011987774489203002
1789064048489227300,9.297227294921875,7.365192083150148,6.47487289069891,0.01876710503156064
1789064048499264300,9.30726416015625,7.36151544046402,6.479027087768912,0.02605251508266665
1789064048509301200,9.31730126953125,7.359739078441262,6.481019722890854,0.03160526753871236
1789064048519338200,9.327338134765625,7.356306765905022,6.484877567362785,0.03873286809604615
1789064048529375000,9.337375,7.352996033921837,6.488600971800088,0.043485661246860395
1789064048539412200,9.347412109375,7.352851072493195,6.488776912888884,0.0416352476072032
1789064048549449200,9.35744921875,7.353772278991341,6.4877388020128,0.040804600902763194
1789064048559486200,9.367486328125,7.353602183121442,6.487917665711045,0.04292015915147494
1789064048569523200,9.377523193359375,7.352239662596583,6.489439760711789,0.046087171815033065
1789064048579560200,9.387560302734375,7.350165194410085,6.491766157832742,0.049195211699814535
1789064048589597200,9.39759716796875,7.35213211056888,6.489560756742954,0.04631869271569885
1789064048599634200,9.40763427734375,7.354619251209497,6.4867696647197,0.04223303083726205
1789064048609671200,9.417671142578126,7.355335290524363,6.4859788066029544,0.038833168399054555
1789064048619708400,9.42770849609375,7.359386027219891,6.481416028732061,0.032634911980549804
1789064048629745200,9.4377451171875,7.365552148634195,6.4744350838035345,0.026832618909957816
1789064048639782100,9.4477822265625,7.37427087714076,6.464523346120119,0.02124778396534966
1789064048649818000,9.457818115234375,7.383958158418536,6.453475297883153,0.01407488866978674
1789064048659855000,9.467855224609375,7.393522690099477,6.4425295409768815,0.004796235571141005
1789064048669892000,9.47789208984375,7.401047824907303,6.433882708662748,-0.00535500596081838
1789064048679929300,9.487929443359375,7.402855751112103,6.43178953577578,-0.01399949105423875
1789064048689966000,9.497966064453125,7.405283270519972,6.428963372439146,-0.02420744890498463
1789064048700003000,9.508003173828126,7.404606394171714,6.429697531932592,-0.03418044037251966
1789064048710040800,9.518040771484374,7.398377144393325,6.436804733589291,-0.04406327847172506
1789064048720077800,9.528077880859374,7.391872584804892,6.444181984359026,-0.055883361393958324
1789064048730114800,9.53811474609375,7.383572958493232,6.453539595291018,-0.07113433664690237
1789064048740151800,9.54815185546875,7.376357620286941,6.461590215277671,-0.08716056145550682
1789064048750188800,9.558188720703125,7.370886495399475,6.467604361000657,-0.10254763441062532
1789064048760225800,9.568225830078125,7.36535633380115,6.473624936464429,-0.11873757558069191
1789064048770262800,9.5782626953125,7.360065826177596,6.479350328373909,-0.13355562560935505
1789064048780299800,9.5882998046875,7.356826405864954,6.482660475835203,-0.15033583342330528
1789064048790336800,9.598336669921874,7.35442752802968,6.484964661124348,-0.1673671573209576
1789064048800373800,9.608373779296874,7.352025727584958,6.487326129558682,-0.18083635002393275
1789064048810410800,9.61841064453125,7.351707163155078,6.487316777208447,-0.19367040489483622
1789064048820448000,9.628447998046875,7.353828977614641,6.484498212656378,-0.20703235609736292
1789064048830485000,9.638485107421875,7.3578113252490756,6.479528607550263,-0.220673781828396
1789064048840521700,9.648521728515625,7.364102534347772,6.471912287327647,-0.23393590765194966
1789064048850558700,9.658558837890626,7.370164610865712,6.46467006111443,-0.24310035236570982
1789064048860595700,9.668595703125,7.377593299561738,6.455797018828988,-0.2533312755335122
1789064048870633000,9.678633056640624,7.38460230154097,6.447450630766153,-0.2615571790218353
1789064048880670000,9.688669921875,7.388198280206322,6.44313042947948,-0.2664110487937927
1789064048890706700,9.698706787109375,7.392733001026511,6.4377236019998785,-0.27128448178274556
1789064048900743700,9.70874365234375,7.396143686252832,6.433596877458691,-0.276171651036106
1789064048910779600,9.718779541015625,7.397519650781154,6.431889489018917,-0.27906910777697336
1789064048920817000,9.72881689453125,7.399912683397531,6.429041113850474,-0.28127690175324677
1789064048930854000,9.73885400390625,7.403411631429195,6.424802745628357,-0.2860047705253586
1789064048940891000,9.748890869140626,7.405961315912008,6.421829867297411,-0.28675113191325213
1789064048950927600,9.758927734375,7.408514507526159,6.418982661172747,-0.2845364150058478
1789064048960964900,9.76896484375,7.411615980672836,6.4155240451514715,-0.28174459233023225
1789064048971001900,9.779001953125,7.41160838188827,6.415771882432699,-0.2762583429388702
1789064048981038800,9.789038818359375,7.410473240378499,6.417223250284791,-0.2729905915808864
1789064048991075800,9.799075927734375,7.408143336126208,6.420006743523478,-0.27075609226077796
1789064049001112600,9.809112548828125,7.405263981297612,6.423382357436418,-0.26945805180687454
1789064049011149800,9.81914990234375,7.402696176636218,6.426449343791604,-0.2668657702913508
1789064049021186800,9.829186767578125,7.398978032895922,6.430996924093365,-0.26035483576105906
1789064049031223800,9.839223876953126,7.396192201569676,6.434491195949912,-0.2531011748383753
1789064049041260800,9.8492607421875,7.394815652519464,6.436382124263048,-0.24511684328727423
1789064049051297800,9.8592978515625,7.392963887172937,6.438816657933592,-0.23686514777056872
1789064049061334800,9.869334716796875,7.389915020996332,6.442628909698128,-0.2281955556353554
1789064049071371800,9.879371826171875,7.38907973921597,6.443774572601914,-0.22284555464321745
1789064049081408800,9.88940869140625,7.389964705356955,6.4428019281774755,-0.2216292011233978
1789064049091446000,9.899446044921875,7.389726220425963,6.443248502901196,-0.2165255943740718
1789064049101482800,9.909482666015625,7.389288998052478,6.444000198051333,-0.20896290403483433
1789064049111519700,9.919519775390626,7.386811794283986,6.447206300616264,-0.19732275338992475
1789064049121556700,9.929556640625,7.386870246472954,6.447504406780004,-0.18499146040938794
1789064049131593700,9.93959375,7.392676302403211,6.4410267351984976,-0.1785989098280668
1789064049141631000,9.949630859375,7.395379716143012,6.438202325427532,-0.16820402827020733
1789064049151667700,9.959667724609375,7.39601684500277,6.437655797460675,-0.160938384648785
1789064049161704700,9.96970458984375,7.399940740448236,6.433217522752285,-0.15806529516419396
1789064049171740700,9.97974072265625,7.405531107801199,6.426894164949656,-0.1534103089652024
1789064049181777700,9.989777587890625,7.410129541507363,6.421780767458677,-0.14526070384979248
1789064049191815000,9.99981494140625,7.410754979929328,6.421351728391647,-0.1316575825688429
1789064049201852000,10.009851806640626,7.409232884928584,6.423395216917991,-0.11680720117315649
1789064049211889000,10.019888916015624,7.407758136200904,6.425291990450024,-0.10544443356436677
1789064049221925600,10.029925537109374,7.406922854420542,6.426283924096822,-0.10370741717130877
1789064049231963000,10.039962890625,7.404331668883562,6.42929187374115,-0.1022581408116035
1789064049242000000,10.049999755859375,7.400949625229835,6.433248502412438,-0.09820025285608135
1789064049252036900,10.060036865234375,7.396177588522434,6.43885932803154,-0.08958386134598403
1789064049262073900,10.070073974609375,7.391413735121488,6.4444917809605595,-0.0768855799502693
1789064049272110600,10.080110595703125,7.386614225885271,6.450089747098088,-0.06822865550038404
1789064049282147800,10.09014794921875,7.382323835214972,6.455041232025623,-0.06419571932302788
1789064049292184800,10.100184814453126,7.380603002771735,6.4570134088814255,-0.06379316183754709
1789064049302221800,10.110221923828124,7.378331550708412,6.459618038421869,-0.06280827441946603
1789064049312258800,10.1202587890625,7.376998840799927,6.4611991701334714,-0.056392151166312396
1789064049322295800,10.1302958984375,7.3770350811570875,6.461216705790162,-0.049093253729259594
1789064049332332800,10.140332763671875,7.376354697677493,6.462027437651157,-0.044449597208457994
1789064049342369800,10.150369873046875,7.375113173183799,6.463444318711757,-0.0444817778784316
1789064049352406800,10.16040673828125,7.374227037999034,6.464407026264071,-0.05100449874463957
1789064049362444000,10.170444091796876,7.371489721989631,6.467491548275947,-0.05538899743917863
1789064049372480800,10.180480712890626,7.367230310979485,6.472341910916566,-0.05568574276289437
1789064049382517800,10.190517822265624,7.363934192043542,6.4760968795359135,-0.055032420820160764
1789064049392554800,10.2005546875,7.361152452370524,6.47927200244069,-0.053470226704468944
1789064049402591700,10.210591796875,7.3592936727613205,6.481345301583409,-0.05781890516695566
1789064049412627700,10.220627685546875,7.359584764662385,6.48095133382976,-0.0646047841811087
1789064049422665000,10.2306650390625,7.3594082390516995,6.481064731076359,-0.07275303758964874
1789064049432702000,10.240701904296875,7.359258601447939,6.481167606928945,-0.07854359455667435
1789064049442738700,10.25073876953125,7.36004010721445,6.480258675390481,-0.08032322624875232
1789064049452775700,10.260775634765626,7.36358464795351,6.4762102767825125,-0.08190208380487747
1789064049462813000,10.27081298828125,7.369405316931009,6.469520423755049,-0.08694576792735606
1789064049472850000,10.280849853515624,7.373553668782114,6.464698118165135,-0.09364354853294789
1789064049482887000,10.290886962890625,7.375630475056171,6.462210977524519,-0.10142944403565488
1789064049492923600,10.300923583984375,7.377465289267898,6.4599944705188275,-0.10890772576075979
1789064049502961000,10.3109609375,7.378591662949323,6.4585314122289414,-0.11893587463176808
1789064049512998000,10.320997802734375,7.377501529625058,6.459657785910368,-0.12522993327467702
1789064049523035000,10.331034912109375,7.373569450873136,6.464082032093406,-0.12845180879747495
1789064049533072000,10.34107177734375,7.367720724844932,6.4706339379549025,-0.13405975747290066
1789064049543108600,10.351108642578126,7.360588973268866,6.4786144153147935,-0.14023805338218806
1789064049553145900,10.361145751953124,7.355454532989859,6.484232255196571,-0.1496761730713304
1789064049563182800,10.371182861328125,7.350488435015082,6.489612779191136,-0.16007911920463666
1789064049573219800,10.3812197265625,7.3443322504729025,6.496294448912144,-0.17122255410747603
1789064049583256800,10.3912568359375,7.337154906189442,6.504097231617569,-0.18236538622211665
1789064049593293800,10.4012939453125,7.3320029302537435,6.509561926764249,-0.1942254266954027
1789064049603330800,10.411330810546875,7.3279533626019955,6.513726060706377,-0.2070193139526993
1789064049613367800,10.421367919921876,7.325058225682377,6.516792462539672,-0.2128838220719248
1789064049623404800,10.43140478515625,7.32596598817706,6.515620496150851,-0.21749785520602016
1789064049633442000,10.441442138671874,7.33089058509767,6.5098261306583876,-0.2249254113908857
1789064049643478800,10.451478759765624,7.3385916609942905,6.50053515522182,-0.24186997032053767
1789064049653515800,10.461515869140625,7.344736739620566,6.492785564008355,-0.2626129716850817
1789064049663551700,10.4715517578125,7.3493965481251475,6.486734008884429,-0.2811406350877136
1789064049673588700,10.481588623046875,7.354615159556269,6.480082734301686,-0.29755961750699206
1789064049683625700,10.491625732421875,7.357730076706409,6.476168775728344,-0.30566397697487846
1789064049693663000,10.5016630859375,7.356790165507793,6.477189935469627,-0.3066362743394449
1789064049703699700,10.51169970703125,7.351962014698982,6.482335481664538,-0.31364264597017316
1789064049713736200,10.521736083984376,7.3466791058599945,6.4876406023353335,-0.32744160035047676
1789064049723773200,10.531773193359374,7.340657945874333,6.493208757856488,-0.35123525798991323
1789064049733810400,10.541810546875,7.331886610397696,6.502077708488702,-0.3698711310073733
1789064049743847400,10.551847412109375,7.326568630245328,6.507300411573052,-0.38315968818012625
1789064049753884400,10.561884521484375,7.325525843194127,6.507926434516906,-0.39235874754954125
1789064049763921200,10.571921142578125,7.325923318079114,6.507166556060314,-0.3975126962466165
1789064049773958100,10.581958251953125,7.328062083673477,6.504179649204016,-0.406863000654988
1789064049783995400,10.591995361328125,7.330687756001949,6.500295501247048,-0.4213802228398621
1789064049794032400,10.602032470703126,7.335272745704651,6.493932980477809,-0.4393129525566473
1789064049804069400,10.6120693359375,7.341313194912671,6.485933213895559,-0.45626518333610144
1789064049814106000,10.622106201171874,7.346701317691802,6.479019488984346,-0.4676298597741872
1789064049824143400,10.632143310546875,7.3532041237145656,6.471273989424109,-0.4726335498129949
1789064049834180400,10.642180419921875,7.35662825294435,6.467220330119132,-0.4748357360323891
1789064049844217300,10.65221728515625,7.358095402887463,6.464941279271245,-0.4830658773044124
1789064049854254300,10.66225439453125,7.356901809188723,6.465707587468624,-0.4909244818503037
1789064049864291300,10.672291259765625,7.354136436128616,6.468055611899495,-0.5013194364733994
1789064049874328300,10.682328369140626,7.348816702410578,6.473477052426338,-0.5092862506341189
1789064049884365300,10.692365234375,7.341599026116729,6.48143590247631,-0.5121584450695663
1789064049894402300,10.70240234375,7.336116795313358,6.487358862784505,-0.5157065660052002
1789064049904438300,10.712438232421874,7.330310154861212,6.493508617585897,-0.5208486416013911
1789064049914475300,10.722475341796875,7.3254083542943,6.498764053896069,-0.5242568426096812
1789064049924512500,10.732512451171875,7.323899118775129,6.500389024749398,-0.5251903240675106
1789064049934549200,10.74254931640625,7.327722476455569,6.495763703036308,-0.5290756776008755
1789064049944586200,10.752586181640625,7.336437697830796,6.485677193307876,-0.5320276958068832
1789064049954623200,10.762623291015625,7.3452096178293225,6.475753765186667,-0.5318833554327488
1789064049964660500,10.772660400390626,7.351658647838234,6.468476467660069,-0.5313324800843373
1789064049974697500,10.782697509765624,7.357787944373488,6.461441746717691,-0.532083079255931
1789064049984734200,10.792734130859374,7.363889183858037,6.454409948384761,-0.5330195563884451
1789064049994771200,10.802771240234375,7.367306883347034,6.4507379818737505,-0.5302355516931042
1789064050004808400,10.812808349609375,7.367356567707658,6.451039595168829,-0.5258591632397845
1789064050014845400,10.822845458984375,7.366728206676244,6.452125636839866,-0.5213237848324701
1789064050024882400,10.83288232421875,7.3672449240267275,6.451532347121835,-0.5213623632771894
1789064050034919200,10.842919189453125,7.367561150369048,6.451087525963783,-0.5223954326519742
1789064050044956200,10.8529560546875,7.366707748410105,6.452245463827252,-0.5201262456109746
1789064050054993400,10.862993408203126,7.363747729560733,6.4559858193993565,-0.5156109601436183
1789064050065030400,10.873030517578124,7.361319041109085,6.459486520996689,-0.5063618145547807
1789064050075067400,10.8830673828125,7.361129656016826,6.460387269228696,-0.49755314274244006
1789064050085104000,10.893104248046875,7.361282216230034,6.460687713479995,-0.4913420862078666
1789064050095141400,10.903141357421875,7.360000359725952,6.462402700704335,-0.48799515040013935
1789064050105178400,10.913178466796875,7.356772045329213,6.466484417060017,-0.4825616541093215
1789064050115215400,10.92321533203125,7.353973939043283,6.470151122874021,-0.4760273935023695
1789064050125252400,10.93325244140625,7.352856333190203,6.471948527684807,-0.4687947023024782
1789064050135288300,10.943288330078126,7.351572723120451,6.474038193440437,-0.45999300822019573
1789064050145325300,10.9533251953125,7.348920162785053,6.477670996984839,-0.45115675428118557
1789064050155362300,10.9633623046875,7.346219087132811,6.480929121997952,-0.44834765167720614
1789064050165399300,10.9733994140625,7.34308838789165,6.48464317408502,-0.4459194746822118
1789064050175436300,10.983436279296875,7.341798932603001,6.486344132784009,-0.4423998491887003
1789064050185473300,10.993473388671875,7.34236065813899,6.48608109793365,-0.43690559915397315
1789064050195510300,11.00351025390625,7.340466222694515,6.4889037541389465,-0.4266911887295544
1789064050205547300,11.01354736328125,7.337500943148136,6.492972611013054,-0.4156561461046338
1789064050215584300,11.023584228515626,7.335660868239402,6.4955000836640595,-0.40859241826348003
1789064050225621200,11.033621337890626,7.33564625519216,6.49566667240262,-0.4062023082565516
1789064050235658500,11.043658447265624,7.336862060722709,6.4943082435309885,-0.4059469452559948
1789064050245695200,11.0536953125,7.33572107399404,6.495969454741478,-0.3999588838223368
1789064050255732200,11.063732177734375,7.335633980232477,6.496666789355873,-0.3901047215450555
1789064050265769200,11.073769287109375,7.33829472387433,6.494291876918077,-0.3794472435282543
1789064050275806500,11.083806396484375,7.3426996808350085,6.489833143943548,-0.3704181338982656
1789064050285843500,11.093843505859375,7.349016608896851,6.483202327626943,-0.36114224643297493
1789064050295880200,11.103880126953126,7.3533835719347,6.4784156778723,-0.35812804971095175
1789064050305917200,11.113917236328126,7.356388014447688,6.475257506102323,-0.3535336711253971
1789064050315954200,11.1239541015625,7.358883338394761,6.472845768785477,-0.3456835056142881
1789064050325991400,11.133991455078124,7.36076725244522,6.471074082937836,-0.33866062124017626
1789064050336028400,11.1440283203125,7.359277890670299,6.47334202786982,-0.3275011485179886
1789064050346065400,11.1540654296875,7.354828510046005,6.479006044980883,-0.3152226451706141
1789064050356102100,11.16410205078125,7.349971717664599,6.484947125467658,-0.3062080389900133
1789064050366139400,11.174139404296875,7.345583711838722,6.490118975147604,-0.3019109811169095
1789064050376175400,11.18417529296875,7.342687405875325,6.493405741733312,-0.30168358383551236
1789064050386212400,11.19421240234375,7.332267134147882,6.505568473213911,-0.292958863979578
1789064050396249300,11.204249267578126,7.319935475841164,6.519991550841927,-0.2804317378996871
1789064050406286300,11.214286376953124,7.311673843452334,6.5295706955701105,-0.272981440160051
1789064050416323300,11.2243232421875,7.301034960538148,6.541625290501117,-0.26908826864641155
1789064050426360300,11.2343603515625,7.29017746643722,6.553999034383892,-0.26228319174144415
1789064050436397300,11.244397216796875,7.276683194091915,6.569366699385642,-0.25235676794555034
1789064050446434300,11.254434326171875,7.265366850307584,6.582154284766316,-0.24510595656707881
1789064050456471300,11.26447119140625,7.260451605737209,6.587640607222914,-0.24334327600980177
1789064050466508300,11.27450830078125,7.259209496721625,6.589032938364148,-0.24271630321787668
1789064050476545300,11.284545166015626,7.2637091462284324,6.584127046144008,-0.24122204607212916
1789064050486582300,11.294582275390624,7.269086747613549,6.578481149211526,-0.23313980710450558
1789064050496619300,11.304619384765624,7.275074589851498,6.5722074757695195,-0.22307138102203605
1789064050506656500,11.314656494140625,7.287139706176519,6.559065670123696,-0.21595239759599788
1789064050516693200,11.324693359375,7.297885556596517,6.547163635405898,-0.2142525348755531
1789064050526730200,11.334730224609375,7.305072253230214,6.539247455453872,-0.211065082212165
1789064050536767200,11.344767333984375,7.311788994264602,6.531701277858018,-0.21213081174753606
1789064050546804500,11.354804443359376,7.319344524210691,6.523067305025458,-0.21718667036499828
1789064050556841500,11.364841552734376,7.32583797788322,6.515767211145162,-0.21739810289228334
1789064050566878200,11.374878173828124,7.333186002558469,6.507595595127344,-0.21440626413254066
1789064050576915200,11.384915283203124,7.344783501371741,6.49451048810482,-0.21418958917455747
1789064050586952200,11.3949521484375,7.351299751397967,6.48725540241003,-0.21047800303921102
1789064050596988200,11.40498828125,7.350549809813499,6.488382360613346,-0.20174977605193853
1789064050607025400,11.415025390625,7.350525259894132,6.488326831033826,-0.20438808866627514
1789064050617062400,11.4250625,7.347009360727667,6.492006396329402,-0.21375238506738095
1789064050627099400,11.435099365234375,7.337563486990332,6.502411470487713,-0.22178196226600555
1789064050637136100,11.44513623046875,7.324032389765978,6.5175616933465,-0.22434169321879743
1789064050647173400,11.45517333984375,7.31048784853816,6.5327656922191375,-0.22388026798581703
1789064050657210400,11.46521044921875,7.298596335214376,6.546010373717546,-0.22499164502751082
1789064050667247400,11.475247314453124,7.288729021194577,6.556907615306973,-0.2275643450597301
1789064050677284400,11.485284423828125,7.283398181560635,6.562611379906535,-0.23373899684036148
1789064050687321300,11.4953212890625,7.282761052700876,6.563026390448212,-0.24178384467335418
1789064050697358300,11.5053583984375,7.287913613158464,6.5569514544487,-0.2511641606274992
1789064050707395800,11.515395751953125,7.296340080720186,6.5472355315983295,-0.259826300108619
1789064050717432800,11.525432861328126,7.306675596773624,6.53537265984714,-0.267931207565777
1789064050727469600,11.535469482421876,7.316487965735793,6.52395753186345,-0.27814464987581594
1789064050737506600,11.545506591796874,7.324839029973745,6.514013645476102,-0.29110289738196876
1789064050747543800,11.555543701171874,7.3298495516121385,6.507860383543372,-0.30239275501817464
1789064050757580800,11.565580810546875,7.331141344988346,6.5058607341587535,-0.3138825556732714
1789064050767617800,11.57561767578125,7.333723178175092,6.502399780049919,-0.3250813009599224
1789064050777654500,11.585654541015625,7.335695355030894,6.499532115659117,-0.3376934567084536
1789064050787691800,11.59569189453125,7.333155607420205,6.501865527042746,-0.3477904878308996
1789064050797728800,11.605728759765626,7.327908354416489,6.507209810680151,-0.3582640971807763
1789064050807765800,11.615765869140626,7.3243813493341206,6.510370320537686,-0.3726881611894816
1789064050817801700,11.6258017578125,7.324029467156529,6.509879906672239,-0.3878627878371626
1789064050827838700,11.635838623046874,7.324230542686581,6.508658840444683,-0.40421964653935283
1789064050837876000,11.6458759765625,7.323854110589623,6.508353720018267,-0.4157759730920195
1789064050847912700,11.65591259765625,7.324726801770925,6.506610675743222,-0.4275206983562559
1789064050857949700,11.66594970703125,7.32893243676722,6.50116819242835,-0.43812239106521006
1789064050867986700,11.675986572265625,7.338142748183012,6.489777614364027,-0.45257845764737575
1789064050878023700,11.686023681640625,7.34603554725945,6.480122481790184,-0.4627692314678803
1789064050888061000,11.69606103515625,7.357285255548358,6.466466881403327,-0.47491303905230015
1789064050898097700,11.70609765625,7.366946817862987,6.454328699842095,-0.49001704814918334
1789064050908134700,11.716134765625,7.370918644103408,6.449103074148297,-0.4990161279670894
1789064050918171600,11.726171630859374,7.374073308742046,6.444390658673644,-0.5130877618089318
1789064050928209000,11.736208984375,7.3726073278427116,6.445052921974659,-0.5256714221153408
1789064050938246000,11.746245849609375,7.369373752748966,6.447872071048617,-0.5363385447433218
1789064050948282600,11.75628271484375,7.365078685903549,6.45204555734098,-0.5450688175572083
1789064050958319600,11.766319580078125,7.358053901833295,6.459623883640766,-0.550176515959762
1789064050968356900,11.77635693359375,7.349191380941868,6.469270832908153,-0.5552555727897212
1789064050978393900,11.786393798828126,7.339158062705398,6.479902701559663,-0.5639226076416671
1789064050988430800,11.796430908203124,7.329644968950748,6.489428654795884,-0.5779370314035565
1789064050998467600,11.806467529296874,7.3220344939470285,6.496502538704871,-0.5946888442400843
1789064051008504600,11.816504638671875,7.315219553235173,6.5029153283566234,-0.6083088983895256
1789064051018541800,11.826541748046875,7.309464935231208,6.508830105358362,-0.6142009886354207
1789064051028578800,11.836578857421875,7.308162620460987,6.510335249224305,-0.613748422562331
1789064051038615800,11.84661572265625,7.3139482181251045,6.50310646701455,-0.6214098240356892
1789064051048651800,11.85665185546875,7.322662854978442,6.492294565621018,-0.631738983413577
1789064051058688800,11.866688720703126,7.3295783334553235,6.483081916117667,-0.645997956521064
1789064051068725800,11.876725830078126,7.339764796426892,6.47039662206769,-0.6574227291159331
1789064051078762800,11.8867626953125,7.353872816756367,6.453599216523767,-0.6648201458908617
1789064051088799700,11.8967998046875,7.368519766268133,6.436698935127258,-0.6664885174944997
1789064051098836700,11.906836669921875,7.3824547681182615,6.420733888754248,-0.6662773589618504
1789064051108873700,11.916873779296875,7.392001764142512,6.409687594082951,-0.6667796824607998
1789064051118910700,11.92691064453125,7.396694890394806,6.404242188158631,-0.6670628102511167
1789064051128947700,11.93694775390625,7.39692986819446,6.403581093901395,-0.6707884066455065
1789064051138984700,11.946984619140625,7.390752640864252,6.410345181208848,-0.6742639007363468
1789064051149021700,11.957021728515626,7.381082310721278,6.421204428875446,-0.6768561091866344
1789064051159058700,11.96705859375,7.369498840433359,6.434545556485652,-0.6763792123898863
1789064051169095700,11.977095703125,7.357251937800646,6.449138145461678,-0.6707020435363054
1789064051179132700,11.987132568359375,7.345870712086558,6.463025216516852,-0.6617163346566259
1789064051189169700,11.997169677734375,7.336822897756099,6.473961036550999,-0.6551667668826878
1789064051199207000,12.00720703125,7.330833301952481,6.481092203605175,-0.6516951452493667
1789064051209243600,12.01724365234375,7.328548990407586,6.483906676504016,-0.6493875989593565
1789064051219280600,12.02728076171875,7.330390818881988,6.482105764561891,-0.6465744412347674
1789064051229317600,12.037317626953126,7.335846161678433,6.476519488862157,-0.6406552803188562
1789064051239355000,12.04735498046875,7.342258366808295,6.4702826402992,-0.6301380510229617
1789064051249391900,12.057391845703124,7.3479691456705325,6.4650067457228895,-0.6175969877492636
1789064051259428900,12.067428955078125,7.352920630598068,6.460434030979871,-0.6064100059656425
1789064051269464800,12.07746484375,7.35649790456295,6.457081797942519,-0.598684745475836
1789064051279501600,12.08750146484375,7.357164844039082,6.457036789757013,-0.5909190433777869
1789064051289538600,12.09753857421875,7.35756114988029,6.45732262096107,-0.5828059891467914
1789064051299575800,12.107575927734375,7.355708800011873,6.460221265012025,-0.573996696279943
1789064051309612800,12.11761279296875,7.354960027471185,6.462000549644231,-0.563467886144109
1789064051319649800,12.12764990234375,7.3551914981395,6.462759843578934,-0.5516136726234108
1789064051329686500,12.1376865234375,7.355686003658175,6.4634454877555365,-0.5367810643464327
1789064051339723800,12.147723876953124,7.358743053141236,6.460809294033051,-0.5265230339759961
1789064051349760800,12.1577607421875,7.3620543696463105,6.457718926802277,-0.5180797979425639
1789064051359797800,12.1677978515625,7.363164376714825,6.457164215528965,-0.5091319368552416
1789064051369834800,12.177834716796875,7.363281281092762,6.4579048047631975,-0.49792847886085506
1789064051379871700,12.187871826171875,7.366262342730164,6.455080979514122,-0.4903977180298418
1789064051389908700,12.19790869140625,7.368285957512259,6.453313385319709,-0.4832201180180534
1789064051399945700,12.20794580078125,7.369161571303009,6.452786731097102,-0.47685189816039053
1789064051409982700,12.217982666015626,7.36843325702846,6.454213549029827,-0.46872459620833395
1789064051420019700,12.228019775390624,7.368063839194178,6.455064612901211,-0.46277792623098934
1789064051430056700,12.238056640625,7.368622642120719,6.454680582019686,-0.45921811485756187
1789064051440093700,12.24809375,7.3676307084739205,6.456020890712738,-0.45628823541812596
1789064051450130700,12.258130615234375,7.366629422476887,6.457421405160427,-0.45261922804918137
1789064051460167700,12.268167724609375,7.364902744814753,6.459397089147568,-0.4525343262447044
1789064051470205000,12.278204833984375,7.362285840314626,6.462260077363252,-0.4542340063020587
1789064051480241700,12.28824169921875,7.359913850486278,6.464919067439436,-0.45482327743209894
1789064051490278000,12.29827783203125,7.358975692853331,6.465821569237113,-0.457168890710175
1789064051500314600,12.308314697265626,7.355767836722731,6.469380723023415,-0.45845308530181644
1789064051510351600,12.3183515625,7.351548173201084,6.474179647737741,-0.45839909009225666
1789064051520388900,12.328388916015625,7.348686354029178,6.477490964242816,-0.45749381181560456
1789064051530425900,12.33842578125,7.34683809581399,6.479473662492633,-0.45910205072984095
1789064051540462800,12.348462890625,7.346461079195142,6.479719746208191,-0.46165937052983785
1789064051550499600,12.35849951171875,7.343624394464492,6.4827785492569205,-0.46384566506035624
1789064051560536600,12.36853662109375,7.339565474462509,6.48710634932816,-0.46755876729935403
1789064051570573800,12.37857373046875,7.336395612254738,6.490148785763979,-0.47502888398431237
1789064051580610800,12.38861083984375,7.332951609280705,6.493445489221811,-0.48309605324696747
1789064051590647800,12.398647705078124,7.329898651450872,6.496478573307394,-0.48861211325470355
1789064051600684500,12.4086845703125,7.3266849501013755,6.4998004112064836,-0.4926191934715956
1789064051610721800,12.4187216796875,7.325317753401398,6.501340626385808,-0.4926104256432503
1789064051620758800,12.4287587890625,7.329661920085549,6.496158255311847,-0.49635951251108196
1789064051630795800,12.438795654296875,7.333177234730124,6.491724656778573,-0.5024061357315629
1789064051640832800,12.448832763671875,7.33514239732325,6.489178479427099,-0.5065898511569946
1789064051650869800,12.458869873046876,7.338254976385832,6.485106699943542,-0.5135947614829987
1789064051660906800,12.46890673828125,7.341458740863204,6.48110038691163,-0.5183586514165625
1789064051670943700,12.47894384765625,7.344310623162984,6.477773872837424,-0.5195569578230381
1789064051680980700,12.488980712890625,7.346349435514211,6.47543110910356,-0.5199269967118277
1789064051691017700,12.499017822265625,7.34748983772099,6.474022995871305,-0.5213461062621325
1789064051701054700,12.5090546875,7.346085231620073,6.475629262024164,-0.521192742331326
1789064051711090400,12.51909033203125,7.344640293508768,6.477293395844102,-0.5208785618156194
1789064051721127200,12.529127197265625,7.343412213018536,6.478539011991024,-0.5226876570641994
1789064051731164200,12.5391640625,7.340628719779849,6.481850913017988,-0.520744267911464
1789064051741201400,12.549201416015626,7.338361359369754,6.48479222716689,-0.5160487305063755
1789064051751238400,12.55923828125,7.335541625773907,6.4884402282804245,-0.5102514058718457
1789064051761275400,12.569275390625,7.332596804493665,6.492254818132519,-0.5040132786672562
1789064051771312000,12.57931201171875,7.330511814913153,6.495082735034823,-0.4978728031508624
1789064051781349400,12.589349365234375,7.327633044606447,6.499039948228001,-0.4885327278755605
1789064051791386400,12.599386474609375,7.32462392591834,6.503198821473121,-0.4782009381491691
1789064051801423400,12.60942333984375,7.321244220352172,6.507941047564149,-0.46526473807804286
1789064051811460400,12.61946044921875,7.3198378606855865,6.510328234961628,-0.45385713581368325
1789064051821497000,12.6294970703125,7.319839614251255,6.510949581730365,-0.4448273685965687
1789064051831534300,12.639534423828126,7.3178411339104175,6.513808478292822,-0.4357637356424704
1789064051841571300,12.6495712890625,7.315690093356371,6.516961973887682,-0.42458800590522583
1789064051851608300,12.6596083984375,7.316779642158746,6.51655456213057,-0.41186796933542935
1789064051861645300,12.669645263671875,7.320837393116951,6.5128697361379855,-0.39781672069448976
1789064051871682300,12.679682373046875,7.324077982473373,6.510071045330166,-0.3837162626169622
1789064051881719300,12.68971923828125,7.3261904445827,6.508413925772905,-0.3713142424877733
1789064051891756300,12.69975634765625,7.32895114146769,6.505857227027416,-0.36150570945050564
1789064051901793300,12.709793212890625,7.332779175323248,6.502051989525556,-0.3522169990362599
1789064051911830500,12.71983056640625,7.336682612502575,6.498275978118181,-0.3404197033345699
1789064051921867300,12.7298671875,7.3363248851060865,6.4995508203595875,-0.3233617106257006
1789064051931904300,12.739904296875,7.333928929880261,6.5030515219569205,-0.3069150547482073
1789064051941940200,12.749940185546874,7.3317965940266845,6.506134290403128,-0.2921593658986501
1789064051951977200,12.759977294921875,7.331514854475856,6.506825195276737,-0.28373724571848286
1789064051962014200,12.77001416015625,7.333181910905242,6.505273874181508,-0.27611228553168476
1789064051972051500,12.780051513671875,7.333588153618574,6.50525224687159,-0.2656521932505071
1789064051982088400,12.79008837890625,7.335588387525081,6.503482314589619,-0.25346869297651575
1789064051992125200,12.800125244140625,7.3406456709146495,6.498346705266833,-0.23832168498812242
1789064052002162200,12.810162109375,7.346665661856532,6.492092905569076,-0.22274466981831936
1789064052012199400,12.820199462890624,7.352274733909964,6.486222552230954,-0.20822499994803217
1789064052022236400,12.830236328125,7.3576242782443755,6.480459166398644,-0.19850379813434554
1789064052032273400,12.8402734375,7.363069684168696,6.4744058577090495,-0.19404422490959986
1789064052042310100,12.85031005859375,7.364589441081881,6.472904805496334,-0.18629724577832965
1789064052052347400,12.860347412109375,7.363442024612426,6.474488859817385,-0.176341066164989
1789064052062384400,12.87038427734375,7.3583426556468,6.480664333581924,-0.16174054961083456
1789064052072421400,12.88042138671875,7.350746793690323,6.48962446962893,-0.1472594307858031
1789064052082458400,12.890458251953126,7.34248983747661,6.4991650359123945,-0.13811892407005652
1789064052092495000,12.9004951171875,7.331455817764997,6.511736932715773,-0.13200042292345315
1789064052102532400,12.910532470703124,7.3203078162848945,6.524360267445445,-0.127301213990245
1789064052112569300,12.9205693359375,7.314763626161217,6.530632187321782,-0.12438105222722515
1789064052122606300,12.9306064453125,7.313813193568587,6.531764990743994,-0.12071683063125237
1789064052132643300,12.940643310546875,7.316213824969529,6.529229334786534,-0.11212303454545326
1789064052142680300,12.950680419921875,7.322075995001196,6.522773875036835,-0.1048956497083418
1789064052152716300,12.96071630859375,7.3312044733524315,6.512595010849833,-0.0996920166506432
1789064052162753300,12.970753173828125,7.344600546020269,6.497534219840168,-0.09628714011060073
1789064052172790300,12.980790283203126,7.3587816315859556,6.481392063334584,-0.10139746886165812
1789064052182827300,12.9908271484375,7.36662591534555,6.472462906947731,-0.10214373891800642
1789064052192864500,13.000864501953124,7.371724699789286,6.466652759364247,-0.1022409796142485
1789064052202901200,13.0109013671875,7.378172560754418,6.459267325288057,-0.10407416812446899
1789064052212938200,13.020938232421875,7.379782334038615,6.457484533524513,-0.10043300774367525
1789064052222975200,13.030975341796875,7.376959677833319,6.460741489493847,-0.0982905888875015
1789064052233012200,13.04101220703125,7.369293088728189,6.469526268973946,-0.09555536437048576
1789064052243049500,13.051049560546875,7.359566644483804,6.480600620695948,-0.09471932453829794
1789064052253086200,13.061086181640626,7.349193719029426,6.4922770299643275,-0.10036544979964382
1789064052263123200,13.071123291015626,7.338062668684125,6.504810932844877,-0.10327120857797563
1789064052273160200,13.08116015625,7.328439100292324,6.515626925891637,-0.10475377528592944
1789064052283197400,13.091197509765625,7.320914550006389,6.524082035025954,-0.10465676291855051
1789064052293234400,13.101234375,7.316380413708091,6.529181403991579,-0.10373372065634466
1789064052303271200,13.111271240234375,7.314789345124363,6.530949582707882,-0.10462197473295963
1789064052313308200,13.12130810546875,7.31697721055746,6.528482315811514,-0.10557608798686414
1789064052323345400,13.131345458984375,7.320675480553508,6.524309414041042,-0.10711458613313733
1789064052333382400,13.14138232421875,7.3241153918743125,6.520443386262655,-0.10742460193037986
1789064052343419400,13.15141943359375,7.332381700438261,6.5111301989942785,-0.10834764419258572
1789064052353456400,13.161456298828124,7.3406994469285,6.501742777445912,-0.10888913979129865
1789064052363493000,13.1714931640625,7.347417357006669,6.494144577401876,-0.10921974171884358
1789064052373530400,13.1815302734375,7.350792386397719,6.490338755378127,-0.10831414378178306
1789064052383566300,13.19156640625,7.351344759583473,6.489705718171596,-0.10882015707516111
1789064052393603300,13.201603271484375,7.350456286311149,6.490680116161704,-0.11066111789988353
1789064052403640300,13.211640380859375,7.346738142570853,6.494799241918325,-0.11578105472950265
1789064052413677300,13.22167724609375,7.339508775839209,6.502934033057093,-0.11764832817241548
1789064052423714300,13.23171435546875,7.32992086328268,6.513775745067,-0.11562364481124095
1789064052433751300,13.241751220703126,7.324276719915867,6.520144111055135,-0.11438341722548939
1789064052443788300,13.251788330078124,7.322872698336839,6.52170303093493,-0.11535657310658134
1789064052453825300,13.2618251953125,7.320873048952222,6.523937658119201,-0.11591815251209772
1789064052463862500,13.271862548828125,7.320873633474111,6.523914277243613,-0.11720144292144104
1789064052473899300,13.281899169921875,7.327395728719234,6.5164791588068,-0.12309075668836011
1789064052483936300,13.291936279296875,7.336808284708857,6.505787668922543,-0.12790720792622304
1789064052493973200,13.30197314453125,7.34512077050209,6.496441748428344,-0.12581288426178508
1789064052504010200,13.31201025390625,7.353651867482066,6.486784862288832,-0.1257383851203136
1789064052514047500,13.322047607421876,7.359037067651748,6.480683038282394,-0.12527643929752522
1789064052524084200,13.332084228515624,7.363511582717299,6.475496575555205,-0.13048715968313626
1789064052534121200,13.342121337890624,7.365429983559251,6.473112895289063,-0.1401482014079578
1789064052544158200,13.352158203125,7.362799050533771,6.47589814209342,-0.14939587655891665
1789064052554195500,13.362195556640625,7.35647861534059,6.482976702177524,-0.1536691242981702
1789064052564232400,13.372232421875,7.34692928122878,6.493841795063019,-0.15176830477868206
1789064052574269200,13.382269287109375,7.339001995360851,6.5027943323254584,-0.15199301691264844
1789064052584306200,13.39230615234375,7.3301131709843865,6.512640603557228,-0.15917581368936226
1789064052594343400,13.402343505859376,7.321552847909927,6.522043807196617,-0.16792407881766558
1789064052604379400,13.41237939453125,7.313787474605441,6.530488979458808,-0.17776916273934765
1789064052614416400,13.42241650390625,7.308718500778078,6.535967118608951,-0.1847897455585189
1789064052624453400,13.432453369140624,7.30727999240756,6.537383415147662,-0.19147238339390604
1789064052634490400,13.442490478515625,7.3069801326781505,6.5375511729300015,-0.19711163138989357
1789064052644527000,13.452527099609375,7.309427525830269,6.534668895491957,-0.2018893306531012
1789064052654564400,13.462564453125,7.316393857711553,6.52647565216422,-0.2141988136606291
1789064052664601300,13.472601318359375,7.326178169623017,6.514950049543381,-0.23004216988272963
1789064052674638300,13.482638427734376,7.33505004286468,6.504559003910422,-0.24112289654659105
1789064052684675300,13.49267529296875,7.341590842810272,6.496727579632401,-0.252901103955321
1789064052694712300,13.50271240234375,7.346988317939639,6.490256337791681,-0.26215781179610637
1789064052704749300,13.512749267578124,7.3522706422567365,6.483825427961349,-0.27296739336838943
1789064052714786600,13.52278662109375,7.354112470731139,6.481299124354123,-0.28315740000391376
1789064052724823600,13.532823486328125,7.352475224918127,6.482620728346705,-0.29515639229016377
1789064052734860500,13.542860595703125,7.348480017802119,6.486653929385542,-0.30585604721456766
1789064052744897300,13.552897216796875,7.34340402971208,6.4920262700736515,-0.3136828683827072
1789064052754934500,13.5629345703125,7.3388985349863765,6.49667380361855,-0.322779599888809
1789064052764971500,13.572971435546876,7.334414667570591,6.501228982704878,-0.33282186861671503
1789064052775008500,13.583008544921874,7.330683079826831,6.504855356508493,-0.34398053762130437
1789064052785045500,13.59304541015625,7.3277879429072135,6.507455894395709,-0.3562706948738545
1789064052795082200,13.603082275390625,7.32775813229084,6.506938592523336,-0.3661795830130577
1789064052805119500,13.613119384765625,7.332752871838212,6.50053457069993,-0.37970275265928355
1789064052815156500,13.623156494140625,7.338204707503318,6.493846471238136,-0.3887087371420115
1789064052825192400,13.6331923828125,7.344028299090266,6.4865568987518545,-0.4002627621397376
1789064052835229400,13.6432294921875,7.349539171466231,6.479503473109006,-0.4131420809244737
1789064052845266400,13.653266357421876,7.354661336785554,6.472759844067692,-0.42745658361148087
1789064052855303400,13.663303466796876,7.357749365928768,6.468330921709537,-0.4411335190473124
1789064052865340400,13.67334033203125,7.355112587684393,6.470623416560888,-0.45136659763958303
1789064052875377400,13.68337744140625,7.348437347704172,6.477641186368465,-0.4593690311029553
1789064052885414400,13.693414306640625,7.339004333448409,6.487666321298479,-0.4685967685775831
1789064052895451600,13.70345166015625,7.3248869607686995,6.502928772360086,-0.4778363791530952
1789064052905488400,13.71348828125,7.309507020807266,6.519556082034111,-0.4867032108934596
1789064052915525400,13.723525390625,7.296468091014027,6.533402821078896,-0.49657742957808076
1789064052925562400,13.733562255859376,7.286787239477038,6.543495760548114,-0.5057458015482872
1789064052935599400,13.743599365234376,7.284254506129026,6.545374998423457,-0.5177737642006949
1789064052945636600,13.75363671875,7.290019645527005,6.53811465203166,-0.5282578218793497
1789064052955673300,13.76367333984375,7.302818336823583,6.523076657375693,-0.5373125408746302
1789064052965710300,13.77371044921875,7.318588152885437,6.50471156412363,-0.5453247285470366
1789064052975747300,13.783747314453125,7.334465520974994,6.486380373141169,-0.5503317430540919
1789064052985784600,13.79378466796875,7.347287593147159,6.4715101362675425,-0.5543491620019078
1789064052995821600,13.803821533203125,7.3570192980885505,6.46028790050745,-0.5561780213968828
1789064053005858300,13.8138583984375,7.362740013822913,6.4533624851584435,-0.5608596398744732
1789064053015895300,13.823895263671876,7.362769239917397,6.452954488879442,-0.5651464138155803
1789064053025932500,13.8339326171875,7.35782067759931,6.458351379486918,-0.5679482829611748
1789064053035969500,13.843969482421874,7.350116679093241,6.467095826956629,-0.568188850251399
1789064053046005500,13.854005615234374,7.342320910650491,6.476152993637323,-0.5658149607269093
1789064053056042500,13.86404248046875,7.333922500139474,6.486314322167635,-0.5582834327109157
1789064053066079500,13.87407958984375,7.3270607976764435,6.494930174821615,-0.5481259035728872
1789064053076116200,13.8841162109375,7.319035896652936,6.504752480655908,-0.5387835267426446
1789064053086153500,13.894153564453125,7.312648241442441,6.512476937428117,-0.5321737166814505
1789064053096190500,13.9041904296875,7.309988082322477,6.515748506444692,-0.528652702948451
1789064053106227500,13.9142275390625,7.308187170380354,6.518367749032378,-0.5212108259772882
1789064053116264400,13.924264404296874,7.310079267737269,6.517182338640094,-0.5093699468621984
1789064053126301400,13.934301513671874,7.314170920965075,6.513864007872343,-0.49280784791149196
1789064053136338400,13.94433837890625,7.317347212913632,6.511716474449634,-0.4736661807963624
1789064053146375400,13.95437548828125,7.3226114170521495,6.506848576152325,-0.4589747710883617
1789064053156412400,13.964412353515625,7.327526661622524,6.502181168863177,-0.4465140065092593
1789064053166449700,13.97444970703125,7.329233465540408,6.501183974519372,-0.4328107310557738
1789064053176486400,13.984486328125,7.329867087268829,6.501636978983878,-0.4149088348686695
1789064053186523400,13.9945234375,7.329642630863189,6.503103544405103,-0.3954325655043125
1789064053196560400,14.004560302734374,7.328965169993043,6.505036558294296,-0.3757084953913465
1789064053206597400,14.014597412109374,7.328462481167912,6.506878386768698,-0.3529357417648658
1789064053216634600,14.024634521484375,7.327172441357374,6.5094987984001635,-0.3306962547648698
1789064053226671400,14.03467138671875,7.328557173714041,6.5089072622478,-0.31107575462423265
1789064053236708400,14.044708251953125,7.331155958035588,6.506842146411538,-0.29246894330447537
1789064053246745300,14.054745361328125,7.33301707573235,6.505567888692021,-0.2735462892348878
1789064053256782600,14.064782470703125,7.333275434407591,6.506085190564393,-0.2535918626984581
1789064053266818600,14.074818603515626,7.334600545531511,6.505227696952224,-0.23671476124813778
1789064053276855600,14.08485546875,7.335940854224562,6.5043491605520245,-0.21861688583120703
1789064053286892300,14.094892333984374,7.335922149524092,6.50506578438878,-0.19686291732583194
1789064053296929300,14.10492919921875,7.337236154732108,6.5040919709205625,-0.17929730388838797
1789064053306966500,14.114966552734375,7.340270407861471,6.501008617952466,-0.16643062538951633
1789064053317003500,14.12500341796875,7.343724347707629,6.497423160681128,-0.15358663364648817
1789064053327040500,14.13504052734375,7.346150113549828,6.494988627010583,-0.13996512732547706
1789064053337077500,14.145077392578125,7.34849696893692,6.492633003795147,-0.12527245724215172
1789064053347114200,14.1551142578125,7.34668728916645,6.494997979360819,-0.10758616743395104
1789064053357151500,14.1651513671875,7.3446812100410455,6.497520775836706,-0.09090350171034224
1789064053367188500,14.1751884765625,7.341827574175595,6.500891129052639,-0.07975891603003256
1789064053377225500,14.1852255859375,7.3383572677165265,6.504864124336838,-0.0751096745852381
1789064053387262500,14.195262451171875,7.334052263998985,6.509783460560441,-0.06915883532285225
1789064053397299500,14.205299560546875,7.328003631484508,6.516701861646771,-0.05781252109194174
1789064053407336400,14.21533642578125,7.324499422755837,6.520728048422932,-0.04688262847508304
1789064053417373400,14.22537353515625,7.321849200507998,6.523755871811509,-0.038920495056058275
1789064053427410400,14.235410400390625,7.31938427169919,6.52655105548799,-0.03352724172737216
1789064053437447400,14.245447509765626,7.318755326145887,6.527245467492937,-0.03566073520828504
1789064053447484400,14.255484375,7.321334236723184,6.524338640135526,-0.03826804989615921
1789064053457521400,14.265521484375,7.3281824951827526,6.51662996545434,-0.040694605756225063
1789064053467558400,14.275558349609375,7.333878076475858,6.510245232853293,-0.036428080018702895
1789064053477595400,14.285595458984375,7.340815766784548,6.502447126322984,-0.03140956687009893
1789064053487632600,14.295632568359375,7.348978030452132,6.493218694728612,-0.03190742197319632
1789064053497668600,14.305668701171875,7.355608846768736,6.485690052789449,-0.03500869419047376
1789064053507705300,14.315705322265625,7.359248664575815,6.481535271197557,-0.03927627252405509
1789064053517742300,14.325742431640625,7.359048758089542,6.481749206209182,-0.04143291170182638
1789064053527779300,14.335779296875,7.3593877807855606,6.481353484889865,-0.0430619970412692
1789064053537816600,14.345816650390624,7.360518830642103,6.480069290298223,-0.0430385841996409
1789064053547853600,14.355853515625,7.361615393707155,6.478813737279176,-0.04446216899566352
1789064053557890300,14.365890380859375,7.36002140251398,6.4806175718307495,-0.045522578468522985
1789064053567927300,14.37592724609375,7.35806383870542,6.482824726486205,-0.04754997437659185
1789064053577964500,14.385964599609375,7.357419111061096,6.48354368841052,-0.04936042133204173
1789064053588001500,14.39600146484375,7.358018830519915,6.4828574597120285,-0.04996604080868419
1789064053598038500,14.40603857421875,7.358960495284199,6.481790122741461,-0.04980440680645406
1789064053608075300,14.4160751953125,7.355019064182042,6.4862576235443345,-0.05043193672080524
1789064053618112300,14.4261123046875,7.350225400164723,6.491680817636847,-0.051477536783600224
1789064053628149500,14.4361494140625,7.347202252951264,6.49508858025372,-0.05317016604566015
1789064053638186500,14.4461865234375,7.344677702909707,6.497940462553501,-0.0535648781514028
1789064053648223500,14.456223388671875,7.338502229145169,6.504953556185961,-0.04846244501243345
1789064053658260200,14.46626025390625,7.331707746699452,6.512655216604471,-0.042060149355232716
1789064053668297500,14.47629736328125,7.325476158833503,6.519684676849842,-0.03863712523714639
1789064053678334500,14.48633447265625,7.319695237344503,6.526186898350716,-0.03646600087629631
1789064053688371500,14.496371337890626,7.31490800306797,6.5315621616482735,-0.03458885221005184
1789064053698408400,14.506408447265626,7.311795424005389,6.5350540954172605,-0.03323192117576254
1789064053708445400,14.516445556640624,7.310370359638333,6.5366609460920095,-0.030619498771219514
1789064053718482200,14.526482177734374,7.313551327762007,6.533119327962398,-0.02655152096323436
1789064053728518100,14.53651806640625,7.320463883629441,6.525390195015072,-0.021836086981010156
1789064053738555400,14.546555419921875,7.330702369049191,6.5138908958792685,-0.020271312749164643
1789064053748592400,14.55659228515625,7.340935593771934,6.502362955170869,-0.017937883099226747
1789064053758629400,14.56662939453125,7.349477796667814,6.492721851122379,-0.010940944875479908
1789064053768666400,14.576666259765625,7.359685302427411,6.4811588391005985,-0.001655485721540026
1789064053778703000,14.586703125,7.367509127920866,6.472254232633113,0.01069063365102047
1789064053788740400,14.596740234375,7.369830264344811,6.46959407351315,0.01845783701134496
1789064053798777300,14.60677734375,7.367749366417526,6.471960218122601,0.019646417749894316
1789064053808814300,14.616814453125,7.36138392303884,6.479203613379597,0.018219691148714627
1789064053818851300,14.626851318359375,7.352584530511498,6.4891954305618995,0.015200223454885416
1789064053828888300,14.636888427734375,7.343843590173125,6.499075019541382,0.01903773524155258
1789064053838925300,14.64692529296875,7.3377353364259,6.505920355391502,0.03201738058711635
1789064053848962300,14.65696240234375,7.333774031579494,6.510297839823365,0.04653401140023488
1789064053858999300,14.666999267578126,7.3310478214859955,6.513302866858243,0.05486608780992683
1789064053869036300,14.677036376953126,7.330352240437269,6.514058653661609,0.058022999204578804
1789064053879073300,14.6870732421875,7.334456753146648,6.509490030571818,0.05163142130421474
1789064053889110300,14.6971103515625,7.336421915739774,6.50730391870439,0.047882649530214254
1789064053899147300,14.707147216796875,7.338008892670273,6.505480210408568,0.052314129171636886
1789064053909184300,14.717184326171875,7.344744922927021,6.4978317414820195,0.05733746919240802
1789064053919221500,14.727221435546875,7.349458507445454,6.492448294878006,0.06295057353356387
1789064053929258200,14.73725830078125,7.350367438983917,6.491378619819879,0.06698224020244088
1789064053939295200,14.747295166015626,7.352071320292353,6.489500550988316,0.06175133554532658
1789064053949332200,14.757332275390626,7.352981420874595,6.488553041005134,0.052210129941045305
1789064053959368200,14.7673681640625,7.352694420626759,6.4889253814488645,0.04603707189587876
1789064053969405400,14.777405517578124,7.352398068028688,6.48926849579811,0.04486156640967819
1789064053979442400,14.7874423828125,7.351731128552555,6.490019021904468,0.04556649067548569
1789064053989479400,14.7974794921875,7.352824769008159,6.488779835498333,0.04573533073663711
1789064053999516200,14.80751611328125,7.35321522963047,6.488370085653663,0.040749715210637076
1789064054009553400,14.817553466796875,7.355369192793965,6.485989327996969,0.0296134064516169
1789064054019590400,14.82759033203125,7.358816702899336,6.48212563830614,0.015857138152280823
1789064054029627400,14.83762744140625,7.3631941873311995,6.477170646247267,0.0040675762345970725
1789064054039664400,14.847664306640626,7.3652978816121815,6.474779951718449,-0.000929140141260359
1789064054049701000,14.857701171875,7.367036834233999,6.472799591556191,-0.004154755619484058
1789064054059738400,14.86773828125,7.368381234580278,6.471263468030095,-0.009382748798182001
1789064054069775400,14.877775390625,7.368076114153862,6.471578525328636,-0.022547128177061674
1789064054079812400,14.887812255859375,7.3660823099881405,6.473777496677637,-0.03772353122329805
1789064054089849300,14.897849365234375,7.363622641876339,6.4764750651985405,-0.05217651536581106
1789064054099886300,14.90788623046875,7.360064657133817,6.480405390384793,-0.06463671368933283
1789064054109923300,14.91792333984375,7.355273915725946,6.485737399062514,-0.07443043731653597
1789064054119960300,14.927960205078126,7.350507724237442,6.491016216248274,-0.08442877100459299
1789064054129997300,14.937997314453124,7.344192549741268,6.497989562392235,-0.09667946389643475
1789064054140034300,14.948034423828124,7.339687639537453,6.502835833379626,-0.11177510702377184
1789064054150071300,14.9580712890625,7.3351792222023,6.507673921060562,-0.12532826994946225
1789064054160108300,14.9681083984375,7.331258833888173,6.51187312631607,-0.1361275584565941
1789064054170144300,14.978144287109375,7.329840783783793,6.513264872935414,-0.14562061407021246
1789064054180181200,14.98818115234375,7.328727854105829,6.514206537699699,-0.15890494259241966
1789064054190218200,14.99821826171875,7.3292358036279674,6.5132262944906945,-0.17483778546256942
1789064054200255500,15.00825537109375,7.333786306539177,6.507572798773646,-0.19355046830959616
1789064054210292200,15.018292236328126,7.341014504227042,6.498896740365028,-0.21030496629355475
1789064054220329200,15.0283291015625,7.349910342866182,6.488456010371446,-0.22169214682439342
1789064054230366200,15.0383662109375,7.356849202218651,6.4803323251485825,-0.22901129246503113
1789064054240403500,15.048403564453125,7.3626301237076515,6.473523814177513,-0.23569371110470963
1789064054250440400,15.0584404296875,7.37154700513482,6.4627896541953085,-0.25105954947555437
1789064054260477200,15.068477294921875,7.375787126922607,6.4572770282536744,-0.26781837657475843
1789064054270514200,15.07851416015625,7.372564073222875,6.460495405778288,-0.27870599181931466
1789064054280551200,15.08855126953125,7.362789698183536,6.471434732943773,-0.28328992207609116
1789064054290588400,15.09858837890625,7.3518568007588385,6.483651824960112,-0.287839329008758
1789064054300625400,15.10862548828125,7.342173026612401,6.494342730322479,-0.2939076160717755
1789064054310662100,15.118662109375,7.33064859303534,6.506906443819403,-0.30354687522305174
1789064054320699100,15.12869921875,7.318226333835721,6.520356877022981,-0.31447566272821276
1789064054330736400,15.138736328125,7.310459791487455,6.528707941260934,-0.3217608513003215
1789064054340773400,15.1487734375,7.308986211803555,6.530140604412555,-0.32614732275623826
1789064054350810400,15.158810302734375,7.313633160826563,6.524925500112771,-0.32634342985022813
1789064054360847400,15.168847412109375,7.322170687547326,6.515389610004425,-0.32543420605082063
1789064054370884400,15.17888427734375,7.332896079701185,6.50325727366209,-0.3265828280966729
1789064054380921300,15.18892138671875,7.344419928756356,6.490051755130291,-0.3303229644730687
1789064054390958300,15.198958251953124,7.358140411072969,6.474215303573012,-0.3357006754560396
1789064054400994300,15.208994384765624,7.371462833982705,6.458733656802773,-0.34158118486199524
1789064054411031300,15.21903125,7.3771572462320325,6.452308007669449,-0.34008199581280346
1789064054421068500,15.229068603515625,7.375766668656468,6.454031178200244,-0.33753337077591566
1789064054431105300,15.239105224609375,7.367374103364348,6.463658253723382,-0.3366107760382816
1789064054441142300,15.249142333984375,7.354424020898342,6.4783852827340365,-0.3366945818642154
1789064054451179300,15.25917919921875,7.339082074859738,6.495571395334601,-0.34031467205751686
1789064054461216300,15.26921630859375,7.321354110467434,6.515453322890401,-0.34209154553692783
1789064054471253500,15.27925341796875,7.306184013864398,6.532493305018543,-0.34145693742781874
1789064054481290200,15.289290283203124,7.29816145092845,6.541572099009156,-0.3392057244349271
1789064054491327200,15.2993271484375,7.294366150298714,6.5460156344145535,-0.3350865986783057
1789064054501364200,15.3093642578125,7.300202601367235,6.539598753109574,-0.33328897467181084
1789064054511401500,15.3194013671875,7.314704004928469,6.52334436840117,-0.3338870136301964
1789064054521438500,15.3294384765625,7.331243051797151,6.504782875794172,-0.33326464394815264
1789064054531475200,15.33947509765625,7.348213475820422,6.4857940976858135,-0.3295878551315516
1789064054541512200,15.34951220703125,7.3638143650561565,6.468412170252203,-0.32290468757320195
1789064054551549200,15.359549072265626,7.375391990125179,6.455510603103042,-0.31681093727536497
1789064054561586400,15.36958642578125,7.382728908884525,6.447177659043669,-0.31557302951086313
1789064054571623400,15.37962353515625,7.384940739715099,6.444678243443369,-0.3148878967909142
1789064054581660200,15.38966015625,7.381910578238964,6.448225122269988,-0.31333551624976097
1789064054591697200,15.399697265625,7.373056240653991,6.458649485650659,-0.3070350643986836
1789064054601734400,15.409734375,7.360361009731888,6.473525567743182,-0.2982246390206739
1789064054611771400,15.419771484375,7.344915018796921,6.49156391325891,-0.28672028011726214
1789064054621808400,15.429808349609376,7.331238960143923,6.507355941152572,-0.2786359405240975
1789064054631844400,15.43984423828125,7.320534610778093,6.519589984303712,-0.27404342510206625
1789064054641881300,15.44988134765625,7.313584645509719,6.527610209152102,-0.268629218033608
1789064054651918300,15.45991845703125,7.310956635093689,6.530887623387574,-0.26039732319591563
1789064054661955300,15.469955322265625,7.313462480434775,6.5283876232653855,-0.2526060665315017
1789064054671992300,15.479992431640625,7.3202441033989185,6.521031415283679,-0.24609209979390725
1789064054682029300,15.490029296875,7.330344641652703,6.509969923043251,-0.23816061267489566
1789064054692066300,15.50006640625,7.343323365691304,6.4956707640558475,-0.22859279305832458
1789064054702103300,15.510103271484375,7.355307817995548,6.4823711374998085,-0.22066731555499136
1789064054712140800,15.520140869140626,7.3644000559896226,6.472258908808231,-0.21417651049727573
1789064054722177800,15.530177734375,7.370350488826632,6.46569589703083,-0.207585514734406
1789064054732215000,15.540215087890624,7.370754977974295,6.465488391759991,-0.19951390675865113
1789064054742251800,15.550251708984375,7.3663675566703075,6.470773638686538,-0.1899979817260988
1789064054752288800,15.560288818359375,7.362937582221627,6.4749114691436285,-0.18182658490398898
1789064054762325800,15.57032568359375,7.358669987905025,6.480062860557436,-0.17071376433512195
1789064054772362800,15.58036279296875,7.35107061881721,6.488998446685075,-0.1582626808998175
1789064054782400000,15.59039990234375,7.344556706878542,6.496600738382339,-0.14849060741541906
1789064054792436700,15.600436767578126,7.341240129676461,6.500453906679153,-0.1438184874185361
1789064054802473700,15.6104736328125,7.341082893288135,6.500830338776111,-0.13452107310802675
1789064054812510700,15.6205107421875,7.342219203841686,6.49980625642538,-0.12135898272600024
1789064054822548000,15.6305478515625,7.347682145422697,6.493833027234673,-0.1098771644479595
1789064054832585000,15.6405849609375,7.356065358364582,6.484467232996225,-0.10178307977891526
1789064054842621700,15.65062158203125,7.365056474071741,6.474384814921021,-0.09309443588335997
1789064054852658000,15.660657958984375,7.373726102739572,6.46455783291161,-0.08964762903088704
1789064054862694700,15.670694580078125,7.377872116503119,6.459899193450808,-0.08421349341925233
1789064054872732000,15.68073193359375,7.378944714170694,6.4588113982141016,-0.0728774996529566
1789064054882769000,15.690768798828126,7.379077400639653,6.458784510207176,-0.060922460672864685
1789064054892806000,15.700805908203124,7.376188108938932,6.462157786032557,-0.05240447890278883
1789064054902843000,15.7108427734375,7.366925190553069,6.472766858330369,-0.0455994887627894
1789064054912879600,15.720879638671875,7.3549080050230025,6.486454022899269,-0.04034197922653984
1789064054922916900,15.730916748046875,7.342922383674979,6.500048248487711,-0.03525092599811032
1789064054932953900,15.740953857421875,7.333503982466459,6.5106883004456755,-0.03226199843137292
1789064054942990800,15.750990966796875,7.324903327381611,6.520374412679672,-0.02979272452429868
1789064054953027800,15.76102783203125,7.320213708260655,6.5256345251649615,-0.030799323733977507
1789064054963064800,15.77106494140625,7.318874568611383,6.527124471461772,-0.03320330015276558
1789064054973101800,15.781101806640624,7.322344875070452,6.523222203326225,-0.034969296045135705
1789064054983138800,15.791138916015624,7.331591426843405,6.51282472795248,-0.03550949245261727
1789064054993175800,15.80117578125,7.341428930246829,6.501731671530008,-0.03582034850007621
1789064055003213000,15.811213134765625,7.353403445678949,6.48817017916739,-0.03868998336896766
1789064055013249800,15.821249755859375,7.368340318048,6.471137795823812,-0.0481849112792639
1789064055023286800,15.831286865234375,7.379822666049003,6.457961503386497,-0.05775012794679496
1789064055033323800,15.84132373046875,7.386326641115546,6.450456826844811,-0.06458455881041009
1789064055043360800,15.85136083984375,7.38728817962408,6.449280184280872,-0.07172697334438562
1789064055053398000,15.86139794921875,7.385339968165755,6.451438823619484,-0.07794305311394854
1789064055063434800,15.871434814453124,7.382078920543194,6.455096761605144,-0.0838028302591294
1789064055073471700,15.8814716796875,7.376801272401213,6.461030827829242,-0.09091663518655113
1789064055083507700,15.8915078125,7.369652569690346,6.469046376502513,-0.10020335457311011
1789064055093544700,15.901544677734375,7.363021168851852,6.476378034564853,-0.11326966556361875
1789064055103582000,15.91158203125,7.35823218100965,6.481588462689518,-0.12578122874819672
1789064055113619000,15.921618896484375,7.3593217298120255,6.480002070280909,-0.14261868317471815
1789064055123655700,15.93165576171875,7.359609899103641,6.4793760473370545,-0.1556100657654926
1789064055133692700,15.941692626953126,7.359409408095479,6.479307658275961,-0.16748126695360988
1789064055143730000,15.95172998046875,7.361091662093997,6.477088228660821,-0.17902424083435906
1789064055153767000,15.961766845703124,7.363108262613415,6.474329285341501,-0.19514045918108894
1789064055163804000,15.971803955078125,7.364730310857295,6.472022761964798,-0.2099124598446302
1789064055173840600,15.981840576171875,7.362854580113291,6.473681635087728,-0.2240395136681385
1789064055183877600,15.991877685546875,7.3563622954845425,6.480383178552985,-0.2428025019302964
1789064055193915000,16.001914794921873,7.348336225417256,6.488724305918812,-0.2622823332249187
1789064055203951900,16.011951904296875,7.338155607664585,6.4993509138733145,-0.28335179006485267
1789064055213988900,16.02198876953125,7.327115742734074,6.510984068521857,-0.3014190876804292
1789064055224025600,16.032025634765624,7.319300100547075,6.518807309493422,-0.3215415459938347
1789064055234062800,16.042062744140626,7.315874217751622,6.521545210024714,-0.34323991185445335
1789064055244099800,16.052099853515625,7.317749948495626,6.518331508675217,-0.3636874374037608
1789064055254136800,16.06213671875,7.324155139362811,6.509940112426877,-0.3844617106894031
1789064055264173800,16.072173828125,7.334787592536211,6.496694846406578,-0.4052577208828181
1789064055274210800,16.0822109375,7.348488785630464,6.479855939808488,-0.4261034885020926
1789064055284247800,16.092247802734374,7.360192082905769,6.46534109224379,-0.4441995555544272
1789064055294284800,16.102284912109376,7.37078361954689,6.452050233516097,-0.461491320486553
1789064055304321800,16.11232177734375,7.380327692961693,6.439647263538837,-0.48175841143503784
1789064055314357800,16.122357666015624,7.3848448781251905,6.432831738305092,-0.5031198734914883
1789064055324394800,16.132394775390626,7.384312963205575,6.431850910574197,-0.5230624086607247
1789064055334432000,16.142431884765625,7.382326757824421,6.432378733840585,-0.5441888929175213
1789064055344468700,16.15246875,7.378619720000028,6.434839570996165,-0.5649716052379459
1789064055354505700,16.162505615234377,7.371502581471204,6.441424794605374,-0.5825572385501117
1789064055364542700,16.172542724609375,7.36162649962306,6.451122597277164,-0.5998792524900287
1789064055374580000,16.182580078125,7.350376791334152,6.4623045010268685,-0.6172234051965176
1789064055384617000,16.192616943359376,7.3411881072282785,6.471051286584139,-0.6347011942200362
1789064055394653700,16.20265380859375,7.333757080444693,6.478007681593298,-0.649474400459975
1789064055404690700,16.212690673828124,7.329272043985128,6.481683739757537,-0.6632745969492941
1789064055414728000,16.22272802734375,7.32831868878305,6.481770833519101,-0.6728851597290486
1789064055424765000,16.232764892578125,7.33057377423346,6.477920003309846,-0.6852873990539461
1789064055434802000,16.242802001953127,7.334446231752634,6.4723150229096404,-0.6967205010857432
1789064055444838700,16.252838623046873,7.342177118265629,6.462343663993478,-0.707770814345032
1789064055454875600,16.262875732421875,7.351133747181296,6.45139206186831,-0.7146710221875459
1789064055464913000,16.272912841796874,7.3602411827445025,6.44040772651732,-0.7199833763167262
1789064055474950000,16.282949951171876,7.37264824437499,6.425251073917746,-0.7284189770329743
1789064055484987000,16.29298681640625,7.384307702508568,6.4108402712494135,-0.7372364897388964
1789064055495023600,16.303023681640624,7.391220842897892,6.4023249563604585,-0.7419410872332751
1789064055505060900,16.313060791015626,7.392869779148698,6.400372653248906,-0.7423524445131421
1789064055515097900,16.323097900390625,7.394197812882065,6.399092550310492,-0.7401630447100848
1789064055525134800,16.333134765625,7.396287478637695,6.397171226859093,-0.7358804720200598
1789064055535170800,16.3431708984375,7.396521871915459,6.397165381640195,-0.733569930055365
1789064055545207800,16.353207763671875,7.392832369747757,6.401395566555857,-0.7338555420637131
1789064055555244800,16.363244873046874,7.386205645084381,6.409274921628833,-0.7318175334300845
1789064055565281800,16.37328173828125,7.381743404978513,6.415052920508384,-0.7261807696521282
1789064055575318800,16.38331884765625,7.3806871739238495,6.417225588372349,-0.7176801408756524
1789064055585355800,16.393355712890624,7.382889067882299,6.416020888757705,-0.7056955424409359
1789064055595392800,16.403392822265626,7.386658649548888,6.412763348266482,-0.6957901614330708
1789064055605429800,16.4134296875,7.387710788950324,6.412361781728268,-0.6882763517368584
1789064055615466800,16.423466796875,7.387647076064348,6.413204077771305,-0.6810818371228873
1789064055625503700,16.433503662109374,7.387540693080425,6.4142644004791975,-0.6721957161601633
1789064055635540700,16.443540771484376,7.38859341700375,6.414518667501211,-0.6580461217112838
1789064055645578000,16.453577880859374,7.390112004873156,6.414679995542764,-0.6391555432803928
1789064055655615000,16.463614990234376,7.386322549462318,6.4210378401368855,-0.6187915312960743
1789064055665651700,16.473651611328126,7.378684017407894,6.431663279047608,-0.599269742289558
1789064055675688700,16.483688720703125,7.3708806501805775,6.442414390164613,-0.5794827630082146
1789064055685726000,16.493725830078127,7.365593649688362,6.449882826349139,-0.5634047212474048
1789064055695763000,16.503762939453125,7.360422384530305,6.457436018207669,-0.5441374549912289
1789064055705800000,16.513800048828124,7.351729374986887,6.4695578331559895,-0.5170021953063085
1789064055715837000,16.5238369140625,7.343277188462019,6.480931460085511,-0.4941563033783808
1789064055725874000,16.5338740234375,7.339137604439258,6.487104011240601,-0.4742606395581737
1789064055735911000,16.543910888671874,7.340727503979205,6.486915210670232,-0.4516994097905233
1789064055745948000,16.553947998046876,7.345856099039316,6.48274172437787,-0.42760117971394207
1789064055755985000,16.56398486328125,7.351279877653718,6.478395219606161,-0.3993195995381102
1789064055766021000,16.574021240234377,7.357944596239924,6.472609621942043,-0.36927747596316035
1789064055776057900,16.584057861328127,7.367901342108845,6.462762181666493,-0.3422214920595288
1789064055786094800,16.5940947265625,7.379658415398001,6.450352781948447,-0.3224485778361559
1789064055796131800,16.6041318359375,7.388784555661678,6.440977635359764,-0.3000785780579783
1789064055806169000,16.614169189453126,7.392573426550626,6.437819463589787,-0.2733629137583077
1789064055816206000,16.6242060546875,7.388889185079932,6.4433899571985,-0.23966277913246303
1789064055826242800,16.634242919921874,7.3871905644685025,6.4463739414453505,-0.2099164784326218
1789064055836279800,16.64427978515625,7.389630358836055,6.444349742141366,-0.18465923278033733
1789064055846317000,16.654317138671875,7.390985280576348,6.443416260683536,-0.16158696648431942
1789064055856354000,16.66435400390625,7.381905317541957,6.454549064594507,-0.12907764907823874
1789064055866391000,16.67439111328125,7.369016025352478,6.46991088437736,-0.09081822544652968
1789064055876427800,16.684427734375,7.363823132884502,6.476164099553227,-0.06156224271401297
1789064055886464800,16.69446484375,7.362404498258233,6.4779422151416535,-0.040538584077451374
1789064055896502000,16.704501953125,7.358349085387587,6.482654046094417,-0.016811568783305118
1789064055906539000,16.7145390625,7.350509477803111,6.49154579308033,0.015370029347128
1789064055916576000,16.724575927734374,7.345535781043767,6.497019256055355,0.047239912913576695
1789064055926612700,16.73461279296875,7.346673260641097,6.4954568290442225,0.07627166756931691
1789064055936650000,16.74464990234375,7.348593415048718,6.492934617090225,0.10177875066366977
1789064055946687000,16.75468701171875,7.345939685669541,6.495446892172097,0.12933998067569918
1789064055956724000,16.764723876953123,7.338636084657907,6.503159073984623,0.15403004829874262
1789064055966761000,16.774760986328126,7.332907770138979,6.509044040369987,0.1766120103271678
1789064055976798000,16.7847978515625,7.331832834383845,6.509757741597294,0.1940847213167697
1789064055986834200,16.794834228515626,7.333920746573805,6.506869618940353,0.21127996707186103
1789064055996871000,16.804870849609376,7.33340812087655,6.506754468128085,0.23162545701880008
1789064056006908000,16.814907958984374,7.332017543300986,6.5073214543610804,0.25818006727155296
1789064056016945000,16.82494482421875,7.339177936449646,6.498388206321001,0.278919963363558
1789064056026982000,16.83498193359375,7.352906602072715,6.482399779072404,0.2892147455478087
1789064056037019100,16.84501904296875,7.359681210774183,6.473898492708802,0.30677381964661177
1789064056047056000,16.855055908203123,7.363534379070996,6.4685378424584865,0.32673041987381873
1789064056057092900,16.8650927734375,7.370777774327993,6.45954029701054,0.3411103890124708
1789064056067129900,16.8751298828125,7.3742474962651725,6.454961737048626,0.35260939588733015
1789064056077167000,16.8851669921875,7.373168468856811,6.455633352699875,0.3627218072419986
1789064056087204000,16.8952041015625,7.372799051022529,6.455538075631856,0.37181915980260816
1789064056097240800,16.90524072265625,7.373200617560744,6.454779366219043,0.37699809681046753
1789064056107277800,16.91527783203125,7.375105574399233,6.452537140250206,0.37811288965195416
1789064056117315000,16.925315185546875,7.372545953044295,6.455197883892059,0.3825949669694528
1789064056127352000,16.93535205078125,7.366164143052697,6.462295148676634,0.3856808406881988
1789064056137389000,16.94538916015625,7.360607677969336,6.468743594163656,0.3836596005262807
1789064056147425800,16.95542578125,7.35875415905714,6.471173451659083,0.3782145233955234
1789064056157462800,16.965462890625,7.361405550348758,6.468820751053094,0.3666759516952559
1789064056167500000,16.9755,7.35780314194262,6.473255518630147,0.36066052733063697
1789064056177537000,16.985537109375,7.350568514513969,6.481669711232185,0.3570456613017246
1789064056187574000,16.995573974609375,7.349405900475382,6.48335722592771,0.35027923590671267
1789064056197610800,17.00561083984375,7.352461196392774,6.480506512671709,0.3387096114810556
1789064056207646700,17.015646728515627,7.352454766651988,6.481203847286105,0.32525965320151295
1789064056217684000,17.02568408203125,7.3500447829008095,6.4849254981577396,0.3048979245058261
1789064056227721000,17.035720947265624,7.3448033751159905,6.491626457101106,0.2881567061285488
1789064056237758000,17.045758056640626,7.340204356887936,6.497384582236409,0.2753047685410827
1789064056247795000,17.055794921875,7.342687405875325,6.495248739251494,0.2589880409198813
1789064056257832000,17.06583203125,7.350498371887206,6.487260078585147,0.2366719632860273
1789064056267869000,17.075868896484376,7.354462014821172,6.483401649591326,0.21859255510754882
1789064056277906000,17.085906005859375,7.355385559406876,6.4827136673271655,0.2076479672450572
1789064056287943000,17.09594287109375,7.360538119864463,6.47729573393166,0.19366861479654907
1789064056297980000,17.10597998046875,7.36880676651597,6.468471791484951,0.1730412574346177
1789064056308017000,17.116016845703125,7.37522247877717,6.461670879298448,0.15261345036593266
1789064056318054000,17.126053955078124,7.375526430159807,6.4616118425875895,0.1398838970491197
1789064056328091000,17.1360908203125,7.372035665434598,6.465759609916806,0.1320368642100133
1789064056338128000,17.1461279296875,7.372320912116765,6.465567302215099,0.12532411436415278
1789064056348165000,17.1561650390625,7.3735828948765985,6.464280185014009,0.11720124199204146
1789064056358201900,17.166201904296877,7.372841721120476,6.465348106506466,0.1042203899284359
1789064056368238800,17.17623876953125,7.3672244657605885,6.471921055155992,0.09284049765490926
1789064056378275800,17.18627587890625,7.36298668206036,6.476832208073139,0.08636023225751704
1789064056388313000,17.19631298828125,7.3610893240064375,6.479026503247022,0.08347541580251418
1789064056398350000,17.20635009765625,7.356659232604503,6.484024749925732,0.08585562546993605
1789064056408387000,17.216386962890624,7.352163674750924,6.489056314352155,0.09068476265943609
1789064056418423800,17.226423828125,7.348778708487749,6.492877333945035,0.09150050862226634
1789064056428460800,17.236460693359376,7.344460260766744,6.497751661983132,0.0922379286518786
1789064056438496800,17.246496826171875,7.340784787124395,6.501930993494391,0.09030542621933854
1789064056448534000,17.256533935546877,7.337566409599781,6.5055690577358005,0.08989760347027331
1789064056458571000,17.266571044921875,7.335814012974501,6.507518438237905,0.09169856107817032
1789064056468608000,17.27660791015625,7.336399119386076,6.506858513024449,0.0918226989144925
1789064056478644700,17.286644775390624,7.339592946991324,6.503211680954695,0.09484844907699153
1789064056488682000,17.296681884765626,7.3461366695463655,6.495816310006379,0.0950377428377047
1789064056498719000,17.306718994140624,7.351825236576795,6.48936318834424,0.0959560815253295
1789064056508756000,17.316755859375,7.360126616454124,6.479924328869581,0.0974926434428431
1789064056518793000,17.32679296875,7.372305714547633,6.466052455383539,0.0982501746787224
1789064056528830000,17.336829833984375,7.380655025219917,6.456459866651892,0.10224800301007926
1789064056538867000,17.346866943359377,7.384027132001519,6.452507914155722,0.10806059827897697
1789064056548904000,17.356904052734375,7.384534497001766,6.45182110093534,0.11418965735221281
1789064056558941000,17.36694091796875,7.384336344081163,6.452036789512634,0.1148387141117826
1789064056568978000,17.37697802734375,7.380428230726719,6.456499614140391,0.11520646971194073
1789064056579015000,17.387014892578126,7.371855048170685,6.466252361869811,0.11713791269855572
1789064056589052000,17.397052001953124,7.362182379940152,6.477142004674673,0.12364788824762217
1789064056599089000,17.4070888671875,7.354727387759089,6.485488977259397,0.12963393125412984
1789064056609126000,17.4171259765625,7.350982356011867,6.4896957812994716,0.13149201674358918
1789064056619163100,17.4271630859375,7.346662739247083,6.494545559418201,0.13344770825547164
1789064056629200000,17.437199951171873,7.343082542672753,6.498592204460501,0.13352023463556542
1789064056639236900,17.44723681640625,7.341281046208739,6.500638031074405,0.13298912343354896
1789064056649272800,17.45727294921875,7.343645437252521,6.498063796672224,0.12817351244590244
1789064056659309800,17.467309814453124,7.347726569086313,6.493478222447633,0.12662283980464561
1789064056669347000,17.47734716796875,7.351997670534253,6.488682804864645,0.12450180166321806
1789064056679384000,17.487384033203124,7.3533888326317065,6.487165970560908,0.12139964352995157
1789064056689421000,17.497421142578126,7.352605573299527,6.488157904207706,0.11568654484646394
1789064056699457800,17.507457763671876,7.350642164272069,6.490532816645502,0.10693147551803849
1789064056709494300,17.517494384765627,7.345503047817945,6.496466298347711,0.09946965173739009
1789064056719531500,17.527531494140625,7.3404685607820745,6.502299242284893,0.08947244599391706
1789064056729568500,17.537568603515624,7.3350196477264165,6.508546612241864,0.08179690639735199
1789064056739605500,17.54760546875,7.332633044850826,6.511327767392992,0.07413975184084848
1789064056749642500,17.557642578125,7.336788995486497,6.506742777690291,0.06485031990739516
1789064056759679500,17.567679443359374,7.346523038515448,6.4958402754038564,0.05516942270463332
1789064056769716500,17.577716552734376,7.358734285312891,6.48209056699276,0.043917705121729524
1789064056779753500,17.58775341796875,7.368443778422474,6.471093372160196,0.037090562515426424
1789064056789790500,17.59779052734375,7.378795076566934,6.459329869130253,0.02873298177171964
1789064056799827500,17.607827392578123,7.388011817723513,6.44881841198802,0.020039084029023067
1789064056809864400,17.617864501953125,7.393347333532572,6.442724771288037,0.00965209009174141
1789064056819901400,17.6279013671875,7.393801507040858,6.442210976547003,-0.0002861155270059498
1789064056829938400,17.6379384765625,7.391195708456635,6.445190284618735,-0.011571448773273731
1789064056839975400,17.647975341796876,7.385159350901842,6.452064846563339,-0.025712202328571583
1789064056850012400,17.658012451171874,7.373793322756886,6.46498687197864,-0.038590678579802626
1789064056860049400,17.66804931640625,7.358638423722982,6.482166554838418,-0.04841770625498611
1789064056870086400,17.67808642578125,7.342552381318807,6.500299592900276,-0.05835753752172459
1789064056880122400,17.688122314453125,7.327468793955445,6.517211564734578,-0.06734261621374171
1789064056890159400,17.698159423828123,7.312689157974719,6.533710279592872,-0.07473225154101383
1789064056900196600,17.708196533203125,7.300045949500799,6.547734128770232,-0.08300565199945122
1789064056910233600,17.718233642578124,7.2888745671451085,6.560074554905295,-0.09007553558675571
1789064056920270300,17.728270263671874,7.283705055552721,6.5657257125347845,-0.09630334232673049
1789064056930307300,17.738307373046876,7.286680271971226,6.562288139301538,-0.10510642464850098
1789064056940344300,17.74834423828125,7.29472913839221,6.553198239395022,-0.11359517119093797
1789064056950381600,17.758381591796876,7.307142629763484,6.53923284240663,-0.12035497504891828
1789064056960418600,17.76841845703125,7.322915952956676,6.521428305646777,-0.12750271877855993
1789064056970455300,17.778455322265625,7.341155374002456,6.500760780671238,-0.13395061627631075
1789064056980492300,17.7884921875,7.3589230858832595,6.480442215263843,-0.14321284054243005
1789064056990529500,17.798529541015625,7.3723156514197585,6.4651429393231865,-0.1458719676159322
1789064057000566500,17.80856640625,7.382594468849897,6.45338703507781,-0.14656164864683524
1789064057010603500,17.818603515625,7.390071672862768,6.444728512325883,-0.1506309804449789
1789064057020640300,17.82864013671875,7.390211373594402,6.444529190361499,-0.1523256372673437
1789064057030677500,17.838677490234375,7.3824050837576385,6.453454839617014,-0.15295389783405697
1789064057040714500,17.848714599609377,7.371065943619609,6.466328349715471,-0.15609390375968069
1789064057050751500,17.85875146484375,7.359995683550834,6.478778081443905,-0.16213899261020123
1789064057060788500,17.86878857421875,7.346382168740034,6.494255052039027,-0.16030204124031588
1789064057070825200,17.8788251953125,7.333634330847859,6.508716123589873,-0.15747783239874988
1789064057080862500,17.888862548828126,7.322206343382597,6.52164691683352,-0.15424937187153845
1789064057090899500,17.8988994140625,7.315179805746674,6.5295438075631855,-0.15356973731061443
1789064057100935400,17.908935302734374,7.312914198902249,6.532019257766008,-0.15618054086351765
1789064057110972400,17.918972412109376,7.312578683337569,6.5323144413203,-0.1595131193523295
1789064057121009400,17.929009521484375,7.314667180049419,6.529958233582973,-0.16023346951613202
1789064057131046700,17.939046630859377,7.318235101664066,6.526072332060337,-0.1555751588488929
1789064057141083400,17.94908349609375,7.321559862172603,6.5224395285159344,-0.1514432375427801
1789064057151120400,17.959120361328125,7.323349668198824,6.520511190801859,-0.14787173573155887
1789064057161157400,17.969157470703124,7.323790982225537,6.519965831878781,-0.15006165612442418
1789064057171194600,17.979194580078126,7.321774966228008,6.522303334915637,-0.14682022651778534
1789064057181231600,17.989231689453124,7.319912679487467,6.524474833735823,-0.14314130054302512
1789064057191268400,17.999268310546874,7.316555185753106,6.52834086151421,-0.13846196535406632
1789064057201305300,18.009305419921876,7.3108093355774875,6.534858865106106,-0.1344084156469442
1789064057211342300,18.01934228515625,7.302832365348935,6.543844135594368,-0.13089305533659643
1789064057221379600,18.029379638671877,7.2969889000177375,6.55029258108139,-0.13418432456748558
1789064057231416600,18.03941650390625,7.29525053191781,6.552137332165241,-0.1385922680696938
1789064057241453300,18.049453369140625,7.296943307310342,6.550245819330215,-0.13887015342931264
1789064057251490300,18.059490234375,7.300784785169363,6.546052459293604,-0.13462600392038002
1789064057261527600,18.069527587890626,7.306453478455543,6.539851266565918,-0.12832715037134476
1789064057271564500,18.079564453125,7.316669752043485,6.528408666053414,-0.12888773426301778
1789064057281601500,18.0896015625,7.32529612609148,6.51870034198761,-0.1302502273884136
1789064057291638300,18.09963818359375,7.3318667366534465,6.5113084781706325,-0.13027301460895688
1789064057301675300,18.10967529296875,7.338273681086301,6.504049300822615,-0.13215965033946558
1789064057311711500,18.11971142578125,7.341642280736565,6.500283226287364,-0.1303728399879299
1789064057321748500,18.12974853515625,7.341304427084326,6.500737399795651,-0.12666735479980706
1789064057331785500,18.139785400390625,7.339279643258452,6.502989562636613,-0.12839653494628145
1789064057341822500,18.149822509765624,7.337503865757584,6.504866462424397,-0.1346625913374126
1789064057351859500,18.159859375,7.3328674381285905,6.5100108395755285,-0.1385630785078276
1789064057361896400,18.169896484375,7.331079970189928,6.511986523562669,-0.14028206605385057
1789064057371933400,18.179933349609374,7.330467391249537,6.512701393833756,-0.13910868402607737
1789064057381970400,18.189970458984376,7.329930800154805,6.513381192791462,-0.13552346421675757
1789064057392007400,18.20000732421875,7.331496734297275,6.5116077533781525,-0.13603205305971205
1789064057402044400,18.21004443359375,7.332780344367027,6.510051756107806,-0.14123517466075716
1789064057412081400,18.220081298828124,7.331116795068978,6.51176089811325,-0.14857757331281898
1789064057422118400,18.230118408203126,7.327009944272041,6.516226645350456,-0.15525443899454547
1789064057432155400,18.2401552734375,7.31845137476325,6.525757274761796,-0.15856637655412778
1789064057442192600,18.250192626953126,7.3089347738772625,6.536300880607962,-0.16315396007271482
1789064057452229400,18.2602294921875,7.29778677239716,6.5486325389146804,-0.16765245880205185
1789064057462266400,18.270266357421875,7.2858654484570025,6.561810584917664,-0.17083326252894476
1789064057472303400,18.280303466796877,7.277061964276433,6.571449935400485,-0.1755065515696071
1789064057482340400,18.29034033203125,7.271735800817608,6.577152530956268,-0.1824940175704658
1789064057492377600,18.300377685546874,7.272824180576205,6.575684211969375,-0.19181403643842784
1789064057502414600,18.31041455078125,7.279486561074853,6.568026390692591,-0.20120326635139063
1789064057512451300,18.320451416015626,7.28749275739789,6.5589943584531545,-0.20597203338947145
1789064057522487300,18.3304873046875,7.297476975795626,6.547730621638894,-0.2108239121337421
1789064057532524300,18.340524169921874,7.307123340541124,6.5367948016047475,-0.21599552435167133
1789064057542561500,18.3505615234375,7.31500035752654,6.527766861018538,-0.22228737277118488
1789064057552598500,18.3605986328125,7.321450556579232,6.5202452333420515,-0.23055410146024077
1789064057562635500,18.370635498046877,7.323807933360338,6.517358279728889,-0.23719405093137175
1789064057572672300,18.38067236328125,7.323177234241366,6.5178627221196885,-0.24275351168941706
1789064057582709500,18.39070947265625,7.322814830669761,6.517928188571333,-0.2517399146888405
1789064057592746500,18.40074658203125,7.319605805495381,6.521109741216898,-0.26246249383110554
1789064057602783500,18.410783447265626,7.31317372662127,6.527934034278989,-0.27193152924831954
1789064057612820500,18.420820556640624,7.306760352447628,6.534633239656686,-0.28319289144240317
1789064057622857200,18.430857177734374,7.302192898401618,6.539222321012616,-0.29483791919182983
1789064057632894500,18.44089453125,7.299470779961347,6.541741610357165,-0.3061406728422269
1789064057642931500,18.450931396484375,7.299049924200773,6.541655101117492,-0.3178146709578112
1789064057652968400,18.460968505859373,7.29886872241497,6.541326015293598,-0.3285657820748165
1789064057663005400,18.47100537109375,7.299205991545319,6.540421175408363,-0.3389317297991365
1789064057673042400,18.48104248046875,7.301807698476314,6.536721736368537,-0.35392106300778686
1789064057683079400,18.491079345703124,7.306084060621261,6.530843199723958,-0.373628547312133
1789064057693116400,18.501116455078126,7.31175450747311,6.523337354138493,-0.39331400244776155
1789064057703153400,18.5111533203125,7.316572136887908,6.51670478425622,-0.4131819380108267
1789064057713191000,18.52119091796875,7.317693834394216,6.514501721253991,-0.427801122732833
1789064057723228000,18.531227783203125,7.317884973052144,6.513142707860469,-0.4448860034486279
1789064057733264000,18.541263916015627,7.31693980115652,6.512681520089506,-0.4666422369763255
1789064057743300900,18.55130078125,7.31520552470982,6.513098284196853,-0.4875428765879944
1789064057753337900,18.561337890625,7.314314128828048,6.512253065544367,-0.5116191505610943
1789064057763375000,18.571375,7.31123428299129,6.513825429427623,-0.535093366987817
1789064057773412000,18.581412109375,7.308422148180007,6.515203732043505,-0.5563081140499562
1789064057783448800,18.59144873046875,7.308386492344737,6.512811868470907,-0.5840834982693195
1789064057793485800,18.60148583984375,7.307874451169371,6.510987575653195,-0.6102358843967318
1789064057803522800,18.611522705078126,7.307658762592077,6.508986757224798,-0.6337211702067405
1789064057813560000,18.62156005859375,7.3100693308651445,6.503654748547077,-0.6601093378514051
1789064057823597000,18.63159716796875,7.314972300475835,6.4955497680246825,-0.6851269477952271
1789064057833633800,18.6416337890625,7.321328391504287,6.486160592910647,-0.7058741869434714
1789064057843670800,18.6516708984375,7.327785604819655,6.476304384806752,-0.7289924660719931
1789064057853708000,18.6617080078125,7.332328508946299,6.468271300476789,-0.7541948579981923
1789064057863745000,18.6717451171875,7.332556472483277,6.465106698966026,-0.7787118249434978
1789064057873782000,18.681781982421874,7.331594349452852,6.463421522358059,-0.8014286836642771
1789064057883818800,18.69181884765625,7.330309570339321,6.462038543567061,-0.8240194317873567
1789064057893856000,18.70185595703125,7.325879478937387,6.46455900195539,-0.8434151101961731
1789064057903893000,18.71189306640625,7.319225281745195,6.470566133415699,-0.8550472419314086
1789064057913930000,18.721929931640624,7.3137611711204045,6.474846587213873,-0.869275892965868
1789064057923967000,18.731967041015626,7.307499188116193,6.479600503742694,-0.886350727211684
1789064057934003000,18.7420029296875,7.3028516545712945,6.4823787362843746,-0.9041647624522448
1789064057944040000,18.7520400390625,7.300178051447868,6.4833554723620415,-0.9186328482657671
1789064057954077000,18.762076904296876,7.3023460431367155,6.479282523834705,-0.9300697496898471
1789064057964114000,18.772114013671874,7.308551912039518,6.470576070287823,-0.941861455900967
1789064057974151000,18.78215087890625,7.313257897773385,6.463897323176265,-0.951141252356395
1789064057984188000,18.79218798828125,7.319655489856005,6.4550026535809035,-0.9622750791806727
1789064057994225200,18.80222509765625,7.32831751973927,6.442725355809927,-0.9784879628349095
1789064058004262000,18.812261962890624,7.338258483517169,6.429426898297667,-0.9913725788492709
1789064058014299000,18.822298828125,7.348036365687847,6.416575600031018,-1.002147509233281
1789064058024336000,18.8323359375,7.3529124472916125,6.410017848950624,-1.0083322622828186
1789064058034373000,18.842373046875,7.35578829498887,6.406274570769071,-1.0111433741807938
1789064058044410000,18.85241015625,7.357513803607225,6.402934028169512,-1.0197100539308042
1789064058054446800,18.86244677734375,7.356718269315362,6.4024114656001325,-1.0286908674396573
1789064058064483800,18.87248388671875,7.350303141576052,6.40898032259643,-1.0336305888641626
1789064058074520800,18.882520751953123,7.341065357631445,6.419645508995652,-1.0330986008793115
1789064058084558000,18.89255810546875,7.333164375248551,6.429178476494551,-1.0299272773668169
1789064058094595000,18.902594970703124,7.326105104386806,6.437730616262555,-1.0267356417186557
1789064058104631800,18.9126318359375,7.320653268721699,6.443738332244753,-1.0279401221375912
1789064058114668800,18.922668701171876,7.3157795252054925,6.449083200404048,-1.0291162532448768
1789064058124706000,18.9327060546875,7.315618197163939,6.448939408019185,-1.0311636872939764
1789064058134742000,18.942741943359376,7.321618314361571,6.4423600296288726,-1.0297036246787756
1789064058144779000,18.952779052734375,7.329101363593339,6.435148783075809,-1.0215250674635172
1789064058154816000,18.96281591796875,7.336724698078632,6.428350208976864,-1.0095429532468319
1789064058164852700,18.972852783203123,7.343845343738794,6.421848571997881,-0.9990912634678184
1789064058174890000,18.982889892578125,7.348231011477113,6.41770957249701,-0.9934189899850636
1789064058184927000,18.992927001953124,7.347239077830314,6.419664798218012,-0.9881105813786387
1789064058194964000,19.0029638671875,7.343285956290364,6.425047075778245,-0.982500048020482
1789064058205001000,19.0130009765625,7.335376790601015,6.435412986969947,-0.9736983174055814
1789064058215037700,19.02303759765625,7.322246675392985,6.452234357911348,-0.9611240825146437
1789064058225075000,19.033074951171876,7.3069877314627165,6.471470388779044,-0.9478319086126983
1789064058235112000,19.04311181640625,7.2923051261156795,6.489560172221064,-0.937164018799737
1789064058245149000,19.05314892578125,7.280079850792885,6.504483600586652,-0.9287200886465609
1789064058255186000,19.06318603515625,7.27201286419332,6.514730853834748,-0.9200543324362486
1789064058265223000,19.073222900390626,7.27109925647974,6.51707595565617,-0.9106123311564326
1789064058275260000,19.083260009765624,7.278210549789667,6.5103317420929665,-0.9020110184844583
1789064058285297000,19.093296875,7.291338911432027,6.496950282472372,-0.8924116346858442
1789064058295334000,19.103333984375,7.308461895668506,6.479418717435002,-0.8797184495903551
1789064058305371100,19.11337109375,7.3277178002804515,6.458868096837401,-0.870613279049471
1789064058315408000,19.123407958984377,7.343841836607456,6.441585538125038,-0.8627555512864142
1789064058325444900,19.13344482421875,7.356559279361367,6.428322151926159,-0.8532832279335707
1789064058335480800,19.143480712890625,7.366034379193186,6.4186272718638175,-0.8444794514920562
1789064058345517800,19.153517822265623,7.369334589782357,6.416133116960525,-0.8345850302696227
1789064058355555000,19.16355517578125,7.3653195089220995,6.422275272977352,-0.8227033076874911
1789064058365592000,19.173592041015624,7.358196525174379,6.431767908465862,-0.8122107013761997
1789064058375629000,19.183629150390626,7.348369543164968,6.444031177711486,-0.8039327754396944
1789064058385665800,19.193665771484376,7.3358905853420495,6.459359679746627,-0.7948395875975489
1789064058395702800,19.203702880859375,7.325761405515671,6.471964894297718,-0.7856707772359252
1789064058405740000,19.213739990234377,7.317825351819396,6.4819356686919924,-0.7773831336230039
1789064058415777000,19.223777099609375,7.3117580146044485,6.490076889571547,-0.7664762474223971
1789064058425814000,19.23381396484375,7.30903355807662,6.494206536722183,-0.7574242683734744
1789064058435850800,19.243850830078124,7.309502344632148,6.494555496290325,-0.7498694690797477
1789064058445888000,19.253887939453126,7.31356418724358,6.4907210326939815,-0.7434465233601629
1789064058455925000,19.263925048828124,7.319754274055361,6.4845461434513325,-0.7363786308005452
1789064058465962000,19.2739619140625,7.327271810078621,6.476932745838165,-0.7285708796590566
1789064058475999000,19.2839990234375,7.3356836645931,6.468060872596502,-0.7227188656952231
1789064058486035700,19.29403564453125,7.3398904686331745,6.46425972674787,-0.7139555673945694
1789064058496073000,19.304072998046873,7.344108378589153,6.460501835519075,-0.704541111708805
1789064058506110000,19.31410986328125,7.347705526298284,6.457244879549742,-0.696853114489466
1789064058516147000,19.32414697265625,7.346009828296303,6.460396621578932,-0.6854151170868427
1789064058526183000,19.334182861328124,7.342443075725436,6.465239385434985,-0.6779341136816889
1789064058536220000,19.344219970703126,7.334861242294311,6.474630314114689,-0.6703340139415115
1789064058546257000,19.3542568359375,7.331698394349217,6.4785460262537,-0.6670956165421754
1789064058556294000,19.3642939453125,7.32798258869648,6.483230384677648,-0.6623990562237799
1789064058566331000,19.374330810546876,7.324926123735308,6.4877259425312275,-0.6521105211172252
1789064058576367900,19.384367919921875,7.328866970315575,6.484594074246287,-0.638846477331221
1789064058586405000,19.394405029296873,7.333027597126364,6.481307892182469,-0.6242972891055047
1789064058596442000,19.404442138671875,7.338968093091249,6.475830337554216,-0.6111875590983777
1789064058606478800,19.414478759765625,7.347989603936671,6.465979390147328,-0.6070781144855544
1789064058616515800,19.424515869140624,7.357568748664855,6.455622246783971,-0.6012520752131939
1789064058626552800,19.434552734375,7.367098209032416,6.445733889976143,-0.5905644943190739
1789064058636590000,19.444590087890624,7.373038120475411,6.440738565906882,-0.5705914544137194
1789064058646627000,19.454626953125,7.377239079296588,6.437898374044895,-0.5478969901878387
1789064058656663800,19.464663818359377,7.379566060939431,6.436985935375094,-0.526889346537739
1789064058666700800,19.47470068359375,7.377593299561738,6.4407835740923876,-0.5077555704681203
1789064058676738000,19.484738037109373,7.372128019893169,6.448309877943992,-0.4913505617752671
1789064058686775000,19.494775146484375,7.3649553517848245,6.457745814809202,-0.4746913956582546
1789064058696812000,19.50481201171875,7.355716983318328,6.469771183645725,-0.4537420580666512
1789064058706848800,19.514848876953124,7.345826872944832,6.482879087021947,-0.4260215458396822
1789064058716884500,19.524884521484374,7.339591777947545,6.491760312613844,-0.3972693890100345
1789064058726921200,19.534921142578124,7.334361476078629,6.499314673516154,-0.36937443353161215
1789064058736958200,19.544958251953126,7.330022570091486,6.505750259521603,-0.34112613457087426
1789064058746995200,19.5549951171875,7.329446816030145,6.507822389620542,-0.31278321612924337
1789064058757032400,19.565032470703127,7.3326944196492425,6.50534518585205,-0.28715775821907447
1789064058767069400,19.5750693359375,7.336570968821644,6.50211979406476,-0.2599010823778808
1789064058777106200,19.585106201171875,7.339914434030652,6.499337469869852,-0.23379775955658405
1789064058787143200,19.59514306640625,7.34355308279395,6.496125522086024,-0.20731058851685374
1789064058797180400,19.605180419921876,7.346630590543151,6.493421523824334,-0.18133302923338487
1789064058807217400,19.615217529296874,7.349089674133062,6.491385049560666,-0.15227769733923485
1789064058817254400,19.62525439453125,7.351895963725447,6.488799709242582,-0.12443890162799506
1789064058827291100,19.635291015625,7.349811558666825,6.491653345108032,-0.09532292558779008
1789064058837328100,19.645328125,7.345001528036594,6.497428421378135,-0.06902824947943445
1789064058847365400,19.655365478515623,7.340915135505795,6.502240790095925,-0.04715856847278774
1789064058857402400,19.66540234375,7.336846863153577,6.506943853220343,-0.027130941986117978
1789064058867439400,19.675439453125,7.33007050088644,6.5146332386791705,-0.0030167443013138836
1789064058877476000,19.68547607421875,7.323137486752867,6.522386337023973,0.022732668211264535
1789064058887513300,19.695513427734376,7.319021283605695,6.526857929480076,0.049277834782237184
1789064058897550300,19.70555029296875,7.320029583865404,6.52552580409348,0.0711520047343336
1789064058907586300,19.71558642578125,7.324525726240873,6.520254585692286,0.0893723009545356
1789064058917623300,19.725623291015626,7.3296589974761,6.514234010228514,0.10603220685706473
1789064058927660300,19.735660400390625,7.33588883177638,6.506940930610895,0.1218003972174134
1789064058937697500,19.745697509765623,7.344074476319551,6.497368800145387,0.13839162179790437
1789064058947734300,19.755734375,7.355316001302003,6.4842684955537315,0.15481338069615885
1789064058957771300,19.765771240234375,7.3671239279955625,6.470522294273972,0.16798917994312942
1789064058967808300,19.775808349609374,7.374951260620355,6.461286263895034,0.1796170190957375
1789064058977845500,19.785845458984376,7.380382053497433,6.454869967111945,0.18707213914096354
1789064058987882500,19.795882568359374,7.380065242633223,6.455052922463417,0.19316760647185147
1789064058997919200,19.805919189453125,7.3773571527183055,6.457962672430276,0.199246305331029
1789064059007956200,19.815956298828127,7.37108114118874,6.464958230406046,0.20457940998729318
1789064059017993200,19.8259931640625,7.359682379817962,6.477696715947985,0.21191435598526148
1789064059028030500,19.836030517578124,7.347201668429374,6.491829870718717,0.21250317045757547
1789064059038067500,19.8460673828125,7.332429631233215,6.5086074025183915,0.20951029051821676
1789064059048104200,19.856104248046876,7.317260703673958,6.525809881731868,0.20465503250677136
1789064059058141200,19.86614111328125,7.304381932878494,6.540419421842694,0.1982256570464
1789064059068178400,19.876178466796876,7.297433721175789,6.548423864600062,0.1897211010134779
1789064059078215400,19.88621533203125,7.295408937349915,6.550974718126654,0.1792516015831381
1789064059088252400,19.89625244140625,7.296513683721423,6.549970509520173,0.17077022549640386
1789064059098288400,19.906288330078127,7.303882166662812,6.542036793911457,0.15952259956672787
1789064059108325000,19.9163251953125,7.315749130067229,6.529040534216165,0.1477732529263012
1789064059118362400,19.9263623046875,7.329636201122403,6.513786850982904,0.1319410391527228
1789064059128399400,19.9363994140625,7.3415446655809875,6.5006538131654255,0.116673601388745
1789064059138436400,19.946436279296876,7.350275669047236,6.491015631726384,0.10274825328295119
1789064059148473300,19.956473388671874,7.359480135244131,6.480808125966787,0.08700046638981439
1789064059158510300,19.96651025390625,7.365380883720516,6.474284277155995,0.0721517426616745
1789064059168547300,19.97654736328125,7.3651757165372365,6.474654279512166,0.05851338110398501
1789064059178584300,19.986584228515625,7.35813924202919,6.4827352946370835,0.04812819438965525
1789064059188621300,19.996621337890623,7.349417590913176,6.492708991640805,0.03433514459375292
1789064059198658300,20.006658203125,7.342104053029417,6.501046611875295,0.01702850860276958
1789064059208695300,20.0166953125,7.3340645389586685,6.510137096303701,0.0009080162251324509
1789064059218732300,20.026732177734374,7.326355864277482,6.518799126186966,-0.012197109815879957
1789064059228769300,20.036769287109376,7.320767835012078,6.525032467618584,-0.026452506151725536
1789064059238806300,20.04680615234375,7.319454414325952,6.526444672504067,-0.03856127895538229
1789064059248843500,20.056843505859376,7.32026047001183,6.525483133995532,-0.047419799525127745
1789064059258880300,20.06688037109375,7.3241598155379295,6.521040183112025,-0.05572736711464822
1789064059268917200,20.076917236328125,7.333332133030891,6.510635108953714,-0.06518682641934137
1789064059278953200,20.086953125,7.343321612125635,6.499269080808759,-0.07428161713010631
1789064059288990200,20.096990234375,7.351268771737813,6.490176842814684,-0.08267503180559724
1789064059299027200,20.107027099609375,7.358495800381898,6.481857342758774,-0.09193680854714475
1789064059309064400,20.117064453125,7.366451143300533,6.472636509948969,-0.10372656939635053
1789064059319101400,20.127101318359376,7.370030170831084,6.468425614255667,-0.11187557172356173
1789064059329138200,20.13713818359375,7.3682216601043935,6.4704620885193345,-0.11318521128371357
1789064059339175200,20.147175048828124,7.364972302919626,6.474087293279171,-0.11731852996246889
1789064059349212400,20.15721240234375,7.358119368284941,6.481788953697681,-0.12196064754673279
1789064059359249400,20.16724951171875,7.352949272170663,6.487517852738499,-0.12894990364587866
1789064059369286400,20.177286376953123,7.3479615468859665,6.493038661986589,-0.13522208838369695
1789064059379323100,20.1873232421875,7.341311441347003,6.500512943390011,-0.13731848527421242
1789064059389360400,20.1973603515625,7.340148242786526,6.5018468223422765,-0.13638070210060105
1789064059399397400,20.2073974609375,7.3439973194301125,6.497522529402374,-0.13527153528230265
1789064059409434400,20.217434326171876,7.349975224795937,6.490754934963584,-0.1354127521175891
1789064059419471400,20.227471435546875,7.358619719022512,6.480883529290557,-0.138745522402646
1789064059429508000,20.237508056640625,7.367354229620099,6.470868915754556,-0.1425699029963929
1789064059439545300,20.24754541015625,7.374070386132598,6.463216939696669,-0.14249733095052652
1789064059449582300,20.257582275390625,7.3794813052654264,6.457044973063469,-0.14218326003267429
1789064059459618300,20.267618408203123,7.382092949068546,6.454073848298192,-0.14150151571305467
1789064059469655300,20.2776552734375,7.378031690979004,6.458857575443386,-0.13488025267608464
1789064059479692300,20.2876923828125,7.3760864021301265,6.461114414459467,-0.13316812412911094
1789064059489729300,20.297729248046874,7.373965756714344,6.46349458759427,-0.13514134216452947
1789064059499766300,20.307766357421876,7.3678925742805,6.470421171987057,-0.1348686627029907
1789064059509803300,20.31780322265625,7.360676651552319,6.478687480551004,-0.13202089945590123
1789064059519840300,20.32784033203125,7.35355132971704,6.48684506804347,-0.12847744556223042
1789064059529877500,20.33787744140625,7.343187756612896,6.498705017185211,-0.12170867294650524
1789064059539914500,20.34791455078125,7.333205291780829,6.510042403757572,-0.11758548293611966
1789064059549951200,20.357951171875,7.32844669907689,6.515405976617336,-0.11721807439583352
1789064059559988200,20.36798828125,7.325402509075403,6.518806724971532,-0.11839973106160759
1789064059570025200,20.378025146484376,7.323125211793184,6.521438242518902,-0.11432415218576789
1789064059580062500,20.3880625,7.322374101164937,6.522347174057364,-0.11051926174378023
1789064059590099500,20.398099365234376,7.324937229651212,6.519502306020259,-0.1084766317339614
1789064059600136200,20.40813623046875,7.329032390010356,6.514929591277241,-0.10658945714733563
1789064059610173200,20.418173095703125,7.335700031206011,6.5074155623853205,-0.10689662340036593
1789064059620210400,20.42821044921875,7.344888130789995,6.497037376233935,-0.1072528894921299
1789064059630247400,20.438247314453125,7.352280579128861,6.488688065561652,-0.1062314740225207
1789064059640283400,20.448283447265624,7.357256029453874,6.483108804124593,-0.10236363787953741
1789064059650320400,20.4583203125,7.359303025111555,6.48082098544836,-0.1000392135199625
1789064059660357000,20.468357177734376,7.3584022768795485,6.481882477200031,-0.0975008906813804
1789064059670394400,20.478394287109374,7.354478381434083,6.4863850493162865,-0.09403882232769392
1789064059680431400,20.488431396484376,7.346177586078643,6.495822739747166,-0.09136937478957698
1789064059690468400,20.49846826171875,7.333883921694755,6.509766509425639,-0.08643928884309716
1789064059700505300,20.50850537109375,7.321592010876536,6.523615586557984,-0.08432741125565953
1789064059710542000,20.5185419921875,7.312302789005637,6.534027090457081,-0.08430530902170576
1789064059720579800,20.528579833984374,7.3082865391016005,6.538509788829088,-0.08500642476207576
1789064059730617000,20.5386171875,7.3058262864679095,6.541281007108092,-0.08328751941444351
1789064059740654000,20.548654052734374,7.306737556093931,6.540318884077668,-0.07872686956855468
1789064059750690800,20.55869091796875,7.314153969830274,6.5320666040390725,-0.07507913331650197
1789064059760727800,20.568727783203126,7.323704472985863,6.521410185468197,-0.07036148911088239
1789064059770765000,20.57876513671875,7.334809804368018,6.508959284695982,-0.06633318800944835
1789064059780802000,20.588802001953123,7.343779877287149,6.498848809570074,-0.06516407573141623
1789064059790839000,20.598839111328125,7.350741532993316,6.490959517624974,-0.06648178900016936
1789064059800875800,20.608875732421875,7.353910226157307,6.487353602087497,-0.06804395571639761
1789064059810913000,20.6189130859375,7.352036833500862,6.489515748557448,-0.0641539488408016
1789064059820949000,20.628948974609376,7.347107560405135,6.495155800271034,-0.057806758071435614
1789064059830986000,20.638986083984374,7.337803140965104,6.505733892908692,-0.04948475553118623
1789064059841023000,20.64902294921875,7.324868256068229,6.5203586305886505,-0.04010985097109806
1789064059851060000,20.65906005859375,7.310185066199303,6.536831041961908,-0.03763972539736424
1789064059861097200,20.66909716796875,7.296359954464435,6.552255990108847,-0.03809133705580607
1789064059871134000,20.679134033203123,7.285190325674415,6.564675326699018,-0.037775855065579525
1789064059881171000,20.6891708984375,7.278603348499536,6.57200172406435,-0.03332567985684145
1789064059891208000,20.6992080078125,7.277518475872278,6.573239156904816,-0.025317282443563453
1789064059901245000,20.709244873046874,7.282842885765433,6.5673506833881135,-0.02205650881563779
1789064059911282200,20.7192822265625,7.293959907585382,6.5550149334281675,-0.017563744565699015
1789064059921319000,20.72931884765625,7.308404028001427,6.538916616064309,-0.013297949480538954
1789064059931356000,20.73935595703125,7.323266081568598,6.522271770733594,-0.01148675474806223
1789064059941393000,20.749392822265627,7.336401457473635,6.507496226406097,-0.009744150006078416
1789064059951430100,20.75943017578125,7.34590461435616,6.496769080686569,-0.00717119367471023
1789064059961467100,20.769467041015623,7.352370595499873,6.4894526201933616,-0.005252036493399646
1789064059971503900,20.77950390625,7.354079152983426,6.48751668369472,-0.005402452698582783
1789064059981540900,20.789540771484376,7.3492527557402845,6.492985470494627,-0.002923696864643716
1789064059991577900,20.799577880859374,7.340517660620808,6.502859798777103,0.0012141688407158653
1789064060001614000,20.809614013671876,7.331590842321515,6.512922343108057,0.0027036029673457957
1789064060011651000,20.819651123046874,7.322917706522345,6.522670999184251,0.004150681376332068
1789064060021688000,20.82968798828125,7.319553198525309,6.5264481796354055,0.0007637780995170033
1789064060031725000,20.83972509765625,7.318471833029389,6.527661062556505,-0.0011628919576247426
1789064060041761800,20.84976171875,7.319304776722192,6.5267258275330065,-0.003564953054014768
1789064060051799000,20.859799072265623,7.323774615612626,6.5217059535443775,-0.007828217969959951
1789064060061836000,20.8698359375,7.3306544382542365,6.513967468246817,-0.01091430003879359
1789064060071873000,20.879873046875,7.3401540880054235,6.503249674877524,-0.01638371131814201
1789064060081910000,20.889909912109374,7.348937698441744,6.493305788490176,-0.021716186928388195
1789064060091947000,20.899947021484376,7.357107560893893,6.484034686797857,-0.025413934051338582
1789064060101984000,20.90998388671875,7.363104170960187,6.477193442600965,-0.03239689740701578
1789064060112021000,20.92002099609375,7.366915253680944,6.472823556953668,-0.03869259088458493
1789064060122058000,20.93005810546875,7.369578919932246,6.4697209147632115,-0.04895837073663715
1789064060132095000,20.940094970703125,7.3666668318778274,6.472957996988296,-0.0584143959752284
1789064060142132000,20.950132080078124,7.358748898360132,6.481870202240348,-0.06753041213711258
1789064060152169000,20.9601689453125,7.348942374616861,6.492864474463462,-0.07833810771298594
1789064060162206000,20.9702060546875,7.337370594766735,6.505745583346486,-0.0929786548834294
1789064060172242000,20.980241943359374,7.325272160694003,6.519135810795426,-0.10789115999620408
1789064060182279000,20.99027880859375,7.312655840227007,6.533043924638629,-0.1216056235639844
1789064060192316200,21.000316162109375,7.302505033090711,6.54411944540441,-0.13529826802560127
1789064060202353000,21.010352783203125,7.300658528441191,6.545825664800405,-0.15143690826669334
1789064060212390000,21.020389892578127,7.304728554359078,6.54083677047193,-0.16964036294994875
1789064060222427000,21.030427001953125,7.310798229661583,6.533512711194157,-0.18925512746954334
1789064060232464100,21.040464111328124,7.320188573819398,6.5222828766494985,-0.21225924216648562
1789064060242501000,21.050501220703126,7.3328802976101635,6.507128562137484,-0.23775932013131676
1789064060252537900,21.060537841796876,7.344419344234466,6.493176024630666,-0.2618238123350777
1789064060262574800,21.070574951171874,7.353919578507542,6.481500784406066,-0.2835316766764037
1789064060272612000,21.080612060546876,7.3612547437012195,6.472203963750601,-0.3047778783227317
1789064060282649000,21.090649169921875,7.36261434161663,6.469678244665265,-0.3248892855191603
1789064060292686000,21.10068603515625,7.361199798643589,6.469968752044439,-0.3501816572837531
1789064060302722800,21.110722900390623,7.356390352535247,6.473876280876993,-0.3779391405202448
1789064060312759800,21.120759765625,7.348038119253515,6.481800059613585,-0.4037206109760329
1789064060322797000,21.130797119140624,7.337327924668789,6.492471675753593,-0.4263996219044551
1789064060332834000,21.140833984375,7.324397131425142,6.5057613654375075,-0.44570283625684676
1789064060342871000,21.15087109375,7.31419839349389,6.51586424177885,-0.4651949607774615
1789064060352907000,21.160906982421874,7.305271575194597,6.5240224137932055,-0.4904359676809981
1789064060362944000,21.170944091796876,7.300236503636836,6.52780134781003,-0.5145359147906303
1789064060372981000,21.18098095703125,7.29965198174715,6.5263195848196744,-0.5409297815237194
1789064060383018000,21.19101806640625,7.301160632744431,6.523091270422935,-0.5592150510052218
1789064060393055000,21.201054931640623,7.30778326575458,6.51424336257875,-0.5756054466508329
1789064060403092000,21.211092041015625,7.316919342890381,6.5023167779415845,-0.5940971984898671
1789064060413129200,21.221129150390624,7.327949270948767,6.487700808089971,-0.6174731421738863
1789064060423166000,21.231166015625,7.337206344115733,6.474677660387754,-0.643688729730621
1789064060433203000,21.241202880859376,7.3429492716819045,6.4661401336669915,-0.6637153995193541
1789064060443240000,21.251239990234374,7.3462804619312285,6.460531061613559,-0.6812419961206615
1789064060453277000,21.26127685546875,7.3454948645114895,6.459819113951921,-0.696297964824736
1789064060463314200,21.271314208984375,7.340058810937404,6.464442682099342,-0.7105706011313945
1789064060473351000,21.281350830078125,7.330303725120425,6.473758791977167,-0.7262833532437681
1789064060483388000,21.291387939453124,7.320397832655906,6.483098867252469,-0.7426886907301843
1789064060493425000,21.3014248046875,7.312001760232448,6.490654981720447,-0.7592145127911121
1789064060503462100,21.311462158203124,7.305998135903478,6.495787083911895,-0.7729942510142922
1789064060513499100,21.3214990234375,7.304287824854255,6.496165269574522,-0.7858820818990468
1789064060523535000,21.33153515625,7.303235685452819,6.495848458710312,-0.7981787419576197
1789064060533571800,21.34157177734375,7.308140993151068,6.488800878286361,-0.8105090120248496
1789064060543608800,21.35160888671875,7.318571201750635,6.475562626528739,-0.822193458469212
1789064060553646000,21.36164599609375,7.32956664301753,6.461755050450563,-0.8327995350923388
1789064060563683000,21.37168310546875,7.341963767775892,6.446921638455986,-0.8385448738113045
1789064060573720000,21.381719970703124,7.35319594040811,6.433563559710979,-0.8427100306667387
1789064060583756800,21.3917568359375,7.364101365303993,6.420336998391151,-0.848329477983713
1789064060593793800,21.401793701171876,7.372804896241426,6.4090639092266555,-0.8579235280200839
1789064060603831000,21.4118310546875,7.374912097653747,6.405216001626849,-0.8684838658053428
1789064060613868000,21.421867919921876,7.371559280094504,6.408146209859848,-0.8753032634966075
1789064060623905000,21.431905029296875,7.3655194154083725,6.414212378031015,-0.8816947180993855
1789064060633942000,21.44194189453125,7.3576903292179106,6.42285687225759,-0.8841272790085524
1789064060643979000,21.45197900390625,7.347799049800634,6.434333959561586,-0.8829401150505989
1789064060654016000,21.46201611328125,7.336603117525577,6.446826361387967,-0.8849157259725033
1789064060664053000,21.472052978515624,7.325133629006147,6.459328700086474,-0.8887487282641231
1789064060674090000,21.482090087890626,7.311855629760027,6.473396388405561,-0.8957085573393851
1789064060684127000,21.492126953125,7.301843354311585,6.483593957293033,-0.903590250499919
1789064060694163200,21.5021630859375,7.295024321946501,6.490498914375901,-0.9090746732603758
1789064060704200000,21.512199951171876,7.292096451801061,6.493565900731086,-0.9106693951059133
1789064060714236700,21.522236572265626,7.294446814319491,6.491126106363534,-0.9092325672358273
1789064060724273700,21.532273681640625,7.301586164680123,6.483129846912622,-0.9089886754773556
1789064060734310700,21.542310546875,7.31388158262968,6.469063912159204,-0.9103468120880425
1789064060744347600,21.55234765625,7.329153386041521,6.451516565030813,-0.9120440444599837
1789064060754384600,21.562384521484375,7.344752521711587,6.433158486041426,-0.9162258601892739
1789064060764421600,21.572421630859374,7.357145554816722,6.418877447232604,-0.9169589237041771
1789064060774458600,21.582458740234376,7.363116445919871,6.412564610823988,-0.9131917531903833
1789064060784495600,21.59249560546875,7.367919462287426,6.407653457906842,-0.9089162678282707
1789064060794532900,21.602532958984376,7.367777423468231,6.408278896328807,-0.9056517861396074
1789064060804569600,21.612569580078127,7.36093559474945,6.4168228527903555,-0.9007746816225349
1789064060814606600,21.622606689453125,7.353213476064801,6.426427131959795,-0.8953663928382098
1789064060824643600,21.6326435546875,7.344816819119453,6.436335362511873,-0.8931052429731935
1789064060834680800,21.642680908203126,7.336179923677444,6.446825192344188,-0.888424610876292
1789064060844717800,21.6527177734375,7.326424837860465,6.4589376549422735,-0.8809143083114176
1789064060854754600,21.662754638671874,7.3172642108052965,6.4704924836575985,-0.872214430635795
1789064060864791600,21.67279150390625,7.31101041110754,6.478728981605172,-0.8634714444708078
1789064060874827500,21.68282763671875,7.307430214533209,6.483724305674433,-0.8562550833512097
1789064060884864800,21.69286474609375,7.307853408381343,6.484131717431545,-0.8495288438361137
1789064060894901800,21.70290185546875,7.313794488868117,6.478364824467897,-0.8423714463621378
1789064060904938800,21.712938720703125,7.3211787539005275,6.47149669226408,-0.8309415592007339
1789064060914975700,21.722975830078123,7.330821611514687,6.46233840329647,-0.8170764807816594
1789064060925012500,21.733012451171874,7.339796945130825,6.453781002831459,-0.8040382085755466
1789064060935049700,21.7430498046875,7.347938750532269,6.44585254791975,-0.7931984693270177
1789064060945086700,21.753086669921874,7.353450791952014,6.4410395946800705,-0.7811248043693602
1789064060955123700,21.763123779296876,7.354173845529556,6.441825776621699,-0.7677157991547137
1789064060965160700,21.77316064453125,7.353423903945088,6.44410073581636,-0.7557174644555896
1789064060975197700,21.78319775390625,7.349540340510011,6.449647848549485,-0.7461170577436685
1789064060985234700,21.793234619140627,7.342597974026202,6.458914274066686,-0.734215242221579
1789064060995271700,21.803271728515625,7.333768770882487,6.470851964619755,-0.717142819128558
1789064061005308700,21.81330859375,7.326689626276493,6.480897557815909,-0.6985475703824311
1789064061015345700,21.823345703125,7.324339263758063,6.485457413077354,-0.6806491447940468
1789064061025382700,21.833382568359376,7.324760119518637,6.486517151263356,-0.6658607409849763
1789064061035419600,21.843419677734374,7.3244526610046625,6.488578175446391,-0.6489416818227619
1789064061045456600,21.85345654296875,7.3270683964610095,6.486943852242827,-0.6356230583053082
1789064061055492600,21.86349267578125,7.331004566866159,6.483463024389743,-0.6256624399788677
1789064061065529600,21.873529541015625,7.336611300832033,6.478337936460972,-0.6129115333467722
1789064061075566800,21.88356689453125,7.340338212400674,6.475707587957382,-0.5958458687881008
1789064061085603800,21.893603759765625,7.340815766784548,6.477001719421148,-0.5755532415395602
1789064061095640600,21.903640625,7.340662037527561,6.4787126149922605,-0.5579963228652254
1789064061105677600,21.913677490234374,7.34015934870243,6.480390192815661,-0.5449685355205088
1789064061115714800,21.92371484375,7.338448453131318,6.483430291163921,-0.5316837412074208
1789064061125751800,21.933751708984374,7.332741765922307,6.49091100230813,-0.5189904465140774
1789064061135788800,21.943788818359376,7.325605338171124,6.500205484876036,-0.5032035697195678
1789064061145825500,21.953825439453126,7.3174284614562985,6.5109034045010805,-0.4834858562821522
1789064061155862500,21.963862548828125,7.3110589264243835,6.519243947345018,-0.4671794856581837
1789064061165899800,21.973899658203123,7.304996265384554,6.526902353143692,-0.4549219885662198
1789064061175936800,21.983936767578125,7.300315998613834,6.532640604534745,-0.44763365818895395
1789064061185973800,21.993973876953124,7.299463765698671,6.5342568075597285,-0.43784682552684095
1789064061196010500,22.004010498046874,7.302582774502039,6.531651593497395,-0.42450083907842634
1789064061206047700,22.0140478515625,7.309532739770412,6.524814440953731,-0.40977987448237835
1789064061216083700,22.024083740234374,7.315828040522336,6.518674623024463,-0.39488362638466057
1789064061226120700,22.03412060546875,7.320888246521354,6.513545443442464,-0.3856333482846617
1789064061236157700,22.04415771484375,7.326399703419208,6.507426083779334,-0.3842666630413383
1789064061246194700,22.054194580078125,7.330975925293564,6.502086476317047,-0.38736777086183427
1789064061256231700,22.064231689453123,7.335536365076899,6.497001720398664,-0.38634434609822926
1789064061266268700,22.0742685546875,7.336953830659389,6.495892882373929,-0.37797994745466856
1789064061276305700,22.0843056640625,7.332998955553769,6.501085190320015,-0.3652554539054632
1789064061286342700,22.0943427734375,7.326587334945797,6.5089703906118865,-0.3532916790630668
1789064061296380000,22.1043798828125,7.320686586469411,6.5157946836739775,-0.3497959459017962
1789064061306416600,22.114416748046875,7.317147306427359,6.519636746054887,-0.3522578425033018
1789064061316453600,22.12445361328125,7.312887310895324,6.524254468983411,-0.35519977770671246
1789064061326490600,22.13449072265625,7.310005617979169,6.5274249157130715,-0.3562670781446621
1789064061336527600,22.144527587890625,7.312476392006873,6.525045911622047,-0.34908341371826823
1789064061346564900,22.15456494140625,7.320737439873814,6.516185144296288,-0.3413517234876752
1789064061356601600,22.1646015625,7.328941789117455,6.507365293502807,-0.3334664135979488
1789064061366638600,22.174638671875,7.335551562646031,6.500311283338069,-0.32561657688040285
1789064061376675600,22.184675537109374,7.344087335801124,6.490646213892102,-0.3260166455812752
1789064061386712800,22.194712890625,7.352350137233734,6.481103894042969,-0.3295872706096619
1789064061396748800,22.204748779296875,7.359339265468716,6.473139198774099,-0.33010943132024256
1789064061406785800,22.214785888671877,7.363297063183784,6.468871604457497,-0.3254907220110297
1789064061416822800,22.22482275390625,7.3627739160925145,6.4700418172806495,-0.313856434851326
1789064061426859500,22.234859619140625,7.359584764662385,6.474117103895544,-0.30446218170337375
1789064061436896800,22.244896728515624,7.3536816780984395,6.481086942908168,-0.29876205209931356
1789064061446933800,22.254933837890626,7.347115743711591,6.488592203971743,-0.2973970290901139
1789064061456970800,22.264970703125,7.3368521238505835,6.500345770129561,-0.2941092761237174
1789064061467007700,22.2750078125,7.321154203981161,6.518379439470172,-0.28603538485933094
1789064061477044500,22.28504443359375,7.306352356168627,6.535338757577538,-0.2773897033226676
1789064061487081700,22.295081787109375,7.295626379492878,6.547558187681436,-0.271467619797308
1789064061497118700,22.30511865234375,7.287070148071646,6.557334900808334,-0.2652241770967841
1789064061507155700,22.31515576171875,7.281514267510175,6.563879792407155,-0.25576217420855535
1789064061517192700,22.325192626953125,7.2809016885697835,6.564911473542452,-0.24656194579536095
1789064061527229700,22.335229736328124,7.285024905979633,6.560536911720037,-0.2411616211217828
1789064061537266700,22.3452666015625,7.293417471271753,6.551442335638404,-0.2346268490581773
1789064061547303700,22.3553037109375,7.306783733323216,6.5366048319906,-0.23257174315927548
1789064061557340700,22.365340576171874,7.319424603709578,6.522679182490706,-0.22598659261530263
1789064061567376600,22.375376708984376,7.3321595821201795,6.508564732420444,-0.22001683402331546
1789064061577414000,22.385413818359375,7.342401574671268,6.4972179934978485,-0.21375006524613127
1789064061587450600,22.39545068359375,7.349195472595095,6.489876983085274,-0.20300507334265858
1789064061597487600,22.405487548828123,7.352694420626759,6.486183973786234,-0.19411617590095848
1789064061607524600,22.415524658203125,7.349490656149387,6.490080981224775,-0.18498033622717483
1789064061617561600,22.4255615234375,7.343194186353683,6.497413223809003,-0.1775107675314881
1789064061627598800,22.435598876953126,7.335398417910933,6.506330689758062,-0.1731407540200278
1789064061637635600,22.445635498046876,7.3263131941795345,6.516691924774646,-0.16805349561730398
1789064061647672600,22.455672607421874,7.316865566876531,6.527485705989599,-0.16061220316803082
1789064061657709600,22.46570947265625,7.308703303208946,6.536856760925054,-0.1508173333299346
1789064061667746800,22.475746826171875,7.303745388540625,6.54262599197626,-0.14047458381811156
1789064061677783800,22.48578369140625,7.3015885027676815,6.545193212115764,-0.1328262792883441
1789064061687820800,22.49582080078125,7.3040855802804225,6.542528961342573,-0.12661493962598033
1789064061697857500,22.505857421875,7.310489602103829,6.535482549962401,-0.12079736678786575
1789064061707894800,22.515894775390624,7.320051211175322,6.524948880988359,-0.11082369718360714
1789064061717932300,22.525932373046874,7.333130472978949,6.510423512029647,-0.09982009087656624
1789064061727969300,22.53596923828125,7.344692900478839,6.497548832887411,-0.08789452915270812
1789064061738005200,22.546005126953126,7.355913382673263,6.484936604073643,-0.08078977518142201
1789064061748042000,22.5560419921875,7.363104755482077,6.476791876062751,-0.07899261696580796
1789064061758079200,22.566079345703123,7.364624512395262,6.475111960151791,-0.07498064137808978
1789064061768116200,22.5761162109375,7.360790633320808,6.479537375378609,-0.06892601294766645
1789064061778153200,22.5861533203125,7.352589206686615,6.4889101838797325,-0.06212896865210495
1789064061788190200,22.596190185546874,7.342372348576784,6.500526387393474,-0.055850052779400715
1789064061798227000,22.60622705078125,7.329202485880256,6.515407145661115,-0.05149363853503018
1789064061808264200,22.61626416015625,7.3143825178891415,6.53209056943655,-0.04446043826288078
1789064061818301200,22.62630126953125,7.304820908817648,6.542809531849622,-0.04026441591172479
1789064061828338200,22.636338134765627,7.300282680866122,6.547887858027219,-0.037624973069515545
1789064061838375200,22.646375244140625,7.303261988937854,6.544563682040572,-0.037945843620912634
1789064061848412200,22.656412109375,7.309021867638826,6.538126342469454,-0.03854872543448582
1789064061858449200,22.66644921875,7.3166644913464784,6.529573618179559,-0.038359641736326736
1789064061868486100,22.676486083984376,7.330639825206995,6.513842965084314,-0.044088645808422006
1789064061878523100,22.686523193359374,7.344795191809535,6.497859214010834,-0.04685915626795031
1789064061888560400,22.696560302734376,7.358767603060603,6.48203269932568,-0.046705125616863366
1789064061898597000,22.70659716796875,7.367149062436819,6.472520190092921,-0.044562405366590244
1789064061908633300,22.71663330078125,7.373797414410114,6.464925497180223,-0.04733914007092826
1789064061918670000,22.726670166015627,7.377130942746996,6.461055962270498,-0.05561561840244103
1789064061928707000,22.73670703125,7.37451286920309,6.463937655186653,-0.06676822755900211
1789064061938744300,22.746744384765623,7.366992995092272,6.472418483284115,-0.07482536861798726
1789064061948781300,22.75678125,7.358332718774676,6.482179998841882,-0.08164188023242168
1789064061958818300,22.766818359375,7.348904965215921,6.492821219843625,-0.08517769880890846
1789064061968855000,22.77685498046875,7.3379229679524896,6.505197886335849,-0.08758558193454519
1789064061978892000,22.78689208984375,7.328834237089753,6.51537908861041,-0.09165514206155202
1789064061988929300,22.79692919921875,7.319907418790459,6.525234127670526,-0.1032043447536882
1789064061998966300,22.80696630859375,7.314425187987089,6.531148904672265,-0.11686225582864135
1789064062009003300,22.817003173828127,7.313591659772396,6.5318386405020945,-0.12979090278097427
1789064062019040000,22.8270400390625,7.313263742992281,6.532084139695764,-0.1357927644111216
1789064062029077200,22.8370771484375,7.316280460464954,6.52858285357654,-0.14154506259383634
1789064062039114200,22.8471142578125,7.3213634628176685,6.522632420739531,-0.152595375853125
1789064062049151200,22.857151123046876,7.325872464674711,6.517306257280707,-0.16338082763114944
1789064062059188200,22.867188232421874,7.330526427960395,6.511691340008378,-0.1778679834713228
1789064062069225000,22.877224853515624,7.333620302322506,6.5078574609339235,-0.19023789142919703
1789064062079262200,22.88726220703125,7.336758015826344,6.5040066307246684,-0.20066404490815473
1789064062089298200,22.897298095703125,7.337749364951253,6.502631835240125,-0.20881162246325982
1789064062099335200,22.907335205078127,7.334789930623769,6.505824493801593,-0.21329300566101445
1789064062109372200,22.9173720703125,7.332553549873828,6.508059120985865,-0.22184832376679403
1789064062119409200,22.9274091796875,7.331177000823616,6.509266743209958,-0.2316946863301098
1789064062129446100,22.937446044921874,7.330829210299253,6.50928194077909,-0.24201613732557742
1789064062139483100,22.947483154296876,7.328276603206992,6.511953790336847,-0.24740051551135256
1789064062149520100,22.95752001953125,7.3265563552856445,6.513710863137245,-0.2520393177605234
1789064062159557000,22.96755712890625,7.328767601594328,6.51103375288248,-0.25687585280518976
1789064062169594400,22.977594482421875,7.33271838504672,6.506369268202781,-0.26226673379698767
1789064062179631400,22.98763134765625,7.339705759716034,6.49829643638432,-0.26690991996033114
1789064062189668000,22.997668212890623,7.3464727696329355,6.490455659756064,-0.27149452607054264
1789064062199705000,23.007705078125,7.352154322400689,6.483890894412994,-0.274547264704667
1789064062209742000,23.0177421875,7.3556287205129856,6.479988626277446,-0.2736068785820156
1789064062219779300,23.027779296875,7.360173378205299,6.474628560549021,-0.2782557090348564
1789064062229816300,23.03781640625,7.362053785124421,6.472347756135464,-0.28156097939163444
1789064062239853000,23.04785302734375,7.358406368532776,6.4763464703828095,-0.28492528645927084
1789064062249889000,23.057888916015624,7.352033326369524,6.48339580437243,-0.28908344731833785
1789064062259926000,23.067926025390626,7.345300803244114,6.490837352550029,-0.2931971845137887
1789064062269963300,23.07796337890625,7.33976713451445,6.496889492195844,-0.2977088897845708
1789064062280000300,23.088000244140623,7.331774382194876,6.505907495909929,-0.29771831520004194
1789064062290037200,23.098037353515625,7.320090374141931,6.5190253361582755,-0.2982878769826144
1789064062300074000,23.108073974609376,7.3098045424491165,6.530482549718022,-0.29991841906020417
1789064062310111200,23.118111328125,7.300572603723406,6.540579580840468,-0.30471129762623456
1789064062320148200,23.128148193359376,7.293514501905441,6.548311051875353,-0.30766543472409247
1789064062330185200,23.138185302734374,7.287202834540605,6.55532882168293,-0.30777612855695186
1789064062340222200,23.14822216796875,7.283386491122841,6.559588232693076,-0.3073604969607666
1789064062350259200,23.15825927734375,7.284328155887127,6.558520311200619,-0.3078197850355878
1789064062360296200,23.168296142578125,7.288842418441176,6.553406329187751,-0.30987777701131997
1789064062370333200,23.178333251953124,7.296546416947245,6.544786384880543,-0.31074239448402075
1789064062380370200,23.1883701171875,7.306020932257175,6.53418023519218,-0.3113273182325065
1789064062390407200,23.1984072265625,7.31750035764873,6.521277498999238,-0.31225900959204883
1789064062400444200,23.208444091796874,7.327263042250276,6.510414159679413,-0.31002335949447
1789064062410481200,23.218481201171876,7.334498254200816,6.502397441962361,-0.30715226103756577
1789064062420517000,23.22851708984375,7.341420162418484,6.49458472238481,-0.30710045778509226
1789064062430554000,23.23855419921875,7.344756613364815,6.490840859681367,-0.3064536843141541
1789064062440591000,23.248591064453127,7.34685563147068,6.488456594893336,-0.3066355802197009
1789064062450628400,23.25862841796875,7.347792620059847,6.487320868861675,-0.308208017168194
1789064062460665300,23.268665283203124,7.345185652431845,6.490210160562396,-0.30951522730924186
1789064062470702000,23.2787021484375,7.342956285944581,6.492728280863165,-0.3096065588545054
1789064062480739000,23.288739013671876,7.338132811310887,6.498215187841653,-0.3088566172700375
1789064062490776300,23.2987763671875,7.332827106118202,6.5041697123318905,-0.3095361604994163
1789064062500813300,23.308813232421876,7.32757225432992,6.510002071747183,-0.31135062604285774
1789064062510850300,23.318850341796875,7.322960376620292,6.515101440712809,-0.31319541365932674
1789064062520887000,23.328886962890625,7.32139853413105,6.516597232228517,-0.31853173318598416
1789064062530924000,23.338924072265623,7.318687521606683,6.519534454724192,-0.32073512498177587
1789064062540961300,23.348961181640625,7.319325819510221,6.5188102321028705,-0.32088209570441395
1789064062550998300,23.358998291015624,7.320406015962362,6.517677428680658,-0.31925730751417575
1789064062561035300,23.36903515625,7.321828742241859,6.516165855073928,-0.31748120121974494
1789064062571072000,23.379072021484376,7.3244234349101776,6.5133128037303685,-0.3161730777632445
1789064062581109200,23.389109130859374,7.326874335193634,6.510570811545849,-0.31586492512952535
1789064062591146200,23.399146240234376,7.329598207199573,6.507523698934913,-0.3154501703161746
1789064062601182200,23.40918212890625,7.330913381451368,6.506078176301718,-0.31470457611326125
1789064062611219200,23.41921923828125,7.331014503738284,6.506124938052892,-0.3113571288488805
1789064062621256200,23.429256103515623,7.332498020294309,6.50467415472269,-0.30671814393661917
1789064062631293200,23.439293212890625,7.332375270697474,6.505037142816185,-0.3019109628506005
1789064062641330200,23.449330078125,7.335065240433812,6.502218578264117,-0.2972410713434219
1789064062651367200,23.4593671875,7.337570501253008,6.499616286811232,-0.2922772201246582
1789064062661404200,23.469404052734376,7.339926708990335,6.497315024131536,-0.28417063216706734
1789064062671441200,23.479441162109374,7.345206110697984,6.491627041622996,-0.2776868048394099
1789064062681478100,23.48947802734375,7.347050277259945,6.489949463799595,-0.2679336004522629
1789064062691515100,23.49951513671875,7.349899821472167,6.487161294385791,-0.25709046367025
1789064062701552000,23.50955224609375,7.353951142689585,6.482808359873294,-0.25098725142432377
1789064062711589000,23.519589111328123,7.355075762805342,6.481842729711532,-0.24281232920456677
1789064062721625900,23.5296259765625,7.354945414423942,6.482393349331617,-0.23180738945696502
1789064062731662800,23.539662841796876,7.353050978979468,6.485079811936616,-0.21625857746833935
1789064062741699600,23.549699462890626,7.352315650442242,6.486335364955663,-0.20319433057075365
1789064062751736600,23.559736572265624,7.350639241662621,6.488600971800088,-0.19115739916060118
1789064062761773600,23.569773681640626,7.347167766159773,6.492884348207712,-0.1788152011935599
1789064062771809500,23.5798095703125,7.343392339274287,6.497430174943804,-0.16844523488124832
1789064062781846800,23.5898466796875,7.338754742601513,6.503018204209208,-0.15430526677723974
1789064062791883800,23.5998837890625,7.335650346845388,6.5068666963309045,-0.138938213696843
1789064062801920800,23.609920654296875,7.335095635572076,6.507822389620542,-0.12246225865962915
1789064062811957500,23.61995751953125,7.33519968046844,6.507959752264618,-0.10809748709010891
1789064062821994800,23.629994873046876,7.3368088692307465,6.50635465515554,-0.0947023277377244
1789064062832031700,23.64003173828125,7.3412518201142545,6.501513060343266,-0.08206324744964949
1789064062842068700,23.65006884765625,7.344788177546858,6.497689702662825,-0.06704765185515861
1789064062852105700,23.660105712890626,7.3490323909878725,6.493065549993514,-0.046947382540674876
1789064062862142700,23.670142822265625,7.352965054261684,6.488704432174563,-0.0317453404463944
1789064062872179700,23.6801796875,7.352365334802865,6.489440929755568,-0.01625073943810421
1789064062882216700,23.690216796875,7.354908589544892,6.486570342755317,-0.010360793200234183
1789064062892253700,23.700253662109375,7.353186003535986,6.488530244651437,-0.003670265746391669
1789064062902290700,23.710290771484374,7.348304076713323,6.4940522229433055,0.010512112446071115
1789064062912327700,23.72032763671875,7.34825380783081,6.494071512165665,0.02408214659146033
1789064062922364700,23.73036474609375,7.344944829413294,6.497721851366758,0.042186328451591544
1789064062932401700,23.740401611328124,7.340684833881259,6.50239861100614,0.05951041105100885
1789064062942437600,23.750437744140626,7.340486680960654,6.502537727215886,0.06813514569776598
1789064062952474600,23.760474609375,7.340415369290113,6.502568122354149,0.07275958606144413
1789064062962512000,23.770511962890627,7.341735804238915,6.501008617952466,0.07864880849681795
1789064062972548600,23.780548583984373,7.3446455542057745,6.497597932726144,0.08825210128556936
1789064062982585600,23.790585693359375,7.34618401581943,6.495668425968289,0.1012396662177518
1789064062992622600,23.80062255859375,7.351086985430121,6.489917315095663,0.11346948985150083
1789064063002659800,23.810659912109376,7.358207631090283,6.4816515910536046,0.1239380120343063
1789064063012696800,23.82069677734375,7.361764446789026,6.477440110838413,0.13258567546550185
1789064063022733600,23.830733642578124,7.364720373985171,6.4739283033251755,0.139757859516656
1789064063032770600,23.8407705078125,7.368461898601055,6.469615116301179,0.14224205928151495
1789064063042807600,23.8508076171875,7.368066177281737,6.469916145074367,0.14890471377479844
1789064063052844800,23.8608447265625,7.367608496642112,6.470298422390222,0.154820011366345
1789064063062881800,23.8708818359375,7.363320444059371,6.474952385675906,0.16397477493630722
1789064063072918500,23.88091845703125,7.358199447783828,6.48056145772934,0.17205896839899942
1789064063082955500,23.89095556640625,7.354087336289882,6.485120143947005,0.17604668632829562
1789064063092992800,23.90099267578125,7.350059980469942,6.489632652935385,0.17796143390843644
1789064063103029800,23.91102978515625,7.347738844045996,6.492223838472366,0.17931127761481327
1789064063113065700,23.921065673828124,7.3438558651328085,6.4964692209571595,0.18453403549809008
1789064063123102700,23.931102783203126,7.3416031177699566,6.49885523931086,0.19007274572905153
1789064063133139700,23.9411396484375,7.341121471732855,6.499243361845612,0.1953208755156025
1789064063143176700,23.9511767578125,7.340006788489222,6.500359214133024,0.20004525542268528
1789064063153213700,23.961213623046874,7.338252053776383,6.502317362463474,0.20078957098396494
1789064063163250700,23.971250732421876,7.333339731815457,6.507834080058336,0.20150847810935227
1789064063173287700,23.98128759765625,7.327772745338082,6.514193678218126,0.19851643842021002
1789064063183324700,23.99132470703125,7.323532623550295,6.519143994101881,0.19239886885536833
1789064063193361700,24.001361572265626,7.321443542316556,6.52161009195447,0.18827771553844214
1789064063203398700,24.011398681640625,7.3240171921968455,6.518763470351695,0.18675766636431215
1789064063213435600,24.021435546875,7.328688691139221,6.513397559404373,0.19069511541109532
1789064063223472600,24.03147265625,7.333926007270812,6.507458232483267,0.19207586571238933
1789064063233510000,24.041510009765624,7.3404966178327795,6.500120729202032,0.18953480292744934
1789064063243546600,24.051546630859374,7.345660284206271,6.494540883243084,0.18054671942759304
1789064063253583600,24.06158349609375,7.347761055877804,6.492401533126831,0.1717638213773258
1789064063263620600,24.07162060546875,7.3492960103601215,6.490802281236649,0.16647059207372367
1789064063273657900,24.081657958984376,7.348743052652478,6.491529426467419,0.1624895048146136
1789064063283693800,24.09169384765625,7.348271928009391,6.492138498276471,0.15942876553712412
1789064063293730800,24.101730712890625,7.349462599098682,6.490996927025914,0.15080966148013247
1789064063303767800,24.111767822265627,7.35051181589067,6.490031296864151,0.14090282830069772
1789064063313804500,24.121804443359373,7.349184366679191,6.491764404267072,0.12984677942036651
1789064063323841500,24.131841552734375,7.34713444841206,6.494236347338557,0.1220642083859071
1789064063333878800,24.141878662109374,7.3491037026584145,6.4922121480345725,0.11064687931197695
1789064063343915800,24.151915771484376,7.348537300947308,6.492998914498091,0.10170734766158275
1789064063353952800,24.161952880859374,7.346734050917625,6.49518093471229,0.0922647892593406
1789064063363989500,24.171989501953124,7.344321729078889,6.498074318066239,0.07974051272366195
1789064063374026800,24.18202685546875,7.341952661859989,6.500885868355631,0.06785052463668398
1789064063384063700,24.192063720703125,7.3424869148671625,6.500407729449868,0.054510643702070226
1789064063394100700,24.202100830078123,7.340677235096693,6.50253012843132,0.04410121759562753
1789064063404137700,24.2121376953125,7.337635383182763,6.506019724112749,0.03460616867103381
1789064063414174700,24.2221748046875,7.336474522709846,6.507374645853043,0.024563349670567548
1789064063424211700,24.232211669921874,7.336240713953972,6.507666906797885,0.014860062539484352
1789064063434248700,24.242248779296876,7.334943075358868,6.509143409091234,0.006414818353700684
1789064063444285700,24.25228564453125,7.333277187973261,6.5110232314884655,-0.0014958127788333513
1789064063454321700,24.26232177734375,7.33213970837593,6.5122928130328654,-0.012500531475554452
1789064063464359000,24.27235888671875,7.332757548013329,6.511555146408081,-0.02639978958379943
1789064063474395600,24.282395751953125,7.334613405013084,6.509401183244585,-0.039014082490489814
1789064063484432600,24.2924326171875,7.334736154609918,6.509194262495637,-0.04909790707149077
1789064063494469600,24.3024697265625,7.335606507703662,6.508188884845375,-0.052399483067262914
1789064063504506600,24.312506591796875,7.341753339895606,6.501204432785511,-0.05814844308199826
1789064063514543900,24.3225439453125,7.34676269249022,6.495501837229728,-0.06260794324150774
1789064063524580600,24.33258056640625,7.347876791211962,6.494214720028639,-0.06527931787522975
1789064063534617600,24.34261767578125,7.349673611500859,6.492142589929699,-0.06904367081085219
1789064063544654600,24.352654541015625,7.351969028961658,6.489467817762494,-0.0757946931407554
1789064063554691800,24.36269189453125,7.352099377343058,6.489298306414485,-0.0776326811236795
1789064063564728800,24.372728759765625,7.353688107839226,6.487521359869837,-0.07564052092577331
1789064063574765600,24.382765625,7.352851657015084,6.488481729334592,-0.0745636717747664
1789064063584802600,24.392802490234374,7.350303726097941,6.4913920638233416,-0.0724701700942358
1789064063594839600,24.402839599609376,7.350075762560963,6.491607167878747,-0.07617222578283399
1789064063604876800,24.412876708984374,7.350261055999994,6.491353485378623,-0.07985991045278497
1789064063614913800,24.422913818359376,7.351989487227797,6.489346821731329,-0.08375433320859446
1789064063624949800,24.43294970703125,7.352254275643825,6.489047546523809,-0.08371646714992821
1789064063634986800,24.44298681640625,7.350318339145183,6.491310230758786,-0.07816610301379114
1789064063645023500,24.4530234375,7.3497735647439955,6.491960219100117,-0.07526872390473727
1789064063655060700,24.463060791015625,7.350501294496655,6.491110908794402,-0.07742574210842139
1789064063665097700,24.47309765625,7.350856683805585,6.490611142578721,-0.08518561725388281
1789064063675134700,24.483134765625,7.347669285941124,6.494170880886912,-0.08880644723270088
1789064063685171700,24.493171630859376,7.345934424972533,6.4960986340790985,-0.09127748612188734
1789064063695208700,24.503208740234374,7.3449471675008535,6.497221500629187,-0.09078190289097837
1789064063705245700,24.51324560546875,7.342167181393504,6.500344601085781,-0.0921017624510452
1789064063715282700,24.52328271484375,7.33833213327527,6.504559003910422,-0.09992737804278731
1789064063725319700,24.533319580078125,7.333354929384589,6.5099406969487665,-0.11383577501378021
1789064063735357000,24.54335693359375,7.326915836247801,6.516904106220602,-0.1290578757986892
1789064063745393700,24.5533935546875,7.3220485224723815,6.522077124944329,-0.14317585126659832
1789064063755430700,24.5634306640625,7.318496382948756,6.52586015061438,-0.1521186982520856
1789064063765467600,24.573467529296874,7.313489368441701,6.531312570801377,-0.1587832707078196
1789064063775504600,24.583504638671876,7.309028881901503,6.536086361074447,-0.1674945830929093
1789064063785542000,24.5935419921875,7.307123925063014,6.537762185332179,-0.1843390974478796
1789064063795577900,24.603577880859376,7.308608026140928,6.535438126298785,-0.20657171631567178
1789064063805614600,24.613614501953126,7.313446113821864,6.529322858288884,-0.2276656134771183
1789064063815651600,24.623651611328125,7.318108260414004,6.523466533476114,-0.24506922301957382
1789064063825688600,24.6336884765625,7.324124744224548,6.5161792990773915,-0.25881973514826967
1789064063835725800,24.643725830078125,7.3307561450630425,6.508197068151831,-0.2716038499302231
1789064063845762800,24.6537626953125,7.342004099786281,6.494789305046201,-0.28821342301815744
1789064063855799600,24.663799560546874,7.351636436006427,6.483019956797361,-0.3070581895459443
1789064063865836500,24.67383642578125,7.3581959406524895,6.474667138993739,-0.3256147867821157
1789064063875873800,24.683873779296874,7.3632158146411175,6.467807774618268,-0.34770551296118646
1789064063885910800,24.693910888671876,7.364334589537978,6.465289654317498,-0.37011516889631746
1789064063895947800,24.70394775390625,7.3627230626881115,6.465981143712997,-0.3896064166340977
1789064063905984800,24.71398486328125,7.357894911879301,6.470311866393685,-0.4084419404095039
1789064063916021500,24.724021484375,7.3477972962349645,6.480784745091199,-0.4238888446599245
1789064063926058800,24.734058837890625,7.337192900112271,6.491604245269298,-0.44165436458364127
1789064063936095700,24.744095703125,7.327268887469172,6.5014037547498935,-0.46180590286105866
1789064063946132700,24.7541328125,7.315984107866883,6.512719514012336,-0.48088067875243723
1789064063956169700,24.764169677734376,7.307200497430562,6.521320753619074,-0.49757148211672897
1789064063966205700,24.774205810546874,7.301327221482992,6.526791293984651,-0.5118590237315744
1789064063976242700,24.78424267578125,7.296086982741952,6.531933917570114,-0.5209007736474275
1789064063986279700,24.79427978515625,7.295652682977915,6.531224307996034,-0.535671459136717
1789064063996316700,24.804316650390625,7.293369540476799,6.532608455830812,-0.5497047702621668
1789064064006353700,24.814353759765623,7.2935326220840215,6.531341212373971,-0.5624442056521773
1789064064016391000,24.824390869140625,7.298001291930675,6.525436956766248,-0.5729162440994754
1789064064026427600,24.834427734375,7.302098790377378,6.5201090397417545,-0.5813047542709857
1789064064036464600,24.844464599609374,7.306687871733307,6.514379556179046,-0.5878348866920918
1789064064046501600,24.854501708984376,7.312047937461734,6.507774458825588,-0.5943143849045038
1789064064056538600,24.86453857421875,7.320775433796644,6.4973249610036605,-0.6011709728009998
1789064064066576000,24.874575927734377,7.326892455372214,6.490042987301945,-0.6052857511760666
1789064064076612600,24.884612548828127,7.332970313981175,6.482875579890608,-0.6084901732405648
1789064064086649600,24.894649658203125,7.336985394841432,6.4783420281141995,-0.6083694694703444
1789064064096686600,24.9046865234375,7.33719523819983,6.4781140645772215,-0.6082690778357908
1789064064106723800,24.914723876953126,7.33551532228887,6.4803311561048025,-0.6049033642623574
1789064064116760800,24.9247607421875,7.332005268341303,6.484743127328157,-0.6001596038013697
1789064064126797600,24.934797607421874,7.328695120880007,6.488962206327915,-0.594960464255698
1789064064136833800,24.944833740234376,7.32533178192675,6.493100621306896,-0.5912265749569982
1789064064146870500,24.95487060546875,7.322221540951729,6.496999966832995,-0.5868999439295381
1789064064156907800,24.96490771484375,7.319667764815688,6.500568472969531,-0.5791930958792567
1789064064166944800,24.97494482421875,7.320324767419695,6.500474949467182,-0.5718889468783512
1789064064176981800,24.984981689453125,7.325304309397936,6.495522295495867,-0.5643527061546221
1789064064187018800,24.995018798828124,7.333090140968561,6.487451801764965,-0.5560099713535979
1789064064197055500,25.005055419921874,7.336960260400176,6.483952269211411,-0.545674564898014
1789064064207092700,25.0150927734375,7.337962715440988,6.48358168233335,-0.5365168239196763
1789064064217129700,25.025129638671874,7.339334588316082,6.482681518623233,-0.5285660110456869
1789064064227166700,25.035166748046876,7.341600779682397,6.480737983340025,-0.5208781599568203
1789064064237203700,25.04520361328125,7.342727153363824,6.480154630494117,-0.5121896804580465
1789064064247240700,25.05524072265625,7.337688574674725,6.486983599731325,-0.49774837305359537
1789064064257277700,25.065277587890623,7.3332152286529535,6.4930819166064255,-0.4839708998527378
1789064064267314700,25.075314697265625,7.332355981475114,6.494819115662574,-0.4735715613154694
1789064064277351700,25.0853515625,7.3330539006114,6.494636160311103,-0.4651919651027769
1789064064287389000,25.095388916015626,7.333039872086048,6.4954848860949275,-0.45342827940974384
1789064064297425700,25.10542578125,7.330743285581469,6.499145162168145,-0.4378426608083769
1789064064307461600,25.115461669921874,7.329263860678672,6.501756805971264,-0.42359022703953086
1789064064317498600,25.12549853515625,7.33008862106502,6.501504877036809,-0.4130553524890914
1789064064327535600,25.13553564453125,7.331410809579491,6.500542754006386,-0.4046529964553192
1789064064337572600,25.145572509765625,7.3312459744066,6.5015259198248385,-0.3916284605136141
1789064064347609900,25.15560986328125,7.330556823098659,6.503221617826819,-0.37606330017838624
1789064064357646600,25.165646484375,7.333003047206997,6.501432396322488,-0.35892756605818865
1789064064367683600,25.17568359375,7.337521401414275,6.497073616591096,-0.34525300524253394
1789064064377720600,25.185720458984374,7.338787475827336,6.496530595755576,-0.3281413461176678
1789064064387757800,25.1957578125,7.3395198817551135,6.4963914795458315,-0.31422658333797004
1789064064397794800,25.205794921875,7.34237936283946,6.493602141088247,-0.30492855710610745
1789064064407831600,25.21583154296875,7.345133629983663,6.490989912763237,-0.2940153690288774
1789064064417868500,25.22586865234375,7.3455176608651875,6.49124651787281,-0.2783399715185165
1789064064427905800,25.23590576171875,7.342890234971046,6.49506987555325,-0.257706659339834
1789064064437942800,25.24594287109375,7.340031338408589,6.49891193793416,-0.2418148060671985
1789064064447979800,25.255979736328126,7.339186119756102,6.5002843953311435,-0.2302870480218902
1789064064458016500,25.2660166015625,7.338030519980192,6.501818180769682,-0.22370920400153843
1789064064468053500,25.276053466796874,7.334449738883972,6.506198003289103,-0.21359171461295334
1789064064478089500,25.28608935546875,7.332533091607689,6.50868280584216,-0.20343378361612557
1789064064488126700,25.296126708984374,7.331584412580728,6.51006403106749,-0.19320337190497666
1789064064498163700,25.306163818359376,7.331836341515183,6.51008332028985,-0.18268128377087414
1789064064508200700,25.31620068359375,7.331871412828564,6.5102691982507706,-0.17447519922787322
1789064064518237700,25.32623779296875,7.330951375374197,6.511483834737539,-0.16767876228708772
1789064064528274700,25.336274658203124,7.332164258295297,6.510178597357869,-0.1652902231827378
1789064064538311700,25.346311767578126,7.337166596627235,6.50458121574223,-0.16369215860264374
1789064064548348700,25.3563486328125,7.342853410091996,6.498264872202276,-0.15951757633173838
1789064064558385700,25.3663857421875,7.347204591038823,6.493464778444171,-0.15453458202108739
1789064064568423000,25.3764228515625,7.349478381189703,6.490982898500562,-0.1506270897211507
1789064064578459600,25.386459716796875,7.350597740608453,6.4896028423190115,-0.1554098487519659
1789064064588496600,25.39649658203125,7.350023740112781,6.49001551477313,-0.1650551723178476
1789064064598533600,25.40653369140625,7.347558226782083,6.492448879399896,-0.1785654276835732
1789064064608570600,25.416570556640625,7.3433274573445315,6.497030946493148,-0.18579263899074866
1789064064618607900,25.42660791015625,7.337710786506533,6.503157904940843,-0.1932073722266592
1789064064628644600,25.43664453125,7.3297706411570305,6.511960804599523,-0.19800193129312246
1789064064638681600,25.446681640625,7.321872581383586,6.520517036020755,-0.20835949478158727
1789064064648718600,25.456718505859374,7.314658996742963,6.528137447896599,-0.222651657772623
1789064064658754600,25.466754638671876,7.309687638071179,6.533017036631703,-0.2419555479784496
1789064064668791800,25.476791748046875,7.30647744385302,6.535822741702199,-0.2622941697931848
1789064064678828800,25.486828857421877,7.304003162693977,6.537922344329953,-0.2783759926799685
1789064064688865500,25.496865478515623,7.303765262284874,6.537379908016324,-0.29676035688808183
1789064064698902500,25.506902587890625,7.306148942551016,6.534017738106846,-0.31174229224156585
1789064064708939800,25.516939697265624,7.312426123124361,6.525966533598304,-0.3325137159829959
1789064064718976500,25.5269765625,7.322606156355143,6.513397559404373,-0.3542192787693813
1789064064729013800,25.537013671875,7.332491006031632,6.500842613735794,-0.3794776751991361
1789064064739050800,25.54705078125,7.341019180402159,6.489924329358339,-0.40087070143762976
1789064064749087500,25.55708740234375,7.3475985587924715,6.48091392442882,-0.4253544602330774
1789064064759124500,25.56712451171875,7.352676300448179,6.473605647242069,-0.44830045153461395
1789064064769161500,25.577161376953125,7.3569912410378455,6.466839806368947,-0.4743870424168184
1789064064779198700,25.58719873046875,7.356108028462529,6.4661272741854185,-0.4972406427271664
1789064064789235700,25.597235595703125,7.351489721012115,6.469454957303404,-0.5216625883327797
1789064064799272400,25.6072724609375,7.343839498519897,6.47612201397717,-0.5461284826779738
1789064064809309400,25.617309326171874,7.3361834308087825,6.482842846664786,-0.5688086261175572
1789064064819346700,25.6273466796875,7.329216514405608,6.4885904504060745,-0.5925832137303426
1789064064829382700,25.637382568359374,7.323456635704636,6.493209342378377,-0.6128610087359324
1789064064839419600,25.647419677734376,7.317172440868616,6.4986506566494695,-0.6300091639462858
1789064064849456600,25.65745654296875,7.312412094599008,6.502413808575272,-0.6462407523009925
1789064064859493400,25.667493408203125,7.309716279643774,6.503464778932929,-0.6658602295283228
1789064064869530600,25.677530517578123,7.3090697984337805,6.502241959139704,-0.684637556843087
1789064064879567600,25.687567626953125,7.310931500652432,6.498394051539898,-0.701095866625756
1789064064889604600,25.6976044921875,7.31293056551516,6.494926083168387,-0.712297424924001
1789064064899641600,25.7076416015625,7.316819974169134,6.4900219445139165,-0.7170359977532178
1789064064909678300,25.71767822265625,7.323385908555984,6.482130314481258,-0.7213774610236287
1789064064919715600,25.727715576171875,7.330176299348473,6.474229916620254,-0.7233530719455331
1789064064929752600,25.737752685546877,7.336663323280215,6.466875462204218,-0.7233789370391518
1789064064939789600,25.74778955078125,7.342523739746213,6.460716939574479,-0.7189359130904078
1789064064949826600,25.75782666015625,7.3481842497259375,6.4544473577857016,-0.7174092880450189
1789064064959863600,25.767863525390624,7.350247611996531,6.452530125987529,-0.7135067276485264
1789064064969900500,25.777900634765626,7.348749482393265,6.455426431950927,-0.7026616546377539
1789064064979937500,25.7879375,7.347700265601277,6.458045090016722,-0.6894480258647352
1789064064989974500,25.797974609375,7.347011698815226,6.460452735680342,-0.6740510617032647
1789064065000011800,25.80801171875,7.344520466521382,6.4650920859187835,-0.6564979424212127
1789064065010047700,25.8180478515625,7.342312727344035,6.469578875944018,-0.6366898838192224
1789064065020084700,25.828084716796877,7.340016725361346,6.474077940928936,-0.6171357269130647
1789064065030121500,25.83812158203125,7.340294957780838,6.475559119397402,-0.5979899316120892
1789064065040158500,25.848158447265625,7.34347943303585,6.473903753405809,-0.5764298051783815
1789064065050195500,25.858195556640624,7.345114925283193,6.474281939068436,-0.5507683443730697
1789064065060232700,25.868232666015626,7.3479703147143125,6.473265455502271,-0.5239692213073373
1789064065070269700,25.878269775390624,7.350625797659158,6.472355939441919,-0.4972889753809198
1789064065080306400,25.888306396484374,7.356225517362356,6.46778439374268,-0.47338075145110486
1789064065090343400,25.898343505859376,7.358844759950041,6.466502537238598,-0.44959107586704194
1789064065100380700,25.908380615234375,7.360368023994565,6.466394985210895,-0.4255659475592896
1789064065110417700,25.918417724609377,7.360747378700971,6.467735878425836,-0.39770927826464175
1789064065120454700,25.92845458984375,7.360549810302257,6.469633236479758,-0.3695085813052952
1789064065130491400,25.938491455078125,7.359381935566663,6.472418483284115,-0.34304804254416377
1789064065140528600,25.948528564453124,7.356212073358893,6.477287550625205,-0.3182334808917716
1789064065150565600,25.958565673828126,7.352631292262673,6.4824933025747535,-0.2940650533895008
1789064065160602600,25.9686025390625,7.351041977244615,6.485182103267312,-0.27380426431763916
1789064065170639600,25.9786396484375,7.348079620307684,6.489417548879981,-0.25211260219244286
1789064065180675600,25.988675537109376,7.344153386774659,6.494606349694728,-0.2321253693649545
1789064065190712600,25.998712646484375,7.34293875028789,6.496534687408804,-0.21603660528073085
1789064065200749600,26.00874951171875,7.341489136001467,6.498614416292309,-0.20231108146281912
1789064065210786600,26.01878662109375,7.3416235760360955,6.498825428694486,-0.19031619909610598
1789064065220823600,26.028823486328125,7.341617146295309,6.499191923919319,-0.17764042179314418
1789064065230860500,26.038860595703124,7.342465287557244,6.498578760457039,-0.1645017396861687
1789064065240897500,26.0488974609375,7.3491113014429805,6.491195079946517,-0.15918401526212692
1789064065250934500,26.0589345703125,7.35336369819045,6.486492601343989,-0.1543877026299946
1789064065260971500,26.068971435546874,7.357067228883505,6.482400948116183,-0.14972950156060977
1789064065271008500,26.079008544921876,7.361316703021526,6.477545324778556,-0.15102317636664955
1789064065281045800,26.089045654296875,7.366149530005455,6.471938590812683,-0.15571155337858944
1789064065291082500,26.09908251953125,7.368553668537736,6.469091969209909,-0.1601770083548501
1789064065301119500,26.109119384765624,7.366778475558758,6.471140133911371,-0.15909080228703096
1789064065311156500,26.119156494140626,7.364227037510275,6.473987340036034,-0.16134493788937107
1789064065321193500,26.129193359375,7.3610408086895935,6.477466414323449,-0.167008589674253
1789064065331230700,26.139230712890626,7.356364049050211,6.4825570154607295,-0.17533473866665736
1789064065341267700,26.149267822265625,7.3500728399515145,6.489414626270532,-0.1852416723107919
1789064065351304400,26.159304443359375,7.344495916602015,6.495396623289585,-0.1964486191702075
1789064065361340400,26.16934033203125,7.336049575296044,6.504681753507256,-0.2046464473415166
1789064065371377400,26.17937744140625,7.326801269957423,6.514943035280704,-0.20947507307436317
1789064065381414700,26.18941455078125,7.31970049804151,6.5227323739826675,-0.21524074219530448
1789064065391451600,26.19945166015625,7.315144149911403,6.527585659232735,-0.22287788601024075
1789064065401488600,26.209488525390626,7.311229022294283,6.531446426314115,-0.23773849653899667
1789064065411525400,26.219525390625,7.31104723598659,6.531100973877311,-0.25237949123401193
1789064065421562600,26.229562744140626,7.311949153262376,6.529654866722225,-0.2634246168615296
1789064065431599600,26.239599609375,7.315927993765473,6.524906210890412,-0.2705145203235559
1789064065441636600,26.24963671875,7.323651866015791,6.516039013823867,-0.2752221500252373
1789064065451673600,26.259673583984377,7.330104403156041,6.508543689632416,-0.28074986393814905
1789064065461710300,26.26971044921875,7.336236622300744,6.501178129300475,-0.29103374113589525
1789064065471747600,26.27974755859375,7.342720139101147,6.493042753639817,-0.3086004870845005
1789064065481784600,26.28978466796875,7.345534027478099,6.489188416299224,-0.3223920984085649
1789064065491821600,26.299821533203126,7.346866152864695,6.487190520480275,-0.3321153643151745
1789064065501858600,26.309858642578124,7.347105222317576,6.486667373389006,-0.3369997388232499
1789064065511895600,26.3198955078125,7.344384272921085,6.48943683810234,-0.34295225401949136
1789064065521932500,26.3299326171875,7.338704473719001,6.4954772873103614,-0.35010263723079116
1789064065531968500,26.339968505859375,7.332796710979938,6.501701860913634,-0.35826062658205626
1789064065542005500,26.350005615234377,7.329261522591113,6.505017853593826,-0.370199924570322
1789064065552042500,26.36004248046875,7.326330145314335,6.507929941648245,-0.37700050796326245
1789064065562079700,26.370079833984374,7.3245648892074815,6.5096911061018705,-0.3808635400669649
1789064065572116700,26.38011669921875,7.324648475837707,6.509566602939367,-0.38137152612172065
1789064065582153500,26.390153564453126,7.327480484393239,6.506212616336345,-0.38421222944036126
1789064065592190500,26.4001904296875,7.335382051298022,6.496987691873311,-0.38948790482096374
1789064065602227500,26.4102275390625,7.343268420633673,6.487803099420666,-0.39396526943072674
1789064065612264700,26.4202646484375,7.349750768390297,6.480259259912371,-0.397228326347284
1789064065622301700,26.4303017578125,7.355990539562701,6.472976117166876,-0.40045949028823524
1789064065632338400,26.44033837890625,7.359617497888207,6.468924795949459,-0.3992759795920923
1789064065642375400,26.45037548828125,7.364053434509039,6.463927133792638,-0.3984244407966733
1789064065652412700,26.46041259765625,7.364985162401199,6.463074316355586,-0.39502193887680764
1789064065662449700,26.47044970703125,7.361837512025237,6.46713265183568,-0.38720892703831195
1789064065672486700,26.480486572265626,7.357277656763792,6.472853367570043,-0.37818858523666854
1789064065682523400,26.4905234375,7.351625914612412,6.479631483402848,-0.371961892741546
1789064065692560600,26.500560546875,7.345832133641839,6.486576772496104,-0.3653133946377784
1789064065702597600,26.51059765625,7.339696991887688,6.494132302442193,-0.354223662683554
1789064065712633600,26.520633544921875,7.333018244776129,6.502308594635129,-0.3423558955615386
1789064065722670800,26.5306708984375,7.323931267479062,6.513374178528785,-0.32614860139787194
1789064065732707800,26.540707763671875,7.316834587216377,6.52211219625771,-0.3104464072121307
1789064065742744600,26.55074462890625,7.310721072772145,6.52960985853672,-0.29653102337792514
1789064065752781600,26.560781494140624,7.303849433436989,6.538015283310413,-0.28022962119001893
1789064065762818600,26.570818603515626,7.299176180928945,6.543850565335154,-0.26538888440551234
1789064065772855800,26.580855712890624,7.298373632374405,6.54542409826219,-0.24810106499614193
1789064065782892800,26.590892822265626,7.300718149673938,6.543418019136786,-0.2314778652416542
1789064065792929500,26.600929443359377,7.307571668830514,6.536356994709372,-0.21406835568137467
1789064065802966500,26.610966552734375,7.318636668202281,6.524595829766988,-0.1938783668234013
1789064065813003800,26.621003662109374,7.330694185742735,6.511722319668531,-0.16966569832060485
1789064065823040800,26.631040771484376,7.342877375489473,6.4984951738268135,-0.148681545143947
1789064065833077800,26.641077880859374,7.352510880753398,6.488068472358584,-0.1262589657951612
1789064065843114500,26.651114501953124,7.360262225532531,6.479630898880958,-0.10628191643496974
1789064065853151700,26.66115185546875,7.3673939771085974,6.4717825234681365,-0.08901996211921796
1789064065863188700,26.671188720703125,7.369005503958463,6.4701996381908655,-0.06826098230083007
1789064065873225700,26.681225830078127,7.365642165005206,6.474231670185923,-0.04501604001875967
1789064065883261700,26.69126171875,7.360840902203321,6.479820868495106,-0.01821339612195734
1789064065893298700,26.701298583984375,7.356818807080388,6.484410534372925,0.0036944021051051094
1789064065903335700,26.711335693359374,7.351379830896854,6.490525802382827,0.02585635318974964
1789064065913372700,26.72137255859375,7.345017894649505,6.497600855335593,0.04780524604560341
1789064065923409700,26.73140966796875,7.340306063696741,6.502745232486724,0.06778287536110729
1789064065933446700,26.74144677734375,7.336786072877049,6.506474482142925,0.08796230629244818
1789064065943483600,26.751483642578126,7.335572605434059,6.507571045207977,0.10620546279842964
1789064065953521000,26.76152099609375,7.337533091852069,6.505037142816185,0.12445545090399682
1789064065963557600,26.7715576171875,7.340321261265873,6.501516567474603,0.14265194612350315
1789064065973594600,26.7815947265625,7.343098324763774,6.497918250721693,0.16232466964172199
1789064065983631600,26.791631591796875,7.349208332076668,6.490506513160467,0.18123404410462826
1789064065993668900,26.8016689453125,7.357644151988625,6.480502421018481,0.1963551687330939
1789064066003705900,26.811705810546876,7.362060214865207,6.47490971557796,0.21448042534729464
1789064066013742600,26.82174267578125,7.366087570685147,6.469767091992497,0.23076372562292963
1789064066023779600,26.831779541015624,7.367478732782602,6.467619558569789,0.24604778572814537
1789064066033816600,26.841816650390626,7.3645491090714925,6.470421756508946,0.25968764055659993
1789064066043853800,26.851853759765625,7.361913499870896,6.472939292287826,0.2714336809950881
1789064066053889800,26.861889892578127,7.356330731302499,6.4788271812826395,0.28210321477586403
1789064066063926800,26.8719267578125,7.348308168366551,6.487382243660092,0.29433068205574525
1789064066073963500,26.881963623046875,7.344163323646783,6.491436487486959,0.30806879136059434
1789064066084000500,26.89200048828125,7.339300686046481,6.496127275651693,0.32463439744263883
1789064066094037800,26.902037841796876,7.336520115417241,6.4983934670180075,0.34167079937420786
1789064066104074800,26.91207470703125,7.337431969565153,6.49676791164279,0.3528103983521461
1789064066114111700,26.92211181640625,7.339595869600773,6.493815491577982,0.3620428120018914
1789064066124148500,26.9321484375,7.343838329476117,6.488477637681364,0.3715884197866544
1789064066134185700,26.942185791015625,7.3503504878491155,6.480552105379104,0.3810179269110784
1789064066144222700,26.95222265625,7.359833770987391,6.469454372781515,0.38650498002003875
1789064066154259700,26.962259765625,7.368038704752921,6.459565431451797,0.3954780120812356
1789064066164296700,26.972296630859375,7.374613406968116,6.4514218724846835,0.40572862633019685
1789064066174333700,26.982333740234374,7.380592481377721,6.444176139140128,0.41211631807330995
1789064066184370700,26.99237060546875,7.384592364668846,6.439145159235596,0.41903011604975904
1789064066194407700,27.00240771484375,7.3887734497457735,6.434169708910584,0.4217511750441044
1789064066204444700,27.012444580078125,7.391943311953544,6.430249320596456,0.42597310358807444
1789064066214481700,27.022481689453127,7.39422528541088,6.4275336318969725,0.42734720495287326
1789064066224518700,27.0325185546875,7.394163326090574,6.427440108394622,0.42982787932008504
1789064066234555000,27.042554931640623,7.393149180611967,6.428569989207387,0.4303732382431626
1789064066244591600,27.052591552734373,7.391085818341374,6.430908661288022,0.43087457536142315
1789064066254628600,27.062628662109375,7.387666949808597,6.43488574822545,0.43011776564475146
1789064066264665600,27.07266552734375,7.383620889288187,6.439712729990482,0.4273447207348421
1789064066274702800,27.082702880859376,7.379841955271363,6.444174970096349,0.42535734630990774
1789064066284739800,27.09273974609375,7.374131176409125,6.450822153025865,0.42363625813834366
1789064066294776600,27.102776611328125,7.367346046313643,6.458733072280883,0.4211560952277854
1789064066304813600,27.1128134765625,7.360950792318582,6.466631132054329,0.4116792418302968
1789064066314850800,27.122850830078125,7.353948804602027,6.4756818689942355,0.3941678793307394
1789064066324887800,27.1328876953125,7.346231362092494,6.485475533255935,0.3766564437659457
1789064066334924800,27.1429248046875,7.340861944013834,6.492571628996729,0.35867114361170677
1789064066344961500,27.15296142578125,7.339222360113263,6.49529316291511,0.34258305538091804
1789064066354998500,27.16299853515625,7.338009477192163,6.497264755249023,0.33097766552213576
1789064066365035800,27.173035888671876,7.337502112191915,6.498405157455801,0.3196476585386321
1789064066375072800,27.18307275390625,7.339923786380886,6.496586709856986,0.30045944886803627
1789064066385109800,27.19310986328125,7.344635032811761,6.492344834503531,0.27601731899091975
1789064066395145700,27.203145751953127,7.348297062450647,6.489147499766945,0.2527273730899207
1789064066405182700,27.2131826171875,7.351410810557008,6.486432395589351,0.2309251815286465
1789064066415219700,27.2232197265625,7.353142164394259,6.4849599849492305,0.21673001263868064
1789064066425256700,27.233256591796874,7.35375474333465,6.484698119142651,0.20339644728042183
1789064066435293700,27.243293701171876,7.352806064307689,6.4861734523922205,0.19022652978496624
1789064066445330700,27.25333056640625,7.351967859917878,6.4874915492534635,0.17721288056345655
1789064066455367700,27.26336767578125,7.348489370152354,6.491817595759033,0.1624463963252492
1789064066465404700,27.27340478515625,7.344048757356405,6.497192274534702,0.14773968858341685
1789064066475441700,27.283441650390625,7.340806998956203,6.501151241293549,0.1340893671598751
1789064066485478700,27.293478759765627,7.338992058488726,6.503402819612622,0.12385137493046931
1789064066495515600,27.303515625,7.3380439639836545,6.504667724981903,0.11310059260702691
1789064066505553000,27.313552978515624,7.335766666701436,6.507338405495882,0.10702554700965992
1789064066515589600,27.323589599609374,7.3342568466603755,6.509153930485248,0.09990437162653543
1789064066525626600,27.333626708984376,7.331007489475607,6.512938709720969,0.0913791929306928
1789064066535663600,27.34366357421875,7.3285583427578205,6.515820987159013,0.08180415812204592
1789064066545700900,27.353700927734376,7.3278884806722395,6.516716474694014,0.06960245547108351
1789064066555737900,27.36373779296875,7.323612703049182,6.521596647951006,0.06210464706160128
1789064066565773800,27.37377392578125,7.315953712728619,6.530236466002464,0.05667550728549249
1789064066575810600,27.383810546875,7.308882166907191,6.5382257111907,0.04727437230560463
1789064066585847600,27.39384765625,7.299098439517617,6.549213553673028,0.0366562924341415
1789064066595884800,27.403884765625,7.287761052945256,6.561889495372772,0.023037939334730615
1789064066605921800,27.413921875,7.277389296534657,6.57341802060306,0.012873757835273864
1789064066615958800,27.423958740234376,7.2702698199182745,6.581303805416822,0.003237162996419647
1789064066625995500,27.43399560546875,7.265323595687747,6.5867626553446055,-0.005077242186319199
1789064066636032500,27.444032470703124,7.2633958424955605,6.588874532932043,-0.014216332692292052
1789064066646069800,27.45406982421875,7.266860888257622,6.585015519416332,-0.02616980076980544
1789064066656106800,27.464106689453125,7.273259064862132,6.577883767840266,-0.03912506858429406
1789064066666143700,27.474143798828123,7.279000238862634,6.571444090181589,-0.05164708466422744
1789064066676180500,27.484180419921874,7.282889647516607,6.567033288002014,-0.06305137616007123
1789064066686217700,27.4942177734375,7.288019411620497,6.561206773805618,-0.07564591862009838
1789064066696254700,27.504254638671874,7.293116442498564,6.555412408313154,-0.08604770484277978
1789064066706291700,27.514291748046876,7.294840782073139,6.553379441180825,-0.09436662950995378
1789064066716328700,27.52432861328125,7.292475221985578,6.555908667397499,-0.10124796825521624
1789064066726366200,27.5343662109375,7.288652448827028,6.5600844917774195,-0.10593535888646728
1789064066736402200,27.544402099609375,7.287915951246022,6.560696486195922,-0.11802904371884651
1789064066746439200,27.554439208984373,7.288174894443154,6.560138267791271,-0.132205535307806
1789064066756476200,27.56447607421875,7.290200847312808,6.557536560860276,-0.14855191828175446
1789064066766513400,27.574513427734374,7.2905083058267826,6.556948531839251,-0.15905825172429902
1789064066776550400,27.58455029296875,7.292326168903708,6.554676495254039,-0.16905264445617793
1789064066786587100,27.594587158203126,7.293639589589834,6.552985473427176,-0.17772373442873357
1789064066796624100,27.6046240234375,7.2994795477896925,6.546041353377699,-0.1931874436834827
1789064066806661000,27.6146611328125,7.304744336450099,6.5396180423319334,-0.2109224040721543
1789064066816698400,27.624698486328125,7.3051353815943,6.538712033402919,-0.22500664166724307
1789064066826735400,27.6347353515625,7.3075798521369695,6.5354767047435045,-0.23916697670584544
1789064066836772000,27.644772216796873,7.308351421031356,6.5339347359985105,-0.2570413638315163
1789064066846809000,27.65480908203125,7.304497668212652,6.537586244243383,-0.2732506672891788
1789064066856846300,27.664846435546874,7.300764911425113,6.540887039354443,-0.2932817940573208
1789064066866883300,27.67488330078125,7.295822778847813,6.545415330433845,-0.31446203606165946
1789064066876920300,27.68492041015625,7.290611181679368,6.550256340724229,-0.3339499958638102
1789064066886957000,27.69495703125,7.285262806388736,6.555237636268139,-0.3524247965680435
1789064066896994000,27.704994140625,7.280019060516357,6.560104365521669,-0.36977698645051565
1789064066907030300,27.7150302734375,7.27796212798655,6.561297374698519,-0.38862215483710166
1789064066917067300,27.7250673828125,7.281022100079059,6.556468639367819,-0.4120910740341991
1789064066927104300,27.735104248046873,7.282067225217819,6.553899081140756,-0.4339131758723408
1789064066937141200,27.745141357421875,7.284338092759251,6.550014933183789,-0.45398215043283996
1789064066947178200,27.75517822265625,7.291942722544074,6.539952973374724,-0.47642139778863635
1789064066957215200,27.76521533203125,7.306431266623735,6.521600739604234,-0.505147506861575
1789064066967252200,27.775252197265626,7.31882429972887,6.5058391068488355,-0.5284493623960763
1789064066977289200,27.785289306640625,7.327742934721708,6.494105998957156,-0.5487784126648679
1789064066987326200,27.795326171875,7.335644501626491,6.483380606803298,-0.569636162982881
1789064066997363500,27.805363525390625,7.342973237079382,6.473191221222281,-0.5906932352652773
1789064067007400200,27.815400146484375,7.349722126817703,6.463470622196793,-0.6127898797284811
1789064067017437200,27.825437255859374,7.350464469617605,6.4606298458129165,-0.6334987596277147
1789064067027474200,27.83547412109375,7.347355982208252,6.462669827207923,-0.6485748212717473
1789064067037511400,27.845511474609374,7.344924955669045,6.46360681579709,-0.6665220544379205
1789064067047548400,27.85554833984375,7.344651399424672,6.461735761228203,-0.6873501037374139
1789064067057585200,27.865585205078126,7.343924838715791,6.460705833658576,-0.7045875081337988
1789064067067622100,27.8756220703125,7.343720840576291,6.459128209078312,-0.7209827626176178
1789064067077658000,27.885658203125,7.346878427824378,6.453923626172542,-0.735279218191281
1789064067087695000,27.895695068359377,7.353715580368042,6.44482612748146,-0.7466375014211982
1789064067097732400,27.905732421875,7.365983525788784,6.429136975440382,-0.7608383146006613
1789064067107769300,27.915769287109374,7.379430451861023,6.412000547200441,-0.7750135549474507
1789064067117806000,27.92580615234375,7.390582544994354,6.398170174768567,-0.7830074032455683
1789064067127843000,27.935843017578126,7.400583714526891,6.386044268167018,-0.787514797667414
1789064067137880300,27.94588037109375,7.4097659688919775,6.375239381036162,-0.788720885521546
1789064067147917300,27.955917236328126,7.414187292465567,6.370348101863264,-0.7866911332596093
1789064067157954300,27.965954345703125,7.41242788157761,6.372523692336678,-0.7856490037955344
1789064067167991000,27.975990966796875,7.408471837428212,6.376601901561021,-0.7898588765755296
1789064067178028300,27.9860283203125,7.402177121198177,6.383140947940945,-0.7960336927529424
1789064067188065300,27.996065185546875,7.394797532340884,6.391169356095791,-0.8001939542375505
1789064067198102300,28.006102294921874,7.387900758564472,6.399764750483632,-0.7951850400343536
1789064067208139300,28.01613916015625,7.384163910123705,6.405358040446043,-0.7847952365104108
1789064067218176000,28.026176025390626,7.382053786101937,6.409376043915748,-0.7717281035359949
1789064067228213200,28.036213134765624,7.381161221176385,6.41177959792614,-0.7602130953744053
1789064067238249200,28.046249267578126,7.38281366455853,6.410488389071822,-0.7550392729330807
1789064067248286200,28.0562861328125,7.386382755216956,6.4062903528600925,-0.7557634224891662
1789064067258323200,28.0663232421875,7.390726337379217,6.401643403837085,-0.7526667716480792
1789064067268360200,28.076360107421873,7.397157247209549,6.394778778764605,-0.7478365019474178
1789064067278397400,28.0863974609375,7.402575180605053,6.389872886544466,-0.7360664961114526
1789064067288434200,28.09643408203125,7.405582545727491,6.3880281354606145,-0.7216907647565006
1789064067298471200,28.10647119140625,7.407678641223907,6.38732787823677,-0.7062084603991359
1789064067308508200,28.116508056640626,7.408939454939961,6.386965474665165,-0.6961847867738455
1789064067318545400,28.12654541015625,7.407645323476195,6.389456706959009,-0.6870370192002505
1789064067328582400,28.13658251953125,7.405114343693852,6.392926428896188,-0.6820294201713055
1789064067338619100,28.146619140625,7.399917944094538,6.3999576427072284,-0.6724134505640715
1789064067348656000,28.15665625,7.397533094784617,6.403587523642182,-0.6640378364067524
1789064067358693000,28.166693115234374,7.395684836569428,6.406883058056235,-0.6527462617374956
1789064067368730400,28.17673046875,7.393519767490029,6.410463839152455,-0.6420292720858007
1789064067378767400,28.186767333984374,7.390783620524406,6.41474429295063,-0.6306840675331652
1789064067388804000,28.19680419921875,7.388512168461084,6.418163161483407,-0.6224603560019284
1789064067398840000,28.206840087890626,7.386862647688388,6.421017966392636,-0.6125202690068632
1789064067408877000,28.216876953125,7.38616823568344,6.42263241585195,-0.603905475798808
1789064067418914300,28.226914306640627,7.381551681798696,6.429228160855174,-0.5900068969689309
1789064067428951300,28.236951416015625,7.375671391588449,6.437239617875218,-0.5760204206598922
1789064067438988300,28.24698828125,7.367889651671051,6.447227927926182,-0.5637643848726526
1789064067449025300,28.257025390625,7.357814247858524,6.459476584124565,-0.5550757957760244
1789064067459062300,28.267062255859376,7.345897600093483,6.473575252103805,-0.5486342184212059
1789064067469099300,28.277099365234374,7.334952427709102,6.48660190693736,-0.5411567221473902
1789064067479136300,28.28713623046875,7.329975223818421,6.492969103881716,-0.5321570212749764
1789064067489173200,28.29717333984375,7.328713241058588,6.495071629118919,-0.523822506313026
1789064067499210200,28.307210205078125,7.330631641900539,6.493663515886664,-0.5143573068207129
1789064067509247200,28.317247314453127,7.336828158453106,6.4872419584065675,-0.5069797272574156
1789064067519284200,28.3272841796875,7.344265614977479,6.479430407872796,-0.4991275159196928
1789064067529321200,28.3373212890625,7.350003281846642,6.473392881274223,-0.49297447318267074
1789064067539358200,28.347358154296874,7.355001528525352,6.468098866519331,-0.48788694078531114
1789064067549395200,28.357395263671876,7.358043964961171,6.464841326028108,-0.4851720558034256
1789064067559431400,28.367431396484374,7.354832601699233,6.468989677879214,-0.4785394128559157
1789064067569468200,28.37746826171875,7.349594116523861,6.475231202617287,-0.47457719469405707
1789064067579505200,28.387505126953126,7.341601364204287,6.484691689401864,-0.4690934295207262
1789064067589542100,28.397542236328125,7.331961429199576,6.495920939424634,-0.4644745375484228
1789064067599579400,28.407579345703127,7.323295892184972,6.505930876785516,-0.461060527853854
1789064067609616400,28.417616455078125,7.314793436777591,6.51552872621417,-0.4605078258745372
1789064067619653000,28.427653076171875,7.310227736297249,6.520524050283432,-0.4622967916505411
1789064067629690000,28.437690185546874,7.305585463449359,6.525753183108568,-0.4618887223063037
1789064067639727000,28.44772705078125,7.304256845194101,6.527118041720986,-0.4636212817199528
1789064067649764400,28.457764404296874,7.30433283303976,6.527089400148391,-0.4628300582770258
1789064067659801300,28.46780126953125,7.305258131191134,6.526057719013094,-0.4627741268387064
1789064067669838000,28.477838134765626,7.307021049210428,6.524063330325484,-0.46304782921355214
1789064067679875000,28.487875,7.309132926797866,6.5213786212861535,-0.46752588794305916
1789064067689912300,28.497912353515623,7.311246557950973,6.5187605477422474,-0.47097606492955235
1789064067699949300,28.50794921875,7.313738959288597,6.515768964710832,-0.473660481707938
1789064067709986300,28.517986328125,7.314737322676181,6.514682923039794,-0.47318764003179964
1789064067720021000,28.52802099609375,7.31561702812016,6.513797372376918,-0.471785883475095
1789064067730058200,28.538058349609376,7.317437813806533,6.511787786120176,-0.47127395189758386
1789064067740095200,28.54809521484375,7.318348498910665,6.510843198746443,-0.4701975183051079
1789064067750132000,28.558132080078124,7.317829443472624,6.511691340008378,-0.46650228051636367
1789064067760169000,28.5681689453125,7.317884973052144,6.511845653787255,-0.4634732880840078
1789064067770206200,28.578206298828125,7.317796710246801,6.512061926886439,-0.4618236577134579
1789064067780243200,28.5882431640625,7.315912796196341,6.514378387135267,-0.4590016225626692
1789064067790280200,28.5982802734375,7.312679805624485,6.518182455593347,-0.4564953753627836
1789064067800317000,28.60831689453125,7.3072729781448835,6.524700459185242,-0.4499208558106795
1789064067810354000,28.61835400390625,7.301373398712277,6.531839225023985,-0.4420603881012648
1789064067820391200,28.62839111328125,7.297793202137947,6.536479159784316,-0.4324720736859366
1789064067830428200,28.63842822265625,7.29605191142857,6.539069760799408,-0.4225834976824
1789064067840465200,28.648465087890624,7.296096919614076,6.539453207159042,-0.415814259275794
1789064067850502000,28.658501953125,7.294923784181475,6.541205603784323,-0.40878348385617136
1789064067860539100,28.6685390625,7.296662736803293,6.539519258132577,-0.4047010003155097
1789064067870575000,28.6785751953125,7.300707628279924,6.535396625244617,-0.39828802800066765
1789064067880612000,28.688612060546873,7.304981067815422,6.5312541186124085,-0.387745445067808
1789064067890649000,28.698649169921875,7.3097051737278695,6.526803568944334,-0.37340690391808745
1789064067900686000,28.70868603515625,7.313205290803313,6.523507450008392,-0.3623004400247708
1789064067910723300,28.718723388671876,7.316526544180512,6.520294333180785,-0.3529654062507674
1789064067920760000,28.728760009765626,7.321544664603471,6.514879906916618,-0.3488637065529823
1789064067930797000,28.738797119140624,7.324924370169639,6.511256455722451,-0.34555396095048635
1789064067940834000,28.748833984375,7.326855630493164,6.509377217847108,-0.33997411499153823
1789064067950871000,28.75887109375,7.327807816651463,6.508887388503551,-0.32863486525565383
1789064067960908300,28.768908203125,7.328518595269322,6.508651241660118,-0.3172800891570747
1789064067970945000,28.778945068359373,7.327854578402638,6.509903287547826,-0.30674791802037504
1789064067980982000,28.78898193359375,7.325130706396698,6.513349628609419,-0.2985377600904554
1789064067991019000,28.79901904296875,7.321175246769189,6.51800826807022,-0.29384516356112433
1789064068001056300,28.80905615234375,7.317887311139702,6.522011658492684,-0.2868377872833982
1789064068011093200,28.81909326171875,7.315818103650212,6.5246285629928105,-0.2800068818174302
1789064068021129200,28.829129150390624,7.315190911662578,6.52573038675487,-0.2705619213955477
1789064068031166000,28.839166015625,7.3159654031664125,6.52522594436407,-0.26164140497287736
1789064068041203000,28.849202880859377,7.31798492629528,6.523170765399932,-0.2563590075905435
1789064068051240200,28.859240234375,7.320805244413018,6.520083905300497,-0.2543578238359652
1789064068061277200,28.869277099609373,7.324704589939117,6.515656151986121,-0.2555739398937672
1789064068071314200,28.879314208984376,7.331291567113995,6.508252013209462,-0.25534126364905385
1789064068081351200,28.88935107421875,7.339798698696494,6.498682220831513,-0.2547041530556045
1789064068091388000,28.899387939453124,7.346534144431352,6.491223721519113,-0.25067380156097935
1789064068101425200,28.909425048828126,7.351855047193169,6.485324726608395,-0.24733594410885124
1789064068111462100,28.919462158203125,7.3564908903002735,6.480004408368468,-0.24893336936812846
1789064068121499100,28.9294990234375,7.3575038667351,6.478703847163915,-0.25280800057807934
1789064068131536100,28.9395361328125,7.353750067159533,6.482790239694714,-0.25725641308799385
1789064068141573000,28.949572998046875,7.346946816885471,6.490321804243326,-0.2616849883862771
1789064068151610000,28.959610107421874,7.336124394097924,6.502433682319522,-0.2646154706139117
1789064068161647000,28.969647216796876,7.32596598817706,6.513875113788247,-0.26464365552878005
1789064068171683000,28.97968310546875,7.318065005794167,6.522621314823627,-0.2678096635453403
1789064068181720000,28.989719970703124,7.312346043625474,6.528966884458065,-0.26941649595377964
1789064068191757300,28.99975732421875,7.309394208082557,6.532030363681912,-0.2751611405530013
1789064068201794000,29.0097939453125,7.30877286131382,6.53248103005886,-0.2809004331236705
1789064068211831000,29.0198310546875,7.3101114164412015,6.530657321763038,-0.28838428607303646
1789064068221868000,29.029867919921877,7.313510411229729,6.526602493414282,-0.2939646982875652
1789064068231905300,29.0399052734375,7.320766665968298,6.5181695961117745,-0.30037821859167885
1789064068241942300,29.0499423828125,7.327978497043252,6.5098758150190115,-0.30436301391152665
1789064068251979000,29.05997900390625,7.335446348705887,6.50115007224977,-0.3109118327667936
1789064068262016000,29.07001611328125,7.3414581563413135,6.493977404141425,-0.3188114634428173
1789064068272053000,29.080052978515624,7.345885909655689,6.488724305918812,-0.3237351835805923
1789064068282090200,29.09009033203125,7.350134214749932,6.483623183387517,-0.3294544014776125
1789064068292127200,29.100127197265625,7.349582426086068,6.484149253088235,-0.3314064123282209
1789064068302164000,29.1101640625,7.342988434648514,6.491728748431801,-0.3291839870383963
1789064068312201000,29.120200927734373,7.3352563790917396,6.5002779655903575,-0.33284170582834627
1789064068322238200,29.13023828125,7.32466250436306,6.5116650365233415,-0.3433913395565003
1789064068332274200,29.140274169921874,7.310680156239867,6.526843900954723,-0.35306430004797873
1789064068342311200,29.150311279296876,7.298532037806511,6.539871140310168,-0.3631934068091213
1789064068352348200,29.16034814453125,7.2888400803536175,6.550545094537735,-0.36545287617370487
1789064068362385200,29.17038525390625,7.283160281151533,6.556941517576575,-0.36396351439878344
1789064068372422100,29.180422119140626,7.283196521508693,6.55698769480586,-0.3624187691748142
1789064068382459100,29.190459228515625,7.288474169650674,6.551062980931997,-0.36344880634229626
1789064068392496000,29.20049609375,7.298254974430799,6.5399897982537745,-0.36658670250922437
1789064068402533000,29.210533203125,7.312695587715506,6.523520894011854,-0.37221531951334325
1789064068412570000,29.220570068359375,7.3257351020306345,6.508612078693509,-0.3767706447301432
1789064068422607000,29.230607177734374,7.339350370407104,6.493010020413994,-0.38098011565133927
1789064068432644000,29.24064404296875,7.3483847407341,6.482724188721179,-0.38198531063850966
1789064068442681000,29.25068115234375,7.35276748586297,6.477861551120877,-0.38014348216410726
1789064068452718000,29.260718017578125,7.353287125822901,6.47731502315402,-0.37939964152686295
1789064068462755300,29.27075537109375,7.348710319426655,6.482739386290311,-0.37540505546536296
1789064068472791300,29.280791259765625,7.34273299858272,6.48952919256091,-0.3750461955577135
1789064068482828000,29.290828125,7.333405782788992,6.500207238441705,-0.3726203931828961
1789064068492865000,29.300864990234373,7.324969378355145,6.509734360721707,-0.37225371529497203
1789064068502902000,29.310902099609375,7.318806764072179,6.5167065378218885,-0.37147447455078364
1789064068512939300,29.320939208984374,7.315838561916351,6.520133589661121,-0.36980186516344543
1789064068522976300,29.330976318359376,7.314617495688796,6.521766743820906,-0.36512642069831486
1789064068533013000,29.341012939453126,7.315724580147862,6.520855474194884,-0.3591744900239631
1789064068543050000,29.351050048828125,7.317760469889641,6.51892304482758,-0.35271950519829987
1789064068553087000,29.3610869140625,7.323700965854525,6.5123933507978915,-0.35003205621261146
1789064068563124200,29.371124267578125,7.328190678489208,6.50751083945334,-0.34684794628378
1789064068573161200,29.3811611328125,7.331649294510483,6.503937072619795,-0.3407476931799203
1789064068583198000,29.391197998046874,7.337119250354171,6.498049183624983,-0.3352973553521558
1789064068593235000,29.40123486328125,7.341602533248066,6.49335430380702,-0.3280412102114409
1789064068603272200,29.411272216796874,7.345943192800879,6.488714953568578,-0.32261797958631067
1789064068613308200,29.42130810546875,7.348111184489727,6.486653929385542,-0.3146062668379396
1789064068623345200,29.43134521484375,7.349336926892399,6.485555612754822,-0.30854298474360253
1789064068633382100,29.441382080078125,7.347725984564423,6.4878481076061725,-0.29855078396880996
1789064068643419100,29.451419189453127,7.343196524441241,6.493346120500564,-0.29035730317905545
1789064068653456100,29.4614560546875,7.337925890561938,6.499554327490926,-0.2846276004206389
1789064068663493000,29.4714931640625,7.334220606303215,6.503809646847844,-0.28292620333023366
1789064068673530000,29.481530029296874,7.330380882009863,6.508049184113741,-0.284950987156108
1789064068683567000,29.491567138671876,7.324239895036817,6.515232958137989,-0.27862459714617577
1789064068693604000,29.50160400390625,7.3217147604733706,6.518407496520877,-0.27062959807058795
1789064068703641000,29.51164111328125,7.322035662990808,6.518518555679917,-0.259046840168722
1789064068713678000,29.521677978515626,7.32755296510756,6.512472845774889,-0.25505762440208346
1789064068723715300,29.53171533203125,7.333318689027428,6.506085775086284,-0.2523370220654644
1789064068733752300,29.54175244140625,7.33777391487062,6.501041935700178,-0.252818960363511
1789064068743789300,29.551789306640625,7.342761640155315,6.4953498615384095,-0.25430178279979154
1789064068753826300,29.561826416015624,7.350222477555275,6.486822856211662,-0.25641397091448304
1789064068763862300,29.5718623046875,7.35515408873856,6.481345886105299,-0.2534891329763457
1789064068773899300,29.581899169921876,7.359262108579277,6.476898259046673,-0.2478686079471372
1789064068783936300,29.591936279296874,7.360290282583236,6.475826245900988,-0.24534093436673282
1789064068793973500,29.601973388671876,7.356527715179324,6.480128911530971,-0.24456414130795745
1789064068804010500,29.612010498046875,7.353477679958939,6.483378268715739,-0.25011032245932147
1789064068814047200,29.622047119140625,7.349178521460295,6.487972026246786,-0.2572477731238119
1789064068824084200,29.632084228515627,7.343004216739535,6.494785213392973,-0.261610096519161
1789064068834121500,29.64212158203125,7.335810505843162,6.503010605424643,-0.2590696182561107
1789064068844158500,29.652158447265624,7.3303259369522324,6.509284863388538,-0.2567523360233754
1789064068854195500,29.662195556640626,7.3265551862418645,6.513606233718991,-0.25478419602187347
1789064068864232200,29.672232177734376,7.324815064576268,6.515395455223322,-0.25902119427081194
1789064068874269200,29.682269287109374,7.322802555710076,6.51739393556416,-0.2655602223844267
1789064068884306400,29.692306396484376,7.320985277155041,6.519151008364558,-0.27246101474883033
1789064068894343400,29.702343505859375,7.320213123738765,6.519777031308412,-0.278173437578883
1789064068904379400,29.71237939453125,7.321766198399662,6.517932280224561,-0.28051298644235356
1789064068914416400,29.72241650390625,7.321916420525312,6.517744064176083,-0.2809595976986922
1789064068924453400,29.732453369140625,7.318742466664314,6.521319584575295,-0.2806822055294178
1789064068934490400,29.742490478515624,7.316048989796638,6.524072682675719,-0.2868657712688669
1789064068944527400,29.75252734375,7.315148241564631,6.524639668908715,-0.2967667135636322
1789064068954564400,29.762564453125,7.314484809219837,6.524874646708369,-0.30774569688607006
1789064068964601300,29.772601318359374,7.312676298493146,6.526636395683885,-0.3133237892793491
1789064068974638300,29.782638427734376,7.312154904967546,6.527092907279729,-0.31595527029410003
1789064068984675300,29.79267529296875,7.31339642946124,6.525575488454103,-0.3185563196379691
1789064068994712300,29.80271240234375,7.315182143834233,6.523446075209975,-0.32118060372695323
1789064069004749300,29.812749267578123,7.315757897895574,6.522509671142697,-0.32702081765513863
1789064069014786300,29.822786376953125,7.318969845679402,6.518598635178804,-0.3330815059335902
1789064069024823600,29.832823486328124,7.323471833273768,6.5133192334711545,-0.33738088362794366
1789064069034860300,29.8428603515625,7.329432202982902,6.506489679712057,-0.33971049561928957
1789064069044896300,29.852896240234376,7.3346847166836255,6.5004422162413595,-0.342110323302634
1789064069054933200,29.862933349609374,7.3380007093638175,6.496562744459509,-0.3446760090721771
1789064069064970200,29.87297021484375,7.3402622245550155,6.4938803735077375,-0.34705753391385075
1789064069075007500,29.883007568359375,7.34075731459558,6.493180700805783,-0.34968141614403575
1789064069085044500,29.89304443359375,7.339364398932457,6.494662463796138,-0.35138548011556264
1789064069095081200,29.903081298828123,7.33650433332622,6.49792409594059,-0.35081842081733045
1789064069105118200,29.9131181640625,7.331234283968806,6.503982665327191,-0.34871388628613204
1789064069115155500,29.923155517578124,7.32755238058567,6.508089516124129,-0.3494855282457545
1789064069125192400,29.9331923828125,7.322037416556477,6.514264989888668,-0.3500113422181457
1789064069135229400,29.9432294921875,7.317760469889641,6.518985588669777,-0.35156909305416045
1789064069145266200,29.95326611328125,7.315375620579719,6.521518322017789,-0.3542172694753855
1789064069155303200,29.96330322265625,7.313067928159237,6.524110676598548,-0.3541277645610273
1789064069165340400,29.97334033203125,7.314903911414742,6.522022179886698,-0.3546633327424526
1789064069175377400,29.98337744140625,7.316990654560923,6.519838990628719,-0.3517569072438404
1789064069185413400,29.993413330078123,7.320076345616578,6.516605415534973,-0.3474500038301572
1789064069195450400,30.003450439453125,7.323408704909681,6.51306613549292,-0.34356775556933133
1789064069205487400,30.0134873046875,7.324190795198082,6.51239568888545,-0.3395746308125555
1789064069215524400,30.0235244140625,7.324230542686581,6.5124138090640304,-0.3383662414034828
1789064069225561300,30.033561279296876,7.322447750923037,6.5143327944278715,-0.34000524078216404
1789064069235598300,30.043598388671874,7.318556004181504,6.518721969297528,-0.33968269429691134
1789064069245635300,30.05363525390625,7.31393886577487,6.523998448395728,-0.33781540258768944
1789064069255672600,30.063672607421875,7.308098323053121,6.530963611233234,-0.3295398878039792
1789064069265709300,30.073709228515625,7.306050742873549,6.5337932817012065,-0.31868538937773555
1789064069275746300,30.083746337890624,7.305652683466673,6.53453387093544,-0.3125412240669131
1789064069285783300,30.093783203125,7.305089788886904,6.535351617059111,-0.308577106208913
1789064069295820300,30.1038203125,7.30705553600192,6.533213435986638,-0.3073104107413441
1789064069305857500,30.113857421875,7.31412474373579,6.525473197123408,-0.30357319697439666
1789064069315894300,30.123894287109376,7.322538936337828,6.5163359509438274,-0.29693637104211373
1789064069325930200,30.13393017578125,7.331020933479071,6.507109272915124,-0.2899126464177854
1789064069335967200,30.14396728515625,7.338047471114993,6.499534453746676,-0.28193426968343555
1789064069346004200,30.154004150390627,7.341843940788507,6.495501837229728,-0.27600186569346113
1789064069356041500,30.16404150390625,7.3443971324026585,6.49281245201528,-0.27130610909266395
1789064069366078500,30.174078369140624,7.347012867859005,6.489890427088737,-0.27039277537371964
1789064069376115200,30.184115234375,7.3450886217981575,6.4923471725910895,-0.2636016539288685
1789064069386152200,30.194152099609376,7.342708448663354,6.495307191440463,-0.2569055720900185
1789064069396189400,30.204189453125,7.338467157831787,6.500395454490184,-0.2492935809826478
1789064069406226400,30.214226318359376,7.335327690762281,6.504064498391747,-0.24596346844555808
1789064069416263400,30.224263427734375,7.335524674639105,6.503874528777599,-0.24511803059736265
1789064069426300200,30.234300048828125,7.334585347962379,6.504953556185961,-0.24459075532024724
1789064069436337400,30.24433740234375,7.333611534494161,6.506203848508,-0.2404963438797742
1789064069446374400,30.25437451171875,7.334910342133044,6.504852433899044,-0.23742237979453057
1789064069456411400,30.264411376953124,7.337036248245835,6.5026084543645375,-0.23317365457518024
1789064069466447400,30.274447265625,7.341648125955462,6.497409716677665,-0.23292720553344115
1789064069476484400,30.284484375,7.345581958273053,6.492965012228488,-0.23284133561458437
1789064069486521300,30.294521240234374,7.350153503972291,6.487790239939093,-0.2328317458023317
1789064069496558300,30.304558349609376,7.3542153465837234,6.483235645374656,-0.23143844654671847
1789064069506595300,30.31459521484375,7.35612497959733,6.48115650101304,-0.2289526393466629
1789064069516632300,30.32463232421875,7.357644736510514,6.47953503729105,-0.2260000914176926
1789064069526669300,30.33466943359375,7.358871647956967,6.4782853294909,-0.2218369073236361
1789064069536706600,30.34470654296875,7.357993111556768,6.479394752037525,-0.21855839710962027
1789064069546743300,30.354743408203124,7.35713152629137,6.480478455621004,-0.21539536650143562
1789064069556780300,30.3647802734375,7.353934191554784,6.484237515893578,-0.211433842459321
1789064069566817300,30.3748173828125,7.352209267458319,6.486243010497093,-0.20990069634160025
1789064069576854500,30.3848544921875,7.34996879505515,6.48874827131629,-0.21093517222218214
1789064069586891500,30.3948916015625,7.34588474061191,6.493419770258665,-0.2094474361487664
1789064069596927500,30.404927490234375,7.343115860420465,6.496615935951471,-0.2074092083194293
1789064069606964200,30.414964111328125,7.34262193942368,6.497294565865397,-0.20358515651924533
1789064069617001200,30.425001220703123,7.341791333818435,6.498400481280684,-0.19817584482161327
1789064069627038200,30.4350380859375,7.344165661734342,6.495874762195348,-0.19292756890458984
1789064069637075500,30.445075439453124,7.3500307543754575,6.4891814020365475,-0.19481668885312972
1789064069647112400,30.455112548828126,7.353314598351717,6.485495407000184,-0.19367133647659793
1789064069657149400,30.4651494140625,7.358136319419741,6.479997978627681,-0.1945266381316818
1789064069667186200,30.475186279296874,7.361385676604509,6.476379203608632,-0.19209617784805594
1789064069677223400,30.485223388671876,7.363720841553807,6.47369683265686,-0.1929953369111754
1789064069687260400,30.495260498046875,7.362350137722491,6.475380840221047,-0.18877083281762896
1789064069697297400,30.50529736328125,7.359106625756621,6.479153344497084,-0.1857513753985986
1789064069707334400,30.51533447265625,7.353181327360868,6.486018554091453,-0.18075678198169917
1789064069717371400,30.525371337890626,7.348783384662866,6.490939059358835,-0.1829652883440256
1789064069727407900,30.535407958984376,7.3450021125584835,6.495159891924262,-0.18501559020364655
1789064069737444900,30.54544482421875,7.341043730321526,6.499568940538167,-0.18726504963086918
1789064069747481900,30.55548193359375,7.337652334317564,6.503495758593082,-0.18380763918599113
1789064069757519000,30.56551904296875,7.33827660369575,6.502804269197583,-0.18337571404213085
1789064069767555800,30.575555908203125,7.341613054642081,6.499085540935397,-0.18161599262692033
1789064069777592800,30.5855927734375,7.344871764177084,6.495384348329901,-0.18229201045865193
1789064069787629800,30.5956298828125,7.346195121735334,6.493923043605685,-0.1810306304870173
1789064069797667000,30.6056669921875,7.3467977638036,6.4931888841122385,-0.18287700727237388
1789064069807704000,30.6157041015625,7.348039872819185,6.491800644624233,-0.18224952302379532
1789064069817740800,30.62574072265625,7.350205526420473,6.489296552848815,-0.18410278620766474
1789064069827777800,30.63577783203125,7.350311324882507,6.489201275780797,-0.18323396748388185
1789064069837815000,30.64581494140625,7.345814597985148,6.494449697828292,-0.17755002182964236
1789064069847852000,30.65585205078125,7.339128252089023,6.5021589570313685,-0.17179719392396509
1789064069857888000,30.665887939453125,7.334156308895349,6.507785564741492,-0.17108268897905946
1789064069867925000,30.675925048828127,7.327883804497122,6.514792813155054,-0.17315403362670911
1789064069877962000,30.6859619140625,7.322260119396447,6.521129614961147,-0.17252085028970612
1789064069887998700,30.695998779296875,7.3192165139168495,6.524577709588408,-0.17131379432119428
1789064069898036000,30.706035888671874,7.317837626779079,6.5262979575097555,-0.16454557882789522
1789064069908073000,30.716072998046876,7.320904613134265,6.522953323256969,-0.1607049046864733
1789064069918110000,30.72610986328125,7.328044548016786,6.515066953921318,-0.155071282713674
1789064069928147000,30.73614697265625,7.336621822226047,6.50540129995346,-0.15529528246158733
1789064069938184000,30.746183837890626,7.338973938310146,6.502956829410791,-0.14628640276887453
1789064069948221000,30.756220947265625,7.342691497528553,6.498863422617315,-0.14158298345142975
1789064069958258000,30.7662578125,7.349673611500859,6.491036089992523,-0.13832020052950827
1789064069968295000,30.776294921875,7.351782566478848,6.488685727474093,-0.13653338104481808
1789064069978332200,30.786332275390624,7.347651750284433,6.493471792706846,-0.1312236389978323
1789064069988368100,30.7963681640625,7.343357267960905,6.498356642138957,-0.12982562703448347
1789064069998404900,30.80640478515625,7.341769706508517,6.500211330094933,-0.12669635256542824
1789064070008441900,30.81644189453125,7.34127929264307,6.500885283833742,-0.12036923190313391
1789064070018478800,30.826478759765624,7.341791918340325,6.500508267214894,-0.10895584835195914
1789064070028516000,30.83651611328125,7.339169168621301,6.503681636554003,-0.09546307384399697
1789064070038553000,30.846552978515625,7.340340550488233,6.502489211899042,-0.08615899233068339
1789064070048589800,30.85658984375,7.3438763233989475,6.49850043452382,-0.08581070861597545
1789064070058626800,30.866626708984374,7.343993227776885,6.498417432415485,-0.08196872843345626
1789064070068663800,30.876663818359376,7.345429398059845,6.496826948353648,-0.07936041823173873
1789064070078701000,30.886701171875,7.346477445808053,6.495756688773632,-0.06933773555371445
1789064070088738000,30.896738037109376,7.346719437870383,6.495594191688299,-0.057859972396283404
1789064070098774800,30.90677490234375,7.348169636678695,6.494042286071181,-0.04689847449818626
1789064070108811800,30.916811767578125,7.346475692242383,6.496009202229977,-0.039338122246507554
1789064070118847700,30.92684765625,7.342663440477848,6.5003633057862515,-0.030926822571165392
1789064070128885000,30.936885009765625,7.340221892544626,6.503139784762263,-0.02662667084196582
1789064070138922000,30.946921875,7.334637370410561,6.509469572305679,-0.016730164977011734
1789064070148959000,30.956958984375,7.3311623877763745,6.5133981439262625,-0.009116479098654234
1789064070158996000,30.966995849609376,7.326835172227025,6.51827130292058,-0.0029739112336406833
1789064070169033000,30.977032958984374,7.323412796562909,6.522117456954717,-0.00031632420264413665
1789064070179070000,30.987070068359376,7.3213073487162585,6.52448009443283,0.002143051755241322
1789064070189107000,30.99710693359375,7.322616677749156,6.523008852836489,0.0048356091711262705
1789064070199144000,31.00714404296875,7.324611066436767,6.5207648733019825,0.008887388187914621
1789064070209181000,31.017180908203127,7.328501059612631,6.51638738887012,0.012126657803507987
1789064070219218000,31.027218017578125,7.333533208560943,6.510725709846615,0.011236580520920688
1789064070229255000,31.0372548828125,7.33980629748106,6.5036576711565255,0.00784635298991634
1789064070239292000,31.0472919921875,7.346957922801375,6.495581916728615,0.002133081204609334
1789064070249327900,31.057327880859376,7.353385910022259,6.488304619202017,0.0015923974577104671
1789064070259364900,31.06736474609375,7.356475108209252,6.484801579517126,0.0026111337735215782
1789064070269402000,31.077402099609376,7.358973354765772,6.481966063830256,0.0040321184746149805
1789064070279438800,31.08743896484375,7.3581322277665135,6.482920588076114,0.0025662580187563433
1789064070289475800,31.097475830078125,7.3554849281281225,6.485925030589104,0.0019875214116400457
1789064070299512800,31.107512939453127,7.354490656393766,6.487052573314309,-0.0020842047000449383
1789064070309550000,31.117550048828125,7.355790633076429,6.48557665554285,-0.004392136580422811
1789064070319587000,31.127587158203124,7.356139008122682,6.485181518745422,-0.0046234337188026985
1789064070329624000,31.1376240234375,7.358578802490234,6.482414976641535,-0.0021511500091954076
1789064070339660800,31.147660888671876,7.363645438230037,6.4766586050719015,-0.0031279304682844664
1789064070349697800,31.15769775390625,7.369742586061358,6.469719161197543,-0.0038616304498937095
1789064070359735000,31.167735107421876,7.3739470520138735,6.464927250745892,-0.002392424262662098
1789064070369772000,31.17777197265625,7.377547122332453,6.460819230905175,-0.000046819444348807336
1789064070379808000,31.18780810546875,7.3798875479787585,6.458145627781748,0.0010860828415858123
1789064070389845000,31.197844970703127,7.377929984170198,6.4603802549660205,0.00457199265298841
1789064070399881700,31.2078818359375,7.374958859404921,6.463769312882423,0.007352057533795596
1789064070409919000,31.2179189453125,7.371687290388345,6.467497393494844,0.00917239740806399
1789064070419956000,31.2279560546875,7.365033093196153,6.4750628603130576,0.015280874917574691
1789064070429993000,31.237992919921876,7.3595076077729455,6.4813230897516005,0.021867400001303758
1789064070440030000,31.248030029296874,7.35741151227653,6.483690987926721,0.0252766193563235
1789064070450067000,31.25806689453125,7.350112002918124,6.491925147786736,0.03392555001270957
1789064070460104000,31.26810400390625,7.348004216983914,6.494254467517137,0.043324497602088376
1789064070470141000,31.278140869140625,7.351113873437047,6.490702912515402,0.0478855584399309
1789064070480178000,31.288177978515623,7.354715112799406,6.486582033193111,0.052874749595928
1789064070490215000,31.29821484375,7.358577633446455,6.482132652568817,0.06059652122070547
1789064070500251100,31.308251220703124,7.360649179023504,6.479712731945514,0.06744446001986507
1789064070510288100,31.3182880859375,7.359764797404408,6.480647966969013,0.0737627123891143
1789064070520324900,31.328324951171876,7.357259536585211,6.483416847160458,0.08014436255050823
1789064070530361900,31.33836181640625,7.357316819730401,6.483332676008343,0.08173154041040688
1789064070540398800,31.34839892578125,7.358484694465995,6.4819572960019105,0.08557121903798542
1789064070550436000,31.35843603515625,7.355606508681178,6.485125989165902,0.09260073408228345
1789064070560473000,31.36847314453125,7.355216632580757,6.485422926285863,0.10226595879187807
1789064070570509800,31.378509765625,7.356221425709128,6.484171464920044,0.10914943469529971
1789064070580546800,31.388546875,7.359042328348756,6.480912170863151,0.11249932964509353
1789064070590584000,31.398583984375,7.361428931224346,6.478166087025404,0.11452221377482637
1789064070600621000,31.40862109375,7.362218035775423,6.477198703297972,0.11844805458220653
1789064070610658000,31.418657958984376,7.36360335265398,6.47544981380403,0.12759252508701757
1789064070620694800,31.42869482421875,7.365031339630484,6.473575836625695,0.13968073002668097
1789064070630730800,31.438730712890624,7.365059396681189,6.473291174465418,0.15094928914653136
1789064070640768000,31.44876806640625,7.360888248476385,6.478045090994239,0.15044932200144975
1789064070650805000,31.458804931640625,7.35028677496314,6.4902089915186165,0.14440283577828666
1789064070660842000,31.468842041015623,7.33961983499825,6.502482197636366,0.13452804170493035
1789064070670879000,31.47887890625,7.333996734419465,6.509005461925268,0.1254130530229304
1789064070680915700,31.488915771484375,7.337011698326468,6.50558717791438,0.1264412270268891
1789064070690953000,31.498952880859374,7.342545367056131,6.49917321921885,0.1347400587541051
1789064070700990000,31.508989990234376,7.349934892785549,6.490645044848322,0.14273620860716327
1789064070711027000,31.51902685546875,7.358327458077668,6.481124936830997,0.14289208415546453
1789064070721064000,31.52906396484375,7.368945298203825,6.469298889958858,0.13116050150059164
1789064070731100700,31.5391005859375,7.37303928951919,6.464906792479753,0.11686390892961061
1789064070741137400,31.549137451171877,7.372191732779145,6.466009200763702,0.10907387610790319
1789064070751173400,31.55917333984375,7.369785256159306,6.468858160454034,0.10258828608142212
1789064070761210600,31.569210693359373,7.362960378575324,6.476707704910636,0.097234586161701
1789064070771247600,31.57924755859375,7.353584062942862,6.487444202980399,0.09090985838589258
1789064070781284600,31.58928466796875,7.34513947520256,6.497113364079595,0.08267566199325956
1789064070791321600,31.599321533203124,7.335411277392506,6.508217526417971,0.07226338177602738
1789064070801358300,31.6093583984375,7.327019881144166,6.517779135489463,0.06092356578456237
1789064070811395600,31.6193955078125,7.321260586965083,6.524373126927018,0.04570536485663615
1789064070821432600,31.6294326171875,7.318873984089493,6.527152528512477,0.02730100817326456
1789064070831469600,31.639469482421877,7.31733259986639,6.528931228622794,0.0086775602417154
1789064070841506600,31.649506591796875,7.317290514290332,6.5289809129834175,-0.006952703502264921
1789064070851543600,31.65954345703125,7.320594816532731,6.525248156195879,-0.02035690867338562
1789064070861580500,31.66958056640625,7.327526077100634,6.517411471220851,-0.03317823649345664
1789064070871616500,31.679616455078126,7.3348337697654955,6.50911242943108,-0.045423680104734375
1789064070881653500,31.689653564453124,7.341178170356154,6.501868449652195,-0.05648405810031108
1789064070891690500,31.6996904296875,7.347230894523858,6.494887504723668,-0.07087333392342553
1789064070901727700,31.709727783203125,7.352987850615381,6.4881830386489625,-0.08620891415332443
1789064070911764700,31.7197646484375,7.354455585080385,6.486335949477553,-0.09909728389419614
1789064070921801500,31.729801513671877,7.352496267706155,6.488419185492396,-0.10774476466230117
1789064070931838500,31.73983837890625,7.349677703154087,6.491443501749634,-0.11741341430484317
1789064070941875500,31.74987548828125,7.344023038393258,6.497704900231957,-0.12465954950819723
1789064070951912700,31.75991259765625,7.334972301453352,6.507852200236917,-0.12820424551088364
1789064070961949700,31.76994970703125,7.330804075857997,6.5125295443981885,-0.12904378334125502
1789064070971986400,31.779986328125,7.3299272930234665,6.513446659243106,-0.13253305936227552
1789064070982023400,31.7900234375,7.327264211294055,6.516459285062551,-0.13168426051321439
1789064070992059400,31.800059326171876,7.32475368977785,6.519291878139972,-0.13116058369898237
1789064071002096600,31.8100966796875,7.325667297491431,6.51825201369822,-0.13183960633855313
1789064071012133600,31.820133544921877,7.328868723881245,6.5146320696353905,-0.13282156658060848
1789064071022170600,31.830170654296875,7.33400491772592,6.508898494419455,-0.13037369850445538
1789064071032207600,31.84020751953125,7.340783033558726,6.501343548995256,-0.12576558365449308
1789064071042244600,31.85024462890625,7.346041392478346,6.49555561324358,-0.11752369714574888
1789064071052281600,31.860281494140626,7.349449739617109,6.49184331472218,-0.10933320289752445
1789064071062318600,31.870318603515624,7.353575879636407,6.4872419584065675,-0.10484396518687716
1789064071072355600,31.88035546875,7.35422177632451,6.486576187974214,-0.10071088397013954
1789064071082392600,31.890392578125,7.35327075920999,6.487704899743199,-0.09735615758160128
1789064071092429600,31.9004296875,7.349269122353196,6.492315608409046,-0.09202095229979604
1789064071102466600,31.910466552734373,7.342630122730135,6.499909716799855,-0.08570466355876996
1789064071112503600,31.920503662109375,7.335317169368267,6.508219279983639,-0.0811296563939657
1789064071122539500,31.93053955078125,7.326401456984877,6.518316311106085,-0.07598797352341935
1789064071132576500,31.940576416015624,7.3173980663180345,6.528461857545375,-0.07250328691254836
1789064071142613800,31.95061376953125,7.310180390024184,6.5365872963339084,-0.06842359811717179
1789064071152650500,31.960650390625,7.305016139128804,6.542400951048731,-0.06409988969916011
1789064071162687500,31.9706875,7.304467857596277,6.5430374953866,-0.06157057671751827
1789064071172724500,31.980724365234376,7.307612000840902,6.539515166479349,-0.06269033799506724
1789064071182761700,31.99076171875,7.315154671305417,6.5310401836007825,-0.06643682648043614
1789064071192798700,32.000798828125,7.326648709744215,6.518089516612887,-0.0715557403967483
1789064071202835500,32.01083544921875,7.3400477050215,6.502953322279453,-0.07535261192906181
1789064071212872400,32.02087255859375,7.348974523320794,6.49287031968236,-0.07481573770653922
1789064071222909400,32.03090942382813,7.355133045950532,6.485887621188163,-0.07520918487037997
1789064071232946700,32.04094677734375,7.358871063435077,6.481588462689518,-0.08009205697453581
1789064071242982700,32.05098266601563,7.356821145167946,6.483858161187172,-0.08462830303153022
1789064071253019600,32.06101953125,7.351914668425917,6.489295383805036,-0.09372171920253895
1789064071263056600,32.071056640625,7.343727854838967,6.4984443204224105,-0.10134060584157704
1789064071273093400,32.08109326171875,7.336575060474872,6.506356408721208,-0.11127351417718455
1789064071283130600,32.09113061523438,7.3288587870091195,6.514909717532992,-0.11903771843789145
1789064071293167600,32.101167724609375,7.3216411107152695,6.522844017663598,-0.1283277896921616
1789064071303204600,32.11120458984375,7.3160519124060865,6.528903171572089,-0.13855135153741574
1789064071313241600,32.12124169921875,7.313849433925747,6.531068825173378,-0.1520841475285124
1789064071323278600,32.131278564453126,7.314676532399654,6.5298290542453525,-0.16500470250593496
1789064071333315600,32.141315673828124,7.316340081697702,6.527651710206269,-0.17696643152171745
1789064071343352600,32.1513525390625,7.319572487747669,6.523644812652468,-0.1905037758237682
1789064071353389600,32.1613896484375,7.326501410228014,6.51532472807467,-0.20809664259431881
1789064071363425500,32.17142553710938,7.331587335190177,6.509028258278965,-0.22530003512324764
1789064071373462800,32.181462890625,7.338046302071214,6.500998096558451,-0.24592525532701984
1789064071383499500,32.19149951171875,7.34122317854166,6.496715304672717,-0.263656598986499
1789064071393536500,32.20153662109375,7.34349755321443,6.493509202107787,-0.2788875771976076
1789064071403573500,32.21157348632813,7.343685769262909,6.492673920327425,-0.2930078359541483
1789064071413610500,32.221610595703126,7.341523622792959,6.494442099043726,-0.3076301076823845
1789064071423647700,32.231647705078124,7.335125446188449,6.501116754502058,-0.3190589353978634
1789064071433684500,32.2416845703125,7.329019530528783,6.507088814648985,-0.33713414232525973
1789064071443721500,32.25172143554688,7.321791332840919,6.514320519468188,-0.35409937871675934
1789064071453758500,32.261758544921875,7.317584528800845,6.517942217096686,-0.3738687492761761
1789064071463795700,32.271795654296874,7.312945178562402,6.522308595612645,-0.3882117839379236
1789064071473831700,32.281831787109375,7.307198159343004,6.5277890728503465,-0.40399398455731567
1789064071483868700,32.29186865234375,7.304765963760018,6.529658958375453,-0.41753012328296896
1789064071493905700,32.30190576171875,7.3057321784436695,6.527333145776391,-0.4365637634463608
1789064071503942400,32.3119423828125,7.3090557699084275,6.522273524299264,-0.4561155091997236
1789064071513979600,32.321979736328124,7.311783149045706,6.517976703888177,-0.47348581926077604
1789064071524016600,32.3320166015625,7.315304308909178,6.513129848378896,-0.48563751789070664
1789064071534053600,32.3420537109375,7.319975807851552,6.506804737010598,-0.49983694283068175
1789064071544090600,32.352090576171875,7.323420395347475,6.501942683932185,-0.5124900516441092
1789064071554127400,32.36212744140625,7.327994279134273,6.495230619072914,-0.5318572346108034
1789064071564164600,32.37216455078125,7.333563019177317,6.487421406626701,-0.5500872667737304
1789064071574201600,32.38220166015625,7.335251118394732,6.48412236508131,-0.5662493700888007
1789064071584238600,32.392238525390624,7.335137136626243,6.482979040265083,-0.5806343807287514
1789064071594274600,32.402274658203126,7.332986096072196,6.484131717431545,-0.5947497806470841
1789064071604311600,32.4123115234375,7.330777187851071,6.485279133901,-0.6092934889800846
1789064071614348500,32.4223486328125,7.3270479381948705,6.488085423493385,-0.6241072464261204
1789064071624385500,32.43238549804688,7.324782331350446,6.489241607791185,-0.6385060663957148
1789064071634422500,32.442422607421875,7.323696874201297,6.489093139231205,-0.6523206567365676
1789064071644459500,32.45245947265625,7.323123458227514,6.488559470745921,-0.6639578299731016
1789064071654496800,32.46249682617187,7.323989135146141,6.48641661349833,-0.6752512312732637
1789064071664533500,32.472533447265626,7.329035312619805,6.479280185747146,-0.6888832315888256
1789064071674570500,32.482570556640624,7.3322741484105585,6.474224655923247,-0.7018225734651088
1789064071684607500,32.492607421875,7.334016608163714,6.471052455627918,-0.7127823588967322
1789064071694644500,32.50264453125,7.334311791718005,6.469604594907164,-0.722824883352965
1789064071704681700,32.512681640625,7.334745506960153,6.4680450905054805,-0.7323121850792318
1789064071714717700,32.5227177734375,7.335390819126367,6.465979974669217,-0.7439944395665079
1789064071724754200,32.53275415039062,7.330515322044492,6.470702911537885,-0.7509532457284629
1789064071734791200,32.54279125976562,7.3249138487756245,6.4761898185163735,-0.7582775242019444
1789064071744828000,32.552827880859375,7.3221338626682755,6.478486405020952,-0.765473938512057
1789064071754865200,32.562865234375,7.317514386174082,6.483242075115442,-0.7693733571033924
1789064071764902100,32.57290209960937,7.314047002324462,6.4868064895987505,-0.7722956742908805
1789064071774939100,32.58293920898438,7.31330465952456,6.486981261643767,-0.7778402297407389
1789064071784976100,32.59297607421875,7.315732178932428,6.483075486376881,-0.7875134094279259
1789064071795012900,32.60301293945312,7.315229490107297,6.483029309147596,-0.7925535955522209
1789064071805050000,32.61305004882813,7.320624627149105,6.475270950105786,-0.8060443607661872
1789064071815087000,32.62308715820313,7.325652099922299,6.46864247187674,-0.8135535673525184
1789064071825124000,32.6331240234375,7.3290943493306635,6.464405857220291,-0.8162170144081116
1789064071835160000,32.64316015625,7.333768770882487,6.458997860696911,-0.8170427977077662
1789064071845197000,32.653197021484374,7.338790398436784,6.452682101678848,-0.8218458140753209
1789064071855234000,32.66323413085937,7.341161219221353,6.449475999113917,-0.8258323994934559
1789064071865271000,32.67327099609375,7.343169051912427,6.446152407649159,-0.8338939792655408
1789064071875308000,32.68330810546875,7.343053901100158,6.445380254232883,-0.8408502281442284
1789064071885345000,32.69334497070312,7.342372348576784,6.445409480327368,-0.8465534812871366
1789064071895382300,32.70338232421875,7.343023505961894,6.444252711507677,-0.8497002548802643
1789064071905419000,32.7134189453125,7.341621237948536,6.4455906821131705,-0.8516738930407911
1789064071915456000,32.7234560546875,7.338452544784546,6.44934039003551,-0.8505905547834932
1789064071925493000,32.73349291992187,7.3362676019608974,6.451488507980108,-0.8531449885066598
1789064071935530000,32.74353002929688,7.3341346815854305,6.454049882900715,-0.8521071698915212
1789064071945566200,32.75356616210937,7.333441438624263,6.454706300982832,-0.8531018800172955
1789064071955603200,32.76360327148438,7.333456636193394,6.45482378988266,-0.8520829852983355
1789064071965640200,32.77364013671875,7.334267368054389,6.45357291303873,-0.8545816702462732
1789064071975677000,32.78367700195312,7.3372443380385635,6.449809761112928,-0.8574239079348742
1789064071985714000,32.7937138671875,7.342088855460286,6.443702676409482,-0.8618707312759012
1789064071995751200,32.80375122070313,7.348398184737563,6.436491429856419,-0.8619804752606898
1789064072005788200,32.8137880859375,7.354345110443234,6.429762998384237,-0.8614788824141025
1789064072015825200,32.8238251953125,7.357194654655456,6.427208637726307,-0.8561917357914149
1789064072025862000,32.83386181640625,7.359106625756621,6.425168071809411,-0.8550738376773893
1789064072035899100,32.843899169921876,7.358706812784075,6.42543110665977,-0.8565344848144799
1789064072045936000,32.85393603515625,7.355696525052189,6.428276559218764,-0.8610291658852249
1789064072055973000,32.86397314453125,7.350951960873603,6.433027553138136,-0.8660508665047586
1789064072066009000,32.87400903320312,7.345166947731375,6.4391778924614185,-0.8694250191129743
1789064072076046000,32.88404614257813,7.338166713580489,6.447060754665732,-0.8701172391608357
1789064072086083000,32.8940830078125,7.331494980731606,6.454336298626661,-0.8724181365143507
1789064072096120000,32.9041201171875,7.322241999217868,6.464397089391946,-0.8756357103213668
1789064072106157000,32.91415698242187,7.31455319828093,6.471991782304644,-0.8837555961519479
1789064072116194000,32.92419409179688,7.308208797690272,6.477730033695697,-0.8941432077188044
1789064072126231000,32.93423095703125,7.3036436817318195,6.481373358634114,-0.9049717679861933
1789064072136268000,32.94426806640625,7.302513216397166,6.481076421514153,-0.9161474611908197
1789064072146305000,32.95430493164063,7.305776017585396,6.475556196787953,-0.9290784005649387
1789064072156342000,32.96434204101563,7.311358201631903,6.467557014727592,-0.9408149425227195
1789064072166379000,32.97437890625,7.322669284719228,6.452206300860643,-0.9580901947114616
1789064072176415000,32.9844150390625,7.335186820986866,6.435626921981573,-0.9737172413017601
1789064072186452200,32.9944521484375,7.346715930739045,6.420466762250661,-0.9867907309517264
1789064072196489200,33.0044892578125,7.355823366302252,6.408426780366897,-0.9971548885777592
1789064072206526000,33.01452587890625,7.361806532365083,6.399445017009973,-1.01059523877874
1789064072216563000,33.02456298828125,7.363459560269117,6.395465591984987,-1.0236525079462677
1789064072226600200,33.03460009765625,7.362516141939163,6.393936482721567,-1.0398653185352682
1789064072236637200,33.04463720703125,7.357775669413805,6.39715836737752,-1.0535119318980724
1789064072246674200,33.05467407226563,7.351660401403904,6.401971320617198,-1.0668799475152044
1789064072256711000,33.0647109375,7.3444620143324135,6.409117100718617,-1.0735379440996795
1789064072266748000,33.07474780273437,7.340224230632185,6.412314435455203,-1.0833822425700723
1789064072276785200,33.08478515625,7.340354579013586,6.410195543605089,-1.094978060882911
1789064072286821000,33.09482104492187,7.340037183627485,6.408907841882109,-1.1045979760129003
1789064072296858000,33.10485815429688,7.343005970305204,6.403953434345126,-1.1135691449105738
1789064072306895000,33.11489501953125,7.3489546495765445,6.39499329829812,-1.1257524077225476
1789064072316931800,33.12493188476562,7.3530971562087535,6.389630309960245,-1.1291467263359576
1789064072326969000,33.13496899414063,7.360280345711112,6.3804983244776725,-1.1339753886014223
1789064072337006000,33.14500610351563,7.366371648323535,6.372679175159335,-1.1383831951063126
1789064072347043000,33.15504296875,7.368817287909984,6.369151001033186,-1.1422912353955208
1789064072357080000,33.165080078125,7.371691966563462,6.365469097650051,-1.1442669193826616
1789064072367117000,33.17511694335938,7.374163909634947,6.361800053748488,-1.1487361006859689
1789064072377154000,33.185154052734376,7.372675132381915,6.364179057839513,-1.1451105305999516
1789064072387191000,33.19519091796875,7.371275786978006,6.367063088843226,-1.1380597353056072
1789064072397227000,33.20522705078125,7.369442141810059,6.3710267317771905,-1.1277109944444148
1789064072407264000,33.21526391601562,7.366633514130115,6.375633348789811,-1.1200007123280316
1789064072417301200,33.22530126953125,7.364633864745497,6.379203023970127,-1.1128005716908722
1789064072427338200,33.23533813476563,7.363224582469463,6.381998792168497,-1.106071482631564
1789064072437375000,33.245375,7.362462950447202,6.385405970263481,-1.0913811323694884
1789064072447412000,33.25541186523437,7.360666130158305,6.390844361925125,-1.0714871490497142
1789064072457449000,33.26544897460938,7.360849085509777,6.394288364899158,-1.049461049072072
1789064072467486200,33.275486328125,7.358943544149398,6.400230614429712,-1.026348615162447
1789064072477523200,33.285523193359374,7.358647776073217,6.4033817719370125,-1.0086539685178548
1789064072487560000,33.29555981445313,7.357623693722486,6.407165966650843,-0.9919554202385246
1789064072497597000,33.305596923828126,7.355399003410339,6.412987220150232,-0.9706093384142964
1789064072507633000,33.3156328125,7.35151719354093,6.421302044031024,-0.9447034013286233
1789064072517670100,33.32567016601563,7.347073073613643,6.430301927566528,-0.9176679487563669
1789064072527707100,33.33570703125,7.343686938306689,6.438119323319197,-0.8895325721181928
1789064072537744100,33.345744140625,7.342662855955958,6.442891360026597,-0.8630388252072035
1789064072547780900,33.35578076171875,7.339280227780342,6.450323555853963,-0.8358682019479572
1789064072557818000,33.365818115234376,7.337738259035349,6.454975181052088,-0.8131877297148108
1789064072567855000,33.375855224609374,7.335960143446922,6.460070458364486,-0.7883925303500146
1789064072577892000,33.38589208984375,7.3360396384239195,6.4627674423635,-0.7652049123123288
1789064072587929000,33.39592919921875,7.337330262756347,6.464105997490883,-0.7411519826821983
1789064072597966000,33.405966064453125,7.340754391986131,6.463423275923729,-0.7126551523204893
1789064072608003000,33.41600317382812,7.34566203777194,6.460932628151774,-0.6840948282685131
1789064072618040000,33.4260400390625,7.351881350678205,6.456259960165619,-0.6610116204533726
1789064072628076000,33.43607592773437,7.359622758585214,6.449425730231404,-0.6412830568283796
1789064072638113000,33.44611303710938,7.370006205433607,6.438847053071856,-0.6281968538273126
1789064072648150000,33.45614990234375,7.378011232712865,6.430881188759208,-0.6157120507854968
1789064072658187300,33.466187255859374,7.381786075076461,6.427637676793337,-0.6042242228917777
1789064072668224000,33.47622412109375,7.3814499749898905,6.429485350486636,-0.5884715040951967
1789064072678261000,33.486260986328126,7.375843825545907,6.437036204257607,-0.5760871657531708
1789064072688298000,33.496298095703125,7.366385676848888,6.44898675429225,-0.563301516601257
1789064072698335200,33.50633520507812,7.357292854332924,6.459767091503739,-0.5586011934231967
1789064072708372200,33.51637231445312,7.343360775092243,6.476452853366732,-0.5486337800297886
1789064072718409000,33.526408935546876,7.329923201370239,6.492378736773133,-0.5400301658028737
1789064072728446700,33.53644677734375,7.32162182149291,6.502637095937132,-0.5291062554022297
1789064072738482700,33.54648266601563,7.316312024646997,6.509295384782552,-0.5206135907365009
1789064072748520000,33.55652001953125,7.315123691645264,6.511111494293808,-0.5145682461576536
1789064072758557000,33.566556884765625,7.31835902030468,6.507630666440725,-0.5125966172911226
1789064072768593700,33.57659375,7.325255794081092,6.50005000205338,-0.5102551687315106
1789064072778630700,33.58663061523438,7.335597155353427,6.488427368798852,-0.5096181129369884
1789064072788668000,33.59666796875,7.347371179777383,6.475438707888126,-0.5051977026788518
1789064072798705000,33.606704833984374,7.357163674995303,6.464833142721653,-0.4984605399109423
1789064072808742000,33.61674194335937,7.365613523432612,6.456079927423596,-0.4869842928571626
1789064072818779000,33.62677880859375,7.372042095175385,6.449538542956113,-0.4762662072269246
1789064072828815600,33.636815673828124,7.3738196262419216,6.448153226077556,-0.4674363464960828
1789064072838852900,33.64685278320312,7.369750769367814,6.45344314917922,-0.45851584833972153
1789064072848889900,33.65688989257813,7.363086635303497,6.461772586107253,-0.44814555323384697
1789064072858925800,33.66692578125,7.355740948715805,6.470740905460715,-0.4392849685711786
1789064072868962800,33.676962890625,7.347227387392521,6.481274574434757,-0.42628030637372283
1789064072878999800,33.686999755859375,7.338795659133791,6.491885400298237,-0.40973665639515966
1789064072889036800,33.697036865234374,7.335232998216152,6.496920471855998,-0.39341103308144953
1789064072899073800,33.70707373046875,7.332293437632918,6.501117923545837,-0.37857455234695225
1789064072909110800,33.71711083984375,7.331960260155797,6.502322038638591,-0.3640786652110517
1789064072919147800,33.727147705078124,7.33432289763391,6.500407144927978,-0.3504364722950384
1789064072929185000,33.73718505859375,7.340941438990831,6.493517969936132,-0.339394232744351
1789064072939221800,33.7472216796875,7.347827106851339,6.486316660255193,-0.32789602958709
1789064072949258800,33.7572587890625,7.355176300570369,6.478528490597009,-0.31690325520131735
1789064072959295700,33.76729565429687,7.364153387752175,6.468744763207435,-0.308157748285681
1789064072969331700,33.777331787109375,7.37264824437499,6.459419885501265,-0.30055974917104467
1789064072979369000,33.787368896484374,7.375704124814272,6.456511889100074,-0.28780201093936336
1789064072989406000,33.79740600585937,7.377140879619121,6.45534576793015,-0.27691830468494444
1789064072999442700,33.807442626953126,7.3735560068696735,6.4599371873736375,-0.26508601073510946
1789064073009479700,33.817479736328124,7.363915487343072,6.4713675129264585,-0.25405409164903686
1789064073019516700,33.8275166015625,7.353936529642343,6.482908313116431,-0.24877774041499942
1789064073029554000,33.83755395507813,7.342178287309408,6.4963932331115,-0.2442974349294789
1789064073039591000,33.8475908203125,7.33098410860002,6.509215305283665,-0.23910910903876645
1789064073049628000,33.8576279296875,7.3226903275072575,6.5188318594127885,-0.2311234623134136
1789064073059664600,33.86766455078125,7.317416186496615,6.525196718269586,-0.21817741670170798
1789064073069702000,33.87770190429688,7.3173127261221405,6.525678948828578,-0.20694683323837815
1789064073079737900,33.88773779296875,7.317680390390754,6.525593024110794,-0.19641015032334252
1789064073089774800,33.89777490234375,7.3180626677066085,6.525441632941365,-0.18697914536157623
1789064073099811800,33.907811767578124,7.322259534874558,6.520976470226049,-0.17822803068906068
1789064073109848800,33.91784887695312,7.326613053908944,6.516341211640834,-0.16858197647081688
1789064073119885800,33.9278857421875,7.328703888708352,6.514412289404869,-0.15140487829376942
1789064073129922800,33.9379228515625,7.331358787131309,6.511825195521116,-0.13304162993892096
1789064073139959800,33.94795971679687,7.334741415306925,6.508362487846613,-0.11475995892030186
1789064073149996800,33.95799682617187,7.335830379587412,6.507413224297761,-0.09776706733689643
1789064073160033800,33.96803369140625,7.337727737641334,6.505479041364788,-0.08297492806762456
1789064073170070800,33.97807080078125,7.335190912640094,6.508571162161231,-0.06209848218229599
1789064073180107800,33.98810766601562,7.334063954436779,6.510020191925764,-0.038998428263631646
1789064073190143700,33.998143798828124,7.332841134643554,6.511496109697222,-0.015727185921458293
1789064073200180700,34.0081806640625,7.327598557814955,6.517409133133292,0.008315854785608826
1789064073210217700,34.0182177734375,7.325193834760785,6.520055263727903,0.028226525520347056
1789064073220255000,34.0282548828125,7.324739076730609,6.520448062437772,0.04839187312740832
1789064073230292000,34.0382919921875,7.325247026252746,6.519664803105592,0.07148785365915392
1789064073240328700,34.04832861328125,7.329253923806547,6.5148536034315825,0.09541877804454416
1789064073250365700,34.05836572265625,7.336105689397454,6.506777849003672,0.11742183507331647
1789064073260403000,34.06840283203125,7.342587452632189,6.499056899362802,0.13803245136300102
1789064073270440000,34.07843994140625,7.351552264854312,6.488586943274736,0.15266362791690044
1789064073280477000,34.08847680664063,7.360421800008416,6.478215771386027,0.16520787866152822
1789064073290513700,34.098513671875,7.366851540794968,6.470535153755545,0.1790427994043566
1789064073300549600,34.10854956054688,7.369706345704198,6.46681525644958,0.19521701328232882
1789064073310587000,34.1185869140625,7.371559280094504,6.46425972674787,0.20937919321814552
1789064073320623900,34.12862377929687,7.370396081534028,6.465216589081287,0.22048799519902093
1789064073330660900,34.13866088867187,7.3669661070853465,6.468948761346936,0.22560917413765563
1789064073340697900,34.14869775390625,7.360672559899092,6.475958932369947,0.22988230314590036
1789064073350734600,34.158734619140624,7.353753574290871,6.483658254700899,0.23423534725625067
1789064073360771800,34.16877172851562,7.345689510300755,6.4925190220266575,0.2417195655317977
1789064073370808800,34.17880883789063,7.3395976231664415,6.49913464077413,0.24886518123643472
1789064073380845800,34.188845703125,7.334950674143433,6.5041352255403995,0.25514285500012335
1789064073390882800,34.1988828125,7.332645904332399,6.50655806877315,0.25958763251453637
1789064073400919800,34.208919921875,7.330774265241622,6.508531414672732,0.2629506061416119
1789064073410956000,34.2189560546875,7.331314363467693,6.507939878520369,0.2625481262879446
1789064073420992800,34.22899267578125,7.3350693320870395,6.503725475695729,0.26209514008974655
1789064073431029800,34.23902978515625,7.340612353166938,6.497461154603958,0.26227327313562854
1789064073441066800,34.249066650390624,7.346787242409587,6.490272119882702,0.2673393243535422
1789064073451104000,34.25910400390625,7.350352825936675,6.48594841146469,0.2741734994888306
1789064073461141000,34.26914111328125,7.3524272941231725,6.483310464176535,0.28087964606396854
1789064073471177700,34.279177734375,7.356989487472176,6.478005928027629,0.2837938895428553
1789064073481214700,34.28921459960937,7.361647542411088,6.472725941798091,0.28345691267345097
1789064073491251700,34.29925170898437,7.362500944370031,6.471662696480751,0.28557244352269917
1789064073501289000,34.3092890625,7.359378428435325,6.474717992398142,0.29659334802441295
1789064073511326000,34.319325927734376,7.356953247115015,6.476906442353129,0.3087095734821632
1789064073521362000,34.32936181640625,7.354178521704673,6.479333377239108,0.3235377247797325
1789064073531398700,34.339398681640624,7.355090960374474,6.477751661005616,0.3342963250834495
1789064073541435600,34.349435546875,7.354377843669057,6.477974948367476,0.34547095884215084
1789064073551473000,34.35947290039063,7.351560448160767,6.480502421018481,0.357824902045913
1789064073561510000,34.36951000976563,7.351747495165466,6.479584137129783,0.37037429475653916
1789064073571547000,34.379546875,7.3553575023561715,6.4748056706815955,0.382079345597513
1789064073581583600,34.38958349609375,7.361741650435328,6.466851496806741,0.39367578496485944
1789064073591620900,34.39962084960938,7.3677937900811425,6.458765805506705,0.412722832599096
1789064073601657900,34.409657958984376,7.373801506063342,6.450564378872514,0.43320097248237577
1789064073611694800,34.41969482421875,7.381315534955263,6.440626337704062,0.452650646100752
1789064073621731800,34.42973193359375,7.388018831986188,6.431693674185872,0.4699696278333664
1789064073631768600,34.4397685546875,7.394014273008704,6.423722549176215,0.4844832698216662
1789064073641804800,34.4498046875,7.396714179617166,6.4196753196120255,0.4967569873960688
1789064073651841800,34.459841796875,7.394252173417806,6.421195661047101,0.5134759574089199
1789064073661878800,34.46987866210937,7.391252991601824,6.423399893093109,0.5288673320798203
1789064073671915800,34.47991577148437,7.389533912724256,6.424114178842306,0.5439972428029403
1789064073681952800,34.48995288085938,7.386247730660438,6.426462787795066,0.5606340874902904
1789064073691990000,34.499989990234376,7.382955703377723,6.428893814334273,0.575905598641187
1789064073702026800,34.51002685546875,7.380176886314153,6.430960683736204,0.5883217203609645
1789064073712063700,34.52006372070313,7.378088974124193,6.43233138756752,0.5994148498486727
1789064073722100700,34.530100830078126,7.375757316306233,6.43397272503376,0.6104042632335797
1789064073732138000,34.540137939453125,7.375747963955998,6.432914740413427,0.6215644300755113
1789064073742174000,34.55017407226563,7.376094585436582,6.431575016242265,0.6312352716751396
1789064073752211000,34.5602109375,7.3788038443952795,6.42806028611958,0.6353596581287682
1789064073762247700,34.57024755859375,7.381640529125929,6.424640833064913,0.6369987305726855
1789064073772284700,34.58028466796875,7.38559014353454,6.4204036338865755,0.6339294061299413
1789064073782322000,34.590322021484376,7.389791102355718,6.415673098233341,0.6328548357009888
1789064073792359000,34.60035888671875,7.394010765877366,6.410804030892253,0.6329203752178698
1789064073802396000,34.61039599609375,7.397348385867476,6.406634051731229,0.6361361223939805
1789064073812432600,34.6204326171875,7.398501647555828,6.405136506649852,0.6378031057581305
1789064073822469600,34.6304697265625,7.39653940757215,6.407413219410181,0.6376894162505865
1789064073832507000,34.6405068359375,7.394388951539993,6.410538657954334,0.6311832492269576
1789064073842543900,34.6505439453125,7.392279996562004,6.413724886775016,0.6234693138487637
1789064073852579800,34.66057983398437,7.388689278593659,6.4184641902565955,0.6172287389587611
1789064073862616800,34.67061694335938,7.386588506922125,6.421117919635773,0.6147700206950306
1789064073872653800,34.68065380859375,7.3843369286030525,6.423878031998872,0.612976269146055
1789064073882690800,34.69069091796875,7.382883807185292,6.4258157220631835,0.6101712581953034
1789064073892727800,34.70072778320313,7.383103002893924,6.425984064367413,0.605730170475319
1789064073902764800,34.710764892578126,7.386451144278049,6.4228410901665685,0.5981913359357044
1789064073912801800,34.7208017578125,7.391062437465786,6.4180135238796465,0.5930254045398905
1789064073922839000,34.73083911132812,7.393502231833338,6.415598863953352,0.5887224101163446
1789064073932875800,34.74087573242188,7.396492061299085,6.4126230630129575,0.5835683883540332
1789064073942912800,34.750912841796875,7.404947170433402,6.40388913693726,0.5721383550621569
1789064073952949800,34.76094970703125,7.406185187795757,6.402965007829666,0.5664366728218272
1789064073962985700,34.77098583984375,7.392997789442539,6.417430755555629,0.5749426718931645
1789064073973022700,34.78102270507812,7.3878528277695175,6.423257854273915,0.5759985376216471
1789064073983060000,34.79106005859375,7.389476629579066,6.422513757908344,0.5633221209978685
1789064073993096700,34.8010966796875,7.386118551322817,6.42776042639017,0.547297562989965
1789064074003133700,34.8111337890625,7.380307819217443,6.435378500178456,0.5360400367207825
1789064074013170700,34.82117065429688,7.375276254791021,6.441963139265775,0.5261101423261687
1789064074023208000,34.8312080078125,7.3734127990067,6.444542049843072,0.5206184495747089
1789064074033245000,34.841244873046875,7.379212425196171,6.43908144634962,0.5058006370080634
1789064074043282000,34.851281982421874,7.384905668401718,6.433519136047363,0.4933348674602806
1789064074053318700,34.86131860351563,7.385252289882302,6.433454254117608,0.48898262706752865
1789064074063356000,34.87135595703125,7.382152570301294,6.437305668848753,0.48508525430280713
1789064074073393000,34.881392822265624,7.382392224276066,6.437927600139379,0.4730313900241628
1789064074083428900,34.891428955078126,7.385950793540477,6.435437536889315,0.4508419892435893
1789064074093465900,34.9014658203125,7.383629072594642,6.439647848060726,0.42819417717102914
1789064074103502800,34.9115029296875,7.373769357359409,6.451911701828241,0.41321328299716115
1789064074113539600,34.92153955078125,7.363783969917893,6.464089046356081,0.4007740361301228
1789064074123576800,34.931576904296875,7.360387313216925,6.469138146439194,0.38122386127933855
1789064074133613800,34.94161376953125,7.356593766152859,6.47472383761704,0.35898145166989415
1789064074143650800,34.95165087890625,7.3478136628478765,6.485543337795138,0.3431395567525178
1789064074153687800,34.961687744140626,7.343168467390536,6.491686662855744,0.32597602130994197
1789064074163724800,34.971724853515624,7.34200643787384,6.493886803248524,0.30783490953948345
1789064074173761800,34.98176171875,7.3450021125584835,6.491617104750871,0.2832661210753955
1789064074183797800,34.9917978515625,7.347144385284185,6.490159307157993,0.2601370648245327
1789064074193834800,35.00183471679688,7.3465300527781245,6.491681986680627,0.2386244855932891
1789064074203871700,35.01187182617188,7.3467808126688,6.492002304676174,0.2215976369413547
1789064074213909000,35.021908935546875,7.350536365810036,6.488466531765461,0.19949459926998242
1789064074223946000,35.031946044921874,7.3526833147108555,6.486611843809485,0.17974291049772873
1789064074233982700,35.04198266601563,7.352323249226808,6.487520775347948,0.16063280756464227
1789064074244019700,35.052019775390626,7.35144412830472,6.488994355031847,0.14003343418817965
1789064074254057000,35.062056884765624,7.351601949214935,6.489242192313075,0.11858032092605716
1789064074264094000,35.07209399414062,7.3544012245446435,6.486413690888881,0.09801127875577657
1789064074274131000,35.082130859375,7.356578568583727,6.484243361112475,0.07567193897734396
1789064074284167700,35.092167724609375,7.355311909648775,6.485869501009583,0.05710699860451277
1789064074294203600,35.10220361328125,7.355467392471432,6.48583793682754,0.037312256141821855
1789064074304240600,35.11224072265625,7.355241767022013,6.486181051176786,0.015939483815134735
1789064074314278000,35.12227783203125,7.356043731054664,6.485289655295014,-0.00516123352945433
1789064074324315000,35.13231494140625,7.356955000680685,6.484214719539881,-0.02345147030537482
1789064074334352000,35.142351806640626,7.356264095807075,6.484921406504512,-0.03951653385360259
1789064074344388600,35.152388671875,7.356264095807075,6.484850679355859,-0.049771089058741926
1789064074354425900,35.16242578125,7.3582315964877605,6.482465830045938,-0.06677136479758192
1789064074364462800,35.172462890625,7.359466691240668,6.480852549630403,-0.08477536508571357
1789064074374499800,35.182499755859375,7.358289464154839,6.481878970068693,-0.10583611802938393
1789064074384536800,35.19253686523437,7.353939452251791,6.486511306044459,-0.12302534503564237
1789064074394573800,35.20257373046875,7.348822547629475,6.491980677366256,-0.13920123028089293
1789064074404609800,35.21260986328125,7.344204240179061,6.496960803866386,-0.1501835563378874
1789064074414646800,35.22264672851563,7.335653269454836,6.5063675146371125,-0.16050061428602783
1789064074424683800,35.232683837890626,7.327936411467194,6.5148460046470165,-0.1688440614731051
1789064074434720800,35.242720703125,7.324470781183242,6.518353135985135,-0.18329457509731872
1789064074444757800,35.2527578125,7.321361124730109,6.521365761804581,-0.19960803304919972
1789064074454795000,35.262794921875,7.320478496676683,6.521781941390037,-0.21756456376668065
1789064074464831700,35.272831787109375,7.3213073487162585,6.520404223296046,-0.2305776101999916
1789064074474868700,35.28286865234375,7.324819156229496,6.516046028086543,-0.24196104613747446
1789064074484905700,35.29290576171875,7.330832132908702,6.509032349932194,-0.24856373233813792
1789064074494943000,35.30294287109375,7.339844875925779,6.498347874310612,-0.2617862202710472
1789064074504980000,35.31297998046875,7.346901808699965,6.4899301745772355,-0.27245734322071075
1789064074515016000,35.323015869140626,7.350634565487503,6.485227695974707,-0.2835006239510141
1789064074525052700,35.333052734375,7.350335874801874,6.4851294962972394,-0.29332084742607545
1789064074535089700,35.34308959960938,7.351187523195147,6.4834624398678535,-0.30845421048160643
1789064074545127000,35.353126953125,7.34877695492208,6.48563335416615,-0.320036146399565
1789064074555164000,35.363163818359375,7.344017777696251,6.490571395090222,-0.32905758417975156
1789064074565201000,35.37320092773437,7.337607910653948,6.497669244396686,-0.3319549495890736
1789064074575237600,35.38323754882813,7.332913615357875,6.5025383117377755,-0.34023926873374727
1789064074585274600,35.393274658203126,7.331684950345754,6.503487575286626,-0.3484672911139205
1789064074595311900,35.403311767578124,7.3321519833356135,6.5022174092203375,-0.3620825594903901
1789064074605348900,35.41334887695312,7.330082775846123,6.504122950580716,-0.3696713706515729
1789064074615384800,35.423384765625,7.330516491088271,6.503120495539903,-0.3785918322753161
1789064074625421800,35.433421875,7.331949154239893,6.501173453125357,-0.3842588815936818
1789064074635458800,35.44345874023438,7.333245623791218,6.499159190693497,-0.3934714214991778
1789064074645495800,35.453495849609375,7.333019998341799,6.499070927888154,-0.3990955815238878
1789064074655532800,35.46353271484375,7.332464702546596,6.499161528781056,-0.4077255357684567
1789064074665569800,35.47356982421875,7.3302277372747655,6.501441164150834,-0.41159412083011115
1789064074675606800,35.483606689453126,7.333436177927255,6.497018671533465,-0.4240940483758226
1789064074685644000,35.49364404296875,7.335521167507768,6.494102491825819,-0.4325921564016491
1789064074695680800,35.5036806640625,7.335785955923796,6.493257273173332,-0.4407302354760468
1789064074705717800,35.5137177734375,7.334709851124882,6.494078526428342,-0.4464968727113679
1789064074715754800,35.523754638671875,7.333355513906478,6.494930174821615,-0.4562419485909864
1789064074725790200,35.533790283203125,7.332281162673235,6.495401299464702,-0.46669203093480316
1789064074735827500,35.54382739257812,7.330767835500836,6.4959700392633675,-0.4822812662653625
1789064074745864400,35.55386450195312,7.327621354168653,6.498683974397182,-0.49341688318792726
1789064074755901400,35.5639013671875,7.324105455002188,6.501673803862929,-0.5060726223498583
1789064074765938200,35.573938232421874,7.321868489730358,6.503370670908689,-0.51651335234344
1789064074775975400,35.58397534179687,7.323848849892616,6.499743712583184,-0.5338082225481048
1789064074786012400,35.59401245117188,7.327371178799867,6.4942679115206,-0.5518095239890739
1789064074796049400,35.60404931640625,7.327057290545105,6.493033401289582,-0.5702097981523722
1789064074806086400,35.61408642578125,7.323824299973249,6.495508266970515,-0.5834115903571248
1789064074816123100,35.624123046875,7.322858085289597,6.494746050426364,-0.6036672831287607
1789064074826160400,35.63416040039063,7.322320325151085,6.49361500056982,-0.6220738409023732
1789064074836196400,35.6441962890625,7.319336925426125,6.494833728709817,-0.6440712262421846
1789064074846233300,35.6542333984375,7.315770757377147,6.496987691873311,-0.6625975014053285
1789064074856270300,35.664270263671874,7.313337392750382,6.497430174943804,-0.6847527807205915
1789064074866307300,35.67430737304687,7.312471715831756,6.4967328403294085,-0.7004341878466308
1789064074876344300,35.68434423828125,7.315961311513185,6.490626924669742,-0.7203191110771149
1789064074886381300,35.69438134765625,7.320153502506018,6.484223487368226,-0.7352480924006551
1789064074896418300,35.70441821289062,7.323569448429346,6.478479975280165,-0.7516717692613601
1789064074906455300,35.71445532226563,7.329924954935908,6.469278431692719,-0.768774002970755
1789064074916492500,35.72449243164063,7.335066409477591,6.4610489480078215,-0.7886903442528098
1789064074926529300,35.734529296875,7.339455584347248,6.45416912536621,-0.8040383547060191
1789064074936565500,35.7445654296875,7.343723763185739,6.4473302192568775,-0.8197779217600822
1789064074946602200,35.754602294921874,7.344801037028431,6.445183854877948,-0.8269761627011001
1789064074956639200,35.76463916015625,7.344036482396722,6.445055844584107,-0.8347322567205876
1789064074966676500,35.77467651367188,7.342157829043269,6.446309059515595,-0.8415495355200022
1789064074976713500,35.78471337890625,7.338191263499856,6.449385398221016,-0.8525072751250118
1789064074986750500,35.79475048828125,7.335855514028668,6.450485468417406,-0.8642053847685456
1789064074996787200,35.804787109375,7.334149294632673,6.451213198170065,-0.8732070949349552
1789064075006824200,35.81482421875,7.332544782045483,6.452808358407021,-0.874894463500008
1789064075016861400,35.824861328125,7.330534611266851,6.455264519387483,-0.8736192559324204
1789064075026898400,35.8348984375,7.328978613996505,6.457718926802277,-0.8685195216406136
1789064075036935400,35.84493530273438,7.328682261398434,6.457809527695178,-0.8703451296325773
1789064075046971400,35.85497143554687,7.325982354789972,6.460583084061741,-0.8724890097934752
1789064075057008400,35.86500830078125,7.321102181532979,6.465721615993976,-0.8753819547560066
1789064075067045400,35.87504541015625,7.319314129072428,6.467900713598728,-0.8742353420041501
1789064075077082400,35.88508227539062,7.320480834764242,6.466681400936841,-0.8734854004196823
1789064075087119400,35.89511938476563,7.32180828397572,6.465925029611587,-0.8679427446659654
1789064075097156400,35.90515625,7.3232532220870254,6.4645017188102,-0.866355986931175
1789064075107193300,35.915193359375,7.327108728471398,6.46054801274836,-0.8632414351072162
1789064075117230300,35.92523022460937,7.333676416423916,6.453450747963786,-0.8605511731099337
1789064075127267300,35.93526733398438,7.340149411830305,6.446557481318711,-0.8570253370713442
1789064075137304300,35.94530419921875,7.345029000565409,6.441793627917766,-0.8510193015895784
1789064075147341300,35.95534130859375,7.348685769507289,6.438799122276902,-0.8420615766953676
1789064075157377300,35.965377197265624,7.347952194535732,6.440631598401069,-0.8344088699851184
1789064075167414500,35.97541455078125,7.345114925283193,6.444795147821307,-0.8272195430029183
1789064075177451300,35.985451171875,7.342616094204783,6.448330336210131,-0.8218287898752837
1789064075187488300,35.99548828125,7.338510996973514,6.4540680030792945,-0.8134151817951351
1789064075197525200,36.00552514648437,7.334239895525574,6.4599944705188275,-0.8048525206331163
1789064075207562500,36.0155625,7.33329589267373,6.462415560185909,-0.7939394969526677
1789064075217599500,36.025599609375,7.3350272465109825,6.461781353935599,-0.783027788446471
1789064075227636200,36.03563623046875,7.338005970060825,6.460161643779277,-0.7683503707312047
1789064075237673200,36.04567309570312,7.339926708990335,6.459649602603912,-0.7541855056479573
1789064075247710500,36.05571044921875,7.34400199560523,6.456480324918031,-0.7415382055208086
1789064075257746400,36.06574633789062,7.3496309414029115,6.45103667255938,-0.7331009243041277
1789064075267783400,36.07578344726563,7.352158414053917,6.449177892950177,-0.7240557403221726
1789064075277820400,36.0858203125,7.353754158812761,6.448502770167589,-0.7137886133298278
1789064075287857400,36.095857421875,7.3551014817684885,6.447993651601672,-0.7044449578579515
1789064075297894100,36.10589404296875,7.353126966825127,6.4518357139825815,-0.6897325418945401
1789064075307931400,36.11593139648438,7.351633513396978,6.455057014116645,-0.6753581987790763
1789064075317968400,36.125968505859376,7.349259770002961,6.4592597265034914,-0.6608551877826452
1789064075328005400,36.13600537109375,7.34678198171258,6.4635395957797765,-0.6463974041674285
1789064075338042400,36.14604248046875,7.344725633704662,6.467080044865607,-0.6342413946885616
1789064075348079400,36.15607934570313,7.342240831151604,6.471078174591064,-0.622115341956541
1789064075358116400,36.166116455078125,7.3409806019574395,6.473849977391958,-0.6079912472750991
1789064075368152300,36.17615234375,7.344158062949776,6.471359329620003,-0.5960148686794564
1789064075378189300,36.18618920898437,7.3487600037872784,6.467427250868082,-0.5818066759111359
1789064075388226300,36.19622631835937,7.35353204049468,6.463481728112697,-0.5651205487219616
1789064075398263600,36.206263671875,7.358592246493696,6.4590317629665135,-0.5499209702961146
1789064075408300300,36.21630029296875,7.3660747112035745,6.451462204495072,-0.5384892565038055
1789064075418337300,36.22633715820312,7.37287328530252,6.444467815563082,-0.529114365643449
1789064075428374300,36.23637426757813,7.37788848311603,6.43964024927616,-0.5178605291686952
1789064075438411500,36.24641162109375,7.378913149988651,6.43968058128655,-0.5025419274730608
1789064075448448500,36.256448486328125,7.378050980201363,6.441946772652864,-0.485870888255164
1789064075458485200,36.2664853515625,7.378066762292384,6.442920001599192,-0.47254415449649095
1789064075468521500,36.276521484375,7.375746794912218,6.446461035206913,-0.4603138011397794
1789064075478558200,36.28655810546875,7.369137021383643,6.4550307106316085,-0.445844327086769
1789064075488595200,36.29659521484375,7.360965405365825,6.465218342646956,-0.4330296710360795
1789064075498632400,36.306632568359376,7.356001645478606,6.471386217626929,-0.4251897346580401
1789064075508669400,36.31666943359375,7.353563020154834,6.474588228538632,-0.418574006312713
1789064075518706400,36.32670654296875,7.351431268823147,6.477698469513654,-0.40774723614361136
1789064075528743200,36.3367431640625,7.350470899358391,6.4797834590941665,-0.39162678001318124
1789064075538780400,36.346780517578125,7.353641346088051,6.477070693004131,-0.3766867293063551
1789064075548817400,36.3568173828125,7.359621005019545,6.4709969260483975,-0.36409462996516373
1789064075558854400,36.3668544921875,7.368090727201103,6.461600152149796,-0.35964042703527954
1789064075568890400,36.37689038085937,7.373494632071256,6.455739735683799,-0.3540938257588073
1789064075578927400,36.38692724609375,7.37563222862184,6.453698000723123,-0.3467322109496221
1789064075588964400,36.39696435546875,7.377151985535026,6.452437771528959,-0.33772498435787857
1789064075599001300,36.40700146484375,7.3765470053792,6.453539595291018,-0.3297863733783364
1789064075609038300,36.41703833007813,7.371503165993094,6.459869382834434,-0.31844821962099523
1789064075619075300,36.42707543945313,7.36429308848381,6.468627274307608,-0.3073002912061289
1789064075629112300,36.4371123046875,7.356009244263172,6.478450749185681,-0.2986399966222234
1789064075639149300,36.4471494140625,7.347108144927025,6.488823674640059,-0.29250494619961825
1789064075649186300,36.45718627929688,7.340591310378909,6.49643005799055,-0.28722782778060063
1789064075659223300,36.467223388671876,7.336532974898815,6.501389141702652,-0.2785756799705326
1789064075669260300,36.47726025390625,7.335296711102128,6.503228632089495,-0.26800511305220426
1789064075679296300,36.487296142578124,7.3365744759529825,6.502227930614352,-0.2570842531251721
1789064075689333500,36.49733349609375,7.341607793945074,6.496839223313331,-0.24953341762050985
1789064075699370500,36.50737060546875,7.349649646103382,6.487776211413741,-0.24857507571605963
1789064075709407200,36.5174072265625,7.360145321154594,6.475801695981621,-0.25027418951783326
1789064075719444200,36.5274443359375,7.370840318170189,6.463546610042452,-0.2523105176510289
1789064075729481700,36.537481689453124,7.380771345075964,6.452201624685525,-0.2523868160239421
1789064075739519000,36.54751904296875,7.3885314576834435,6.443329751443862,-0.2519786918807775
1789064075749555700,36.5575556640625,7.3943638170987365,6.436593136665224,-0.25306866080826146
1789064075759592700,36.5675927734375,7.394569568803906,6.436216120046377,-0.2566096578833647
1789064075769629700,36.57762963867187,7.383812612468004,6.448757621711493,-0.25143534225169567
1789064075779665700,36.587665771484374,7.37415923345983,6.4596723989576095,-0.25454563802564517
1789064075789703000,36.59770288085937,7.366632345086336,6.467805436530709,-0.2657168559845537
1789064075799740000,36.60773999023438,7.353811441957951,6.4820362064570185,-0.27395192916002126
1789064075809777000,36.61777685546875,7.342273564377427,6.494777030086517,-0.2815448137081228
1789064075819813600,36.627813720703124,7.333627901107072,6.504191339641809,-0.28945913049662486
1789064075829851000,36.63785083007812,7.332616093716025,6.505089749786257,-0.2948423944375478
1789064075839888000,36.64788793945313,7.335323014587163,6.501819349813461,-0.2996077639421448
1789064075849924900,36.6579248046875,7.34153998940587,6.494574200990796,-0.3044465274765156
1789064075859961900,36.6679619140625,7.349694069766998,6.485164567610621,-0.30824820304811
1789064075869998800,36.67799877929688,7.359936062318086,6.473177192696928,-0.3157586152108386
1789064075880035800,36.68803588867188,7.370679574650525,6.460285562419891,-0.3288980097038671
1789064075890071800,36.69807177734375,7.377861595109104,6.451453436666727,-0.3410230760551989
1789064075900108800,36.70810888671875,7.380466809171438,6.448063209706545,-0.34867717100493606
1789064075910145800,36.718145751953124,7.379328745052218,6.449103074148297,-0.3534987459424883
1789064075920182800,36.72818286132812,7.37406570995748,6.454949462088942,-0.3565993788389489
1789064075930219800,36.7382197265625,7.363205293247103,6.467172399324179,-0.3595450403694063
1789064075940256800,36.7482568359375,7.351103352043032,6.480673101410269,-0.36405532086808234
1789064075950293800,36.75829370117187,7.339203070890903,6.493698587200045,-0.37196810328662394
1789064075960330800,36.76833081054688,7.328285371035337,6.505592438611388,-0.3793239094095304
1789064075970368000,36.77836791992188,7.322980250364542,6.511260547375679,-0.3844961609482765
1789064075980404700,36.78840478515625,7.322323247760534,6.5118368859589095,-0.3872403450898826
1789064075990441000,36.79844091796875,7.324480718055367,6.509461973521113,-0.3863545386986807
1789064076000477700,36.808477783203124,7.328198861795664,6.505301346710324,-0.3859299931436777
1789064076010514700,36.8185146484375,7.332526661866903,6.500214837226271,-0.3894266396204009
1789064076020552000,36.82855200195313,7.335763744091987,6.496352316579222,-0.39289139312151816
1789064076030589000,36.8385888671875,7.33756757864356,6.494162697580457,-0.39539844403900204
1789064076040626000,36.8486259765625,7.338598090735077,6.493023464417457,-0.39497466566897926
1789064076050662700,36.85866259765625,7.337364749547839,6.49469578154385,-0.3903763050280511
1789064076060699600,36.86869970703125,7.333804426717758,6.498994940042495,-0.38569505187664177
1789064076070737000,36.87873681640625,7.329037650707364,6.504540299209952,-0.3828153317218646
1789064076080774000,36.88877392578125,7.32421417607367,6.509997980093956,-0.38235228078737854
1789064076090809900,36.898809814453124,7.32270201794505,6.5118725417941805,-0.3793894123937934
1789064076100846800,36.90884692382812,7.3220841783076525,6.512788487595319,-0.3755774528902024
1789064076110883800,36.9188837890625,7.320057056394219,6.515484887072444,-0.36824670814331617
1789064076120920800,36.9289208984375,7.321521868249773,6.514195431783795,-0.36188911927752193
1789064076130957800,36.93895776367187,7.322914199391007,6.513090685412287,-0.3534967366484925
1789064076140994800,36.94899487304688,7.322769822484254,6.513640720510482,-0.3462820925619453
1789064076151031800,36.95903173828125,7.325126030221581,6.511383296972513,-0.338815811801888
1789064076161068800,36.96906884765625,7.328827222827076,6.507600855824351,-0.33137528653759507
1789064076171105800,36.97910571289062,7.331631758853793,6.50504707968831,-0.31925062204506244
1789064076181142800,36.98914282226563,7.3347408307850355,6.502013995602726,-0.30947365318983794
1789064076191179800,36.9991796875,7.337705525809526,6.499119443204998,-0.2998556560222991
1789064076201215700,37.0092158203125,7.34191291437149,6.494657203099131,-0.29347523427018896
1789064076211253000,37.0192529296875,7.343463066422939,6.49331514084041,-0.2842389116303064
1789064076221290000,37.0292900390625,7.3446554910779,6.492354186853766,-0.2752364160126075
1789064076231326700,37.03932666015625,7.342934658634662,6.494861785760522,-0.2616493325510062
1789064076241363700,37.04936376953125,7.340190328362584,6.498406326499581,-0.25041312306448815
1789064076251400700,37.05940063476562,7.336579736649989,6.502874996346235,-0.24001791271306572
1789064076261438000,37.06943798828125,7.3333157664179796,6.506867865374684,-0.2313818209886551
1789064076271475000,37.07947485351563,7.332068981227279,6.508580514511466,-0.22255132093699648
1789064076281511700,37.08951171875,7.328797412210703,6.5125283753544085,-0.21468597612306475
1789064076291548700,37.09954858398437,7.324235803383588,6.518042754861712,-0.20265094440905376
1789064076301584600,37.109584716796874,7.3237524037808175,6.5188254296720025,-0.19480359190953894
1789064076311622000,37.11962182617187,7.32070704473555,6.522572799506783,-0.18353170832144095
1789064076321659000,37.12965893554688,7.315114339295029,6.529245701399445,-0.16864744292246175
1789064076331695900,37.13969580078125,7.312915367946029,6.532002306631207,-0.15685727108130232
1789064076341732900,37.14973291015625,7.312533675152063,6.532673922282457,-0.14631850580703465
1789064076351769900,37.15976977539062,7.3147034204065795,6.530381427431106,-0.14004443963938393
1789064076361806800,37.16980688476563,7.3166364342957735,6.528425617188215,-0.12992089496934786
1789064076371843800,37.17984375,7.319836691641807,6.524999734392762,-0.1214173983823508
1789064076381880800,37.189880859375,7.3258052446573965,6.518477054625749,-0.11142602872462011
1789064076391917800,37.19991772460938,7.330585464671254,6.513240323016047,-0.10293246900974773
1789064076401953800,37.20995385742187,7.334466105496883,6.50902007497251,-0.09300158823444507
1789064076411990800,37.21999072265625,7.336906484386325,6.506414860910177,-0.08216332855694927
1789064076422027800,37.23002783203125,7.337558226293325,6.505842029458284,-0.068086456850986
1789064076432064800,37.24006469726562,7.338796828177571,6.504563680085539,-0.055645830877614204
1789064076442101800,37.25010180664062,7.337637136748433,6.50599868132472,-0.038014808070741125
1789064076452139000,37.26013891601563,7.339598207688331,6.503842964595556,-0.02662819379548309
1789064076462175700,37.27017578125,7.3400675787657494,6.503353135251999,-0.01367461333129322
1789064076472212700,37.28021264648437,7.340553900977969,6.502818882244825,-0.0021786122632118346
1789064076482249700,37.29024975585938,7.339699329975247,6.503777498143911,0.008979877931336522
1789064076492287000,37.300286865234376,7.34023533654809,6.5031573204189534,0.01645379457939998
1789064076502323000,37.31032299804688,7.343783384418487,6.499118858683109,0.02624969303902471
1789064076512360000,37.32035986328125,7.346935710969567,6.495494822967052,0.038270113989082165
1789064076522397000,37.33039697265625,7.347201668429374,6.4950581851154565,0.05682053721279371
1789064076532433700,37.34043359375,7.343826639038324,6.498722552841901,0.07215171982878818
1789064076542471000,37.35047094726563,7.339378427457809,6.503616754624248,0.08295062474342994
1789064076552508000,37.3605078125,7.336103935831785,6.507261833128332,0.08659636083464138
1789064076562545000,37.370544921875,7.330743285581469,6.513252597975731,0.09009963798155077
1789064076572582000,37.38058178710938,7.322794956925511,6.522097583210468,0.09645835022535175
1789064076582618600,37.39061865234375,7.316029700574278,6.529551990869641,0.10508207565853371
1789064076592656000,37.40065576171875,7.312230892813205,6.533657672622799,0.11390194471832364
1789064076602692900,37.41069287109375,7.312151982358097,6.533603896608948,0.1218216409348417
1789064076612728800,37.42072875976562,7.315679571962356,6.529574202701449,0.12600908268732017
1789064076622765800,37.43076586914062,7.321803607800603,6.52263475882709,0.12966820798306725
1789064076632802800,37.440802734375,7.328599843811989,6.514955894762277,0.13177626791191285
1789064076642839800,37.45083984375,7.333633746325969,6.509215305283665,0.1353143606438767
1789064076652876800,37.46087670898437,7.3394257737308735,6.502630666196346,0.13784933161474763
1789064076662913800,37.47091381835938,7.344537417656182,6.496816426959634,0.1397270442532841
1789064076672950800,37.48095068359375,7.344964118635654,6.49633887257576,0.13949142713281326
1789064076682988000,37.490988037109375,7.3436127040266985,6.4979591672539705,0.135156603665743
1789064076693024800,37.50102465820312,7.33967594909966,6.502583319923281,0.12628018211312592
1789064076703061800,37.51106176757813,7.335452193924784,6.507524283456802,0.11681867241524159
1789064076713097700,37.52109765625,7.329522803875803,6.514342146778106,0.10874464415353723
1789064076723134700,37.531134765625,7.3200301683872935,6.525072215107083,0.10475637823496944
1789064076733172200,37.541172119140626,7.315928578287362,6.5298214554607865,0.09491135824536905
1789064076743209200,37.551209228515624,7.313864631494879,6.532303335404396,0.08238904533791355
1789064076753246200,37.56124609375,7.308999071285128,6.5379013015419245,0.0690071107932832
1789064076763283200,37.571283203125,7.30864134388864,6.538465365165472,0.05114488446286414
1789064076773320200,37.5813203125,7.309608143094182,6.537502073091268,0.03294009177247062
1789064076783357200,37.59135717773437,7.3090212831169366,6.538212851709127,0.01940209444987122
1789064076793394200,37.60139428710937,7.311939216390251,6.534977523049712,0.002637091340329789
1789064076803431200,37.61143115234375,7.315902274802327,6.5305234662503,-0.01470241059262771
1789064076813467400,37.62146728515625,7.318904963749647,6.527096998932957,-0.03190704523057211
1789064076823504100,37.631504150390626,7.321403794828057,6.524186079922318,-0.049241315863863565
1789064076833541000,37.641541015625,7.321594348964095,6.523852317923307,-0.06321401937587652
1789064076843578000,37.651578125,7.322745272564887,6.522380491805076,-0.07961277642445638
1789064076853615400,37.66161547851563,7.321217916867137,6.52388446662724,-0.09529477720553986
1789064076863652400,37.67165234375,7.319080320316552,6.52595484316051,-0.11562595549933612
1789064076873689000,37.68168920898437,7.313228087157011,6.532154282322526,-0.13433933246610685
1789064076883726000,37.69172607421875,7.30735539573133,6.538328587043285,-0.1523204405024182
1789064076893763300,37.70176342773438,7.299973468786478,6.54632017031908,-0.16269081780668346
1789064076903800300,37.71180029296875,7.294883452171087,6.551714138317108,-0.17349691051393745
1789064076913836300,37.721836181640626,7.28950701982975,6.557396275606751,-0.18448433287115767
1789064076923873300,37.731873291015624,7.285356914412975,6.561661531835794,-0.1963557715212926
1789064076933910000,37.74190991210938,7.2812377886563535,6.565788256376981,-0.21066291288575156
1789064076943947000,37.751947021484376,7.279127080112695,6.567597351625562,-0.2266215660505928
1789064076953984300,37.761984375,7.2801400565475225,6.566069411405921,-0.23807187494551763
1789064076964021200,37.77202124023437,7.285830377143621,6.5593140919268125,-0.24991527481125667
1789064076974058200,37.78205834960937,7.289166243568062,6.5555000865966075,-0.2527082482643425
1789064076984095000,37.792094970703126,7.292315062987804,6.5518696211397645,-0.2559836166732013
1789064076994132200,37.80213232421875,7.294404728743434,6.549236934548616,-0.2637017533024773
1789064077004169200,37.81216918945312,7.294614572101831,6.548613249692321,-0.2732090383708477
1789064077014205200,37.822205078125,7.290897012883424,6.552265342459083,-0.2846351992052048
1789064077024242200,37.8322421875,7.285819855749606,6.557704903164505,-0.2893565651712939
1789064077034279200,37.842279052734376,7.278337391039729,6.565998684257268,-0.28957780670654026
1789064077044316400,37.85231640625,7.271651629665493,6.573472965660691,-0.2879594299907796
1789064077054353200,37.86235327148437,7.262840546700358,6.583230974087119,-0.28742077480312433
1789064077064390100,37.87239013671875,7.256821724802255,6.589874649885297,-0.2871907837058417
1789064077074427100,37.88242724609375,7.2557654937475915,6.590944909465312,-0.28930309968469664
1789064077084464000,37.892464111328124,7.255718147474527,6.591077011412382,-0.2874512430066243
1789064077094501400,37.90250146484375,7.2553083976298565,6.591874299269914,-0.2794259035916999
1789064077104538000,37.9125380859375,7.260670801445841,6.586295622354745,-0.2715613990279846
1789064077114574000,37.92257397460938,7.265906364011764,6.580743833446502,-0.2660768118707463
1789064077124611000,37.932611083984376,7.2708403132826085,6.575504179227352,-0.2607823587244376
1789064077134648000,37.94264794921875,7.276016839137673,6.570036561471223,-0.2541361804419197
1789064077144685300,37.95268530273437,7.282246088916063,6.563389378541707,-0.24738745510037988
1789064077154722300,37.96272241210937,7.285155838882923,6.560748508644104,-0.2312390697834082
1789064077164759000,37.972759033203126,7.285642745617031,6.560990500706434,-0.2078456817742437
1789064077174796000,37.982796142578124,7.290602998372912,6.555899315047264,-0.1941025309680961
1789064077184833300,37.99283325195312,7.293985042026638,6.5522197497516865,-0.19127771933833135
1789064077194870300,38.00287036132813,7.289352706050872,6.557649373584986,-0.18153185800742358
1789064077204907300,38.0129072265625,7.285022567892074,6.562827068483829,-0.16774457579860463
1789064077214943200,38.022943115234376,7.282352471899986,6.56618222413063,-0.15158738612066955
1789064077224980200,38.032980224609375,7.281102179577946,6.567976121810078,-0.1327952722287271
1789064077235017200,38.04301733398437,7.281075876092911,6.5683092992872,-0.11671922149560414
1789064077245054200,38.05305419921875,7.280893505263328,6.568732493135332,-0.10356099443794227
1789064077255091200,38.06309130859375,7.281109778362512,6.568660596942901,-0.09229901118935085
1789064077265128200,38.073128173828124,7.2833490817219015,6.56627691667676,-0.08495860356497578
1789064077275165200,38.08316528320312,7.28469465111196,6.564881662926077,-0.07709020827743224
1789064077285202200,38.0932021484375,7.284494160103797,6.565208410662413,-0.06754020287876483
1789064077295239200,38.1032392578125,7.279862408649921,6.570427022093534,-0.05898281611348502
1789064077305276200,38.11327612304687,7.275454529079794,6.575349865448475,-0.05402993381330743
1789064077315312000,38.12331201171875,7.2719392144352195,6.579227583664656,-0.05521972811976447
1789064077325349000,38.13334912109375,7.27014765484333,6.581137801200151,-0.062916132407845
1789064077335386400,38.14338647460937,7.268073186656832,6.5833829497784375,-0.06764325226128566
1789064077345423000,38.153423095703126,7.265710549178719,6.585941986611485,-0.07218914292945992
1789064077355460000,38.163460205078124,7.264875267398357,6.586795973092317,-0.07806019495390355
1789064077365497000,38.1734970703125,7.268454879450798,6.582649374806881,-0.09318073506047948
1789064077375534300,38.18353442382813,7.272797877091169,6.5775763093262904,-0.11086096958722919
1789064077385571300,38.1935712890625,7.27814800594747,6.571246521782875,-0.1329453299575951
1789064077395608000,38.20360815429687,7.284502343410253,6.563761134463548,-0.15310285045122726
1789064077405645000,38.21364501953125,7.287837625312805,6.559599923130869,-0.17160463049393146
1789064077415681000,38.22368090820312,7.289647889605164,6.557077126654982,-0.19017288163527846
1789064077425718300,38.23371826171875,7.290527595049142,6.555358632299304,-0.21417119500134138
1789064077435755300,38.24375537109375,7.291165308430791,6.5537669791936874,-0.23966455096444114
1789064077445792300,38.253792236328124,7.286905312898755,6.557721854299307,-0.2601758441986516
1789064077455829200,38.26382934570312,7.2825500402987,6.561716476893425,-0.2805982901056297
1789064077465866000,38.273865966796876,7.276106270986795,6.568027559736371,-0.29945240898365155
1789064077475903200,38.2839033203125,7.271447047004103,6.572147854536771,-0.321427966084145
1789064077485940200,38.29394018554687,7.266242464098334,6.576726414498687,-0.3446409377587959
1789064077495977200,38.30397729492187,7.261543492627143,6.580901654356718,-0.36346473456379025
1789064077506014200,38.31401416015625,7.257417937129736,6.584727350124717,-0.37633758707512166
1789064077516051200,38.32405126953125,7.257309800580144,6.584108925965428,-0.38903435236718503
1789064077526087200,38.334087158203126,7.25645932123065,6.584479512843489,-0.3985037896431982
1789064077536124200,38.344124267578124,7.258183076283335,6.5821425943285226,-0.4056670688686892
1789064077546161200,38.3541611328125,7.261275781601667,6.577778553900123,-0.42082616915367543
1789064077556198100,38.3641982421875,7.2630609114527696,6.574843084970116,-0.4356306473147124
1789064077566235400,38.3742353515625,7.264792849811911,6.571877805423736,-0.45121001883838324
1789064077576272100,38.38427221679687,7.264754855889081,6.571079348522424,-0.46329281695056707
1789064077586309000,38.39430908203125,7.262558222627639,6.573038665896654,-0.4698820226151496
1789064077596346000,38.40434619140625,7.261899466457963,6.573315729272365,-0.47615142174083736
1789064077606383000,38.414383056640624,7.259618662044406,6.575063449722528,-0.4866827526273206
1789064077616419000,38.424419189453126,7.255114336362481,6.579336889258027,-0.4960133659545332
1789064077626456300,38.434456298828124,7.256039634513854,6.577530716618895,-0.5063211172182113
1789064077636493300,38.44449340820312,7.261628832823038,6.570465016016364,-0.5178118311887606
1789064077646530000,38.454530029296876,7.2649506707221265,6.566849163606762,-0.5170778178257868
1789064077656567000,38.464567138671875,7.266924016621709,6.565278553289175,-0.5092247662378475
1789064077666604300,38.47460424804687,7.2729936919242135,6.558859333896637,-0.5052790242867544
1789064077676641300,38.48464135742187,7.280356914168596,6.550369737970828,-0.5093527399990707
1789064077686678300,38.49467822265625,7.284972299009561,6.54454848447144,-0.5181145769950002
1789064077696715000,38.504715087890624,7.284684129717945,6.54471565773189,-0.520054276353307
1789064077706752300,38.51475219726562,7.283503980022668,6.546414862865209,-0.515173847367987
1789064077716789200,38.52478930664063,7.2833274544119835,6.547621900567412,-0.5021801449559629
1789064077726825200,38.5348251953125,7.2808894136101,6.551769083374738,-0.4830659138370305
1789064077736861400,38.544861328125,7.2777856023758645,6.55646630128026,-0.46580279047749934
1789064077746898400,38.5548984375,7.274500589355826,6.561042523154616,-0.4524931539840996
1789064077756935400,38.564935302734376,7.2701564226716755,6.5665878823220725,-0.4417432484434917
1789064077766972400,38.574972412109375,7.265883567658066,6.57226242082715,-0.4274136212525889
1789064077777009200,38.58500903320312,7.265702365872263,6.573458352613449,-0.41182895249929274
1789064077787046400,38.59504638671875,7.267824180331826,6.572283463615179,-0.3926930210052058
1789064077797083400,38.60508349609375,7.271066523253917,6.569851852554082,-0.372854311536625
1789064077807120400,38.615120361328124,7.277311555123329,6.564307662430405,-0.3478199696537107
1789064077817157400,38.62515747070312,7.286732294419408,6.555038314303755,-0.324623693385534
1789064077827193300,38.635193359375,7.294045247781276,6.548182457059621,-0.29764636420868334
1789064077837230300,38.64523022460938,7.304326987820863,6.537670415395498,-0.2757752903959714
1789064077847267300,38.655267333984376,7.313428578165173,6.528540768000483,-0.24959756889790294
1789064077857304300,38.66530419921875,7.31863725272417,6.523534338015318,-0.22679129659431055
1789064077867341300,38.67534130859375,7.317202251484989,6.526022647699714,-0.19992688974002376
1789064077877378600,38.68537866210937,7.316262340286373,6.5277633538872,-0.17603848475553094
1789064077887415300,38.695415283203126,7.317845225563645,6.5265832041919225,-0.15244758314657955
1789064077897452300,38.705452392578124,7.3136758309245105,6.531815844148397,-0.12614267333857715
1789064077907489300,38.7154892578125,7.306156541335582,6.540775980195403,-0.09332723999223672
1789064077917525200,38.72552514648437,7.301326636961102,6.546496695929766,-0.06628457222790457
1789064077927562200,38.73556225585938,7.298057990553975,6.550350448748469,-0.04049766297859605
1789064077937599500,38.745599609375,7.293913145834207,6.555060526135564,-0.019838065581186674
1789064077947636500,38.755636474609375,7.289285486033559,6.5602329603374,0.00640929850343382
1789064077957673200,38.76567309570312,7.287388712501525,6.562271188166737,0.0308758709853515
1789064077967710200,38.77571020507813,7.289649058648943,6.559599923130869,0.05527910275734029
1789064077977747500,38.78574755859375,7.293419809359311,6.555161648422479,0.07918108874261379
1789064077987784400,38.795784423828124,7.298661217144131,6.549022415015101,0.10117429109765216
1789064077997821400,38.80582153320312,7.30062228808403,6.546430060434341,0.12469850241225212
1789064078007858200,38.815858154296876,7.302597387549281,6.543817832109331,0.14459874194287695
1789064078017894100,38.82589404296875,7.306742816790938,6.538826015171408,0.1601694826355204
1789064078027931400,38.835931396484376,7.305530518391728,6.5397109813123935,0.17830027394136413
1789064078037968400,38.845968505859375,7.301196288579702,6.5439335674434895,0.19963735047522932
1789064078048005400,38.85600537109375,7.298735451424122,6.546202096897363,0.2146842956226319
1789064078058042400,38.86604248046875,7.2977680676966905,6.546918720734119,0.225417651887238
1789064078068079400,38.876079345703126,7.298385907334088,6.54611558765769,0.22874928052797913
1789064078078116400,38.886116455078124,7.301221423020959,6.542802517586946,0.23298081715051083
1789064078088153300,38.8961533203125,7.305115507850051,6.538197069618105,0.24009881419586016
1789064078098190300,38.9061904296875,7.309747843825817,6.532571630951762,0.2519383598703891
1789064078108227300,38.916227294921875,7.316938632112741,6.524305906909704,0.25735103256888686
1789064078118263300,38.92626318359375,7.325211954939365,6.514972261375188,0.25843309218455107
1789064078128300500,38.936300537109375,7.331150112816691,6.508392882984876,0.2558110365852713
1789064078138337300,38.94633715820312,7.336478614363074,6.502490380942821,0.253158275320474
1789064078148374300,38.95637426757813,7.341176416790485,6.497296319431066,0.25030009114407004
1789064078158411300,38.966411376953126,7.346487967202067,6.491419536352157,0.24691828495236112
1789064078168448500,38.976448486328124,7.347394560652971,6.490451568102836,0.24537198709212243
1789064078178485500,38.98648559570312,7.343671740737557,6.494820284706353,0.2411853307909332
1789064078188522200,38.996522216796876,7.33987994723916,6.49943333145976,0.23220280024902895
1789064078198559200,39.006559326171875,7.334944244402647,6.505493069890141,0.21801718463869765
1789064078208596500,39.01659643554687,7.324436878913641,6.51746875436604,0.21355677116373553
1789064078218632400,39.026632568359375,7.318923083928227,6.523949348556995,0.20453986342819405
1789064078228669400,39.03666943359375,7.310516490110754,6.533403405600786,0.20341730740536004
1789064078238706400,39.04670654296875,7.306560445961356,6.538026389226317,0.1969209859223105
1789064078248743200,39.0567431640625,7.307862760731577,6.536760314813256,0.1904758283709176
1789064078258780200,39.0667802734375,7.309896312385797,6.534694029933214,0.18322826839545742
1789064078268817400,39.0768173828125,7.316388012492657,6.527569292619824,0.17803168613305315
1789064078278854400,39.0868544921875,7.322023388031124,6.521349979713559,0.1742276359412819
1789064078288891400,39.096891357421875,7.326922265988588,6.515832093074917,0.17473708330076188
1789064078298928400,39.10692846679687,7.333567695352435,6.508402819857001,0.17283915899125857
1789064078308965400,39.11696533203125,7.340393741980194,6.500877685049176,0.16614225516850128
1789064078319001300,39.12700146484375,7.338030519980192,6.503497512158751,0.1679525742597878
1789064078329038300,39.13703833007813,7.334640293020009,6.507312102010846,0.16830502269295974
1789064078339075300,39.147075439453126,7.328532039272785,6.51407502027452,0.17269730283515528
1789064078349112300,39.1571123046875,7.323398768037557,6.519814440709352,0.17389168198518454
1789064078359149600,39.16714965820312,7.317653502383828,6.526131368771195,0.17873534089038148
1789064078369186300,39.177186279296876,7.3080141519010064,6.5367521315068,0.18489282234050333
1789064078379223300,39.187223388671875,7.299883452415466,6.545559122818708,0.1942792209755629
1789064078389260300,39.19726025390625,7.300570265635848,6.544782293227315,0.1946462276570499
1789064078399297300,39.20729736328125,7.304041156616806,6.540894053617119,0.19511578139755872
1789064078409334500,39.21733447265625,7.305659697729348,6.538844719871879,0.2030732614743523
1789064078419370500,39.22737060546875,7.309414081826806,6.534322858533263,0.21325917645664885
1789064078429407200,39.2374072265625,7.315418290677666,6.527248390102386,0.22376778405467046
1789064078439444200,39.2474443359375,7.322004683330655,6.519405859908461,0.2365925231079571
1789064078449481200,39.25748120117188,7.326120301955938,6.514322857555746,0.24888204103969036
1789064078459518500,39.2675185546875,7.329252170240879,6.510306023129821,0.2614626691387966
1789064078469555500,39.277555419921875,7.330601831284165,6.508155567097663,0.27671209632204846
1789064078479592400,39.28759252929687,7.329769472113251,6.508406326988339,0.2924215056998655
1789064078489629200,39.29762915039063,7.326710669064521,6.511041936188936,0.3099024365285411
1789064078499666400,39.30766650390625,7.327770991772413,6.509409366551041,0.31897304721269754
1789064078509702400,39.31770239257813,7.327762808465957,6.5086775451451535,0.33376733277328313
1789064078519739400,39.327739501953126,7.32544517917335,6.5100961797714225,0.3562058494767174
1789064078529776400,39.3377763671875,7.322406834390759,6.511907613107562,0.38445349085032937
1789064078539813400,39.3478134765625,7.326212071892619,6.506431812044978,0.4041601714370772
1789064078549850400,39.357850341796876,7.3299027431041,6.501072915360331,0.42302992627564817
1789064078559887400,39.367887451171875,7.33428548823297,6.495313621181249,0.43536768552958965
1789064078569924400,39.37792431640625,7.336875504726171,6.491194495424628,0.45280689610838887
1789064078579961300,39.38796142578125,7.3400547192841765,6.486216122490167,0.47221627424899487
1789064078589998300,39.397998291015625,7.346561616960168,6.477158371287584,0.4948049765454605
1789064078600035300,39.408035400390624,7.353017661231756,6.468090683212876,0.517030069693923
1789064078610071300,39.4180712890625,7.357227387881278,6.46153585474193,0.5386476984685287
1789064078620108300,39.4281083984375,7.360155842548608,6.456580862683057,0.5577246663169935
1789064078630145300,39.43814526367188,7.363991475188731,6.450867745733261,0.5729878845635801
1789064078640182300,39.448182373046876,7.3677873603403565,6.445494820523262,0.5845420922243967
1789064078650219500,39.458219482421875,7.3669304512500755,6.445041231536865,0.6001365517193451
1789064078660256500,39.46825659179687,7.365745040857791,6.444802162083983,0.6170188225351274
1789064078670293200,39.47829321289063,7.369449740594625,6.439433328527212,0.6287281842250376
1789064078680330200,39.488330322265625,7.372564073222875,6.434782287850975,0.6397366311039775
1789064078690367500,39.498367431640624,7.375507725459337,6.430786496213078,0.6459505371827632
1789064078700404500,39.50840454101562,7.378496970403194,6.427045556119084,0.6490403198916465
1789064078710440400,39.5184404296875,7.38288731431663,6.4217714151084415,0.6513192976742983
1789064078720477400,39.5284775390625,7.389483059319853,6.414045204770565,0.6526453586462885
1789064078730514400,39.538514404296876,7.3979013435751195,6.404256216683984,0.6534111553870141
1789064078740551400,39.548551513671875,7.403660637754202,6.397434261709451,0.6550009818617254
1789064078750588400,39.55858837890625,7.411833422815799,6.388454251918196,0.6502000113207846
1789064078760625400,39.56862548828125,7.416789583918452,6.383581677445769,0.6414880778811871
1789064078770662700,39.57866259765625,7.413918996918201,6.387679175892472,0.6338331792138516
1789064078780699400,39.588699462890624,7.413592249181866,6.388995519188046,0.6243249077647924
1789064078790736400,39.598736328125,7.41270786756277,6.391545788192748,0.6085160383341833
1789064078800772400,39.6087724609375,7.407218037974834,6.399034098121524,0.5965504003282636
1789064078810809300,39.61880932617188,7.404929634776711,6.403398723071813,0.5778257895814255
1789064078820846600,39.6288466796875,7.399343359076976,6.411216118824481,0.5625125216480344
1789064078830883600,39.638883544921875,7.396630008465051,6.416189231061935,0.5410798575188964
1789064078840920600,39.64892065429687,7.400939103835821,6.413144456538558,0.5177545845761895
1789064078850957300,39.65895727539063,7.403909059557318,6.411397905132175,0.4964763803564012
1789064078860994300,39.668994384765625,7.408670574870706,6.407274687722325,0.4783515986662358
1789064078871031600,39.679031494140624,7.413008896335959,6.403727808895707,0.45820334832444787
1789064078881068500,39.68906860351562,7.413032861733436,6.40504532123506,0.4390019138460979
1789064078891105500,39.69910546875,7.4127762566238635,6.40681817612648,0.41689551517385987
1789064078901141500,39.7091416015625,7.411417243230343,6.410056427395343,0.3904559461355209
1789064078911178200,39.71917822265625,7.404377846112847,6.419533865314722,0.36763968216087667
1789064078921215500,39.729215576171875,7.398526197475195,6.427485701102018,0.34586587644387035
1789064078931252500,39.73925244140625,7.388494048282504,6.439998561194539,0.32705384314190594
1789064078941289500,39.74928955078125,7.379214178761839,6.4517644023120395,0.30385707368338477
1789064078951326500,39.759326416015625,7.372232649311423,6.460970037552714,0.2764651540899649
1789064078961363500,39.769363525390624,7.364749600079655,6.470567886981367,0.25018378955433146
1789064078971400400,39.779400390625,7.356905900841951,6.480258675390481,0.22929239269504323
1789064078981437400,39.7894375,7.353767602816224,6.484575954067707,0.20679396249791607
1789064078991474400,39.799474365234374,7.353359022015333,6.4855789936304085,0.1891308252364397
1789064079001510400,39.809510498046876,7.356659232604503,6.4823074246138335,0.17214907610155641
1789064079011547400,39.81954736328125,7.359222945612669,6.479775275787711,0.15725317506371064
1789064079021584400,39.82958447265625,7.363651867970824,6.475137679114938,0.14000799835282376
1789064079031621400,39.83962133789063,7.369059279972315,6.469318179181218,0.12357472254671156
1789064079041658400,39.849658447265625,7.3720648915290825,6.466247685694694,0.10338364684334955
1789064079051695400,39.8596953125,7.373834823811054,6.464456710624694,0.08803993810592219
1789064079061732600,39.86973266601562,7.373690446904301,6.464824959415197,0.07151964160348288
1789064079071769600,39.87976953125,7.372403914225101,6.466415443477034,0.0593530696314061
1789064079081806300,39.889806396484374,7.372019298821687,6.466990613016486,0.04196744327021297
1789064079091842300,39.89984228515625,7.372432555797696,6.466607166656852,0.024852149149845352
1789064079101879300,39.90987939453125,7.370904031056165,6.468385866767168,0.011943128204945242
1789064079111916500,39.91991650390625,7.36735306057632,6.472438941550254,0.005080482172887423
1789064079121953500,39.92995361328125,7.362033326858282,6.478491081196069,0.0009144572396566217
1789064079131990500,39.939990478515625,7.3633151833623645,6.477026853862404,-0.010196574515273095
1789064079142027300,39.95002734375,7.363203539681434,6.477120961886644,-0.022762771088583395
1789064079152064300,39.96006420898438,7.359018362951279,6.481830454751849,-0.03321149715895299
1789064079162101500,39.9701015625,7.355523506572842,6.485766625156998,-0.03863175037570763
1789064079172138500,39.980138427734374,7.35722504979372,6.483792694735526,-0.04523140436906833
1789064079182175500,39.99017553710937,7.361136085757613,6.4793187641918655,-0.049905419495515524
1789064079192211500,40.00021142578125,7.36569184936583,6.4740849551916115,-0.056425459780870005
1789064079202248400,40.01024853515625,7.370517077565193,6.468546610286832,-0.06138794559303205
1789064079212285400,40.02028540039063,7.376943895742297,6.461083434799313,-0.0740783496429678
1789064079222322400,40.030322509765625,7.382264798504114,6.454864121893048,-0.08535240692184307
1789064079232359400,40.040359375,7.386209152215719,6.450172164684534,-0.09787787076761015
1789064079242396400,40.050396484375,7.387059047043323,6.449094890841842,-0.1045485898363404
1789064079252433700,40.06043359375,7.383754160279035,6.4527551669150585,-0.11186410961463115
1789064079262470400,40.070470458984374,7.380628137212991,6.456162929531931,-0.12109951893906108
1789064079272507400,40.08050732421875,7.374138190671801,6.463301110848784,-0.13497025991394185
1789064079282543400,40.09054345703125,7.366719438847899,6.471467466169595,-0.14814923749868758
1789064079292580400,40.10058032226563,7.35961282171309,6.479246867999434,-0.16074130944041534
1789064079302617600,40.11061767578125,7.35218997823596,6.487447125589847,-0.16948765660626813
1789064079312654600,40.120654541015625,7.34609049231708,6.494114766785502,-0.17836201406596228
1789064079322691300,40.13069140625,7.343364866745471,6.496923394465446,-0.1880209642983973
1789064079332728300,40.14072827148438,7.338176065930724,6.5024722607642405,-0.19851371674016116
1789064079342765300,40.150765380859376,7.335271576660871,6.505352200114727,-0.21110298480344936
1789064079352802600,40.160802490234374,7.336198628377914,6.50379795641005,-0.22626186589272693
1789064079362839600,40.17083959960937,7.336454648965597,6.503066135004162,-0.23862686021346596
1789064079372876300,40.18087622070313,7.337310389012098,6.501683740735054,-0.24973396342759951
1789064079382912500,40.19091259765625,7.3408964308053255,6.4971683091372245,-0.2615832998437807
1789064079392949200,40.20094921875,7.342235570454597,6.495211329850554,-0.27238871669759973
1789064079402986500,40.210986572265625,7.344965287679433,6.491295033189654,-0.2914624879419803
1789064079413023500,40.2210234375,7.3440201157838105,6.491501369416714,-0.31010427924357353
1789064079423060500,40.231060546875,7.3412161642789835,6.493836534366011,-0.32713125575967134
1789064079433097500,40.241097412109376,7.338298231005668,6.496392064067721,-0.3415576213233173
1789064079443134500,40.251134521484374,7.333677000945806,6.50101972386837,-0.3525739592477679
1789064079453171500,40.26117138671875,7.333736622178554,6.500330572560429,-0.36385172458738085
1789064079463208400,40.27120849609375,7.339236973160505,6.493115818876028,-0.38135062946416437
1789064079473244400,40.28124438476563,7.345262809321284,6.485250492328405,-0.3987724139841273
1789064079483281400,40.29128149414063,7.352086517861485,6.4766954299509525,-0.4118535024186596
1789064079493318400,40.301318359375,7.359288996586203,6.467695546415448,-0.4244649640474468
1789064079503355400,40.31135546875,7.366790165996551,6.458312801042199,-0.43702060383576896
1789064079513392400,40.32139233398438,7.3733204445481295,6.449910883399844,-0.4507588775373995
1789064079523429400,40.331429443359376,7.376274618178606,6.445915091761946,-0.45949678566846996
1789064079533466400,40.34146630859375,7.375056474560499,6.44684038991332,-0.4660123050423339
1789064079543503600,40.35150366210937,7.371109198239445,6.450940226447582,-0.4717067538242787
1789064079553540400,40.36154028320313,7.366256497511268,6.455708756023645,-0.48215500953719015
1789064079563577300,40.371577392578125,7.360474406978487,6.461393231400847,-0.4941646328153088
1789064079573613300,40.38161328125,7.355417708110809,6.466257622566819,-0.505698564873077
1789064079583650300,40.391650390625,7.3477119560390705,6.474699872219563,-0.5096866846611723
1789064079593687600,40.4016875,7.3415014109611505,6.481876047459244,-0.507965852217935
1789064079603724500,40.411724609375,7.341048991018534,6.482115701434016,-0.5114282310988754
1789064079613761500,40.421761474609376,7.342346629613638,6.480024866634607,-0.5192328769678249
1789064079623798300,40.43179833984375,7.345315416291355,6.476111492583155,-0.5260192857049405
1789064079633835500,40.44183544921875,7.348910810434818,6.471351730835438,-0.5343214692998677
1789064079643872500,40.45187255859375,7.351739311859011,6.467817711490392,-0.5381810308048501
1789064079653909500,40.461909423828125,7.356667415910959,6.461911117795109,-0.5417932664852589
1789064079663945500,40.47194555664063,7.3630375354647635,6.454330453407764,-0.545593791279383
1789064079673982500,40.481982421875,7.364511115148663,6.452602022179961,-0.5461596084685996
1789064079684019200,40.49201928710937,7.362492176541686,6.454901531293988,-0.5462054203717037
1789064079694056400,40.50205639648438,7.3607058776468035,6.456420119163393,-0.5522997551914304
1789064079704093400,40.512093505859376,7.355025493922829,6.462219745352864,-0.5600905917307362
1789064079714130400,40.52213037109375,7.349643800884484,6.4674821959257125,-0.5699048603890463
1789064079724167400,40.53216748046875,7.343277188462019,6.473888555836677,-0.5791673038508742
1789064079734204400,40.54220434570313,7.336509009501338,6.481199171110987,-0.5831593691617251
1789064079744241400,40.552241455078125,7.333982121372222,6.483582851377129,-0.5884250346049666
1789064079754278700,40.56227856445312,7.334006671291589,6.48322687754631,-0.5920305848162621
1789064079764314600,40.572314697265625,7.334625095450877,6.482012825581431,-0.5976385608911514
1789064079774351600,40.5823515625,7.33879799722135,6.476583786270022,-0.605222768942453
1789064079784388600,40.592388671875,7.344007840824127,6.469775859820842,-0.6147610336709767
1789064079794425600,40.602425537109376,7.349279059225321,6.463191805255413,-0.6209882376227528
1789064079804462600,40.612462646484374,7.35377578612268,6.457823556220531,-0.6236064572971314
1789064079814499600,40.62249951171875,7.357490422731638,6.45368514124155,-0.6226329360898584
1789064079824536600,40.63253662109375,7.35901485581994,6.451825777110457,-0.6238834476076066
1789064079834573600,40.642573486328125,7.36089935439229,6.449310579419135,-0.6276439691849053
1789064079844610600,40.65261059570312,7.360833887940645,6.448865758261084,-0.632959245923534
1789064079854647600,40.6626474609375,7.358844759950041,6.450856639817356,-0.6357946885451674
1789064079864683500,40.67268359375,7.357114575156569,6.452633001840114,-0.6377996716920286
1789064079874720500,40.68272045898438,7.357443076458573,6.4520940726578235,-0.6394594215977937
1789064079884757500,40.692757568359376,7.35715140003562,6.452372889599204,-0.6399865142118185
1789064079894794500,40.70279443359375,7.356641112425923,6.453093605089188,-0.6385914796568453
1789064079904831700,40.71283178710937,7.3576242782443755,6.452032113337516,-0.6379894951757044
1789064079914868500,40.72286840820313,7.359303025111555,6.450449228060245,-0.6346225760258734
1789064079924905500,40.732905517578125,7.363249132388829,6.445899894192815,-0.635079891339317
1789064079934942500,40.7429423828125,7.365682497015595,6.443141535395384,-0.6348601111087948
1789064079944979700,40.75297973632812,7.365723998069763,6.443020539364218,-0.6355953665807843
1789064079955015700,40.763015625,7.366578569072485,6.442300992918014,-0.6329796311244368
1789064079965052700,40.773052734375,7.3677084498852485,6.441236578556895,-0.6306543299820274
1789064079975089700,40.783089599609376,7.3677937900811425,6.4416457438796755,-0.6254565421432257
1789064079985126400,40.79312646484375,7.366002230489253,6.444309410130978,-0.6190872993722558
1789064079995163600,40.80316357421875,7.362489253932237,6.449045206481218,-0.6115139780411496
1789064080005200600,40.81320068359375,7.357456520462036,6.455068120032548,-0.6085324780123308
1789064080015237600,40.823237548828125,7.352720724111795,6.46039895966649,-0.6091997097494081
1789064080025274600,40.83327465820312,7.342694420138001,6.4723173609972,-0.6035975423607974
1789064080035311400,40.84331127929688,7.332537183260917,6.484562510064244,-0.5955966067347676
1789064080045347300,40.85334741210937,7.325317168879509,6.493445489221811,-0.5876094804383813
1789064080055384600,40.86338452148438,7.318541975656151,6.502099920320511,-0.576222409505397
1789064080065421600,40.873421630859376,7.313843004184961,6.508226294246316,-0.5666387347325682
1789064080075458600,40.88345849609375,7.314561966109276,6.5079147440791125,-0.5609046845925971
1789064080085495600,40.89349560546875,7.319205408000945,6.5031088051021095,-0.5560485132656992
1789064080095532500,40.90353247070313,7.328275434163213,6.493719629988074,-0.546237021086365
1789064080105569500,40.913569580078125,7.338861125585437,6.482882009631395,-0.5326714736031368
1789064080115606500,40.9236064453125,7.347412096309662,6.474524515652656,-0.5161999024800956
1789064080125643500,40.9336435546875,7.3571326953351495,6.464441513055562,-0.5039659323941916
1789064080135680800,40.9436806640625,7.363709151116013,6.457814203870296,-0.49275834621395914
1789064080145716700,40.953716796875,7.363989137101173,6.458232721543312,-0.48298437303341923
1789064080155753700,40.963753662109376,7.361231362825632,6.462210393002629,-0.4716838844053447
1789064080165790500,40.97379052734375,7.355092713940143,6.470187947753072,-0.4578973145825788
1789064080175827500,40.98382739257813,7.34720985173583,6.480341092976928,-0.4405404850576073
1789064080185864400,40.99386450195313,7.342469963732361,6.486575018930435,-0.4276289445037022
1789064080195901700,41.003901611328125,7.337057291033863,6.493584605431557,-0.4139286647249013
1789064080205938700,41.01393872070312,7.333592829793691,6.49836950162053,-0.39998905976489185
1789064080215975400,41.02397534179688,7.334429280617833,6.498137446430325,-0.38824838962126523
1789064080226012400,41.034012451171876,7.338347915366292,6.494334547016024,-0.3777040896553546
1789064080236048400,41.04404833984375,7.343772278502583,6.488871605435014,-0.36598219727743414
1789064080246085600,41.054085693359376,7.349639709231257,6.482775042125582,-0.3561136411486193
1789064080256122600,41.06412255859375,7.354303609389066,6.4780082661151885,-0.3464335567966103
1789064080266159600,41.07415966796875,7.360286775451899,6.4716258716017006,-0.3385530692124739
1789064080276196400,41.0841962890625,7.364142281836271,6.467793746092915,-0.32776867688037453
1789064080286233600,41.094233642578125,7.3660758802473545,6.466144225320219,-0.31669242546223103
1789064080296270600,41.1042705078125,7.3646993311971425,6.4684016488581895,-0.30228375995205714
1789064080306307600,41.1143076171875,7.3622542761325835,6.471753881895542,-0.28983249385366217
1789064080316344600,41.124344482421876,7.35787737622261,6.477246049571037,-0.2780428882680833
1789064080326381600,41.134381591796874,7.355787125945091,6.479938941916823,-0.27048975120848046
1789064080336417800,41.144417724609376,7.352938750776648,6.483513293272257,-0.26217100007124244
1789064080346454500,41.15445458984375,7.350301388010382,6.486969571205973,-0.25034838726520536
1789064080356491500,41.16449145507813,7.346677352294326,6.491632886841892,-0.23541582574509082
1789064080366528500,41.17452856445313,7.345300218722223,6.4937172919005155,-0.22044229289377107
1789064080376565500,41.1845654296875,7.34836545151174,6.490521710729599,-0.212207731174957
1789064080386602800,41.19460278320312,7.349868841812014,6.489114182019233,-0.20302399723883718
1789064080396639500,41.20463940429688,7.350046536466479,6.4891814020365475,-0.19422486043982207
1789064080406676500,41.214676513671876,7.350141813534497,6.4893953370481725,-0.18316360566141082
1789064080416713500,41.22471337890625,7.348001294374465,6.4921764921993015,-0.17003937220489604
1789064080426749400,41.23474951171875,7.346914083659648,6.493749440604448,-0.15637036434719337
1789064080436786700,41.24478662109375,7.34851450459361,6.492126223316788,-0.14840108423475176
1789064080446823700,41.25482373046875,7.346742234224081,6.49436143502295,-0.13796195254321209
1789064080456860400,41.2648603515625,7.342839966088533,6.499013644742965,-0.12611564833433367
1789064080466897400,41.2748974609375,7.343693952569365,6.498187715312838,-0.11875851790402084
1789064080476934700,41.2849345703125,7.344621588808297,6.497203380450606,-0.11517480506519787
1789064080486971600,41.2949716796875,7.341305596128105,6.501120261633396,-0.10515334166330284
1789064080497008600,41.305008544921876,7.338187756368518,6.504826130414009,-0.092827756904345
1789064080507045600,41.315045654296874,7.335804660624265,6.507660477057099,-0.08193289906824938
1789064080517081600,41.32508154296875,7.334837861418723,6.50881432326734,-0.07664108540359885
1789064080527118300,41.33511840820312,7.333097155231237,6.5108028667360545,-0.07431971151763572
1789064080537155600,41.34515551757813,7.332697342258691,6.511261716419458,-0.07355262243554461
1789064080547192600,41.35519262695313,7.3293082843422885,6.5151388501137495,-0.06774193599594291
1789064080557229600,41.3652294921875,7.32967828669846,6.514757741841674,-0.06425973360310308
1789064080567266600,41.3752666015625,7.3321888082146645,6.5119719105154275,-0.06012901787338778
1789064080577303600,41.38530346679688,7.331801270201802,6.512440697070955,-0.05653961051271762
1789064080587340500,41.395340576171876,7.331807115420698,6.512458232727647,-0.05363041310170665
1789064080597377500,41.40537744140625,7.332804894286394,6.5113160769551985,-0.0558384354068432
1789064080607414500,41.41541455078125,7.332271810322999,6.511888908407092,-0.05895814746310934
1789064080617450500,41.42545043945312,7.332523154735565,6.511573851108551,-0.062339812090923076
1789064080627487700,41.43548779296875,7.331253573191166,6.512987225037813,-0.06399798652753233
1789064080637524500,41.4455244140625,7.327860423621535,6.516839808812737,-0.06042739346518647
1789064080647561500,41.4555615234375,7.325881232503056,6.519068590778112,-0.05987726246886886
1789064080657598500,41.46559838867187,7.324657828187942,6.520427019649744,-0.061685339370719156
1789064080667635700,41.4756357421875,7.323971014967561,6.52112318522036,-0.06917458544783293
1789064080677672700,41.485672607421876,7.322594465917349,6.522582151857018,-0.07691220309571363
1789064080687709700,41.495709716796874,7.319392455005645,6.526069409450888,-0.08539939700188115
1789064080697746400,41.50574633789063,7.319093179798125,6.526318415775894,-0.09174432731550186
1789064080707782400,41.51578247070312,7.319941321060061,6.525216007491946,-0.10199916108185425
1789064080717819400,41.5258193359375,7.3186103647172445,6.526596063673495,-0.10898967755632474
1789064080727856600,41.53585668945313,7.316601947504282,6.528699757954478,-0.11749246175726875
1789064080737893400,41.54589331054687,7.316438865897059,6.528662348553538,-0.12914367265230975
1789064080747930400,41.55593041992187,7.313877490976452,6.531309648191929,-0.1399125660211779
1789064080757967400,41.56596728515625,7.313931851512193,6.530991668283939,-0.1514644081949722
1789064080768004400,41.57600439453125,7.313417472249269,6.5312336603462695,-0.1652138334782794
1789064080778041300,41.58604125976562,7.310294956314563,6.534388324984907,-0.1781892147823237
1789064080788078300,41.59607836914063,7.3073174018085,6.537334315308928,-0.19172003801204263
1789064080798115300,41.606115234375,7.306784902366996,6.5375511729300015,-0.2042140290073119
1789064080808151300,41.6161513671875,7.306129653328656,6.537988979825377,-0.2134594482691027
1789064080818188500,41.6261884765625,7.3055463004827494,6.538451921162009,-0.2191599249330349
1789064080828225300,41.63622534179687,7.30345546568334,6.540485472816228,-0.22796048650415612
1789064080838262300,41.64626220703125,7.301365799927711,6.542418486705422,-0.23916303118309004
1789064080848299300,41.65629931640625,7.299887544068694,6.543444322621822,-0.25566744512980805
1789064080858336300,41.666336181640624,7.297299281141162,6.545712267553806,-0.27104080921998247
1789064080868373500,41.67637353515625,7.292596218016743,6.550490149480104,-0.2819624180656858
1789064080878410200,41.68641015625,7.288962245428562,6.554387741440534,-0.285323565061856
1789064080888447200,41.696447265625,7.285069914165139,6.558541353988647,-0.28926667666444555
1789064080898483200,41.706483154296876,7.28303402442336,6.560730388465523,-0.2908985339162871
1789064080908520200,41.716520263671875,7.284287823876738,6.558932399132847,-0.2999054317144677
1789064080918557400,41.72655737304687,7.285413028514385,6.5572115666896105,-0.3100262090386823
1789064080928594400,41.73659448242187,7.2880977375537155,6.5538955740094185,-0.31697069441433995
1789064080938631400,41.74663134765625,7.293582890966534,6.547659894490241,-0.31966862826142456
1789064080948668200,41.756668212890624,7.2995076048403975,6.540964780765772,-0.3214825458155945
1789064080958705400,41.76670532226562,7.303698042267561,6.536469807434082,-0.317717567258887
1789064080968742400,41.77674243164063,7.307116910800337,6.532597349914908,-0.31874957718774677
1789064080978779400,41.786779296875,7.307272393622994,6.532340744805335,-0.320434351936914
1789064080988816400,41.79681640625,7.301527712491154,6.538588699284196,-0.3239312176093459
1789064080998852400,41.806852294921875,7.296898299124837,6.54389615804255,-0.32107948144003745
1789064081008889000,41.81688916015625,7.293526192343235,6.547775629824399,-0.31858481508009134
1789064081018926300,41.82692626953125,7.287747024419903,6.55454497782886,-0.31155034986604
1789064081028963300,41.83696337890625,7.2862436341196295,6.556415447875857,-0.30732575444094834
1789064081039000300,41.847000244140624,7.285061730858684,6.557893119212984,-0.30380680480087174
1789064081049037300,41.85703735351562,7.284719785553216,6.558491085106134,-0.2990438099164516
1789064081059074300,41.86707421875,7.289644382473826,6.553270720109343,-0.29345220045447346
1789064081069111300,41.877111328125,7.293858785298466,6.548904926115274,-0.2860990429463796
1789064081079148300,41.88714819335937,7.29894412573874,6.543721970519423,-0.2747964171601459
1789064081089184300,41.897184326171875,7.303786889594793,6.538682807308435,-0.2659217674395069
1789064081099221200,41.90722119140625,7.306039636957645,6.536491434744,-0.2577737514929846
1789064081109258500,41.91725854492187,7.308077864786982,6.534509321016073,-0.2501170079284347
1789064081119295200,41.927295166015625,7.309500591066479,6.533329171320796,-0.23915398936010895
1789064081129332200,41.937332275390624,7.3108818162918086,6.532210980945825,-0.2271700485125184
1789064081139369200,41.947369140625,7.312233230900764,6.531099804833531,-0.21533026537597177
1789064081149406200,41.95740625,7.3122940211772915,6.531390896734595,-0.20415778704173862
1789064081159443500,41.967443359375,7.313822545918822,6.52996407880187,-0.19480991205247117
1789064081169480400,41.97748046875,7.3159157188057895,6.527885518962145,-0.18567756124371662
1789064081179516400,41.987516357421875,7.317289929768442,6.526674974128603,-0.17369504516823217
1789064081189553200,41.99755322265625,7.318233932620286,6.525995759692788,-0.15880458749048412
1789064081199590100,42.00759008789063,7.318350252476334,6.526179884088039,-0.14530245149913243
1789064081209627400,42.01762744140625,7.32014765728712,6.524414043459296,-0.13361626975541002
1789064081219664400,42.027664306640624,7.3225757612168785,6.521840393579006,-0.12599247861239127
1789064081229701400,42.03770141601562,7.322354227420687,6.522252481511235,-0.11721680488735436
1789064081239738000,42.047738037109376,7.3228522400707,6.521835132881999,-0.10900563317728228
1789064081249775400,42.057775390625,7.324574241557717,6.520089750519395,-0.09710887742280028
1789064081259812400,42.06781225585937,7.326928111207485,6.517595595616102,-0.08634471502797678
1789064081269849300,42.07784936523438,7.329530402660369,6.5147963202863926,-0.07614803205649368
1789064081279885300,42.08788525390625,7.329260938069224,6.515203147521615,-0.0666906596776098
1789064081289922300,42.09792236328125,7.33124538988471,6.513052106967568,-0.05817025305500719
1789064081299959300,42.107959228515625,7.3348489673346275,6.509059822461008,-0.05018184811698738
1789064081309996300,42.117996337890624,7.335054719039797,6.508914276510477,-0.03722030354205053
1789064081320033300,42.128033203125,7.334671857202053,6.509410535594821,-0.02342316209292039
1789064081330070300,42.1380703125,7.333883337172866,6.51032589687407,-0.014023297763156006
1789064081340107300,42.148107177734374,7.330679572695494,6.513942918327451,-0.0076265915965253945
1789064081350144500,42.15814453125,7.328786890816688,6.516075838702917,-0.004362651047267718
1789064081360181200,42.16818115234375,7.324383687421679,6.521026739108562,0.0027457487651408883
1789064081370218200,42.17821826171875,7.319920278272033,6.526018556046486,0.01550015510788653
1789064081380254200,42.18825415039063,7.320125445455313,6.525745584324002,0.028157485721993725
1789064081390291200,42.198291259765625,7.321015672293305,6.524663634306192,0.04333348005956504
1789064081400328400,42.208328369140624,7.323153268843889,6.522156035399437,0.05731737625245004
1789064081410365400,42.21836547851562,7.32919488709569,6.515245233097672,0.06978683559466153
1789064081420402200,42.228402099609376,7.333513919338584,6.510267444685101,0.07986915320516563
1789064081430439200,42.238439208984374,7.339514036536216,6.503433214750886,0.08529956248975358
1789064081440476400,42.24847631835937,7.3410530826717615,6.501547547134757,0.09594331337530165
1789064081450513400,42.25851342773438,7.343681093087792,6.4983817765802145,0.10848545436123386
1789064081460550400,42.26855029296875,7.344483057120442,6.49721331732273,0.12318178683952427
1789064081470586400,42.27858642578125,7.3411664799183605,6.50060880497992,0.14053876249496824
1789064081480623400,42.288623291015625,7.338019414064288,6.503810231369734,0.15593918812200427
1789064081490660400,42.298660400390624,7.334189626643061,6.5078066075295204,0.16882480878336353
1789064081500697300,42.308697265625,7.326297412088513,6.516291527280211,0.18355600251248105
1789064081510734300,42.318734375,7.320722242304682,6.522158958008885,0.19713150513414293
1789064081520771300,42.328771240234374,7.316936878547072,6.5259922525614495,0.21032577161956578
1789064081530808300,42.33880834960937,7.314103700947761,6.528693912735581,0.22456753786392508
1789064081540845300,42.34884521484375,7.311131407138705,6.531449348923563,0.2406444653798826
1789064081550882300,42.35888232421875,7.311734049206971,6.530199641123414,0.2557639825731516
1789064081560918300,42.36891821289063,7.318127549636364,6.522587412554025,0.2669295197099447
1789064081570955300,42.378955322265625,7.323964585226774,6.515450400280952,0.28077021260643376
1789064081580992300,42.3889921875,7.327729490718245,6.510499499875307,0.29692102734250947
1789064081591029500,42.39902954101562,7.331778473848104,6.505172751894593,0.3132819594316184
1789064081601066200,42.409066162109376,7.33225135205686,6.503634874802827,0.3334780675031245
1789064081611103200,42.419103271484374,7.331703070524335,6.5035290763407945,0.34730456747747956
1789064081621140200,42.42914013671875,7.329439217245579,6.505373827424645,0.3602983064221218
1789064081631177500,42.43917749023438,7.323987381580472,6.511249441459775,0.3649941360881552
1789064081641214500,42.44921435546875,7.32208768543899,6.5132555205851785,0.36730792945586144
1789064081651251200,42.45925122070312,7.318066759359836,6.51731970128417,0.37525655037276445
1789064081661287400,42.469287353515625,7.312344290059804,6.5228469402730465,0.3904861951433122
1789064081671324200,42.47932421875,7.3073290922462935,6.527382830137014,0.40815589000973845
1789064081681361200,42.48936108398438,7.303723176708817,6.530427020138502,0.42372459400892254
1789064081691398400,42.4993984375,7.300237672680616,6.533793866223096,0.43180053109992295
1789064081701435400,42.509435302734374,7.297287590703368,6.536916382157802,0.434403991596587
1789064081711472400,42.51947241210937,7.294488315373659,6.540019608870148,0.43470480117406696
1789064081721509000,42.52950903320313,7.293599257579445,6.540745000535249,0.4386950033213943
1789064081731546400,42.53954638671875,7.2962693535715335,6.537337822440266,0.44503907511848956
1789064081741584000,42.549583984375,7.300638654696941,6.531760314568877,0.4551658437920734
1789064081751619800,42.55961987304688,7.301634679996967,6.529960571670532,0.4649000329514965
1789064081761656800,42.56965673828125,7.304210667964815,6.526710045441985,0.4700610324438661
1789064081771693800,42.57969384765625,7.3051184304594985,6.525521712440252,0.47243210895676163
1789064081781730800,42.58973071289063,7.306904144832491,6.523292930474877,0.4755946646409109
1789064081791767800,42.599767822265626,7.309542092120647,6.520213669160008,0.47728159481454635
1789064081801804800,42.6098046875,7.306919926923513,6.522606701776385,0.4846696957718581
1789064081811842000,42.61984204101562,7.305298463201522,6.524259145158529,0.4868693977732211
1789064081821878800,42.62987866210938,7.305227736052871,6.524448530250788,0.4853848217712715
1789064081831915800,42.639915771484375,7.304885206225514,6.52513300538361,0.4813241847362369
1789064081841952800,42.649952880859374,7.304446230286359,6.525647969168424,0.48099915403295307
1789064081851988700,42.65998876953125,7.303357266005873,6.526885402008891,0.48075398363284766
1789064081862025700,42.67002563476562,7.30106944732964,6.5293567605584855,0.48194962315820156
1789064081872063000,42.68006298828125,7.301150695872306,6.529544976606965,0.47814606615677474
1789064081882100000,42.690099853515626,7.299663087663054,6.531689002898335,0.4715332969535142
1789064081892136700,42.70013671875,7.296603700092435,6.535779487082362,0.46210612791664896
1789064081902173700,42.71017358398438,7.29342214744687,6.539837238040566,0.45485959085449573
1789064081912211000,42.7202109375,7.28939420710504,6.544885753601789,0.44674503878615796
1789064081922248000,42.730248046875,7.2870064351856705,6.548045094415545,0.4393441879451275
1789064081932285000,42.740284912109374,7.2829773258000605,6.553205253657699,0.4291115842768922
1789064081942321000,42.75032080078125,7.276614220508932,6.560984070965647,0.4180445756111294
1789064081952358000,42.76035791015625,7.271195702591538,6.567943388584256,0.40275691704303024
1789064081962395000,42.77039477539063,7.2659414353251455,6.574542640718818,0.38969000326432285
1789064081972432000,42.780431884765626,7.261687285012006,6.580122486677766,0.3745290763484314
1789064081982468900,42.79046875,7.257678633892536,6.585129501184821,0.36407724043894557
1789064081992505900,42.800505859375,7.256821724802255,6.586838058668374,0.34998295637387783
1789064082002542800,42.81054296875,7.259064535292983,6.58511313457191,0.33564145608209073
1789064082012579800,42.820579833984375,7.265293200549483,6.579241612190008,0.3154143318178132
1789064082022616800,42.830616943359374,7.274958269995451,6.5693281209409236,0.29881995629901065
1789064082032652800,42.84065283203125,7.28816495757103,6.5553574632555245,0.28342927574785426
1789064082042689800,42.85068969726562,7.29838415376842,6.544315260237455,0.27550332332048566
1789064082052726800,42.86072680664063,7.306579150661825,6.535601792427897,0.26494590814467517
1789064082062764000,42.870763916015626,7.311510177323222,6.530509437724947,0.2542541807984002
1789064082072800800,42.88080078125,7.314717448931932,6.527609624630212,0.23580053248004987
1789064082082837800,42.89083764648438,7.314729723891616,6.528093024232983,0.2216131998366676
1789064082092874800,42.90087475585938,7.311063018077611,6.532655217581987,0.207746660112869
1789064082102912000,42.910912109375,7.306308517026901,6.538204083880782,0.20030584258763118
1789064082112949000,42.920948974609374,7.303534960660338,6.5415650847464795,0.19152687179381025
1789064082122985700,42.93098583984375,7.301529466056824,6.543976237541437,0.18553963234405962
1789064082133022000,42.94102197265625,7.3009338382512325,6.544854189419746,0.17783957936074585
1789064082143058700,42.95105859375,7.302004682353139,6.543808479759097,0.1723092533656396
1789064082153096000,42.961095947265626,7.303282447203993,6.542530130386353,0.16658059178683907
1789064082163133000,42.9711328125,7.308899702563881,6.536441165861487,0.15908497533444313
1789064082173170000,42.981169921875,7.314411743983626,6.5304632604956625,0.15102967003951778
1789064082183207000,42.99120703125,7.319827923813462,6.52457420245707,0.14292850717571562
1789064082193243600,43.00124365234375,7.325232997727394,6.518609741094708,0.13809447461538948
1789064082203281000,43.011281005859374,7.331349434781074,6.511860266834497,0.1318127731305547
1789064082213318000,43.02131787109375,7.333116444453597,6.509853018665313,0.13267659601881168
1789064082223355000,43.03135498046875,7.332579853358864,6.510461505952477,0.1324720955558121
1789064082233390800,43.04139086914063,7.33118869126141,6.51198535451889,0.1345843750020489
1789064082243427800,43.051427734375,7.329874686053395,6.513524985176325,0.13158820712706074
1789064082253464800,43.06146484375,7.324746090993285,6.519275511527061,0.13241737882704474
1789064082263501800,43.07150170898438,7.317614339417219,6.527318532729148,0.13044312874516473
1789064082273538800,43.08153881835938,7.310956635093689,6.534747805947065,0.13177334530246443
1789064082283575800,43.091575927734375,7.3062915658921,6.539955895984172,0.13213167548715135
1789064082293613000,43.101613037109374,7.3044269410639995,6.54195671441257,0.1361569124152418
1789064082303649800,43.11164990234375,7.302495680740475,6.544019492161274,0.140532789411908
1789064082313686800,43.121686767578126,7.300110831430554,6.546496111407875,0.1488438139004167
1789064082323722800,43.13172265625,7.300339379489421,6.546095129391551,0.15510849118521436
1789064082333759700,43.141759765625,7.3050219843477,6.540903405967354,0.15372638917705042
1789064082343797000,43.151796875,7.306478612896799,6.5392129686623806,0.15637060180921106
1789064082353834000,43.161833984375,7.308777537488937,6.536494357353448,0.16247489176737143
1789064082363871000,43.17187109375,7.310989368319511,6.533734829512238,0.17357024974478408
1789064082373907700,43.18190771484375,7.313997902485728,6.530087997442483,0.18376372697902843
1789064082383944700,43.19194482421875,7.317863345742225,6.525403639018535,0.1958619783886708
1789064082393982000,43.20198193359375,7.3218638135552405,6.520642123705148,0.20474174267584458
1789064082404019000,43.21201904296875,7.326528882756829,6.515064031311869,0.215192756601423
1789064082414055000,43.22205493164063,7.328939451029896,6.511963142687082,0.2266541531459428
1789064082424092000,43.232091796875,7.331828742730617,6.508280654782056,0.23866019622748716
1789064082434128600,43.24212866210937,7.331854461693763,6.507742310121655,0.25216652433676645
1789064082444166000,43.25216577148438,7.33288555830717,6.506116170224547,0.26387166650928556
1789064082454203000,43.26220288085938,7.331807699942589,6.5066960159391165,0.2790784783935174
1789064082464239900,43.272239990234375,7.3304977863878005,6.507461155092716,0.29519120787521824
1789064082474276900,43.28227685546875,7.327747026374936,6.509670647835731,0.31415907105971125
1789064082484313900,43.29231396484375,7.327270641034841,6.509440930733084,0.3296508738977834
1789064082494350800,43.302350830078126,7.327098207077383,6.5086775451451535,0.34804789665807034
1789064082504387800,43.312387939453124,7.330328275039792,6.504223488345742,0.362987764701806
1789064082514423800,43.322423828125,7.336120886966586,6.496852082794904,0.3776743155715987
1789064082524460800,43.33246069335937,7.339962364825606,6.491665035545825,0.3919620398495346
1789064082534497800,43.34249780273438,7.3470344951689235,6.4827797183007,0.406250969703868
1789064082544535000,43.35253515625,7.352474640396237,6.475552105134725,0.4227671106209978
1789064082554571800,43.36257177734375,7.35882956238091,6.467259493085741,0.4388277628555894
1789064082564608800,43.37260888671875,7.365240013945102,6.458719628277421,0.4566889251735061
1789064082574645800,43.38264575195313,7.3716241620242595,6.450299005934595,0.472431889761053
1789064082584683000,43.39268310546875,7.373763512140512,6.446566833668947,0.48967155917976046
1789064082594720000,43.402719970703124,7.374501178765296,6.444540880799293,0.5049854116350412
1789064082604756000,43.412755859375,7.375728674733638,6.44191813108027,0.5202822764229029
1789064082614792700,43.42279272460937,7.3766288384437555,6.4397711821794505,0.5339360867114737
1789064082624829700,43.43282958984375,7.37498048671484,6.440133585751056,0.5520190020212903
1789064082634867000,43.44286694335938,7.372924723228812,6.441046608942747,0.5685794935368002
1789064082644904000,43.452904052734375,7.37201403812468,6.4409109998643395,0.5817750021312386
1789064082654941000,43.46294091796875,7.3697829180717465,6.442385164070129,0.59359637282826
1789064082664977700,43.47297778320313,7.371756848493218,6.439450864183902,0.6008819267265498
1789064082675015000,43.483014892578126,7.373157362940907,6.436966061630844,0.6102450906164943
1789064082685052000,43.493052001953124,7.374241066524386,6.434675904867053,0.6211999076120555
1789064082695087900,43.503087890625,7.376953248092532,6.430103190124035,0.6361725088816136
1789064082705124900,43.51312475585937,7.3819135008484125,6.42345366910696,0.6457382826715707
1789064082715161900,43.52316186523438,7.387452430275082,6.416298536655306,0.6534875085588544
1789064082725198800,43.53319873046875,7.3914108125120395,6.411259957966208,0.6581615647844969
1789064082735235300,43.5432353515625,7.393944714903831,6.407911232060194,0.662302390916273
1789064082745272000,43.55327197265625,7.395210204795003,6.406010366874933,0.6665402476817369
1789064082755309000,43.56330908203125,7.399733819699287,6.400549178859591,0.6688049046780914
1789064082765346000,43.57334594726562,7.401123228231072,6.398427364400029,0.6737121851377189
1789064082775383000,43.58338305664063,7.4016796930700535,6.397201621997356,0.6792179429471492
1789064082785420300,43.593420166015626,7.401027366641164,6.397187008950114,0.6864261938255279
1789064082795456300,43.60345629882813,7.404366740196942,6.392986050128936,0.6895396496709436
1789064082805493000,43.613492919921875,7.4092030743122095,6.387005806675553,0.6929995808664708
1789064082815530000,43.62353002929687,7.413412800961733,6.381828696298599,0.6956690923366695
1789064082825567000,43.63356689453125,7.417430804431438,6.376812913963199,0.6988307712379842
1789064082835604200,43.64360424804688,7.423149182078242,6.370367975607514,0.6968876012809574
1789064082845641200,43.65364111328125,7.427208102080225,6.3657432384163135,0.6959078695286065
1789064082855678200,43.66367822265625,7.433140414738655,6.3594116973072286,0.6904311186179518
1789064082865715000,43.67371484375,7.43749568733871,6.354620371377468,0.6876346197672187
1789064082875752200,43.683752197265626,7.438160288727283,6.353925374850631,0.6868639276556671
1789064082885788200,43.6937880859375,7.440158184546232,6.351456938910484,0.6880523337226361
1789064082895825200,43.7038251953125,7.444216520026326,6.347115110313892,0.6842136323425918
1789064082905862100,43.71386206054687,7.446033214059471,6.345542746430635,0.6790122643072157
1789064082915899100,43.72389916992187,7.444553789156675,6.3480515143811695,0.671745780435577
1789064082925936000,43.73393603515625,7.4418129660159344,6.352148428305983,0.6633391135528683
1789064082935973000,43.74397314453125,7.439182032990455,6.3560805070579045,0.6551308918517083
1789064082946010000,43.75401000976562,7.436021523132919,6.360674264588952,0.6463664975725114
1789064082956047000,43.76404711914063,7.429100199437141,6.369261475670338,0.6413721233513205
1789064082966084000,43.774083984375,7.421258838286995,6.379101317161322,0.6343252005144954
1789064082976120000,43.7841201171875,7.413323369112611,6.389145741313696,0.6259745016027242
1789064082986157000,43.794156982421875,7.407563490411639,6.397143169808388,0.6123322721540928
1789064082996194000,43.80419409179687,7.401955002880096,6.404752475768327,0.6004923428870738
1789064083006231000,43.81423095703125,7.397613174283504,6.410741487050056,0.5899943297483027
1789064083016268000,43.82426806640625,7.395194422703981,6.414131129488348,0.5834366882657632
1789064083026305300,43.83430517578125,7.39314625800252,6.417035618758201,0.5774356942852958
1789064083036342300,43.84434228515625,7.396131411293148,6.414553154292702,0.5666865559296682
1789064083046379000,43.85437890625,7.402090611958504,6.408927131104469,0.5523545175859704
1789064083056416000,43.864416015625,7.4075845331996675,6.403641299656033,0.5398683263046666
1789064083066453200,43.874453369140625,7.4113640517383805,6.399926078525185,0.5319866331441327
1789064083076489200,43.8844892578125,7.416123813486099,6.394855351132154,0.5266088490959256
1789064083086526200,43.89452612304687,7.417962719351053,6.393126335382461,0.5216850924255326
1789064083096563200,43.90456323242187,7.418640764743089,6.392945133596658,0.5142022989220917
1789064083106600000,43.914599853515625,7.412383457913994,6.400689464113116,0.5080666091786697
1789064083116637000,43.924636962890624,7.404663677316903,6.410235875615477,0.50021549381949
1789064083126674200,43.93467407226562,7.401416073697805,6.414602254131436,0.49224155579823997
1789064083136711200,43.94471118164063,7.39575497919619,6.421452266156673,0.48799708662889896
1789064083146748200,43.954748046875,7.388197695684433,6.430134754306078,0.48815439608246086
1789064083156785000,43.96478491210937,7.3848653363913295,6.434340973824262,0.4831268137114122
1789064083166821000,43.974821044921875,7.3852014364778995,6.434634988334775,0.4739785346811637
1789064083176858000,43.98485815429687,7.387830615937709,6.43225773780942,0.46519609328862277
1789064083186895000,43.99489501953125,7.393879248452186,6.426039009425043,0.4549220981640741
1789064083196932000,44.00493212890625,7.395545135837793,6.424287781843542,0.4525693975580856
1789064083206969000,44.014968994140624,7.3987635133624075,6.420947239243984,0.4473450505059212
1789064083217006000,44.02500610351562,7.400514740943908,6.419287781599164,0.44217963056676085
1789064083227043000,44.03504296875,7.400445182839036,6.420237629669904,0.42934586795680224
1789064083237080000,44.045080078125,7.397799052244425,6.424101903882622,0.41697504668347535
1789064083247117000,44.05511694335937,7.390978850835562,6.432817125257849,0.403343229031004
1789064083257153000,44.065153076171875,7.383858205175399,6.441669709277153,0.3923229821164161
1789064083267190300,44.07519018554687,7.374387781518697,6.452978454276919,0.38452067433502524
1789064083277227300,44.08522729492187,7.367302791693806,6.461653343641758,0.3745212583681568
1789064083287264000,44.095263916015625,7.362174196633696,6.468088929647207,0.36413854217212643
1789064083297301000,44.105301025390624,7.355559162408113,6.476407845181226,0.3496859096560627
1789064083307338000,44.115337890625,7.351056590291857,6.482229098680615,0.3362417965954169
1789064083317375200,44.12537524414063,7.346898886090517,6.487697300958633,0.3213175279796123
1789064083327412200,44.135412109375,7.3440394050061695,6.491537609773874,0.308898374052532
1789064083337449000,44.14544897460937,7.341047237452864,6.495435201734304,0.2978924479242414
1789064083347485200,44.155485107421875,7.341879012101888,6.495020775714516,0.2861913974049501
1789064083357522000,44.16552197265625,7.342056122234463,6.495369735282659,0.27343179600974543
1789064083367559200,44.17555908203125,7.341495565742254,6.496620612126589,0.25837147992411624
1789064083377596200,44.18559619140625,7.344278474459052,6.494171465408802,0.24019673987869172
1789064083387633200,44.195633056640624,7.345085699188709,6.493828351059555,0.22426902984138578
1789064083397670100,44.20567016601562,7.347560564869642,6.491578526306152,0.2077083373964764
1789064083407707100,44.21570703125,7.349774149265885,6.489521009254455,0.19317020028773693
1789064083417744100,44.225744140625,7.348488201108575,6.491251194047927,0.18374177087554708
1789064083427781000,44.23578100585937,7.349329912629723,6.490647382935881,0.1709701137163676
1789064083437817000,44.245817138671875,7.346723529523611,6.493754116779566,0.16487934082690625
1789064083447854000,44.25585400390625,7.349268537831306,6.491248855960369,0.14942370528075843
1789064083457891000,44.26589111328125,7.355148828041553,6.48485009483397,0.1374405407513026
1789064083467928000,44.275927978515625,7.358356684172153,6.481449346479773,0.12565997698870487
1789064083477965000,44.285965087890624,7.3577820991545915,6.4822156546771525,0.11961467807563021
1789064083488002000,44.296001953125,7.357424371758103,6.482825311008096,0.10801068558949045
1789064083498039000,44.3060390625,7.359311792939901,6.4808163092732425,0.09967350374641827
1789064083508076300,44.316076171875,7.36065736232996,6.4794128722161055,0.09116505698966793
1789064083518113000,44.32611303710937,7.3606778205960985,6.479468986317515,0.08537343144356273
1789064083528150000,44.33614990234375,7.357113990634679,6.48352498371005,0.08460746117290109
1789064083538186000,44.34618603515625,7.358489955163002,6.482040298110246,0.0784994540208485
1789064083548223000,44.35622290039063,7.361507841679454,6.478655331847071,0.07487561010103673
1789064083558260200,44.36626025390625,7.363483525666594,6.476466881892085,0.06979418321747798
1789064083568297200,44.376297119140624,7.3623168199747795,6.47779842275679,0.06929302876230795
1789064083578334200,44.38633422851562,7.36099346241653,6.479325193932652,0.06709166909339838
1789064083588371000,44.396370849609376,7.360729843044281,6.479643173840642,0.06531921606077812
1789064083598408200,44.406408203125,7.360922150745988,6.479453204226494,0.06235207791745197
1789064083608445200,44.41644506835937,7.360492527157068,6.47992608243525,0.06399020964645315
1789064083618482200,44.42648217773438,7.360294958758354,6.480134756749868,0.06554924825725611
1789064083628518100,44.43651806640625,7.36194331048727,6.478251427221298,0.06654444244022015
1789064083638555100,44.44655517578125,7.3618123775839805,6.478363070902228,0.07011072008705233
1789064083648592000,44.456591796875,7.364588272038102,6.47518970156312,0.07171030077079776
1789064083658629000,44.466629150390624,7.3672577835083,6.472126806861162,0.07399061656058765
1789064083668666000,44.476666015625,7.367274734643101,6.472035621446371,0.08001210533981211
1789064083678703000,44.486703125,7.365834472706913,6.473559470012783,0.0888916412981227
1789064083688740000,44.496739990234374,7.368461314079165,6.470539245408773,0.09102279897476546
1789064083698777000,44.50677709960937,7.368581725588441,6.47037791736722,0.09271106258896179
1789064083708814000,44.51681396484375,7.371129071983694,6.467487456622719,0.09187133296234533
1789064083718850000,44.52685009765625,7.3731713914662595,6.465126572710275,0.09416181851970032
1789064083728887000,44.53688696289063,7.37190297896564,6.466465127837657,0.10129926918419077
1789064083738925300,44.54692529296875,7.374455586057901,6.463416846182942,0.10968937765774317
1789064083748962000,44.55696215820313,7.377242001906037,6.4601446926444765,0.11495000159968621
1789064083758999300,44.566999267578126,7.381069451239704,6.4556999881953,0.11884927406054921
1789064083769036300,44.577036376953124,7.383065593492985,6.453374175596236,0.12123226934010162
1789064083779073300,44.5870732421875,7.384819159162044,6.451343546551466,0.12247071596072055
1789064083789110300,44.5971103515625,7.386520117861032,6.449307072287797,0.1270447184785269
1789064083799147000,44.60714697265625,7.391511934798955,6.443551285240054,0.12875492906305006
1789064083809183200,44.61718334960938,7.393791570168733,6.44085430124104,0.13279844143334776
1789064083819220200,44.62722021484375,7.394065126413106,6.440422339564561,0.13838924717772752
1789064083829257200,44.63725732421875,7.3960676984071725,6.438076653221249,0.14050040324595756
1789064083839294200,44.64729418945313,7.398410462141037,6.435403050097823,0.139609518820839
1789064083849331200,44.657331298828126,7.399923789313435,6.433620842856168,0.1415614748725202
1789064083859368400,44.667368408203124,7.398309339854121,6.435343428865075,0.1474965457436163
1789064083869405200,44.6774052734375,7.401375157165527,6.431780183425546,0.1491003094121348
1789064083879442200,44.68744213867188,7.402670457673072,6.43029725139141,0.14876976228351704
1789064083889479200,44.697479248046875,7.401178757810592,6.432075366979837,0.1461166356925387
1789064083899515100,44.70751513671875,7.398667651772499,6.4350441536575556,0.14251346923457459
1789064083909552400,44.717552490234375,7.396026197353005,6.438152056545019,0.13917577617922797
1789064083919589400,44.72758935546875,7.391122643220424,6.443776326167583,0.139403136928007
1789064083929626000,44.73762622070313,7.390743288514018,6.444264986467361,0.1369020408272743
1789064083939663000,44.7476630859375,7.390908123686909,6.444187245056033,0.13156922843195498
1789064083949700000,44.7577001953125,7.389407071474194,6.446042517533898,0.12483644044506363
1789064083959737300,44.7677373046875,7.389420515477657,6.446227226451039,0.1140425678985659
1789064083969774300,44.7777744140625,7.391388016158342,6.444186076012254,0.10111948303733952
1789064083979811000,44.78781103515625,7.3908695452421895,6.444906791502237,0.09274293729825876
1789064083989848000,44.79784814453125,7.391608965432644,6.4441989354938265,0.08251652590879238
1789064083999884000,44.80788403320312,7.390137723836302,6.445959515425563,0.07654998675377574
1789064084009921300,44.81792138671875,7.392948105081915,6.442874408891797,0.06389383659989108
1789064084019958300,44.82795825195313,7.3956637937814,6.439896269863843,0.04772592459854204
1789064084029995300,44.837995361328126,7.3864201646178955,6.450583083572983,0.033950387626443986
1789064084040032300,44.8480322265625,7.377575179383158,6.460750257322192,0.02169547750049969
1789064084050069200,44.8580693359375,7.370001529258489,6.469417547902465,0.009806116176251089
1789064084060106200,44.86810620117188,7.360421800008416,6.480321803754568,-0.0008426553042339946
1789064084070143200,44.878143310546875,7.349139943015575,6.493093607044219,-0.016307664106978335
1789064084080179200,44.88817919921875,7.344778825196624,6.497967350560426,-0.03202326462191995
1789064084090216200,44.89821630859375,7.348280695837736,6.493935318565368,-0.044394044796051454
1789064084100253400,44.90825341796875,7.352929398426413,6.488554210048914,-0.05893958432653453
1789064084110290200,44.91829028320313,7.360274500492214,6.480063445079327,-0.07433592743349726
1789064084120327200,44.9283271484375,7.371164143297076,6.467510837498307,-0.0872969285857398
1789064084130364200,44.9383642578125,7.384040576004981,6.452538893815874,-0.1051786222350318
1789064084140401200,44.94840112304688,7.392740599811077,6.442414974686503,-0.11425728836148046
1789064084150438400,44.9584384765625,7.399273216450214,6.434716821399331,-0.1247339481849689
1789064084160475100,44.96847509765625,7.404652571401,6.4283104614883655,-0.13537128759603947
1789064084170512100,44.97851220703125,7.405718739327788,6.426846234154701,-0.14615124121503903
1789064084180548000,44.98854809570312,7.407360076794028,6.424663044896722,-0.1584308770735748
1789064084190585000,44.99858520507812,7.405064074811339,6.4270899797827,-0.16710428686738013
1789064084200622300,45.00862231445313,7.39692986819446,6.436431224101781,-0.16782310266122222
1789064084210659300,45.018659423828126,7.391402044683694,6.442711327284574,-0.17040652501685544
1789064084220696300,45.0286962890625,7.385472654634714,6.449374292305111,-0.17538856947943568
1789064084230733000,45.03873315429688,7.379789932823181,6.455764870125055,-0.1793820230297744
1789064084240770300,45.04877026367188,7.376227271905541,6.459755401065945,-0.1822486462409608
1789064084250807300,45.058807373046875,7.375088623264432,6.460895803272724,-0.18782177019817753
1789064084260844300,45.06884423828125,7.376597274261712,6.459117687684297,-0.18972469947636125
1789064084270880300,45.07888037109375,7.377872701025009,6.45762072712481,-0.1911013946570456
1789064084280917200,45.08891723632812,7.379964704868197,6.45523412424922,-0.19093568270131944
1789064084290954200,45.09895434570313,7.381980136343836,6.452905973562598,-0.19173450492881236
1789064084300991200,45.1089912109375,7.38712159088552,6.446907025408745,-0.19548231315501033
1789064084311028200,45.1190283203125,7.38585142481923,6.448371837264299,-0.19516460724165663
1789064084321065200,45.12906518554688,7.382371766009927,6.452481610670685,-0.19095491712475193
1789064084331102200,45.13910229492188,7.380739196372032,6.454457879179715,-0.1872169909717515
1789064084341139200,45.14913916015625,7.380777190294862,6.454392412728071,-0.18798072361955417
1789064084351176200,45.15917626953125,7.378442609867453,6.457108101427555,-0.18635067473230882
1789064084361212200,45.16921215820312,7.372054370135069,6.464423977398872,-0.1855153929519467
1789064084371249200,45.17924926757812,7.367408590155839,6.46978053599596,-0.1833493192255497
1789064084381286100,45.1892861328125,7.362026897117495,6.476062977266311,-0.17762498676199465
1789064084391323400,45.199323486328126,7.35922002300322,6.479467817273735,-0.1696086709037423
1789064084401360400,45.2093603515625,7.358767018538713,6.4801248198777435,-0.16407695666914804
1789064084411397000,45.21939721679688,7.354999774959683,6.484574785023927,-0.15703321217009797
1789064084421434000,45.22943408203125,7.348164960503578,6.492462907925248,-0.15093379018330014
1789064084431471400,45.239471435546875,7.349124745446443,6.4912570392668245,-0.1560168382017873
1789064084441508400,45.24950830078125,7.3504089400380845,6.489728514525294,-0.15904716407470404
1789064084451544300,45.25954443359375,7.351169403016566,6.4888464709937566,-0.15990096789244562
1789064084461581300,45.26958129882812,7.35110802821815,6.489105414190888,-0.15202438016529193
1789064084471618000,45.2796181640625,7.3505083087593315,6.490054093217849,-0.1400314066278748
1789064084481655000,45.289655029296874,7.354373752015829,6.485813386908173,-0.1333908909011632
1789064084491692300,45.2996923828125,7.358189510911703,6.481513643887639,-0.13195040976926684
1789064084501729300,45.30972924804688,7.360099143925309,6.479348574808239,-0.13180710144159383
1789064084511766300,45.31976635742188,7.358170221689343,6.481611843565106,-0.1281457385229878
1789064084521803300,45.32980322265625,7.353295309129357,6.48729281181097,-0.12025528666726312
1789064084531840300,45.33984033203125,7.348395846650004,6.492915912389755,-0.11622750158905983
1789064084541876200,45.34987622070312,7.3430854652822015,6.49883770365417,-0.12077777617140673
1789064084551913200,45.35991333007812,7.331788410720229,6.51159255580902,-0.1201029913155362
1789064084561950200,45.3699501953125,7.324539754766225,6.519709811291098,-0.12203430643798782
1789064084571987200,45.3799873046875,7.313837158966064,6.531780772835016,-0.11841444457354955
1789064084582024400,45.3900244140625,7.304411158972978,6.542447128278017,-0.11116133164013735
1789064084592061200,45.40006127929688,7.2998191550076,6.547658140924573,-0.10581468251571059
1789064084602098200,45.41009814453125,7.29653706459701,6.5512926980346435,-0.10722995614111423
1789064084612135200,45.42013525390625,7.293361941692233,6.554738454574347,-0.11252629985040985
1789064084622172200,45.43017211914062,7.29124071175456,6.5569836031526325,-0.11901367084202356
1789064084632208400,45.44020849609375,7.292037999612092,6.556018557512759,-0.12323830279973334
1789064084642245400,45.45024536132812,7.2945017593771215,6.553240324971079,-0.1251906241775956
1789064084652282000,45.4602822265625,7.302967389905453,6.54378392983973,-0.126253705098154
1789064084662319000,45.470319091796874,7.306859721168875,6.539479510644078,-0.12407998692141844
1789064084672356000,45.48035620117187,7.305832131686806,6.540649138945341,-0.12293343810164369
1789064084682393300,45.49039331054688,7.304665425994992,6.541893001526594,-0.12603218956827186
1789064084692430300,45.50043041992188,7.3001213528245685,6.546884818464517,-0.13002939684512094
1789064084702467300,45.51046728515625,7.293284784802794,6.554321690467,-0.1387308271570131
1789064084712504000,45.52050415039062,7.283018826854229,6.565616406941413,-0.14388748840098267
1789064084722540000,45.5305400390625,7.272521398237347,6.5772273497581475,-0.1445572408887092
1789064084732577300,45.54057739257812,7.265383216920495,6.585026040810346,-0.14839699258152395
1789064084742613800,45.55061376953125,7.258990301012992,6.591951456159353,-0.1536737274080515
1789064084752650800,45.56065063476562,7.253012980169057,6.5983139769285915,-0.1626136791835539
1789064084762688000,45.57068798828125,7.2491972212731834,6.602261253249645,-0.17225496589513495
1789064084772725000,45.58072509765625,7.246091071951389,6.605386691793799,-0.18278304537860676
1789064084782761700,45.59076171875,7.245759648039937,6.6055673090577125,-0.18927682784469796
1789064084792798700,45.600798828125,7.249391867062449,6.601342384839057,-0.19744184972494838
1789064084802836000,45.6108359375,7.254317048504948,6.595749094876647,-0.20336438990803435
1789064084812872000,45.62087182617187,7.260133625829219,6.589075023940206,-0.21195423133792354
1789064084822909000,45.63090893554688,7.2650716667532915,6.5832812429696315,-0.22255685562863944
1789064084832946000,45.64094580078125,7.270429394394159,6.577049070581793,-0.23164547689352183
1789064084842982700,45.65098266601562,7.2731579425752155,6.573632540136575,-0.24272655061725526
1789064084853020000,45.66102001953125,7.273311671832204,6.573261953258514,-0.2480960234948434
1789064084863057000,45.671056884765626,7.272911274337768,6.57343672530353,-0.2550853709255345
1789064084873094000,45.681093994140625,7.269909754434227,6.576530599665642,-0.2608301981878467
1789064084883131000,45.691130859375,7.26507458936274,6.581618278193473,-0.2671724250877276
1789064084893167900,45.70116796875,7.25877168982625,6.588308131220936,-0.2735045872513205
1789064084903203800,45.71120385742187,7.252611998152733,6.5949062143117185,-0.27790061198687177
1789064084913240800,45.72124072265625,7.247590370598435,6.600518793496489,-0.2756127567780204
1789064084923277800,45.73127783203125,7.246976622614264,6.601125527217984,-0.27722136101843786
1789064084933314800,45.74131469726562,7.253677581557631,6.593347294431925,-0.28691737359194086
1789064084943351800,45.75135180664063,7.266874332261085,6.578838876608014,-0.286013921946194
1789064084953389000,45.76138916015625,7.284341599890589,6.5594578843116755,-0.2868182605990208
1789064084963425800,45.77142578125,7.303980950862169,6.537611963206529,-0.28612764798635615
1789064084973462800,45.781462890625,7.322674545416236,6.5167790185362096,-0.2835645012337714
1789064084983499800,45.79149975585938,7.342899002799391,6.493828935581445,-0.2870475210439414
1789064084993535700,45.80153564453125,7.359266200232505,6.475172750428318,-0.28935300324102864
1789064085003573000,45.81157299804688,7.36390204333961,6.470088579031825,-0.285107291962672
1789064085013610000,45.82160986328125,7.363422735390067,6.471119675645232,-0.27385897191325204
1789064085023646700,45.83164672851562,7.358412798273563,6.476808242675662,-0.2740512248160317
1789064085033683700,45.84168359375,7.3431632066935295,6.494165035668015,-0.27232083909315985
1789064085043721000,45.851720947265626,7.32482967762351,6.5150675384432075,-0.26675491206170987
1789064085053758000,45.861758056640625,7.31093500778377,6.530758444049954,-0.26419408513037484
1789064085063795000,45.871794921875,7.2975757599949835,6.546081100866198,-0.2541534421039745
1789064085073831700,45.88183178710938,7.289605804029106,6.555436373710632,-0.241403247857932
1789064085083868000,45.89186791992187,7.295588385570049,6.549108339732885,-0.23230036060567943
1789064085093905000,45.90190478515625,7.308681675899028,6.534716826286911,-0.22590468648551032
1789064085103942000,45.91194189453125,7.3268819339782,6.514420472711325,-0.22249350806884466
1789064085113979000,45.92197875976562,7.348643099409341,6.489972844675183,-0.21927785222427917
1789064085124015900,45.93201586914063,7.370936179760098,6.46481852967441,-0.21401478059692308
1789064085134052900,45.942052978515626,7.393503400877118,6.439134637841582,-0.20984304787022992
1789064085144089900,45.95208984375,7.406510181966423,6.42434857212007,-0.20430399057939647
1789064085154126800,45.962126953125,7.410344645562768,6.420398373189568,-0.18885418198583648
1789064085164163800,45.97216381835938,7.413112356710434,6.417482193481922,-0.17912353649036958
1789064085174199800,45.98219970703125,7.407864519184828,6.423760543099045,-0.17097919207196682
1789064085184236800,45.99223681640625,7.398102419105172,6.435189115086198,-0.16373101104199886
1789064085194274000,46.002274169921876,7.39075848608315,6.443743592941761,-0.15887041926831005
1789064085204310800,46.01231079101562,7.383805598205328,6.451887736430764,-0.15148876631809396
1789064085214347800,46.02234765625,7.378649530616403,6.458094189855456,-0.13761692023151553
1789064085224384800,46.032384765625,7.378500477534532,6.458636041647195,-0.1188851764909923
1789064085234422000,46.042422119140625,7.383433257761597,6.45335021019876,-0.09782185713090003
1789064085244459000,46.052458984375,7.389076232084632,6.44717648999989,-0.0764737112137489
1789064085254495700,46.06249584960938,7.394722129017114,6.4408624845474955,-0.06130371964199002
1789064085264532000,46.07253198242187,7.400142400500178,6.4347361106216905,-0.04946179021412972
1789064085274568700,46.082568603515625,7.404629775047302,6.42962680478394,-0.041785419500502755
1789064085284605700,46.092605712890624,7.4075488773643965,6.4263084740161895,-0.034084761445701585
1789064085294643000,46.10264282226562,7.407330266177654,6.426631714621186,-0.015942716951837063
1789064085304680000,46.11267993164063,7.407942845118045,6.425941394269466,0.006498681261850288
1789064085314717000,46.122717041015626,7.409978734859823,6.423531995040178,0.029070360499923117
1789064085324753700,46.13275366210937,7.411841021600365,6.421229563316702,0.05293052120404318
1789064085334791000,46.142791015625,7.416434194609522,6.415728043290972,0.07290919169916306
1789064085344828000,46.15282788085938,7.422116916421055,6.408936483454704,0.08995074929646216
1789064085354863900,46.16286376953125,7.425123112499714,6.4052078183203935,0.10602461720565333
1789064085364900900,46.17290087890625,7.4271952425986525,6.402550581809878,0.12041451408327557
1789064085374937900,46.182937744140624,7.43081810927093,6.39807139056921,0.13418258013497106
1789064085384974800,46.19297485351562,7.433656547567248,6.394429819196462,0.14965081943436526
1789064085395011800,46.20301171875,7.43333681409359,6.394364352744818,0.16732640518546105
1789064085405048800,46.213048828125,7.431779063257575,6.395684787693619,0.1850876507928595
1789064085415085800,46.2230859375,7.428660054454207,6.398781000143289,0.2024588924356736
1789064085425122800,46.23312280273438,7.426967863583564,6.400203726422786,0.21893877472933382
1789064085435159800,46.24315991210938,7.424353297170996,6.402748150208592,0.23276079945797098
1789064085445196000,46.25319604492187,7.421609551420808,6.4053136167824265,0.24910934698954224
1789064085455232800,46.263232666015625,7.4282806997478,6.397130310326815,0.26030482260687277
1789064085465269800,46.273269775390624,7.443892694899439,6.378595705726743,0.2690110204254277
1789064085475306800,46.283306640625,7.4561197237879036,6.36353082306385,0.28659365806290876
1789064085485344000,46.29334399414063,7.465348155382276,6.351604822948574,0.30996596675142646
1789064085495381000,46.303381103515626,7.476908829316496,6.337004635187983,0.3295345905743539
1789064085505417700,46.31341772460937,7.48549954752922,6.326275151380896,0.34046916849948466
1789064085515454700,46.32345483398438,7.482540697723627,6.329221141704917,0.3506001384241506
1789064085525490700,46.33349072265625,7.472775675034523,6.34008857267797,0.36233141968492416
1789064085535528000,46.34352783203125,7.460251124504208,6.353859908398985,0.3788083611028269
1789064085545565000,46.35356494140625,7.444969384220242,6.370559698787331,0.3984807010285556
1789064085555602000,46.363601806640624,7.43305449002087,6.383133933678269,0.41915217152684925
1789064085565638700,46.373638671875,7.428575883302092,6.387267672482133,0.4352620697306469
1789064085575676000,46.38367602539063,7.4295257313728325,6.385156379416585,0.4497917495382949
1789064085585713000,46.393712890625,7.438844763860106,6.37339696803987,0.4623647423202172
1789064085595750000,46.40375,7.454701673683524,6.353726052886247,0.477466888253577
1789064085605787000,46.41378686523438,7.473175488007068,6.330842605426907,0.49240069188270713
1789064085615822800,46.42382275390625,7.491276961886882,6.3080187792003155,0.5099550167411565
1789064085625859800,46.43385986328125,7.507064313605428,6.287719503015279,0.5281507813083007
1789064085635896800,46.443896728515625,7.520089799395203,6.2708969630301,0.5426616468176245
1789064085645933800,46.453933837890624,7.524668359357118,6.264273745498061,0.5555377141993493
1789064085655970800,46.463970703125,7.517909532746672,6.271147138398885,0.5693317001435906
1789064085666007800,46.4740078125,7.503924846535921,6.286528247404098,0.5839994367150589
1789064085676045000,46.484045166015626,7.48600340539813,6.306632293277978,0.5971020428616554
1789064085686081800,46.49408178710937,7.464856572473049,6.330047071135044,0.6138482296749949
1789064085696118800,46.50411889648438,7.444612241345643,6.3521735627472395,0.6309005598280578
1789064085706154800,46.51415478515625,7.427705530208349,6.369918478274345,0.6509347553361207
1789064085716191700,46.52419165039063,7.413513923248648,6.384188411167264,0.6725660838425159
1789064085726229000,46.53422900390625,7.407644154432416,6.388500429147482,0.6958835388049482
1789064085736265200,46.54426513671875,7.416926946562528,6.376182799366116,0.7098393642473966
1789064085746302200,46.55430224609375,7.430414789167046,6.359944781270623,0.7144359713226557
1789064085756339200,46.564339111328124,7.438265502667426,6.349921984428167,0.7218649522796273
1789064085766376000,46.5743759765625,7.444155145227908,6.341732248231768,0.7330606653589755
1789064085776413000,46.584412841796876,7.444829683488607,6.339656026479601,0.744080072023347
1789064085786450200,46.5944501953125,7.436245979538559,6.347748732042312,0.7607346350304782
1789064085796486100,46.604486083984376,7.423581143754721,6.360384926253557,0.7786722966507077
1789064085806523100,46.614523193359375,7.405354582190514,6.379351492530107,0.7968574302259832
1789064085816560000,46.62456005859375,7.382192317789793,6.404177890750765,0.8124808966197073
1789064085826596900,46.63459692382813,7.362616679704189,6.425626336970925,0.8207230205904692
1789064085836634000,46.644634033203126,7.35028735948503,6.438481726890802,0.8304325867652893
1789064085846671000,46.654671142578124,7.343838329476117,6.444840156006813,0.8381277443777769
1789064085856708000,46.6647080078125,7.339874686542153,6.446860848179459,0.8570939453281462
1789064085866745000,46.6747451171875,7.341684950834512,6.44122781072855,0.8835318703986704
1789064085876781000,46.68478100585938,7.353999073484539,6.424152757287025,0.9051763506475835
1789064085886818000,46.694818115234376,7.371925190797448,6.401553971987962,0.9193531253643333
1789064085896855000,46.70485498046875,7.394662507784366,6.374566011819243,0.9242623785853386
1789064085906892000,46.71489208984375,7.423973942464589,6.340855465397238,0.9211625859390944
1789064085916929000,46.72492895507813,7.450849674430489,6.309991540578007,0.9160909086979925
1789064085926966000,46.734966064453126,7.469581847429275,6.287596168896555,0.9175339471131563
1789064085937003000,46.7450029296875,7.481323723149299,6.272988966873288,0.921843846201524
1789064085947040000,46.7550400390625,7.483267258432507,6.269290696877241,0.9311804143454879
1789064085957077000,46.765076904296876,7.473276610293984,6.27943916592598,0.942954877160862
1789064085967113000,46.77511303710938,7.455648599144816,6.298830679616332,0.9531112372551113
1789064085977150000,46.78514990234375,7.435438754808902,6.321365752029418,0.9617506899803876
1789064085987187200,46.795187255859375,7.415171627327799,6.344155091464519,0.968148866584897
1789064085997224200,46.80522412109375,7.399271462884545,6.362234353512525,0.9711590081863105
1789064086007261000,46.81526098632813,7.387137957498431,6.374588223651051,0.9824480255722999
1789064086017298000,46.8252978515625,7.3817556799381965,6.3791562622189515,0.9931959218189119
1789064086027335200,46.835335205078124,7.381436530986428,6.378082495507598,1.0024163893025368
1789064086037372200,46.8453720703125,7.385328277727961,6.372365871426463,1.0100772793192416
1789064086047409200,46.8554091796875,7.394893393930793,6.361117916703224,1.0109954170774669
1789064086057445000,46.86544506835938,7.406608966165781,6.347618383660913,1.010083270668611
1789064086067482000,46.875482177734376,7.416888368117809,6.335457990267872,1.0110021390791981
1789064086077519000,46.88551904296875,7.425235925224423,6.324345060101151,1.01927685014531
1789064086087556000,46.89555615234375,7.435147662907839,6.310882936459779,1.0303967945747077
1789064086097593000,46.90559301757813,7.445397838765382,6.297511998233198,1.0381655288800598
1789064086107630000,46.915630126953126,7.45258278183341,6.287926423764229,1.0446869665380567
1789064086117667000,46.9256669921875,7.4568521297156805,6.282632993531227,1.0460710413075982
1789064086127704000,46.9357041015625,7.457070740902424,6.282428410869836,1.0457380830261855
1789064086137741000,46.945740966796876,7.4526955945581195,6.287658712738752,1.0454943373981862
1789064086147777000,46.95577709960938,7.444577170032263,6.2968374599725,1.0480923910673707
1789064086157814000,46.96581396484375,7.435137141513824,6.307128552362323,1.0532091495592146
1789064086167851000,46.97585107421875,7.427000596809386,6.315872999832034,1.0582060810636729
1789064086177888300,46.98588818359375,7.422289350378513,6.321324250975251,1.05870767391026
1789064086187925000,46.99592504882813,7.422077753454446,6.32188597651124,1.0568371307980269
1789064086197962000,47.0059619140625,7.425642167937755,6.317857451647519,1.0558850907701998
1789064086207999000,47.0159990234375,7.433463655343651,6.308927126216888,1.0542516443494707
1789064086218036200,47.0260361328125,7.443964591091871,6.2963148974031204,1.055553155402094
1789064086228073200,47.0360732421875,7.4563897729009385,6.28148908419311,1.0561886768266557
1789064086238109200,47.04610913085938,7.467572261172533,6.268318052452802,1.0554305519357323
1789064086248146200,47.056146240234376,7.4762348755776875,6.258655321094393,1.0514415553648024
1789064086258183000,47.06618286132812,7.482286430701613,6.252456466454267,1.045257532967627
1789064086268220000,47.07621997070312,7.4840294749766585,6.251309634506702,1.039625080038607
1789064086278257200,47.08625708007813,7.480289703926443,6.256267549175024,1.0367078774176537
1789064086288294100,47.096294189453126,7.472616100558638,6.265945478102564,1.0336003398563711
1789064086298331100,47.1063310546875,7.462274739286303,6.278697407647967,1.0309252023629845
1789064086308368000,47.11636791992188,7.451347102558612,6.292390417435765,1.0264678576279431
1789064086318403800,47.12640380859375,7.441780232790112,6.30467180685997,1.020497112655267
1789064086328441000,47.13644116210938,7.435720494359731,6.312790231385827,1.01445600586012
1789064086338478000,47.14647802734375,7.434040578448772,6.315945480546355,1.0071050585754215
1789064086348515000,47.15651513671875,7.436142519164085,6.314733182147145,0.9991554878104477
1789064086358552000,47.16655200195312,7.441815888625383,6.309481837490201,0.9900517785742878
1789064086368589000,47.17658911132813,7.4510273690849536,6.300197876316308,0.9798436882928013
1789064086378626000,47.1866259765625,7.461881940576434,6.289017141610383,0.9690001496519893
1789064086388663000,47.1966630859375,7.472509133052825,6.278029883649945,0.9582962386775761
1789064086398700000,47.20669995117188,7.482802563530206,6.267585646525025,0.9462699199929833
1789064086408736000,47.21673608398437,7.492417364093661,6.258279473519325,0.9316708282109349
1789064086418773200,47.22677319335938,7.499526319316029,6.252160698378086,0.9154108174793422
1789064086428810200,47.236810302734376,7.50338533283174,6.249857097610831,0.8993787702847271
1789064086438847000,47.24684692382812,7.504535087388754,6.25028730572164,0.8867037784330546
1789064086448884000,47.25688403320312,7.504008433166145,6.252821208113431,0.8731925549529492
1789064086458921000,47.2669208984375,7.501490312865376,6.257385155028104,0.8620612123467027
1789064086468958200,47.276958251953126,7.4976131791710845,6.263433203020692,0.8518111826196313
1789064086478995200,47.2869951171875,7.493405206087231,6.26990678294897,0.841151256917417
1789064086489032000,47.29703198242188,7.489892814052104,6.275732712623476,0.8288991666529327
1789064086499068000,47.30706787109375,7.486605462944508,6.281110898530483,0.8177824370939284
1789064086509105000,47.31710498046875,7.484044088023901,6.285460910433531,0.8077413008771837
1789064086519142100,47.32714208984375,7.482141469272971,6.288856982612609,0.7988946351420134
1789064086529179100,47.33717919921875,7.480265738528966,6.292189926427603,0.7901610743924975
1789064086539216100,47.34721606445312,7.478828983724116,6.294966989925503,0.7815972441866993
1789064086549252900,47.3572529296875,7.478819631373882,6.296192732328176,0.7717500231068581
1789064086559290000,47.3672900390625,7.4799290539205066,6.29620500728786,0.7608196829654276
1789064086569327000,47.3773271484375,7.481746332475542,6.295208981987834,0.7511311595786363
1789064086579363000,47.387363037109374,7.484526318582892,6.293058525955677,0.7413898830913007
1789064086589400000,47.39740014648437,7.488191855353117,6.289723244053125,0.732633160661906
1789064086599437000,47.40743701171875,7.492824191328883,6.285227686199545,0.7238041036486625
1789064086609474300,47.417474365234376,7.49715666757524,6.281078165304661,0.7148986203983426
1789064086619511000,47.42751098632812,7.500330036914348,6.278074307313561,0.7079641449600458
1789064086629548000,47.43754809570312,7.502070743101835,6.276632291811704,0.7022875606283545
1789064086639585000,47.4475849609375,7.502253698453306,6.276970729985833,0.6972887294277549
1789064086649622000,47.4576220703125,7.501123817640543,6.278728387308121,0.6936090910669416
1789064086659658000,47.467657958984375,7.4990189543157815,6.281500774630904,0.691260189853236
1789064086669695200,47.4776953125,7.496012173715234,6.2855339756697415,0.6871982741765678
1789064086679732000,47.48773193359375,7.492929989790916,6.289537950614094,0.6841765152025967
1789064086689769000,47.49776904296875,7.490259893798828,6.292762173357605,0.6837674229450523
1789064086699806000,47.507805908203125,7.488902049449086,6.294892171123624,0.6790185479175299
1789064086709843200,47.51784326171875,7.4877008569657795,6.296220204856992,0.6799534176148474
1789064086719880200,47.52788012695312,7.487298705905675,6.296694836631417,0.6799813285350799
1789064086729917000,47.5379169921875,7.487706702184677,6.296254691648483,0.6795605458397418
1789064086739954700,47.54795458984375,7.488501067432761,6.295394275426864,0.6787804283127188
1789064086749990700,47.55799072265625,7.4902821056306355,6.2935705671310425,0.6760356596492231
1789064086760028000,47.56802783203125,7.493105346357822,6.290605287584662,0.67234155437164
1789064086770065000,47.57806494140625,7.496407310512661,6.287005217266082,0.6692006990626453
1789064086780102000,47.58810180664062,7.499277897512912,6.283669350841641,0.668369801196456
1789064086790138600,47.598138671875,7.502080679973959,6.280358034336566,0.668039181002602
1789064086800175900,47.60817578125,7.505083953443169,6.277015738171339,0.6657140990559012
1789064086810212900,47.618212890625,7.507213951209187,6.274739609932899,0.6631461482640355
1789064086820249900,47.62824975585937,7.508312267839909,6.273756444114446,0.6600062428031116
1789064086830285800,47.638285888671874,7.508733708122373,6.273668765830993,0.6560352933455258
1789064086840322800,47.64832275390625,7.508560105121135,6.274255625808238,0.6523983981478959
1789064086850359800,47.65835986328125,7.507928236958384,6.275385506621003,0.6487994968730956
1789064086860396800,47.668396728515624,7.5071701120674605,6.276655088165402,0.645281259619072
1789064086870433800,47.67843383789062,7.506830504849552,6.277386909571289,0.6420979534078389
1789064086880470800,47.688470703125,7.5067767288357015,6.277743467923998,0.6392398605629801
1789064086890507800,47.6985078125,7.506829920327663,6.277933437538147,0.6367430753111839
1789064086900544800,47.70854467773437,7.507155499020218,6.277783215412497,0.6343792687892913
1789064086910581800,47.71858178710937,7.507690336549282,6.27729338606894,0.6328953869070857
1789064086920617700,47.72861767578125,7.508092487609386,6.276964884766936,0.6313784795381129
1789064086930654700,47.73865478515625,7.508180165892839,6.277036780959367,0.6296225757814944
1789064086940691700,47.748691650390626,7.50858933121562,6.27677140802145,0.6273852451834827
1789064086950729000,47.75872900390625,7.508818463796377,6.276657426252961,0.6257837282709777
1789064086960766000,47.76876586914062,7.508470673272013,6.277185834041237,0.6246596196118742
1789064086970802700,47.778802734375,7.507409181520343,6.278520882037282,0.6239867618516087
1789064086980839700,47.788839599609375,7.505974764803051,6.28023996091485,0.6239518366686999
1789064086990877000,47.798876953125,7.50446611380577,6.2820765286922455,0.6236098182979971
1789064087000913000,47.808912841796875,7.502585122364759,6.284307064223289,0.6237682237301021
1789064087010950000,47.818949951171874,7.500221315842866,6.287019245791435,0.624866101969406
1789064087020987000,47.82898681640625,7.498087810945511,6.2893789606601,0.626720278468728
1789064087031023600,47.839023681640626,7.496528306543826,6.291072320574521,0.6283792246568948
1789064087041060900,47.849060791015624,7.495060572078824,6.292737623438239,0.6292063961960375
