time,seconds_elapsed,z,y,x
1789225098568935000,0.048934814453125,-1.0501803159713745,1.187964916229248,0.040113694965839386
1789225098578974000,0.058973876953125,-1.0853910446166992,1.395004153251648,0.1925862729549408
1789225098589013000,0.069012939453125,-1.097880482673645,1.610114574432373,0.37713295221328735
1789225098599052000,0.079052001953125,-1.1075292825698853,1.809394359588623,0.5752615928649902
1789225098609091000,0.089091064453125,-1.1177304983139038,1.9287899732589722,0.781647801399231
1789225098619128800,0.09912890625,-0.9035075306892395,2.004516839981079,0.9406567811965942
1789225098629168000,0.109168212890625,-0.033826958388090134,2.1121652126312256,0.9190295338630676
1789225098639207200,0.119207275390625,0.5124213099479675,1.9140573740005493,0.8997576236724854
1789225098649246000,0.129245849609375,0.6696404814720154,1.4799916744232178,0.8718599677085876
1789225098659285000,0.139284912109375,0.6587021946907043,1.062450885772705,0.7437703609466553
1789225098669324000,0.149323974609375,0.42853716015815735,0.6824471354484558,0.5509623289108276
1789225098679362000,0.159362060546875,0.16350950300693512,0.3674546182155609,0.2920461893081665
1789225098689400800,0.16940087890625,-0.12055578082799911,-0.10601310431957245,-0.051683761179447174
1789225098699440000,0.179440185546875,-0.3778030276298523,-0.2700800597667694,-0.28399544954299927
1789225098709479200,0.189479248046875,-0.6695457100868225,0.007631445303559303,-0.27485573291778564
1789225098719518000,0.19951806640625,-0.9404957294464111,0.5559943318367004,-0.04441697895526886
1789225098729556000,0.209555908203125,-1.0798916816711426,1.130013108253479,0.3468503952026367
1789225098739595000,0.219594970703125,-0.925665557384491,1.4092532396316528,0.8734899759292603
1789225098749634000,0.229634033203125,-0.5560675263404846,1.3192051649093628,1.4349192380905151
1789225098759673000,0.239673095703125,-0.13040697574615479,1.1722002029418945,1.8479102849960327
1789225098769711900,0.2497119140625,0.16775307059288025,1.1320589780807495,1.9992884397506714
1789225098779751200,0.259751220703125,0.2881735563278198,0.9999973177909851,1.9025640487670898
1789225098789789000,0.269788818359375,0.22562095522880554,0.6831029653549194,1.624172568321228
1789225098799828000,0.279827880859375,0.04029818996787071,0.2691539525985718,1.242827296257019
1789225098809867000,0.289866943359375,-0.09089498221874237,-0.12215761095285416,0.8432736992835999
1789225098819906000,0.299906005859375,-0.10807795822620392,-0.3744737505912781,0.5181522965431213
1789225098829945000,0.309945068359375,-0.07138492166996002,-0.46444305777549744,0.2936963140964508
1789225098839983900,0.31998388671875,-0.02445124462246895,-0.37825384736061096,0.16683638095855713
1789225098850022100,0.330022216796875,-0.005340666975826025,-0.27766117453575134,0.15853211283683777
1789225098860061000,0.34006103515625,-0.00804596021771431,-0.21340233087539673,0.2606179714202881
1789225098870100000,0.350099853515625,-0.02622842788696289,-0.15993404388427734,0.39670711755752563
1789225098880139000,0.360138916015625,-0.05470118671655655,-0.0722929909825325,0.5269092917442322
1789225098890178000,0.370177978515625,-0.06120435893535614,0.04380112141370773,0.6562401056289673
1789225098900217000,0.380217041015625,-0.05533747002482414,0.17037416994571686,0.7313848733901978
1789225098910254800,0.3902548828125,-0.07693437486886978,0.3076987564563751,0.7455374598503113
1789225098920294100,0.400294189453125,-0.11909285187721252,0.47379812598228455,0.7167087197303772
1789225098930333200,0.410333251953125,-0.16307175159454346,0.5483322739601135,0.6533299684524536
1789225098940372000,0.4203720703125,-0.20309865474700928,0.5113653540611267,0.6079503297805786
1789225098950411000,0.430410888671875,-0.2278950810432434,0.5120194554328918,0.6104345321655273
1789225098960449000,0.440448974609375,-0.2713868319988251,0.5567384362220764,0.6238193511962891
1789225098970488000,0.450488037109375,-0.3420857787132263,0.5484262108802795,0.7085941433906555
1789225098980526800,0.46052685546875,-0.3654477596282959,0.4135158658027649,0.9236412048339844
1789225098990566000,0.47056591796875,-0.35653361678123474,0.21567045152187347,1.2039252519607544
1789225099000605200,0.480605224609375,-0.39280712604522705,0.0360238291323185,1.4121129512786865
1789225099010644000,0.49064404296875,-0.4785403907299042,-0.2543012201786041,1.6778842210769653
1789225099020682000,0.500681884765625,-0.5693874955177307,-0.45501193404197693,2.038864850997925
1789225099030721000,0.510720947265625,-0.6161571145057678,-0.4048060476779938,2.4155049324035645
1789225099040760000,0.520760009765625,-0.5709400773048401,-0.2651005983352661,2.6441893577575684
1789225099050799000,0.530799072265625,-0.4662211537361145,-0.11455902457237244,2.668276071548462
1789225099060838000,0.540837890625,-0.46226730942726135,-0.15545736253261566,2.6002519130706787
1789225099070877200,0.550877197265625,-0.5451641082763672,-0.42756906151771545,2.449052572250366
1789225099080915000,0.5609150390625,-0.6150881052017212,-0.7306515574455261,2.257636070251465
1789225099090954000,0.5709541015625,-0.664501965045929,-0.9002134203910828,2.008317232131958
1789225099100993000,0.580992919921875,-0.6581617593765259,-0.9965273141860962,1.7665482759475708
1789225099111032000,0.591031982421875,-0.601067841053009,-0.9338849782943726,1.57570219039917
1789225099121071000,0.601071044921875,-0.5169025659561157,-0.6221829652786255,1.4952119588851929
1789225099131109000,0.611109130859375,-0.4253329932689667,-0.10830210149288177,1.6152374744415283
1789225099141148200,0.621148193359375,-0.36769211292266846,-0.1977422833442688,1.7672523260116577
1789225099151187000,0.63118701171875,-0.36033380031585693,-0.8649855852127075,1.8606312274932861
1789225099161226000,0.64122607421875,-0.3937106132507324,-1.2072116136550903,1.9731327295303345
1789225099171265000,0.65126513671875,-0.3739534318447113,-1.314094066619873,1.9968327283859253
1789225099181304000,0.661303955078125,-0.2819032669067383,-1.4611691236495972,1.9285669326782227
1789225099191342000,0.671342041015625,-0.1272178292274475,-1.323609709739685,1.768221139907837
1789225099201380900,0.681380859375,0.07168710976839066,-1.1522653102874756,1.5915765762329102
1789225099211420200,0.691420166015625,0.2316187173128128,-0.7345074415206909,1.4954016208648682
1789225099221459000,0.701458984375,0.36344239115715027,-0.7831084728240967,1.4837720394134521
1789225099231498200,0.711498291015625,0.39698490500450134,-0.6995174288749695,1.4438711404800415
1789225099241536300,0.721536376953125,0.4293001592159271,-0.8741883039474487,1.3617314100265503
1789225099251575300,0.7315751953125,0.40971288084983826,-0.6061195731163025,1.1530370712280273
1789225099261614000,0.741614013671875,0.4180438220500946,-0.4746427536010742,1.0134447813034058
1789225099271653000,0.751653076171875,0.40155380964279175,-0.6132003664970398,0.7758947610855103
1789225099281692200,0.761692138671875,0.3962060213088989,-0.6274268627166748,0.501083493232727
1789225099291731200,0.771731201171875,0.40790048241615295,-0.45835474133491516,0.23795652389526367
1789225099301769200,0.781769287109375,0.3800988495349884,-0.25885719060897827,0.030205005779862404
1789225099311808000,0.79180810546875,0.3454756438732147,-0.17691172659397125,-0.08150740712881088
1789225099321847300,0.801847412109375,0.34167492389678955,-0.0770920142531395,-0.11854657530784607
1789225099331886000,0.811885986328125,0.3864956498146057,0.038497161120176315,-0.08766403049230576
1789225099341925000,0.821925048828125,0.4721118211746216,0.19047287106513977,-0.016503270715475082
1789225099351963100,0.831963134765625,0.5999515652656555,0.376203328371048,0.05017908662557602
1789225099362002200,0.842002197265625,0.74124675989151,0.48667484521865845,0.09631270170211792
1789225099372041200,0.852041259765625,0.7891770005226135,0.5515193343162537,0.18422526121139526
1789225099382080000,0.862080078125,0.7862719297409058,0.6491414308547974,0.2603450119495392
1789225099392119300,0.872119384765625,0.916860818862915,0.6391231417655945,0.2532695233821869
1789225099402158300,0.882158447265625,0.8336584568023682,0.4089326858520508,0.16050167381763458
1789225099412196000,0.892196044921875,0.7365326881408691,0.40896251797676086,0.03521140292286873
1789225099422235100,0.902235107421875,0.6202980875968933,0.6087532639503479,-0.06782155483961105
1789225099432274200,0.912274169921875,0.502030611038208,0.7404628396034241,-0.11594381183385849
1789225099442313200,0.922313232421875,0.3888233006000519,0.6483429074287415,-0.1374567300081253
1789225099452352000,0.93235205078125,0.27067455649375916,0.45823854207992554,-0.15092194080352783
1789225099462390300,0.942390380859375,0.17963072657585144,0.2628485858440399,-0.18187887966632843
1789225099472429000,0.952428955078125,0.15059083700180054,0.06629559397697449,-0.271991491317749
1789225099482468000,0.962468017578125,0.18003298342227936,-0.1537727564573288,-0.5333763957023621
1789225099492507100,0.972507080078125,0.19466757774353027,-0.4259773790836334,-1.0358980894088745
1789225099502546200,0.982546142578125,0.3326948583126068,-0.3980691432952881,-1.8704838752746582
1789225099512585200,0.992585205078125,0.5728877186775208,-1.0925980806350708,-2.3952558040618896
1789225099522623000,1.002623046875,0.6111543774604797,-0.8597719073295593,-2.279902219772339
1789225099532662300,1.012662353515625,0.5768139958381653,0.27313417196273804,-1.5241827964782715
1789225099542701300,1.022701416015625,0.5350993275642395,1.1612368822097778,-0.794501006603241
1789225099552740000,1.032739990234375,0.4125203788280487,1.3529911041259766,-0.3527718186378479
1789225099562779100,1.042779052734375,0.3766847848892212,0.9431137442588806,-0.07921171188354492
1789225099572817200,1.052817138671875,0.3705049157142639,0.5177579522132874,0.1720561981201172
1789225099582856200,1.062856201171875,0.38074588775634766,0.13357223570346832,0.3686840832233429
1789225099592895000,1.07289501953125,0.372984379529953,-0.32472288608551025,0.41310906410217285
1789225099602934000,1.08293408203125,0.3390193283557892,-0.718906044960022,0.21301516890525818
1789225099612973300,1.092973388671875,0.3137190341949463,-0.9839970469474792,-0.18217609822750092
1789225099623011000,1.103010986328125,0.2811954915523529,-1.1816896200180054,-0.6098790764808655
1789225099633050000,1.113050048828125,0.2176295667886734,-1.1422191858291626,-0.8636213541030884
1789225099643089200,1.123089111328125,0.19068217277526855,-1.2026344537734985,-0.9100348949432373
1789225099653128200,1.133128173828125,0.11076469719409943,-1.1300601959228516,-0.8357787728309631
1789225099663167200,1.143167236328125,0.027280457317829132,-0.7019916772842407,-0.6059104204177856
1789225099673206000,1.1532060546875,-0.025826171040534973,-0.37326598167419434,-0.347892165184021
1789225099683244300,1.163244384765625,-0.15374818444252014,-0.38562917709350586,-0.14696824550628662
1789225099693283000,1.173282958984375,-0.2870122194290161,-0.4690295457839966,0.09731844812631607
1789225099703322000,1.183322021484375,-0.4279363751411438,-0.47600117325782776,0.3492125868797302
1789225099713361200,1.193361083984375,-0.553442120552063,-0.4693712294101715,0.48503831028938293
1789225099723400200,1.203400146484375,-0.665269136428833,-0.20571735501289368,0.4869367182254791
1789225099733438200,1.213438232421875,-0.7427729964256287,-0.03638504445552826,0.5128713846206665
1789225099743477000,1.22347705078125,-0.6959066987037659,-0.044568926095962524,0.5331529378890991
1789225099753516300,1.233516357421875,-0.2956719398498535,-0.03696906194090843,0.5105035305023193
1789225099763555000,1.24355517578125,-0.11015144735574722,0.11520706117153168,0.487191379070282
1789225099773594000,1.253593994140625,-0.15941353142261505,0.36599189043045044,0.5481756329536438
1789225099783632100,1.263632080078125,-0.1826605200767517,0.43254396319389343,0.6251673698425293
1789225099793671200,1.273671142578125,-0.20098572969436646,0.3567645251750946,0.5990726351737976
1789225099803710200,1.283710205078125,-0.24082306027412415,0.3745364546775818,0.5938493013381958
1789225099813749000,1.2937490234375,-0.27575016021728516,0.5022554993629456,0.6251055002212524
1789225099823788300,1.303788330078125,-0.31453371047973633,0.4018871486186981,0.6301984190940857
1789225099833827300,1.313827392578125,-0.29983413219451904,0.33775395154953003,0.5860927700996399
1789225099843865000,1.323864990234375,-0.17023976147174835,0.6145929098129272,0.44376683235168457
1789225099853904100,1.333904052734375,0.11085796356201172,0.8524089455604553,0.22548110783100128
1789225099863943200,1.343943115234375,0.40637534856796265,0.7877183556556702,0.03894424811005592
1789225099873982200,1.353982177734375,0.6890789866447449,0.619749903678894,-0.020330525934696198
1789225099884021000,1.36402099609375,0.9769562482833862,0.3558250069618225,-0.06968622654676437
1789225099894059300,1.374059326171875,1.269700527191162,0.031539879739284515,-0.13153761625289917
1789225099904098000,1.38409814453125,1.5727399587631226,-0.16838312149047852,-0.11306075751781464
1789225099914137000,1.39413720703125,1.812151551246643,-0.4110969603061676,-0.2727505564689636
1789225099924176100,1.404176025390625,1.7579902410507202,-0.1673498898744583,-0.7563409805297852
1789225099934215200,1.414215087890625,1.757341742515564,0.35136839747428894,-0.7051432728767395
1789225099944253200,1.424253173828125,1.6035740375518799,0.45954230427742004,-0.9919270873069763
1789225099954292000,1.4342919921875,1.5972110033035278,0.8980200290679932,-0.7126770615577698
1789225099964331300,1.444331298828125,1.4930006265640259,0.6944186687469482,-0.7100827693939209
1789225099974370300,1.454370361328125,1.2721292972564697,0.7780472636222839,-0.7023764252662659
1789225099984409000,1.4644091796875,1.1448440551757812,0.7605231404304504,-0.49083706736564636
1789225099994447000,1.474447021484375,0.988338053226471,0.5148867964744568,-0.40870386362075806
1789225100004486100,1.484486083984375,0.7408035397529602,0.20922955870628357,-0.42699408531188965
1789225100014525200,1.494525146484375,0.5420957803726196,-0.013284211046993732,-0.45767930150032043
1789225100024564200,1.504564208984375,0.35241052508354187,0.09472000598907471,-0.42619702219963074
1789225100034603000,1.51460302734375,0.2539193630218506,0.03889988362789154,-0.4449315369129181
1789225100044642300,1.524642333984375,0.21885445713996887,0.18243831396102905,-0.39027169346809387
1789225100054680000,1.53468017578125,0.2506427764892578,-0.1310652792453766,0.03739096224308014
1789225100064719000,1.544718994140625,0.28204455971717834,-0.18314425647258759,0.41029009222984314
1789225100074758100,1.554758056640625,0.0498342327773571,-0.7851613759994507,-0.18835070729255676
1789225100084797200,1.564797119140625,-0.05298658460378647,-0.8225869536399841,-0.14856836199760437
1789225100094836200,1.574836181640625,-0.2122843712568283,-0.8605436682701111,-0.1540616750717163
1789225100104874200,1.584874267578125,-0.40672606229782104,-0.8687866926193237,-0.23743954300880432
1789225100114913300,1.594913330078125,-0.5635090470314026,-0.6827824711799622,-0.27490943670272827
1789225100124952000,1.6049521484375,-0.5387102365493774,-0.8984689712524414,-0.27241137623786926
1789225100134991000,1.6149912109375,-0.5249480605125427,-0.9735757112503052,-0.3359173834323883
1789225100145030100,1.625030029296875,-0.5439647436141968,-0.6844226121902466,-0.28497314453125
1789225100155068200,1.635068115234375,-0.42303138971328735,-1.0383028984069824,-0.22594206035137177
1789225100165107200,1.645107177734375,-0.3499024212360382,-0.6115570068359375,-0.24783436954021454
1789225100175146000,1.65514599609375,-0.21752092242240906,-0.9536568522453308,-0.25195375084877014
1789225100185185300,1.665185302734375,-0.3837060034275055,-1.0170071125030518,-0.7557262778282166
1789225100195224000,1.67522412109375,-0.45327576994895935,-0.7278016805648804,-0.3259967267513275
1789225100205262000,1.685261962890625,-0.3441002368927002,-0.6450604796409607,-0.6528052687644958
1789225100215301000,1.695301025390625,-0.33111652731895447,-1.0265697240829468,-0.7296609282493591
1789225100225340200,1.705340087890625,-0.3385653793811798,-0.7860090732574463,-0.6520382761955261
1789225100235379500,1.71537939453125,-0.29084068536758423,-1.4649800062179565,-0.8959276676177979
1789225100245418500,1.72541845703125,-0.14069849252700806,-1.0038973093032837,-0.5488202571868896
1789225100255456500,1.73545654296875,0.0851687416434288,-0.7032732367515564,-0.5001877546310425
1789225100265495600,1.74549560546875,0.2396138608455658,-0.5240172743797302,-0.5314750075340271
1789225100275534600,1.75553466796875,0.324293315410614,-0.5805367827415466,-0.5196644067764282
1789225100285573400,1.765573486328125,0.4790702164173126,-0.3194206655025482,-0.47659265995025635
1789225100295612700,1.77561279296875,0.5875519514083862,-0.31890401244163513,-0.41948914527893066
1789225100305650400,1.785650390625,0.7108485102653503,-0.23096168041229248,-0.42757561802864075
1789225100315689500,1.795689453125,0.7735425233840942,-0.10128837078809738,-0.5155698657035828
1789225100325728500,1.805728515625,0.6763696670532227,0.03323667123913765,-0.6384227275848389
1789225100335767600,1.815767578125,0.5269133448600769,-0.022137368097901344,-0.632510244846344
1789225100345806600,1.825806640625,0.4043487012386322,-0.06563914567232132,-0.6651013493537903
1789225100355844600,1.8358447265625,0.36183398962020874,-0.09374002367258072,-0.7093290090560913
1789225100365883600,1.845883544921875,0.38998639583587646,0.003937108442187309,-0.7091363072395325
1789225100375922400,1.85592236328125,0.4488116204738617,-0.053436703979969025,-0.7003609538078308
1789225100385961500,1.86596142578125,0.5444095134735107,0.041024286299943924,-0.6331331729888916
1789225100396000500,1.87600048828125,0.6432697772979736,-0.027005627751350403,-0.5574629306793213
1789225100406038500,1.88603857421875,0.7235774993896484,0.01520819216966629,-0.4416675567626953
1789225100416077600,1.89607763671875,0.7311933040618896,0.09074076265096664,-0.39440494775772095
1789225100426116400,1.906116455078125,0.6808551549911499,0.07370281964540482,-0.29700323939323425
1789225100436155600,1.91615576171875,0.619056224822998,0.11968868225812912,-0.18494246900081635
1789225100446194400,1.9261943359375,0.5978841781616211,0.11961817741394043,-0.11897516250610352
1789225100456232400,1.936232421875,0.5537542700767517,0.040938008576631546,-0.14278940856456757
1789225100466271700,1.946271728515625,0.6164238452911377,0.23933982849121094,-0.14842729270458221
1789225100476310500,1.956310546875,0.6617726683616638,-0.002243240363895893,-0.18126167356967926
1789225100486349600,1.966349609375,0.5157942175865173,-0.05593437701463699,-0.20112377405166626
1789225100496388400,1.976388427734375,0.30620288848876953,-0.007025424391031265,-0.14559392631053925
1789225100506426600,1.986426513671875,0.11920836567878723,-0.019836466759443283,-0.16217511892318726
1789225100516465400,1.99646533203125,0.09970977157354355,0.09806007891893387,-0.2967318594455719
1789225100526504400,2.00650439453125,0.17902982234954834,-0.04680128023028374,-0.39070484042167664
1789225100536543500,2.01654345703125,0.31140756607055664,-0.09428463876247406,-0.33329349756240845
1789225100546582500,2.02658251953125,0.39920130372047424,-0.15327852964401245,-0.2751583158969879
1789225100556620500,2.03662060546875,0.3715784549713135,-0.26364389061927795,-0.28648605942726135
1789225100566659300,2.046659423828125,0.5279689431190491,-0.04054046794772148,-0.36564600467681885
1789225100576698600,2.05669873046875,0.5923748016357422,-0.21580947935581207,-0.5045114159584045
1789225100586737700,2.066737548828125,0.5677429437637329,-0.20208460092544556,-0.5616151690483093
1789225100596776400,2.0767763671875,0.5198963284492493,-0.18316176533699036,-0.5576127171516418
1789225100606814700,2.086814697265625,0.5647786259651184,-0.26235562562942505,-0.5970434546470642
1789225100616853500,2.096853515625,0.6487600803375244,-0.1552637815475464,-0.7063779234886169
1789225100626892500,2.106892578125,0.6254945993423462,-0.0606045126914978,-0.6263232827186584
1789225100636931300,2.116931396484375,0.6614320874214172,0.13217505812644958,-0.6464682221412659
1789225100646970600,2.126970703125,0.7110158205032349,0.21134008467197418,-0.7372084259986877
1789225100657008400,2.13700830078125,0.8017582297325134,-0.1390693336725235,-0.8720687627792358
1789225100667047400,2.14704736328125,0.41787633299827576,-0.016436606645584106,-0.7147303223609924
1789225100677086500,2.15708642578125,0.05683957412838936,0.024904707446694374,-0.44338610768318176
1789225100687125500,2.16712548828125,-0.007396128959953785,0.05457417666912079,-0.43794819712638855
1789225100697164500,2.17716455078125,-0.0015717957867309451,0.1581631451845169,-0.42478233575820923
1789225100707202600,2.18720263671875,0.006817743647843599,0.08800143748521805,-0.3751278221607208
1789225100717241600,2.19724169921875,0.05330402031540871,0.051993630826473236,-0.33384987711906433
1789225100727280600,2.20728076171875,0.07874568551778793,0.04306265711784363,-0.25216448307037354
1789225100737319400,2.2173193359375,0.1091371476650238,0.01234948355704546,-0.19135043025016785
1789225100747358500,2.2273583984375,0.13118864595890045,0.044994521886110306,-0.13527970016002655
1789225100757396500,2.237396484375,0.07920001447200775,0.06778185814619064,-0.13767655193805695
1789225100767435500,2.247435546875,0.029827145859599113,0.04982948303222656,-0.13607704639434814
1789225100777474600,2.257474609375,-0.004169170744717121,0.08465084433555603,-0.12117186188697815
1789225100787513600,2.267513671875,-0.009570064023137093,0.06607343256473541,-0.07846341282129288
1789225100797552600,2.277552734375,0.006739133968949318,0.09162646532058716,-0.02932250313460827
1789225100807590400,2.28759033203125,0.014369246549904346,0.09569381177425385,0.0469711497426033
1789225100817629700,2.297629638671875,0.006046600639820099,0.08183392137289047,0.11344071477651596
1789225100827668500,2.30766845703125,-0.019162451848387718,0.05416836217045784,0.17352277040481567
1789225100837707500,2.31770751953125,-0.05117631331086159,0.019732622429728508,0.213436096906662
1789225100847746600,2.32774658203125,-0.07861118018627167,-0.030247241258621216,0.24333032965660095
1789225100857784600,2.33778466796875,-0.09407269954681396,-0.07423733919858932,0.29398924112319946
1789225100867823600,2.34782373046875,-0.10140646249055862,-0.10996412485837936,0.35547101497650146
1789225100877862400,2.3578623046875,-0.09023848921060562,-0.16406969726085663,0.3851753771305084
1789225100887901400,2.3679013671875,-0.09072435647249222,-0.16362985968589783,0.44740140438079834
1789225100897940700,2.377940673828125,-0.09423413872718811,-0.14306412637233734,0.4898979961872101
1789225100907978500,2.387978515625,-0.10851933062076569,-0.14012746512889862,0.47397857904434204
1789225100918017500,2.398017578125,-0.11626113951206207,-0.1455019861459732,0.40663307905197144
1789225100928056600,2.408056640625,-0.13479866087436676,-0.16547174751758575,0.3657914698123932
1789225100938095600,2.418095703125,-0.12719933688640594,-0.13672585785388947,0.30039194226264954
1789225100948134400,2.428134521484375,-0.15608012676239014,0.08680161088705063,0.1353660523891449
1789225100958172700,2.438172607421875,-0.10932435095310211,0.07262640446424484,-0.04763146862387657
1789225100968211500,2.44821142578125,-0.07193122804164886,0.012020791880786419,0.0868043377995491
1789225100978250500,2.45825048828125,-0.07401221990585327,-0.013735704123973846,0.20853690803050995
1789225100988289500,2.46828955078125,-0.07378984242677689,0.027063393965363503,0.12116564065217972
1789225100998328300,2.478328369140625,-0.09315422177314758,0.10462876409292221,-0.022359829396009445
1789225101008366600,2.48836669921875,-0.08807340264320374,0.10383812338113785,-0.08704212307929993
1789225101018405400,2.4984052734375,-0.09182579815387726,0.07031319290399551,-0.03129390999674797
1789225101028444400,2.5084443359375,-0.09735497087240219,0.037616800516843796,0.047342341393232346
1789225101038483700,2.518483642578125,-0.10278356075286865,0.039837609976530075,0.06394501775503159
1789225101048522500,2.5285224609375,-0.10751520842313766,0.07066690176725388,0.013920733705163002
1789225101058560500,2.538560546875,-0.10653543472290039,0.08473904430866241,0.004226827993988991
1789225101068599600,2.548599609375,-0.11543875932693481,0.06378785520792007,0.08031447976827621
1789225101078638600,2.558638671875,-0.13333654403686523,0.036123473197221756,0.15783245861530304
1789225101088677400,2.568677490234375,-0.15224966406822205,0.04511573538184166,0.17843817174434662
1789225101098715600,2.578715576171875,-0.16003061830997467,0.06210297346115112,0.1359756588935852
1789225101108754700,2.588754638671875,-0.15703721344470978,0.03525138273835182,0.11030719429254532
1789225101118793500,2.59879345703125,-0.14259383082389832,0.008186744526028633,0.1294848769903183
1789225101128832500,2.60883251953125,-0.1397014856338501,-0.019492655992507935,0.14159423112869263
1789225101138871600,2.61887158203125,-0.13414959609508514,-0.029598554596304893,0.12003885954618454
1789225101148909600,2.62890966796875,-0.12393259257078171,-0.024641554802656174,0.06423221528530121
1789225101158948400,2.6389482421875,-0.12736114859580994,-0.03840929642319679,-0.013260445557534695
1789225101168987400,2.6489873046875,-0.15713980793952942,-0.016488559544086456,-0.06695137172937393
1789225101179026700,2.659026611328125,-0.15235276520252228,-0.03878827393054962,-0.07647590339183807
1789225101189065500,2.6690654296875,-0.14054478704929352,-0.0609811432659626,-0.04729628562927246
1789225101199103500,2.679103515625,-0.1103498786687851,-0.06992056965827942,-0.07006683945655823
1789225101209142500,2.689142578125,-0.09772384166717529,-0.045930273830890656,-0.10778186470270157
1789225101219181600,2.699181640625,-0.1021721139550209,-0.05021263659000397,-0.10287259519100189
1789225101229220600,2.709220703125,-0.12687671184539795,-0.06557833403348923,-0.042534444481134415
1789225101239259100,2.719259033203125,-0.1461942195892334,-0.07493028789758682,0.0038927081041038036
1789225101249297400,2.72929736328125,-0.16325223445892334,-0.03836344927549362,0.03396568074822426
1789225101259336200,2.739336181640625,-0.12712086737155914,-0.037666767835617065,0.02291223034262657
1789225101269375200,2.749375244140625,-0.1018391102552414,-0.014504339545965195,0.05243462324142456
1789225101279414500,2.75941455078125,-0.08229417353868484,-0.033095866441726685,0.09366249293088913
1789225101289452300,2.769452392578125,-0.09116052836179733,-0.02079116366803646,0.11261706054210663
1789225101299491300,2.7794912109375,-0.09658432006835938,-0.0066276732832193375,0.0806596577167511
1789225101309530400,2.7895302734375,-0.08928555250167847,0.02599429339170456,0.03784646466374397
1789225101319569400,2.7995693359375,-0.0652041807770729,0.0501403771340847,0.017451712861657143
1789225101329608200,2.809608154296875,-0.03767382353544235,0.05182025954127312,0.018429333344101906
1789225101339646500,2.819646484375,-0.021204836666584015,0.06321912258863449,0.009575121104717255
1789225101349685500,2.829685546875,-0.013224401511251926,0.0683230608701706,-0.02728249505162239
1789225101359724300,2.839724365234375,-0.02314494363963604,0.08458245545625687,-0.0565146803855896
1789225101369763300,2.849763427734375,-0.027712738141417503,0.07591071724891663,-0.05671892315149307
1789225101379802000,2.859802001953125,-0.02275606244802475,0.07415410131216049,-0.03803551569581032
1789225101389840400,2.86984033203125,-0.004844281822443008,0.07547012716531754,-0.020368022844195366
1789225101399879200,2.879879150390625,0.01350250095129013,0.09861139953136444,-0.00824611447751522
1789225101409918200,2.889918212890625,0.02831937186419964,0.1156671866774559,0.0006484981859102845
1789225101419957500,2.89995751953125,0.02760750986635685,0.13850939273834229,0.015400812961161137
1789225101429996300,2.909996337890625,0.006210817955434322,0.13864542543888092,0.037772804498672485
1789225101440034300,2.920034423828125,-0.012930385768413544,0.08407565206289291,0.050400182604789734
1789225101450073300,2.9300732421875,-0.02830853872001171,0.028646213933825493,0.05875065550208092
1789225101460112400,2.9401123046875,-0.04250878095626831,-0.004190826788544655,0.04396212100982666
1789225101470151400,2.9501513671875,-0.039399538189172745,-0.007390614598989487,0.00531912362203002
1789225101480189400,2.960189453125,-0.04199904948472977,0.0037781500723212957,0.00810771994292736
1789225101490228500,2.970228515625,-0.04740244150161743,-0.023483142256736755,0.030702056363224983
1789225101500267300,2.980267333984375,-0.05383690446615219,-0.040082357823848724,0.034503720700740814
1789225101510306300,2.990306396484375,-0.06344868242740631,-0.027289757505059242,0.01680573634803295
1789225101520345000,3.000344970703125,-0.060708023607730865,-0.0399235300719738,-0.025181394070386887
1789225101530383400,3.01038330078125,-0.05304412916302681,-0.019388588145375252,-0.05545828863978386
1789225101540422100,3.020422119140625,-0.023580780252814293,-0.046308085322380066,-0.04398832097649574
1789225101550461200,3.030461181640625,-0.008904487825930119,-0.0011771863792091608,-0.016838641837239265
1789225101560500500,3.04050048828125,0.02185608632862568,0.07053481787443161,0.0069806696847081184
1789225101570539300,3.050539306640625,0.02951844222843647,0.18632841110229492,0.02078484557569027
1789225101580577300,3.060577392578125,0.06583597511053085,0.21915292739868164,-0.034729547798633575
1789225101590616300,3.0706162109375,0.07756564766168594,0.29188790917396545,-0.006970592308789492
1789225101600655400,3.0806552734375,0.1144150123000145,0.27051472663879395,0.07226590067148209
1789225101610694400,3.0906943359375,0.14271844923496246,0.27871713042259216,0.09723405539989471
1789225101620733200,3.100733154296875,0.18481077253818512,0.3197287619113922,0.011615822091698647
1789225101630771500,3.110771484375,0.1814630627632141,0.3616098165512085,-0.05328879505395889
1789225101640810200,3.120810302734375,0.16249176859855652,0.3639536499977112,-0.03482190519571304
1789225101650849300,3.130849365234375,0.16151775419712067,0.2676328420639038,-0.041917283087968826
1789225101660888300,3.140888427734375,0.1390627771615982,0.20077498257160187,-0.05806988850235939
1789225101670926300,3.15092626953125,0.10158704221248627,0.1466134786605835,-0.045565418899059296
1789225101680965400,3.16096533203125,0.056581221520900726,0.09286689758300781,-0.039246801286935806
1789225101691004200,3.171004150390625,0.010569257661700249,0.06159152835607529,-0.05500752106308937
1789225101701043500,3.18104345703125,-0.033324964344501495,0.031919125467538834,-0.05865738168358803
1789225101711082200,3.191082275390625,-0.07705391943454742,-0.031877532601356506,-0.01882839761674404
1789225101721120300,3.201120361328125,-0.10700729489326477,-0.12294432520866394,0.022245269268751144
1789225101731159300,3.2111591796875,-0.1336531639099121,-0.18697939813137054,0.024696363136172295
1789225101741198300,3.2211982421875,-0.15705595910549164,-0.24329885840415955,-0.00664930883795023
1789225101751237400,3.2312373046875,-0.1891566962003708,-0.3124100863933563,-0.005975157488137484
1789225101761275400,3.241275390625,-0.2342197746038437,-0.36528661847114563,0.03842027112841606
1789225101771314400,3.251314453125,-0.26785528659820557,-0.4015325605869293,0.05792377144098282
1789225101781353200,3.261353271484375,-0.2884194254875183,-0.3830912411212921,0.03306928649544716
1789225101791392300,3.271392333984375,-0.27771803736686707,-0.37443143129348755,-0.003212020266801119
1789225101801431300,3.281431396484375,-0.2586146593093872,-0.3734135627746582,0.003925784025341272
1789225101811469300,3.29146923828125,-0.23203349113464355,-0.3915596306324005,0.041655801236629486
1789225101821508400,3.30150830078125,-0.22789201140403748,-0.3448171615600586,0.07912913709878922
1789225101831547100,3.311547119140625,-0.2177674025297165,-0.26384928822517395,0.08771359920501709
1789225101841586400,3.32158642578125,-0.19207215309143066,-0.15380243957042694,0.07973716408014297
1789225101851625200,3.331625244140625,-0.13431644439697266,-0.055133115500211716,0.06773309409618378
1789225101861663200,3.341663330078125,-0.05227350443601608,0.004075080621987581,0.0709049254655838
1789225101871702500,3.35170263671875,-0.010449429973959923,0.012218715623021126,0.07628288120031357
1789225101881741300,3.3617412109375,0.013629273511469364,-0.0021538319997489452,0.04929041489958763
1789225101891780400,3.3717802734375,0.01862948015332222,-0.01711776852607727,-0.0018704533576965332
1789225101901818400,3.381818359375,0.015142071060836315,-0.020980417728424072,-0.0485447496175766
1789225101911857400,3.391857421875,0.009632144123315811,-0.010079670697450638,-0.08496006578207016
1789225101921896200,3.401896240234375,0.012555761262774467,0.036454275250434875,-0.1089671328663826
1789225101931935200,3.411935302734375,0.03417119383811951,0.09469564259052277,-0.10167212039232254
1789225101941974500,3.421974609375,0.07549066841602325,0.13764844834804535,-0.06985826790332794
1789225101952012300,3.43201220703125,0.11782051622867584,0.1772727519273758,-0.05821534991264343
1789225101962051300,3.44205126953125,0.1398211568593979,0.20582902431488037,-0.05995945632457733
1789225101972090400,3.45209033203125,0.13617853820323944,0.192412331700325,-0.027415068820118904
1789225101982129400,3.46212939453125,0.1130652204155922,0.14696229994297028,0.027577344328165054
1789225101992167200,3.472167236328125,0.08506288379430771,0.10426623374223709,0.04863322898745537
1789225102002206200,3.482206298828125,0.06895901262760162,0.09055255353450775,0.04846411943435669
1789225102012245500,3.49224560546875,0.06471482664346695,0.08998088538646698,0.05396666005253792
1789225102022284300,3.5022841796875,0.06308337301015854,0.09182485938072205,0.0768115222454071
1789225102032323300,3.5123232421875,0.06866899877786636,0.08089832961559296,0.057656679302453995
1789225102042361300,3.522361328125,0.05998096242547035,0.08735303580760956,-0.011057932861149311
1789225102052400400,3.532400390625,0.04298285022377968,0.0760975107550621,-0.06174718216061592
1789225102062439200,3.542439208984375,0.012348773889243603,0.019364722073078156,-0.0535086952149868
1789225102072478200,3.552478271484375,-0.022240834310650826,-0.029252566397190094,-0.038782183080911636
1789225102082516500,3.5625166015625,-0.05540384724736214,-0.05015145614743233,-0.049971189349889755
1789225102092555300,3.57255517578125,-0.0880410298705101,-0.10259831696748734,-0.025403475388884544
1789225102102594300,3.58259423828125,-0.10139092803001404,-0.17169323563575745,0.029214495792984962
1789225102112633300,3.59263330078125,-0.11454392224550247,-0.18781110644340515,0.06829271465539932
1789225102122672400,3.60267236328125,-0.12079036980867386,-0.15906015038490295,0.08050969988107681
1789225102132710100,3.612710205078125,-0.11154258996248245,-0.1388382911682129,0.08460427820682526
1789225102142749200,3.622749267578125,-0.10285535454750061,-0.14053712785243988,0.03454457223415375
1789225102152788500,3.63278857421875,-0.11462736129760742,-0.09819585084915161,-0.03228788077831268
1789225102162827300,3.6428271484375,-0.14856216311454773,-0.08925614506006241,0.0009757986990734935
1789225102172866300,3.6528662109375,-0.17539513111114502,-0.14844436943531036,0.10971719771623611
1789225102182904300,3.662904296875,-0.19285374879837036,-0.17883901298046112,0.04052720218896866
1789225102192943400,3.672943359375,-0.20008283853530884,-0.11560460925102234,-0.13003745675086975
1789225102202982400,3.682982421875,-0.21017329394817352,-0.1497229039669037,-0.08598477393388748
1789225102213021200,3.693021240234375,-0.21557508409023285,-0.29559338092803955,0.14452841877937317
1789225102223059500,3.7030595703125,-0.21234333515167236,-0.36468109488487244,0.19576524198055267
1789225102233098000,3.713097900390625,-0.22067314386367798,-0.23949463665485382,-0.020316438749432564
1789225102243137000,3.723136962890625,-0.21624135971069336,-0.11799297481775284,-0.2285040020942688
1789225102253176000,3.733176025390625,-0.22202764451503754,-0.14774347841739655,-0.17975179851055145
1789225102263214000,3.743214111328125,-0.23907507956027985,-0.2434002310037613,0.00005977833643555641
1789225102273252900,3.7532529296875,-0.24851775169372559,-0.28433558344841003,0.07532928138971329
1789225102283292200,3.763292236328125,-0.26334327459335327,-0.29569101333618164,0.0302792526781559
1789225102293331000,3.7733310546875,-0.2636603116989136,-0.3206838071346283,-0.03765377774834633
1789225102303370000,3.783369873046875,-0.2790437936782837,-0.3518289625644684,-0.08795902878046036
1789225102313408300,3.793408203125,-0.296634316444397,-0.3799645006656647,-0.11479838937520981
1789225102323447000,3.803447021484375,-0.3124431073665619,-0.39010077714920044,-0.04297906160354614
1789225102333486000,3.813486083984375,-0.3153587877750397,-0.3923613131046295,0.052337177097797394
1789225102343524900,3.82352490234375,-0.2977164089679718,-0.33758488297462463,0.04895522817969322
1789225102353563100,3.833563232421875,-0.2561046779155731,-0.26189878582954407,-0.010458908975124359
1789225102363602000,3.843601806640625,-0.2401920109987259,-0.24197570979595184,0.04406718164682388
1789225102373641000,3.853640869140625,-0.23065096139907837,-0.33017027378082275,0.1453959345817566
1789225102383680000,3.863679931640625,-0.2394159585237503,-0.3539608120918274,0.16539840400218964
1789225102393719000,3.873718994140625,-0.2473210245370865,-0.367477685213089,0.08889803290367126
1789225102403757000,3.883757080078125,-0.22812682390213013,-0.38300392031669617,-0.0965900644659996
1789225102413795800,3.8937958984375,-0.1944325566291809,-0.2922607660293579,-0.27889251708984375
1789225102423835100,3.903835205078125,-0.17679791152477264,-0.21241892874240875,-0.15922710299491882
1789225102433874200,3.913874267578125,-0.17231187224388123,-0.2170957624912262,0.07855506986379623
1789225102443912000,3.923911865234375,-0.15877075493335724,-0.22054588794708252,0.007460650056600571
1789225102453951200,3.933951171875,-0.14391671121120453,-0.10901989042758942,-0.20471298694610596
1789225102463990000,3.943989990234375,-0.1433180272579193,-0.13506826758384705,-0.12324130535125732
1789225102474029000,3.954029052734375,-0.15347443521022797,-0.3073435127735138,0.24514302611351013
1789225102484067800,3.96406787109375,-0.13720040023326874,-0.38978058099746704,0.4097530245780945
1789225102494106000,3.974106201171875,-0.11250381916761398,-0.25365686416625977,0.21371108293533325
1789225102504145000,3.984144775390625,-0.06655123829841614,-0.11190371960401535,-0.09162566810846329
1789225102514184000,3.994183837890625,0.014187917113304138,-0.031275879591703415,-0.180324986577034
1789225102524223000,4.004222900390625,0.06386306136846542,0.057057179510593414,-0.00936709251254797
1789225102534261000,4.014260986328125,0.0816095769405365,0.2548013925552368,-0.01565481722354889
1789225102544300000,4.024300048828125,0.12775710225105286,0.4185599684715271,-0.15329870581626892
1789225102554338800,4.0343388671875,0.2184000164270401,0.49800005555152893,-0.31033140420913696
1789225102564378000,4.044378173828125,0.33136969804763794,0.48736873269081116,-0.2851032614707947
1789225102574417200,4.054417236328125,0.32007718086242676,0.3917634189128876,-0.028057344257831573
1789225102584455000,4.064454833984375,0.30371126532554626,0.2557286322116852,0.15517054498195648
1789225102594494200,4.074494140625,0.30809107422828674,0.3623799681663513,0.06461174041032791
1789225102604533000,4.084532958984375,0.33528488874435425,0.5529416799545288,-0.0148876141756773
1789225102614572000,4.094572021484375,0.39281317591667175,0.5873726010322571,0.12301046401262283
1789225102624610000,4.104610107421875,0.5223285555839539,0.5328611135482788,0.10516755282878876
1789225102634649000,4.114649169921875,0.5808379054069519,0.6570746898651123,-0.134320929646492
1789225102644688100,4.124688232421875,0.5423288941383362,0.6848685145378113,-0.23266613483428955
1789225102654727000,4.134726806640625,0.40494397282600403,0.4863928258419037,0.010840973816812038
1789225102664765200,4.14476513671875,0.28643542528152466,0.2451767474412918,0.24384039640426636
1789225102674804000,4.154803955078125,0.18863756954669952,0.18299652636051178,0.20018309354782104
1789225102684843000,4.164843017578125,0.09723228961229324,0.211056649684906,0.028391096740961075
1789225102694881800,4.1748818359375,0.09868543595075607,0.08292227983474731,-0.1438887119293213
1789225102704921000,4.184921142578125,0.10873487591743469,0.03555130213499069,-0.2867952585220337
1789225102714958800,4.194958740234375,0.13601157069206238,0.0012671477161347866,-0.24402114748954773
1789225102724998000,4.204997802734375,0.17499518394470215,0.11035501956939697,0.033054932951927185
1789225102735037200,4.215037109375,0.19461283087730408,0.21683380007743835,0.17559276521205902
1789225102745076000,4.225075927734375,0.22179651260375977,0.3569418787956238,0.048418041318655014
1789225102755114000,4.235114013671875,0.22024711966514587,0.3763398826122284,-0.16351455450057983
1789225102765153000,4.245153076171875,0.10562040656805038,0.33787664771080017,-0.05855058878660202
1789225102775192000,4.255192138671875,0.017379801720380783,0.004379640333354473,0.263653427362442
1789225102785231000,4.265231201171875,-0.0023811187129467726,-0.21458280086517334,0.11647381633520126
1789225102795269000,4.27526904296875,-0.0255932305008173,0.04301038756966591,-0.2767980992794037
1789225102805308200,4.28530810546875,0.0018173546995967627,0.14344272017478943,-0.23227059841156006
1789225102815347000,4.295346923828125,0.06617096811532974,0.02705560065805912,0.07902149111032486
1789225102825386000,4.305385986328125,0.08309908956289291,0.1157362088561058,0.29375165700912476
1789225102835425000,4.315425048828125,0.050780411809682846,0.3472965657711029,0.20716352760791779
1789225102845463000,4.325463134765625,0.05912702530622482,0.49602851271629333,-0.0016618503723293543
1789225102855502000,4.335502197265625,0.19523034989833832,0.4283129572868347,-0.25500911474227905
1789225102865540900,4.345540771484375,0.21223969757556915,0.3244619071483612,-0.2332122027873993
1789225102875580200,4.355580078125,0.17722131311893463,0.22271856665611267,0.1166350468993187
1789225102885618000,4.365617919921875,0.18887238204479218,0.16385819017887115,0.29063162207603455
1789225102895657000,4.375656982421875,0.19335469603538513,0.22823978960514069,0.19386814534664154
1789225102905696000,4.385696044921875,0.24635399878025055,0.37218204140663147,-0.13756170868873596
1789225102915735000,4.395735107421875,0.3230966627597809,0.5279483795166016,-0.4780873656272888
1789225102925772800,4.405772705078125,0.3230050504207611,0.48004403710365295,-0.15676285326480865
1789225102935812000,4.41581201171875,0.38935381174087524,0.4203866422176361,0.2943650782108307
1789225102945851100,4.42585107421875,0.4045495390892029,0.548630952835083,0.15396909415721893
1789225102955890000,4.435889892578125,0.39579153060913086,0.777038037776947,-0.23401708900928497
1789225102965929000,4.445928955078125,0.3577152490615845,0.8081802129745483,-0.2559782862663269
1789225102975967000,4.455967041015625,0.2962456941604614,0.6125161647796631,0.041404739022254944
1789225102986006000,4.466006103515625,0.31361618638038635,0.4924704134464264,0.24991106986999512
1789225102996045000,4.476045166015625,0.36207830905914307,0.6032513380050659,0.29045307636260986
1789225103006083800,4.486083740234375,0.4278024435043335,0.6646177172660828,0.34461459517478943
1789225103016122000,4.4961220703125,0.4485611617565155,0.6762820482254028,0.35927802324295044
1789225103026161000,4.506160888671875,0.43166741728782654,0.6964261531829834,0.21183983981609344
1789225103036200000,4.516199951171875,0.3484172523021698,0.7526606321334839,0.11838991194963455
1789225103046239200,4.5262392578125,0.30442583560943604,0.7267760634422302,-0.08102332800626755
1789225103056277000,4.536277099609375,0.24959348142147064,0.7533613443374634,-0.23598600924015045
1789225103066316000,4.54631591796875,0.19686095416545868,0.7000192403793335,-0.17741286754608154
1789225103076355000,4.55635498046875,0.2100386619567871,0.5091447234153748,-0.06580519676208496
1789225103086394000,4.56639404296875,0.1802019327878952,0.5032692551612854,-0.033173758536577225
1789225103096433000,4.576432861328125,0.16278889775276184,0.5187071561813354,-0.13233865797519684
1789225103106471200,4.58647119140625,0.14533987641334534,0.506187379360199,-0.19397778809070587
1789225103116510000,4.596510009765625,0.17843540012836456,0.0833345353603363,0.17729835212230682
1789225103126549000,4.606549072265625,0.16436779499053955,-0.048689279705286026,0.4719070792198181
1789225103136588000,4.616588134765625,0.10682700574398041,0.06560720503330231,-0.01337437890470028
1789225103146626000,4.6266259765625,-0.017882434651255608,0.29516130685806274,-0.6039841175079346
1789225103156665000,4.6366650390625,-0.1426755040884018,0.36626026034355164,-0.5480145812034607
1789225103166703900,4.646703857421875,-0.1932331621646881,0.3662424385547638,-0.0866277888417244
1789225103176743000,4.656742919921875,-0.10802639275789261,0.2939024567604065,0.007472739554941654
1789225103186781000,4.666781005859375,0.0490066334605217,0.6490448713302612,-0.049898408353328705
1789225103196820000,4.676820068359375,0.2674577236175537,0.4886045753955841,-0.24092455208301544
1789225103206859000,4.68685888671875,0.4008046090602875,0.37697339057922363,-0.5447204113006592
1789225103216898000,4.69689794921875,0.20768192410469055,0.23131249845027924,-0.20037464797496796
1789225103226936000,4.70693603515625,-0.0723651647567749,0.1081644669175148,0.5429514050483704
1789225103236975600,4.7169755859375,-0.28726544976234436,-0.1272309571504593,0.7276613712310791
1789225103247014400,4.727014404296875,-0.47731953859329224,0.06075145676732063,0.7372836470603943
1789225103257053700,4.7370537109375,-0.4330841600894928,0.011117595247924328,0.5887842178344727
1789225103267091500,4.747091552734375,-0.23579323291778564,0.18616366386413574,0.442777544260025
1789225103277130500,4.757130615234375,0.02498590014874935,0.10151588916778564,0.42120835185050964
1789225103287169500,4.76716943359375,0.09438468515872955,-0.04335980862379074,0.5335146188735962
1789225103297208600,4.77720849609375,0.06056370586156845,0.013292655348777771,0.3973480761051178
1789225103307247600,4.78724755859375,0.053014710545539856,0.2818753719329834,-0.0848233699798584
1789225103317285600,4.79728564453125,0.018614105880260468,0.6917259693145752,-0.5460261702537537
1789225103327324700,4.80732470703125,0.06640826165676117,0.5860294103622437,-0.6066860556602478
1789225103337363500,4.817363525390625,0.15213023126125336,0.5054415464401245,-0.4599039554595947
1789225103347402500,4.827402587890625,0.20654980838298798,0.46060481667518616,-0.3117983937263489
1789225103357440500,4.8374404296875,0.2604878842830658,0.3842964470386505,-0.17797254025936127
1789225103367479600,4.8474794921875,0.30146273970603943,0.3640143573284149,-0.2830534279346466
1789225103377518600,4.8575185546875,0.2572372853755951,0.4634653627872467,-0.33391299843788147
1789225103387557600,4.8675576171875,0.17482976615428925,0.4111004173755646,-0.049508947879076004
1789225103397595600,4.877595703125,0.13102319836616516,0.3888747990131378,0.23802338540554047
1789225103407634400,4.887634521484375,0.092836394906044,0.5396866798400879,0.29180726408958435
1789225103417673500,4.897673583984375,0.11708647012710571,0.6898531317710876,0.27019402384757996
1789225103427712800,4.907712646484375,0.2133251130580902,0.656126081943512,0.23881053924560547
1789225103437750500,4.91775048828125,0.2776946723461151,0.5028120279312134,0.30719566345214844
1789225103447789600,4.92778955078125,0.28955399990081787,0.3489452004432678,0.2906273305416107
1789225103457828600,4.93782861328125,0.23190806806087494,0.39909178018569946,0.17134958505630493
1789225103467867600,4.94786767578125,0.19356946647167206,0.5103636980056763,-0.16215728223323822
1789225103477905400,4.957905517578125,0.155938521027565,0.5993756651878357,-0.3734742999076843
1789225103487944700,4.96794482421875,0.11337321996688843,0.6062160134315491,-0.21565723419189453
1789225103497983500,4.9779833984375,0.10899967700242996,0.6259877681732178,0.029871121048927307
1789225103508022500,4.9880224609375,0.13944093883037567,0.5672773122787476,0.08148877322673798
1789225103518061600,4.9980615234375,0.2045174241065979,0.5303000807762146,-0.08036630600690842
1789225103528099600,5.008099609375,0.1854715496301651,0.5231510996818542,-0.15432283282279968
1789225103538138600,5.018138671875,0.10225442051887512,0.24429470300674438,-0.09861747920513153
1789225103548177400,5.028177490234375,-0.03881988301873207,0.08869978785514832,-0.03933630883693695
1789225103558216400,5.038216552734375,-0.185089111328125,0.08226543664932251,0.03533518314361572
1789225103568254500,5.04825439453125,-0.27882570028305054,0.11368301510810852,0.08024193346500397
1789225103578293500,5.05829345703125,-0.29903364181518555,0.16066719591617584,0.12633387744426727
1789225103588332500,5.06833251953125,-0.2173590064048767,0.18942295014858246,0.03602049499750137
1789225103598371600,5.07837158203125,-0.21765778958797455,0.1919550746679306,0.0641087144613266
1789225103608409600,5.08840966796875,-0.288738876581192,-0.048353660851716995,0.3322794437408447
1789225103618448400,5.098448486328125,-0.31899940967559814,-0.24977177381515503,0.46848055720329285
1789225103628487700,5.10848779296875,-0.3637511432170868,-0.44073349237442017,0.1859324723482132
1789225103638526700,5.118526611328125,-0.595729410648346,-0.5295380353927612,-0.003796773962676525
1789225103648564500,5.128564453125,-0.8000476360321045,-0.6734173893928528,0.1425172984600067
1789225103658603800,5.138603759765625,-0.8060950636863708,-0.8670942187309265,0.04560938850045204
1789225103668642600,5.148642578125,-0.8089486360549927,-0.7228773832321167,-0.1873229295015335
1789225103678681600,5.158681640625,-0.8193001747131348,-0.6219695210456848,-0.17552049458026886
1789225103688719600,5.1687197265625,-0.8268686532974243,-0.6814804673194885,0.046144794672727585
1789225103698758700,5.178758544921875,-0.8893374800682068,-0.7971182465553284,0.09450827538967133
1789225103708797400,5.18879736328125,-0.9689673185348511,-0.8402465581893921,-0.008532620966434479
1789225103718836500,5.19883642578125,-1.080957055091858,-0.9598614573478699,-0.028180010616779327
1789225103728874800,5.208874755859375,-1.1221790313720703,-1.2326996326446533,-0.05185870826244354
1789225103738913500,5.21891357421875,-1.1357191801071167,-1.4211385250091553,0.04650392010807991
1789225103748952600,5.22895263671875,-1.1172291040420532,-1.5207977294921875,0.28805261850357056
1789225103758991400,5.238991455078125,-1.171034574508667,-1.4429575204849243,0.3824631869792938
1789225103769030700,5.24903076171875,-1.2569127082824707,-1.2901743650436401,0.23795393109321594
1789225103779068400,5.259068359375,-1.278843641281128,-1.1571248769760132,-0.006897599436342716
1789225103789107500,5.269107421875,-1.173616647720337,-1.0475640296936035,-0.022384945303201675
1789225103799146800,5.279146728515625,-1.1231498718261719,-1.1853179931640625,0.33782467246055603
1789225103809185500,5.289185546875,-1.0085159540176392,-1.3044860363006592,0.5721453428268433
1789225103819223600,5.2992236328125,-0.8417633771896362,-1.4031355381011963,0.24226929247379303
1789225103829262600,5.3092626953125,-0.770054817199707,-1.3988337516784668,-0.31879934668540955
1789225103839301600,5.319301513671875,-0.7753964066505432,-1.101328730583191,-0.6339723467826843
1789225103849340700,5.329340576171875,-0.8381093144416809,-1.2395353317260742,-0.07555276900529861
1789225103859378700,5.339378662109375,-0.9072889685630798,-1.2276991605758667,0.20909464359283447
1789225103869417700,5.349417724609375,-0.9667507410049438,-0.8036184906959534,0.10995021462440491
1789225103879456500,5.35945654296875,-0.9746668338775635,-0.6243423223495483,-0.07162671536207199
1789225103889495600,5.36949560546875,-0.7620962858200073,-0.6606953144073486,-0.2514103353023529
1789225103899533600,5.379533447265625,-0.47509765625,-0.7716216444969177,-0.045605022460222244
1789225103909572600,5.389572509765625,-0.41623780131340027,-0.9069256782531738,0.3136407434940338
1789225103919611400,5.399611328125,-0.4044550061225891,-0.9233716130256653,0.3737680912017822
1789225103929650400,5.409650390625,-0.4009886384010315,-0.791738748550415,0.1884685456752777
1789225103939688700,5.419688720703125,-0.3946595788002014,-0.7707308530807495,-0.09177719801664352
1789225103949727500,5.4297275390625,-0.40658068656921387,-0.7162987589836121,-0.36143556237220764
1789225103959766500,5.4397666015625,-0.4144268035888672,-0.6806584596633911,-0.14886361360549927
1789225103969805600,5.4498056640625,-0.35481327772140503,-0.6065863370895386,0.11585807055234909
1789225103979843600,5.459843505859375,-0.28777289390563965,-0.45360201597213745,0.2515251040458679
1789225103989882400,5.46988232421875,-0.15678533911705017,-0.46225249767303467,0.20641382038593292
1789225103999921700,5.479921630859375,-0.06675700843334198,-0.47954824566841125,0.02487660013139248
1789225104009960700,5.489960693359375,-0.09414202719926834,-0.6330108046531677,-0.3004535734653473
1789225104019998500,5.49999853515625,-0.1962849497795105,-0.47581160068511963,-0.319708913564682
1789225104030037800,5.510037841796875,-0.26891520619392395,-0.6310102343559265,0.22338953614234924
1789225104040076500,5.52007666015625,-0.2804975211620331,-0.7106664180755615,0.5123851299285889
1789225104050115600,5.530115478515625,-0.26195767521858215,-0.6118119955062866,0.32326608896255493
1789225104060153600,5.540153564453125,-0.18707510828971863,-0.5659347176551819,0.01812591403722763
1789225104070192600,5.550192626953125,-0.16983087360858917,-0.5806547999382019,0.03370993211865425
1789225104080231700,5.560231689453125,-0.15293318033218384,-0.5650575757026672,0.20713908970355988
1789225104090270500,5.5702705078125,-0.18508419394493103,-0.5459229946136475,0.250261515378952
1789225104100308700,5.580308837890625,-0.1322219967842102,-0.45801815390586853,-0.009318893775343895
1789225104110347500,5.590347412109375,-0.09431188553571701,-0.4648438096046448,-0.407036691904068
1789225104120386600,5.600386474609375,-0.09319734573364258,-0.3291917145252228,-0.41008907556533813
1789225104130425300,5.61042529296875,-0.06456490606069565,-0.4906144440174103,0.04957544803619385
1789225104140463600,5.620463623046875,-0.041384488344192505,-0.5565327405929565,0.3430663049221039
1789225104150502700,5.630502685546875,-0.0531306266784668,-0.44348660111427307,0.3555522859096527
1789225104160541400,5.64054150390625,-0.0018294216133654118,-0.47494444251060486,0.061611976474523544
1789225104170580700,5.650580810546875,0.03495016694068909,-0.3086329698562622,-0.2622388005256653
1789225104180618500,5.660618408203125,0.03230662643909454,-0.19102895259857178,-0.0015274975448846817
1789225104190657500,5.670657470703125,0.051936518400907516,-0.2332584261894226,0.5166853070259094
1789225104200696600,5.680696533203125,0.09964656084775925,-0.264358252286911,0.31120115518569946
1789225104210735600,5.690735595703125,0.22867538034915924,-0.09735007584095001,-0.1516842097043991
1789225104220773400,5.7007734375,0.34514403343200684,0.30452823638916016,-0.42229992151260376
1789225104230812700,5.710812744140625,0.3306886553764343,-0.0548376627266407,0.10186022520065308
1789225104240851200,5.720851318359375,0.35936877131462097,-0.2596997320652008,0.37690484523773193
1789225104250890200,5.73089013671875,0.3329712450504303,-0.015797585248947144,0.15777835249900818
1789225104260928300,5.74092822265625,0.35090169310569763,0.06595416367053986,-0.04413392022252083
1789225104270967300,5.75096728515625,0.40009427070617676,0.2828931212425232,-0.058436159044504166
1789225104281006000,5.761006103515625,0.4369412660598755,0.2218490093946457,0.15923069417476654
1789225104291045000,5.771045166015625,0.4641161561012268,0.3244195878505707,0.1826249659061432
1789225104301083100,5.781083251953125,0.5175800919532776,0.46339812874794006,0.05169684439897537
1789225104311122200,5.7911220703125,0.5943030714988708,0.22508063912391663,-0.37227627635002136
1789225104321161000,5.801160888671875,0.5644000172615051,0.19527369737625122,-0.2391897588968277
1789225104331200000,5.811199951171875,0.5502141118049622,0.20078431069850922,0.1973217874765396
1789225104341238300,5.82123828125,0.4919038712978363,0.15957579016685486,0.26177504658699036
1789225104351277000,5.831277099609375,0.44312143325805664,0.26760929822921753,0.16027984023094177
1789225104361316000,5.841316162109375,0.4990818202495575,0.27234163880348206,-0.08911313861608505
1789225104371355100,5.851355224609375,0.551224946975708,0.3702908456325531,-0.3284173309803009
1789225104381393200,5.86139306640625,0.5432042479515076,0.34268292784690857,-0.3757908344268799
1789225104391432000,5.871431884765625,0.38300979137420654,0.24871592223644257,-0.1265634447336197
1789225104401471200,5.88147119140625,0.23271681368350983,0.11031267791986465,0.0632043108344078
1789225104411510300,5.89151025390625,0.16137312352657318,0.07311151176691055,0.028055645525455475
1789225104421549000,5.901549072265625,0.12806206941604614,-0.07861383259296417,-0.09583607316017151
1789225104431587300,5.91158740234375,0.1695125699043274,-0.3207641541957855,-0.10225429385900497
1789225104441626000,5.921626220703125,0.15103699266910553,-0.38233843445777893,-0.04559043049812317
1789225104451665200,5.9316650390625,0.10196931660175323,-0.3140597939491272,0.1989133208990097
1789225104461703200,5.941703125,0.04939553886651993,-0.2837003469467163,0.4558095335960388
1789225104471742200,5.9517421875,0.010519245639443398,-0.007947862148284912,0.3317453861236572
1789225104481781200,5.96178125,0.057921115309000015,0.11904497444629669,0.19036507606506348
1789225104491820000,5.971820068359375,0.16387949883937836,0.0036235731095075607,-0.09007483720779419
1789225104501858300,5.9818583984375,0.21020521223545074,-0.09049680083990097,-0.004956211894750595
1789225104511897000,5.99189697265625,0.22309331595897675,-0.2589963376522064,0.19640326499938965
1789225104521936100,6.00193603515625,0.16930603981018066,-0.25113487243652344,0.33726534247398376
1789225104531975000,6.011974853515625,0.11119053512811661,-0.1011376604437828,0.13434764742851257
1789225104542013200,6.02201318359375,0.11648909747600555,0.04160238429903984,-0.16128043830394745
1789225104552052200,6.03205224609375,0.20300453901290894,0.13541702926158905,-0.31342655420303345
1789225104562091000,6.042091064453125,0.36724594235420227,0.15551164746284485,-0.2422952651977539
1789225104572130300,6.05213037109375,0.46918588876724243,0.2072688490152359,-0.011673502624034882
1789225104582168000,6.06216796875,0.5243607759475708,0.1990753561258316,0.1234920471906662
1789225104592207000,6.07220703125,0.5249607563018799,0.4017815887928009,-0.16082704067230225
1789225104602246100,6.08224609375,0.48752936720848083,0.5124512910842896,-0.45354071259498596
1789225104612285200,6.09228515625,0.46708694100379944,0.4080902338027954,-0.32115229964256287
1789225104622323000,6.102322998046875,0.4913695156574249,0.3270794451236725,-0.04868435487151146
1789225104632362200,6.1123623046875,0.5025345683097839,0.44761890172958374,0.05878404900431633
1789225104642401300,6.1224013671875,0.5696265697479248,0.5265230536460876,0.036835867911577225
1789225104652440000,6.132440185546875,0.6341999173164368,0.5949527025222778,0.010028225369751453
1789225104662478300,6.142478271484375,0.6820302605628967,0.6662383079528809,0.046760376542806625
1789225104672517000,6.15251708984375,0.6554756164550781,0.6706583499908447,0.2298945039510727
1789225104682556200,6.16255615234375,0.6198813319206238,0.5996687412261963,0.4616338610649109
1789225104692595200,6.17259521484375,0.6566334962844849,0.5385550856590271,0.3043358325958252
1789225104702633200,6.18263330078125,0.6545478701591492,0.6908770799636841,-0.11591759324073792
1789225104712672300,6.19267236328125,0.5715712308883667,0.7811510562896729,-0.13651101291179657
1789225104722711000,6.2027109375,0.5772022008895874,0.49593424797058105,0.1446080058813095
1789225104732750000,6.21275,0.5380236506462097,0.508041262626648,0.27379050850868225
1789225104742788000,6.2227880859375,0.5122900605201721,0.787857711315155,0.1398840844631195
1789225104752827100,6.2328271484375,0.5704942345619202,0.5148141980171204,-0.28323838114738464
1789225104762866200,6.2428662109375,0.5948453545570374,0.670418381690979,-0.6702374219894409
1789225104772905200,6.2529052734375,0.5605403780937195,0.49291953444480896,-0.35076966881752014
1789225104782943200,6.262943115234375,0.5222001671791077,0.5384957790374756,0.13836552202701569
1789225104792982000,6.27298193359375,0.4592914581298828,0.7973617315292358,0.45122119784355164
1789225104803021300,6.283021240234375,0.4748428761959076,0.8809086680412292,0.3974831700325012
1789225104813060000,6.29306005859375,0.5647853016853333,0.6884981989860535,0.08473008126020432
1789225104823098000,6.30309814453125,0.5341827869415283,0.6147469282150269,-0.3619699776172638
1789225104833137200,6.31313720703125,0.4301644563674927,0.6854250431060791,-0.5440298318862915
1789225104843176200,6.32317626953125,0.35473892092704773,0.4759948253631592,0.2322750836610794
1789225104853215200,6.33321533203125,0.32739463448524475,0.3516925573348999,0.5349052548408508
1789225104863253000,6.3432529296875,0.24077409505844116,0.8204668164253235,0.4140417277812958
1789225104873292300,6.353292236328125,0.2993609607219696,0.8976313471794128,0.1252024918794632
1789225104883331000,6.3633310546875,0.5163066983222961,0.802545428276062,-0.3668220639228821
1789225104893370000,6.3733701171875,0.5068434476852417,0.7602261900901794,-0.3446637690067291
1789225104903408000,6.383408203125,0.4546109437942505,0.7272211909294128,0.00504112895578146
1789225104913447200,6.393447265625,0.35563430190086365,0.7516658306121826,0.13534186780452728
1789225104923486200,6.403486328125,0.27031949162483215,0.7715154886245728,0.06661640107631683
1789225104933525000,6.41352490234375,0.23635326325893402,0.7351388335227966,-0.024649599567055702
1789225104943563300,6.423563232421875,0.3004981279373169,0.6457937955856323,-0.31300950050354004
1789225104953602000,6.43360205078125,0.3209589421749115,0.6453831195831299,-0.34153062105178833
1789225104963641000,6.44364111328125,0.31166917085647583,0.5897541642189026,0.1704624444246292
1789225104973680400,6.453680419921875,0.29444998502731323,0.5021374821662903,0.26450905203819275
1789225104983718100,6.46371826171875,0.20870688557624817,0.7265332341194153,0.11241179704666138
1789225104993757200,6.473757080078125,0.20071128010749817,0.6727227568626404,-0.24264617264270782
1789225105003796200,6.483796142578125,0.12268394976854324,0.8263244032859802,-0.2246207743883133
1789225105013835300,6.493835205078125,0.09052334725856781,0.510140061378479,0.10642985999584198
1789225105023873000,6.503873046875,0.1335097998380661,0.2230788767337799,0.19911710917949677
1789225105033912000,6.513912109375,0.05160454660654068,0.33363068103790283,0.15921097993850708
1789225105043951000,6.523951171875,-0.04152140021324158,0.3463084101676941,0.08620892465114594
1789225105053989000,6.533989013671875,-0.11602911353111267,0.28971871733665466,0.2568478286266327
1789225105064028200,6.544028076171875,-0.1453227996826172,0.2281930297613144,0.33646902441978455
1789225105074067200,6.554067138671875,-0.12558318674564362,0.24829882383346558,0.11406658589839935
1789225105084106200,6.564106201171875,-0.17476016283035278,0.34795820713043213,-0.1133129671216011
1789225105094144000,6.57414404296875,-0.20485414564609528,0.2175312340259552,-0.20535580813884735
1789225105104183300,6.584183349609375,-0.2869958281517029,-0.07471708208322525,-0.05098751187324524
1789225105114222000,6.59422216796875,-0.36749306321144104,-0.12439009547233582,0.22274468839168549
1789225105124261000,6.60426123046875,-0.4098948538303375,-0.21244139969348907,0.2994864881038666
1789225105134299100,6.614299072265625,-0.4279974102973938,-0.14992129802703857,0.04887130483984947
1789225105144338200,6.624338134765625,-0.39967116713523865,-0.043962571769952774,-0.1519268900156021
1789225105154377200,6.634377197265625,-0.4175969064235687,-0.07129406183958054,0.05362973362207413
1789225105164416000,6.644416015625,-0.4112810790538788,-0.2539452016353607,0.3005293607711792
1789225105174454300,6.654454345703125,-0.44239214062690735,-0.20807519555091858,0.10751248896121979
1789225105184493000,6.6644931640625,-0.5240134000778198,-0.07736046612262726,-0.17294469475746155
1789225105194532000,6.674531982421875,-0.5666926503181458,-0.2674238681793213,-0.14262300729751587
1789225105204571100,6.684571044921875,-0.6042360663414001,-0.46414974331855774,0.062106579542160034
1789225105214609200,6.694609130859375,-0.6264654397964478,-0.541947066783905,0.1318686157464981
1789225105224648200,6.704648193359375,-0.6515113711357117,-0.43918681144714355,0.0937175303697586
1789225105234687000,6.71468701171875,-0.6680735945701599,-0.42953070998191833,0.18854576349258423
1789225105244726000,6.72472607421875,-0.6458212733268738,-0.6667425036430359,0.16649410128593445
1789225105254763800,6.734763671875,-0.6043587923049927,-0.7151744961738586,-0.263324111700058
1789225105264802800,6.744802734375,-0.709827721118927,-0.6899267435073853,-0.4240899980068207
1789225105274841900,6.754841796875,-0.749565839767456,-0.8043763637542725,-0.0823742002248764
1789225105284881000,6.764880859375,-0.7873934507369995,-0.8504149913787842,0.012927393428981304
1789225105294919000,6.7749189453125,-0.8816661834716797,-0.5934990644454956,-0.07082236558198929
1789225105304958000,6.7849580078125,-0.8630179166793823,-0.7282869219779968,-0.2925257384777069
1789225105314997000,6.7949970703125,-0.9227166771888733,-0.7879042029380798,-0.3562767505645752
1789225105325034800,6.80503466796875,-0.8404541611671448,-0.8207515478134155,-0.10174281895160675
1789225105335074000,6.815073974609375,-0.7186973690986633,-0.8032937049865723,0.2726598083972931
1789225105345112800,6.82511279296875,-0.6628180742263794,-0.5567554831504822,0.5276983976364136
1789225105355152000,6.83515185546875,-0.5567837953567505,-0.6748911738395691,0.2970167398452759
1789225105365190000,6.84518994140625,-0.6023193001747131,-0.7969241738319397,0.014550133608281612
1789225105375229000,6.85522900390625,-0.7175108790397644,-0.8105164170265198,-0.17839215695858002
1789225105385268000,6.86526806640625,-0.7762659192085266,-0.967744767665863,0.2351001650094986
1789225105395306800,6.875306640625,-0.7295647263526917,-1.0863592624664307,0.4461037516593933
1789225105405345000,6.885344970703125,-0.6453266143798828,-0.8247107267379761,0.02282380685210228
1789225105415383800,6.8953837890625,-0.5794671773910522,-0.3738223910331726,-0.3663303554058075
1789225105425422800,6.9054228515625,-0.38137269020080566,-0.402911514043808,-0.3578353822231293
1789225105435462000,6.9154619140625,-0.2834882140159607,-0.3859351873397827,-0.06201649457216263
1789225105445500000,6.9255,-0.1921103596687317,-0.43242812156677246,-0.12158781290054321
1789225105455539000,6.9355390625,-0.09300187975168228,-0.1992577165365219,-0.5526955127716064
1789225105465577700,6.94557763671875,-0.09884566068649292,-0.07023715227842331,-0.5787728428840637
1789225105475617000,6.955616943359375,-0.17773568630218506,-0.2313155233860016,0.08895064890384674
1789225105485654800,6.96565478515625,-0.21232233941555023,-0.535741925239563,0.43744051456451416
1789225105495693800,6.97569384765625,-0.2404056340456009,-0.3606971204280853,0.25378331542015076
1789225105505733000,6.985733154296875,-0.2041671872138977,-0.16976815462112427,0.012680035084486008
1789225105515772000,6.99577197265625,-0.046389274299144745,-0.04986519739031792,0.05735722556710243
1789225105525810000,7.005809814453125,0.05487896502017975,0.043455105274915695,0.643006443977356
1789225105535849000,7.015848876953125,0.1478685587644577,-0.08873595297336578,0.712192714214325
1789225105545888000,7.025887939453125,0.20009037852287292,0.15188133716583252,0.22935687005519867
1789225105555925800,7.03592578125,0.058075714856386185,0.23080198466777802,-0.1913975477218628
1789225105565965000,7.045965087890625,-0.05518080294132233,-0.04547460749745369,-0.05057251825928688
1789225105576003800,7.05600390625,-0.09958475828170776,-0.2982887625694275,0.30896541476249695
1789225105586043000,7.06604296875,-0.03752635419368744,-0.31973111629486084,0.12383779138326645
1789225105596081000,7.076080810546875,0.010584183968603611,-0.1838153600692749,-0.24934139847755432
1789225105606120000,7.086119873046875,0.08851143717765808,-0.06443120539188385,-0.5054412484169006
1789225105616159000,7.096158935546875,0.06243402883410454,-0.07187553495168686,-0.4069788157939911
1789225105626197800,7.10619775390625,0.014775283634662628,-0.1586742252111435,-0.21203696727752686
1789225105636236000,7.116236083984375,-0.040614739060401917,-0.08089128881692886,-0.12351775169372559
1789225105646274800,7.12627490234375,-0.07623530924320221,-0.04853387922048569,-0.07896559685468674
1789225105656313900,7.13631396484375,-0.06739921122789383,-0.08413554728031158,0.0533255971968174
1789225105666353000,7.146352783203125,-0.0702507272362709,-0.21020939946174622,0.21545761823654175
1789225105676391000,7.156390869140625,-0.06040528789162636,-0.3100054860115051,0.24858707189559937
1789225105686430000,7.166429931640625,-0.09788211435079575,-0.24585077166557312,0.3048716187477112
1789225105696468700,7.17646875,-0.1011575385928154,-0.2430853396654129,0.49344074726104736
1789225105706508000,7.186508056640625,-0.08762609958648682,-0.2663140594959259,0.471547931432724
1789225105716545800,7.1965458984375,-0.029939094558358192,-0.022059831768274307,0.137767031788826
1789225105726584800,7.206584716796875,0.07459250092506409,0.09819719195365906,-0.17695491015911102
1789225105736624000,7.2166240234375,0.06858175247907639,0.1045573502779007,-0.03287975862622261
1789225105746662000,7.226661865234375,0.09788407385349274,-0.13058476150035858,0.2615439295768738
1789225105756701000,7.236700927734375,0.09747368097305298,-0.15178006887435913,0.16725605726242065
1789225105766740000,7.246739990234375,0.1351110190153122,-0.14262868463993073,-0.35882773995399475
1789225105776779000,7.256779052734375,0.14540067315101624,0.053041476756334305,-0.6983740925788879
1789225105786816800,7.266816650390625,0.10290271788835526,0.09483391046524048,-0.10740348696708679
1789225105796855800,7.276855712890625,0.10963065922260284,0.04706453159451485,0.3753514587879181
1789225105806894800,7.286894775390625,0.08726610988378525,0.250580757856369,0.3147641718387604
1789225105816934000,7.296933837890625,0.1695106327533722,0.33863580226898193,-0.002462246920913458
1789225105826972000,7.306971923828125,0.32404962182044983,0.338405966758728,-0.36243826150894165
1789225105837011000,7.317010986328125,0.3858775496482849,0.6128353476524353,-0.42015695571899414
1789225105847050000,7.327050048828125,0.36698877811431885,0.10112037509679794,0.3019835352897644
1789225105857088800,7.3370888671875,0.38163721561431885,-0.08638133853673935,0.7145596146583557
1789225105867127000,7.347126953125,0.36073341965675354,0.31554335355758667,0.28993624448776245
1789225105877165800,7.357165771484375,0.3267006278038025,0.5099902749061584,-0.3040027320384979
1789225105887204900,7.367204833984375,0.32693102955818176,0.7797744870185852,-0.11498365551233292
1789225105897243000,7.377242919921875,0.3341705799102783,0.5359578132629395,0.6082115769386292
1789225105907282000,7.387281982421875,0.4183996021747589,0.30465734004974365,0.4619195759296417
1789225105917321000,7.397321044921875,0.44009852409362793,0.3851303458213806,0.05161219835281372
1789225105927359700,7.40735986328125,0.3505201041698456,0.30654388666152954,-0.41966813802719116
1789225105937398000,7.41739794921875,0.2319798767566681,0.2381211519241333,-0.1867493987083435
1789225105947436800,7.427436767578125,0.1667492538690567,0.08121468871831894,0.3496525287628174
1789225105957475800,7.437475830078125,0.08638251572847366,0.01540131401270628,0.2908400893211365
1789225105967515000,7.447514892578125,0.15512758493423462,0.21222180128097534,-0.16254784166812897
1789225105977553000,7.457552978515625,0.23967815935611725,0.3222535252571106,-0.7101073265075684
1789225105987592000,7.467592041015625,0.20303168892860413,0.33801165223121643,-0.5284086465835571
1789225105997630700,7.477630615234375,0.1392420530319214,0.20545333623886108,0.11157796531915665
1789225106007670000,7.487669921875,0.1189383864402771,0.004076812416315079,0.09188082069158554
1789225106017707800,7.497707763671875,0.031541161239147186,0.16290266811847687,-0.11005017161369324
1789225106027746800,7.507746826171875,0.045527663081884384,0.05850181356072426,-0.1459033191204071
1789225106037786000,7.5177861328125,0.0287121944129467,-0.0405278317630291,-0.03709535300731659
1789225106047825000,7.527824951171875,-0.023278914391994476,-0.035784561187028885,0.23361770808696747
1789225106057863000,7.53786279296875,-0.08799026161432266,0.0030901331920176744,0.6939967274665833
1789225106067902000,7.54790185546875,-0.11962874978780746,-0.157976895570755,0.8264480829238892
1789225106077941000,7.55794091796875,-0.08417408168315887,0.059643570333719254,0.6398670077323914
1789225106087978800,7.567978759765625,-0.03957032784819603,-0.037982791662216187,0.2419806718826294
1789225106098018000,7.57801806640625,-0.07126754522323608,-0.1144687756896019,-0.47019386291503906
1789225106108056800,7.588056884765625,-0.06489643454551697,0.1475495547056198,-0.43855416774749756
1789225106118096000,7.598095947265625,-0.03138907626271248,-0.24625633656978607,0.20950478315353394
1789225106128134000,7.6081337890625,-0.011594118550419807,-0.3260204792022705,0.24551443755626678
1789225106138173000,7.6181728515625,-0.07652810961008072,0.01795235648751259,-0.07802794873714447
1789225106148212000,7.6282119140625,-0.050830867141485214,0.19312988221645355,-0.5898171663284302
1789225106158250800,7.638250732421875,0.009325411170721054,0.20276014506816864,-0.8524317145347595
1789225106168289000,7.6482890625,-0.07218495011329651,0.11734186857938766,-0.46478816866874695
1789225106178327800,7.658327880859375,-0.01616508699953556,-0.13147620856761932,0.005556181073188782
1789225106188366800,7.668366943359375,0.05052189528942108,-0.1411612331867218,-0.012907592579722404
1789225106198404900,7.67840478515625,0.04453777149319649,-0.0015990680549293756,-0.24954329431056976
1789225106208444000,7.68844384765625,0.0491563156247139,0.05044771358370781,-0.10167122632265091
1789225106218483000,7.69848291015625,0.011225443333387375,-0.07307395339012146,0.27635011076927185
1789225106228521700,7.708521728515625,-0.025797154754400253,0.010543035343289375,0.5207287073135376
1789225106238560500,7.718560546875,-0.06403002887964249,0.03348962962627411,0.5268515944480896
1789225106248599300,7.728599365234375,0.02823352999985218,0.1581534743309021,0.22491183876991272
1789225106258638300,7.738638427734375,-0.0012042541056871414,0.19556182622909546,0.23350851237773895
1789225106268677400,7.748677490234375,0.0019095584284514189,-0.06189762055873871,0.5115158557891846
1789225106278715400,7.75871533203125,0.015160116367042065,-0.3104134202003479,0.38505667448043823
1789225106288754400,7.76875439453125,-0.013901732861995697,-0.21100279688835144,-0.06755959987640381
1789225106298793200,7.778793212890625,-0.06423307955265045,-0.12451663613319397,-0.4465433955192566
1789225106308832500,7.78883251953125,-0.08630844205617905,-0.15976957976818085,-0.4282480776309967
1789225106318870300,7.798870361328125,-0.09404759109020233,-0.192352294921875,-0.12063515186309814
1789225106328909300,7.808909423828125,-0.055550478398799896,-0.23312976956367493,-0.21865515410900116
1789225106338948600,7.818948486328125,0.04864196851849556,-0.07949386537075043,-0.6372420191764832
1789225106348986400,7.828986328125,0.0030009292531758547,0.06285043805837631,-0.653377115726471
1789225106359025400,7.839025390625,-0.022276729345321655,-0.22593314945697784,-0.07158105075359344
1789225106369064400,7.849064453125,-0.039285238832235336,-0.5379173755645752,0.15358684957027435
1789225106379103500,7.859103515625,-0.0681869238615036,-0.3175857961177826,-0.017495950683951378
1789225106389141200,7.869141357421875,-0.14153309166431427,-0.2706790566444397,-0.10707739740610123
1789225106399180300,7.87918017578125,-0.14446337521076202,-0.3040841519832611,0.15351371467113495
1789225106409219600,7.889219482421875,-0.1264144331216812,-0.27439749240875244,0.5842316150665283
1789225106419258400,7.89925830078125,-0.11914932727813721,-0.2376471757888794,0.6799278259277344
1789225106429296400,7.90929638671875,0.010541973635554314,-0.0861605629324913,0.2927393913269043
1789225106439335400,7.91933544921875,-0.03159509226679802,0.05873936042189598,0.0019206248689442873
1789225106449374500,7.92937451171875,-0.09340399503707886,-0.1138080433011055,0.17262236773967743
1789225106459412200,7.939412109375,-0.08321180939674377,-0.4739598333835602,0.39569219946861267
1789225106469451500,7.949451416015625,-0.03577442094683647,-0.47046512365341187,-0.04540977254509926
1789225106479490300,7.959490234375,-0.008582215756177902,-0.26632264256477356,-0.4946235120296478
1789225106489529300,7.969529296875,0.01442865002900362,-0.17796766757965088,-0.522742748260498
1789225106499567600,7.979567626953125,0.03671371564269066,-0.2620769441127777,-0.2617204487323761
1789225106509606400,7.9896064453125,0.03164650499820709,-0.2097964584827423,-0.12693163752555847
1789225106519645400,7.9996455078125,0.02326207421720028,-0.1199834793806076,-0.29218584299087524
1789225106529684200,8.009684326171875,0.06531672179698944,0.09539396315813065,-0.6496514678001404
1789225106539722500,8.019722412109376,0.09071794897317886,0.17433618009090424,-0.47588077187538147
1789225106549761300,8.02976123046875,0.11772430688142776,-0.10011903941631317,0.11166360229253769
1789225106559800300,8.03980029296875,0.1385004222393036,-0.16439896821975708,0.4387490749359131
1789225106569838300,8.04983837890625,0.16512538492679596,-0.08128489553928375,0.33133819699287415
1789225106579877400,8.05987744140625,0.19771528244018555,0.1349496692419052,0.15964125096797943
1789225106589916400,8.06991650390625,0.2032817155122757,0.17079146206378937,0.2964280843734741
1789225106599955200,8.079955078125,0.20686420798301697,0.12509267032146454,0.5650898814201355
1789225106609993500,8.089993408203124,0.20251613855361938,0.11377564817667007,0.691611111164093
1789225106620032300,8.1000322265625,0.23346953094005585,0.13020601868629456,0.32051798701286316
1789225106630071300,8.1100712890625,0.2919374704360962,0.3054128587245941,-0.2549200654029846
1789225106640110600,8.120110595703125,0.2927233874797821,0.5085515379905701,-0.4053550958633423
1789225106650148400,8.1301484375,0.3269011974334717,0.25736793875694275,-0.15002861618995667
1789225106660187400,8.1401875,0.3876385986804962,0.13015247881412506,-0.05775248259305954
1789225106670226400,8.150226318359374,0.3875509202480316,0.34451907873153687,-0.36181676387786865
1789225106680264400,8.160264404296875,0.4024946987628937,0.5570446252822876,-0.6834722757339478
1789225106690303200,8.17030322265625,0.41157397627830505,0.4414730668067932,-0.5896269083023071
1789225106700342500,8.180342529296874,0.4259055256843567,0.31394439935684204,-0.2978554964065552
1789225106710381600,8.190381591796875,0.3827403485774994,0.3984450697898865,0.06947612762451172
1789225106720419300,8.20041943359375,0.3545004725456238,0.5208556652069092,0.16705328226089478
1789225106730458600,8.210458740234374,0.3572293817996979,0.5296861529350281,0.05454014986753464
1789225106740497400,8.220497314453125,0.3561769127845764,0.4604143798351288,-0.19415248930454254
1789225106750535400,8.230535400390625,0.3310256004333496,0.45009157061576843,0.05828807130455971
1789225106760574500,8.240574462890624,0.330096960067749,0.23266682028770447,0.4235400855541229
1789225106770613500,8.250613525390625,0.3378605842590332,0.214342400431633,0.47312936186790466
1789225106780652300,8.26065234375,0.30332204699516296,0.3837021291255951,0.2974419593811035
1789225106790690300,8.270690185546876,0.25243738293647766,0.5407571196556091,0.2180389165878296
1789225106800729600,8.2807294921875,0.22823326289653778,0.5379136800765991,0.32253390550613403
1789225106810768400,8.290768310546875,0.21318836510181427,0.6203545928001404,0.280453085899353
1789225106820807400,8.300807373046876,0.316333144903183,0.5007703900337219,-0.01989157311618328
1789225106830845400,8.310845458984375,0.35792091488838196,0.31331777572631836,-0.40619754791259766
1789225106840884500,8.320884521484375,0.24451926350593567,0.4353965222835541,-0.604321300983429
1789225106850923300,8.33092333984375,0.2126690149307251,0.14520211517810822,-0.16280148923397064
1789225106860961500,8.34096142578125,0.15831390023231506,0.03338370844721794,0.0055843256413936615
1789225106871000300,8.351000244140625,0.03212505951523781,0.21978232264518738,-0.19056174159049988
1789225106881039400,8.361039306640626,0.01398733351379633,0.25818032026290894,-0.43364471197128296
1789225106891078400,8.371078369140625,0.03805441036820412,0.32318657636642456,-0.44044262170791626
1789225106901116400,8.381116455078125,0.07448272407054901,0.29226356744766235,-0.24223420023918152
1789225106911155500,8.391155517578126,0.1471465677022934,0.28908589482307434,-0.3038405776023865
1789225106921194200,8.4011943359375,0.1495375633239746,0.48186227679252625,-0.24905377626419067
1789225106931233300,8.4112333984375,0.0760979875922203,0.43687087297439575,0.30301037430763245
1789225106941271300,8.421271240234375,0.07857313007116318,0.1315053403377533,0.6374999284744263
1789225106951310300,8.431310302734374,0.07051941752433777,0.21523775160312653,0.4465652406215668
1789225106961349400,8.441349365234375,0.11609835922718048,0.2540282905101776,-0.04137913137674332
1789225106971387400,8.451387451171875,0.10105837881565094,0.2612887918949127,0.21630191802978516
1789225106981426400,8.461426513671874,0.03285002335906029,0.335461288690567,0.8553152084350586
1789225106991465200,8.47146533203125,-0.017507629469037056,0.19021230936050415,0.5316421985626221
1789225107001504500,8.48150439453125,0.01646578311920166,0.2280787229537964,0.021949905902147293
1789225107011542300,8.491542236328126,-0.06821287423372269,0.3256596326828003,-0.5491586327552795
1789225107021581300,8.501581298828125,-0.08884385228157043,0.5059207081794739,-0.8904176950454712
1789225107031620600,8.51162060546875,-0.04136465862393379,0.13238133490085602,-0.22031646966934204
1789225107041659400,8.521659423828124,0.05697070062160492,-0.16060073673725128,0.2733563780784607
1789225107051697400,8.531697509765625,0.15443280339241028,-0.06181451305747032,-0.24094158411026
1789225107061736400,8.541736328125,0.02940191701054573,0.27137598395347595,-0.4873616099357605
1789225107071775500,8.551775390625,-0.1655019372701645,0.4101880192756653,-0.09093806147575378
1789225107081813200,8.561813232421875,-0.2770567238330841,0.28406739234924316,0.24934682250022888
1789225107091852500,8.5718525390625,-0.22061382234096527,0.2281208485364914,0.2570742964744568
1789225107101891300,8.581891357421876,-0.19894367456436157,-0.06773849576711655,-0.020030273124575615
1789225107111930400,8.591930419921875,-0.13912366330623627,-0.19908258318901062,-0.3079427182674408
1789225107121968400,8.601968505859375,-0.17235325276851654,-0.36971771717071533,0.14147372543811798
1789225107132007400,8.61200732421875,-0.22304613888263702,-0.4063893258571625,0.6264280676841736
1789225107142046500,8.62204638671875,-0.3406934142112732,-0.18614855408668518,0.4916976988315582
1789225107152084200,8.632084228515625,-0.49775516986846924,0.1419936567544937,-0.07830852270126343
1789225107162123500,8.64212353515625,-0.4395991861820221,0.156993106007576,-0.4491065442562103
1789225107172162300,8.652162353515624,-0.4143088757991791,0.0958140641450882,-0.14039231836795807
1789225107182201300,8.662201416015625,-0.3045024871826172,-0.12555667757987976,0.3577708601951599
1789225107192239400,8.6722392578125,-0.1931748390197754,-0.1747121959924698,0.5451699495315552
1789225107202278400,8.6822783203125,-0.1556682139635086,-0.22067436575889587,0.19655737280845642
1789225107212317400,8.6923173828125,-0.24015575647354126,-0.4332016408443451,-0.36768677830696106
1789225107222356200,8.702356201171876,-0.43407490849494934,-0.34715303778648376,-0.5908623337745667
1789225107232394500,8.71239453125,-0.542202889919281,-0.5254846215248108,-0.006045404821634293
1789225107242433000,8.72243310546875,-0.6064833402633667,-0.5572465658187866,0.15874381363391876
1789225107252472000,8.73247216796875,-0.5902001857757568,-0.11097098141908646,-0.20125828683376312
1789225107262510000,8.742510009765626,-0.4324182868003845,0.0567714124917984,-0.5134787559509277
1789225107272549000,8.752549072265625,-0.3900659680366516,-0.06874969601631165,-0.29652297496795654
1789225107282588200,8.762588134765625,-0.3555780351161957,-0.36355072259902954,0.15707406401634216
1789225107292627200,8.772627197265624,-0.35282671451568604,-0.5129290223121643,0.3367628753185272
1789225107302665200,8.782665283203125,-0.46463659405708313,-0.41515928506851196,0.19419759511947632
1789225107312704000,8.7927041015625,-0.5294130444526672,-0.4468637704849243,0.06610095500946045
1789225107322743300,8.802743408203124,-0.6442349553108215,-0.6257632374763489,0.21416711807250977
1789225107332781000,8.812781005859375,-0.6782819032669067,-0.5985036492347717,0.18570804595947266
1789225107342820000,8.822820068359375,-0.6402407288551331,-0.4395129382610321,0.11978522688150406
1789225107352859100,8.832859130859376,-0.5704520344734192,-0.47527384757995605,0.2491348534822464
1789225107362898200,8.842898193359375,-0.41890886425971985,-0.5588443279266357,0.21408845484256744
1789225107372936200,8.852936279296875,-0.3858034014701843,-0.3913983702659607,0.009126923978328705
1789225107382975000,8.86297509765625,-0.39830482006073,-0.46186748147010803,-0.05005224421620369
1789225107393014300,8.87301416015625,-0.463437020778656,-0.6439952850341797,-0.00013494049198925495
1789225107403052000,8.883052001953125,-0.5672838091850281,-0.6073635220527649,0.04948321357369423
1789225107413091000,8.893091064453126,-0.6222701668739319,-0.6314916610717773,-0.2752663195133209
1789225107423130000,8.903130126953124,-0.5725796222686768,-0.6709669232368469,-0.6723726391792297
1789225107433169200,8.913169189453125,-0.5028640031814575,-0.5402097702026367,-0.5594467520713806
1789225107443207200,8.923207275390626,-0.41927647590637207,-0.6713859438896179,0.0772024467587471
1789225107453246200,8.93324609375,-0.34858885407447815,-0.8147943615913391,0.2666051983833313
1789225107463285200,8.94328515625,-0.3487190902233124,-0.5540237426757812,-0.05909248813986778
1789225107473323000,8.953322998046875,-0.4074842631816864,-0.23245063424110413,-0.18043148517608643
1789225107483362300,8.9633623046875,-0.37783369421958923,-0.39427629113197327,0.06366454064846039
1789225107493401000,8.973401123046875,-0.33808115124702454,-0.49259477853775024,0.38226211071014404
1789225107503440100,8.983440185546876,-0.318432092666626,-0.5005326271057129,0.3726097643375397
1789225107513478100,8.99347802734375,-0.25276312232017517,-0.35883253812789917,0.1839938908815384
1789225107523517200,9.00351708984375,-0.15665790438652039,-0.37136536836624146,0.13437093794345856
1789225107533556200,9.01355615234375,-0.09909360110759735,-0.4008270800113678,0.0997818261384964
1789225107543595000,9.023594970703124,-0.11983483284711838,-0.25006338953971863,0.27491796016693115
1789225107553633300,9.03363330078125,-0.11108364909887314,-0.3497491776943207,0.397537499666214
1789225107563672000,9.043672119140625,-0.02781219221651554,-0.2773149311542511,0.03870371729135513
1789225107573711000,9.053711181640624,0.001992369070649147,-0.040805935859680176,-0.31276679039001465
1789225107583749000,9.0637490234375,0.002635522745549679,-0.003507035318762064,-0.29126283526420593
1789225107593788200,9.0737880859375,0.02286498248577118,-0.17564409971237183,-0.028920916840434074
1789225107603827200,9.0838271484375,0.07905368506908417,-0.25435006618499756,-0.23871435225009918
1789225107613866000,9.093865966796875,0.09452333301305771,-0.2454131841659546,-0.4000822901725769
1789225107623904300,9.103904296875,0.11944199353456497,-0.28167104721069336,-0.30774837732315063
1789225107633943000,9.113943115234376,0.10164802521467209,-0.3224864602088928,-0.06171892583370209
1789225107643982000,9.123982177734375,0.047629524022340775,-0.13313862681388855,-0.013152451254427433
1789225107654020000,9.13402001953125,-0.01624726690351963,0.1527758687734604,0.05728507414460182
1789225107664059100,9.14405908203125,0.03322041779756546,0.17947059869766235,0.3345550298690796
1789225107674098200,9.15409814453125,0.06494327634572983,0.1689881980419159,0.22876709699630737
1789225107684137200,9.16413720703125,0.16549012064933777,0.3657369613647461,0.09989673644304276
1789225107694175200,9.17417529296875,0.34523633122444153,0.2243211269378662,0.3134171962738037
1789225107704214000,9.184214111328124,0.37684643268585205,-0.06455010175704956,0.43699347972869873
1789225107714253300,9.19425341796875,0.30277153849601746,-0.0783022865653038,0.21978971362113953
1789225107724291000,9.204291015625,0.22144952416419983,0.08789494633674622,0.004604707472026348
1789225107734330000,9.214330078125,0.23400884866714478,0.0786999762058258,-0.0571809820830822
1789225107744369200,9.224369140625,0.2993636429309845,0.1798926293849945,-0.021699951961636543
1789225107754408200,9.234408203125,0.3873327076435089,0.3092626929283142,-0.09175007790327072
1789225107764446200,9.2444462890625,0.5433182716369629,0.46189191937446594,-0.4069700837135315
1789225107774485000,9.254485107421875,0.6152313947677612,0.5880448222160339,-0.5463611483573914
1789225107784524300,9.264524169921875,0.6080315113067627,0.4239690601825714,-0.3199426531791687
1789225107794562000,9.27456201171875,0.5318771004676819,0.3969598114490509,-0.2636122703552246
1789225107804601000,9.28460107421875,0.4161243438720703,0.45703238248825073,-0.152276873588562
1789225107814640000,9.29464013671875,0.4356023967266083,0.31742411851882935,-0.19992974400520325
1789225107824679200,9.30467919921875,0.4617341458797455,0.4234807789325714,-0.22436770796775818
1789225107834717000,9.314717041015625,0.4929167628288269,0.4851427674293518,0.11260084807872772
1789225107844756200,9.324756103515625,0.5342245101928711,0.5353747606277466,0.5691737532615662
1789225107854795300,9.334795166015626,0.5362066626548767,0.6269810795783997,0.5832419395446777
1789225107864833000,9.3448330078125,0.5845414400100708,0.7878484725952148,0.23915834724903107
1789225107874872300,9.354872314453125,0.5650385022163391,0.9146638512611389,0.027512632310390472
1789225107884911000,9.3649111328125,0.5066529512405396,0.7768399119377136,0.3104252815246582
1789225107894950100,9.3749501953125,0.4888702929019928,0.44755351543426514,0.4245913326740265
1789225107904988200,9.38498828125,0.5434584617614746,0.46479320526123047,-0.09684894979000092
1789225107915027200,9.395027099609376,0.4226629436016083,0.5487498044967651,-0.619124710559845
1789225107925066200,9.405066162109375,0.3717118799686432,0.46236881613731384,-0.4209655523300171
1789225107935104300,9.415104248046875,0.3355743885040283,0.5154573321342468,0.021279241889715195
1789225107945143300,9.425143310546876,0.3359898328781128,0.504532516002655,-0.04444437846541405
1789225107955182000,9.43518212890625,0.4954197108745575,0.4849085211753845,-0.5421054363250732
1789225107965221000,9.44522119140625,0.5965157747268677,0.6080456376075745,-1.2043819427490234
1789225107975259100,9.455259033203125,0.36101821064949036,0.5958406329154968,-0.37702593207359314
1789225107985298200,9.465298095703124,0.19842399656772614,0.3565329313278198,0.4522155821323395
1789225107995337200,9.475337158203125,0.14247818291187286,0.20536264777183533,0.3174966275691986
1789225108005375200,9.485375244140625,-0.027289800345897675,0.2989155054092407,0.10846619307994843
1789225108015414300,9.495414306640624,0.04994254186749458,0.27110475301742554,-0.048599500209093094
1789225108025453000,9.505453125,0.02405261993408203,0.06424559652805328,0.42860567569732666
1789225108035492000,9.5154921875,-0.0176948681473732,-0.07697334885597229,0.8384070992469788
1789225108045530000,9.525530029296876,-0.04199008643627167,0.0639755129814148,0.45086395740509033
1789225108055569200,9.535569091796875,-0.11866945773363113,0.12752409279346466,-0.2280789166688919
1789225108065608200,9.545608154296875,-0.2012982815504074,0.16298940777778625,-0.2574458420276642
1789225108075646200,9.555646240234376,-0.19000115990638733,0.004326269030570984,0.28899118304252625
1789225108085685200,9.565685302734375,-0.10485723614692688,-0.32854142785072327,0.1740528643131256
1789225108095724000,9.57572412109375,-0.09477393329143524,-0.11150921881198883,-0.3053218722343445
1789225108105763000,9.58576318359375,-0.15156903862953186,0.07385611534118652,-0.4680226445198059
1789225108115801000,9.595801025390625,-0.24473613500595093,-0.1554962545633316,-0.09647814929485321
1789225108125840100,9.605840087890625,-0.2853986322879791,-0.3745284676551819,-0.020297367125749588
1789225108135879000,9.61587890625,-0.36114200949668884,-0.10093995928764343,-0.18133492767810822
1789225108145917200,9.625917236328124,-0.33934855461120605,-0.16273461282253265,-0.3016379177570343
1789225108155956000,9.6359560546875,-0.3226071298122406,-0.26783546805381775,-0.080668143928051
1789225108165995000,9.6459951171875,-0.27732565999031067,-0.36050790548324585,0.45431697368621826
1789225108176034300,9.656034423828125,-0.22270634770393372,-0.5001112818717957,0.4863339066505432
1789225108186072000,9.666072021484375,-0.2696613669395447,-0.24725188314914703,0.2604736387729645
1789225108196111000,9.676111083984376,-0.3508594334125519,-0.11240527033805847,0.3304654061794281
1789225108206150100,9.686150146484374,-0.4636403024196625,-0.3310297727584839,0.7012285590171814
1789225108216188200,9.696188232421875,-0.36805015802383423,-0.386040598154068,0.300180584192276
1789225108226227000,9.70622705078125,-0.2231086790561676,-0.5143594145774841,-0.46891263127326965
1789225108236266200,9.716266357421874,-0.2816937267780304,-0.48606789112091064,-0.5017967224121094
1789225108246305800,9.726305908203125,-0.24053296446800232,-0.4969181418418884,0.16048221290111542
1789225108256343600,9.736343505859375,-0.24399641156196594,-0.543441116809845,0.19587469100952148
1789225108266382600,9.746382568359374,-0.3286058306694031,-0.15515093505382538,-0.08242138475179672
1789225108276421600,9.756421630859375,-0.24032142758369446,-0.14789587259292603,-0.523247241973877
1789225108286459600,9.766459716796875,-0.24856869876384735,-0.24910052120685577,-0.5011496543884277
1789225108296498400,9.77649853515625,-0.2778967022895813,-0.5000967383384705,-0.2954387664794922
1789225108306537700,9.786537841796875,-0.30100467801094055,-0.5499380826950073,-0.15962472558021545
1789225108316576800,9.79657666015625,-0.338112473487854,-0.5136493444442749,0.0029010020662099123
1789225108326614500,9.806614501953124,-0.31871744990348816,-0.6081241965293884,0.20354196429252625
1789225108336653800,9.81665380859375,-0.3161279559135437,-0.7367236614227295,0.12179571390151978
1789225108346692600,9.826692626953125,-0.3176422417163849,-0.51239013671875,-0.1852063089609146
1789225108356730600,9.836730712890626,-0.3264206349849701,-0.49660059809684753,0.10120625793933868
1789225108366769700,9.846769775390625,-0.29899778962135315,-0.4975321888923645,0.4713672697544098
1789225108376808700,9.85680859375,-0.24263149499893188,-0.39956143498420715,0.5261544585227966
1789225108386847700,9.86684765625,-0.18077398836612701,-0.13714206218719482,0.35597312450408936
1789225108396885800,9.8768857421875,-0.09639544039964676,-0.18740974366664886,0.11510703712701797
1789225108406924800,9.8869248046875,-0.08330999314785004,-0.4020980894565582,-0.2737310230731964
1789225108416963600,9.896963623046876,-0.12997932732105255,-0.6098713278770447,-0.18312405049800873
1789225108427001600,9.907001708984374,-0.12517951428890228,-0.48245933651924133,0.3230626881122589
1789225108437040600,9.91704052734375,-0.08472850173711777,-0.4132552444934845,0.20858243107795715
1789225108447079700,9.92707958984375,-0.0388406440615654,-0.1416783183813095,-0.17383205890655518
1789225108457117400,9.937117431640624,0.058172937482595444,-0.08216577768325806,-0.36632612347602844
1789225108467156700,9.94715673828125,0.05393744632601738,-0.261197566986084,-0.4879694879055023
1789225108477195800,9.95719580078125,-0.008632244542241096,-0.24995775520801544,-0.3577539920806885
1789225108487234600,9.967234619140624,-0.010309768840670586,-0.2266356647014618,-0.04256219416856766
1789225108497272800,9.97727294921875,-0.0392427034676075,-0.25488096475601196,0.13850313425064087
1789225108507311600,9.9873115234375,0.011371205560863018,-0.2616502046585083,-0.21894288063049316
1789225108517350700,9.9973505859375,0.22634103894233704,-0.12381214648485184,-0.371867299079895
1789225108527388700,10.007388671875,0.254697322845459,-0.12019877135753632,0.2047605812549591
1789225108537427700,10.017427734375,0.1669072061777115,0.028256673365831375,0.6158631443977356
1789225108547466800,10.027466796875,0.11474094539880753,0.2061251997947693,0.7679432034492493
1789225108557505500,10.037505615234375,0.1488054096698761,0.3851982653141022,0.5721395015716553
1789225108567543800,10.047543701171875,0.31749749183654785,0.13211114704608917,0.1507461965084076
1789225108577582600,10.05758251953125,0.4753858745098114,0.2116333544254303,-0.23526063561439514
1789225108587621600,10.06762158203125,0.37715333700180054,0.39389076828956604,-0.12930172681808472
1789225108597659600,10.07765966796875,0.31139764189720154,0.291742205619812,0.6024160981178284
1789225108607698700,10.08769873046875,0.3004416823387146,0.20343314111232758,0.7321306467056274
1789225108617737500,10.097737548828125,0.42062893509864807,0.3314013183116913,0.4422544538974762
1789225108627775700,10.107775634765625,0.49230578541755676,0.08343254029750824,-0.2535530924797058
1789225108637814800,10.117814697265626,0.5600060224533081,0.14983181655406952,-1.1677238941192627
1789225108647853600,10.127853515625,0.5409439206123352,0.7458446025848389,-1.2215391397476196
1789225108657892600,10.137892578125,0.5423821210861206,0.3874548673629761,-0.38270676136016846
1789225108667930600,10.1479306640625,0.5319276452064514,0.09741826355457306,-0.24637126922607422
1789225108677969700,10.1579697265625,0.47823986411094666,0.5709866285324097,-0.5993850231170654
1789225108688008400,10.168008544921875,0.33671069145202637,0.535103976726532,-0.9083231687545776
1789225108698046700,10.178046630859376,0.23654930293560028,0.24703845381736755,-0.2599135637283325
1789225108708085500,10.18808544921875,0.1314801424741745,0.22762614488601685,0.46890735626220703
1789225108718124500,10.19812451171875,0.11654119193553925,0.23349179327487946,0.6225085258483887
1789225108728163800,10.208163818359376,0.1787520945072174,0.45213067531585693,0.6240081787109375
1789225108738201600,10.21820166015625,0.4097144305706024,0.44102418422698975,0.41578394174575806
1789225108748240600,10.22824072265625,0.4616210460662842,0.4603182375431061,0.2875940203666687
1789225108758279700,10.23827978515625,0.3227114677429199,0.5763924717903137,0.5489227771759033
1789225108768317700,10.248317626953124,0.25512629747390747,0.38572028279304504,0.5927011370658875
1789225108778356500,10.2583564453125,0.2760843336582184,0.34690794348716736,0.260249525308609
1789225108788395500,10.2683955078125,0.2222115397453308,0.3248993158340454,-0.19848313927650452
1789225108798433500,10.27843359375,0.03513633832335472,0.359819620847702,-0.3584720492362976
1789225108808472600,10.28847265625,0.10187621414661407,0.13542380928993225,-0.3084200620651245
1789225108818511600,10.29851171875,0.15994799137115479,0.028763094916939735,-0.2755281925201416
1789225108828550700,10.308550537109374,0.11365612596273422,0.24799637496471405,-0.31817686557769775
1789225108838588700,10.318588623046875,0.08597104996442795,0.15881812572479248,-0.4169698655605316
1789225108848627500,10.32862744140625,0.009729006327688694,0.07125071436166763,-0.5146951079368591
1789225108858666800,10.338666748046874,-0.059975575655698776,0.07795195281505585,-0.39061951637268066
1789225108868704500,10.34870458984375,-0.12196969985961914,0.12367629259824753,-0.02514379471540451
1789225108878743600,10.35874365234375,-0.13330021500587463,0.015187802724540234,0.23327146470546722
1789225108888782800,10.368782958984376,-0.144498810172081,0.03726114705204964,0.12835143506526947
1789225108898821600,10.378821533203125,-0.13143958151340485,0.27239394187927246,0.08371187746524811
1789225108908859600,10.388859619140625,-0.0763891190290451,0.124420166015625,0.23754510283470154
1789225108918898700,10.398898681640626,-0.11832741647958755,-0.03273499757051468,0.557494044303894
1789225108928937700,10.408937744140625,-0.16551171243190765,-0.06416775286197662,0.7842195630073547
1789225108938975500,10.4189755859375,-0.20139005780220032,-0.07151273638010025,0.7504541277885437
1789225108949014800,10.429014892578126,-0.21170181035995483,0.09402642399072647,0.38831669092178345
1789225108959053800,10.4390537109375,-0.15658016502857208,0.04735647141933441,0.0383916050195694
1789225108969092600,10.449092529296875,-0.12157877534627914,0.1329270303249359,-0.0669689029455185
1789225108979130600,10.459130615234375,-0.09315494447946548,0.26693880558013916,-0.07234504818916321
1789225108989169700,10.469169677734374,-0.04625162109732628,0.2791387438774109,-0.3051239550113678
1789225108999208700,10.479208740234375,0.02932257205247879,0.2591821551322937,-0.6701128482818604
1789225109009246500,10.48924658203125,0.0013729606289416552,0.053775202482938766,-0.5810548663139343
1789225109019285800,10.49928564453125,-0.05687352269887924,0.09106296300888062,-0.2147054672241211
1789225109029324500,10.509324462890625,-0.12457747012376785,0.16977615654468536,0.01192580908536911
1789225109039362600,10.519362548828125,-0.1635240763425827,0.08504608273506165,0.21888884902000427
1789225109049401900,10.52940185546875,-0.16095329821109772,0.07105917483568192,-0.14064377546310425
1789225109059440600,10.539440673828125,-0.1269197016954422,0.4360824227333069,-0.5144567489624023
1789225109069479700,10.549479736328125,-0.119753897190094,0.10140273720026016,0.07831525057554245
1789225109079517700,10.559517578125,-0.08872988820075989,0.07846657931804657,0.8967395424842834
1789225109089556700,10.569556640625,-0.034025099128484726,0.03798386827111244,0.5794183015823364
1789225109099595500,10.579595458984375,-0.018471697345376015,0.3514043986797333,-0.041625648736953735
1789225109109633800,10.5896337890625,-0.0022607683204114437,0.43282708525657654,-0.5472083687782288
1789225109119672600,10.599672607421875,-0.12974236905574799,0.18756823241710663,-0.13155214488506317
1789225109129711600,10.609711669921875,-0.14796584844589233,-0.09846831858158112,0.25692451000213623
1789225109139750000,10.61975,-0.1070823073387146,0.05764381214976311,0.10053093731403351
1789225109149788700,10.62978857421875,-0.06986995786428452,-0.16517993807792664,-0.385000616312027
1789225109159827700,10.63982763671875,-0.05021869018673897,-0.12032957375049591,-0.9270737171173096
1789225109169866500,10.649866455078126,-0.12195492535829544,0.06998178362846375,-0.9036543965339661
1789225109179904800,10.65990478515625,-0.2036304920911789,-0.2728188633918762,0.08249448239803314
1789225109189943600,10.669943603515625,-0.2558385729789734,-0.3956603407859802,0.5170081257820129
1789225109199982600,10.679982666015626,-0.3320976197719574,0.05728212371468544,0.3748551309108734
1789225109210020600,10.6900205078125,-0.3775732219219208,0.2590131163597107,0.3881267309188843
1789225109220059600,10.7000595703125,-0.24957750737667084,-0.010927094146609306,0.30642491579055786
1789225109230098700,10.7100986328125,-0.11044997721910477,-0.02028144709765911,0.2118811160326004
1789225109240136200,10.72013623046875,-0.12720535695552826,-0.07074232399463654,0.31437039375305176
1789225109250175200,10.73017529296875,-0.13713441789150238,-0.09700695425271988,0.7512223124504089
1789225109260214000,10.740214111328125,-0.06677278876304626,-0.35191261768341064,0.43123742938041687
1789225109270253000,10.750253173828124,-0.04584300145506859,-0.09757541865110397,-0.17268042266368866
1789225109280291000,10.760291015625,-0.047507867217063904,0.020125528797507286,-0.43989354372024536
1789225109290330000,10.770330078125,-0.08731786161661148,0.06699396669864655,-0.24878457188606262
1789225109300369200,10.780369140625,-0.0838533490896225,0.020203568041324615,-0.13205461204051971
1789225109310407200,10.7904072265625,0.024040095508098602,0.12991702556610107,-0.5662055611610413
1789225109320446200,10.8004462890625,0.09394852817058563,0.3632005453109741,-0.8785073757171631
1789225109330485000,10.810485107421876,0.1909339278936386,0.2241789847612381,-0.5896891355514526
1789225109340524300,10.820524169921875,0.1896619349718094,0.09740632772445679,-0.021625755354762077
1789225109350562000,10.83056201171875,0.12346240878105164,0.05803495645523071,0.16177096962928772
1789225109360601000,10.84060107421875,0.03352995961904526,0.13145415484905243,0.21799138188362122
1789225109370640100,10.85064013671875,-0.02849372662603855,0.18057268857955933,0.49698013067245483
1789225109380678100,10.86067822265625,0.06725240498781204,-0.12556922435760498,0.3223656713962555
1789225109390717000,10.870717041015626,0.14038734138011932,0.18625737726688385,-0.11069654673337936
1789225109400756200,10.880756103515624,0.09681206941604614,0.32500210404396057,0.14497888088226318
1789225109410794200,10.890794189453125,0.1391741782426834,0.20246022939682007,0.4611685276031494
1789225109420833000,10.9008330078125,0.14447225630283356,0.2581264078617096,0.32890450954437256
1789225109430872300,10.910872314453124,0.11919724941253662,0.46541887521743774,0.019884616136550903
1789225109440911000,10.9209111328125,0.14015476405620575,0.3628547191619873,-0.09662150591611862
1789225109450949000,10.93094921875,0.14423632621765137,0.20199471712112427,-0.24327059090137482
1789225109460988200,10.94098828125,0.0860467329621315,0.17255021631717682,-0.365209698677063
1789225109471027200,10.951027099609375,0.011451590806245804,-0.03158586844801903,-0.1436602771282196
1789225109481065000,10.96106494140625,-0.04789871349930763,-0.13672895729541779,0.12660828232765198
1789225109491104000,10.97110400390625,-0.1267080456018448,-0.03786709904670715,0.07276342809200287
1789225109501143300,10.981143310546875,-0.10604973882436752,0.08946971595287323,-0.19473038613796234
1789225109511181000,10.99118115234375,-0.0788993388414383,0.1444123238325119,-0.009110983461141586
1789225109521220000,11.00122021484375,-0.019497588276863098,-0.1359381526708603,0.3041036128997803
1789225109531259100,11.011259033203125,0.003066310426220298,-0.037892021238803864,0.0279383547604084
1789225109541298200,11.021298095703125,-0.057999253273010254,0.2308855652809143,-0.35816049575805664
1789225109551336000,11.0313359375,-0.06861408054828644,-0.05351180210709572,-0.13831068575382233
1789225109561375200,11.041375244140625,-0.11491374671459198,-0.09656614065170288,0.28388482332229614
1789225109571414300,11.051414306640625,-0.14671960473060608,-0.19511695206165314,0.2147182822227478
1789225109581452000,11.0614521484375,-0.13048936426639557,-0.1528060883283615,-0.3057093918323517
1789225109591491300,11.0714912109375,-0.20134222507476807,0.09327398985624313,-0.30739250779151917
1789225109601530000,11.081530029296875,-0.2346496433019638,-0.1235385537147522,0.09692654013633728
1789225109611568000,11.091568115234375,-0.15409861505031586,-0.12786085903644562,0.2197030633687973
1789225109621607200,11.101607177734374,-0.1337587982416153,-0.0913572683930397,0.012720437720417976
1789225109631646200,11.111646240234375,-0.07154922187328339,-0.21275320649147034,-0.17579008638858795
1789225109641685200,11.121685302734376,-0.1611507534980774,-0.3246978521347046,-0.10382219403982162
1789225109651723300,11.13172314453125,-0.2639085650444031,-0.36281779408454895,0.2469632476568222
1789225109661762300,11.14176220703125,-0.3336764872074127,-0.32441237568855286,0.5180079340934753
1789225109671801000,11.151801025390625,-0.33600834012031555,-0.4172525703907013,0.422953337430954
1789225109681839000,11.161839111328124,-0.17593799531459808,-0.26020175218582153,-0.06626787781715393
1789225109691878100,11.171878173828125,-0.16645501554012299,0.01253393106162548,-0.3560584485530853
1789225109701917200,11.181917236328125,-0.17374145984649658,-0.286316454410553,-0.06378357857465744
1789225109711955000,11.191954833984376,-0.15141884982585907,-0.38227707147598267,0.23088720440864563
1789225109721994200,11.201994140625,-0.1593366414308548,-0.2841262221336365,0.05670597404241562
1789225109732033300,11.212033203125,-0.1676584780216217,-0.21256974339485168,-0.21655698120594025
1789225109742071000,11.222071044921876,-0.18077906966209412,-0.38346824049949646,-0.3858315050601959
1789225109752110300,11.2321103515625,-0.2560730278491974,-0.2921910583972931,0.033337268978357315
1789225109762149000,11.242149169921875,-0.3126773238182068,-0.27863702178001404,0.10891520231962204
1789225109772188200,11.252188232421876,-0.35340291261672974,-0.11091887950897217,0.2203378528356552
1789225109782226200,11.26222607421875,-0.3004913926124573,-0.32057932019233704,0.10366509854793549
1789225109792265200,11.27226513671875,-0.16412129998207092,-0.46856454014778137,-0.33805158734321594
1789225109802304000,11.282303955078126,-0.17611002922058105,-0.4885083734989166,-0.13523736596107483
1789225109812342300,11.29234228515625,-0.19702595472335815,-0.2413979321718216,0.7698632478713989
1789225109822381300,11.30238134765625,-0.18695083260536194,-0.43903765082359314,0.9056029319763184
1789225109832420000,11.312420166015626,-0.20792189240455627,-0.24089153110980988,0.4271111488342285
1789225109842458400,11.322458251953124,-0.13281793892383575,-0.28655847907066345,-0.2890394628047943
1789225109852497200,11.3324970703125,-0.1928674280643463,-0.18160943686962128,-0.42667722702026367
1789225109862536200,11.3425361328125,-0.21021464467048645,-0.38919317722320557,-0.08552634716033936
1789225109872575000,11.352574951171874,-0.16496780514717102,-0.5047698616981506,0.0930284857749939
1789225109882613200,11.36261328125,-0.13709872961044312,-0.2836306393146515,0.03140182048082352
1789225109892652000,11.372652099609375,-0.08697404712438583,-0.02553090639412403,-0.07178635150194168
1789225109902691000,11.382691162109374,0.011307471431791782,-0.21980242431163788,-0.2452901303768158
1789225109912729300,11.392729248046875,0.02829737402498722,-0.13072635233402252,-0.3759152293205261
1789225109922768100,11.40276806640625,-0.03108464553952217,-0.06106222793459892,-0.11518390476703644
1789225109932807200,11.41280712890625,-0.019578993320465088,-0.28774967789649963,0.153377503156662
1789225109942845200,11.42284521484375,-0.013966861180961132,-0.2416364699602127,0.093740314245224
1789225109952884200,11.43288427734375,0.03320171684026718,-0.24260880053043365,-0.1693725436925888
1789225109962923000,11.442923095703126,0.021738514304161072,-0.12488259375095367,0.15329574048519135
1789225109972962000,11.452962158203125,0.01098520215600729,-0.09527943283319473,0.5442795157432556
1789225109983000000,11.463,0.024524103850126266,-0.09010232239961624,0.21838000416755676
1789225109993039000,11.4730390625,0.10962461680173874,0.02038690447807312,-0.3247796595096588
1789225110003078100,11.483078125,0.06748750805854797,0.08821358531713486,-0.3785320222377777
1789225110013116200,11.4931162109375,0.05014180764555931,-0.10976874083280563,0.20744037628173828
1789225110023155200,11.5031552734375,0.07887547463178635,-0.3303045630455017,0.19160087406635284
1789225110033194000,11.513194091796874,0.06967611610889435,-0.21205487847328186,-0.09155254811048508
1789225110043232300,11.523232177734375,0.04622558504343033,-0.20020601153373718,-0.20371590554714203
1789225110053271000,11.53327099609375,-0.026954349130392075,-0.22598354518413544,-0.24278581142425537
1789225110063310000,11.54331005859375,-0.09145491570234299,-0.11165549606084824,-0.19620586931705475
1789225110073348000,11.55334814453125,-0.07046014815568924,-0.19225472211837769,0.11166752874851227
1789225110083387100,11.56338720703125,0.04038622975349426,-0.2587756812572479,0.3082960546016693
1789225110093426200,11.57342626953125,0.14545166492462158,-0.11535700410604477,0.22335615754127502
1789225110103465000,11.58346484375,0.20121459662914276,0.07232801616191864,-0.008388201706111431
1789225110113503200,11.593503173828125,0.1257760375738144,0.029401585459709167,0.29129570722579956
1789225110123542000,11.6035419921875,0.07049347460269928,-0.16914811730384827,0.60633385181427
1789225110133581000,11.6135810546875,0.02254965528845787,-0.06821458041667938,0.25814342498779297
1789225110143619000,11.623619140625,0.03531135991215706,0.1283435970544815,-0.3326186537742615
1789225110153658000,11.633658203125,0.06807942688465118,0.10686200112104416,-0.20161934196949005
1789225110163697200,11.643697265625,0.1989259123802185,-0.21905001997947693,0.0924205556511879
1789225110173735200,11.653735107421875,0.26175761222839355,-0.23883730173110962,-0.27859029173851013
1789225110183774200,11.663774169921876,0.2502986192703247,0.0836888775229454,-0.5389785170555115
1789225110193813000,11.67381298828125,0.2800953984260559,0.08565402776002884,-0.471573144197464
1789225110203851300,11.683851318359375,0.24106957018375397,0.1270945519208908,-0.340433806180954
1789225110213890000,11.69389013671875,0.20090989768505096,0.22876259684562683,-0.3245198428630829
1789225110223929000,11.70392919921875,0.23613063991069794,0.2595100402832031,-0.2755046486854553
1789225110233968400,11.713968505859375,0.2542308270931244,0.247079998254776,-0.0778549462556839
1789225110244006400,11.72400634765625,0.303073912858963,0.17945292592048645,0.042498573660850525
1789225110254045200,11.734045166015624,0.29528069496154785,0.21005398035049438,0.21825255453586578
1789225110264084200,11.744084228515625,0.24843019247055054,0.2660835087299347,0.43025991320610046
1789225110274122200,11.754122314453125,0.22433070838451385,0.2739792466163635,0.5404955744743347
1789225110284161300,11.764161376953124,0.2237318456172943,0.22770850360393524,0.49694833159446716
1789225110294200300,11.774200439453125,0.25879478454589844,0.24353380501270294,0.3460901081562042
1789225110304238300,11.78423828125,0.2732974886894226,0.2638789713382721,0.32126063108444214
1789225110314277400,11.79427734375,0.24851945042610168,0.3205840587615967,0.26789674162864685
1789225110324316200,11.804316162109375,0.24233892560005188,0.24413470923900604,0.11710432916879654
1789225110334354400,11.8143544921875,0.21897047758102417,0.20389647781848907,-0.04388349503278732
1789225110344393200,11.824393310546874,0.26073119044303894,0.2197030782699585,-0.6368420720100403
1789225110354432300,11.834432373046875,0.22692100703716278,0.3704206943511963,-1.0458588600158691
1789225110364471300,11.84447119140625,0.18295669555664062,0.28354910016059875,-0.3896140456199646
1789225110374509300,11.85450927734375,0.20191307365894318,0.12515519559383392,0.2231244593858719
1789225110384548400,11.86454833984375,0.21576133370399475,0.38620153069496155,0.10107144713401794
1789225110394587400,11.87458740234375,0.2936982214450836,0.24077244102954865,-0.40254244208335876
1789225110404625400,11.88462548828125,0.2895815968513489,0.4266315996646881,-0.8565728664398193
1789225110414664200,11.894664306640625,0.08552378416061401,0.164570152759552,-0.08427350223064423
1789225110424703200,11.904703125,0.040347784757614136,-0.16919556260108948,0.3291609585285187
1789225110434741200,11.9147412109375,-0.044495731592178345,-0.031372182071208954,0.312514066696167
1789225110444780300,11.9247802734375,-0.13572974503040314,0.08055517077445984,0.3333585262298584
1789225110454819300,11.9348193359375,-0.19738300144672394,0.18485920131206512,0.5560100078582764
1789225110464857300,11.944857421875,-0.10181207209825516,0.4525561034679413,0.5965649485588074
1789225110474896400,11.954896484375,-0.012482190504670143,0.10580133646726608,0.3918647766113281
1789225110484935200,11.96493505859375,0.15700459480285645,-0.15740150213241577,-0.08029978722333908
1789225110494974500,11.974974365234376,0.20635297894477844,-0.5373523235321045,-0.9093722105026245
1789225110505012200,11.98501220703125,-0.0953991487622261,-0.9585115313529968,-0.6100429892539978
1789225110515051300,11.99505126953125,-0.24068737030029297,-0.7349700927734375,-0.04402327537536621
1789225110525090300,12.00509033203125,-0.35931453108787537,-0.16969609260559082,-0.19872689247131348
1789225110535128300,12.01512841796875,-0.43935662508010864,0.08184346556663513,-0.6097216010093689
1789225110545167000,12.0251669921875,-0.36467280983924866,-0.16084721684455872,-0.5601317286491394
1789225110555206400,12.035206298828125,-0.38624656200408936,-0.3421488106250763,-0.3744138181209564
1789225110565244200,12.045244140625,-0.39513081312179565,-0.26515284180641174,0.021613292396068573
1789225110575283200,12.055283203125,-0.4501839578151703,-0.17487061023712158,0.3810470998287201
1789225110585322500,12.065322509765625,-0.45612144470214844,-0.08141863346099854,0.506982147693634
1789225110595360300,12.0753603515625,-0.32225897908210754,-0.17803731560707092,0.6376877427101135
1789225110605399300,12.0853994140625,-0.30495715141296387,-0.31945404410362244,1.027275562286377
1789225110615438300,12.095438232421875,-0.3523379862308502,-0.6169736385345459,0.9434363842010498
1789225110625477400,12.105477294921876,-0.3374936282634735,-0.4688950479030609,0.44777968525886536
1789225110635515100,12.11551513671875,-0.36039626598358154,-0.51084303855896,-0.137719988822937
1789225110645554400,12.125554443359375,-0.2257586419582367,-0.8302975296974182,-0.2990977466106415
1789225110655593500,12.135593505859376,-0.10210540890693665,-0.5923078656196594,-0.2844005525112152
1789225110665631200,12.14563134765625,-0.11643852293491364,-0.06355929374694824,-0.28999584913253784
1789225110675670300,12.155670166015625,-0.13987033069133759,0.3295387327671051,-0.39232727885246277
1789225110685709300,12.165709228515626,-0.05952124297618866,0.27170491218566895,-0.40369126200675964
1789225110695747300,12.175747314453124,0.04903212934732437,0.19097889959812164,-0.30440807342529297
1789225110705786000,12.1857861328125,0.11231935769319534,0.1503186970949173,-0.4080972969532013
1789225110715825400,12.195825439453126,0.11409302055835724,0.057446014136075974,-0.3047083020210266
1789225110725863200,12.20586328125,0.12315663695335388,-0.06604015827178955,0.13736608624458313
1789225110735902200,12.215902099609375,0.17841961979866028,-0.17087362706661224,0.24639376997947693
1789225110745941500,12.22594140625,0.14665481448173523,0.03217512369155884,0.3936019837856293
1789225110755979300,12.235979248046876,0.15586242079734802,0.11296211928129196,0.5713813304901123
1789225110766018300,12.246018310546875,0.1404612958431244,0.2710014879703522,0.6688501238822937
1789225110776057300,12.256057373046875,0.16738346219062805,0.5267115235328674,0.39256948232650757
1789225110786096400,12.266096435546874,0.34180212020874023,0.7432755827903748,0.13038110733032227
1789225110796134100,12.276134033203125,0.4405156672000885,0.6449926495552063,0.010984944179654121
1789225110806173400,12.28617333984375,0.4824746549129486,0.45957040786743164,-0.03801262751221657
1789225110816212500,12.29621240234375,0.4190828800201416,0.4099826216697693,-0.07615655660629272
1789225110826250200,12.306250244140625,0.3726491928100586,0.3653510808944702,-0.11721991747617722
1789225110836289300,12.316289306640625,0.38748273253440857,0.28831303119659424,-0.19631579518318176
1789225110846328300,12.326328369140626,0.4298759698867798,0.3463110625743866,-0.331351637840271
1789225110856366300,12.336366455078124,0.5048708319664001,0.37266409397125244,-0.6073545217514038
1789225110866405400,12.3464052734375,0.5365581512451172,0.46225571632385254,-0.5949890613555908
1789225110876444400,12.3564443359375,0.39431923627853394,0.801000714302063,-0.2456609010696411
1789225110886482200,12.366482177734374,0.36656901240348816,0.6527253985404968,-0.1801261603832245
1789225110896521200,12.376521240234375,0.38937926292419434,0.603178083896637,-0.3155311346054077
1789225110906560500,12.386560546875,0.4187752306461334,0.4399828016757965,-0.3636839687824249
1789225110916599300,12.396599365234374,0.37100452184677124,0.4485541880130768,0.11204342544078827
1789225110926637300,12.40663720703125,0.34202852845191956,0.42252978682518005,0.6826270818710327
1789225110936676400,12.41667626953125,0.34494227170944214,0.2452966719865799,0.8090808987617493
1789225110946715400,12.42671533203125,0.30142742395401,0.34570035338401794,0.24323034286499023
1789225110956753200,12.436753173828125,0.22908850014209747,0.7311013340950012,-0.30205294489860535
1789225110966792400,12.44679248046875,0.09783849120140076,0.6435505747795105,0.3465633690357208
1789225110976831200,12.456831298828124,0.21349424123764038,0.33854806423187256,0.7961422204971313
1789225110986869200,12.466869140625,0.32948341965675354,0.33273300528526306,0.3392851948738098
1789225110996908500,12.476908447265625,0.3617883622646332,0.5860651731491089,-0.38570713996887207
1789225111006947300,12.486947265625,0.19931603968143463,0.36075955629348755,-0.2551303803920746
1789225111016985300,12.4969853515625,0.108843132853508,0.4119598865509033,0.550335705280304
1789225111027024400,12.5070244140625,0.14084000885486603,0.2939036190509796,0.2845923900604248
1789225111037063400,12.5170634765625,0.07112669944763184,0.1309269517660141,-0.26837146282196045
1789225111047101200,12.52710107421875,0.003474701661616564,0.1929117739200592,-0.8285592794418335
1789225111057140200,12.53714013671875,0.006199382245540619,0.4011200964450836,-0.7409929633140564
1789225111067179300,12.54717919921875,0.026058707386255264,-0.2438150942325592,0.2306380271911621
1789225111077218300,12.55721826171875,-0.11247440427541733,-0.33667710423469543,0.770855188369751
1789225111087256300,12.56725634765625,-0.22157303988933563,-0.007125698029994965,0.49937474727630615
1789225111097295400,12.57729541015625,-0.2904125452041626,-0.03481990844011307,-0.04085145518183708
1789225111107334400,12.58733447265625,-0.14750312268733978,0.0199841670691967,-0.7360028624534607
1789225111117372200,12.5973720703125,-0.0855817049741745,0.11584491282701492,-0.5624552965164185
1789225111127411500,12.607411376953126,-0.02734152227640152,0.031676284968853,0.7314278483390808
1789225111137450200,12.6174501953125,0.03716210275888443,-0.08803839981555939,0.6665420532226562
1789225111147488300,12.62748828125,0.05222266912460327,0.432991623878479,0.12056051939725876
1789225111157527300,12.63752734375,-0.07265162467956543,0.21577833592891693,-0.37532222270965576
1789225111167566300,12.64756640625,-0.14804035425186157,0.240736186504364,-0.46006089448928833
1789225111177604000,12.65760400390625,-0.21491418778896332,-0.16390210390090942,0.0012960783205926418
1789225111187643400,12.667643310546875,-0.24271683394908905,-0.2969225347042084,0.16722802817821503
1789225111197682400,12.677682373046874,-0.2189507931470871,-0.43975692987442017,-0.056928373873233795
1789225111207720200,12.68772021484375,-0.15840646624565125,-0.43711259961128235,-0.14606346189975739
1789225111217759500,12.697759521484375,-0.18482661247253418,-0.211242213845253,-0.017974726855754852
1789225111227798300,12.70779833984375,-0.23806047439575195,0.12122262269258499,0.06739802658557892
1789225111237836300,12.717836181640624,-0.1417885273694992,0.05283689871430397,0.01934714801609516
1789225111247875000,12.727875,-0.06848514825105667,0.07077183574438095,-0.2756570279598236
1789225111257913900,12.737913818359376,-0.02028459683060646,0.3272121250629425,-0.5666399002075195
1789225111267953000,12.747952880859375,0.03654194623231888,0.2160065472126007,-0.3116993308067322
1789225111277991200,12.7579912109375,0.12265153229236603,0.04276099056005478,0.19814981520175934
1789225111288030000,12.768030029296876,0.15630261600017548,0.002019075211137533,0.04617966711521149
1789225111298069000,12.778069091796874,0.03828969597816467,0.19344976544380188,-0.1284978687763214
1789225111308107000,12.78810693359375,-0.04465213418006897,0.07706820964813232,0.08451851457357407
1789225111318146000,12.79814599609375,-0.12246623635292053,-0.005197369027882814,0.193973109126091
1789225111328184800,12.808184814453124,-0.11131644994020462,0.1301364153623581,0.0030358871445059776
1789225111338223000,12.81822314453125,-0.07209021598100662,0.25285592675209045,0.020639648661017418
1789225111348262000,12.828261962890625,-0.011919843032956123,0.0024905563332140446,0.1482517570257187
1789225111358301000,12.838301025390624,0.0006010080687701702,0.032873764634132385,0.3252105712890625
1789225111368339000,12.8483388671875,-0.02366812154650688,0.08173929154872894,0.4630407392978668
1789225111378378000,12.8583779296875,-0.03257772698998451,-0.07866955548524857,0.46081674098968506
1789225111388417000,12.8684169921875,0.015481799840927124,-0.17426148056983948,0.009595444425940514
1789225111398454800,12.878454833984375,-0.03354193642735481,-0.014571947045624256,-0.5241484045982361
1789225111408494000,12.888494140625,-0.09653729200363159,0.0095457648858428,-0.38521334528923035
1789225111418532900,12.898532958984376,-0.10088782757520676,0.04839542508125305,0.09902150928974152
1789225111428571000,12.90857080078125,-0.07539152354001999,-0.03160886466503143,0.09465206414461136
1789225111438610000,12.91860986328125,0.0449436716735363,0.0928150862455368,-0.4368504285812378
1789225111448649000,12.92864892578125,0.05927816033363342,0.1762268990278244,-0.7585193514823914
1789225111458688000,12.93868798828125,-0.029938267543911934,-0.13078150153160095,-0.3100835382938385
1789225111468726000,12.94872607421875,-0.0872301310300827,-0.23337958753108978,0.19876885414123535
1789225111478765000,12.95876513671875,-0.17923034727573395,-0.20654797554016113,0.06754345446825027
1789225111488803800,12.968803955078124,-0.22172382473945618,0.04084710031747818,-0.24433083832263947
1789225111498842000,12.978842041015625,-0.2703547477722168,0.04664107412099838,0.2238004058599472
1789225111508881000,12.988880859375,-0.23021577298641205,-0.2880087196826935,0.6798719763755798
1789225111518920000,12.998919921875,-0.182157963514328,-0.1834045648574829,0.2872343957424164
1789225111528958000,13.0089580078125,-0.21480785310268402,-0.059305038303136826,-0.18437142670154572
1789225111538997000,13.0189970703125,-0.24695806205272675,-0.3443570137023926,-0.012294459156692028
1789225111549036000,13.0290361328125,-0.2557908892631531,-0.4518842101097107,0.3513790965080261
1789225111559074000,13.039073974609375,-0.3165026903152466,-0.3099651634693146,0.35633042454719543
1789225111569113000,13.049113037109375,-0.3960360288619995,-0.06666767597198486,0.2788754999637604
1789225111579152000,13.05915185546875,-0.3484402894973755,-0.36198320984840393,-0.0005212696269154549
1789225111589190000,13.06918994140625,-0.3116130828857422,-0.6277388334274292,-0.5007834434509277
1789225111599229000,13.07922900390625,-0.4965949058532715,-0.7450729012489319,-0.7217954397201538
1789225111609268000,13.08926806640625,-0.5338016748428345,-0.8221039772033691,-0.24092085659503937
1789225111619305700,13.0993056640625,-0.5715256333351135,-0.8393732905387878,0.11249367147684097
1789225111629345000,13.109344970703125,-0.6144964098930359,-0.6918423175811768,-0.017545096576213837
1789225111639384000,13.119384033203126,-0.596477210521698,-0.47441011667251587,-0.3445908725261688
1789225111649422800,13.1294228515625,-0.4347035586833954,-0.38261905312538147,-0.19900274276733398
1789225111659461000,13.139461181640625,-0.32072773575782776,-0.36671358346939087,0.2718212306499481
1789225111669500000,13.1495,-0.31382712721824646,-0.27962440252304077,0.5244251489639282
1789225111679539000,13.1595390625,-0.31674835085868835,-0.18220782279968262,0.5118326544761658
1789225111689577000,13.169576904296875,-0.3130015432834625,-0.19705066084861755,0.291452556848526
1789225111699616000,13.179615966796876,-0.37993955612182617,-0.2885896563529968,0.26016414165496826
1789225111709655000,13.189655029296874,-0.3372868001461029,-0.6198505163192749,0.42141273617744446
1789225111719693000,13.199693115234375,-0.2736750543117523,-0.6248186230659485,0.5845742225646973
1789225111729732000,13.209732177734375,-0.2577890455722809,-0.4365747570991516,0.6654991507530212
1789225111739771000,13.21977099609375,-0.23175479471683502,-0.2216951996088028,0.4554350972175598
1789225111749809200,13.22980908203125,-0.10182061046361923,-0.33626875281333923,-0.03356844186782837
1789225111759848000,13.239847900390625,-0.12107739597558975,-0.3237665593624115,-0.6469823122024536
1789225111769887000,13.249886962890624,-0.19888508319854736,-0.328212708234787,-0.5485341548919678
1789225111779925000,13.259925048828125,-0.18532399833202362,-0.19418752193450928,0.08179960399866104
1789225111789964000,13.269964111328125,-0.04252735897898674,-0.28357189893722534,0.01902877725660801
1789225111800003000,13.280003173828124,0.15149936079978943,-0.13203804194927216,-0.522345781326294
1789225111810040800,13.290040771484374,0.21596170961856842,0.044910628348588943,-0.9052711725234985
1789225111820080000,13.300080078125,0.10697583109140396,-0.21883553266525269,-0.44812148809432983
1789225111830119000,13.310118896484376,-0.06444796174764633,-0.2358710765838623,0.18175771832466125
1789225111840157000,13.320156982421874,-0.19599373638629913,-0.22660115361213684,0.23637595772743225
1789225111850196000,13.330196044921875,-0.2747984528541565,-0.051154930144548416,0.05649781972169876
1789225111860235000,13.340235107421876,-0.1620420664548874,-0.02511720359325409,-0.05999763309955597
1789225111870272800,13.350272705078124,0.11415283381938934,-0.18056878447532654,0.29931211471557617
1789225111880312000,13.36031201171875,0.19900299608707428,-0.17921830713748932,0.6541972756385803
1789225111890351000,13.37035107421875,0.1582733392715454,0.025225568562746048,0.46873170137405396
1789225111900390000,13.380389892578124,0.0483257956802845,0.19898590445518494,0.36972764134407043
1789225111910428200,13.39042822265625,-0.00944887101650238,0.09982811659574509,0.33126595616340637
1789225111920467000,13.400467041015625,0.019951093941926956,0.2202831506729126,0.1807774156332016
1789225111930506000,13.410506103515624,0.04109187424182892,0.013774534687399864,-0.11394448578357697
1789225111940544000,13.4205439453125,0.08311735093593597,-0.03957204520702362,-0.3454965054988861
1789225111950583000,13.4305830078125,0.18575000762939453,-0.11240603774785995,-0.24224542081356049
1789225111960621800,13.440621826171874,0.260094553232193,-0.3083611726760864,-0.07925011217594147
1789225111970660000,13.45066015625,0.1949343979358673,-0.2625252604484558,-0.10686086863279343
1789225111980699000,13.460698974609375,0.07523009926080704,0.07699847221374512,-0.2336592972278595
1789225111990738000,13.470738037109374,-0.0023717458825558424,0.30260470509529114,-0.18172098696231842
1789225112000776000,13.48077587890625,-0.0054370444267988205,-0.043061621487140656,-0.36181220412254333
1789225112010815000,13.49081494140625,0.06921892613172531,0.10434047877788544,-0.5849781632423401
1789225112020854000,13.50085400390625,0.11688125878572464,-0.057120051234960556,-0.14140231907367706
1789225112030891800,13.510891845703124,0.12307413667440414,-0.13192589581012726,0.40687522292137146
1789225112040931000,13.52093115234375,0.07309779524803162,-0.09721106290817261,0.3041805326938629
1789225112050969900,13.530969970703126,-0.02453073114156723,-0.009297685697674751,0.2874527871608734
1789225112061008000,13.5410078125,-0.0790746659040451,-0.22308427095413208,0.32257401943206787
1789225112071047000,13.551046875,-0.11165394634008408,-0.1389225572347641,0.06518267840147018
1789225112081086000,13.5610859375,-0.12081015855073929,-0.1269705444574356,-0.0031234046909958124
1789225112091124000,13.5711240234375,-0.06533472239971161,-0.2859134078025818,0.12356128543615341
1789225112101163000,13.5811630859375,-0.023190198466181755,-0.28479117155075073,0.11079276353120804
1789225112111202000,13.5912021484375,-0.07540047913789749,-0.10529176890850067,0.09538262337446213
1789225112121239800,13.60123974609375,-0.08567521721124649,-0.1783425360918045,0.21198859810829163
1789225112131279000,13.611279052734375,-0.07803039252758026,-0.19234599173069,0.008652441203594208
1789225112141318000,13.62131787109375,-0.05425421893596649,-0.07075139135122299,-0.33030033111572266
1789225112151356000,13.63135595703125,-0.08324775099754333,-0.12364520877599716,-0.23855410516262054
1789225112161395000,13.64139501953125,-0.06255872547626495,-0.2737918496131897,0.03999761864542961
1789225112171434000,13.65143408203125,-0.055036645382642746,-0.2868860960006714,0.04464191198348999
1789225112181473000,13.66147314453125,-0.08032895624637604,-0.25370335578918457,-0.03266619145870209
1789225112191511000,13.671510986328125,-0.08015212416648865,-0.2669248878955841,-0.06819169968366623
1789225112201550000,13.681550048828125,-0.11601744592189789,-0.302531898021698,0.07928138226270676
1789225112211588900,13.6915888671875,-0.1167464628815651,-0.28345951437950134,-0.08574789017438889
1789225112221627000,13.701626953125,-0.12065385282039642,-0.08043234795331955,-0.20933453738689423
1789225112231666000,13.711666015625,-0.07849762588739395,-0.0556332990527153,0.24542170763015747
1789225112241705000,13.721705078125,0.046810220927000046,-0.3907114267349243,0.11799424886703491
1789225112251742700,13.73174267578125,0.061911653727293015,-0.01396389864385128,-0.3349592983722687
1789225112261782000,13.741781982421875,0.017918366938829422,-0.019950151443481445,-0.2857392728328705
1789225112271820800,13.75182080078125,-0.01041312888264656,-0.13057225942611694,0.2330896258354187
1789225112281858800,13.76185888671875,-0.021879103034734726,-0.19032107293605804,0.2511003315448761
1789225112291898000,13.771898193359375,0.03242672607302666,0.003706445684656501,-0.16862867772579193
1789225112301937000,13.78193701171875,0.090141162276268,0.1791328638792038,-0.2468835413455963
1789225112311975000,13.791974853515624,0.13333295285701752,0.11362238973379135,0.3096112310886383
1789225112322014000,13.802013916015625,0.1836901307106018,-0.09921558201313019,0.20079153776168823
1789225112332053000,13.812052978515625,0.17815905809402466,0.32188111543655396,-0.28456658124923706
1789225112342090800,13.8220908203125,0.1275547295808792,0.25872716307640076,-0.049746640026569366
1789225112352130000,13.832130126953125,0.19223861396312714,0.023972133174538612,0.3687794804573059
1789225112362168800,13.8421689453125,0.26186296343803406,0.06677711755037308,0.14625559747219086
1789225112372206800,13.852206787109376,0.30365392565727234,0.4268267750740051,-0.06922231614589691
1789225112382246100,13.86224609375,0.3560958504676819,0.3281465470790863,-0.09817540645599365
1789225112392285000,13.872284912109375,0.29623112082481384,0.35370245575904846,-0.15942268073558807
1789225112402323000,13.882322998046876,0.21636398136615753,0.3723307251930237,-0.14111050963401794
1789225112412362000,13.892362060546875,0.1924479603767395,0.34981393814086914,0.013730739243328571
1789225112422401000,13.902401123046875,0.2478260099887848,0.3094806373119354,0.04582902044057846
1789225112432438800,13.912438720703125,0.30162179470062256,0.3168329894542694,-0.05399191007018089
1789225112442477800,13.922477783203124,0.359456866979599,0.2741454541683197,-0.10711505264043808
1789225112452516900,13.932516845703125,0.32914796471595764,0.2355368435382843,0.013419920578598976
1789225112462555000,13.942554931640625,0.23317617177963257,0.28106942772865295,-0.23115122318267822
1789225112472593700,13.95259375,0.1281021237373352,0.3904067277908325,-0.24591343104839325
1789225112482633000,13.962633056640625,0.07033096253871918,0.34831786155700684,0.18607552349567413
1789225112492671000,13.9726708984375,0.1547517031431198,0.19611088931560516,0.24388854205608368
1789225112502709800,13.982709716796874,0.26652243733406067,0.23830096423625946,-0.17244821786880493
1789225112512749000,13.9927490234375,0.29708194732666016,0.19682301580905914,-0.48544541001319885
1789225112522787800,14.002787841796875,0.20675629377365112,0.18651044368743896,0.21101461350917816
1789225112532825900,14.012825927734376,0.14711704850196838,0.026933416724205017,0.47238966822624207
1789225112542865000,14.022864990234375,0.06990588456392288,0.31340593099594116,0.09457500278949738
1789225112552904000,14.032904052734375,0.10932391881942749,0.38645434379577637,-0.42862626910209656
1789225112562941700,14.042941650390626,0.13589349389076233,0.2678411602973938,-0.31183838844299316
1789225112572981000,14.05298095703125,0.15248443186283112,0.1718805432319641,0.08658208698034286
1789225112583020000,14.06302001953125,0.14647553861141205,0.1031360924243927,0.09286368638277054
1789225112593057800,14.073057861328126,0.09642363339662552,0.2094450294971466,0.10633770376443863
1789225112603097000,14.08309716796875,0.07582008838653564,0.2116629034280777,0.23420804738998413
1789225112613136000,14.093135986328125,0.0828685611486435,0.24212482571601868,-0.0852566808462143
1789225112623174000,14.103173828125,0.12678222358226776,0.28186798095703125,-0.51006680727005
1789225112633213000,14.113212890625,0.13561688363552094,0.20473900437355042,-0.22918075323104858
1789225112643252000,14.123251953125,0.13460035622119904,0.19059336185455322,0.38386136293411255
1789225112653289700,14.133289794921875,0.12988804280757904,0.16057968139648438,0.09978790581226349
1789225112663328800,14.143328857421874,0.034907467663288116,0.2698654234409332,-0.2603284418582916
1789225112673368000,14.1533681640625,0.046401455998420715,0.05453025922179222,-0.16416649520397186
1789225112683405800,14.16340576171875,0.022036196663975716,0.018559208139777184,-0.05797719582915306
1789225112693444900,14.17344482421875,0.07638669013977051,0.1790340095758438,-0.22841915488243103
1789225112703484000,14.18348388671875,0.122319296002388,0.25854721665382385,-0.07382959127426147
1789225112713522000,14.19352197265625,0.2006320357322693,0.12100915610790253,-0.025443222373723984
1789225112723560700,14.203560791015626,0.14563323557376862,0.21033529937267303,-0.14699070155620575
1789225112733600000,14.21360009765625,0.03589685633778572,0.1906965970993042,-0.01786762848496437
1789225112743637800,14.2236376953125,-0.008697244338691235,0.14570622146129608,0.24837523698806763
1789225112753676800,14.2336767578125,0.017932021990418434,0.045538388192653656,0.28439241647720337
1789225112763716000,14.243716064453125,0.06701061874628067,0.17447799444198608,0.2398611456155777
1789225112773753900,14.25375390625,0.12623511254787445,0.15988953411579132,0.02194548211991787
1789225112783793000,14.26379296875,0.13495270907878876,0.059407930821180344,0.018409335985779762
1789225112793832000,14.27383203125,0.058283500373363495,0.09759445488452911,0.0691276416182518
1789225112803870000,14.283869873046875,-0.033712513744831085,0.17359596490859985,0.1264740377664566
1789225112813908700,14.29390869140625,-0.04399923235177994,0.06735502928495407,-0.04338708519935608
1789225112823948000,14.303947998046874,-0.013190191239118576,0.1316589117050171,-0.26480764150619507
1789225112833985800,14.31398583984375,0.07875342667102814,0.17306026816368103,-0.2375212162733078
1789225112844024800,14.32402490234375,0.17904247343540192,0.20795805752277374,-0.1979019045829773
1789225112854063900,14.33406396484375,0.23468641936779022,0.30726131796836853,-0.22496631741523743
1789225112864102000,14.344101806640625,0.2057618349790573,0.308648020029068,-0.07455764710903168
1789225112874141000,14.354140869140625,0.12695226073265076,0.2733286917209625,-0.07194801419973373
1789225112884179700,14.3641796875,0.010729246772825718,0.23669902980327606,-0.03205972537398338
1789225112894218000,14.374218017578125,-0.06649160385131836,0.08639971166849136,0.1769895702600479
1789225112904256800,14.3842568359375,-0.04857013002038002,0.048737820237874985,0.20027093589305878
1789225112914295800,14.3942958984375,-0.00539824366569519,0.06667625159025192,0.4178752899169922
1789225112924333800,14.404333740234375,0.06821738928556442,0.04025529697537422,0.24137161672115326
1789225112934372900,14.414372802734375,0.10896921157836914,0.22544045746326447,-0.06013328209519386
1789225112944412000,14.424411865234376,0.03847959637641907,0.26896318793296814,-0.027106089517474174
1789225112954450000,14.434449951171874,0.018700528889894485,0.1946982443332672,0.24041448533535004
1789225112964489000,14.444489013671875,0.05379246920347214,0.10510469973087311,-0.0514029897749424
1789225112974527700,14.45452783203125,0.011504667811095715,0.3083747327327728,-0.32840877771377563
1789225112984567000,14.464567138671875,0.040423665195703506,0.1557345986366272,-0.18282225728034973
1789225112994604800,14.474604736328125,0.08179204910993576,-0.06516913324594498,0.002368354704231024
1789225113004643800,14.484643798828126,0.03479684516787529,0.10256554186344147,-0.2754390239715576
1789225113014681900,14.494681884765624,-0.029262255877256393,0.03220593184232712,-0.43163567781448364
1789225113024721000,14.504720947265625,-0.10263501107692719,0.016555065289139748,-0.021265702322125435
1789225113034760000,14.514760009765626,-0.11476650834083557,-0.01568782702088356,0.2781079411506653
1789225113044798000,14.5247978515625,-0.12139271944761276,0.03877994418144226,0.10211508721113205
1789225113054837000,14.5348369140625,-0.0915660485625267,0.03294770047068596,0.045030735433101654
1789225113064875800,14.544875732421875,-0.10437505692243576,-0.00864661205559969,0.37018299102783203
1789225113074914800,14.554914794921874,-0.10299607366323471,-0.21967948973178864,0.31023818254470825
1789225113084952800,14.564952880859375,-0.18322645127773285,0.010545991361141205,0.16835534572601318
1789225113094992000,14.574991943359375,-0.22061404585838318,-0.16143429279327393,0.3898818790912628
1789225113105031000,14.585031005859374,-0.18753807246685028,-0.19273492693901062,0.26717180013656616
1789225113115069000,14.59506884765625,-0.2024226188659668,-0.010965533554553986,0.04210630804300308
1789225113125108000,14.60510791015625,-0.15018071234226227,-0.12189098447561264,0.05883974954485893
1789225113135146800,14.615146728515626,-0.1514008343219757,-0.1657155603170395,0.176589235663414
1789225113145185000,14.62518505859375,-0.15459956228733063,-0.17572025954723358,0.05086353421211243
1789225113155223800,14.635223876953125,-0.14973540604114532,-0.27893543243408203,-0.325855553150177
1789225113165262800,14.645262939453126,-0.23406440019607544,-0.14758433401584625,-0.31067955493927
1789225113175300900,14.65530078125,-0.30465367436408997,0.001860997872427106,0.2597811222076416
1789225113185340000,14.66533984375,-0.29165133833885193,-0.3603491485118866,-0.005544018931686878
1789225113195378700,14.675378662109376,-0.21452851593494415,-0.34501779079437256,-0.3302851915359497
1789225113205417000,14.6854169921875,-0.2353653460741043,-0.2645317316055298,-0.5005174279212952
1789225113215456000,14.6954560546875,-0.2600669860839844,-0.39950525760650635,0.16208042204380035
1789225113225494800,14.705494873046876,-0.19620943069458008,-0.5223771333694458,0.5576437711715698
1789225113235533000,14.715532958984374,-0.15781816840171814,-0.46159371733665466,0.1456242799758911
1789225113245572600,14.725572509765625,-0.1938166618347168,-0.14353293180465698,-0.21238791942596436
1789225113255611400,14.735611328125,-0.2536700367927551,-0.15303900837898254,0.12950916588306427
1789225113265649700,14.745649658203124,-0.2622017562389374,-0.3339192867279053,0.18326160311698914
1789225113275688400,14.7556884765625,-0.26733076572418213,-0.20314109325408936,0.019322030246257782
1789225113285727500,14.7657275390625,-0.20658299326896667,-0.31152188777923584,0.03520166128873825
1789225113295765800,14.775765869140624,-0.17713747918605804,-0.4483899772167206,0.19283762574195862
1789225113305804500,14.785804443359375,-0.17835934460163116,-0.5352465510368347,0.1381906121969223
1789225113315843600,14.795843505859375,-0.25201889872550964,-0.43756821751594543,0.2059391736984253
1789225113325881600,14.805881591796876,-0.3333638310432434,-0.38053715229034424,0.2237969934940338
1789225113335920600,14.815920654296875,-0.2909121513366699,-0.4571959376335144,-0.20981243252754211
1789225113345959400,14.82595947265625,-0.23009328544139862,-0.34637778997421265,-0.4254421889781952
1789225113355997400,14.83599755859375,-0.1753922998905182,-0.40945109724998474,0.04868448153138161
1789225113366036500,14.846036376953125,-0.12867724895477295,-0.44181889295578003,0.3471958041191101
1789225113376075500,14.856075439453125,-0.1766650229692459,-0.2885529100894928,0.1685437709093094
1789225113386113300,14.86611328125,-0.1847226768732071,-0.28414592146873474,0.10054793953895569
1789225113396152600,14.876152587890624,-0.17673897743225098,-0.4282284379005432,-0.12827444076538086
1789225113406191600,14.886191650390625,-0.18077711760997772,-0.31152817606925964,-0.13772492110729218
1789225113416229400,14.8962294921875,-0.123931385576725,-0.3945138454437256,0.05801425129175186
1789225113426268700,14.9062685546875,-0.04348980635404587,-0.36540868878364563,-0.07337946444749832
1789225113436307500,14.916307373046875,-0.03260084614157677,-0.20305004715919495,-0.14822128415107727
1789225113446345500,14.926345458984375,-0.04587297514081001,-0.2174263298511505,0.07581660896539688
1789225113456384500,14.936384521484374,-0.07863009721040726,-0.2634505033493042,0.1599985957145691
1789225113466423600,14.946423583984375,-0.07958777248859406,-0.22604162991046906,-0.11784447729587555
1789225113476461300,14.95646142578125,-0.0581507608294487,-0.21964721381664276,-0.20690836012363434
1789225113486500600,14.96650048828125,-0.008188262581825256,-0.23660649359226227,0.0357050783932209
1789225113496539600,14.97653955078125,0.06453925371170044,-0.24737119674682617,-0.03872012719511986
1789225113506577400,14.986577392578125,0.023303134366869926,-0.041349321603775024,-0.03907192870974541
1789225113516616700,14.99661669921875,0.017497166991233826,-0.13864605128765106,0.15288619697093964
1789225113526655500,15.006655517578125,0.0315282978117466,-0.1498182862997055,0.0941576361656189
1789225113536693500,15.016693603515625,0.0940043032169342,0.001846452010795474,-0.022673726081848145
1789225113546732500,15.026732666015626,0.16560950875282288,0.005602307617664337,0.14568546414375305
1789225113556771600,15.036771484375,0.18534980714321136,-0.0028821141459047794,0.39610451459884644
1789225113566809300,15.046809326171875,0.1407647579908371,0.06645568460226059,0.27279484272003174
1789225113576848400,15.056848388671876,0.10492868721485138,0.14268887042999268,-0.07538548111915588
1789225113586887700,15.0668876953125,0.08948314934968948,0.0934361070394516,-0.0838085263967514
1789225113596925400,15.076925537109375,0.16417576372623444,-0.027072446420788765,-0.039216961711645126
1789225113606964500,15.086964599609376,0.22222070395946503,0.02495719864964485,-0.17958366870880127
1789225113617003500,15.09700341796875,0.236425518989563,0.12517334520816803,-0.1935081034898758
1789225113627041500,15.10704150390625,0.22796252369880676,0.11277712881565094,0.07517555356025696
1789225113637080300,15.117080322265625,0.17916452884674072,0.03401775285601616,-0.0917275995016098
1789225113647119600,15.12711962890625,0.17954908311367035,0.16678033769130707,-0.5849831104278564
1789225113657157400,15.137157470703125,0.146505206823349,0.3068395256996155,-0.7366289496421814
1789225113667196400,15.147196533203125,0.16928960382938385,0.12965995073318481,0.1654295176267624
1789225113677235700,15.157235595703124,0.24238167703151703,-0.04336775839328766,0.4633414149284363
1789225113687273500,15.1672734375,0.2087281048297882,0.2736136317253113,0.180823415517807
1789225113697312500,15.1773125,0.21422073245048523,0.2686680257320404,-0.0795869454741478
1789225113707351600,15.1873515625,0.11929155886173248,0.16701997816562653,0.21459780633449554
1789225113717389600,15.1973896484375,0.08673368394374847,-0.02331368438899517,0.31568995118141174
1789225113727428400,15.207428466796875,0.03536396473646164,0.2697882056236267,0.11470705270767212
1789225113737467600,15.217467529296876,0.043241843581199646,0.23639243841171265,0.29437801241874695
1789225113747505400,15.22750537109375,0.1308388113975525,0.013219265267252922,0.3437386453151703
1789225113757544400,15.23754443359375,0.17439697682857513,0.138715460896492,-0.07253234833478928
1789225113767583500,15.24758349609375,0.13648954033851624,0.07341980934143066,-0.35635632276535034
1789225113777621500,15.25762158203125,0.08192891627550125,-0.01585512049496174,-0.08387535810470581
1789225113787660500,15.26766064453125,-0.00035396928433328867,0.11013849824666977,0.3008193075656891
1789225113797699300,15.27769921875,-0.030057383701205254,0.013927959837019444,0.08061060309410095
1789225113807737600,15.287737548828124,0.0630243569612503,-0.11359697580337524,-0.5139358639717102
1789225113817776400,15.2977763671875,0.04042673856019974,0.1604866087436676,-0.9724815487861633
1789225113827815400,15.3078154296875,-0.01064336858689785,0.00026524579152464867,-0.09975911676883698
1789225113837853400,15.317853515625,-0.013413098640739918,-0.19200144708156586,0.40971747040748596
1789225113847892500,15.327892578125,-0.037814848124980927,-0.01969546638429165,0.0752854198217392
1789225113857931500,15.337931640625,0.0028749494813382626,0.07250413298606873,-0.2661084830760956
1789225113867970600,15.347970458984374,-0.00570255983620882,0.04872423782944679,-0.022619936615228653
1789225113878008600,15.358008544921875,-0.011849002912640572,-0.06926219910383224,0.25068068504333496
1789225113888047400,15.36804736328125,-0.08999679982662201,0.023579062893986702,0.41860201954841614
1789225113898085600,15.378085693359376,-0.11285235732793808,-0.06213933974504471,0.3926544189453125
1789225113908124400,15.38812451171875,-0.06777729094028473,-0.005836120806634426,0.07758595049381256
1789225113918163500,15.39816357421875,-0.018555281683802605,0.13149817287921906,-0.20532147586345673
1789225113928201500,15.408201416015626,0.017563041299581528,0.02310086600482464,0.10352584719657898
1789225113938240500,15.418240478515624,0.06310537457466125,-0.06774180382490158,0.2268444150686264
1789225113948279600,15.428279541015625,0.0364423431456089,0.014279295690357685,-0.10124239325523376
1789225113958317600,15.438317626953125,0.004504045471549034,0.10852821916341782,-0.4123115837574005
1789225113968356600,15.448356689453124,-0.04360169917345047,0.013442717492580414,-0.18151302635669708
1789225113978395400,15.4583955078125,-0.052567124366760254,-0.08868487924337387,0.0038238735869526863
1789225113988434400,15.468434326171876,-0.05827748030424118,0.02180194854736328,-0.18362724781036377
1789225113998472400,15.478472412109374,-0.04733673110604286,0.11365433037281036,-0.2699083685874939
1789225114008511500,15.488511474609375,-0.004576217383146286,-0.03934161737561226,-0.08163752406835556
1789225114018550500,15.498550537109375,-0.019560707733035088,-0.04355788230895996,0.10695265978574753
1789225114028588500,15.508588623046874,-0.010633792728185654,-0.056035056710243225,-0.06716214865446091
1789225114038627600,15.518627685546875,-0.032180897891521454,-0.02994513511657715,0.014817935414612293
1789225114048666400,15.528666259765625,-0.05200653523206711,0.00014459085650742054,0.3832332193851471
1789225114058704600,15.53870458984375,-0.0530310794711113,0.055106621235609055,0.2967028319835663
1789225114068743400,15.548743408203125,-0.04767918959259987,0.4027540683746338,0.13946236670017242
1789225114078782500,15.558782470703125,-0.011409582570195198,0.2130560576915741,0.03360241279006004
1789225114088820500,15.568820556640626,0.016529640182852745,0.09064384549856186,0.1815788298845291
1789225114098859500,15.578859619140625,0.021662341430783272,0.04178894683718681,0.04549303278326988
1789225114108898600,15.588898681640625,-0.03442409634590149,0.04750755429267883,0.01250498741865158
1789225114118936600,15.5989365234375,-0.04950707033276558,-0.04399614781141281,0.0881921648979187
1789225114128975600,15.6089755859375,-0.07955844700336456,0.005949309561401606,0.031114764511585236
1789225114139014400,15.619014404296875,-0.08944501727819443,0.05505174398422241,-0.17380990087985992
1789225114149052700,15.629052734375,-0.026111584156751633,0.11096054315567017,-0.4402996301651001
1789225114159091500,15.639091552734374,0.01100768893957138,0.13186277449131012,-0.39742311835289
1789225114169130500,15.649130615234375,0.023616159334778786,0.13556696474552155,-0.05307504162192345
1789225114179168500,15.65916845703125,0.0020899518858641386,0.14898861944675446,0.10863853991031647
1789225114189207600,15.66920751953125,-0.021050788462162018,0.1460610032081604,0.0433463491499424
1789225114199246300,15.679246337890625,-0.0024018380790948868,0.13124336302280426,-0.14235380291938782
1789225114209284600,15.68928466796875,-0.0035837488248944283,0.062452830374240875,-0.18028253316879272
1789225114219323600,15.69932373046875,0.004223063588142395,0.06842900067567825,0.2279542237520218
1789225114229362400,15.709362548828125,0.045256517827510834,0.03339537978172302,0.2795921266078949
1789225114239400700,15.719400634765625,0.04216708615422249,0.26653364300727844,0.16497556865215302
1789225114249439700,15.729439697265626,0.06935662776231766,0.23885037004947662,0.02262907847762108
1789225114259478500,15.739478515625,0.05249428376555443,0.36472493410110474,-0.08402878791093826
1789225114269516800,15.749516845703125,0.10095635056495667,-0.0031614797189831734,-0.30679449439048767
1789225114279555600,15.7595556640625,0.08604557812213898,0.03990156948566437,-0.17795847356319427
1789225114289594600,15.7695947265625,0.06039508059620857,0.2006603479385376,-0.022433599457144737
1789225114299632600,15.779632568359375,0.05911576747894287,0.31187936663627625,-0.022034989669919014
1789225114309671700,15.789671630859376,0.0530453585088253,0.27864816784858704,0.017016539350152016
1789225114319710700,15.799710693359375,0.07851693779230118,0.16145873069763184,-0.30153828859329224
1789225114329748700,15.809748779296875,0.054325319826602936,0.02684180811047554,-0.37219277024269104
1789225114339787800,15.819787841796876,0.021746404469013214,0.0209144689142704,-0.2041364461183548
1789225114349826600,15.82982666015625,-0.014611603692173958,0.11141560971736908,0.05173688381910324
1789225114359864800,15.83986474609375,-0.013052986934781075,0.11254200339317322,0.3521498739719391
1789225114369903600,15.849903564453125,0.052893273532390594,-0.008355658501386642,0.37307432293891907
1789225114379942700,15.859942626953124,0.05205612629652023,0.1345081776380539,0.1581306904554367
1789225114389980700,15.869980712890625,0.0354933962225914,0.20801354944705963,0.02174675464630127
1789225114400019700,15.880019775390625,-0.0009453148813918233,0.042399536818265915,0.2361942082643509
1789225114410058800,15.890058837890624,-0.010178760625422001,0.016449693590402603,0.45911091566085815
1789225114420096500,15.900096435546875,-0.030917204916477203,-0.005123380105942488,0.19396451115608215
1789225114430135800,15.9101357421875,-0.03594152629375458,0.06320641189813614,-0.21843504905700684
1789225114440174600,15.920174560546876,-0.08175618201494217,-0.015202952548861504,-0.19696103036403656
1789225114450212600,15.930212646484375,-0.056819673627614975,-0.16883592307567596,0.06865520030260086
1789225114460251600,15.940251708984375,-0.05400208756327629,-0.1502108871936798,-0.023559575900435448
1789225114470290700,15.950290771484376,-0.03962847590446472,-0.03285335749387741,-0.2099480926990509
1789225114480328400,15.960328369140624,0.025965694338083267,-0.20318248867988586,-0.44640740752220154
1789225114490367700,15.97036767578125,-0.025258610025048256,-0.04199200123548508,-0.2827489674091339
1789225114500406800,15.98040673828125,-0.06021830439567566,0.014244789257645607,-0.007643017917871475
1789225114510444500,15.990444580078124,-0.06361037492752075,-0.07872935384511948,0.08272123336791992
1789225114520483800,16.00048388671875,-0.0020560575649142265,-0.05835337936878204,-0.15704452991485596
1789225114530522600,16.010522705078124,0.04535939544439316,0.03859926760196686,-0.42687734961509705
1789225114540560600,16.020560546875,0.043913718312978745,-0.023481527343392372,-0.03273182362318039
1789225114550599700,16.030599609375,0.042532335966825485,-0.08589723706245422,0.44696101546287537
1789225114560638700,16.040638671875,-0.003725819056853652,-0.09240584820508957,0.25108665227890015
1789225114570676500,16.050676513671874,-0.0598900243639946,0.12838299572467804,-0.010490616783499718
1789225114580715800,16.0607158203125,-0.06930109113454819,0.062365103513002396,-0.01703893579542637
1789225114590754800,16.0707548828125,-0.020044859498739243,-0.003206184832379222,0.10137106478214264
1789225114600792600,16.08079248046875,0.038960881531238556,-0.05583988502621651,0.060423605144023895
1789225114610831600,16.09083154296875,0.04228264465928078,0.050202127546072006,-0.06354760378599167
1789225114620870700,16.10087060546875,0.021056003868579865,0.030332110822200775,0.06625660508871078
1789225114630908700,16.11090869140625,-0.017445581033825874,-0.05486054718494415,0.1930995136499405
1789225114640947500,16.120947509765625,-0.05062507465481758,-0.015205232426524162,-0.12763604521751404
1789225114650986800,16.13098681640625,-0.08621209859848022,0.06589680910110474,-0.2608340382575989
1789225114661024500,16.1410244140625,-0.08662338554859161,-0.057692352682352066,-0.022539731115102768
1789225114671063600,16.1510634765625,-0.059912677854299545,-0.12123218178749084,0.008452805690467358
1789225114681102800,16.161102783203123,-0.0874951034784317,-0.05018922686576843,0.02795257978141308
1789225114691140600,16.171140625,-0.07441365718841553,-0.14115402102470398,0.11212258040904999
1789225114701179600,16.1811796875,-0.08412467688322067,-0.2359362542629242,0.053530894219875336
1789225114711218700,16.19121875,-0.13279394805431366,-0.1365087330341339,0.05806412547826767
1789225114721256700,16.201256591796874,-0.10844908654689789,-0.23980894684791565,0.220354825258255
1789225114731295500,16.21129541015625,-0.06966227293014526,-0.18577472865581512,0.12483229488134384
1789225114741334800,16.221334716796875,-0.06894414871931076,-0.052855685353279114,0.0893586277961731
1789225114751372500,16.23137255859375,-0.08674099296331406,-0.06631796061992645,0.14911356568336487
1789225114761411600,16.24141162109375,-0.13061310350894928,-0.13103781640529633,-0.03344004228711128
1789225114771451000,16.251450927734375,-0.19971653819084167,-0.13119708001613617,-0.12052541226148605
1789225114781488600,16.261488525390625,-0.2166924923658371,-0.27492883801460266,0.04091911017894745
1789225114791527700,16.271527587890624,-0.17951102554798126,-0.3582594096660614,0.02443920075893402
1789225114801566700,16.281566650390626,-0.14402131736278534,-0.32135504484176636,0.05364181846380234
1789225114811604700,16.291604736328125,-0.1085706427693367,-0.34889665246009827,0.29139018058776855
1789225114821643500,16.3016435546875,-0.10144028812646866,-0.4521913230419159,-0.012354426085948944
1789225114831681800,16.311681884765626,-0.16461260616779327,-0.11080923676490784,-0.5128172636032104
1789225114841720600,16.321720458984377,-0.26249152421951294,-0.31516188383102417,-0.38819432258605957
1789225114851759600,16.331759521484376,-0.2700567841529846,-0.42206382751464844,0.09015998244285583
1789225114861797600,16.341797607421874,-0.24111999571323395,-0.35247522592544556,0.12542308866977692
1789225114871836700,16.351836669921877,-0.13552698493003845,-0.3235360085964203,-0.1096394956111908
1789225114881875700,16.361875732421876,-0.07809240370988846,-0.22581417858600616,-0.15360954403877258
1789225114891913700,16.371913818359374,-0.06478565186262131,-0.35912853479385376,0.0911160558462143
1789225114901952800,16.381952880859377,-0.07637825608253479,-0.36299291253089905,-0.0025908180978149176
1789225114911991600,16.391991455078124,-0.18324212729930878,-0.16816751658916473,0.037818390876054764
1789225114922029800,16.40202978515625,-0.1800798922777176,-0.27518001198768616,0.4941759407520294
1789225114932068600,16.412068603515625,-0.14120733737945557,-0.4246419370174408,0.5860581994056702
1789225114942107600,16.422107666015624,-0.05007404088973999,-0.27655214071273804,-0.011799505911767483
1789225114952145700,16.432145751953126,-0.027115195989608765,-0.2739076316356659,-0.41944557428359985
1789225114962184700,16.442184814453125,-0.08379677683115005,-0.37496548891067505,0.011870156042277813
1789225114972223700,16.4522236328125,-0.06949799507856369,-0.5199386477470398,0.1596606820821762
1789225114982261800,16.46226171875,-0.12154526263475418,-0.18036670982837677,-0.21934357285499573
1789225114992300800,16.47230078125,-0.0014047445729374886,-0.054454583674669266,-0.5948154926300049
1789225115002339600,16.482339599609375,0.10622704029083252,-0.16095852851867676,-0.48685240745544434
1789225115012377900,16.4923779296875,0.15100541710853577,-0.15702344477176666,-0.04222702234983444
1789225115022416600,16.502416748046876,0.13005460798740387,-0.0875469222664833,0.24004581570625305
1789225115032455700,16.51245556640625,0.11159250140190125,-0.09976230561733246,0.06881974637508392
1789225115042493700,16.52249365234375,0.08376747369766235,0.055874355137348175,-0.09286566823720932
1789225115052532700,16.53253271484375,0.0836753323674202,-0.05982188507914543,0.11836321651935577
1789225115062571800,16.54257177734375,0.11682493984699249,-0.10263307392597198,0.27586597204208374
1789225115072609500,16.552609619140625,0.13813155889511108,0.016265084967017174,0.28738442063331604
1789225115082648800,16.56264892578125,0.20003768801689148,-0.02417086251080036,0.3997573256492615
1789225115092687600,16.5726875,0.24839003384113312,-0.03317820280790329,0.31603020429611206
1789225115102725600,16.5827255859375,0.2273954451084137,0.0871845930814743,0.2542503774166107
1789225115112764700,16.5927646484375,0.19044968485832214,0.13160771131515503,0.34590014815330505
1789225115122803700,16.6028037109375,0.20264534652233124,0.027462653815746307,0.1583072394132614
1789225115132841500,16.612841552734373,0.2309315800666809,0.10422161966562271,-0.33185261487960815
1789225115142880800,16.622880859375,0.23191608488559723,0.12942463159561157,-0.46092620491981506
1789225115152919600,16.63291943359375,0.24224194884300232,0.03000456467270851,-0.15749789774417877
1789225115162957600,16.64295751953125,0.2538768947124481,0.022420275956392288,-0.10876093059778214
1789225115172996900,16.652996826171876,0.2915499806404114,0.15265017747879028,-0.34900975227355957
1789225115183035600,16.66303564453125,0.37455326318740845,0.323846697807312,-0.5380274653434753
1789225115193073700,16.67307373046875,0.3782350718975067,0.41854923963546753,-0.11143168807029724
1789225115203112700,16.68311279296875,0.3932221829891205,0.2762894928455353,0.02770914137363434
1789225115213151700,16.69315185546875,0.3110831081867218,0.49633610248565674,-0.07986285537481308
1789225115223189500,16.703189453125,0.2564533054828644,0.3764393925666809,0.16918113827705383
1789225115233228800,16.713228759765624,0.2769007980823517,0.12641598284244537,0.24851804971694946
1789225115243267300,16.723267333984374,0.3085993230342865,0.22089004516601562,-0.09503311663866043
1789225115253305000,16.73330517578125,0.360226571559906,0.12079247087240219,-0.13224759697914124
1789225115263344400,16.743344482421875,0.3715311884880066,0.2015640288591385,0.367992639541626
1789225115273383400,16.753383544921874,0.3698648512363434,0.2761881947517395,0.20478159189224243
1789225115283421200,16.763421142578125,0.33505815267562866,0.5934732556343079,-0.23690594732761383
1789225115293460500,16.77346044921875,0.2569103538990021,0.5297353267669678,-0.3054455816745758
1789225115303499300,16.783499267578126,0.21105748414993286,0.38799211382865906,-0.056988053023815155
1789225115313537300,16.793537353515624,0.20482835173606873,0.34142619371414185,-0.029423803091049194
1789225115323576300,16.803576416015623,0.2409714162349701,0.4010719060897827,0.08457482606172562
1789225115333615400,16.813615478515626,0.3270479738712311,0.30506575107574463,0.07606522738933563
1789225115343653000,16.823653076171876,0.32516661286354065,0.4439322352409363,0.09724488109350204
1789225115353692400,16.8336923828125,0.286920428276062,0.431698203086853,0.07292782515287399
1789225115363731500,16.8437314453125,0.20126213133335114,0.38323840498924255,0.1966579258441925
1789225115373769200,16.853769287109376,0.17522625625133514,0.2079392671585083,0.171160027384758
1789225115383808300,16.863808349609375,0.15082323551177979,0.17170672118663788,-0.04286576807498932
1789225115393847300,16.873847412109374,0.12475807964801788,0.17140577733516693,-0.047540146857500076
1789225115403885300,16.88388525390625,0.13192088901996613,0.10009962320327759,-0.09899378567934036
1789225115413924000,16.893924072265627,0.10192383825778961,0.07607924193143845,-0.2778562009334564
1789225115423963400,16.90396337890625,0.05869847908616066,0.16295143961906433,-0.45304781198501587
1789225115434001200,16.914001220703124,0.04824424162507057,0.13141082227230072,-0.5133066773414612
1789225115444040200,16.924040283203126,0.03048037551343441,0.17330415546894073,-0.3616308271884918
1789225115454078200,16.934078125,0.04105605185031891,0.1522579938173294,0.0033942966256290674
1789225115464117200,16.9441171875,0.0634654238820076,0.1114034429192543,0.21536892652511597
1789225115474156300,16.95415625,0.029559386894106865,0.10953976213932037,0.3611815273761749
1789225115484194300,16.9641943359375,0.0004529908765107393,0.023458225652575493,0.4156462848186493
1789225115494233300,16.9742333984375,-0.04703143984079361,0.06250496208667755,0.1888275295495987
1789225115504272100,16.984272216796874,-0.06982873380184174,-0.012656201608479023,-0.025208119302988052
1789225115514310400,16.994310302734377,-0.11048348248004913,-0.04515901952981949,0.14560677111148834
1789225115524349200,17.00434912109375,-0.12240646779537201,-0.09110627323389053,0.4048951268196106
1789225115534388200,17.01438818359375,-0.10121303051710129,-0.13833104074001312,0.1528242826461792
1789225115544426200,17.02442626953125,-0.06021615117788315,0.055466823279857635,-0.28967925906181335
1789225115554465300,17.03446533203125,-0.037941206246614456,-0.03157353401184082,-0.35988256335258484
1789225115564504300,17.04450439453125,-0.017114147543907166,-0.12535187602043152,-0.18175062537193298
1789225115574542300,17.054542236328125,-0.062007319182157516,0.013254738412797451,-0.07664471864700317
1789225115584581400,17.064581298828124,-0.06474792957305908,0.08646561950445175,-0.2675592303276062
1789225115594620200,17.0746201171875,0.01153672207146883,0.20887622237205505,-0.5375686287879944
1789225115604658400,17.084658447265625,0.017183473333716393,0.09293156117200851,-0.2864183783531189
1789225115614697200,17.094697265625,-0.0013974013272672892,0.015409601852297783,0.2659968435764313
1789225115624736300,17.104736328125,-0.04380681738257408,0.014081302098929882,0.31654250621795654
1789225115634774300,17.114774169921876,-0.049955788999795914,0.07616251707077026,0.1425296813249588
1789225115644813300,17.124813232421875,-0.0286952443420887,0.027368877083063126,0.17290569841861725
1789225115654852400,17.134852294921874,-0.048285454511642456,0.15834687650203705,0.3558803200721741
1789225115664890400,17.144890380859376,-0.03956827521324158,0.25811538100242615,0.38507047295570374
1789225115674929400,17.154929443359375,-0.01780864968895912,0.24636925756931305,0.19424833357334137
1789225115684968200,17.16496826171875,0.05079123377799988,0.019020581617951393,0.010670271702110767
1789225115695006500,17.17500634765625,0.062324319034814835,-0.10974618792533875,-0.11247003078460693
1789225115705045200,17.185045166015627,0.02934156358242035,-0.12880806624889374,-0.06183791533112526
1789225115715084300,17.195084228515626,-0.010288937017321587,-0.0027097805868834257,-0.04950987920165062
1789225115725122300,17.205122314453124,-0.055342745035886765,0.09136977791786194,-0.28453701734542847
1789225115735161300,17.215161376953127,-0.08913958817720413,0.40176042914390564,-0.33652937412261963
1789225115745200000,17.2252001953125,-0.030660010874271393,0.2481357306241989,-0.569466769695282
1789225115755238400,17.23523828125,0.05919371172785759,0.16458968818187714,-0.4534224569797516
1789225115765277400,17.24527734375,0.11946412920951843,0.0736069455742836,-0.11240406334400177
1789225115775316200,17.255316162109374,0.09080798178911209,0.047713298350572586,0.19845101237297058
1789225115785354500,17.2653544921875,0.055327158421278,0.024236135184764862,0.20886462926864624
1789225115795393300,17.275393310546875,0.02301662415266037,0.1006946936249733,0.3521280288696289
1789225115805431300,17.285431396484373,0.01834033988416195,0.107516348361969,0.2751784920692444
1789225115815470300,17.29547021484375,0.046106986701488495,0.4603785276412964,0.06826099753379822
1789225115825509400,17.30550927734375,0.04798498377203941,0.44076457619667053,0.15455679595470428
1789225115835547100,17.315547119140625,0.11982081830501556,0.34406864643096924,0.2663813531398773
1789225115845586200,17.325586181640624,0.15531019866466522,0.30870646238327026,0.0926196426153183
1789225115855625500,17.33562548828125,0.15601620078086853,0.33309170603752136,-0.1361810564994812
1789225115865663200,17.345663330078125,0.08898995816707611,0.30319738388061523,0.04842708259820938
1789225115875702300,17.355702392578124,0.07034569978713989,0.10989769548177719,0.23520149290561676
1789225115885741300,17.3657412109375,0.03447919338941574,0.1627054065465927,-0.1809496283531189
1789225115895779300,17.375779296875,0.03850749135017395,0.4862757623195648,-0.557885468006134
1789225115905818000,17.385818115234375,0.045202385634183884,0.3165290355682373,-0.2750055193901062
1789225115915857400,17.395857421875,0.14729680120944977,0.20889365673065186,-0.030031461268663406
1789225115925895200,17.405895263671876,0.16795894503593445,0.35412436723709106,-0.10381607711315155
1789225115935934200,17.415934326171875,0.12805414199829102,0.43190997838974,0.07929115742444992
1789225115945973200,17.42597314453125,0.11510061472654343,0.3147384226322174,0.3552348017692566
1789225115956011300,17.43601123046875,0.10831328481435776,0.19658194482326508,0.32969480752944946
1789225115966050300,17.44605029296875,0.13296997547149658,0.32707637548446655,-0.05285956338047981
1789225115976089300,17.45608935546875,0.050802141427993774,0.5420962572097778,0.059103190898895264
1789225115986127400,17.46612744140625,0.07121077924966812,0.24125874042510986,0.4783969521522522
1789225115996166100,17.476166259765623,0.11139921098947525,0.06922812759876251,0.17066551744937897
1789225116006205400,17.486205322265626,0.06670065969228745,0.36501526832580566,-0.33705154061317444
1789225116016243200,17.4962431640625,0.0899905413389206,0.20978252589702606,-0.3534563481807709
1789225116026282200,17.5062822265625,0.07536202669143677,0.16099974513053894,0.19661255180835724
1789225116036321300,17.5163212890625,0.10096566379070282,0.04737812280654907,0.13727706670761108
1789225116046359300,17.526359375,0.07910160720348358,0.4440639615058899,-0.25354722142219543
1789225116056398300,17.5363984375,0.08202975243330002,0.47711271047592163,-0.43905824422836304
1789225116066437000,17.54643701171875,0.009657086804509163,0.29685404896736145,-0.07098175585269928
1789225116076475400,17.556475341796876,-0.019041137769818306,0.19376707077026367,0.24330294132232666
1789225116086514200,17.56651416015625,0.05674433335661888,0.03280658647418022,-0.08258094638586044
1789225116096553200,17.57655322265625,0.023452160879969597,0.2397211492061615,-0.27598342299461365
1789225116106591200,17.58659130859375,-0.023946523666381836,0.2078303098678589,0.2769193649291992
1789225116116630300,17.59663037109375,-0.03521009534597397,-0.03562363609671593,0.5077083706855774
1789225116126668300,17.606668212890625,-0.123890221118927,0.13990740478038788,0.32526522874832153
1789225116136707300,17.616707275390624,-0.1131206601858139,0.11581352353096008,-0.14272485673427582
1789225116146746000,17.62674609375,-0.12559932470321655,0.016031915321946144,-0.48385855555534363
1789225116156784400,17.636784423828125,-0.13545700907707214,0.008689047768712044,0.034398701041936874
1789225116166823400,17.646823486328124,-0.109233058989048,0.05199078097939491,0.3956075608730316
1789225116176862200,17.6568623046875,-0.06607680022716522,0.08442115783691406,0.2130286991596222
1789225116186900500,17.666900390625,-0.040750645101070404,0.09859027713537216,-0.11560937762260437
1789225116196939300,17.676939208984376,-0.12903256714344025,0.2902803421020508,-0.08883102983236313
1789225116206978300,17.686978271484374,-0.19058990478515625,-0.11502185463905334,-0.16651061177253723
1789225116217016300,17.697016357421877,-0.23457014560699463,-0.2595585286617279,-0.07592557370662689
1789225116227055400,17.707055419921875,-0.2750290632247925,-0.21814364194869995,0.17869612574577332
1789225116237094100,17.71709423828125,-0.2078375220298767,-0.30299195647239685,0.11075648665428162
1789225116247132400,17.72713232421875,-0.18749764561653137,-0.19607962667942047,-0.16599778831005096
1789225116257171500,17.73717138671875,-0.1771523356437683,-0.1842658370733261,-0.25720545649528503
1789225116267210500,17.74721044921875,-0.23596440255641937,-0.026535218581557274,0.31425634026527405
1789225116277248300,17.757248291015625,-0.2252209484577179,0.026651304215192795,0.5730575323104858
1789225116287287600,17.76728759765625,-0.13253679871559143,-0.05583503469824791,0.3255780041217804
1789225116297326300,17.777326416015626,-0.08352530002593994,-0.42009103298187256,-0.2984789311885834
1789225116307364400,17.7873642578125,-0.20216761529445648,-0.3799564242362976,-1.062502384185791
1789225116317403600,17.797403564453123,-0.2939656972885132,-0.034197695553302765,-0.3826090693473816
1789225116327441400,17.80744140625,-0.2384818196296692,-0.5023847818374634,0.5325953960418701
1789225116337480400,17.81748046875,-0.23131658136844635,-0.5420618653297424,0.39938297867774963
1789225116347519500,17.82751953125,-0.31782376766204834,-0.06149047240614891,-0.25007158517837524
1789225116357557500,17.8375576171875,-0.30906277894973755,0.1923268735408783,-0.6086958050727844
1789225116367596300,17.84759619140625,-0.21448615193367004,0.08293922990560532,-0.19443920254707336
1789225116377635600,17.857635498046875,-0.15342891216278076,-0.02264765091240406,0.4082442820072174
1789225116387673300,17.86767333984375,-0.06592407077550888,-0.1542980819940567,0.48432281613349915
1789225116397712400,17.87771240234375,-0.051509175449609756,-0.046578265726566315,0.17708992958068848
1789225116407751400,17.88775146484375,-0.07907164096832275,-0.18346267938613892,0.02978854812681675
1789225116417789400,17.89778955078125,-0.1400766670703888,-0.37880739569664,0.35182809829711914
1789225116427828500,17.907828369140624,-0.184212327003479,-0.46174266934394836,0.24843963980674744
1789225116437867500,17.917867431640627,-0.2801937162876129,-0.12452735751867294,0.06340639293193817
1789225116447905500,17.927905517578125,-0.2704346776008606,-0.07539083063602448,-0.005348259583115578
1789225116457944300,17.9379443359375,-0.14675748348236084,-0.09232240915298462,-0.07469244301319122
1789225116467983400,17.9479833984375,-0.10249864310026169,-0.0030931595247238874,-0.0711878314614296
1789225116478021400,17.958021484375,-0.02664222940802574,-0.1146220788359642,-0.03288251534104347
1789225116488060400,17.968060302734376,-0.02631399966776371,-0.16872727870941162,0.0799005851149559
1789225116498099200,17.97809912109375,-0.020948262885212898,-0.2763008773326874,-0.06397935003042221
1789225116508137500,17.988137451171873,-0.048897601664066315,-0.15011152625083923,-0.3555203974246979
1789225116518176500,17.998176513671876,-0.11942590028047562,-0.11207150667905807,-0.17619691789150238
1789225116528215300,18.00821533203125,-0.08652055263519287,-0.3057742714881897,0.08706437796354294
1789225116538253600,18.018253662109377,-0.09388019889593124,-0.12482846528291702,-0.11391373723745346
1789225116548292400,18.028292236328124,-0.10065244883298874,-0.01361735537648201,-0.07456878572702408
1789225116558330600,18.03833056640625,-0.04639613628387451,-0.18575450778007507,0.2409162074327469
1789225116568369400,18.048369384765625,-0.012231244705617428,-0.18029554188251495,0.24185651540756226
1789225116578408400,18.058408447265624,-0.007166977971792221,-0.04439336061477661,0.01336714718490839
1789225116588446500,18.068446533203126,-0.009326774626970291,-0.053880058228969574,-0.1601574718952179
1789225116598485500,18.078485595703125,-0.08152587711811066,-0.12073897570371628,0.22495374083518982
1789225116608524300,18.088524169921875,-0.10303992033004761,-0.3599632680416107,0.39699453115463257
1789225116618562600,18.0985625,-0.14435407519340515,-0.2683497369289398,0.11951150745153427
1789225116628601600,18.1086015625,-0.1637445092201233,-0.2465980499982834,-0.1405034363269806
1789225116638640400,18.118640380859375,-0.18352167308330536,-0.35844361782073975,0.04022132605314255
1789225116648678700,18.1286787109375,-0.22541983425617218,-0.3400341868400574,0.5586748719215393
1789225116658717400,18.138717529296876,-0.18441353738307953,-0.4516123831272125,0.4384525716304779
1789225116668756500,18.148756591796875,-0.09993141144514084,-0.31098872423171997,-0.24725235998630524
1789225116678794500,18.15879443359375,-0.10789293050765991,-0.24984094500541687,-0.5937709212303162
1789225116688833500,18.16883349609375,-0.14088933169841766,-0.3414577841758728,0.16440197825431824
1789225116698872300,18.178872314453123,-0.10052992403507233,-0.5752052664756775,0.30858632922172546
1789225116708910600,18.18891064453125,-0.13293136656284332,-0.2843455672264099,-0.13139818608760834
1789225116718949600,18.19894970703125,-0.04974725842475891,-0.11537332832813263,-0.616290807723999
1789225116728988400,18.208988525390627,-0.10058823227882385,-0.24946817755699158,-0.3283604681491852
1789225116739026400,18.2190263671875,-0.10472439229488373,-0.3907565772533417,0.035797521471977234
1789225116749065500,18.2290654296875,-0.13487854599952698,-0.24761804938316345,0.034389231353998184
1789225116759103500,18.239103515625,-0.08850278705358505,-0.19789522886276245,-0.001231347443535924
1789225116769142300,18.249142333984373,0.028825491666793823,-0.24973228573799133,-0.07997646182775497
1789225116779181600,18.259181640625,0.05593061074614525,-0.19606585800647736,0.006338715553283691
1789225116789219300,18.26921923828125,0.04609966650605202,-0.17431330680847168,0.11362327635288239
1789225116799258400,18.27925830078125,-0.005670052953064442,-0.12584084272384644,0.332256555557251
1789225116809297400,18.28929736328125,-0.016770485788583755,-0.18879838287830353,0.45363157987594604
1789225116819335400,18.29933544921875,-0.014343548566102982,-0.028647320345044136,0.36153706908226013
1789225116829374500,18.30937451171875,0.04622267931699753,0.10838200896978378,0.043856989592313766
1789225116839413500,18.31941357421875,0.10066062211990356,0.033463284373283386,0.21925517916679382
1789225116849451500,18.329451416015626,0.17073947191238403,-0.25444531440734863,0.2590979337692261
1789225116859490300,18.339490234375,0.18467846512794495,-0.1715773344039917,-0.19541046023368835
1789225116869529600,18.349529541015624,0.09169530868530273,-0.015040891245007515,-0.2892443537712097
1789225116879567400,18.3595673828125,0.0903211161494255,0.0013503334484994411,0.1667921543121338
1789225116889606400,18.3696064453125,0.12436236441135406,0.09460988640785217,0.45209527015686035
1789225116899645400,18.3796455078125,0.2235424667596817,0.1650555580854416,-0.022989779710769653
1789225116909683500,18.389683349609374,0.4111088812351227,-0.03454999998211861,-0.8905948996543884
1789225116919722500,18.399722412109377,0.3097119629383087,0.47517475485801697,-1.3707681894302368
1789225116929760500,18.409760498046875,0.22795045375823975,0.16971252858638763,-0.0712762251496315
1789225116939799600,18.419799560546874,0.23606856167316437,-0.1458510160446167,0.5406444072723389
1789225116949838300,18.42983837890625,0.18738459050655365,0.24292436242103577,0.24935954809188843
1789225116959876600,18.439876708984375,0.09555613994598389,0.16932044923305511,-0.2541866898536682
1789225116969915400,18.449915283203126,0.14617952704429626,0.256906121969223,-0.10479551553726196
1789225116979954400,18.459954345703125,0.17250753939151764,0.08518655598163605,0.4682091474533081
1789225116989992400,18.469992431640627,0.21509450674057007,0.04476093128323555,0.42539945244789124
1789225117000031500,18.480031494140626,0.2000385969877243,0.41684690117836,0.3172745704650879
1789225117010070300,18.4900703125,0.2821277678012848,0.37321433424949646,0.19698937237262726
1789225117020108500,18.500108642578127,0.3179590106010437,0.2991507649421692,-0.08112134784460068
1789225117030147600,18.510147705078126,0.29689425230026245,0.3950935900211334,-0.36871179938316345
1789225117040186400,18.520186279296876,0.21750915050506592,0.38202759623527527,-0.07529698312282562
1789225117050224600,18.530224609375,0.20339253544807434,0.3161622881889343,0.23308853805065155
1789225117060263400,18.540263427734374,0.24561113119125366,0.3381621837615967,0.026808511465787888
1789225117070302500,18.550302490234376,0.29325106739997864,0.1611434519290924,-0.5827080607414246
1789225117080340500,18.560340576171875,0.25150415301322937,0.3053874373435974,-0.986590564250946
1789225117090379500,18.570379638671874,0.14196541905403137,0.2585810422897339,0.10112730413675308
1789225117100417300,18.580417236328124,0.08528109639883041,-0.02098773419857025,0.44007205963134766
1789225117110456600,18.59045654296875,0.0021328190341591835,0.29835471510887146,0.0039064353331923485
1789225117120495600,18.60049560546875,-0.0009958624141290784,0.30110684037208557,-0.5140887498855591
1789225117130533400,18.610533447265624,-0.01764104887843132,0.2791198492050171,-0.19399860501289368
1789225117140572700,18.62057275390625,0.002488985424861312,0.17596843838691711,0.5156022906303406
1789225117150611500,18.630611572265625,0.02937803603708744,0.14809490740299225,0.48198017477989197
1789225117160649500,18.6406494140625,0.05433851480484009,0.09848448634147644,0.08669518679380417
1789225117170688500,18.6506884765625,0.07384862750768661,0.2127658575773239,-0.29982203245162964
1789225117180727600,18.6607275390625,-0.015287905931472778,0.1555880457162857,0.0821828842163086
1789225117190765300,18.670765380859375,-0.02352645993232727,-0.009848648682236671,0.13763132691383362
1789225117200804400,18.680804443359374,-0.12848404049873352,0.1509849727153778,-0.005252847447991371
1789225117210843400,18.690843505859377,-0.15868353843688965,0.11996147781610489,-0.11543329805135727
1789225117220881400,18.70088134765625,-0.19243724644184113,0.033056408166885376,-0.32234013080596924
1789225117230920400,18.71092041015625,-0.22624938189983368,-0.045106686651706696,-0.4183235764503479
1789225117240959500,18.72095947265625,-0.22803530097007751,-0.23980213701725006,-0.1490929126739502
1789225117250996700,18.730996826171875,-0.24901342391967773,-0.23808027803897858,0.09162013977766037
1789225117261036000,18.7410361328125,-0.2571382224559784,-0.16343532502651215,0.2134653627872467
1789225117271073800,18.75107373046875,-0.23994047939777374,-0.18604841828346252,0.022869767621159554
1789225117281112800,18.76111279296875,-0.2700755000114441,-0.09969301521778107,-0.15730266273021698
1789225117291152100,18.771152099609374,-0.3773616850376129,-0.2277640998363495,0.19628645479679108
1789225117301190000,18.78118994140625,-0.441093772649765,-0.2871166169643402,0.5909533500671387
1789225117311229000,18.79122900390625,-0.42228081822395325,-0.3401679992675781,0.26668328046798706
1789225117321268000,18.80126806640625,-0.3500764071941376,-0.3261147737503052,-0.31177952885627747
1789225117331306000,18.811305908203124,-0.3695213198661804,-0.4463598132133484,-0.2175717055797577
1789225117341344800,18.8213447265625,-0.39129799604415894,-0.5463594198226929,0.447324275970459
1789225117351383800,18.8313837890625,-0.3814382553100586,-0.5743690133094788,0.08958858251571655
1789225117361421800,18.841421875,-0.4569982588291168,-0.21719253063201904,-0.37287038564682007
1789225117371460900,18.8514609375,-0.4642474055290222,-0.3664981722831726,-0.19814732670783997
1789225117381500000,18.8615,-0.45899006724357605,-0.592789351940155,-0.043402742594480515
1789225117391538000,18.871537841796876,-0.42764559388160706,-0.4119884967803955,-0.4494968354701996
1789225117401577000,18.881576904296875,-0.42246147990226746,-0.46208786964416504,-0.484141081571579
1789225117411615000,18.891614990234373,-0.437761515378952,-0.6101851463317871,0.08726569265127182
1789225117421654000,18.901654052734376,-0.44950634241104126,-0.7336876392364502,0.29272350668907166
1789225117431692800,18.91169287109375,-0.5333962440490723,-0.5101630687713623,0.1486094743013382
1789225117441731000,18.92173095703125,-0.553961992263794,-0.5021027326583862,0.14130814373493195
1789225117451769900,18.931769775390624,-0.5651853680610657,-0.6784170866012573,0.44487130641937256
1789225117461809000,18.941808837890626,-0.534904956817627,-0.6679481863975525,0.4381084740161896
1789225117471847000,18.951846923828125,-0.4893985092639923,-0.37663987278938293,0.3511323034763336
1789225117481886000,18.961885986328124,-0.32122093439102173,-0.5223198533058167,0.05773133412003517
1789225117491925000,18.971925048828126,-0.20945844054222107,-0.5384879112243652,-0.21563921868801117
1789225117501963000,18.981962890625,-0.16777251660823822,-0.516459047794342,-0.15552687644958496
1789225117512002000,18.992001953125,-0.16761013865470886,-0.32542285323143005,-0.017846936360001564
1789225117522040800,19.002040771484374,-0.21504662930965424,-0.12891273200511932,0.06838089227676392
1789225117532079000,19.0120791015625,-0.1944805532693863,-0.2721904516220093,-0.03472296521067619
1789225117542118000,19.022117919921875,-0.14452791213989258,-0.21078328788280487,-0.40144291520118713
1789225117552156000,19.032156005859374,-0.1426531970500946,-0.19910013675689697,-0.43970850110054016
1789225117562195000,19.04219482421875,-0.08518324047327042,-0.3731931149959564,-0.1466159075498581
1789225117572234000,19.05223388671875,-0.07912783324718475,-0.25117459893226624,0.03586055338382721
1789225117582271700,19.062271728515626,0.006823824718594551,-0.23624387383460999,0.020688261836767197
1789225117592310800,19.072310791015624,0.09684306383132935,-0.1937527358531952,0.013284895569086075
1789225117602350000,19.08235009765625,0.11387185752391815,-0.15831458568572998,0.05645313858985901
1789225117612387800,19.092387939453126,0.12486898899078369,-0.06638956815004349,0.09370534121990204
1789225117622427000,19.102427001953124,0.10567665100097656,0.0969703271985054,0.19554436206817627
1789225117632466000,19.1124658203125,0.15714171528816223,0.12066661566495895,0.275848925113678
1789225117642504000,19.12250390625,0.20827573537826538,0.17644093930721283,0.010439340025186539
1789225117652542700,19.132542724609376,0.28893375396728516,0.44739457964897156,-0.3841121792793274
1789225117662581000,19.1425810546875,0.3227412700653076,0.2549186050891876,-0.04497325047850609
1789225117672619800,19.152619873046874,0.3998081386089325,0.0183119997382164,0.26118725538253784
1789225117682658800,19.162658935546876,0.3752939999103546,0.09900285303592682,0.04708217829465866
1789225117692696800,19.17269677734375,0.32664763927459717,0.24491344392299652,-0.11130053550004959
1789225117702736000,19.18273583984375,0.3090564012527466,0.16647297143936157,-0.01947980374097824
1789225117712775000,19.19277490234375,0.29776477813720703,0.2917346656322479,0.08610080927610397
1789225117722813000,19.20281298828125,0.3652767241001129,0.18541939556598663,0.041029203683137894
1789225117732852000,19.21285205078125,0.4638800621032715,0.3520260751247406,-0.48941633105278015
1789225117742890800,19.222890869140624,0.4559862017631531,0.41525936126708984,-0.46253731846809387
1789225117752929000,19.232928955078126,0.360308438539505,0.2213285118341446,0.19891968369483948
1789225117762967800,19.2429677734375,0.29019832611083984,0.03731340169906616,0.18315322697162628
1789225117773006800,19.2530068359375,0.21423816680908203,0.22697854042053223,-0.10694938153028488
1789225117783044900,19.263044921875,0.28669506311416626,0.15183505415916443,-0.04563568904995918
1789225117793084000,19.273083984375,0.3530149459838867,0.21217429637908936,0.20707298815250397
1789225117803122000,19.283121826171875,0.4258296489715576,0.29889869689941406,0.264681339263916
1789225117813161000,19.293160888671874,0.4853467047214508,0.3772086203098297,0.038212213665246964
1789225117823200000,19.303199951171877,0.43145763874053955,0.5536816716194153,0.016253385692834854
1789225117833237800,19.31323779296875,0.3494415879249573,0.3397105038166046,0.1783664971590042
1789225117843277000,19.323277099609374,0.32138118147850037,0.23485518991947174,0.11179918050765991
1789225117853315800,19.33331591796875,0.2952304780483246,0.3239879310131073,-0.008119122125208378
1789225117863353900,19.343353759765623,0.32600197196006775,0.31706318259239197,0.09113822132349014
1789225117873393000,19.353392822265626,0.3893364667892456,0.2837235629558563,0.16939857602119446
1789225117883432000,19.363431884765625,0.46180376410484314,0.2620049715042114,-0.0466463603079319
1789225117893469700,19.3734697265625,0.49524521827697754,0.49311211705207825,-0.5019021034240723
1789225117903509000,19.383509033203126,0.40404605865478516,0.569817841053009,-0.2291422337293625
1789225117913546800,19.393546630859376,0.39163467288017273,0.3069787323474884,0.0546969398856163
1789225117923585800,19.403585693359375,0.35519516468048096,0.38752925395965576,-0.2556598484516144
1789225117933625000,19.413625,0.35798344016075134,0.4417758882045746,-0.4690079689025879
1789225117943662800,19.423662841796876,0.42112165689468384,0.4196772277355194,-0.018767310306429863
1789225117953702000,19.433701904296875,0.48311495780944824,0.426166832447052,0.2583083510398865
1789225117963741000,19.443740966796874,0.48589688539505005,0.5889381170272827,0.29772740602493286
1789225117973779000,19.453779052734376,0.48798057436943054,0.7125540971755981,0.29666203260421753
1789225117983817700,19.463817626953126,0.46854668855667114,0.7141727805137634,0.1179945319890976
1789225117993857000,19.47385693359375,0.3847212791442871,0.5494464039802551,0.1029132753610611
1789225118003894800,19.483894775390624,0.2837725579738617,0.4377225339412689,0.318880170583725
1789225118013933800,19.493933837890626,0.2574804723262787,0.34461522102355957,0.41879987716674805
1789225118023972900,19.503972900390625,0.2848396599292755,0.2815347909927368,0.18084856867790222
1789225118034011000,19.514010986328124,0.31405723094940186,0.3708774447441101,-0.012572699226439
1789225118044050000,19.5240498046875,0.3491728603839874,0.435109943151474,-0.26698368787765503
1789225118054088000,19.534087890625,0.29076096415519714,0.4966450035572052,-0.28773075342178345
1789225118064127000,19.544126953125,0.22634071111679077,0.4293586313724518,-0.19159486889839172
1789225118074165800,19.554165771484374,0.1783912032842636,0.39421331882476807,-0.32183536887168884
1789225118084204000,19.5642041015625,0.18380913138389587,0.2992759048938751,-0.351748526096344
1789225118094242800,19.574242919921875,0.21284732222557068,0.1763882040977478,-0.05581717565655708
1789225118104281900,19.58428173828125,0.24041371047496796,0.15940310060977936,0.029078537598252296
1789225118114320000,19.59431982421875,0.17768655717372894,0.27613627910614014,-0.07688062638044357
1789225118124359000,19.60435888671875,0.11306335777044296,0.3113432824611664,-0.11135844141244888
1789225118134398000,19.61439794921875,0.000904416898265481,0.3157641887664795,0.30888861417770386
1789225118144436000,19.62443603515625,-0.014521944336593151,0.14369787275791168,0.3635076582431793
1789225118154475000,19.63447509765625,0.033774763345718384,0.20307624340057373,0.06453227996826172
1789225118164512800,19.6445126953125,0.02248828299343586,0.08240123838186264,0.1265527755022049
1789225118174552000,19.654552001953125,0.022794242948293686,-0.06770946085453033,0.5350964069366455
1789225118184590800,19.6645908203125,-0.009660368785262108,-0.1631997674703598,0.4103821814060211
1789225118194628900,19.67462890625,-0.007950936444103718,0.004040305502712727,-0.14017365872859955
1789225118204668000,19.68466796875,-0.0035577858798205853,0.1494038850069046,-0.5000545978546143
1789225118214707000,19.69470703125,-0.05422549322247505,0.1735246777534485,0.06965839862823486
1789225118224744700,19.70474462890625,0.018278803676366806,0.07034209370613098,0.064090795814991
1789225118234784000,19.714783935546876,0.022320657968521118,0.29226115345954895,-0.265629380941391
1789225118244823000,19.724822998046875,0.09879465401172638,0.21518929302692413,-0.5087131261825562
1789225118254860800,19.73486083984375,0.0564662404358387,0.09061817079782486,-0.16247466206550598
1789225118264900000,19.744900146484376,0.03364641219377518,-0.091785728931427,0.05978771671652794
1789225118274937900,19.754937744140626,-0.026843298226594925,-0.12024130672216415,-0.07567828893661499
1789225118284977000,19.764976806640625,-0.11459818482398987,-0.05125744640827179,-0.05202889069914818
1789225118295016000,19.775015869140624,-0.1403011530637741,-0.03002273105084896,0.03943897411227226
1789225118305054000,19.785053955078126,-0.09783515334129333,0.0578586645424366,-0.04934437945485115
1789225118315093000,19.795093017578125,-0.026727858930826187,0.17704667150974274,0.11618152260780334
1789225118325131800,19.8051318359375,0.052185069769620895,0.16497749090194702,0.3979247808456421
1789225118335170000,19.815170166015626,0.08965889364480972,0.1795468032360077,0.2362586259841919
1789225118345208800,19.825208740234373,0.07071316242218018,0.1507452428340912,-0.016490263864398003
1789225118355247900,19.835247802734376,-0.02476315386593342,0.007608484942466021,0.1612820327281952
1789225118365286000,19.845285888671874,-0.10238764435052872,-0.1374477744102478,0.048647891730070114
1789225118375325000,19.855324951171873,-0.1878662258386612,0.06587905436754227,-0.09872546792030334
1789225118385363000,19.865363037109375,-0.14218395948410034,-0.0671711415052414,-0.03624078631401062
1789225118395402000,19.875402099609374,-0.04040340334177017,-0.12258070707321167,-0.08631062507629395
1789225118405441000,19.88544091796875,0.010854192078113556,0.13599786162376404,-0.24567924439907074
1789225118415479000,19.89547900390625,-0.0016233413480222225,0.14730073511600494,-0.054879073053598404
1789225118425518000,19.90551806640625,-0.017775412648916245,0.0730118528008461,0.3055371940135956
1789225118435556900,19.915556884765625,-0.024308793246746063,0.0015266346745193005,0.2820034325122833
1789225118445595100,19.92559521484375,0.005923676770180464,0.09222724288702011,-0.18873798847198486
1789225118455634000,19.935634033203126,-0.025287987664341927,0.06546545028686523,-0.5625842809677124
1789225118465673000,19.9456728515625,-0.04563826695084572,-0.03330506756901741,-0.028076108545064926
1789225118475711000,19.9557109375,-0.013490184210240841,-0.09769577533006668,0.23778380453586578
1789225118485750000,19.96575,-0.043384701013565063,0.02458646334707737,-0.06329801678657532
1789225118495787800,19.975787841796876,0.021628083661198616,0.072028249502182,-0.7447976469993591
1789225118505827000,19.9858271484375,-0.08000799268484116,0.06959571689367294,-0.5952020287513733
1789225118515866000,19.9958662109375,-0.17049948871135712,0.05771753937005997,0.06861673295497894
1789225118525904000,20.00590380859375,-0.2050742506980896,0.11283405125141144,0.19844423234462738
1789225118535943000,20.01594287109375,-0.1692102700471878,0.306968629360199,0.07937551289796829
1789225118545982000,20.02598193359375,0.0016056776512414217,-0.05723996087908745,-0.3283328711986542
1789225118556020000,20.03602001953125,0.020958222448825836,-0.042755141854286194,-0.32666805386543274
1789225118566058800,20.046058837890627,-0.06575457006692886,-0.055157750844955444,0.6385664939880371
1789225118576097000,20.056096923828125,-0.1155746653676033,-0.2723223865032196,0.843898594379425
1789225118586135800,20.0661357421875,-0.1848868876695633,0.027765007689595222,0.37606531381607056
1789225118596174800,20.0761748046875,-0.2178177684545517,0.21097096800804138,0.17895443737506866
1789225118606212900,20.086212890625,-0.21756184101104736,-0.026153165847063065,0.14737388491630554
1789225118616252000,20.096251953125,-0.17616549134254456,-0.21426722407341003,-0.09445279091596603
1789225118626291000,20.106291015625,-0.21770387887954712,-0.24333056807518005,-0.06591488420963287
1789225118636329000,20.116328857421873,-0.18091470003128052,-0.1751808077096939,0.20276664197444916
1789225118646368000,20.126367919921876,-0.1305609792470932,-0.15868838131427765,-0.07594621926546097
1789225118656406800,20.13640673828125,-0.10674966126680374,0.05352054163813591,-0.306430846452713
1789225118666445000,20.146445068359377,-0.16711047291755676,0.031343866139650345,-0.12081728130578995
1789225118676483800,20.15648388671875,-0.19640971720218658,-0.25202253460884094,-0.2438698261976242
1789225118686522000,20.166522216796874,-0.27329862117767334,-0.07241334766149521,-0.45620816946029663
1789225118696561000,20.176560791015625,-0.3599758446216583,-0.1031397134065628,-0.07420013844966888
1789225118706600000,20.186599853515624,-0.2848496735095978,-0.36701899766921997,0.2883106768131256
1789225118716638000,20.196637939453126,-0.20675817131996155,-0.3550654947757721,0.1690051257610321
1789225118726677000,20.206677001953125,-0.15630830824375153,-0.20580677688121796,-0.08049951493740082
1789225118736716000,20.216716064453124,-0.1914648413658142,-0.36680272221565247,0.029488608241081238
1789225118746754000,20.226754150390626,-0.26943179965019226,-0.3441927433013916,0.41944384574890137
1789225118756793000,20.23679296875,-0.3550025224685669,-0.17710484564304352,0.3802051246166229
1789225118766831900,20.246831787109375,-0.35279902815818787,-0.0573643296957016,0.18426385521888733
1789225118776870000,20.256869873046874,-0.27647265791893005,0.0029122084379196167,0.029718564823269844
1789225118786909000,20.266908935546876,-0.20399978756904602,-0.20391075313091278,0.033398788422346115
1789225118796947000,20.276947021484375,-0.17927566170692444,-0.3287537097930908,-0.04353497549891472
1789225118806985700,20.28698583984375,-0.24703100323677063,-0.3299260437488556,0.17187614738941193
1789225118817025000,20.29702490234375,-0.28106623888015747,-0.44157034158706665,0.29022300243377686
1789225118827062800,20.307062744140627,-0.32718393206596375,-0.28987082839012146,0.006167305633425713
1789225118837101800,20.317101806640625,-0.336516410112381,-0.08925428986549377,-0.1973012536764145
1789225118847141000,20.32714111328125,-0.2452373504638672,-0.28131136298179626,-0.28719091415405273
1789225118857179000,20.337178955078127,-0.17733101546764374,-0.4168417751789093,-0.1650569587945938
1789225118867218000,20.347218017578125,-0.18357719480991364,-0.33668622374534607,-0.07284367829561234
1789225118877256000,20.357255859375,-0.25157102942466736,-0.15127231180667877,-0.08125296235084534
1789225118887295000,20.367294921875,-0.2570358216762543,-0.24365682899951935,0.2027987241744995
1789225118897333800,20.377333740234373,-0.24038165807724,-0.3606134355068207,0.34802401065826416
1789225118907372000,20.3873720703125,-0.1999732404947281,-0.13998651504516602,-0.03604055941104889
1789225118917410800,20.397410888671875,-0.13197387754917145,-0.002991546643897891,-0.24205441772937775
1789225118927449900,20.407449951171873,-0.09141313284635544,-0.1342235952615738,0.36208659410476685
1789225118937488000,20.41748779296875,-0.05077257752418518,-0.2826118469238281,0.6872239112854004
1789225118947527000,20.42752685546875,-0.060723211616277695,-0.10319093614816666,0.2625780999660492
1789225118957566000,20.43756591796875,-0.1433572620153427,-0.021105557680130005,-0.4193655252456665
1789225118967604000,20.44760400390625,-0.24569028615951538,-0.1370457410812378,-0.14014054834842682
1789225118977643000,20.45764306640625,-0.21631763875484467,-0.3105503022670746,0.3435702621936798
1789225118987681000,20.467680908203125,-0.15994411706924438,-0.21931597590446472,0.11507555842399597
1789225118997720000,20.477719970703124,-0.06370063126087189,-0.06421050429344177,-0.292238712310791
1789225119007758800,20.4877587890625,-0.07939810305833817,0.02165619656443596,-0.22263087332248688
1789225119017797000,20.497797119140625,-0.12368424236774445,-0.03581392392516136,0.15122480690479279
1789225119027836000,20.5078359375,-0.13816837966442108,-0.19135797023773193,0.03460339084267616
1789225119037875000,20.517875,-0.11862741410732269,-0.3185334801673889,-0.4320635497570038
1789225119047913000,20.527912841796876,-0.08006830513477325,-0.26089468598365784,-0.9109603762626648
1789225119057952000,20.537951904296875,-0.16634634137153625,-0.16337759792804718,-0.39471325278282166
1789225119067989800,20.54798974609375,-0.17237679660320282,-0.19093544781208038,0.460455983877182
1789225119078028800,20.55802880859375,-0.11779623478651047,-0.2454342395067215,0.28054606914520264
1789225119088068000,20.568068115234375,-0.12378701567649841,0.20492014288902283,-0.13381966948509216
1789225119098105900,20.57810595703125,-0.09897615015506744,0.17600573599338531,-0.25163474678993225
1789225119108145000,20.588144775390624,-0.1296677589416504,-0.12110582739114761,-0.04885979741811752
1789225119118184000,20.598183837890623,-0.2115064263343811,-0.1139717772603035,0.19571885466575623
1789225119128222000,20.608221923828125,-0.273223340511322,-0.07681695371866226,0.5099174976348877
1789225119138260700,20.6182607421875,-0.24494986236095428,-0.12783591449260712,0.5460410714149475
1789225119148300000,20.628300048828127,-0.13329364359378815,-0.07142989337444305,0.24150589108467102
1789225119158337800,20.638337890625,-0.03664866462349892,-0.054005689918994904,0.13755227625370026
1789225119168376800,20.648376953125,0.008388586342334747,-0.17130514979362488,0.3279789388179779
1789225119178414800,20.658414794921875,-0.01509836409240961,-0.25056880712509155,-0.039263252168893814
1789225119188454000,20.668453857421873,-0.11189626902341843,0.10184008628129959,-0.2588942348957062
1789225119198493000,20.678492919921876,-0.17308077216148376,0.2574760317802429,-0.07863964140415192
1789225119208531000,20.688531005859375,-0.15898200869560242,0.05952247977256775,-0.11375688016414642
1789225119218570000,20.698570068359373,-0.11728647351264954,0.15382079780101776,-0.3405122756958008
1789225119228608800,20.70860888671875,-0.04918570816516876,-0.15933871269226074,-0.44338247179985046
1789225119238647000,20.71864697265625,0.0004373113624751568,-0.45292928814888,-0.3952009975910187
1789225119248686300,20.728686279296873,-0.07458367198705673,-0.3185296654701233,-0.030840639024972916
1789225119258724000,20.73872412109375,-0.2057322859764099,0.057490941137075424,0.17369653284549713
1789225119268763400,20.748763427734374,-0.25280818343162537,0.060497116297483444,0.4659334421157837
1789225119278802400,20.758802490234373,-0.24464890360832214,-0.1811201572418213,0.2740071713924408
1789225119288840200,20.768840087890624,-0.16227573156356812,-0.1453821361064911,-0.19163855910301208
1789225119298879500,20.77887939453125,-0.07161109894514084,-0.0019323090091347694,-0.25838062167167664
1789225119308918300,20.788918212890625,-0.00624327827244997,-0.18369199335575104,0.4182007908821106
1789225119318956300,20.798956298828124,0.05951942503452301,-0.43029332160949707,0.30218878388404846
1789225119328995300,20.808995361328126,-0.007051877677440643,0.020818207412958145,-0.1612880378961563
1789225119339033300,20.819033447265625,-0.07479564100503922,0.009345182217657566,-0.3252476453781128
1789225119349072100,20.829072021484375,-0.1842678189277649,0.03514189273118973,0.09666445106267929
1789225119359111400,20.839111328125,-0.17556050419807434,-0.05942898988723755,0.18754833936691284
1789225119369149200,20.849149169921876,-0.09278971701860428,0.06757555902004242,-0.06408363580703735
1789225119379188200,20.859188232421875,0.04107126593589783,0.09536761790513992,-0.3091215193271637
1789225119389227300,20.869227294921874,0.04796032980084419,-0.08963631838560104,0.11234316229820251
1789225119399265300,20.879265380859376,-0.006340255029499531,-0.21442410349845886,0.5743837952613831
1789225119409304300,20.88930419921875,-0.07081245630979538,-0.2929074466228485,0.3714703917503357
1789225119419343400,20.89934326171875,-0.17682918906211853,-0.1829458326101303,0.08717449754476547
1789225119429381400,20.90938134765625,-0.2025585174560547,-0.21682018041610718,0.1845090389251709
1789225119439420200,20.919420166015627,-0.15843994915485382,-0.30470409989356995,0.3018479645252228
1789225119449458400,20.92945849609375,-0.11067108809947968,-0.25228801369667053,0.08475213497877121
1789225119459497200,20.939497314453124,-0.0797002837061882,-0.19032122194766998,-0.13381636142730713
1789225119469536300,20.949536376953127,-0.05736994743347168,-0.14356489479541779,-0.25493746995925903
1789225119479574300,20.95957421875,-0.0530087910592556,-0.21370327472686768,-0.21283653378486633
1789225119489613300,20.96961328125,-0.006500944960862398,-0.2892795503139496,-0.4446364641189575
1789225119499652400,20.97965234375,-0.035853952169418335,-0.18818451464176178,-0.537366509437561
1789225119509690400,20.9896904296875,-0.08865431696176529,-0.1836656630039215,-0.1566537469625473
1789225119519729400,20.9997294921875,-0.08959992974996567,-0.3398520052433014,0.005958935245871544
1789225119529767200,21.00976708984375,-0.08505924046039581,-0.2965863049030304,-0.1579708755016327
1789225119539806500,21.019806396484373,-0.0439276285469532,-0.23245775699615479,-0.2382693588733673
1789225119549845200,21.02984521484375,-0.028721779584884644,-0.27427470684051514,0.09316796064376831
1789225119559883300,21.03988330078125,-0.015450561419129372,-0.22597385942935944,0.37826231122016907
1789225119569922300,21.04992236328125,-0.03230277821421623,-0.12497320771217346,0.441667377948761
1789225119579961300,21.05996142578125,0.005911428481340408,-0.12538547813892365,0.410478800535202
1789225119589999000,21.0699990234375,0.03479474410414696,-0.1278531551361084,0.2557315528392792
1789225119600038400,21.080038330078125,0.011948052793741226,-0.07102340459823608,0.3636840283870697
1789225119610076400,21.090076416015624,-0.023928189650177956,-0.05949165299534798,0.5845330953598022
1789225119620115200,21.100115234375,0.03912300989031792,-0.027318231761455536,0.5015398263931274
1789225119630154500,21.110154541015625,0.18022793531417847,-0.16481883823871613,0.19337321817874908
1789225119640192300,21.120192138671875,0.15505343675613403,-0.5286691188812256,-0.6033679842948914
1789225119650231300,21.130231201171874,0.12234394997358322,-0.3040620982646942,-1.30254065990448
1789225119660270300,21.140270263671876,0.1273651272058487,-0.3856402635574341,-0.22420555353164673
1789225119670308400,21.150308349609375,0.11837537586688995,-0.24277979135513306,0.19604498147964478
1789225119680347100,21.16034716796875,0.08526747673749924,0.08491019159555435,-0.029192043468356133
1789225119690385400,21.170385498046876,0.09355203807353973,-0.0026452173478901386,-0.6864104270935059
1789225119700424400,21.180424560546875,0.1923522651195526,0.13957013189792633,-0.8691859841346741
1789225119710463200,21.190463134765626,0.11763489246368408,0.14000901579856873,-0.19831973314285278
1789225119720501500,21.20050146484375,0.13569435477256775,-0.006430456414818764,0.43273240327835083
1789225119730540300,21.210540283203127,0.17462950944900513,-0.06805334240198135,0.4711647629737854
1789225119740579300,21.220579345703126,0.2152131050825119,0.03768477961421013,0.4486965835094452
1789225119750617300,21.230617431640624,0.22599731385707855,0.033327046781778336,0.5507872700691223
1789225119760656400,21.240656494140627,0.22700592875480652,-0.06826100498437881,0.4994913339614868
1789225119770694100,21.250694091796873,0.20004835724830627,-0.09411683678627014,0.28251561522483826
1789225119780733400,21.2607333984375,0.16470381617546082,-0.04140529781579971,-0.004199819639325142
1789225119790772200,21.270772216796875,0.14970329403877258,0.03628789633512497,-0.09278561174869537
1789225119800810200,21.280810302734373,0.1896870732307434,0.1312209516763687,0.022427164018154144
1789225119810849500,21.290849609375,0.26298683881759644,0.1548256129026413,0.02131662517786026
1789225119820888300,21.300888427734375,0.35717785358428955,0.2996448874473572,-0.3110228180885315
1789225119830926300,21.31092626953125,0.4604578912258148,0.2820113003253937,-0.660001814365387
1789225119840965400,21.32096533203125,0.4890190362930298,0.1543564796447754,-0.4945341646671295
1789225119851003400,21.33100341796875,0.39916741847991943,0.3157972991466522,0.09158525615930557
1789225119861042200,21.341042236328125,0.3272552788257599,0.46004781126976013,0.3071564733982086
1789225119871081500,21.35108154296875,0.3965965211391449,0.45329269766807556,0.18848015367984772
1789225119881119200,21.361119140625,0.49249449372291565,-0.008109863847494125,-0.49945202469825745
1789225119891158300,21.371158203125,0.5286452770233154,0.10965032875537872,-1.124618649482727
1789225119901197300,21.381197265625,0.5477765798568726,0.13650575280189514,0.22529590129852295
1789225119911235300,21.3912353515625,0.5007001161575317,0.1579468548297882,0.5031805038452148
1789225119921274400,21.4012744140625,0.43944036960601807,0.4414173662662506,0.04360868036746979
1789225119931312400,21.4113125,0.3964556157588959,0.5720707178115845,-0.4769386351108551
1789225119941351400,21.421351318359374,0.38464468717575073,0.6302188634872437,-0.533982515335083
1789225119951390200,21.43139013671875,0.3130306899547577,0.6541268825531006,-0.003023811150342226
1789225119961428500,21.441428466796875,0.40902411937713623,0.5152430534362793,0.20011353492736816
1789225119971467300,21.45146728515625,0.4754319190979004,0.39235442876815796,0.14502418041229248
1789225119981506300,21.46150634765625,0.5623644590377808,0.4381304979324341,-0.15728384256362915
1789225119991544300,21.47154443359375,0.4961918294429779,0.387479305267334,-0.07844550162553787
1789225120001583400,21.481583251953126,0.4247770607471466,0.23788906633853912,0.09080742299556732
1789225120011621000,21.49162109375,0.2852284908294678,0.37183699011802673,0.09671378135681152
1789225120021660400,21.501660400390627,0.17597045004367828,0.4300462305545807,-0.006650685332715511
1789225120031699500,21.511699462890626,0.2786678075790405,0.33405792713165283,-0.6473963260650635
1789225120041737200,21.5217373046875,0.217140331864357,0.4246324300765991,-0.7082235813140869
1789225120051776500,21.531776611328127,0.20549939572811127,0.24686722457408905,0.19110673666000366
1789225120061815300,21.541815185546874,0.22383509576320648,-0.00919348280876875,0.43100860714912415
1789225120071853300,21.551853271484376,0.1922321617603302,0.24173007905483246,0.17578881978988647
1789225120081892400,21.561892333984375,0.17362087965011597,0.28662264347076416,0.06890527904033661
1789225120091930400,21.571930419921873,0.11349495500326157,0.10855463892221451,0.28385940194129944
1789225120101969200,21.58196923828125,0.023759271949529648,0.059549614787101746,0.6520251035690308
1789225120112008400,21.592008544921875,-0.04807976260781288,0.24516528844833374,0.6065196394920349
1789225120122046200,21.602046142578125,0.00935468077659607,0.2345874011516571,0.1795678436756134
1789225120132085200,21.612085205078124,0.088467076420784,0.2889001965522766,0.017877474427223206
1789225120142124300,21.622124267578126,0.18004253506660461,-0.026703858748078346,0.13926009833812714
1789225120152162300,21.632162353515625,0.18626368045806885,-0.04225964844226837,0.25238052010536194
1789225120162201300,21.642201416015624,0.15842311084270477,0.08445315808057785,0.018038371577858925
1789225120172239400,21.6522392578125,0.13816897571086884,0.23141278326511383,-0.27054840326309204
1789225120182278400,21.6622783203125,0.12768925726413727,0.2993098795413971,-0.23123490810394287
1789225120192317200,21.672317138671875,0.1473841369152069,0.18931174278259277,-0.5195865035057068
1789225120202355500,21.68235546875,0.10628916323184967,0.40983960032463074,-0.8594428896903992
1789225120212394200,21.692394287109376,0.08530159294605255,0.2642107605934143,-0.6258666515350342
1789225120222433300,21.702433349609375,0.07901257276535034,0.09683110564947128,-0.018893713131546974
1789225120232471300,21.71247119140625,0.10978379845619202,0.07410209625959396,0.10393180698156357
1789225120242510300,21.72251025390625,0.08946827054023743,0.21445538103580475,0.22435380518436432
1789225120252548400,21.73254833984375,0.11123774945735931,0.10031363368034363,0.5288109183311462
1789225120262587400,21.74258740234375,0.05974305793642998,-0.040522173047065735,0.35441306233406067
1789225120272626400,21.75262646484375,-0.049371179193258286,0.26576530933380127,-0.19239570200443268
1789225120282664200,21.762664306640627,-0.15351326763629913,0.19004343450069427,-0.056548669934272766
1789225120292703500,21.772703369140626,-0.15952961146831512,0.011080607771873474,0.7022396922111511
1789225120302742500,21.782742431640624,-0.0874154344201088,-0.11407887935638428,0.6497069001197815
1789225120312780300,21.7927802734375,0.020463090389966965,0.17322000861167908,0.015823969617486
1789225120322819600,21.802819580078125,0.05883106589317322,0.27878352999687195,-0.4905758202075958
1789225120332857300,21.812857421875,-0.05902073532342911,0.012186473235487938,0.13326139748096466
1789225120342896400,21.822896484375,-0.11202865093946457,-0.34064677357673645,0.13541409373283386
1789225120352935400,21.832935302734374,-0.22877497971057892,0.09075577557086945,-0.48431122303009033
1789225120362973400,21.842973388671876,-0.2704273462295532,0.09726105630397797,-0.6037650108337402
1789225120373012200,21.85301220703125,-0.20223230123519897,-0.14223594963550568,-0.13248027861118317
1789225120383051500,21.863051513671873,-0.1158289685845375,-0.20838940143585205,-0.10781808197498322
1789225120393089300,21.87308935546875,-0.09662304818630219,-0.03314328193664551,-0.13106666505336761
1789225120403128300,21.88312841796875,-0.1263752281665802,-0.06777199357748032,0.2653292417526245
1789225120413166300,21.893166259765625,-0.20127877593040466,-0.07489168643951416,0.5243368148803711
1789225120423205400,21.903205322265624,-0.27138587832450867,0.08681687712669373,0.35567590594291687
1789225120433244400,21.913244384765626,-0.2308427095413208,0.10519002377986908,-0.032002031803131104
1789225120443282400,21.923282470703125,-0.22793389856815338,0.03702601417899132,0.020800193771719933
1789225120453321500,21.933321533203124,-0.20467758178710938,-0.12209518998861313,0.4872557818889618
1789225120463360300,21.9433603515625,-0.17615294456481934,-0.24296939373016357,0.6277414560317993
1789225120473398500,21.9533984375,-0.18380554020404816,-0.23359079658985138,0.28910958766937256
1789225120483437300,21.963437255859375,-0.2362896203994751,0.011154918931424618,-0.16056211292743683
1789225120493475300,21.973475341796874,-0.314119428396225,-0.1008368656039238,-0.09339772164821625
1789225120503514400,21.983514404296876,-0.2475053071975708,-0.5648360252380371,-0.23199771344661713
1789225120513553400,21.993553466796875,-0.2560471296310425,-0.47216466069221497,-0.7595102787017822
1789225120523591200,22.003591064453126,-0.37112563848495483,-0.16723202168941498,-0.5379558801651001
1789225120533630500,22.01363037109375,-0.3991045355796814,-0.075861357152462,0.06518833339214325
1789225120543668500,22.02366845703125,-0.36818209290504456,-0.4815641939640045,0.017040811479091644
1789225120553707300,22.033707275390626,-0.3251294195652008,-0.40048959851264954,-0.445625364780426
1789225120563746600,22.04374658203125,-0.2982563376426697,-0.13827425241470337,-0.5241052508354187
1789225120573784300,22.053784423828127,-0.3472963273525238,-0.21361002326011658,0.46004918217658997
1789225120583823400,22.0638232421875,-0.34947794675827026,-0.47047534584999084,0.7745127081871033
1789225120593862400,22.0738623046875,-0.3303886651992798,-0.18586120009422302,0.4777041971683502
1789225120603900400,22.083900390625,-0.2748599946498871,-0.15350495278835297,0.016173318028450012
1789225120613939200,22.093939208984374,-0.3110472857952118,-0.2710281014442444,0.09946981072425842
1789225120623977500,22.1039775390625,-0.2608855068683624,-0.5248644948005676,0.5792762637138367
1789225120634016500,22.1140166015625,-0.21665598452091217,-0.7190039157867432,0.4006582796573639
1789225120644055300,22.12405517578125,-0.18649446964263916,-0.2935877740383148,-0.17789135873317719
1789225120654093600,22.134093505859376,-0.21717089414596558,0.01558125950396061,-0.3701382875442505
1789225120664132400,22.14413232421875,-0.25976651906967163,-0.31864115595817566,-0.233866885304451
1789225120674171400,22.15417138671875,-0.31418395042419434,-0.3582351803779602,-0.37487462162971497
1789225120684209400,22.16420947265625,-0.36806732416152954,-0.2508883774280548,-0.49930715560913086
1789225120694248400,22.17424853515625,-0.30927804112434387,-0.36305323243141174,-0.3410668969154358
1789225120704286500,22.184286376953125,-0.24959927797317505,-0.36269399523735046,-0.10631300508975983
1789225120714325500,22.194325439453124,-0.15672987699508667,-0.3671431839466095,0.008498214185237885
1789225120724364300,22.2043642578125,-0.15858089923858643,-0.25356775522232056,0.23749248683452606
1789225120734402300,22.21440234375,-0.19361717998981476,-0.07998344302177429,0.5541319847106934
1789225120744441600,22.224441650390624,-0.2104642242193222,-0.28174465894699097,0.4879067540168762
1789225120754480400,22.23448046875,-0.13225464522838593,-0.08884552866220474,0.020163532346487045
1789225120764518400,22.244518310546876,-0.13882271945476532,0.10544627904891968,-0.21838964521884918
1789225120774557400,22.254557373046875,-0.11502658575773239,-0.16694317758083344,0.3300042152404785
1789225120784595500,22.264595458984374,-0.08472912758588791,-0.2867547869682312,0.5803581476211548
1789225120794634200,22.27463427734375,-0.07250761985778809,-0.24066320061683655,0.23100920021533966
1789225120804673500,22.284673583984375,-0.040758416056632996,-0.05117764696478844,-0.4175720512866974
1789225120814711300,22.294711181640626,-0.11220064759254456,0.024177825078368187,-0.3033868670463562
1789225120824750300,22.304750244140624,-0.14094507694244385,-0.011034637689590454,0.05268539860844612
1789225120834788400,22.314788330078127,-0.12973690032958984,-0.15106576681137085,-0.04732721671462059
1789225120844827400,22.324827392578126,-0.01576426438987255,-0.022804442793130875,-0.576376736164093
1789225120854866400,22.334866455078124,0.01555850449949503,-0.026969891041517258,-0.8131557106971741
1789225120864904400,22.344904541015627,-0.045249052345752716,-0.035095904022455215,-0.0754462480545044
1789225120874943500,22.354943603515625,-0.08415704220533371,-0.11956151574850082,0.27399563789367676
1789225120884982300,22.364982177734376,-0.12755200266838074,-0.027400512248277664,0.007609561085700989
1789225120895020500,22.3750205078125,-0.10401444882154465,0.04963914304971695,-0.39774805307388306
1789225120905059300,22.385059326171874,-0.09774554520845413,0.06584911793470383,-0.39179733395576477
1789225120915097600,22.39509765625,-0.08162250369787216,0.015468236990272999,0.24400173127651215
1789225120925136400,22.405136474609375,-0.03684798255562782,-0.09638362377882004,0.424297034740448
1789225120935175400,22.415175537109373,-0.08412947505712509,0.058582790195941925,0.2981329560279846
1789225120945213400,22.42521337890625,-0.09799958020448685,0.01482938788831234,0.2997933328151703
1789225120955252500,22.43525244140625,-0.13117296993732452,-0.08594223111867905,0.2930110692977905
1789225120965291500,22.44529150390625,-0.10173101723194122,-0.05454684793949127,0.13890618085861206
1789225120975329300,22.455329345703124,-0.0792510062456131,-0.05930804833769798,-0.06896286457777023
1789225120985368600,22.46536865234375,-0.07198682427406311,-0.004926685243844986,-0.15841169655323029
1789225120995406300,22.47540625,-0.10483824461698532,-0.05423617735505104,-0.2027868926525116
1789225121005445400,22.4854453125,-0.15223892033100128,0.001961455447599292,-0.1655619889497757
1789225121015484400,22.495484375,-0.14408539235591888,-0.1186661571264267,-0.03042147494852543
1789225121025522400,22.5055224609375,-0.07809039205312729,-0.12616509199142456,-0.10471487790346146
1789225121035561200,22.515561279296875,-0.002553553320467472,0.06169988960027695,-0.3389532268047333
1789225121045599500,22.525599609375,0.018316764384508133,0.0006697303615510464,-0.12421748787164688
1789225121055638300,22.53563818359375,-0.016802074387669563,-0.1212117001414299,0.43332913517951965
1789225121065677300,22.54567724609375,-0.09218129515647888,-0.11512107402086258,0.2378380298614502
1789225121075715300,22.55571533203125,-0.18469232320785522,0.061439309269189835,0.04738818481564522
1789225121085754400,22.56575439453125,-0.1588631123304367,-0.10200074315071106,-0.0773548111319542
1789225121095793400,22.57579345703125,-0.11758598685264587,-0.16329926252365112,-0.02661200612783432
1789225121105831400,22.58583154296875,-0.06850244104862213,-0.15674959123134613,0.3617757558822632
1789225121115870500,22.595870361328124,-0.012793371453881264,-0.1486741006374359,0.40685588121414185
1789225121125908500,22.605908447265627,0.05524447187781334,-0.02263953723013401,-0.05602402612566948
1789225121135947500,22.615947509765626,0.07165274024009705,0.11681609600782394,-0.4954626262187958
1789225121145986300,22.625986328125,0.0382571816444397,-0.05044218897819519,-0.3171493709087372
1789225121156024600,22.636024658203127,-0.00032003794331103563,-0.02077164500951767,-0.009505554102361202
1789225121166063400,22.6460634765625,-0.053093843162059784,0.25293734669685364,0.12421834468841553
1789225121176101400,22.656101318359376,-0.01527881994843483,0.3985813856124878,0.2960614562034607
1789225121186140400,22.666140380859375,0.1189451813697815,0.10031039267778397,-0.025593964383006096
1789225121196179500,22.676179443359374,0.2439076155424118,0.02644442766904831,-0.4103831946849823
1789225121206217200,22.68621728515625,0.24786782264709473,0.004593550227582455,-0.3543848693370819
1789225121216256300,22.69625634765625,0.17764267325401306,-0.036351751536130905,0.38459518551826477
1789225121226295600,22.706295654296873,0.08252743631601334,0.15147896111011505,0.576948344707489
1789225121236333300,22.716333251953124,0.037099771201610565,0.27275848388671875,0.2537071704864502
1789225121246372400,22.726372314453126,0.08377169072628021,0.23518134653568268,-0.3188626170158386
1789225121256410400,22.736410400390625,0.09926383197307587,0.3492021858692169,-0.3117828667163849
1789225121266449400,22.746449462890624,0.09001423418521881,0.21743598580360413,0.3198200762271881
1789225121276488200,22.75648828125,0.13810957968235016,0.07099834084510803,0.47481071949005127
1789225121286526500,22.7665263671875,0.1919642686843872,0.07269581407308578,0.22461667656898499
1789225121296565200,22.776565185546875,0.23122325539588928,0.03740786388516426,-0.2667645215988159
1789225121306603500,22.786603515625,0.18083128333091736,-0.06999331712722778,-0.8632109761238098
1789225121316642300,22.796642333984376,0.09610280394554138,-0.18950559198856354,-0.4714631736278534
1789225121326681300,22.806681396484375,0.02558208256959915,-0.014711938798427582,-0.26757681369781494
1789225121336719600,22.8167197265625,-0.010723195038735867,0.36672651767730713,-0.2536519169807434
1789225121346758400,22.82675830078125,0.11568058282136917,0.30707332491874695,-0.16916245222091675
1789225121356797400,22.83679736328125,0.2324357032775879,0.31479597091674805,-0.17022904753684998
1789225121366835500,22.84683544921875,0.33874043822288513,0.2573152482509613,-0.2181367576122284
1789225121376874500,22.85687451171875,0.24091267585754395,0.21337281167507172,-0.0678737536072731
1789225121386912300,22.866912353515627,0.047634709626436234,0.13210663199424744,0.4367464482784271
1789225121396951600,22.87695166015625,-0.03771773725748062,-0.07041080296039581,0.6324307322502136
1789225121406990300,22.886990234375,-0.11483338475227356,-0.11451233178377151,0.5150414109230042
1789225121417028400,22.8970283203125,-0.07158870995044708,0.025934528559446335,0.23640547692775726
1789225121427067400,22.9070673828125,-0.0021722023375332355,0.07060228288173676,0.0991012379527092
1789225121437105400,22.91710546875,0.060666680335998535,-0.033396556973457336,0.3270273506641388
1789225121447144400,22.92714453125,0.0862497091293335,-0.030189942568540573,0.4413219094276428
1789225121457183500,22.93718359375,0.10861440002918243,-0.04306286573410034,-0.17872750759124756
1789225121467221500,22.947221435546876,0.07694198936223984,0.19022955000400543,-0.9534578919410706
1789225121477260300,22.95726025390625,-0.0832333043217659,0.17244575917720795,-0.5252678990364075
1789225121487299300,22.96729931640625,-0.06516227126121521,-0.1923411339521408,-0.10511747747659683
1789225121497337300,22.97733740234375,-0.07910311222076416,-0.03631290793418884,-0.2462889850139618
1789225121507376400,22.98737646484375,-0.02815590426325798,0.018186450004577637,-0.4070412218570709
1789225121517414400,22.997414306640625,0.033379897475242615,-0.15219859778881073,-0.47060689330101013
1789225121527453400,23.007453369140624,-0.07916565984487534,-0.09754504263401031,-0.03762967139482498
1789225121537492500,23.017492431640626,-0.14005057513713837,-0.19634859263896942,0.3326255977153778
1789225121547530500,23.027530517578125,-0.2181364744901657,-0.21241238713264465,0.42865458130836487
1789225121557569500,23.037569580078124,-0.22083158791065216,-0.29908496141433716,0.34758394956588745
1789225121567607300,23.047607177734374,-0.2102092206478119,-0.23028366267681122,0.144248828291893
1789225121577646600,23.057646484375,-0.23622111976146698,-0.2712063491344452,0.2091633826494217
1789225121587685400,23.067685302734375,-0.21209140121936798,-0.4619658291339874,0.4470766484737396
1789225121597723400,23.077723388671874,-0.2521062195301056,-0.47257933020591736,0.3257792294025421
1789225121607762400,23.087762451171876,-0.3139525055885315,-0.27721935510635376,0.15338560938835144
1789225121617801500,23.097801513671875,-0.29365095496177673,-0.39117762446403503,-0.17565540969371796
1789225121627839200,23.107839111328126,-0.3173157274723053,-0.32171058654785156,-0.27101945877075195
1789225121637878500,23.11787841796875,-0.281326025724411,-0.38313397765159607,-0.029477670788764954
1789225121647916300,23.127916259765627,-0.2012302428483963,-0.4519539475440979,0.07161819934844971
1789225121657955300,23.137955322265626,-0.1601235568523407,-0.3215820789337158,0.10983376204967499
1789225121667994600,23.14799462890625,-0.10916575789451599,-0.38400888442993164,-0.0025942958891391754
1789225121678032400,23.158032470703127,-0.11444201320409775,-0.36921927332878113,-0.18643230199813843
1789225121688071400,23.168071533203126,-0.15137962996959686,-0.30225422978401184,-0.2244875431060791
1789225121698109400,23.178109375,-0.18368244171142578,-0.32916733622550964,0.16721445322036743
1789225121708148500,23.1881484375,-0.15937069058418274,-0.3389908969402313,0.36659863591194153
1789225121718187300,23.198187255859374,-0.08861634880304337,-0.317644327878952,0.06247790530323982
1789225121728225500,23.2082255859375,-0.06302443891763687,-0.18343591690063477,-0.23114998638629913
1789225121738264300,23.218264404296875,-0.0714365690946579,-0.20121809840202332,0.020022856071591377
1789225121748303400,23.228303466796874,-0.02579379267990589,-0.36300894618034363,0.27052509784698486
1789225121758341400,23.23834130859375,0.031941406428813934,-0.19373497366905212,-0.020894227549433708
1789225121768380400,23.24838037109375,0.09700878709554672,-0.04611784964799881,-0.43184465169906616
1789225121778418200,23.258418212890625,0.05890880525112152,-0.0934068039059639,-0.3376973867416382
1789225121788457500,23.26845751953125,-0.00598690053448081,-0.1269906759262085,0.3350782096385956
1789225121798496500,23.27849658203125,-0.034980203956365585,-0.2664604187011719,0.44135376811027527
1789225121808534300,23.2885341796875,-0.04020127281546593,-0.007439145818352699,0.19591867923736572
1789225121818573600,23.298573486328124,0.032269466668367386,-0.048565544188022614,-0.01027869526296854
1789225121828611300,23.308611328125,0.08455970883369446,-0.11438439786434174,-0.08729636669158936
1789225121838650400,23.318650390625,0.06232737749814987,-0.11743105947971344,0.2652318477630615
1789225121848689400,23.328689453125,0.010805675759911537,-0.1833636313676834,0.5176275968551636
1789225121858727400,23.3387275390625,0.024327076971530914,-0.17386627197265625,0.22091181576251984
1789225121868766200,23.34876611328125,0.06418628990650177,-0.05004158616065979,-0.2838296890258789
1789225121878804500,23.358804443359375,0.06464596092700958,-0.14282292127609253,-0.12224024534225464
1789225121888843300,23.36884326171875,0.10480920225381851,-0.24981263279914856,0.42929714918136597
1789225121898882300,23.37888232421875,0.09092534333467484,-0.1306883692741394,0.286665678024292
1789225121908920300,23.38892041015625,0.10644054412841797,0.0037270882166922092,0.07353183627128601
1789225121918959400,23.39895947265625,0.18082156777381897,-0.14516784250736237,-0.2311207503080368
1789225121928997600,23.40899755859375,0.1904352903366089,0.0028400025330483913,-0.707368791103363
1789225121939036400,23.419036376953127,0.10470839589834213,0.06410016864538193,-0.7341217994689941
1789225121949075500,23.429075439453126,0.08837401866912842,0.05612729489803314,0.08876338601112366
1789225121959113500,23.439113525390624,0.168014794588089,-0.1408829689025879,0.38445016741752625
1789225121969152500,23.449152587890627,0.2580339014530182,0.07091578841209412,-0.019589120522141457
1789225121979191300,23.45919140625,0.3968146741390228,0.2901538610458374,-0.5206018686294556
1789225121989229600,23.4692294921875,0.35634398460388184,0.2323428988456726,0.025103949010372162
1789225121999268400,23.479268310546875,0.27611279487609863,0.09036045521497726,0.8767967224121094
1789225122009306400,23.489306396484373,0.21835339069366455,0.11977318674325943,0.5516222715377808
1789225122019345400,23.499345458984376,0.16413410007953644,0.12801913917064667,-0.13555318117141724
1789225122029384400,23.509384521484375,0.18159480392932892,0.3221779465675354,-0.8335729241371155
1789225122039422500,23.51942236328125,0.18428300321102142,0.21264983713626862,-0.18979421257972717
1789225122049461200,23.529461181640624,0.2758450210094452,-0.08832665532827377,0.4925890862941742
1789225122059499500,23.53949951171875,0.27079352736473083,0.058967720717191696,0.23105736076831818
1789225122069538300,23.549538330078125,0.26688167452812195,0.3324964940547943,-0.17416439950466156
1789225122079577300,23.559577392578124,0.29079845547676086,0.2624061107635498,-0.5236853957176208
1789225122089615400,23.569615478515626,0.19181999564170837,0.34341341257095337,-0.6798669695854187
1789225122099654400,23.579654296875,0.1368267834186554,0.2066430300474167,-0.08718793839216232
1789225122109692400,23.5896923828125,0.17650851607322693,0.03830580413341522,0.3046779930591583
1789225122119731500,23.5997314453125,0.20865899324417114,0.17687860131263733,0.14962239563465118
1789225122129770500,23.6097705078125,0.21995340287685394,0.4533924162387848,0.008064121007919312
1789225122139808500,23.61980859375,0.21646173298358917,0.23832006752490997,-0.009266132488846779
1789225122149847600,23.62984765625,0.14324109256267548,-0.0010048518888652325,0.29009345173835754
1789225122159886300,23.63988623046875,0.08657248318195343,-0.08409814536571503,0.11728837341070175
1789225122169924600,23.649924560546875,-0.006807975471019745,0.06817083060741425,0.10287368297576904
1789225122179963400,23.65996337890625,0.014695984311401844,-0.03600483760237694,0.22930964827537537
1789225122190001400,23.67000146484375,0.025354459881782532,-0.04352458566427231,0.16427500545978546
1789225122200040400,23.68004052734375,0.012749718502163887,0.06659632176160812,-0.07162007689476013
1789225122210079500,23.69007958984375,-0.022206615656614304,0.18785062432289124,-0.25877875089645386
1789225122220117200,23.7001171875,-0.051522430032491684,0.10059109330177307,-0.18238465487957
1789225122230156500,23.710156494140627,-0.038055457174777985,0.009041638113558292,-0.16017206013202667
1789225122240194300,23.7201943359375,0.003986802883446217,-0.12209746986627579,-0.23842746019363403
1789225122250233300,23.7302333984375,0.03567824885249138,-0.170429989695549,-0.31930458545684814
1789225122260272400,23.7402724609375,-0.011096981354057789,-0.1244039237499237,-0.036783959716558456
1789225122270310700,23.750310546875,-0.07691185176372528,-0.1365044265985489,-0.00254150852560997
1789225122280349400,23.760349365234376,-0.17176751792430878,-0.005329897627234459,0.20768657326698303
1789225122290387700,23.7703876953125,-0.1808382123708725,-0.13993878662586212,0.2092817723751068
1789225122300426500,23.780426513671873,-0.15004701912403107,0.03563888743519783,-0.09333693981170654
1789225122310465500,23.790465576171876,-0.10089324414730072,0.08097685873508453,-0.23851723968982697
1789225122320503600,23.800503662109374,-0.08920782804489136,-0.1836737096309662,0.19095051288604736
1789225122330542600,23.81054248046875,-0.10990506410598755,-0.29697945713996887,0.2890464961528778
1789225122340580400,23.820580322265624,-0.14951185882091522,-0.22330868244171143,0.21625855565071106
1789225122350619600,23.83061962890625,-0.1448509395122528,-0.3268432021141052,-0.04371238127350807
1789225122360658400,23.840658447265625,-0.15644821524620056,-0.2112894505262375,-0.13762156665325165
1789225122370696400,23.850696533203124,-0.14918586611747742,-0.18546782433986664,-0.10130416601896286
1789225122380735700,23.86073583984375,-0.15552765130996704,0.008976754732429981,0.003020635573193431
1789225122390773500,23.8707734375,-0.12488348037004471,-0.07143739610910416,0.11567576974630356
1789225122400812500,23.8808125,-0.10503920167684555,-0.12819042801856995,-0.09120391309261322
1789225122410851600,23.8908515625,-0.10882201790809631,-0.10645857453346252,-0.3973243236541748
1789225122420889600,23.9008896484375,-0.15224327147006989,-0.17933490872383118,0.1398552507162094
1789225122430928400,23.910928466796875,-0.11470741033554077,-0.42533382773399353,0.6145141124725342
1789225122440967700,23.9209677734375,-0.08763078600168228,-0.2536297142505646,0.2937041223049164
1789225122451005400,23.93100537109375,-0.07007557898759842,0.04280480369925499,-0.110785573720932
1789225122461044500,23.94104443359375,-0.08189708739519119,-0.019918764010071754,-0.02169724553823471
1789225122471082500,23.95108251953125,-0.07140474021434784,-0.12452637404203415,0.38148149847984314
1789225122481121500,23.96112158203125,-0.03888728469610214,-0.09973128139972687,0.22991807758808136
1789225122491160600,23.97116064453125,0.038871247321367264,0.048983167856931686,-0.1870427429676056
1789225122501198600,23.981198486328125,0.10389259457588196,0.0011895468924194574,-0.36749398708343506
1789225122511237600,23.991237548828124,0.10245868563652039,-0.08680025488138199,-0.1623631715774536
1789225122521275600,24.001275634765626,0.015947764739394188,-0.05493447184562683,0.045037947595119476
1789225122531314700,24.011314697265625,-0.09186594933271408,0.013011653907597065,0.09565643966197968
1789225122541353500,24.021353515625,-0.09841093420982361,-0.004472796805202961,0.09664527326822281
1789225122551391500,24.0313916015625,-0.03640655428171158,-0.0811850056052208,-0.22685791552066803
1789225122561430500,24.041430419921873,0.1319800615310669,0.007476418744772673,-0.6216443777084351
1789225122571468500,24.051468505859376,0.18851642310619354,-0.004529830999672413,-0.024027017876505852
1789225122581507300,24.06150732421875,0.2320133000612259,0.06372672319412231,0.4451902508735657
1789225122591546600,24.071546630859373,0.2095903754234314,0.27828946709632874,0.2096518725156784
1789225122601584400,24.08158447265625,0.22094076871871948,0.38467368483543396,-0.1664905995130539
1789225122611623400,24.09162353515625,0.1701250970363617,0.3452259600162506,-0.13423441350460052
1789225122621661400,24.101661376953125,0.10981088131666183,0.3073403835296631,0.2647063136100769
1789225122631700500,24.111700439453124,0.12054946273565292,0.20767734944820404,0.2691080570220947
1789225122641739500,24.121739501953126,0.169139102101326,0.2584012448787689,0.07814183086156845
1789225122651777500,24.131777587890625,0.24778889119625092,0.2506439685821533,-0.12815794348716736
1789225122661816600,24.141816650390624,0.23484645783901215,0.3096524178981781,-0.05866381525993347
1789225122671854600,24.1518544921875,0.21204712986946106,0.3130871057510376,0.16951270401477814
1789225122681893600,24.1618935546875,0.20388880372047424,0.30136972665786743,0.037055596709251404
1789225122691932400,24.171932373046875,0.20261803269386292,0.4675244688987732,-0.23651596903800964
1789225122701970700,24.181970703125,0.21458283066749573,0.4320184290409088,-0.23168471455574036
1789225122712009500,24.192009521484376,0.2521829903125763,0.2678276300430298,-0.13989786803722382
1789225122722047500,24.202047607421875,0.23255681991577148,0.37709125876426697,-0.048186320811510086
1789225122732086500,24.21208642578125,0.18331733345985413,0.36397409439086914,-0.042649369686841965
1789225122742125600,24.22212548828125,0.16650186479091644,0.3977198004722595,-0.22694198787212372
1789225122752163300,24.232163330078127,0.14275042712688446,0.39380016922950745,-0.04577197507023811
1789225122762202600,24.24220263671875,0.18529069423675537,0.19099512696266174,0.16129519045352936
1789225122772240600,24.25224072265625,0.20690955221652985,0.27235642075538635,0.010761523619294167
1789225122782279400,24.262279541015626,0.15388841927051544,0.30674421787261963,0.017487602308392525
1789225122792318500,24.272318359375,0.10083414614200592,0.1851971596479416,0.2762041985988617
1789225122802356500,24.2823564453125,0.07389520853757858,0.07107696682214737,0.06843555718660355
1789225122812395500,24.2923955078125,0.018409613519906998,0.36223453283309937,0.014751728624105453
1789225122822433500,24.30243359375,0.07389550656080246,0.24845950305461884,0.0460960678756237
1789225122832472600,24.31247265625,0.08565405011177063,0.30515754222869873,0.15372833609580994
1789225122842511400,24.322511474609374,0.097347192466259,0.174251988530159,0.011300357058644295
1789225122852549600,24.332549560546877,0.10965661704540253,0.07330145686864853,-0.24684439599514008
1789225122862588400,24.34258837890625,0.040621887892484665,0.008847099728882313,-0.1958342045545578
1789225122872627500,24.35262744140625,-0.021053669974207878,0.08806685358285904,0.11798625439405441
1789225122882665700,24.362665771484377,-0.047571297734975815,0.03326432406902313,0.2030652016401291
1789225122892704500,24.37270458984375,-0.040364742279052734,0.16333158314228058,0.03260408714413643
1789225122902742500,24.382742431640626,0.025335175916552544,0.12692536413669586,-0.4596540629863739
1789225122912781600,24.392781494140625,0.023547671735286713,0.14231397211551666,-0.6345077157020569
1789225122922820600,24.402820556640624,-0.0006743107223883271,0.02415243349969387,0.14395157992839813
1789225122932858400,24.4128583984375,0.0059252092614769936,-0.10587543994188309,0.4043901264667511
1789225122942897700,24.422897705078125,0.000914471922442317,0.04292469099164009,0.08380518853664398
1789225122952935400,24.432935302734375,0.001865782542154193,0.17751717567443848,-0.16710853576660156
1789225122962974500,24.442974365234374,-0.0505223274230957,0.10876473784446716,0.037572696805000305
1789225122973013800,24.453013671875,-0.0397874116897583,-0.11848925054073334,-0.015567277558147907
1789225122983051500,24.463051513671875,-0.05839039012789726,0.08462844789028168,-0.21675550937652588
1789225122993090600,24.473090576171874,-0.06078439950942993,0.0642661303281784,0.017341813072562218
1789225123003128600,24.483128662109376,-0.009105225093662739,-0.06317358464002609,0.2039487212896347
1789225123013167600,24.493167724609375,0.00905290525406599,-0.003611288731917739,0.04994417354464531
1789225123023206400,24.503206298828125,0.027996769174933434,0.026467250660061836,-0.19751355051994324
1789225123033244700,24.51324462890625,-0.02899717353284359,-0.005467414855957031,-0.16753509640693665
1789225123043283500,24.523283447265626,-0.06344729661941528,0.027171753346920013,0.28631681203842163
1789225123053321500,24.533321533203125,-0.021577557548880577,-0.22308757901191711,0.2336600422859192
1789225123063360500,24.543360595703124,-0.007654550950974226,0.0702042207121849,-0.19760428369045258
1789225123073399600,24.553399658203126,-0.012150527909398079,-0.049715302884578705,-0.3948001563549042
1789225123083437600,24.5634375,-0.07686267793178558,-0.04391520470380783,0.247379332780838
1789225123093476600,24.5734765625,-0.07735323160886765,-0.12548916041851044,0.44197091460227966
1789225123103514400,24.583514404296874,-0.027228547260165215,-0.003972581587731838,0.14075221121311188
1789225123113553400,24.593553466796877,0.09408929944038391,0.10247021913528442,-0.3115174472332001
1789225123123592700,24.6035927734375,0.09796313941478729,0.09430176764726639,-0.18092910945415497
1789225123133630500,24.61363037109375,0.10981062054634094,-0.2417628914117813,0.04212011769413948
1789225123143669500,24.62366943359375,0.028751187026500702,-0.1842830926179886,-0.1867077350616455
1789225123153707500,24.63370751953125,-0.1070936843752861,-0.013689246959984303,0.022911634296178818
1789225123163746600,24.64374658203125,-0.1345956176519394,-0.0332067534327507,0.35618945956230164
1789225123173785300,24.653785400390625,-0.07889796048402786,-0.06990610808134079,0.3230566680431366
1789225123183823600,24.66382373046875,0.07605700194835663,0.028158409520983696,-0.17307347059249878
1789225123193862400,24.6738623046875,0.17524613440036774,0.15135884284973145,-0.33117881417274475
1789225123203900700,24.683900634765624,0.1419835090637207,0.14507617056369781,0.41468551754951477
1789225123213939500,24.693939453125,0.14143162965774536,-0.17874084413051605,0.5194157958030701
1789225123223978500,24.703978515625,0.09884636104106903,0.027860520407557487,-0.015103276818990707
1789225123234016500,24.7140166015625,-0.059453219175338745,0.1454404890537262,-0.45488134026527405
1789225123244055600,24.7240556640625,-0.07255224883556366,-0.10303723067045212,-0.07480326294898987
1789225123254093300,24.73409326171875,0.027540339156985283,-0.25986620783805847,0.29223766922950745
1789225123264132600,24.744132568359376,0.10387026518583298,-0.14946992695331573,0.011369522660970688
1789225123274171600,24.754171630859375,0.14966385066509247,0.1617009937763214,-0.3731374144554138
1789225123284209400,24.76420947265625,0.09540221095085144,0.17422345280647278,0.04255886748433113
1789225123294248700,24.774248779296876,0.06992627680301666,-0.00973186269402504,0.24314767122268677
1789225123304286500,24.784286376953126,0.06525802612304688,0.07290016859769821,-0.01819099485874176
1789225123314325500,24.794325439453125,0.08053585141897202,0.1207156777381897,-0.3461456298828125
1789225123324364500,24.804364501953124,0.12718164920806885,-0.047543641179800034,-0.11929942667484283
1789225123334402600,24.814402587890626,0.18046705424785614,-0.11357739567756653,0.11115708202123642
1789225123344441300,24.82444140625,0.15522481501102448,0.16263900697231293,0.14970554411411285
1789225123354479600,24.834479736328124,0.17301234602928162,0.07338077574968338,0.18903669714927673
1789225123364518700,24.8445185546875,0.24736006557941437,0.13363638520240784,-0.02544257417321205
1789225123374557400,24.854557373046877,0.2715493440628052,0.2649878263473511,-0.3883548378944397
1789225123384595700,24.864595703125,0.18915995955467224,0.24923336505889893,-0.3191659152507782
1789225123394634500,24.874634521484374,0.15038903057575226,0.15718135237693787,0.1965138018131256
1789225123404672500,24.884672607421876,0.18024438619613647,-0.02747957967221737,0.30930373072624207
1789225123414711600,24.894711669921875,0.18979999423027039,0.24247750639915466,0.14662928879261017
1789225123424750600,24.90475048828125,0.24503687024116516,0.26926812529563904,-0.1797003448009491
1789225123434788400,24.914788330078125,0.3016277849674225,0.141713947057724,-0.2487383931875229
1789225123444827600,24.92482763671875,0.309029757976532,0.17261779308319092,0.26620402932167053
1789225123454865400,24.934865478515626,0.29089051485061646,0.05518123507499695,0.3022238314151764
1789225123464904400,24.944904541015624,0.2520991563796997,0.3413882255554199,-0.12627317011356354
1789225123474942500,24.9549423828125,0.24528397619724274,0.3039906322956085,-0.13026933372020721
1789225123484981500,24.9649814453125,0.2469436526298523,0.19893240928649902,0.1964976042509079
1789225123495020500,24.9750205078125,0.29222169518470764,0.16598248481750488,0.030173318460583687
1789225123505058600,24.98505859375,0.2870202660560608,0.24749146401882172,-0.1627684384584427
1789225123515097600,24.99509765625,0.26016247272491455,0.1945410817861557,-0.006302285008132458
1789225123525135600,25.005135498046876,0.20436926186084747,0.14591708779335022,0.10559628903865814
1789225123535174700,25.015174560546875,0.17058055102825165,0.3334125280380249,-0.04677171632647514
1789225123545213400,25.02521337890625,0.19751548767089844,0.3042951226234436,-0.09715446084737778
1789225123555251700,25.035251708984376,0.29352641105651855,0.18429814279079437,-0.0003186366520822048
1789225123565290500,25.04529052734375,0.3496192395687103,0.24637295305728912,0.14615574479103088
1789225123575328500,25.05532861328125,0.36677730083465576,0.2661172151565552,0.27512621879577637
1789225123585367600,25.065367431640624,0.3467594087123871,0.26005318760871887,0.24766823649406433
1789225123595406600,25.075406494140626,0.27376702427864075,0.25706765055656433,0.1436755210161209
1789225123605444400,25.0854443359375,0.22962619364261627,0.3047637939453125,-0.30374032258987427
1789225123615483600,25.095483642578124,0.15213429927825928,0.4447607696056366,-0.468692809343338
1789225123625521400,25.105521484375,0.14088323712348938,0.3867264986038208,0.1599157154560089
1789225123635560400,25.115560546875,0.250322550535202,0.1493133306503296,0.31232863664627075
1789225123645599500,25.125599609375,0.3525349199771881,0.3627462387084961,-0.1429845541715622
1789225123655637500,25.135637451171874,0.40267932415008545,0.45932522416114807,-0.4652537703514099
1789225123665676500,25.145676513671877,0.33380624651908875,0.14629408717155457,0.01692061498761177
1789225123675714600,25.155714599609375,0.2544618844985962,0.09927969425916672,0.29926517605781555
1789225123685753600,25.165753662109374,0.08822283893823624,0.3745586574077606,0.05824164301156998
1789225123695792400,25.17579248046875,0.07757899910211563,0.42790740728378296,-0.3212834596633911
1789225123705830700,25.18583056640625,0.13630889356136322,0.3483627736568451,-0.47730979323387146
1789225123715869400,25.195869384765626,0.23522359132766724,0.1675773710012436,-0.17697469890117645
1789225123725907500,25.205907470703124,0.32759028673171997,0.08121053874492645,0.08228324353694916
1789225123735946500,25.215946533203127,0.2729748487472534,0.3232493996620178,0.09430164098739624
1789225123745985500,25.225985595703126,0.20845496654510498,0.5405886769294739,0.17486678063869476
1789225123756023300,25.236023193359376,0.12280149757862091,0.4843493103981018,0.31702297925949097
1789225123766062600,25.2460625,0.07158145308494568,0.5127673149108887,0.2456316500902176
1789225123776100600,25.2561005859375,0.06560735404491425,0.26691383123397827,-0.08048873394727707
1789225123786139400,25.266139404296876,0.055368296802043915,0.2582700252532959,-0.3465217649936676
1789225123796178700,25.2761787109375,0.09505469352006912,-0.011247004382312298,0.21760796010494232
1789225123806216400,25.286216552734373,0.1072106882929802,-0.03357627987861633,0.44957274198532104
1789225123816255500,25.29625537109375,0.05503243952989578,0.08832166343927383,0.13517220318317413
1789225123826293500,25.30629345703125,0.01735750027000904,0.29631802439689636,-0.2379334568977356
1789225123836332500,25.31633251953125,-0.03641340881586075,0.30194032192230225,-0.17404815554618835
1789225123846371300,25.326371337890624,-0.05617273226380348,0.21200324594974518,0.08404383808374405
1789225123856409600,25.33640966796875,0.009886188432574272,0.15358126163482666,-0.1214049905538559
1789225123866448600,25.34644873046875,0.07884848117828369,0.25938013195991516,-0.28460854291915894
1789225123876486700,25.356486572265624,0.165913388133049,0.028089432045817375,-0.5029656291007996
1789225123886525700,25.366525634765626,0.13479408621788025,0.09714999794960022,-0.36103564500808716
1789225123896563500,25.3765634765625,-0.025824449956417084,0.25795260071754456,0.1613650918006897
1789225123906602500,25.3866025390625,-0.159132719039917,0.29281818866729736,0.5078303813934326
1789225123916641500,25.3966416015625,-0.23510530591011047,0.591419517993927,0.72025465965271
1789225123926679600,25.406679443359376,-0.0806369036436081,0.13489294052124023,0.5655409693717957
1789225123936718300,25.41671826171875,0.10471484810113907,-0.16801686584949493,-0.1591554880142212
1789225123946756600,25.426756591796874,0.08564208447933197,-0.015432915650308132,-0.30305910110473633
1789225123956795400,25.43679541015625,0.024645160883665085,0.06206598877906799,0.39810797572135925
1789225123966834400,25.44683447265625,-0.07996246963739395,-0.12356459349393845,0.3956722319126129
1789225123976872400,25.45687255859375,-0.22477272152900696,0.17810145020484924,0.20524939894676208
1789225123986911500,25.466911376953124,-0.24147793650627136,0.21455879509449005,-0.2068324238061905
1789225123996949500,25.476949462890627,-0.12428932636976242,0.17217932641506195,-0.4140823781490326
1789225124006988500,25.486988525390625,-0.011068763211369514,0.041870858520269394,-0.46738553047180176
1789225124017027600,25.497027587890624,0.05485730618238449,-0.0011039930395781994,-0.3907455801963806
1789225124027065600,25.507065673828127,0.016978366300463676,0.08419572561979294,-0.03313764929771423
1789225124037104600,25.517104736328125,-0.04100768640637398,0.015832405537366867,-0.011554471217095852
1789225124047142400,25.527142333984376,-0.14711149036884308,0.13449648022651672,-0.2145715057849884
1789225124057181700,25.537181640625,-0.1917724460363388,0.11245132982730865,-0.26993662118911743
1789225124067220500,25.547220458984373,-0.1676522046327591,0.005570687353610992,0.09718680381774902
1789225124077258500,25.557258544921876,-0.10255936533212662,0.007122872397303581,0.344093382358551
1789225124087297500,25.567297607421875,-0.06859846413135529,0.1114807054400444,0.38466477394104004
1789225124097335600,25.57733544921875,-0.04513198882341385,-0.0015475309919565916,0.24937082827091217
1789225124107374300,25.587374267578124,-0.10221072286367416,0.04820644482970238,0.03437783196568489
1789225124117412600,25.59741259765625,-0.2058524638414383,0.02956961840391159,0.08335531502962112
1789225124127451400,25.607451416015625,-0.24655915796756744,-0.11623817682266235,0.1433137208223343
1789225124137490400,25.617490478515624,-0.24112948775291443,-0.14988139271736145,-0.09681905061006546
1789225124147528400,25.627528564453126,-0.23982587456703186,-0.018444806337356567,-0.1708884835243225
1789225124157567500,25.6375673828125,-0.22247768938541412,-0.07526326924562454,-0.04569441080093384
1789225124167605800,25.647605712890623,-0.18133504688739777,-0.12270934879779816,-0.07180217653512955
1789225124177644500,25.65764453125,-0.17658409476280212,0.06206490471959114,-0.10799849033355713
1789225124187683600,25.66768359375,-0.14358407258987427,0.007154515944421291,0.017497379332780838
1789225124197721600,25.6777216796875,-0.10715558379888535,-0.07008415460586548,0.037980616092681885
1789225124207760600,25.6877607421875,-0.12244745343923569,-0.04905662685632706,0.09273626655340195
1789225124217798400,25.69779833984375,-0.17232756316661835,0.001208767294883728,0.20669272541999817
1789225124227837400,25.70783740234375,-0.2404533475637436,-0.11405657231807709,0.23290222883224487
1789225124237876500,25.71787646484375,-0.27907291054725647,-0.14986997842788696,-0.009966154582798481
1789225124247914500,25.72791455078125,-0.32656481862068176,-0.08716080337762833,0.003619695547968149
1789225124257953300,25.737953369140627,-0.29228678345680237,-0.15816953778266907,0.2620643377304077
1789225124267991300,25.7479912109375,-0.1932169497013092,-0.15510104596614838,0.2896999716758728
1789225124278030000,25.758030029296876,-0.10922958701848984,0.013150093145668507,0.1935216188430786
1789225124288069400,25.7680693359375,-0.053554337471723557,0.05819666385650635,0.03315857797861099
1789225124298107400,25.778107421875,-0.0790155678987503,0.10163804888725281,-0.08332516252994537
1789225124308146200,25.788146240234376,-0.14761807024478912,0.03629099950194359,0.06650427728891373
1789225124318184400,25.798184326171874,-0.17895495891571045,-0.05029132217168808,-0.02398446574807167
1789225124328223200,25.80822314453125,-0.22229844331741333,0.14729899168014526,-0.15522050857543945
1789225124338261200,25.81826123046875,-0.1894233524799347,-0.011873355135321617,-0.18923531472682953
1789225124348300300,25.82830029296875,-0.1338740736246109,-0.23508886992931366,-0.15387412905693054
1789225124358339300,25.83833935546875,-0.1481023132801056,-0.1863218992948532,-0.056034356355667114
1789225124368377000,25.848377197265624,-0.16282933950424194,-0.1101461797952652,-0.14176124334335327
1789225124378416400,25.85841650390625,-0.18975934386253357,-0.040764857083559036,0.011115350760519505
1789225124388454100,25.8684541015625,-0.14300356805324554,-0.06675224751234055,0.15371696650981903
1789225124398493200,25.8784931640625,-0.11331916600465775,0.0915420800447464,0.02687601000070572
1789225124408532500,25.888532470703126,-0.08086748421192169,0.2388513684272766,-0.12610022723674774
1789225124418570200,25.8985703125,-0.08597441762685776,0.2399970293045044,0.15118780732154846
1789225124428609300,25.908609375,-0.07368552684783936,0.13491934537887573,0.42642924189567566
1789225124438647300,25.918647216796874,-0.021588848903775215,0.029238076880574226,0.13259628415107727
1789225124448686300,25.928686279296876,-0.020201075822114944,0.07544844597578049,-0.23073266446590424
1789225124458725000,25.93872509765625,-0.0718948170542717,-0.02938785031437874,-0.10058183968067169
1789225124468763400,25.948763427734374,-0.1143631786108017,-0.0730983167886734,0.01405179314315319
1789225124478802200,25.95880224609375,-0.1378951519727707,0.0195210762321949,-0.17735929787158966
1789225124488840400,25.96884033203125,-0.10776201635599136,0.14755867421627045,-0.24875545501708984
1789225124498879200,25.978879150390625,-0.030605783686041832,0.07628710567951202,-0.21224865317344666
1789225124508917200,25.988917236328124,0.02284545823931694,0.1281455159187317,-0.15489189326763153
1789225124518956300,25.998956298828126,0.028078367933630943,0.07386849820613861,-0.10290417075157166
1789225124528995300,26.008995361328125,-0.01773545891046524,0.022101975977420807,-0.11424977332353592
1789225124539033000,26.019033203125,-0.09433645755052567,-0.018361834809184074,0.03673744946718216
1789225124549072400,26.029072265625,-0.13831056654453278,0.015435010194778442,0.44110944867134094
1789225124559110100,26.039110107421877,-0.12091883271932602,-0.07833624631166458,0.3387410640716553
1789225124569149200,26.049149169921876,-0.07970614731311798,0.16653050482273102,-0.05136115849018097
1789225124579188200,26.059188232421874,-0.008723700419068336,0.2236274778842926,-0.17328430712223053
1789225124589226200,26.069226318359377,0.03176194056868553,0.06385273486375809,0.2846300005912781
1789225124599265300,26.079265380859376,0.08927249908447266,-0.05973084270954132,0.2751600742340088
1789225124609303300,26.08930322265625,0.04050895571708679,0.2357649952173233,0.03873423859477043
1789225124619342300,26.09934228515625,0.04573577642440796,0.16461610794067383,-0.06524370610713959
1789225124629380400,26.10938037109375,0.02353060431778431,0.14713752269744873,0.12399386614561081
1789225124639419400,26.11941943359375,0.037560172379016876,-0.011193518526852131,0.09624337404966354
1789225124649458200,26.129458251953125,0.09553984552621841,0.10906205326318741,-0.3370803892612457
1789225124659496200,26.13949609375,0.09645922482013702,0.15109743177890778,-0.47631093859672546
1789225124669535200,26.14953515625,0.11582066863775253,0.08324435353279114,-0.17302881181240082
1789225124679573200,26.1595732421875,0.05251787230372429,0.18927621841430664,0.03913290426135063
1789225124689612300,26.1696123046875,0.030222682282328606,0.2540251314640045,0.09842020273208618
1789225124699651300,26.1796513671875,0.044404078274965286,0.20164138078689575,-0.18937808275222778
1789225124709689300,26.189689453125,0.18769066035747528,0.2370036244392395,-0.22525379061698914
1789225124719728000,26.19972802734375,0.21760478615760803,0.20831036567687988,0.18889273703098297
1789225124729766400,26.209766357421874,0.24322599172592163,0.05523267015814781,0.23694415390491486
1789225124739805200,26.21980517578125,0.1487920582294464,0.2890668511390686,0.34181758761405945
1789225124749844200,26.22984423828125,0.08628394454717636,0.2812983989715576,0.32259514927864075
1789225124759882200,26.23988232421875,0.03228713199496269,0.2631746530532837,0.1634964942932129
1789225124769921300,26.24992138671875,0.036749258637428284,0.281233012676239,0.008963111788034439
1789225124779959300,26.259959228515626,0.09432854503393173,0.23866255581378937,-0.007124621421098709
1789225124789998300,26.269998291015625,0.1610090285539627,0.23702843487262726,0.001493367599323392
1789225124800036000,26.2800361328125,0.2137364149093628,0.2512238621711731,0.004719133488833904
1789225124810075400,26.290075439453126,0.23248666524887085,0.18795087933540344,-0.2417721301317215
1789225124820114400,26.300114501953125,0.176762655377388,0.10090677440166473,-0.3996115028858185
1789225124830152200,26.310152099609375,0.036807410418987274,0.16350623965263367,-0.0578426867723465
1789225124840191500,26.32019140625,0.006359826773405075,0.07156384736299515,-0.18495716154575348
1789225124850229200,26.330229248046876,-0.0016802565660327673,0.24760198593139648,-0.4301711618900299
1789225124860268300,26.340268310546875,0.04271012544631958,0.2542322278022766,-0.28188464045524597
1789225124870307300,26.350307373046874,0.09995263814926147,0.22433717548847198,-0.012399636209011078
1789225124880345300,26.360345458984376,0.14569427073001862,0.26969796419143677,0.0057068075984716415
1789225124890384100,26.370384033203123,0.14215892553329468,0.2254074662923813,0.1139208972454071
1789225124900422400,26.38042236328125,0.11730455607175827,0.08157426118850708,0.1857299655675888
1789225124910461200,26.390461181640624,0.05657275766134262,-0.0027491410728543997,-0.01889960840344429
1789225124920499200,26.400499267578127,-0.05126911401748657,0.08530256152153015,0.20518742501735687
1789225124930538200,26.410538330078126,-0.08469098806381226,0.1271328330039978,0.4381716549396515
1789225124940577300,26.420577392578124,-0.06781008839607239,0.33042678236961365,0.45955824851989746
1789225124950615000,26.430614990234375,-0.013742596842348576,0.4046163260936737,0.3433693051338196
1789225124960654300,26.440654296875,0.20796412229537964,0.041990071535110474,-0.19032980501651764
1789225124970692000,26.450692138671876,0.15802720189094543,0.16278573870658875,-0.7126467823982239
1789225124980731100,26.460731201171875,0.028690410777926445,0.03502717614173889,-0.10405829548835754
1789225124990770400,26.4707705078125,-0.0847591906785965,0.017171749845147133,0.23253411054611206
1789225125000808200,26.48080810546875,-0.19100256264209747,0.013642440550029278,0.05250517651438713
1789225125010847200,26.49084716796875,-0.1793632209300995,-0.03842874988913536,-0.281952440738678
1789225125020885200,26.50088525390625,-0.08642677217721939,0.02006024681031704,-0.37352240085601807
1789225125030924300,26.51092431640625,-0.07463695853948593,0.12966397404670715,-0.002854039426892996
1789225125040962300,26.52096240234375,-0.012613799422979355,-0.019448278471827507,-0.055459994822740555
1789225125051001300,26.53100146484375,-0.033335890620946884,-0.01025613397359848,-0.123236283659935
1789225125061040000,26.5410400390625,-0.09356734901666641,-0.0024950122460722923,0.21287134289741516
1789225125071078400,26.551078369140626,-0.1382911503314972,-0.08983470499515533,0.26427382230758667
1789225125081117400,26.561117431640625,-0.20495757460594177,-0.021536899730563164,0.28383955359458923
1789225125091155200,26.5711552734375,-0.20755122601985931,-0.14339889585971832,0.29901400208473206
1789225125101194500,26.581194580078126,-0.22284191846847534,-0.12143328785896301,0.2308255434036255
1789225125111233300,26.5912333984375,-0.22310902178287506,-0.28344082832336426,-0.0362921878695488
1789225125121271300,26.601271240234375,-0.20451948046684265,-0.2128930240869522,-0.325878381729126
1789225125131310300,26.611310302734374,-0.2524081766605377,-0.14515765011310577,0.12204614281654358
1789225125141348400,26.621348388671876,-0.1863606870174408,-0.21368205547332764,0.29844990372657776
1789225125151387100,26.63138720703125,-0.18730531632900238,0.01965612918138504,0.10921447724103928
1789225125161425400,26.64142529296875,-0.17955279350280762,0.06910525262355804,0.008843225426971912
1789225125171464200,26.651464111328124,-0.1450185328722,-0.3978688418865204,-0.37479472160339355
1789225125181503200,26.661503173828127,-0.28413429856300354,-0.6582767367362976,-0.5325875878334045
1789225125191541200,26.671541259765625,-0.4517776370048523,-0.5563000440597534,-0.1324513554573059
1789225125201580300,26.681580322265624,-0.5650435090065002,-0.36918553709983826,0.14587953686714172
1789225125211618300,26.691618408203126,-0.5436812043190002,-0.33083415031433105,0.22449366748332977
1789225125221657300,26.7016572265625,-0.5215250849723816,-0.09474898874759674,0.26054131984710693
1789225125231696400,26.7116962890625,-0.4424097537994385,-0.34226611256599426,0.03659530729055405
1789225125241734100,26.721734130859375,-0.35142242908477783,-0.3159690797328949,0.14202360808849335
1789225125251773400,26.7317734375,-0.39355871081352234,-0.4031122326850891,0.5954680442810059
1789225125261811500,26.7418115234375,-0.3007940351963043,-0.6821048259735107,0.47224804759025574
1789225125271850200,26.751850341796874,-0.24949409067630768,-0.6386958360671997,-0.01349708717316389
1789225125281888500,26.761888427734377,-0.349739670753479,-0.873718798160553,0.06230096518993378
1789225125291927300,26.77192724609375,-0.42777642607688904,-0.9081441164016724,0.20277978479862213
1789225125301966300,26.78196630859375,-0.5596256852149963,-0.6130558848381042,-0.002230763202533126
1789225125312004400,26.79200439453125,-0.6100872755050659,-0.44451001286506653,-0.06573543697595596
1789225125322043400,26.80204345703125,-0.5383639335632324,-0.5798988938331604,0.009139887988567352
1789225125332081700,26.81208154296875,-0.4781506657600403,-0.5257880091667175,-0.34162160754203796
1789225125342120400,26.822120361328125,-0.32964301109313965,-0.5256868004798889,-0.8199061751365662
1789225125352158500,26.832158447265623,-0.2997698187828064,-0.7693628072738647,-0.47955843806266785
1789225125362197500,26.842197509765626,-0.3088679313659668,-0.7556043863296509,0.2503235340118408
1789225125372236500,26.852236572265625,-0.3908165991306305,-0.5498698949813843,0.1775853931903839
1789225125382274300,26.8622744140625,-0.4041479527950287,-0.4356031119823456,-0.03819362446665764
1789225125392313600,26.872313720703126,-0.37449073791503906,-0.5173845291137695,0.045887697488069534
1789225125402351400,26.882351318359376,-0.35701096057891846,-0.5411402583122253,0.4328332841396332
1789225125412390400,26.892390380859375,-0.29363545775413513,-0.49402788281440735,0.340241014957428
1789225125422428400,26.902428466796874,-0.2888120710849762,-0.38354605436325073,0.34396713972091675
1789225125432467500,26.912467529296876,-0.21916189789772034,-0.5181677937507629,0.36003291606903076
1789225125442506500,26.922506591796875,-0.19328321516513824,-0.528901994228363,0.04899114370346069
1789225125452544500,26.93254443359375,-0.22122909128665924,-0.4222892224788666,-0.2343556135892868
1789225125462583600,26.94258349609375,-0.24899649620056152,-0.4010680019855499,0.11868242919445038
1789225125472621600,26.95262158203125,-0.19151216745376587,-0.48501482605934143,0.143644779920578
1789225125482660600,26.96266064453125,-0.15672717988491058,-0.24693085253238678,-0.07905249297618866
1789225125492699400,26.972699462890624,-0.09255725145339966,-0.1991865038871765,-0.27970463037490845
1789225125502737400,26.9827373046875,-0.05838510021567345,-0.2753509283065796,-0.28091001510620117
1789225125512776400,26.9927763671875,-0.07637156546115875,-0.31168121099472046,-0.11006585508584976
1789225125522814500,27.002814453125,-0.07919052988290787,-0.3775489628314972,-0.004335280507802963
1789225125532853200,27.012853271484374,-0.07902301847934723,-0.3148099482059479,0.027069246396422386
1789225125542891500,27.0228916015625,-0.04978359118103981,-0.2992762327194214,-0.035366740077733994
1789225125552930300,27.032930419921875,-0.04803549125790596,-0.2130098044872284,-0.1549040526151657
1789225125562969300,27.04296923828125,-0.04712134599685669,-0.15351110696792603,-0.10084831714630127
1789225125573007400,27.05300732421875,-0.030690975487232208,-0.12284108251333237,0.23835690319538116
1789225125583046400,27.06304638671875,0.02653742954134941,-0.10517663508653641,0.386717826128006
1789225125593084400,27.07308447265625,0.1132238581776619,-0.03577465936541557,0.12295674532651901
1789225125603123500,27.08312353515625,0.16228850185871124,0.09590977430343628,-0.1902981698513031
1789225125613161200,27.0931611328125,0.1443883329629898,-0.11271613836288452,0.010831479914486408
1789225125623200500,27.103200439453126,0.08237531036138535,-0.07087279111146927,0.40122199058532715
1789225125633239600,27.113239501953124,0.04099031910300255,-0.18432505428791046,0.36998364329338074
1789225125643277300,27.12327734375,0.02415296994149685,-0.10488863289356232,-0.07899904996156693
1789225125653316600,27.133316650390626,0.04613976180553436,-0.09004124253988266,-0.7368501424789429
1789225125663354400,27.143354248046876,-0.03929692879319191,-0.13262392580509186,-0.3007124662399292
1789225125673393400,27.153393310546875,-0.012678366154432297,-0.24371929466724396,0.4958086609840393
1789225125683432400,27.163432373046874,-0.005560717545449734,-0.06586106866598129,0.2831549048423767
1789225125693470500,27.173470458984376,0.0325176902115345,0.03240744024515152,-0.12331804633140564
1789225125703509200,27.18350927734375,0.11626213788986206,0.08284720778465271,-0.43735653162002563
1789225125713547500,27.193547607421873,0.06390652060508728,0.06594572216272354,-0.002600027248263359
1789225125723586600,27.203586669921876,0.02556377649307251,-0.00413813441991806,0.468259334564209
1789225125733624600,27.21362451171875,0.040643129497766495,0.08409052342176437,0.3160519599914551
1789225125743663600,27.22366357421875,0.033772438764572144,-0.14225392043590546,-0.1149177998304367
1789225125753702400,27.233702392578124,0.05470248684287071,-0.10189559310674667,-0.6679679155349731
1789225125763740400,27.243740478515626,-0.02054363116621971,-0.2896967828273773,0.2353343516588211
1789225125773779500,27.253779541015625,-0.03089080937206745,-0.4538327157497406,0.5749492049217224
1789225125783817500,27.2638173828125,-0.12273994088172913,-0.2542111277580261,0.08609087765216827
1789225125793856300,27.273856201171874,-0.12877225875854492,-0.012380920350551605,-0.35641250014305115
1789225125803894500,27.28389453125,-0.10968401283025742,-0.0813189297914505,-0.19036252796649933
1789225125813933300,27.293933349609375,-0.0757066011428833,-0.2800072431564331,-0.2201680988073349
1789225125823972400,27.303972412109374,-0.06555065512657166,-0.11895288527011871,-0.33737900853157043
1789225125834010400,27.31401025390625,-0.08227450400590897,-0.09540840983390808,-0.13478034734725952
1789225125844049400,27.32404931640625,-0.06328508257865906,-0.186521515250206,0.18107759952545166
1789225125854087400,27.33408740234375,-0.03892834484577179,-0.21260212361812592,0.20136822760105133
1789225125864126500,27.34412646484375,-0.03061840310692787,-0.14397768676280975,0.14629939198493958
1789225125874164200,27.354164306640627,-0.03800521045923233,-0.2072772979736328,0.002033551922068
1789225125884203500,27.36420361328125,-0.09370865672826767,-0.20311236381530762,-0.10198002308607101
1789225125894242600,27.37424267578125,-0.16193698346614838,-0.24756105244159698,0.09481985867023468
1789225125904280300,27.3842802734375,-0.2005387246608734,-0.2299615889787674,0.23299053311347961
1789225125914319600,27.394319580078125,-0.21362389624118805,-0.1464105099439621,0.39627131819725037
1789225125924357400,27.404357421875,-0.16889265179634094,-0.3109757602214813,0.16803844273090363
1789225125934396400,27.414396484375,-0.09432866424322128,-0.25224587321281433,-0.2695189416408539
1789225125944434400,27.424434326171873,-0.12696130573749542,-0.2371850162744522,-0.0714811310172081
1789225125954473500,27.434473388671876,-0.12588511407375336,-0.3207184970378876,0.4618706703186035
1789225125964512300,27.44451220703125,-0.09221424907445908,-0.33985546231269836,-0.01715162582695484
1789225125974550500,27.454550537109377,-0.12112686038017273,-0.15674687922000885,-0.6930032968521118
1789225125984589300,27.46458935546875,-0.16912813484668732,-0.1289181262254715,-0.5150608420372009
1789225125994627600,27.474627685546874,-0.19977152347564697,-0.34459102153778076,0.2534931004047394
1789225126004666400,27.484666259765625,-0.21331952512264252,-0.4440920054912567,0.23746459186077118
1789225126014704400,27.494704345703123,-0.20040692389011383,-0.31425997614860535,-0.11444178223609924
1789225126024743700,27.50474365234375,-0.14481674134731293,-0.35801875591278076,-0.3423771262168884
1789225126034782500,27.514782470703125,-0.19567273557186127,-0.3332105875015259,0.24167592823505402
1789225126044820500,27.524820556640623,-0.1914706528186798,-0.4266176223754883,0.517416775226593
1789225126054859500,27.534859619140626,-0.26147475838661194,-0.11761931329965591,0.36140111088752747
1789225126064897500,27.5448974609375,-0.18429036438465118,-0.18098348379135132,0.07824159413576126
1789225126074936300,27.554936279296875,-0.10878948867321014,-0.24429135024547577,0.06581368297338486
1789225126084975400,27.564975341796874,-0.07766719162464142,-0.3742058575153351,0.13026952743530273
1789225126095013400,27.575013427734376,-0.09878578782081604,-0.41943272948265076,0.292866975069046
1789225126105052400,27.585052490234375,-0.14720946550369263,-0.26814624667167664,0.194628044962883
1789225126115090400,27.59509033203125,-0.17279444634914398,-0.19515031576156616,-0.001218167832121253
1789225126125129500,27.60512939453125,-0.15674984455108643,-0.32128679752349854,-0.1170632466673851
1789225126135167500,27.61516748046875,-0.1057785376906395,-0.2350914478302002,-0.3037974536418915
1789225126145206500,27.62520654296875,-0.07772897183895111,-0.09999988228082657,-0.06394123286008835
1789225126155245600,27.63524560546875,-0.011437034234404564,-0.09434599429368973,0.22011978924274445
1789225126165283300,27.645283447265626,0.02831692062318325,-0.15724438428878784,0.03645869717001915
1789225126175322600,27.655322509765625,0.02452484518289566,-0.28197887539863586,-0.2698090672492981
1789225126185360400,27.6653603515625,-0.027494482696056366,-0.3498604893684387,-0.10129552334547043
1789225126195399400,27.6753994140625,-0.07910148054361343,-0.23142091929912567,0.15233168005943298
1789225126205437400,27.6854375,-0.11125336587429047,-0.04184729605913162,0.17196707427501678
1789225126215476500,27.6954765625,-0.03217771649360657,-0.10979732125997543,0.013018445111811161
1789225126225514500,27.705514404296874,0.11972574144601822,-0.05071118101477623,-0.33560487627983093
1789225126235553500,27.715553466796877,0.17422440648078918,-0.00693786796182394,-0.4235592186450958
1789225126245592300,27.72559228515625,0.11418547481298447,0.016189459711313248,0.18324968218803406
1789225126255630300,27.73563037109375,0.07566018402576447,-0.1655299961566925,0.13405977189540863
1789225126265669400,27.74566943359375,-0.018559308722615242,-0.0015890884678810835,-0.17315992712974548
1789225126275707100,27.75570703125,-0.03502696380019188,-0.11275182664394379,-0.2701799273490906
1789225126285746400,27.765746337890626,-0.019921399652957916,-0.13655664026737213,0.029417328536510468
1789225126295785500,27.775785400390625,0.06386830657720566,-0.0790691077709198,0.2970373332500458
1789225126305823200,27.7858232421875,0.14187292754650116,0.008166288956999779,0.3302326202392578
1789225126315862500,27.795862548828126,0.21260622143745422,0.050505757331848145,0.22590407729148865
1789225126325900300,27.805900390625,0.20212815701961517,0.0988771915435791,-0.006763102952390909
1789225126335939300,27.815939208984375,0.1336289942264557,0.0862966850399971,0.08114438503980637
1789225126345977300,27.825977294921874,0.055088110268116,0.03651897981762886,0.3671987056732178
1789225126356016400,27.836016357421876,0.045573435723781586,0.05654062330722809,0.39496910572052
1789225126366054400,27.846054443359375,0.08011942356824875,0.11783916503190994,0.07499727606773376
1789225126376093400,27.856093505859373,0.22017879784107208,-0.061027515679597855,-0.4812625050544739
1789225126386132200,27.86613232421875,0.2179718017578125,-0.10576631128787994,-0.4908289313316345
1789225126396170500,27.87617041015625,0.23684987425804138,-0.11784721165895462,0.12670432031154633
1789225126406209300,27.886209228515625,0.23748719692230225,-0.02623520977795124,0.008576850406825542
1789225126416247300,27.896247314453124,0.2467970848083496,0.42779991030693054,-0.4046919345855713
1789225126426286300,27.906286376953126,0.3423130512237549,0.4217703938484192,-0.3125399947166443
1789225126436325400,27.916325439453125,0.40295588970184326,0.32943540811538696,-0.0673331767320633
1789225126446363100,27.926363037109375,0.42599862813949585,0.317523330450058,-0.1954374611377716
1789225126456402200,27.936402099609374,0.28307661414146423,0.3972322642803192,-0.16972437500953674
1789225126466440200,27.946440185546876,0.2061876803636551,0.12476320564746857,0.185501828789711
1789225126476479200,27.956479248046875,0.18570983409881592,-0.07346147298812866,0.08086356520652771
1789225126486517500,27.966517578125,0.16243810951709747,0.12005128711462021,0.03226318582892418
1789225126496556300,27.976556396484376,0.2567824423313141,0.1023055762052536,0.3679197430610657
1789225126506594300,27.98659423828125,0.3313843905925751,0.05991113930940628,0.16873477399349213
1789225126516633300,27.99663330078125,0.33843058347702026,0.4055449664592743,-0.28960588574409485
1789225126526672400,28.00667236328125,0.20242366194725037,0.390285462141037,-0.12214986234903336
1789225126536710100,28.016710205078127,0.17914682626724243,0.1620650738477707,0.26933935284614563
1789225126546749400,28.02674951171875,0.19883307814598083,0.06539465487003326,0.10303719341754913
1789225126556787200,28.036787109375,0.19682717323303223,0.14780616760253906,-0.15678825974464417
1789225126566826200,28.046826171875,0.19070138037204742,0.014212197624146938,-0.04429920017719269
1789225126576864300,28.0568642578125,0.1908625066280365,-0.13310641050338745,0.01134035736322403
1789225126586903300,28.0669033203125,0.13386404514312744,0.06657025963068008,0.0036414777860045433
1789225126596942300,28.0769423828125,0.1200622171163559,0.08295349031686783,-0.20320385694503784
1789225126606980400,28.08698046875,0.11558850854635239,0.24423600733280182,-0.37172970175743103
1789225126617019400,28.097019287109376,0.1623205840587616,0.22005291283130646,-0.17091058194637299
1789225126627057400,28.107057373046874,0.2367168515920639,0.16196945309638977,-0.0017020305385813117
1789225126637096400,28.117096435546873,0.22736062109470367,0.2028825283050537,-0.009836922399699688
1789225126647134200,28.12713427734375,0.2120237648487091,0.11242426186800003,0.16624654829502106
1789225126657173500,28.137173583984374,0.1703958958387375,-0.01085000392049551,0.3202928304672241
1789225126667212300,28.14721240234375,0.12572358548641205,0.11994668841362,0.1360963135957718
1789225126677250300,28.157250244140624,0.11885848641395569,0.14915436506271362,-0.041339460760354996
1789225126687289300,28.167289306640626,0.13377588987350464,0.2128492146730423,0.10236885398626328
1789225126697327400,28.177327392578125,0.2017275094985962,0.19404223561286926,0.17960985004901886
1789225126707366100,28.1873662109375,0.2527793049812317,0.2751733362674713,0.025652477517724037
1789225126717404400,28.197404296875,0.3057410418987274,0.3526630699634552,-0.13961529731750488
1789225126727443200,28.207443115234376,0.3547205626964569,0.30969616770744324,-0.178924098610878
1789225126737482200,28.217482177734375,0.43268007040023804,0.13965383172035217,-0.32751622796058655
1789225126747520300,28.227520263671874,0.4068838059902191,0.29269927740097046,-0.40415263175964355
1789225126757559300,28.237559326171876,0.2536090314388275,0.5400336980819702,-0.2003592848777771
1789225126767597300,28.247597412109375,0.15208633244037628,0.5352401733398438,-0.09324369579553604
1789225126777636400,28.25763623046875,0.14722314476966858,0.4537341296672821,-0.21186567842960358
1789225126787674400,28.26767431640625,0.21976351737976074,0.38445743918418884,-0.31051820516586304
1789225126797713200,28.277713134765627,0.31399601697921753,0.305949330329895,-0.20039568841457367
1789225126807751400,28.28775146484375,0.35505935549736023,0.30352166295051575,0.16486386954784393
1789225126817790200,28.297790283203124,0.3279227912425995,0.3405153751373291,0.4093441963195801
1789225126827829200,28.307829345703126,0.27318254113197327,0.39908647537231445,0.3356449007987976
1789225126837867300,28.3178671875,0.23742854595184326,0.32743093371391296,-0.0172489732503891
1789225126847906300,28.32790625,0.15795771777629852,0.3851206302642822,-0.22440065443515778
1789225126857944300,28.3379443359375,0.06611248850822449,0.3564213514328003,0.19285809993743896
1789225126867983400,28.3479833984375,0.07453230023384094,0.19170160591602325,0.2000734955072403
1789225126878021000,28.358021240234375,0.06131875887513161,0.3269454538822174,-0.10494314134120941
1789225126888060400,28.368060302734374,0.07351618260145187,0.23060014843940735,-0.3120861053466797
1789225126898099500,28.378099365234377,0.0695243701338768,0.04797707498073578,-0.10621843487024307
1789225126908137200,28.38813720703125,-0.00783159863203764,-0.0932723879814148,0.16955682635307312
1789225126918176500,28.398176513671874,-0.10351470857858658,-0.15597198903560638,-0.04153943061828613
1789225126928214300,28.40821435546875,-0.21679872274398804,-0.2069992870092392,-0.1608276218175888
1789225126938253300,28.41825341796875,-0.2855788767337799,-0.29170966148376465,-0.19993960857391357
1789225126948291300,28.428291259765626,-0.35805362462997437,-0.3061975836753845,-0.1799512803554535
1789225126958330400,28.438330322265625,-0.4310125410556793,-0.376697301864624,0.0596112459897995
1789225126968369200,28.448369140625,-0.4689473509788513,-0.35428300499916077,0.14705456793308258
1789225126978407400,28.458407470703126,-0.460783988237381,-0.3477462828159332,0.14907777309417725
1789225126988446200,28.4684462890625,-0.421904057264328,-0.408588171005249,0.15729595720767975
1789225126998484500,28.478484375,-0.3688512146472931,-0.5640581846237183,0.32855454087257385
1789225127008523300,28.488523193359374,-0.35957202315330505,-0.5780621767044067,0.3737594783306122
1789225127018561300,28.498561279296876,-0.37480345368385315,-0.47224360704421997,0.3351319134235382
1789225127028600300,28.508600341796875,-0.3813784122467041,-0.3720937967300415,0.25223997235298157
1789225127038638300,28.518638427734373,-0.3901016116142273,-0.316395103931427,0.20098237693309784
1789225127048677000,28.528677001953124,-0.3599696755409241,-0.3892313539981842,-0.08906818181276321
1789225127058716400,28.53871630859375,-0.3423672616481781,-0.3081444799900055,-0.35767248272895813
1789225127068754200,28.548754150390625,-0.3398359417915344,-0.3482404947280884,-0.144380122423172
1789225127078793200,28.558793212890624,-0.2804836630821228,-0.44910213351249695,0.008209160529077053
1789225127088831500,28.56883154296875,-0.2702018618583679,-0.30977264046669006,-0.12349468469619751
1789225127098870300,28.578870361328125,-0.21422141790390015,-0.28265631198883057,-0.18573303520679474
1789225127108908300,28.588908203125,-0.176158145070076,-0.3021031618118286,-0.08332826942205429
1789225127118947300,28.598947265625,-0.1335132122039795,-0.3136088252067566,-0.25515836477279663
1789225127128986400,28.608986328125,-0.15767475962638855,-0.17330500483512878,-0.151935413479805
1789225127139024400,28.6190244140625,-0.14825063943862915,-0.2613312602043152,0.24731796979904175
1789225127149063400,28.6290634765625,-0.12329071760177612,-0.2757909595966339,0.14822018146514893
1789225127159101200,28.63910107421875,-0.11283008754253387,-0.0927223488688469,-0.02451644465327263
1789225127169140200,28.64914013671875,-0.0851832777261734,-0.16643357276916504,0.007767725735902786
1789225127179178200,28.65917822265625,-0.06860403716564178,-0.21471615135669708,0.14101126790046692
1789225127189217300,28.66921728515625,-0.05258963257074356,-0.20199021697044373,0.2595058083534241
1789225127199256300,28.67925634765625,-0.01827639900147915,-0.1891159564256668,0.0155477374792099
1789225127209294300,28.68929443359375,-0.02118859998881817,-0.08664926141500473,-0.26701703667640686
1789225127219333400,28.69933349609375,-0.06742400676012039,-0.1734749674797058,0.08029992133378983
1789225127229371400,28.709371337890627,-0.09847055375576019,-0.26166364550590515,0.31720757484436035
1789225127239410400,28.719410400390625,-0.12803563475608826,-0.16570328176021576,0.05894166976213455
1789225127249448200,28.7294482421875,-0.05663204565644264,-0.24306654930114746,-0.3645268976688385
1789225127259487000,28.739487060546875,-0.016566649079322815,-0.33685749769210815,-0.44321292638778687
1789225127269524700,28.749524658203125,-0.06575525552034378,-0.33342310786247253,0.0471031479537487
1789225127279563800,28.759563720703124,-0.12799891829490662,-0.30971086025238037,0.22906522452831268
1789225127289602800,28.769602783203126,-0.18992860615253448,-0.17789578437805176,0.11753636598587036
1789225127299640800,28.779640869140625,-0.19521977007389069,-0.11655493080615997,0.004518995992839336
1789225127309679900,28.789679931640624,-0.16767720878124237,-0.3534804880619049,0.07780122756958008
1789225127319718000,28.7997177734375,-0.12506398558616638,-0.46040135622024536,0.3102400600910187
1789225127329756700,28.809756591796877,-0.114300437271595,-0.3817616105079651,0.38805294036865234
1789225127339795000,28.819794921875,-0.12609584629535675,-0.2383466362953186,0.38331839442253113
1789225127349833700,28.829833740234374,-0.07199517637491226,-0.4410364329814911,0.04391409829258919
1789225127359871700,28.839871826171876,-0.09677748382091522,-0.2989349663257599,-0.30482232570648193
1789225127369910800,28.849910888671875,-0.1659853756427765,-0.23607143759727478,-0.26511213183403015
1789225127379949800,28.85994970703125,-0.19392859935760498,-0.24478504061698914,-0.057815663516521454
1789225127389987600,28.869987548828124,-0.1306801438331604,-0.27880313992500305,0.036043982952833176
1789225127400027000,28.88002685546875,0.038875073194503784,-0.32592031359672546,-0.31272944808006287
1789225127410064600,28.890064697265625,0.13339824974536896,-0.2597314119338989,-0.5797203183174133
1789225127420103700,28.900103759765624,0.0817267969250679,-0.1665538102388382,-0.21458491683006287
1789225127430142000,28.910141845703127,-0.06864635646343231,-0.09261685609817505,0.26385289430618286
1789225127440180700,28.9201806640625,-0.21818765997886658,-0.14330559968948364,0.3411945402622223
1789225127450219800,28.9302197265625,-0.30916520953178406,-0.0014536578673869371,0.2935737669467926
1789225127460257800,28.9402578125,-0.2518284320831299,-0.09265947341918945,0.19678810238838196
1789225127470296800,28.950296875,-0.0341477245092392,-0.24696829915046692,0.012055031955242157
1789225127480334800,28.9603349609375,0.058936942368745804,-0.2887061834335327,0.2919263541698456
1789225127490374000,28.970373779296875,0.10131444782018661,-0.3233395516872406,0.44496408104896545
1789225127500411600,28.98041162109375,0.03841644152998924,-0.07326872646808624,0.40514397621154785
1789225127510451000,28.990450927734376,-0.011344957165420055,0.03646316006779671,0.28027817606925964
1789225127520488700,29.00048876953125,0.014486907050013542,-0.03310127183794975,0.05128652974963188
1789225127530527700,29.01052783203125,0.059487536549568176,-0.00188651611097157,-0.4254465103149414
1789225127540567000,29.020567138671876,0.0367760993540287,-0.12148427963256836,-0.5893821120262146
1789225127550604800,29.030604736328126,0.035891447216272354,-0.11555337905883789,0.02425224892795086
1789225127560643800,29.040643798828125,0.0407586432993412,-0.28680795431137085,0.13056910037994385
1789225127570681900,29.050681884765623,-0.020947366952896118,-0.09106326848268509,-0.26652151346206665
1789225127580721000,29.060720947265626,-0.022112499922513962,-0.07380891591310501,-0.6752411127090454
1789225127590759000,29.070759033203124,-0.03984544053673744,-0.255067378282547,-0.2079235017299652
1789225127600798000,29.0807978515625,0.0061183227226138115,-0.28342577815055847,0.2497527152299881
1789225127610835700,29.090835693359374,0.023759234696626663,-0.1328451782464981,0.15262779593467712
1789225127620875000,29.100875,0.12985877692699432,-0.19050714373588562,-0.2692275643348694
1789225127630913800,29.110913818359375,0.10935834050178528,-0.11045939475297928,-0.3370124399662018
1789225127640951800,29.120951904296874,-0.007619144394993782,-0.10265100747346878,0.2158680409193039
1789225127650990800,29.130990966796876,-0.11828573793172836,-0.03639053553342819,0.636476993560791
1789225127661028900,29.14102880859375,-0.1386227011680603,-0.018368659541010857,0.6608976721763611
1789225127671067600,29.151067626953125,0.008936845697462559,-0.36067360639572144,0.27581581473350525
1789225127681106000,29.16110595703125,0.17144159972667694,-0.5841932892799377,-0.6229906678199768
1789225127691144700,29.171144775390626,0.17769932746887207,-0.1551821380853653,-0.8664668798446655
1789225127701182700,29.1811826171875,0.10061253607273102,-0.10661034286022186,0.4035953879356384
1789225127711222000,29.191221923828124,0.05677768588066101,-0.3473323881626129,0.5448533892631531
1789225127721260800,29.2012607421875,-0.04932345077395439,0.12564873695373535,0.0919349268078804
1789225127731298800,29.211298828125,0.002616181969642639,0.12459275126457214,-0.3250384032726288
1789225127741337900,29.221337890625,0.06651020795106888,-0.11322513222694397,-0.2674233019351959
1789225127751376000,29.2313759765625,0.031863465905189514,-0.1280592679977417,-0.26426446437835693
1789225127761414700,29.24141455078125,0.06765662133693695,-0.21586714684963226,-0.13124996423721313
1789225127771453000,29.251452880859375,0.07819738239049911,-0.17406143248081207,0.16234439611434937
1789225127781491700,29.26149169921875,0.13170906901359558,-0.1734427809715271,0.09041374921798706
1789225127791530000,29.271530029296876,0.1623629480600357,-0.047506559640169144,0.08244036138057709
1789225127801568800,29.28156884765625,0.19530758261680603,0.012863573618233204,0.32649537920951843
1789225127811607800,29.29160791015625,0.22966422140598297,-0.07343246042728424,0.07140170782804489
1789225127821645800,29.301645751953124,0.2615435719490051,0.1777731329202652,-0.5462106466293335
1789225127831684900,29.311684814453123,0.17003655433654785,0.0633496344089508,-0.36967214941978455
1789225127841722600,29.32172265625,0.1291639506816864,-0.01846667006611824,0.41384872794151306
1789225127851762000,29.331761962890624,0.11908851563930511,0.014608819037675858,0.293161004781723
1789225127861799700,29.341799560546875,0.15749208629131317,0.20485545694828033,0.0281975157558918
1789225127871838700,29.351838623046874,0.2882564663887024,0.034095168113708496,-0.10688304156064987
1789225127881878000,29.3618779296875,0.33792972564697266,0.10117779672145844,-0.18801651895046234
1789225127891915800,29.371915771484375,0.3004239797592163,0.24248412251472473,-0.0799122005701065
1789225127901954800,29.381954833984373,0.26723670959472656,0.35696062445640564,0.17182761430740356
1789225127911992800,29.391992919921876,0.32700690627098083,0.30977556109428406,0.25442254543304443
1789225127922031900,29.402031982421875,0.3802184760570526,0.3707273304462433,-0.02137468382716179
1789225127932070000,29.41206982421875,0.4129054844379425,0.48001062870025635,-0.2544662058353424
1789225127942109000,29.42210888671875,0.3815728425979614,0.5283485651016235,0.34176576137542725
1789225127952146700,29.432146728515626,0.39822694659233093,0.2799946963787079,0.2467297911643982
1789225127962186000,29.44218603515625,0.39980271458625793,0.561046302318573,-0.2635214924812317
1789225127972224800,29.452224853515624,0.45637446641921997,0.5867480039596558,-0.6989061236381531
1789225127982262800,29.4622626953125,0.5210453271865845,0.32351770997047424,-0.12956784665584564
1789225127992301800,29.4723017578125,0.5672589540481567,0.40334784984588623,0.2740486264228821
1789225128002339800,29.48233984375,0.5215526819229126,0.8177371025085449,0.1414192020893097
1789225128012379000,29.49237890625,0.5253528356552124,0.8385680913925171,-0.08082351088523865
1789225128022417000,29.5024169921875,0.598164975643158,0.7939969301223755,-0.43471553921699524
1789225128032456000,29.5124560546875,0.5137446522712708,0.6772341132164001,-0.28630927205085754
1789225128042493700,29.52249365234375,0.4736589789390564,0.6248217225074768,0.3055010437965393
1789225128052533000,29.532532958984376,0.4500679075717926,0.5994104146957397,0.32564839720726013
1789225128062571800,29.54257177734375,0.4121796488761902,0.6343710422515869,0.05407601222395897
1789225128072609800,29.55260986328125,0.35805782675743103,0.4094601273536682,-0.23369164764881134
1789225128082648800,29.56264892578125,0.2716779410839081,0.3023448586463928,-0.2795020043849945
1789225128092686800,29.572686767578126,0.1886673867702484,0.25749823451042175,-0.009632006287574768
1789225128102725600,29.5827255859375,0.1387014389038086,0.3733699917793274,0.36072713136672974
1789225128112764000,29.592763916015624,0.18969450891017914,0.46401458978652954,0.11052434146404266
1789225128122802700,29.602802734375,0.26219508051872253,0.48258453607559204,-0.01416538655757904
1789225128132841000,29.612841064453125,0.2829231321811676,0.3181387484073639,0.051444072276353836
1789225128142879700,29.622879638671876,0.18834149837493896,0.3658657968044281,-0.17975905537605286
1789225128152917800,29.632917724609374,-0.015716418623924255,0.33318468928337097,0.11577968299388885
1789225128162956800,29.642956787109377,-0.07710468024015427,0.07223778963088989,0.5139446258544922
1789225128172995800,29.652995849609376,-0.07240228354930878,-0.026904677972197533,0.25151124596595764
1789225128183033600,29.66303369140625,-0.062102243304252625,0.026087166741490364,0.017107252031564713
1789225128193073000,29.673072998046877,-0.04752509668469429,-0.14219075441360474,0.07668358832597733
1789225128203111000,29.68311083984375,-0.05484852194786072,-0.1588970273733139,0.30352845788002014
1789225128213149700,29.693149658203126,-0.19204136729240417,0.17848645150661469,0.461377888917923
1789225128223188000,29.70318798828125,-0.16728514432907104,0.13780666887760162,0.024801896885037422
1789225128233226800,29.713226806640623,0.011305177584290504,0.001932297833263874,-0.6951285600662231
1789225128243265000,29.72326513671875,-0.10700841248035431,0.06965301930904388,-1.0692214965820312
1789225128253303800,29.7333037109375,-0.0840153768658638,-0.16333290934562683,0.011564025655388832
1789225128263343400,29.74334326171875,-0.02156211994588375,-0.4050999879837036,0.3038318455219269
1789225128273381000,29.753381103515625,-0.0015558421146124601,-0.09396393597126007,-0.14814533293247223
1789225128283420400,29.76342041015625,-0.010985828936100006,0.054823145270347595,-0.3392534852027893
1789225128293458200,29.773458251953127,-0.09444189071655273,0.11409761011600494,-0.07277096807956696
1789225128303497200,29.783497314453125,-0.15987707674503326,0.04667355865240097,0.12221263349056244
1789225128313535200,29.79353515625,-0.1462554782629013,-0.004003669135272503,0.09503395855426788
1789225128323574300,29.80357421875,-0.01960352063179016,-0.222320556640625,-0.09855708479881287
1789225128333612300,29.8136123046875,0.0306650772690773,-0.012088354676961899,0.12684579193592072
1789225128343651300,29.8236513671875,0.07875377684831619,0.03273557499051094,0.3523401618003845
1789225128353690400,29.8336904296875,0.1393510103225708,-0.03690855950117111,0.2252984493970871
1789225128363728400,29.843728271484373,0.18534541130065918,0.0013735804241150618,-0.4238142967224121
1789225128373767400,29.853767333984376,0.058932602405548096,0.11529295891523361,-0.5936112999916077
1789225128383805200,29.86380517578125,-0.05962760001420975,0.24319472908973694,0.16993717849254608
1789225128393844500,29.873844482421877,-0.05881217494606972,0.31674426794052124,0.29975220561027527
1789225128403882200,29.88388232421875,-0.04145102947950363,0.6351017355918884,0.26022663712501526
1789225128413921300,29.89392138671875,0.008675224147737026,0.5341479182243347,0.06868606060743332
1789225128423959300,29.903959228515625,0.3046208620071411,0.3309961259365082,0.005753695499151945
1789225128433998300,29.913998291015623,0.3043188750743866,0.21283917129039764,0.29876571893692017
1789225128444037000,29.924037109375,0.18739359080791473,0.2612604796886444,0.8223879337310791
1789225128454075400,29.934075439453125,0.180240660905838,0.275290310382843,0.7323896884918213
1789225128464114400,29.944114501953123,0.2104654163122177,0.28007814288139343,0.17212450504302979
1789225128474152400,29.95415234375,0.14363473653793335,0.31474828720092773,-0.2858498692512512
1789225128484191500,29.96419140625,0.11059023439884186,0.29886171221733093,0.12998542189598083
1789225128494229200,29.974229248046875,0.1671302169561386,0.2179383933544159,0.14816735684871674
1789225128504268300,29.984268310546874,0.240845188498497,0.33585861325263977,-0.38376498222351074
1789225128514306300,29.994306396484376,0.2682975232601166,0.31660130620002747,-0.8286330699920654
1789225128524345300,30.004345458984375,0.23350730538368225,0.09245793521404266,-0.7091167569160461
1789225128534383400,30.01438330078125,0.16021768748760223,-0.1251145899295807,-0.6446710228919983
1789225128544422400,30.02442236328125,0.06134382635354996,-0.014981424435973167,-0.588498592376709
1789225128554461200,30.034461181640626,-0.09166572988033295,0.1462279111146927,-0.5144059062004089
1789225128564499500,30.04449951171875,-0.1082548275589943,0.2792392373085022,-0.029724758118391037
1789225128574538200,30.054538330078124,-0.10606381297111511,0.20120999217033386,0.1390751451253891
1789225128584576300,30.064576171875,0.02658957615494728,0.2500758171081543,0.04980652034282684
1789225128594615300,30.074615234375,0.1407591849565506,0.23592336475849152,0.3703393340110779
1789225128604653300,30.0846533203125,0.1101224347949028,0.06994026899337769,0.946103036403656
1789225128614692000,30.094692138671874,0.11356573551893234,-0.10570763051509857,0.69353848695755
1789225128624730400,30.10473046875,-0.07432639598846436,0.015358075499534607,0.3170258402824402
1789225128634769200,30.11476904296875,-0.19761155545711517,-0.11062274873256683,0.28713950514793396
1789225128644808200,30.12480810546875,-0.2293473780155182,-0.09512022137641907,0.35630473494529724
1789225128654846500,30.134846435546876,-0.24186260998249054,0.09499489516019821,0.29749879240989685
1789225128664885200,30.14488525390625,-0.014956235885620117,0.115445576608181,-0.2091047614812851
1789225128674923500,30.154923583984374,0.1423117071390152,0.1300642490386963,-0.6362518072128296
1789225128684962300,30.16496240234375,0.13572224974632263,0.15041214227676392,-0.22586379945278168
1789225128695000300,30.175000244140627,0.08473743498325348,0.06581659615039825,0.12737718224525452
1789225128705039400,30.185039306640626,0.07014811038970947,-0.037502601742744446,-0.3322277069091797
1789225128715077400,30.195077392578124,-0.03168846294283867,-0.009380105882883072,-0.9013084173202515
1789225128725116200,30.2051162109375,-0.10160043835639954,-0.09563376754522324,-0.7045279741287231
1789225128735155500,30.215155517578125,-0.08214684575796127,-0.190532848238945,0.2109634429216385
1789225128745193200,30.225193115234376,-0.0224922988563776,-0.13387064635753632,0.281963050365448
1789225128755232300,30.235232177734375,0.008236351422965527,0.27745598554611206,0.041374389082193375
1789225128765270300,30.245270263671873,0.1594780683517456,0.22411340475082397,0.18639150261878967
1789225128775309300,30.255309326171876,0.19066227972507477,0.20356255769729614,0.29473865032196045
1789225128785347300,30.265347412109374,0.14807860553264618,0.32729941606521606,0.37190160155296326
1789225128795386400,30.275386474609373,0.13869576156139374,0.21519045531749725,0.47027239203453064
1789225128805424000,30.285424072265624,0.13990773260593414,0.19721457362174988,0.3160136044025421
1789225128815463400,30.29546337890625,0.12409555166959763,0.1831350028514862,0.1421189308166504
1789225128825501200,30.305501220703125,0.12078764289617538,0.13406412303447723,0.1684938222169876
1789225128835540200,30.315540283203124,0.10898192226886749,0.19290466606616974,0.16918297111988068
1789225128845579300,30.325579345703126,0.13586707413196564,0.29473036527633667,0.05301323160529137
1789225128855617300,30.3356171875,0.17015117406845093,0.3433481454849243,-0.13160647451877594
1789225128865656300,30.34565625,0.22350174188613892,0.3396095931529999,-0.3723525106906891
1789225128875694300,30.3556943359375,0.2180372029542923,0.17762123048305511,-0.17682082951068878
1789225128885733400,30.3657333984375,0.2655278742313385,-0.15602989494800568,-0.2844979763031006
1789225128895771400,30.375771484375,0.20386828482151031,0.12687139213085175,-0.23168998956680298
1789225128905810400,30.385810546875,0.17305897176265717,0.26431235671043396,-0.09874019026756287
1789225128915848200,30.39584814453125,0.18554960191249847,0.19604679942131042,-0.03484359011054039
1789225128925887200,30.40588720703125,0.18532323837280273,0.47541481256484985,-0.00624550087377429
1789225128935925200,30.41592529296875,0.22479285299777985,0.44013702869415283,-0.13685065507888794
1789225128945964300,30.42596435546875,0.29792430996894836,0.37830349802970886,-0.35981637239456177
1789225128956003300,30.43600341796875,0.3101215362548828,0.3316272497177124,-0.12608471512794495
1789225128966041300,30.446041259765625,0.2671530246734619,0.3212132155895233,0.40190693736076355
1789225128976080400,30.456080322265624,0.2679475247859955,0.28913334012031555,0.25851744413375854
1789225128986118400,30.466118408203126,0.21567954123020172,0.4035100042819977,0.05801045149564743
1789225128996157400,30.476157470703125,0.1525183916091919,0.2151758223772049,-0.03456609323620796
1789225129006195200,30.4861953125,0.06351768225431442,0.13155362010002136,0.10601792484521866
1789225129016234500,30.496234375,-0.03592623025178909,0.23569715023040771,0.46300411224365234
1789225129026272300,30.506272216796877,-0.051340341567993164,0.3089500367641449,0.4225504398345947
1789225129036311300,30.516311279296875,0.06319324672222137,0.3631702661514282,0.045567210763692856
1789225129046350300,30.526350341796874,0.20077641308307648,0.0969199389219284,-0.596307635307312
1789225129056388400,30.536388427734376,0.2925865054130554,-0.1700585037469864,-0.5627954602241516
1789225129066427100,30.54642724609375,0.23994356393814087,-0.07537858933210373,-0.22822467982769012
1789225129076465400,30.55646533203125,0.09153050929307938,0.5638028383255005,-0.1734432876110077
1789225129086504200,30.566504150390625,0.13461512327194214,0.6490554213523865,-0.1815294474363327
1789225129096542500,30.57654248046875,0.23491941392421722,0.4821389615535736,-0.28532737493515015
1789225129106581200,30.586581298828126,0.3004656732082367,0.48254135251045227,-0.39728108048439026
1789225129116619300,30.596619384765624,0.26276907324790955,0.4636620581150055,-0.3885827958583832
1789225129126658300,30.606658203125,0.10277565568685532,0.41822347044944763,0.34097981452941895
1789225129136696300,30.6166962890625,0.01541072502732277,0.2950763702392578,0.9603327512741089
1789225129146735400,30.6267353515625,0.0003814424853771925,0.23878273367881775,0.780253529548645
1789225129156774400,30.6367744140625,-0.012908014468848705,0.26010504364967346,0.4350738823413849
1789225129166812400,30.6468125,-0.02409515529870987,0.16579371690750122,0.34374532103538513
1789225129176851200,30.656851318359376,-0.062032733112573624,-0.04235394299030304,0.5618683099746704
1789225129186889500,30.666889404296874,-0.08709441125392914,-0.12633752822875977,0.3147876560688019
1789225129196928300,30.67692822265625,-0.17494161427021027,0.09175815433263779,-0.11532742530107498
1789225129206966500,30.686966552734376,-0.22899313271045685,0.022940203547477722,-0.2537606656551361
1789225129217005300,30.69700537109375,-0.2384977489709854,-0.05212847888469696,-0.13739393651485443
1789225129227043300,30.707043212890625,-0.20954465866088867,-0.13488806784152985,-0.27525222301483154
1789225129237082400,30.717082275390624,-0.21824617683887482,-0.0831073746085167,-0.3463791608810425
1789225129247120400,30.727120361328126,-0.2518869638442993,-0.11135712265968323,-0.20418182015419006
1789225129257158700,30.73715869140625,-0.31329458951950073,-0.16610418260097504,-0.21689847111701965
1789225129267198000,30.747197998046875,-0.3958376944065094,-0.33419331908226013,-0.1375647634267807
1789225129277235700,30.757235595703126,-0.42607784271240234,-0.4390358328819275,0.014619030989706516
1789225129287274800,30.767274658203124,-0.42796790599823,-0.46218109130859375,0.05936306342482567
1789225129297312800,30.777312744140627,-0.392809122800827,-0.5315980315208435,0.06831809878349304
1789225129307351800,30.787351806640626,-0.378833144903183,-0.41682854294776917,0.19719217717647552
1789225129317389800,30.797389892578124,-0.4014277160167694,-0.375019371509552,0.3330126702785492
1789225129327428900,30.807428955078127,-0.4399692416191101,-0.26454827189445496,0.1029331237077713
1789225129337466600,30.817466552734373,-0.4343040883541107,-0.04827020317316055,0.05779073387384415
1789225129347506000,30.827505859375,-0.348057359457016,-0.13728661835193634,0.17560338973999023
1789225129357543700,30.837543701171874,-0.23368878662586212,-0.18421827256679535,0.08551019430160522
1789225129367582700,30.847582763671873,-0.1516658216714859,-0.15176072716712952,-0.12157268822193146
1789225129377622000,30.8576220703125,-0.1344929337501526,-0.18120835721492767,0.03246019780635834
1789225129387659800,30.86765966796875,-0.14177055656909943,-0.2535025179386139,0.07914142310619354
1789225129397698800,30.87769873046875,-0.1943894326686859,-0.11658929288387299,-0.09335453808307648
1789225129407736800,30.88773681640625,-0.20386815071105957,0.024647727608680725,-0.3269166946411133
1789225129417775900,30.89777587890625,-0.07815255969762802,0.03578802943229675,-0.5331384539604187
1789225129427814000,30.90781396484375,-0.027993522584438324,0.11101727187633514,-0.23503778874874115
1789225129437853000,30.91785302734375,0.049268707633018494,0.13979505002498627,0.161464124917984
1789225129447890700,30.927890625,0.116410993039608,0.11627400666475296,-0.06324034184217453
1789225129457929700,30.9379296875,0.12960822880268097,0.32614991068840027,-0.3328685164451599
1789225129467967700,30.9479677734375,0.047897111624479294,0.17640942335128784,0.1349751204252243
1789225129478006800,30.9580068359375,0.019416123628616333,0.03552687168121338,0.38919925689697266
1789225129488045600,30.968045654296876,0.016719672828912735,0.2030993551015854,-0.043632861226797104
1789225129498083800,30.978083740234375,0.059343792498111725,0.2936648428440094,-0.1596662849187851
1789225129508122600,30.98812255859375,0.1897830367088318,0.18007302284240723,0.25010207295417786
1789225129518161000,30.998160888671876,0.24294815957546234,0.2793140113353729,0.20709174871444702
1789225129528199700,31.00819970703125,0.17631880939006805,0.5910764336585999,0.08363533020019531
1789225129538237700,31.01823779296875,0.16736344993114471,0.3056645095348358,-0.061710599809885025
1789225129548276700,31.02827685546875,0.1761753112077713,0.09518714249134064,-0.44723671674728394
1789225129558314800,31.038314697265626,-0.005501696839928627,0.161919966340065,-0.1671479046344757
1789225129568353800,31.048353759765625,-0.0672667920589447,0.05959571897983551,0.0019766793120652437
1789225129578391800,31.058391845703124,-0.10769651085138321,0.11345601826906204,-0.031489934772253036
1789225129588430800,31.068430908203126,-0.04578413814306259,0.013899336569011211,-0.2993069887161255
1789225129598468900,31.07846875,-0.028166361153125763,0.08514492958784103,-0.41675591468811035
1789225129608508000,31.0885078125,-0.08505947142839432,0.05953517183661461,0.013985611498355865
1789225129618546700,31.098546630859374,-0.0987098440527916,-0.08155625313520432,0.2548119127750397
1789225129628585000,31.1085849609375,-0.1351618617773056,-0.052908629179000854,0.35950183868408203
1789225129638623700,31.118623779296875,-0.15206673741340637,-0.08986416459083557,0.34550121426582336
1789225129648661800,31.128661865234374,-0.19263572990894318,-0.16207259893417358,0.2274366319179535
1789225129658700800,31.13870068359375,-0.3163313567638397,-0.14514079689979553,0.3484730124473572
1789225129668738800,31.14873876953125,-0.336519718170166,-0.3497338891029358,0.20562317967414856
1789225129678777600,31.158777587890626,-0.38617753982543945,-0.2118111401796341,0.06230849027633667
1789225129688815900,31.16881591796875,-0.36995729804039,-0.10052162408828735,0.029731372371315956
1789225129698854700,31.178854736328127,-0.2698099911212921,-0.3654681444168091,-0.2122529149055481
1789225129708893000,31.188892822265625,-0.2881133556365967,-0.31077080965042114,-0.2934926450252533
1789225129718931700,31.198931640625,-0.39736121892929077,-0.28423526883125305,-0.2058478593826294
1789225129728970800,31.208970703125,-0.5083487033843994,-0.3729608654975891,-0.2631431221961975
1789225129739008800,31.2190087890625,-0.575015664100647,-0.4414730668067932,-0.3200753331184387
1789225129749047800,31.2290478515625,-0.5582513213157654,-0.5307973623275757,0.15298515558242798
1789225129759085600,31.23908544921875,-0.41497310996055603,-0.7464634776115417,0.1634989231824875
1789225129769124900,31.249124755859373,-0.37738314270973206,-0.4993239939212799,-0.021238958463072777
1789225129779163000,31.259162841796876,-0.3641819357872009,-0.4596869647502899,0.13897675275802612
1789225129789201700,31.26920166015625,-0.4269358515739441,-0.4382311999797821,0.41944169998168945
1789225129799240000,31.279239990234377,-0.5539171695709229,-0.2830983102321625,0.4611324965953827
1789225129809278700,31.28927880859375,-0.5686880946159363,-0.09805893898010254,0.26913297176361084
1789225129819317000,31.29931689453125,-0.4357363283634186,-0.47208452224731445,-0.16653978824615479
1789225129829355800,31.309355712890625,-0.35556453466415405,-0.5065687298774719,-0.3410860300064087
1789225129839393800,31.319393798828123,-0.22846968472003937,-0.6310510039329529,0.13534502685070038
1789225129849432800,31.329432861328126,-0.17436251044273376,-0.6857925653457642,0.22507864236831665
1789225129859472000,31.339471923828125,-0.28462985157966614,-0.22403106093406677,-0.030728181824088097
1789225129869509600,31.349509521484375,-0.3149110674858093,-0.16022571921348572,-0.10869168490171432
1789225129879548700,31.359548583984374,-0.2615242898464203,-0.4516490399837494,-0.41433343291282654
1789225129889586700,31.369586669921876,-0.21264435350894928,-0.4809022545814514,-0.7383692860603333
1789225129899625700,31.379625732421875,-0.20137877762317657,-0.2642863690853119,-0.16036951541900635
1789225129909663700,31.389663818359374,-0.13713587820529938,-0.15642648935317993,0.19192089140415192
1789225129919702800,31.399702880859376,-0.09359738230705261,-0.14867322146892548,0.04401068016886711
1789225129929740500,31.409740478515626,0.0003640002105385065,-0.17030128836631775,-0.22922751307487488
1789225129939779800,31.41977978515625,0.07176858186721802,-0.1787361353635788,-0.1816030740737915
1789225129949817600,31.429817626953124,0.053260136395692825,-0.009513827040791512,0.23040711879730225
1789225129959856600,31.439856689453126,0.009161287918686867,0.254462867975235,0.6200124025344849
1789225129969896000,31.44989599609375,0.03336089849472046,0.31822213530540466,0.641451358795166
1789225129979933700,31.45993359375,0.12081184983253479,0.28969481587409973,0.4023248851299286
1789225129989972700,31.46997265625,0.17944426834583282,0.10516198724508286,-0.008994483388960361
1789225130000010800,31.4800107421875,0.1285267472267151,-0.011929034255445004,0.10560116916894913
1789225130010049800,31.4900498046875,0.14748260378837585,-0.17765143513679504,0.30987387895584106
1789225130020087800,31.500087890625,0.12307509034872055,0.005503411404788494,0.19187869131565094
1789225130030126800,31.510126953125,0.10888922959566116,0.2838580906391144,-0.12124912440776825
1789225130040164600,31.52016455078125,0.16203494369983673,0.25978168845176697,-0.22027252614498138
1789225130050204000,31.530203857421874,0.23702077567577362,0.25850629806518555,-0.4071468114852905
1789225130060241700,31.54024169921875,0.2611663043498993,0.277709037065506,-0.549750566482544
1789225130070280700,31.55028076171875,0.23012717068195343,0.21929232776165009,-0.3432706296443939
1789225130080318700,31.560318603515626,0.17962540686130524,0.2180476188659668,0.011290895752608776
1789225130090357800,31.570357666015624,0.21238282322883606,0.12542474269866943,-0.0046177636831998825
1789225130100396800,31.580396728515623,0.21543766558170319,0.12696339190006256,-0.32867833971977234
1789225130110434800,31.590434814453126,0.2213035523891449,0.01946941576898098,-0.3514731228351593
1789225130120473900,31.600473876953124,0.20217609405517578,-0.006770518608391285,0.183084174990654
1789225130130512000,31.610511962890627,0.17895199358463287,0.24936458468437195,0.280383825302124
1789225130140551000,31.620551025390625,0.20423643290996552,0.5467311143875122,0.19811736047267914
1789225130150588700,31.630588623046876,0.32309675216674805,0.413890540599823,0.1782672256231308
1789225130160628000,31.6406279296875,0.3659743070602417,0.3512552082538605,0.017511753365397453
1789225130170665700,31.650665771484373,0.32103344798088074,0.2645868957042694,0.06856827437877655
1789225130180704800,31.660704833984376,0.1889944076538086,0.21765640377998352,0.18606989085674286
1789225130190742800,31.67074267578125,0.06374169886112213,0.1592005491256714,0.08067742735147476
1789225130200781800,31.68078173828125,-0.006686750799417496,0.16197624802589417,0.03241243213415146
1789225130210819800,31.69081982421875,0.01663508266210556,0.027687150985002518,0.08621467649936676
1789225130220859000,31.70085888671875,0.13927553594112396,-0.05902243033051491,-0.13743501901626587
1789225130230896600,31.710896728515625,0.14572784304618835,0.04296065866947174,-0.24518358707427979
1789225130240935700,31.720935791015624,0.11557355523109436,0.032455235719680786,-0.1164548248052597
1789225130250974700,31.730974609375,0.05594910681247711,-0.029004396870732307,-0.278557687997818
1789225130261013500,31.741013427734377,-0.057282768189907074,0.1257687658071518,-0.38563644886016846
1789225130271052300,31.75105224609375,-0.10917898267507553,-0.0373554527759552,-0.2244771271944046
1789225130281090600,31.761090576171874,-0.10575344413518906,-0.05109396204352379,-0.27147653698921204
1789225130291129300,31.77112939453125,-0.06409015506505966,-0.06835044920444489,-0.2215087115764618
1789225130301167600,31.781167724609375,0.011032573878765106,-0.16514411568641663,-0.14149317145347595
1789225130311206400,31.791206298828126,0.02181864343583584,-0.17371390759944916,-0.023815268650650978
1789225130321244400,31.801244384765624,-0.024211283773183823,-0.11562489718198776,0.22065341472625732
1789225130331283500,31.811283447265627,-0.03333500772714615,-0.15085744857788086,0.2221631556749344
1789225130341321500,31.821321533203125,-0.0713324174284935,-0.011337518692016602,-0.1261330097913742
1789225130351360300,31.8313603515625,-0.1086701974272728,0.0045285290107131,-0.03279055282473564
1789225130361398500,31.8413984375,-0.11412632465362549,-0.027242597192525864,0.3483143448829651
1789225130371437300,31.851437255859373,-0.08844359964132309,0.029805507510900497,0.3489646911621094
1789225130381476400,31.861476318359376,-0.039731916040182114,0.09174006432294846,0.14996439218521118
1789225130391514400,31.871514404296875,0.015913501381874084,-0.01644126884639263,-0.03202032670378685
1789225130401553400,31.881553466796873,0.02249598316848278,-0.11076653748750687,-0.057679433375597
1789225130411591200,31.891591064453124,-0.04267076775431633,-0.10951538383960724,0.23724088072776794
1789225130421630500,31.90163037109375,-0.06014418601989746,-0.24011455476284027,-0.031204773113131523
1789225130431668200,31.911668212890625,-0.10487277060747147,-0.04928946867585182,-0.28992393612861633
1789225130441707300,31.921707275390624,-0.07351591438055038,-0.07647821307182312,0.10190347582101822
1789225130451745500,31.93174560546875,0.03176097199320793,-0.09794621914625168,0.10928123444318771
1789225130461784300,31.941784423828125,0.0722256451845169,0.15860873460769653,-0.22458122670650482
1789225130471822600,31.951822509765623,0.11869647353887558,0.09085818380117416,-0.05289150029420853
1789225130481861400,31.961861328125,0.11777087301015854,-0.06509538739919662,0.014633876271545887
1789225130491899400,31.9718994140625,-0.023429395630955696,0.016747010871767998,0.10152722895145416
1789225130501938400,31.9819384765625,-0.15540003776550293,-0.004020944237709045,0.2676154673099518
1789225130511977500,31.9919775390625,-0.18616141378879547,-0.2860797941684723,-0.04006138816475868
1789225130522015200,32.00201513671875,-0.22993895411491394,-0.28937384486198425,0.09941892325878143
1789225130532054500,32.012054443359375,-0.1414828598499298,-0.3570050895214081,0.5583550930023193
1789225130542092300,32.02209228515625,-0.10694146901369095,-0.2362491935491562,0.5484192371368408
1789225130552131300,32.03213134765625,-0.07335128635168076,-0.01679060235619545,0.24564975500106812
1789225130562169300,32.04216943359375,-0.04193321615457535,-0.12537886202335358,0.14509627223014832
1789225130572208400,32.05220849609375,-0.011109791696071625,-0.3445990979671478,-0.3043305277824402
1789225130582246400,32.06224633789063,-0.08279936015605927,-0.22061987221240997,-0.2983633577823639
1789225130592285400,32.072285400390626,-0.15289589762687683,-0.18022850155830383,0.011234176345169544
1789225130602323200,32.0823232421875,-0.12185340374708176,-0.3137967586517334,-0.33565759658813477
1789225130612362500,32.09236254882813,-0.10082614421844482,-0.19562643766403198,-0.7121313810348511
1789225130622400300,32.10240014648438,-0.06650075316429138,-0.30326971411705017,-0.47894343733787537
1789225130632439300,32.11243920898438,-0.023420924320816994,-0.42562463879585266,-0.12813161313533783
1789225130642477600,32.1224775390625,-0.037824876606464386,-0.18524286150932312,-0.02053734101355076
1789225130652516400,32.13251635742188,-0.04115329310297966,0.05096808448433876,-0.0037815310060977936
1789225130662554600,32.1425546875,-0.010641911067068577,0.10446039587259293,0.22285021841526031
1789225130672593400,32.15259350585937,0.0009625472594052553,-0.08674897998571396,0.26209351420402527
1789225130682632400,32.16263256835938,-0.05863092094659805,-0.11908549815416336,0.24114826321601868
1789225130692670500,32.17267041015625,-0.10234910249710083,-0.23871947824954987,0.3070295453071594
1789225130702709500,32.18270947265625,-0.1307009607553482,-0.2523254454135895,0.518467128276825
1789225130712747300,32.19274731445312,-0.0745503380894661,-0.2934214770793915,0.47716599702835083
1789225130722786300,32.20278637695313,0.005291931331157684,-0.1713329553604126,0.11314219236373901
1789225130732824300,32.21282421875,0.03948691859841347,-0.08307953178882599,0.001136031816713512
1789225130742863400,32.22286328125,0.08086704462766647,-0.17703379690647125,-0.044681936502456665
1789225130752901400,32.2329013671875,0.02837614342570305,0.0019777598790824413,-0.24243496358394623
1789225130762940400,32.2429404296875,0.04704898223280907,-0.1037197932600975,-0.443350225687027
1789225130772978400,32.252978515625,0.08467359095811844,-0.14446216821670532,-0.5995315313339233
1789225130783017500,32.263017578125,0.09307713061571121,-0.12209669500589371,-0.39570263028144836
1789225130793055200,32.27305517578125,0.11870845407247543,-0.053309909999370575,-0.02547398954629898
1789225130803094300,32.28309423828125,0.10349602997303009,0.04599303379654884,0.07908698916435242
1789225130813132300,32.29313232421875,0.16581478714942932,0.05612396448850632,-0.0660124123096466
1789225130823171300,32.30317138671875,0.19885386526584625,0.09277024120092392,0.021137824282050133
1789225130833210400,32.31321044921875,0.20913739502429962,0.12771092355251312,0.06568904221057892
1789225130843248400,32.323248291015624,0.1708357036113739,0.21007469296455383,0.2660217583179474
1789225130853287400,32.33328735351562,0.14738550782203674,0.2663470208644867,0.5424258708953857
1789225130863325400,32.343325439453125,0.16105298697948456,0.1743522733449936,0.3794894814491272
1789225130873364500,32.35336450195312,0.2038116306066513,0.2317231446504593,-0.0054363650269806385
1789225130883402200,32.36340234375,0.18941541016101837,0.18585342168807983,0.07694710791110992
1789225130893441500,32.373441650390625,0.20413391292095184,-0.037755172699689865,0.23457135260105133
1789225130903479300,32.383479248046875,0.22091543674468994,0.0362904891371727,-0.0305017177015543
1789225130913518300,32.393518310546874,0.16591744124889374,0.2791912853717804,-0.3396552801132202
1789225130923556400,32.403556396484376,0.1590709239244461,0.18923461437225342,-0.2765986919403076
1789225130933595400,32.413595458984375,0.14402832090854645,0.29487475752830505,-0.17026720941066742
1789225130943633400,32.42363330078125,0.13616864383220673,0.41293075680732727,-0.17480987310409546
1789225130953672400,32.43367236328125,0.20083099603652954,0.18474897742271423,-0.262754887342453
1789225130963710200,32.443710205078126,0.27100682258605957,-0.005675604101270437,-0.39226844906806946
1789225130973749500,32.45374951171875,0.16529585421085358,0.11143077909946442,-0.25951385498046875
1789225130983788500,32.46378857421875,0.05805182084441185,0.08281521499156952,-0.06238802894949913
1789225130993826300,32.473826416015626,-0.03894423320889473,-0.023035047575831413,-0.0029745083302259445
1789225131003865600,32.483865478515625,-0.06330245733261108,-0.04792594537138939,-0.05817212536931038
1789225131013903400,32.4939033203125,-0.04203951358795166,-0.035450633615255356,-0.27854257822036743
1789225131023942400,32.5039423828125,0.01751149632036686,-0.20261423289775848,-0.1179325133562088
1789225131033980400,32.51398046875,0.042346008121967316,-0.17908814549446106,0.22276648879051208
1789225131044019500,32.52401953125,-0.0073128920048475266,-0.000809485325589776,0.08493804186582565
1789225131054057500,32.53405737304688,-0.11689087003469467,0.2469446063041687,0.10772010684013367
1789225131064096500,32.54409643554688,-0.17357517778873444,0.1788901835680008,0.33141472935676575
1789225131074134300,32.55413427734375,-0.20234690606594086,0.0787462666630745,0.12656649947166443
1789225131084173600,32.56417358398438,-0.19241411983966827,-0.11786053329706192,-0.08267700672149658
1789225131094211300,32.57421142578125,-0.1451035887002945,-0.35217154026031494,0.1668384075164795
1789225131104250400,32.58425048828125,-0.11183986067771912,-0.3452198803424835,0.5172791481018066
1789225131114288400,32.59428833007812,-0.15283231437206268,-0.21315984427928925,0.30363211035728455
1789225131124327400,32.60432739257813,-0.25538432598114014,-0.005257623735815287,0.15249986946582794
1789225131134365400,32.61436547851562,-0.2860354483127594,-0.4368976950645447,0.04596276953816414
1789225131144404500,32.62440454101562,-0.2453259974718094,-0.7629108428955078,-0.4394652545452118
1789225131154443500,32.63444360351563,-0.1911807358264923,-0.6403354406356812,-0.37703439593315125
1789225131164481300,32.64448120117188,-0.15188799798488617,-0.2551310360431671,-0.23501619696617126
1789225131174520600,32.6545205078125,-0.13077712059020996,0.07085399329662323,0.01049821823835373
1789225131184558300,32.66455834960937,-0.07608328014612198,-0.09388517588376999,-0.13968533277511597
1789225131194597400,32.67459741210938,-0.07869690656661987,0.011500904336571693,-0.4483070969581604
1789225131204635400,32.68463549804687,-0.08971595019102097,-0.2800896167755127,-0.4517457187175751
1789225131214674400,32.69467431640625,-0.20288671553134918,-0.36623862385749817,0.01974189653992653
1789225131224712400,32.70471240234375,-0.27684932947158813,-0.24687783420085907,0.40225788950920105
1789225131234751500,32.71475146484375,-0.2741491496562958,-0.12547123432159424,0.49867522716522217
1789225131244789200,32.72478930664062,-0.20445139706134796,-0.10655418038368225,0.43005600571632385
1789225131254828500,32.73482861328125,-0.044525112956762314,-0.15160714089870453,0.03671589493751526
1789225131264866300,32.7448662109375,0.00543018477037549,-0.225991353392601,0.2079688012599945
1789225131274905000,32.75490502929687,0.029643645510077477,-0.1624200940132141,0.6422126889228821
1789225131284943400,32.764943359375,0.05152565985918045,-0.03809714689850807,0.13339030742645264
1789225131294982400,32.774982421875,0.0165660809725523,0.2850382924079895,-0.23364229500293732
1789225131305020400,32.7850205078125,-0.013301189988851547,0.16850216686725616,0.05905530974268913
1789225131315059500,32.7950595703125,-0.003188634756952524,-0.03819536045193672,-0.1855190098285675
1789225131325098200,32.80509814453125,-0.018328452482819557,0.05904839187860489,-0.4976269006729126
1789225131335136500,32.815136474609375,0.1021641418337822,-0.25687626004219055,-0.4010401666164398
1789225131345175300,32.82517529296875,0.22075866162776947,-0.22216810286045074,-0.1788959950208664
1789225131355213300,32.83521337890625,0.21941296756267548,0.16394177079200745,-0.1695253849029541
1789225131365252400,32.84525244140625,0.24870949983596802,0.26013508439064026,-0.3191855847835541
1789225131375290400,32.855290283203125,0.22623002529144287,0.21653302013874054,-0.3643810451030731
1789225131385329200,32.8653291015625,0.14065252244472504,0.28760868310928345,-0.3587932586669922
1789225131395367400,32.875367431640626,0.06762891262769699,0.33986201882362366,0.053198810666799545
1789225131405406200,32.88540625,0.11551620811223984,0.3451302647590637,0.3347800672054291
1789225131415444500,32.89544458007813,0.22320672869682312,0.4341679811477661,0.30805790424346924
1789225131425483300,32.905483154296874,0.323393851518631,0.29277658462524414,0.11941667646169662
1789225131435521300,32.915521240234376,0.3070750832557678,0.17723003029823303,0.12183376401662827
1789225131445560300,32.925560302734375,0.17081603407859802,-0.0018577310256659985,0.25893479585647583
1789225131455598300,32.93559838867188,0.0649668350815773,0.05853290855884552,0.42846736311912537
1789225131465637000,32.94563720703125,0.037016842514276505,0.2901758551597595,0.21386486291885376
1789225131475675400,32.95567529296875,0.10762389749288559,0.3878909647464752,0.005209918133914471
1789225131485714200,32.965714111328126,0.2071644365787506,0.37708956003189087,-0.18052873015403748
1789225131495752400,32.97575244140625,0.21217010915279388,0.46155089139938354,-0.22305408120155334
1789225131505791500,32.98579150390625,0.1829834282398224,0.4014369249343872,-0.31053808331489563
1789225131515829200,32.99582934570312,0.1392492651939392,0.2360796332359314,-0.005266061518341303
1789225131525868300,33.00586840820313,0.08243613690137863,0.06442064046859741,0.2588353455066681
1789225131535907300,33.0159072265625,0.044551074504852295,0.08597999066114426,0.0927547737956047
1789225131545945300,33.0259453125,0.01964142918586731,0.04414305090904236,0.19306202232837677
1789225131555984400,33.035984375,0.047237373888492584,-0.11847329139709473,0.13336195051670074
1789225131566022400,33.0460224609375,-0.0041915494948625565,0.010301615111529827,-0.07159572839736938
1789225131576061200,33.05606127929688,-0.07042196393013,0.057979654520750046,0.045610785484313965
1789225131586099500,33.06609936523437,-0.1284962296485901,0.07493305951356888,0.14822061359882355
1789225131596138200,33.07613818359375,-0.11497082561254501,-0.025463318452239037,0.042046498507261276
1789225131606176300,33.08617626953125,-0.09317465871572495,0.02605031058192253,-0.26235806941986084
1789225131616215300,33.09621533203125,-0.0565791018307209,-0.0016838493756949902,-0.2217930555343628
1789225131626253300,33.10625341796875,0.014135178178548813,-0.0904274508357048,-0.052330903708934784
1789225131636292000,33.1162919921875,0.04003575071692467,-0.1518455445766449,-0.14573673903942108
1789225131646330400,33.12633032226562,-0.02053939551115036,0.016076933592557907,-0.07177834212779999
1789225131656369200,33.136369140625,-0.08378520607948303,-0.06533589959144592,0.04126725718379021
1789225131666407400,33.146407470703124,-0.10757588595151901,-0.02303009293973446,-0.30172282457351685
1789225131676446200,33.1564462890625,-0.1788758933544159,-0.09545555710792542,-0.12871137261390686
1789225131686484200,33.166484130859374,-0.1850159913301468,-0.23642882704734802,0.30085256695747375
1789225131696523500,33.1765234375,-0.16054899990558624,-0.1862058788537979,0.40265509486198425
1789225131706561300,33.186561279296875,-0.04091561958193779,-0.21121062338352203,0.11177031695842743
1789225131716600300,33.196600341796874,0.014100227504968643,-0.0749497190117836,-0.03567026928067207
1789225131726638300,33.206638427734376,-0.03483198210597038,0.008055784739553928,0.2654290795326233
1789225131736677400,33.216677490234375,-0.04739704355597496,-0.04144119471311569,0.015054389834403992
1789225131746716200,33.22671606445312,-0.11665431410074234,0.13613435626029968,-0.2602759003639221
1789225131756754400,33.23675439453125,-0.09136760234832764,-0.10145210474729538,-0.004205509088933468
1789225131766793200,33.24679321289062,0.0024579036980867386,-0.21621954441070557,-0.000495798303745687
1789225131776831500,33.25683154296875,0.04069876670837402,-0.09438018500804901,-0.1500871479511261
1789225131786870300,33.266870361328124,0.09343758970499039,-0.11407642811536789,-0.029970448464155197
1789225131796908300,33.276908203125,0.046621616929769516,0.07974150776863098,0.3170754015445709
1789225131806947300,33.286947265625,-0.031433869153261185,0.16921722888946533,0.1468988060951233
1789225131816985300,33.2969853515625,0.039868272840976715,-0.07619065046310425,-0.48167189955711365
1789225131827024100,33.307024169921874,0.010462164878845215,0.17881150543689728,-0.5820180773735046
1789225131837062400,33.3170625,0.0438305102288723,0.07666756212711334,0.4574192762374878
1789225131847101200,33.32710107421875,0.10637109726667404,-0.06562668085098267,0.4749611020088196
1789225131857139500,33.33713940429688,0.11785970628261566,0.3013222813606262,0.05918814241886139
1789225131867178200,33.34717822265625,0.15972290933132172,0.06543347984552383,0.09015219658613205
1789225131877216300,33.35721630859375,0.1472763568162918,0.01496125478297472,0.37417325377464294
1789225131887255600,33.36725561523438,0.10161741822957993,0.10053427517414093,0.17903397977352142
1789225131897293300,33.37729321289063,0.0333281084895134,0.21770696341991425,-0.11914179474115372
1789225131907332400,33.38733227539063,-0.007489863783121109,0.11129705607891083,0.25669994950294495
1789225131917370400,33.39737036132812,0.0767187550663948,-0.1126825138926506,0.139725923538208
1789225131927409400,33.40740942382813,0.14052526652812958,0.08072397857904434,-0.4370419681072235
1789225131937447400,33.41744750976562,0.19994091987609863,0.17000991106033325,-0.3543468117713928
1789225131947486500,33.42748657226562,0.2580150365829468,0.1446661502122879,0.03999868407845497
1789225131957525200,33.437525146484376,0.27528297901153564,0.2807196080684662,-0.15294626355171204
1789225131967563300,33.44756323242188,0.30334603786468506,0.35259613394737244,-0.6214417219161987
1789225131977602300,33.45760229492188,0.27097824215888977,0.2628353536128998,-0.6352614164352417
1789225131987640300,33.46764038085937,0.1402132213115692,0.26003846526145935,0.06185324117541313
1789225131997679400,33.47767944335938,0.09312400966882706,0.1745787113904953,0.19120244681835175
1789225132007717400,33.48771728515625,0.09604755789041519,0.3590366244316101,0.021602077409625053
1789225132017756200,33.49775610351563,0.17096947133541107,0.11723490059375763,-0.12069514393806458
1789225132027794400,33.50779443359375,0.27195754647254944,-0.029657915234565735,-0.2320890724658966
1789225132037833200,33.51783325195313,0.22225019335746765,0.2401714324951172,0.3789820373058319
1789225132047871200,33.52787133789062,0.19366289675235748,0.3864150643348694,0.6790516972541809
1789225132057910300,33.53791015625,0.21308693289756775,0.37598690390586853,0.07698529958724976
1789225132067948300,33.5479482421875,0.21367007493972778,0.5504521727561951,-0.41998541355133057
1789225132077987300,33.5579873046875,0.20629124343395233,0.3539750874042511,-0.038691844791173935
1789225132088025300,33.568025390625,0.1972724348306656,0.344350665807724,0.3558928966522217
1789225132098064400,33.578064453125,0.2336389720439911,0.4076249599456787,0.09156857430934906
1789225132108102400,33.588102294921875,0.26451754570007324,0.33898138999938965,-0.3826172351837158
1789225132118141400,33.59814135742187,0.22751425206661224,0.09452424943447113,-0.29934951663017273
1789225132128179200,33.60817919921875,0.19748203456401825,-0.1565481424331665,-0.40942370891571045
1789225132138218500,33.618218505859375,0.06708140671253204,0.07418413460254669,-0.34014955163002014
1789225132148256300,33.62825634765625,-0.03208626061677933,0.22939355671405792,0.012894348241388798
1789225132158295300,33.63829541015625,0.0016799576114863157,0.10553339123725891,0.1796199381351471
1789225132168333300,33.648333251953126,0.015476034954190254,0.09943623840808868,-0.17074142396450043
1789225132178372400,33.658372314453125,0.09858530014753342,0.17785967886447906,-0.3158022165298462
1789225132188410400,33.66841040039063,0.09840566664934158,0.05179185792803764,0.32352715730667114
1789225132198449400,33.678449462890626,0.07228805124759674,0.058600760996341705,0.46569839119911194
1789225132208487200,33.688487060546876,-0.011661513708531857,0.22971810400485992,0.25422754883766174
1789225132218526500,33.6985263671875,-0.03548401966691017,0.11868000030517578,0.4499903917312622
1789225132228565200,33.708565185546874,-0.020637504756450653,0.005073808133602142,0.4190344214439392
1789225132238603300,33.718603271484376,-0.031664855778217316,0.034155264496803284,0.12406910210847855
1789225132248642300,33.728642333984375,-0.06092633679509163,0.002532354323193431,0.14545534551143646
1789225132258680300,33.73868041992188,-0.03959552198648453,-0.07180879265069962,0.46687257289886475
1789225132268719000,33.748718994140624,-0.014347590506076813,-0.009715769439935684,0.2928813695907593
1789225132278757400,33.75875732421875,0.005485236644744873,0.33146870136260986,-0.09089076519012451
1789225132288796400,33.76879638671875,0.003127886913716793,0.0024618583265691996,-0.30335140228271484
1789225132298834400,33.77883447265625,0.008514130488038063,-0.271980345249176,-0.2272835522890091
1789225132308873500,33.78887353515625,-0.0767097994685173,-0.16503213346004486,-0.10192469507455826
1789225132318911200,33.7989111328125,-0.14763829112052917,-0.038460873067379,-0.14108726382255554
1789225132328950500,33.80895043945313,-0.1462065428495407,-0.07756008952856064,-0.14861178398132324
1789225132338988300,33.81898828125,-0.05143582448363304,-0.2584872841835022,-0.3819670081138611
1789225132349027300,33.82902734375,-0.016645068302750587,-0.1602352261543274,-0.6839326024055481
1789225132359065300,33.8390654296875,-0.019284794107079506,0.00004366203211247921,-0.18237070739269257
1789225132369104400,33.8491044921875,0.01910059154033661,0.07332202047109604,0.4033620357513428
1789225132379142400,33.85914233398437,0.026075145229697227,0.2249690592288971,0.27791622281074524
1789225132389181400,33.86918139648437,0.08653596043586731,0.21401990950107574,-0.11179051548242569
1789225132399219200,33.87921923828125,0.020451484248042107,-0.026737039908766747,-0.014319878071546555
1789225132409258200,33.88925830078125,-0.0860336646437645,-0.09531819820404053,0.3019556403160095
1789225132419296300,33.89929614257812,-0.1654731035232544,-0.0738091766834259,0.2809582054615021
1789225132429335300,33.90933520507812,-0.14983895421028137,-0.012340974994003773,0.34319552779197693
1789225132439373300,33.919373291015624,-0.0500178225338459,-0.006625032518059015,0.37081411480903625
1789225132449412400,33.92941235351562,0.02714678831398487,0.18339528143405914,0.24191473424434662
1789225132459450400,33.939450439453125,0.06351171433925629,0.026887966319918633,0.11593763530254364
1789225132469489400,33.949489501953124,0.07840952277183533,-0.07832515239715576,0.027864491567015648
1789225132479528400,33.95952856445312,0.01568942330777645,-0.05298624187707901,0.038966674357652664
1789225132489566200,33.96956616210937,-0.056767743080854416,-0.029242537915706635,-0.16017818450927734
1789225132499605500,33.97960546875,-0.12871623039245605,0.004196113906800747,-0.43582120537757874
1789225132509643300,33.989643310546874,-0.1289827823638916,-0.09314853698015213,-0.35195809602737427
1789225132519682300,33.99968237304687,-0.09187270700931549,-0.13888460397720337,-0.351641446352005
1789225132529720300,34.00972021484375,-0.04631353169679642,-0.04575050622224808,-0.20856745541095734
1789225132539759400,34.01975927734375,0.00866955891251564,0.00013735913671553135,0.13199971616268158
1789225132549797400,34.02979736328125,0.0347771942615509,0.0498797781765461,0.12579430639743805
1789225132559836400,34.03983642578125,-0.002368041779845953,0.10054349154233932,0.09344515949487686
1789225132569874200,34.049874267578126,-0.08284618705511093,0.03145783767104149,0.1896609514951706
1789225132579913500,34.05991357421875,-0.1312991976737976,-0.04842847213149071,0.2329021692276001
1789225132589951200,34.069951171875,-0.138250932097435,-0.06344431638717651,0.27976325154304504
1789225132599990300,34.079990234375,-0.06489256024360657,-0.16514644026756287,0.3507886826992035
1789225132610028300,34.0900283203125,0.06507418304681778,-0.3177192509174347,-0.16613943874835968
1789225132620067300,34.1000673828125,0.010082032531499863,-0.0077531361021101475,-0.19137555360794067
1789225132630105300,34.11010522460938,-0.0693904459476471,0.028812382370233536,0.028804607689380646
1789225132640144400,34.120144287109376,-0.14375121891498566,-0.026066847145557404,-0.05552492290735245
1789225132650182100,34.13018212890625,-0.14858494699001312,-0.006997931748628616,-0.497050404548645
1789225132660221400,34.14022143554688,-0.09895375370979309,0.023579685017466545,-0.5979522466659546
1789225132670259200,34.15025927734375,-0.034863557666540146,-0.04562350735068321,-0.03195017948746681
1789225132680298200,34.16029833984375,0.00396107230335474,-0.040350448340177536,0.35473334789276123
1789225132690336300,34.17033618164062,-0.012542853131890297,0.008194937370717525,0.25314998626708984
1789225132700375300,34.18037524414063,-0.04319557175040245,0.07087136805057526,0.0354410782456398
1789225132710413300,34.19041333007812,-0.10577695071697235,-0.07969710975885391,-0.06638293713331223
1789225132720452400,34.20045239257813,-0.1767488718032837,-0.10464534163475037,0.08605693280696869
1789225132730490000,34.21048999023437,-0.18321619927883148,-0.10016836225986481,0.3174109160900116
1789225132740529400,34.220529296875,-0.11623343825340271,-0.006240272894501686,0.3233844041824341
1789225132750567200,34.23056713867187,-0.01395469345152378,0.030384570360183716,0.034108374267816544
1789225132760606200,34.24060620117187,0.050902336835861206,0.01675690896809101,-0.2154844105243683
1789225132770644500,34.25064453125,0.017495226114988327,-0.0401613749563694,-0.10689624398946762
1789225132780683300,34.26068334960937,-0.0914059579372406,-0.006799689494073391,0.026559019461274147
1789225132790721500,34.270721435546875,-0.1450634002685547,0.0054449355229735374,-0.10493797063827515
1789225132800760300,34.28076025390625,-0.11999426782131195,0.07114245742559433,-0.2333417385816574
1789225132810799400,34.29079931640625,-0.058513566851615906,-0.026299340650439262,-0.19204601645469666
1789225132820837400,34.30083740234375,0.01788773201406002,-0.08386995643377304,-0.3162592947483063
1789225132830876400,34.31087646484375,-0.01686996966600418,0.03620848432183266,-0.07899847626686096
1789225132840914200,34.3209140625,-0.06746337562799454,0.12314338237047195,0.4522659182548523
1789225132850953200,34.330953125,-0.0601801723241806,0.0066596753895282745,0.41506442427635193
1789225132860991200,34.3409912109375,0.01938176527619362,-0.08296048641204834,-0.19865597784519196
1789225132871030300,34.3510302734375,0.010370124131441116,-0.09061581641435623,-0.6180728673934937
1789225132881068300,34.361068359375,-0.04405263811349869,-0.1033790186047554,0.20897282660007477
1789225132891107300,34.371107421875,-0.07480524480342865,-0.21176348626613617,0.4667357802391052
1789225132901145300,34.381145263671876,-0.07118867337703705,0.004664416890591383,-0.05568667873740196
1789225132911184400,34.391184326171874,-0.008174239657819271,0.13215957581996918,-0.34453681111335754
1789225132921222100,34.40122216796875,-0.008798218332231045,0.13075262308120728,0.017430705949664116
1789225132931261200,34.41126123046875,-0.03780100867152214,0.13972410559654236,0.07015203684568405
1789225132941299200,34.42129931640625,-0.10274779051542282,0.21150854229927063,0.19399407505989075
1789225132951338200,34.431338134765625,-0.05704813823103905,-0.010323898866772652,0.29431286454200745
1789225132961376500,34.44137646484375,-0.03430287912487984,-0.001553577370941639,0.14809037744998932
1789225132971415300,34.451415283203126,-0.0277319997549057,-0.09943458437919617,0.21875400841236115
1789225132981453300,34.46145336914063,-0.06268039345741272,-0.10669729113578796,0.4366288185119629
1789225132991492400,34.47149243164063,-0.07741503417491913,-0.0799875557422638,0.2860364317893982
1789225133001530400,34.4815302734375,-0.058801934123039246,0.07577061653137207,-0.24627460539340973
1789225133011569200,34.491569091796876,-0.09471605718135834,0.10383711755275726,-0.41077229380607605
1789225133021607400,34.501607421875,-0.10882148891687393,0.029419077560305595,0.14146903157234192
1789225133031646200,34.51164624023438,-0.12381123006343842,0.07227949798107147,0.2257242053747177
1789225133041684500,34.5216845703125,-0.07815053313970566,0.11536704748868942,-0.042233482003211975
1789225133051723300,34.53172314453125,0.0004464925732463598,-0.07232800871133804,-0.35198014974594116
1789225133061761300,34.54176123046875,-0.03139213100075722,-0.15660665929317474,-0.30552661418914795
1789225133071800300,34.55180029296875,-0.13905175030231476,-0.15682291984558105,-0.22016538679599762
1789225133081838300,34.56183837890625,-0.270966112613678,-0.04546629264950752,-0.08097953349351883
1789225133091877000,34.57187719726563,-0.3061104118824005,-0.05447626858949661,0.22030788660049438
1789225133101915400,34.581915283203124,-0.2635970413684845,-0.08274465799331665,0.22546403110027313
1789225133111954200,34.5919541015625,-0.17296797037124634,0.11726841330528259,0.08590380102396011
1789225133121992400,34.601992431640625,-0.10253988206386566,-0.07395480573177338,0.1506415158510208
1789225133132031200,34.61203125,-0.0970221608877182,-0.1592816561460495,0.6592656373977661
1789225133142069200,34.6220693359375,-0.10123474895954132,-0.2326458841562271,0.4764734208583832
1789225133152108500,34.632108642578125,-0.16974204778671265,-0.07997827231884003,-0.18847347795963287
1789225133162146300,34.642146240234375,-0.21060878038406372,-0.16938139498233795,-0.34117352962493896
1789225133172185300,34.652185302734374,-0.25305816531181335,-0.14770740270614624,0.17884515225887299
1789225133182223400,34.662223388671876,-0.2386147677898407,-0.14565037190914154,0.1950235813856125
1789225133192262400,34.672262451171875,-0.11919479072093964,-0.12691064178943634,-0.3018733561038971
1789225133202300400,34.68230053710938,-0.02491195872426033,-0.16937793791294098,-0.7334737777709961
1789225133212339500,34.69233935546875,-0.04294760525226593,-0.24675709009170532,-0.2915171682834625
1789225133222378200,34.70237817382812,-0.036589838564395905,-0.2733921706676483,-0.11699917167425156
1789225133232416500,34.71241650390625,-0.1084214523434639,0.03632786124944687,-0.23392969369888306
1789225133242455300,34.722455322265624,-0.07339129596948624,0.03483089804649353,-0.1604754477739334
1789225133252493300,34.732493408203126,-0.07268889248371124,-0.017952853813767433,-0.11887823045253754
1789225133262532400,34.742532470703125,-0.08782736212015152,-0.004849303513765335,0.020059144124388695
1789225133272570600,34.75257055664063,-0.08368325978517532,-0.051913730800151825,0.5096181631088257
1789225133282609400,34.762609375,-0.014981694519519806,-0.17722904682159424,0.41543126106262207
1789225133292647700,34.77264770507813,0.03133494034409523,-0.15984685719013214,-0.01367484126240015
1789225133302686500,34.7826865234375,0.01847294718027115,-0.07072153687477112,0.1266850084066391
1789225133312724500,34.79272436523438,0.03270033374428749,-0.07857044041156769,0.4951915442943573
1789225133322763500,34.80276342773438,0.03961310163140297,0.03334863483905792,0.19137068092823029
1789225133332801500,34.81280151367187,0.07285118103027344,0.29595568776130676,-0.16801035404205322
1789225133342840300,34.82284033203125,0.10659502446651459,0.08552947640419006,-0.3284466564655304
1789225133352878600,34.83287866210937,0.11998046934604645,-0.009911633096635342,-0.20397505164146423
1789225133362917400,34.84291748046875,0.08892454952001572,0.058823488652706146,-0.01942119374871254
1789225133372955600,34.85295556640625,0.137404203414917,0.032944194972515106,-0.1766514927148819
1789225133382994400,34.86299438476563,0.1887960284948349,0.0645415335893631,-0.37015199661254883
1789225133393032400,34.87303247070312,0.1937396079301834,0.0459587499499321,-0.38176313042640686
1789225133403071700,34.88307177734375,0.15556558966636658,0.10781599581241608,-0.030668482184410095
1789225133413109500,34.893109619140624,0.11112477630376816,0.15121373534202576,0.4101569950580597
1789225133423148500,34.9031484375,0.1297176331281662,0.07553228735923767,0.3276064395904541
1789225133433186600,34.9131865234375,0.15680493414402008,0.2603759169578552,0.01683676987886429
1789225133443225600,34.9232255859375,0.20109090209007263,0.0847415030002594,-0.05883269011974335
1789225133453263600,34.933263671875,0.21982839703559875,0.0034090769477188587,0.02352563850581646
1789225133463302700,34.943302734375,0.17167498171329498,0.25115177035331726,0.11889609694480896
1789225133473340400,34.95334033203125,0.1853903830051422,0.30028650164604187,-0.054978009313344955
1789225133483379700,34.963379638671874,0.21932464838027954,0.32450953125953674,-0.1908082813024521
1789225133493417500,34.97341748046875,0.22266700863838196,0.2627119719982147,-0.09882427006959915
1789225133503456500,34.98345654296875,0.20995894074440002,0.2641165256500244,-0.16144691407680511
1789225133513494500,34.99349462890625,0.18772141635417938,0.3040041923522949,-0.09510263800621033
1789225133523533600,35.003533447265625,0.25582271814346313,0.16414831578731537,-0.05535842478275299
1789225133533571600,35.01357153320313,0.30103105306625366,0.2145545780658722,-0.3486323058605194
1789225133543610600,35.023610595703126,0.2247850000858307,0.3807305097579956,-0.17854607105255127
1789225133553648400,35.0336484375,0.15545155107975006,0.30494076013565063,0.40362748503685
1789225133563687700,35.04368774414063,0.15391197800636292,0.21043555438518524,0.3161066770553589
1789225133573725400,35.05372534179688,0.15875424444675446,0.3027224540710449,-0.17563004791736603
1789225133583764500,35.063764404296876,0.14602887630462646,0.26382511854171753,0.04233849421143532
1789225133593802500,35.07380249023438,0.15897098183631897,0.06626612693071365,0.47001171112060547
1789225133603841500,35.08384155273438,0.21110954880714417,0.17449885606765747,-0.0703100934624672
1789225133613879600,35.09387963867187,0.18962188065052032,0.40405333042144775,-0.5648393034934998
1789225133623918600,35.10391870117188,0.15261167287826538,0.3546314537525177,0.025955792516469955
1789225133633956400,35.11395629882813,0.18364602327346802,0.15698787569999695,0.3492012321949005
1789225133643995600,35.12399560546875,0.21793851256370544,0.34278225898742676,-0.31697767972946167
1789225133654033400,35.13403344726562,0.1447633057832718,0.47284990549087524,-0.5407781600952148
1789225133664072400,35.14407250976563,0.12614142894744873,0.31228071451187134,0.15823984146118164
1789225133674110500,35.1541103515625,0.1626705825328827,0.12107931822538376,-0.052468154579401016
1789225133684149500,35.1641494140625,0.07756632566452026,0.24059000611305237,-0.5641015768051147
1789225133694187500,35.1741875,-0.010290239006280899,0.19625639915466309,-0.22989749908447266
1789225133704226600,35.1842265625,-0.020496536046266556,-0.10955438017845154,0.47822239995002747
1789225133714264600,35.1942646484375,-0.012239623814821243,-0.1321459263563156,0.22952444851398468
1789225133724303400,35.20430346679687,-0.0636434257030487,0.15004821121692657,-0.03279053047299385
1789225133734341600,35.214341552734375,-0.07824743539094925,0.10063963383436203,0.38566380739212036
1789225133744380400,35.22438037109375,-0.11338384449481964,0.03348962590098381,0.3887141942977905
1789225133754418700,35.234418701171876,-0.10420852899551392,0.037939153611660004,-0.09136442095041275
1789225133764457500,35.24445751953125,-0.1772366613149643,0.047937192022800446,-0.10499687492847443
1789225133774496500,35.25449658203125,-0.18433380126953125,-0.15005908906459808,0.48882681131362915
1789225133784534500,35.264534423828124,-0.12253303080797195,-0.33913713693618774,0.295214980840683
1789225133794573600,35.27457348632812,-0.17590570449829102,-0.11707531660795212,-0.18104183673858643
1789225133804611300,35.284611328125,-0.24070428311824799,-0.22115658223628998,-0.0884733721613884
1789225133814650600,35.294650634765624,-0.31368890404701233,-0.27450647950172424,0.05001749098300934
1789225133824688400,35.3046884765625,-0.3502255976200104,-0.27793875336647034,-0.2353849560022354
1789225133834727400,35.3147275390625,-0.2846728563308716,-0.36129188537597656,-0.7619799375534058
1789225133844765400,35.324765380859375,-0.2854057550430298,-0.4152483344078064,-0.40475866198539734
1789225133854804500,35.334804443359374,-0.2830474376678467,-0.4677307903766632,0.2893649935722351
1789225133864842500,35.344842529296876,-0.30138516426086426,-0.39437615871429443,0.1992896944284439
1789225133874881500,35.354881591796875,-0.3059186339378357,-0.38886821269989014,0.012186302803456783
1789225133884919300,35.364919189453126,-0.3185385465621948,-0.5478288531303406,-0.22067438066005707
1789225133894958600,35.37495849609375,-0.4194606840610504,-0.28109174966812134,0.2044745683670044
1789225133904996600,35.38499658203125,-0.42580166459083557,-0.3489658832550049,0.6192315816879272
1789225133915035400,35.395035400390626,-0.3999050259590149,-0.2426188737154007,0.40543806552886963
1789225133925073700,35.40507373046875,-0.25397899746894836,-0.28519323468208313,-0.08468850702047348
1789225133935112400,35.41511254882813,-0.258779376745224,-0.3742621839046478,0.00819551944732666
1789225133945150700,35.42515063476562,-0.2616814076900482,-0.4771701693534851,0.49713191390037537
1789225133955189500,35.435189453125,-0.265889972448349,-0.47081291675567627,0.3573126792907715
1789225133965227500,35.4452275390625,-0.26638078689575195,-0.5023948550224304,-0.034222591668367386
1789225133975266600,35.4552666015625,-0.23665742576122284,-0.4531337320804596,-0.20205985009670258
1789225133985304600,35.4653046875,-0.2701677083969116,-0.49362096190452576,-0.32865720987319946
1789225133995343400,35.47534326171875,-0.30212169885635376,-0.37789350748062134,-0.5816262364387512
1789225134005381600,35.48538159179687,-0.3065401613712311,-0.45257866382598877,-0.31432634592056274
1789225134015420400,35.49542041015625,-0.24420495331287384,-0.3896462023258209,0.05897613987326622
1789225134025458700,35.505458740234374,-0.22004902362823486,-0.1544315367937088,0.1290750801563263
1789225134035497500,35.51549755859375,-0.1222492977976799,-0.24840261042118073,-0.06272152066230774
1789225134045535500,35.52553540039062,-0.1292632669210434,-0.25205114483833313,0.01292290911078453
1789225134055574500,35.53557446289062,-0.1434555947780609,-0.3544217348098755,0.3982294797897339
1789225134065612500,35.545612548828124,-0.1523263156414032,-0.34080660343170166,0.24481381475925446
1789225134075651300,35.5556513671875,-0.20866480469703674,-0.17022833228111267,0.06176180765032768
1789225134085689600,35.565689697265626,-0.19468213617801666,-0.3249225914478302,0.35402989387512207
1789225134095728600,35.575728759765624,-0.1628316342830658,-0.3474259078502655,0.32082176208496094
1789225134105766700,35.5857666015625,-0.1285753846168518,-0.21023103594779968,0.030604053288698196
1789225134115805700,35.5958056640625,-0.03788887336850166,-0.24893705546855927,-0.06330657750368118
1789225134125843500,35.605843505859376,0.0248341616243124,-0.2055530995130539,-0.16431735455989838
1789225134135882500,35.615882568359375,-0.009712462313473225,-0.011450286954641342,-0.17894135415554047
1789225134145920500,35.62592041015625,-0.046160485595464706,-0.017792072147130966,-0.01573299430310726
1789225134155959600,35.63595947265625,-0.0705038458108902,-0.07755302637815475,0.023050684481859207
1789225134165997600,35.64599755859375,-0.03972809389233589,-0.15198226273059845,-0.331584632396698
1789225134176036600,35.65603662109375,-0.03516552224755287,-0.17257145047187805,-0.45608794689178467
1789225134186074400,35.66607446289063,0.039664775133132935,-0.27125751972198486,0.09470435976982117
1789225134196113700,35.67611376953125,0.1215120479464531,-0.36131975054740906,0.0854751244187355
1789225134206151400,35.6861513671875,0.06485942751169205,0.08395653963088989,-0.28774532675743103
1789225134216190500,35.6961904296875,0.02522101253271103,0.1307470053434372,-0.17510564625263214
1789225134226228500,35.706228515625,-0.017650553956627846,-0.035594306886196136,0.09499268233776093
1789225134236267500,35.716267578125,-0.06297408044338226,0.013577568344771862,-0.07314328849315643
1789225134246305500,35.72630541992187,-0.08855481445789337,0.05999379977583885,0.09134472161531448
1789225134256344600,35.73634448242188,-0.027091482654213905,-0.1012430340051651,0.3625078499317169
1789225134266382800,35.7463828125,0.030907372012734413,-0.1455172896385193,0.30639639496803284
1789225134276422000,35.756421875,0.051325976848602295,-0.0927780419588089,0.08003098517656326
1789225134286460000,35.7664599609375,-0.02128537744283676,-0.051647648215293884,0.2697228789329529
1789225134296499000,35.7764990234375,-0.1060623899102211,0.034816790372133255,0.5404969453811646
1789225134306537000,35.786536865234375,-0.09205230325460434,-0.08874908834695816,0.11116741597652435
1789225134316576000,35.796575927734374,-0.014082621783018112,-0.048835620284080505,-0.5790189504623413
1789225134326614000,35.806614013671876,0.0009764886926859617,-0.25127580761909485,-0.5552132725715637
1789225134336653000,35.816653076171875,-0.026012692600488663,-0.24661259353160858,0.047518957406282425
1789225134346690800,35.82669091796875,-0.06511402130126953,-0.18442805111408234,-0.05411046743392944
1789225134356730000,35.836730224609376,-0.07399194687604904,-0.07702220231294632,-0.3687821924686432
1789225134366767900,35.846767822265626,-0.06930797547101974,-0.13551373779773712,-0.4636003375053406
1789225134376807000,35.856806884765625,-0.10702443867921829,-0.17288310825824738,-0.33033400774002075
1789225134386845000,35.86684497070313,-0.16068899631500244,-0.2057582288980484,0.013959732837975025
1789225134396884000,35.876884033203126,-0.2233092486858368,-0.14839141070842743,0.6175574660301208
1789225134406922000,35.886921875,-0.19783158600330353,-0.23560701310634613,0.6411195397377014
1789225134416961000,35.8969609375,-0.11305452138185501,-0.37827375531196594,0.2405908852815628
1789225134426998800,35.90699877929688,-0.11870282143354416,-0.5317461490631104,-0.3314521014690399
1789225134437037800,35.917037841796876,-0.21900524199008942,-0.5061058402061462,0.41044488549232483
1789225134447075800,35.92707592773438,-0.30827999114990234,-0.40488994121551514,0.5417064428329468
1789225134457115000,35.93711499023438,-0.38404199481010437,0.10857048630714417,0.2687249183654785
1789225134467153000,35.94715283203125,-0.3018491268157959,-0.19010303914546967,-0.14263415336608887
1789225134477192000,35.95719189453125,-0.05466938018798828,-0.4559367299079895,-0.6952343583106995
1789225134487230000,35.96722998046875,-0.07278020679950714,-0.39027491211891174,-0.3435303866863251
1789225134497269000,35.97726904296875,-0.049092940986156464,-0.5324032306671143,0.05118501931428909
1789225134507306800,35.987306640625,-0.14196722209453583,-0.2943611443042755,0.13334673643112183
1789225134517345800,35.997345703125,-0.15770632028579712,-0.32281494140625,-0.38593339920043945
1789225134527383800,36.0073837890625,-0.20040984451770782,-0.22658692300319672,-0.4139852821826935
1789225134537422800,36.0174228515625,-0.22986383736133575,-0.3479181230068207,0.09024184197187424
1789225134547460900,36.0274609375,-0.2175629585981369,-0.31034332513809204,0.12476839125156403
1789225134557500000,36.0375,-0.13949976861476898,-0.3031919002532959,-0.18756212294101715
1789225134567537700,36.04753759765625,-0.06002811715006828,-0.2885913848876953,-0.07628300040960312
1789225134577577000,36.05757690429687,-0.033547282218933105,-0.235555037856102,0.37599045038223267
1789225134587615000,36.067614990234375,-0.03431400656700134,-0.06001996994018555,0.5775177478790283
1789225134597653800,36.07765380859375,-0.019058935344219208,-0.01255369558930397,0.23391105234622955
1789225134607692000,36.087692138671876,0.019644517451524734,0.18261899054050446,-0.02582278661429882
1789225134617730800,36.09773071289062,0.095969058573246,-0.06963334232568741,-0.0029020891524851322
1789225134627769000,36.10776904296875,0.11985708028078079,-0.11474809050559998,0.14398881793022156
1789225134637807900,36.117807861328124,0.09266456961631775,0.05124213919043541,0.25356996059417725
1789225134647846000,36.12784594726563,0.08763013035058975,0.004839486908167601,0.2653147578239441
1789225134657885000,36.137885009765625,0.08553965389728546,-0.07227671146392822,0.05310033634305
1789225134667923000,36.1479228515625,0.07493361830711365,-0.11708173900842667,-0.1935935914516449
1789225134677961700,36.157961669921875,0.043763525784015656,-0.017512744292616844,-0.14908771216869354
1789225134688000000,36.168,0.0590045303106308,0.03474752977490425,0.12894204258918762
1789225134698038800,36.178038818359376,0.1230042576789856,0.0811871886253357,-0.037676941603422165
1789225134708077000,36.1880771484375,0.15243564546108246,0.18176811933517456,-0.2303079068660736
1789225134718115800,36.19811572265625,0.17538215219974518,0.09063040465116501,-0.09715497493743896
1789225134728153900,36.20815380859375,0.1777433156967163,0.001254451461136341,0.047309789806604385
1789225134738193000,36.21819287109375,0.15915419161319733,-0.0027692809235304594,0.07070523500442505
1789225134748231000,36.22823095703125,0.18636290729045868,0.0022590334992855787,0.11683038622140884
1789225134758269700,36.23826977539063,0.176509827375412,0.11066704988479614,0.19722691178321838
1789225134768308000,36.24830786132812,0.15826557576656342,-0.011109715327620506,0.12387920171022415
1789225134778347000,36.25834692382813,0.11608834564685822,0.09101590514183044,-0.2560015320777893
1789225134788385000,36.26838500976562,0.00893472507596016,0.13873335719108582,0.12891393899917603
1789225134798424000,36.27842407226562,0.07681412994861603,-0.11993955820798874,0.5386708378791809
1789225134808461800,36.2884619140625,0.22864681482315063,-0.14852406084537506,-0.09575881063938141
1789225134818501000,36.29850122070312,0.3260335326194763,0.27752870321273804,-0.393318772315979
1789225134828539000,36.308538818359374,0.4216764271259308,0.3074599802494049,-0.021162789314985275
1789225134838578000,36.31857788085937,0.41333112120628357,0.22694949805736542,0.1012001782655716
1789225134848616000,36.328615966796875,0.3308980464935303,0.39840859174728394,-0.38309618830680847
1789225134858655000,36.33865502929687,0.2713885009288788,0.08896804600954056,-0.5482940673828125
1789225134868693000,36.34869287109375,0.2182382047176361,0.11789503693580627,-0.06146366894245148
1789225134878732000,36.35873193359375,0.1838328242301941,0.22546643018722534,-0.07272274792194366
1789225134888769800,36.368769775390625,0.18995755910873413,0.20896227657794952,-0.2043026089668274
1789225134898808800,36.378808837890624,0.24370963871479034,0.1311633437871933,-0.23873119056224823
1789225134908846800,36.388846923828126,0.25933173298835754,0.23484952747821808,-0.1402757316827774
1789225134918886000,36.398885986328125,0.2699569761753082,0.29427921772003174,0.04804861545562744
1789225134928924000,36.408923828125,0.29107609391212463,0.2667458653450012,0.4275088310241699
1789225134938963000,36.418962890625,0.3316613435745239,0.12395785748958588,0.5004574656486511
1789225134949001000,36.4290009765625,0.2879767119884491,0.20589640736579895,0.2507461905479431
1789225134959040000,36.4390400390625,0.20212414860725403,0.1255507469177246,0.14696156978607178
1789225134969077800,36.44907788085938,0.1189403086900711,0.07106086611747742,0.1599024087190628
1789225134979116800,36.45911669921875,0.042587701231241226,0.1896660327911377,0.2348669022321701
1789225134989154800,36.46915478515625,0.1079840138554573,0.12348861247301102,0.04389480873942375
1789225134999193900,36.47919384765625,0.19704580307006836,0.327775239944458,-0.1944037228822708
1789225135009232000,36.48923193359375,0.3389209508895874,0.09811223298311234,-0.16645357012748718
1789225135019271000,36.49927099609375,0.43727192282676697,-0.24903196096420288,-0.3114444613456726
1789225135029308700,36.50930859375,0.3178483247756958,0.1109139695763588,-0.16915683448314667
1789225135039348000,36.51934790039063,0.16292038559913635,0.49745088815689087,0.12602679431438446
1789225135049385700,36.5293857421875,0.13266421854496002,0.16993507742881775,-0.3446456491947174
1789225135059424800,36.5394248046875,0.1746612787246704,0.23404696583747864,-0.5859037637710571
1789225135069463000,36.549463134765624,0.2603636682033539,0.2815641462802887,-0.3799876272678375
1789225135079501800,36.55950170898438,0.34424498677253723,0.21258065104484558,0.15848803520202637
1789225135089540000,36.5695400390625,0.4318976104259491,0.0613543875515461,0.11074608564376831
1789225135099579000,36.57957885742187,0.4036237299442291,0.2618032693862915,-0.0874093547463417
1789225135109617000,36.589616943359374,0.27980563044548035,0.39080893993377686,0.07155899703502655
1789225135119656000,36.59965600585937,0.20660483837127686,0.28484365344047546,0.05034593865275383
1789225135129694000,36.60969384765625,0.23562371730804443,0.37271490693092346,-0.1116565465927124
1789225135139732700,36.61973266601562,0.2834606170654297,0.3763563632965088,0.12295107543468475
1789225135149771000,36.62977099609375,0.4133847951889038,0.32524046301841736,0.09727207571268082
1789225135159809800,36.63980981445312,0.4399329721927643,0.4754885137081146,0.006516041234135628
1789225135169848000,36.64984814453125,0.4515922963619232,0.4768001139163971,0.2059367448091507
1789225135179886800,36.659886962890624,0.5046743154525757,0.23830994963645935,-0.05468505993485451
1789225135189924900,36.6699248046875,0.46228161454200745,0.4734596312046051,-0.5550578832626343
1789225135199964000,36.6799638671875,0.37523531913757324,0.49335017800331116,-0.31923845410346985
1789225135210002000,36.690001953125,0.32656657695770264,0.3833906650543213,0.12303696572780609
1789225135220040700,36.700040771484375,0.3434765040874481,0.4776252508163452,0.13783487677574158
1789225135230079000,36.71007885742188,0.48569703102111816,0.47464463114738464,-0.31203776597976685
1789225135240117800,36.72011767578125,0.6139500141143799,0.6212688684463501,-0.569606602191925
1789225135250156000,36.73015600585938,0.566791832447052,0.7154476046562195,0.062110140919685364
1789225135260195000,36.74019506835938,0.5069805979728699,0.710067093372345,0.46255701780319214
1789225135270232300,36.750232421875,0.4559323489665985,0.8506426215171814,0.27106669545173645
1789225135280271600,36.760271728515626,0.4010264277458191,0.5593014359474182,-0.24992217123508453
1789225135290309400,36.770309326171876,0.27600404620170593,0.455455482006073,-0.15547795593738556
1789225135300348400,36.780348388671875,0.27735206484794617,0.3622753620147705,0.47638827562332153
1789225135310386400,36.79038647460938,0.3463609516620636,0.38221925497055054,0.4365217983722687
1789225135320425500,36.800425537109376,0.32160210609436035,0.6235036253929138,0.18346060812473297
1789225135330463500,36.81046337890625,0.37871837615966797,0.5368723273277283,-0.14731305837631226
1789225135340502500,36.82050244140625,0.2729809582233429,0.6041079163551331,0.03019414097070694
1789225135350540500,36.83054052734375,0.20827892422676086,0.4095895290374756,-0.03541070222854614
1789225135360579600,36.84057958984375,0.18521662056446075,0.3164158761501312,-0.3802431523799896
1789225135370617600,36.85061767578125,0.10826591402292252,0.37909045815467834,-0.07498762011528015
1789225135380656400,36.86065649414063,0.11445238441228867,0.3196065127849579,0.3451531231403351
1789225135390694700,36.87069458007812,0.12812691926956177,0.31310492753982544,0.22941294312477112
1789225135400733400,36.8807333984375,0.1932803988456726,0.3918305039405823,-0.3282705545425415
1789225135410771700,36.890771728515624,0.23205949366092682,0.3813030421733856,-0.5212051272392273
1789225135420810500,36.900810546875,0.15058192610740662,0.4015893340110779,0.23069149255752563
1789225135430848500,36.9108486328125,0.08950260281562805,0.39644092321395874,0.4738253355026245
1789225135440887600,36.92088745117187,0.09820102900266647,0.2679455578327179,-0.08063538372516632
1789225135450925600,36.930925537109374,0.00511449808254838,0.29758572578430176,-0.28742533922195435
1789225135460964400,36.94096435546875,-0.09758465737104416,0.07889655977487564,0.1086779236793518
1789225135471002600,36.951002685546875,-0.15644903481006622,0.009202427230775356,0.17261482775211334
1789225135481041400,36.96104150390625,-0.1678340584039688,0.1791837513446808,-0.08707267045974731
1789225135491079700,36.97107958984375,-0.07299888879060745,0.06584493815898895,-0.16579490900039673
1789225135501118500,36.98111840820312,-0.07005327194929123,0.09365680068731308,0.04613850265741348
1789225135511156500,36.991156494140625,-0.12516020238399506,0.33871397376060486,0.5432361364364624
1789225135521195500,37.001195556640624,-0.11840473860502243,0.45313963294029236,0.6802539825439453
1789225135531233500,37.01123364257813,0.022496724501252174,0.06270689517259598,0.24360474944114685
1789225135541272600,37.0212724609375,0.1024482324719429,-0.10104160755872726,-0.5252139568328857
1789225135551310600,37.031310546875,-0.07869759202003479,0.11631601303815842,-0.5621738433837891
1789225135561349600,37.041349609375,-0.1586131751537323,0.033792078495025635,0.25390589237213135
1789225135571387600,37.0513876953125,-0.22373944520950317,-0.2594430148601532,0.2734375298023224
1789225135581426700,37.0614267578125,-0.2960774898529053,-0.0220491960644722,-0.31835585832595825
1789225135591464400,37.07146435546875,-0.30406641960144043,-0.014379559084773064,-0.566955029964447
1789225135601503500,37.08150341796875,-0.30277344584465027,-0.12538856267929077,-0.12276775389909744
1789225135611541500,37.09154150390625,-0.3977105915546417,0.13543663918972015,0.21829555928707123
1789225135621580500,37.10158056640625,-0.423459529876709,0.2672179639339447,0.34354206919670105
1789225135631618600,37.11161865234375,-0.3443641662597656,0.2547360062599182,0.5174169540405273
1789225135641657600,37.12165771484375,-0.1905842423439026,-0.09434197098016739,0.47018176317214966
1789225135651695600,37.13169555664062,-0.1008002907037735,-0.3806783854961395,0.04829685389995575
1789225135661734700,37.14173461914063,-0.23393994569778442,-0.4122234284877777,0.36648985743522644
1789225135671772400,37.1517724609375,-0.2677679657936096,-0.5020651817321777,0.693300724029541
1789225135681811500,37.1618115234375,-0.3187762200832367,-0.2295757681131363,0.007228074595332146
1789225135691849500,37.17184936523437,-0.4515174925327301,-0.04624323546886444,-0.26463833451271057
1789225135701888500,37.18188842773438,-0.527128279209137,-0.03306003659963608,0.20348018407821655
1789225135711926500,37.19192651367187,-0.5087975263595581,-0.2161899209022522,0.0730699673295021
1789225135721965600,37.20196557617187,-0.4271795153617859,-0.226907417178154,-0.36287373304367065
1789225135732003300,37.21200341796875,-0.35449331998825073,-0.25743308663368225,-0.7418476343154907
1789225135742042600,37.22204272460937,-0.3016680181026459,-0.39658576250076294,-0.46618908643722534
1789225135752080400,37.232080322265624,-0.2661132216453552,-0.5494040846824646,0.22143486142158508
1789225135762118700,37.24211865234375,-0.34564757347106934,-0.32034897804260254,0.10416555404663086
1789225135772157400,37.252157470703125,-0.46030092239379883,-0.2666018605232239,-0.04918910935521126
1789225135782195500,37.26219555664063,-0.5673498511314392,-0.34106186032295227,0.17636479437351227
1789225135792234500,37.272234375,-0.5968653559684753,-0.4655856788158417,-0.04878789931535721
1789225135802272500,37.2822724609375,-0.5776752233505249,-0.35102206468582153,-0.035489827394485474
1789225135812311300,37.292311279296875,-0.43863818049430847,-0.5849115252494812,0.3547990918159485
1789225135822349600,37.302349609375,-0.3439280688762665,-0.4560685157775879,0.2039361447095871
1789225135832388600,37.312388671875,-0.3720981776714325,-0.308459609746933,0.0743536502122879
1789225135842426600,37.32242651367188,-0.39931514859199524,-0.44621214270591736,0.24689099192619324
1789225135852465700,37.33246557617188,-0.4554375410079956,-0.48863309621810913,0.07018811255693436
1789225135862503400,37.34250341796875,-0.4211195707321167,-0.4349352717399597,-0.18234021961688995
1789225135872542700,37.35254272460938,-0.39204639196395874,-0.40490174293518066,0.028741121292114258
1789225135882580500,37.36258056640625,-0.3197649419307709,-0.38114020228385925,0.09620914608240128
1789225135892619500,37.37261962890625,-0.33032941818237305,-0.1606842577457428,-0.044905103743076324
1789225135902657500,37.38265747070312,-0.34117117524147034,-0.25144025683403015,-0.09622494131326675
1789225135912696600,37.39269653320312,-0.34413769841194153,-0.4684394299983978,0.17821940779685974
1789225135922734600,37.402734619140624,-0.309594064950943,-0.6225594878196716,0.02605820819735527
1789225135932773600,37.41277368164062,-0.2520569860935211,-0.5053446888923645,-0.23421092331409454
1789225135942811400,37.42281127929687,-0.20240546762943268,-0.4022311866283417,-0.028560929000377655
1789225135952850700,37.4328505859375,-0.1821926087141037,-0.39680445194244385,0.04632209986448288
1789225135962888400,37.442888427734374,-0.22987909615039825,-0.25646060705184937,-0.2525932490825653
1789225135972927500,37.45292749023437,-0.2475459724664688,-0.08734802156686783,-0.6772097945213318
1789225135982965500,37.462965576171875,-0.24869932234287262,-0.1354532539844513,-0.2514878511428833
1789225135993004500,37.473004638671874,-0.15535952150821686,-0.22459618747234344,0.33965426683425903
1789225136003042600,37.48304248046875,-0.0455741286277771,-0.12295176088809967,0.08038349449634552
1789225136013081600,37.49308154296875,0.022528493776917458,0.001531574409455061,-0.06663098186254501
1789225136023119400,37.503119384765625,0.0431864969432354,-0.2754189670085907,0.3638005554676056
1789225136033158700,37.51315869140625,-0.0407872349023819,-0.303749680519104,0.3382488489151001
1789225136043196400,37.52319653320313,-0.1367446482181549,-0.1389748454093933,-0.21350620687007904
1789225136053235500,37.5332353515625,-0.1751798540353775,-0.17574983835220337,-0.0924471989274025
1789225136063273500,37.5432734375,-0.1259947121143341,-0.1846756637096405,0.4024033844470978
1789225136073312500,37.5533125,-0.059107016772031784,0.07054465264081955,0.2816074788570404
1789225136083350500,37.5633505859375,0.136252760887146,0.12445545196533203,-0.27423444390296936
1789225136093389600,37.5733896484375,0.24864746630191803,-0.017991170287132263,-0.6246188282966614
1789225136103427300,37.58342724609375,0.11346518993377686,0.07701045274734497,-0.07807832956314087
1789225136113466600,37.59346655273438,0.011287419125437737,0.005193518474698067,0.004736924543976784
1789225136123504600,37.60350463867187,-0.05992620810866356,0.02597622573375702,-0.011494232341647148
1789225136133543400,37.61354345703125,0.013083288446068764,-0.1482349932193756,-0.14336463809013367
1789225136143581700,37.62358178710937,0.07625392079353333,-0.11022225022315979,-0.26740553975105286
1789225136153620500,37.63362036132813,0.050448957830667496,-0.06339669227600098,0.09350738674402237
1789225136163658500,37.64365844726562,-0.038995299488306046,-0.009959926828742027,0.5168581604957581
1789225136173697500,37.65369750976563,-0.1275414079427719,0.05732084438204765,0.47457271814346313
1789225136183735600,37.66373559570312,-0.14221660792827606,0.10802993178367615,0.15146568417549133
1789225136193774300,37.6737744140625,-0.05416370928287506,0.02330652065575123,-0.10539061576128006
1789225136203812600,37.6838125,-0.008406341075897217,-0.015151122584939003,0.2939479947090149
1789225136213851400,37.69385131835938,0.04047677665948868,-0.05459493398666382,0.6454631686210632
1789225136223889700,37.7038896484375,0.06961272656917572,-0.036478497087955475,0.4262228310108185
1789225136233928400,37.71392846679687,0.10004067420959473,-0.03500017896294594,-0.37059924006462097
1789225136243966500,37.723966552734375,-0.00928780809044838,-0.05948175489902496,-0.4718765318393707
1789225136254005500,37.73400561523437,-0.09957455843687057,-0.12332198768854141,-0.12041701376438141
1789225136264042800,37.74404272460937,-0.1470438838005066,0.07407994568347931,-0.2875920534133911
1789225136274081800,37.75408178710938,-0.05314081907272339,0.0933694839477539,-0.39678245782852173
1789225136284119800,37.76411987304687,0.08998750150203705,0.033541154116392136,-0.33671554923057556
1789225136294158600,37.77415869140625,0.11188933253288269,0.06898490339517593,-0.12311005592346191
1789225136304196900,37.78419677734375,0.0797252506017685,0.020460570231080055,-0.09787409752607346
1789225136314235600,37.79423559570313,-0.03167823702096939,0.02445477806031704,0.14016057550907135
1789225136324274000,37.80427392578125,-0.08734852820634842,-0.055614013224840164,0.4525758624076843
1789225136334312700,37.81431274414062,-0.07556084543466568,-0.1193450540304184,0.14057429134845734
1789225136344350700,37.824350830078124,-0.08149798214435577,-0.02024470828473568,-0.020217351615428925
1789225136354389800,37.8343896484375,-0.0450076125562191,-0.10897377878427505,0.17484135925769806
1789225136364427800,37.844427734375,-0.025262512266635895,-0.11699351668357849,0.11087372899055481
1789225136374466600,37.85446655273437,-0.06067296862602234,0.03418827801942825,-0.10048910975456238
1789225136384504800,37.8645048828125,-0.08985504508018494,-0.00007464876398444176,-0.07460026443004608
1789225136394542600,37.87454248046875,-0.05594368651509285,-0.08643856644630432,-0.14484566450119019
1789225136404582000,37.884581787109376,-0.03889283910393715,-0.04490893706679344,-0.42142584919929504
1789225136414619600,37.89461962890625,-0.06121731922030449,-0.10820642113685608,-0.1699850857257843
1789225136424658700,37.90465869140625,-0.06540436297655106,-0.21229664981365204,0.04915646091103554
1789225136434696700,37.91469677734375,-0.10919977724552155,-0.14004933834075928,0.05956702306866646
1789225136444735700,37.92473583984375,-0.12181401252746582,-0.16162246465682983,0.060599859803915024
1789225136454773800,37.93477368164063,-0.1298341155052185,-0.1381152719259262,0.040569160133600235
1789225136464812800,37.94481274414063,-0.14753611385822296,-0.02965608797967434,0.2902785539627075
1789225136474850600,37.9548505859375,-0.10346292704343796,-0.0979030504822731,0.5893898606300354
1789225136484889900,37.96488989257813,-0.03975740820169449,-0.1633560210466385,0.23019757866859436
1789225136494928000,37.97492797851562,-0.04705739766359329,-0.12557880580425262,0.05577278509736061
1789225136504966700,37.98496655273438,-0.06265359371900558,-0.23739929497241974,0.3049338161945343
1789225136515005000,37.9950048828125,-0.06478438526391983,-0.2808743417263031,0.2597125470638275
1789225136525043700,38.00504370117188,-0.06534254550933838,-0.2428017109632492,-0.08819300681352615
1789225136535082000,38.01508203125,-0.05848969891667366,-0.13125547766685486,-0.12074775248765945
1789225136545120800,38.02512084960937,-0.08831369131803513,0.08323883265256882,0.15468624234199524
1789225136555158800,38.03515869140625,-0.08500045537948608,0.18995514512062073,0.12849512696266174
1789225136565197800,38.04519775390625,0.05622227489948273,-0.2460329532623291,-0.24578768014907837
1789225136575235800,38.05523583984375,0.07632062584161758,-0.2214282751083374,-0.5955419540405273
1789225136585274600,38.06527465820312,0.026778919622302055,-0.07784923166036606,-0.19956043362617493
1789225136595313000,38.07531298828125,0.06347114592790604,-0.3501308262348175,0.2612641751766205
1789225136605351700,38.0853515625,0.06008521094918251,-0.3862763047218323,-0.06293254345655441
1789225136615389700,38.0953896484375,0.032784346491098404,-0.08101999014616013,-0.3658577799797058
1789225136625428700,38.1054287109375,0.04687153175473213,0.021295828744769096,-0.3283064663410187
1789225136635466800,38.115466796875,0.047669414430856705,-0.02255178801715374,0.061224546283483505
1789225136645505800,38.125505859375,0.11217030882835388,-0.016993746161460876,0.023831970989704132
1789225136655543800,38.135543701171876,0.16394402086734772,0.12833787500858307,-0.29842090606689453
1789225136665582600,38.14558251953125,0.13822415471076965,0.1267469972372055,0.00453309528529644
1789225136675620900,38.15562084960938,0.1348949372768402,-0.07219405472278595,0.4040714502334595
1789225136685660000,38.165659912109376,0.1142968013882637,-0.00402077054604888,0.26679354906082153
1789225136695697700,38.17569775390625,0.11452982574701309,0.1135743036866188,0.1236552894115448
1789225136705737000,38.18573706054688,0.1650259792804718,-0.0446537621319294,0.02442249469459057
1789225136715774700,38.19577465820313,0.17473959922790527,-0.012494228780269623,-0.10023022443056107
1789225136725813800,38.20581372070313,0.14157463610172272,0.13323251903057098,0.08534570038318634
1789225136735851800,38.21585180664062,0.1766580492258072,0.09562788903713226,0.15267494320869446
1789225136745890800,38.22589086914063,0.22311930358409882,0.11179202049970627,-0.017686380073428154
1789225136755928800,38.2359287109375,0.22744853794574738,0.13112203776836395,-0.0880201980471611
1789225136765968000,38.2459677734375,0.2177238166332245,0.144952654838562,-0.06601552665233612
1789225136776005600,38.25600561523437,0.20027637481689453,0.1667197346687317,-0.0747738629579544
1789225136786045000,38.266044921875,0.1849140077829361,0.10205903649330139,-0.07084441184997559
1789225136796082700,38.27608276367187,0.19703219830989838,0.08268613368272781,-0.13544045388698578
1789225136806121700,38.28612182617187,0.20524397492408752,0.19114868342876434,-0.03726944699883461
1789225136816159700,38.29615966796875,0.28080636262893677,0.105868399143219,0.15051482617855072
1789225136826197800,38.30619775390625,0.31275123357772827,0.2162984311580658,0.105035200715065
1789225136836236800,38.31623681640625,0.31755343079566956,0.2949189245700836,0.012984906323254108
1789225136846274800,38.32627490234375,0.27946189045906067,0.4130306541919708,0.19942033290863037
1789225136856313600,38.336313720703124,0.2645026445388794,0.23176684975624084,0.13104979693889618
1789225136866351900,38.34635180664063,0.26858869194984436,0.22084084153175354,-0.43175217509269714
1789225136876390700,38.356390625,0.168659970164299,0.2682616412639618,-0.40954434871673584
1789225136886429000,38.36642895507813,0.19562025368213654,0.10727468132972717,0.25008144974708557
1789225136896467700,38.3764677734375,0.2354358434677124,0.16975590586662292,0.3512003719806671
1789225136906505700,38.38650561523438,0.3219619393348694,0.2834891080856323,-0.01146278902888298
1789225136916544800,38.396544677734376,0.4006468951702118,0.37439772486686707,-0.26018819212913513
1789225136926582800,38.40658276367188,0.32033801078796387,0.3652479648590088,-0.060886040329933167
1789225136936621600,38.41662158203125,0.2550058662891388,0.29598313570022583,-0.17211750149726868
1789225136946659800,38.42665991210937,0.14232781529426575,0.4232438802719116,-0.08453357964754105
1789225136956698600,38.43669873046875,0.16871681809425354,0.3070749342441559,0.06871509552001953
1789225136966737000,38.44673681640625,0.23326610028743744,0.3482014536857605,-0.0027530603110790253
1789225136976776000,38.45677587890625,0.2754122316837311,0.5039178133010864,0.10539311170578003
1789225136986813700,38.46681372070312,0.346045583486557,0.2900680899620056,0.01465386152267456
1789225136996853000,38.47685302734375,0.3018682897090912,0.15789486467838287,-0.14889273047447205
1789225137006890800,38.48689086914062,0.17811144888401031,0.1907375007867813,-0.171909898519516
1789225137016929800,38.4969296875,0.04708205908536911,0.15911218523979187,0.10981473326683044
1789225137026967800,38.5069677734375,-0.0063062310218811035,0.17277216911315918,0.4121943712234497
1789225137037006800,38.5170068359375,0.020387165248394012,0.23119845986366272,0.2343290150165558
1789225137047044900,38.527044921875,0.09892021864652634,0.28548184037208557,-0.13516439497470856
1789225137057084000,38.537083984375,0.1442411094903946,0.22061283886432648,0.11057373136281967
1789225137067121700,38.54712158203125,0.1520378440618515,0.06683477014303207,0.03633647412061691
1789225137077161000,38.55716088867187,0.06551521271467209,0.21182072162628174,-0.46534448862075806
1789225137087198700,38.56719873046875,-0.1246875748038292,0.17728643119335175,-0.0533476397395134
1789225137097237800,38.57723779296875,-0.12796379625797272,-0.11059807986021042,0.49332180619239807
1789225137107275800,38.58727587890625,-0.11424142122268677,-0.015367032960057259,0.2088584303855896
1789225137117314800,38.597314697265624,-0.01161970105022192,0.1327366828918457,-0.22302107512950897
1789225137127352800,38.607352783203126,0.022387702018022537,0.027828549966216087,0.2044047713279724
1789225137137391900,38.617391845703125,-0.07759135961532593,0.054468415677547455,0.7310901284217834
1789225137147429600,38.6274296875,-0.03609009087085724,-0.12432698905467987,0.243270605802536
1789225137157468000,38.63746801757812,-0.11126898974180222,-0.3412339985370636,-0.657699465751648
1789225137167506700,38.647506591796876,-0.25252285599708557,-0.07355812937021255,-0.263828843832016
1789225137177545000,38.657544921875,-0.28475749492645264,-0.25831252336502075,0.4422595798969269
1789225137187583700,38.66758374023438,-0.2566540539264679,-0.18549548089504242,-0.14288966357707977
1789225137197621800,38.67762182617187,-0.22879767417907715,-0.10351353138685226,-0.42187070846557617
1789225137207660800,38.68766088867188,-0.2104831486940384,-0.09996537864208221,0.11256686598062515
1789225137217698800,38.69769873046875,-0.2521645724773407,-0.25381219387054443,-0.115721695125103
1789225137227737600,38.70773754882813,-0.30254971981048584,-0.16061311960220337,-0.5057439208030701
1789225137237776000,38.71777587890625,-0.360511839389801,-0.2816588580608368,0.18379883468151093
1789225137247814700,38.72781469726562,-0.3874114751815796,-0.39656203985214233,0.6962088942527771
1789225137257852700,38.737852783203124,-0.3924640417098999,-0.2118355929851532,0.2582603394985199
1789225137267892000,38.74789208984375,-0.36204421520233154,-0.3241535425186157,0.09603135287761688
1789225137277930000,38.757929931640625,-0.35534343123435974,-0.5311376452445984,0.5744394659996033
1789225137287968800,38.76796875,-0.3407922089099884,-0.6778889894485474,0.1993532031774521
1789225137298007000,38.778007080078126,-0.4036521315574646,-0.22407940030097961,-0.2873663604259491
1789225137308045800,38.7880458984375,-0.4037684202194214,-0.4217393696308136,0.12467975169420242
1789225137318084000,38.798083984375,-0.3446659445762634,-0.6558536291122437,0.09033536165952682
1789225137328123000,38.808122802734374,-0.4177102744579315,-0.3594958782196045,-0.44743606448173523
1789225137338161000,38.818160888671876,-0.44083264470100403,-0.4826740026473999,-0.29243290424346924
1789225137348200000,38.828199951171875,-0.4265340566635132,-0.6567108631134033,0.16311588883399963
1789225137358238000,38.83823803710938,-0.43857342004776,-0.6054383516311646,-0.23095816373825073
1789225137368276700,38.84827685546875,-0.44055697321891785,-0.2200504094362259,-0.6199710369110107
1789225137378315000,38.85831494140625,-0.3598261773586273,-0.3731566071510315,0.13075757026672363
1789225137388353800,38.868353759765625,-0.22960922122001648,-0.6164702773094177,0.49994200468063354
1789225137398392000,38.87839208984375,-0.2491578906774521,-0.1753416657447815,0.03936612606048584
1789225137408431000,38.88843115234375,-0.3074302077293396,-0.22483791410923004,0.28214210271835327
1789225137418468900,38.89846875,-0.3053441643714905,-0.5546160936355591,0.792340099811554
1789225137428508200,38.90850805664063,-0.35424721240997314,-0.4027555286884308,0.5639712810516357
1789225137438546000,38.9185458984375,-0.30188944935798645,-0.5543538331985474,-0.12269097566604614
1789225137448584000,38.928583984375,-0.22093242406845093,-0.38630297780036926,-0.6223276257514954
1789225137458623000,38.938623046875,-0.1862569898366928,-0.40387478470802307,0.08395494520664215
1789225137468660700,38.94866064453125,-0.12130419909954071,-0.5560423135757446,0.22890542447566986
1789225137478700000,38.95869995117187,-0.17833499610424042,-0.22991320490837097,-0.2096644788980484
1789225137488737800,38.96873779296875,-0.15461885929107666,-0.2388857752084732,-0.2663140594959259
1789225137498776800,38.97877685546875,-0.14350175857543945,-0.3623941242694855,-0.14794589579105377
1789225137508815000,38.988815185546876,-0.20960313081741333,-0.22252871096134186,-0.4207698404788971
1789225137518854000,38.99885400390625,-0.08066405355930328,-0.4355432391166687,-0.47566744685173035
1789225137528892200,39.00889208984375,0.010064407251775265,-0.5251707434654236,-0.22737251222133636
1789225137538931000,39.018930908203124,0.026705969125032425,-0.3165382146835327,-0.08429711312055588
1789225137548969000,39.02896899414063,-0.003663675393909216,-0.001044195843860507,0.05244731158018112
1789225137559008000,39.039008056640625,-0.047417547553777695,0.27082568407058716,0.6642534732818604
1789225137569046000,39.0490458984375,-0.02392408810555935,0.03006298653781414,0.531765341758728
1789225137579084800,39.059084716796875,0.1147690862417221,-0.1272701770067215,-0.03817296028137207
1789225137589123000,39.069123046875,0.225737527012825,-0.00008279969915747643,-0.7776466012001038
1789225137599161900,39.079161865234376,0.15981683135032654,0.16445688903331757,-0.014101277105510235
1789225137609200000,39.0892001953125,0.1830485463142395,-0.12505047023296356,0.7097958922386169
1789225137619239000,39.09923901367188,0.11131736636161804,0.03462335094809532,0.272514671087265
1789225137629277000,39.10927685546875,0.05453207716345787,0.21553350985050201,-0.06987541913986206
1789225137639316000,39.11931591796875,0.15206795930862427,0.0659962147474289,-0.16002263128757477
1789225137649354000,39.12935400390625,0.19826659560203552,0.20886997878551483,-0.2853502929210663
1789225137659392800,39.13939282226563,0.30649158358573914,0.23690614104270935,-0.22419212758541107
1789225137669431000,39.14943115234375,0.3725498914718628,0.22018706798553467,-0.028988590463995934
1789225137679469800,39.1594697265625,0.36579132080078125,0.27540186047554016,-0.10878515243530273
1789225137689507800,39.1695078125,0.2868686616420746,0.22814221680164337,-0.05059352144598961
1789225137699545900,39.1795458984375,0.19912521541118622,0.081733338534832,0.15860603749752045
1789225137709585000,39.1895849609375,0.15442290902137756,0.08626385033130646,-0.23238591849803925
1789225137719623000,39.199622802734375,0.08746438473463058,0.15869304537773132,-0.3482283353805542
1789225137729662000,39.209661865234374,0.08507267385721207,0.09836827218532562,0.12254169583320618
1789225137739700000,39.219699951171876,0.14389444887638092,0.07152467221021652,0.2987917959690094
1789225137749739000,39.229739013671875,0.17508167028427124,0.18112418055534363,0.15288691222667694
1789225137759776800,39.23977685546875,0.20234711468219757,0.2536172866821289,0.1637243926525116
1789225137769815800,39.24981591796875,0.1933698058128357,0.14936719834804535,0.1713913083076477
1789225137779853800,39.259853759765626,0.19843195378780365,0.131537064909935,-0.14936859905719757
1789225137789892900,39.269892822265625,0.1307116001844406,0.12252483516931534,-0.4130028188228607
1789225137799931100,39.27993115234375,0.029937319457530975,0.19853542745113373,-0.035550862550735474
1789225137809970000,39.289969970703126,0.030709004029631615,0.10230547934770584,0.3126395344734192
1789225137820008000,39.30000805664063,0.09079711139202118,0.10394944995641708,0.12211459875106812
1789225137830047000,39.310046875,0.20643723011016846,0.1935683637857437,-0.3332514464855194
1789225137840085000,39.3200849609375,0.20757625997066498,0.017171500250697136,-0.30333587527275085
1789225137850123800,39.330123779296876,0.10110415518283844,0.05400682985782623,0.2568749785423279
1789225137860162000,39.340162109375,-0.0011417869245633483,0.07989168912172318,0.46191468834877014
1789225137870200800,39.35020092773438,-0.026372291147708893,0.11642565578222275,0.0037944107316434383
1789225137880239000,39.36023901367187,0.08210837841033936,0.19340725243091583,-0.5503494739532471
1789225137890278000,39.37027783203125,0.13874351978302002,-0.017247365787625313,-0.23837581276893616
1789225137900316000,39.38031591796875,0.16894936561584473,-0.0295727401971817,0.2416752129793167
1789225137910355000,39.39035498046875,0.08317527174949646,0.13197638094425201,0.03108268231153488
1789225137920393000,39.40039306640625,-0.03440835326910019,0.08623126894235611,-0.17286406457424164
1789225137930431700,39.410431640625,-0.050200045108795166,-0.2381880283355713,-0.2859887182712555
1789225137940470000,39.420469970703124,-0.08340460807085037,-0.21324114501476288,-0.46101564168930054
1789225137950507800,39.4305078125,-0.1100236102938652,-0.08027711510658264,0.03355570510029793
1789225137960547000,39.440547119140625,-0.027534859254956245,-0.1481107622385025,0.5200116634368896
1789225137970584800,39.450584716796875,0.03045756369829178,-0.09230950474739075,0.30465298891067505
1789225137980624000,39.460623779296874,0.08598820120096207,-0.04835003614425659,-0.27060338854789734
1789225137990662000,39.470661865234376,-0.009843973442912102,-0.15882323682308197,-0.12521401047706604
1789225138000701000,39.480700927734375,-0.07787469029426575,-0.12481892853975296,0.7151570916175842
1789225138010739000,39.49073901367188,-0.04459267109632492,-0.33824554085731506,0.37293803691864014
1789225138020778000,39.500778076171876,-0.05998068302869797,0.0006502280011773109,-0.24774840474128723
1789225138030815700,39.51081567382813,-0.0472547672688961,-0.23468799889087677,-0.08520396798849106
1789225138040855000,39.52085498046875,-0.04691947624087334,-0.2660842537879944,0.2391117960214615
1789225138050892800,39.53089282226563,-0.06106744334101677,-0.09322241693735123,0.03253193944692612
1789225138060931800,39.54093188476563,0.013631563633680344,-0.05798959732055664,-0.10557879507541656
1789225138070970000,39.55097021484375,0.138252392411232,-0.10733069479465485,-0.08836344629526138
1789225138081009000,39.5610087890625,0.1571459174156189,0.04137728735804558,-0.13618183135986328
1789225138091047200,39.57104711914062,0.14776165783405304,0.051345713436603546,-0.14863073825836182
1789225138101086000,39.5810859375,0.13308711349964142,-0.0705208033323288,-0.08648800849914551
1789225138111124000,39.5911240234375,0.12463660538196564,-0.02492375858128071,-0.06384147703647614
1789225138121163000,39.6011630859375,0.1191566213965416,0.034495625644922256,-0.05575398728251457
1789225138131201000,39.61120092773437,0.14825430512428284,0.10534282773733139,0.004199870862066746
1789225138141239800,39.62123974609375,0.19819097220897675,0.07785207778215408,0.06271377950906754
1789225138151278000,39.631278076171874,0.23764650523662567,0.20014126598834991,-0.14628693461418152
1789225138161315800,39.64131591796875,0.2694965600967407,0.296238511800766,-0.07967647165060043
1789225138171355100,39.651355224609375,0.3290095925331116,0.19059032201766968,0.35584956407546997
1789225138181393000,39.661392822265626,0.44453325867652893,0.041425611823797226,-0.04705210030078888
1789225138191432000,39.671431884765624,0.4312674403190613,0.3039388656616211,-0.37524548172950745
1789225138201470000,39.68146997070313,0.4846150875091553,0.28394147753715515,-0.2455950677394867
1789225138211509000,39.691509033203126,0.45492857694625854,0.4676327407360077,0.12710048258304596
1789225138221547000,39.70154711914063,0.4746341109275818,0.5398299694061279,-0.08456091582775116
1789225138231586000,39.7115859375,0.5653424263000488,0.7886035442352295,-0.4655320346355438
1789225138241623800,39.72162377929688,0.5745031833648682,0.7820228934288025,-0.27032288908958435
1789225138251662800,39.731662841796876,0.5632560849189758,0.6306144595146179,0.11204002797603607
1789225138261700900,39.74170092773438,0.5488556027412415,0.6471068859100342,-0.009354040957987309
1789225138271740400,39.75174047851562,0.5234473943710327,0.7121601700782776,0.23055556416511536
1789225138281778400,39.7617783203125,0.6267154812812805,0.47881028056144714,0.30855289101600647
1789225138291817500,39.7718173828125,0.6250326633453369,0.7466753125190735,-0.15731410682201385
1789225138301855200,39.78185522460937,0.5821486115455627,0.7743221521377563,0.08647672086954117
1789225138311894500,39.79189453125,0.6155730485916138,0.6686273813247681,0.3842710852622986
1789225138321932500,39.8019326171875,0.5640171766281128,0.9571638107299805,0.24204735457897186
1789225138331971300,39.81197143554687,0.5264854431152344,1.1831291913986206,0.15890386700630188
1789225138342009600,39.822009521484375,0.5645098090171814,0.9453131556510925,-0.018588881939649582
1789225138352047400,39.83204736328125,0.6205122470855713,0.7791239023208618,-0.1612536907196045
1789225138362086700,39.842086669921876,0.5995430946350098,0.5904338955879211,-0.5385785698890686
1789225138372124400,39.85212451171875,0.3797212839126587,0.5103755593299866,-0.3030596077442169
1789225138382163500,39.86216357421875,0.3563440442085266,0.41866612434387207,-0.003339739516377449
1789225138392201500,39.87220141601563,0.3836277425289154,0.3157185912132263,-0.38598066568374634
1789225138402240500,39.88224047851563,0.3573434054851532,0.6037213802337646,-0.5472071170806885
1789225138412278500,39.89227856445312,0.3487047255039215,0.5724963545799255,-0.2359173744916916
1789225138422317600,39.90231762695313,0.24435248970985413,0.6078434586524963,0.1550232172012329
1789225138432355300,39.91235522460938,0.17539997398853302,0.6499963998794556,-0.017157742753624916
1789225138442394400,39.92239428710938,0.06307636201381683,0.6108050346374512,-0.25072628259658813
1789225138452432400,39.93243237304687,-0.049592275172472,0.39858558773994446,0.16340447962284088
1789225138462471400,39.94247143554688,-0.1431587040424347,0.1610901951789856,0.7462793588638306
1789225138472509400,39.95250952148437,-0.13738463819026947,0.07241926342248917,0.5828482508659363
1789225138482548500,39.96254858398437,-0.15303575992584229,-0.06602516025304794,0.33846938610076904
1789225138492586500,39.97258642578125,-0.13538023829460144,-0.2517913579940796,0.3506813049316406
1789225138502625500,39.98262548828125,-0.22692640125751495,-0.11255677044391632,0.48601970076560974
1789225138512663300,39.99266333007812,-0.3350556194782257,0.12498223781585693,0.2206391841173172
1789225138522702300,40.00270239257812,-0.38309744000434875,0.17801164090633392,0.11241071671247482
1789225138532740400,40.012740234375,-0.3704541325569153,-0.0030667083337903023,0.04816039279103279
1789225138542779400,40.022779296875,-0.31902530789375305,-0.08068400621414185,-0.3593525290489197
1789225138552817400,40.0328173828125,-0.3842599093914032,-0.20728477835655212,-0.4242108464241028
1789225138562855400,40.04285546875,-0.39723244309425354,-0.4567452073097229,0.03173831105232239
1789225138572894200,40.052894287109375,-0.4297938048839569,-0.5050250887870789,0.19110624492168427
1789225138582932500,40.06293237304688,-0.4611855447292328,-0.4068966805934906,-0.2720448970794678
1789225138592971300,40.07297119140625,-0.4805695414543152,-0.3919362425804138,-0.5655468106269836
1789225138603009500,40.08300952148438,-0.5503294467926025,-0.3944113850593567,0.17153730988502502
1789225138613048600,40.09304858398438,-0.5246932506561279,-0.47443610429763794,0.3310885727405548
1789225138623086300,40.10308642578125,-0.5060721635818481,-0.1524021327495575,0.02570575848221779
1789225138633125600,40.11312573242188,-0.36048078536987305,-0.32001322507858276,0.055504634976387024
1789225138643163400,40.12316333007813,-0.33171889185905457,-0.389485239982605,0.2015039175748825
1789225138653202400,40.13320239257813,-0.39570021629333496,-0.40807610750198364,0.20855122804641724
1789225138663240400,40.14324047851562,-0.5354482531547546,-0.42491263151168823,0.49839264154434204
1789225138673279500,40.15327954101563,-0.5732167959213257,-0.6002438068389893,0.34447723627090454
1789225138683317500,40.1633173828125,-0.47986260056495667,-0.4553731381893158,-0.28300344944000244
1789225138693356500,40.1733564453125,-0.45562347769737244,-0.4042498767375946,-0.40028679370880127
1789225138703394300,40.18339428710937,-0.43279245495796204,-0.4972975254058838,0.3290121555328369
1789225138713433600,40.19343359375,-0.3793239891529083,-0.47986677289009094,0.2544510066509247
1789225138723471400,40.203471435546874,-0.3382284939289093,-0.2376037985086441,-0.24929921329021454
1789225138733509600,40.213509521484376,-0.25128844380378723,-0.33096882700920105,-0.23852241039276123
1789225138743548400,40.22354833984375,-0.23320052027702332,-0.3448241651058197,-0.06374873220920563
1789225138753586400,40.23358642578125,-0.21852372586727142,-0.29772651195526123,-0.4392252266407013
1789225138763625500,40.24362548828125,-0.316349595785141,-0.17163459956645966,-0.31054821610450745
1789225138773663500,40.25366357421875,-0.34046852588653564,-0.3569656014442444,0.32307106256484985
1789225138783702300,40.263702392578125,-0.3522878885269165,-0.3717226982116699,0.19035910069942474
1789225138793740500,40.27374047851563,-0.3270888924598694,-0.10340782254934311,-0.21914692223072052
1789225138803779300,40.283779296875,-0.20840981602668762,-0.30824336409568787,0.05966490879654884
1789225138813817600,40.29381762695313,-0.13530747592449188,-0.31235167384147644,0.4416082203388214
1789225138823856400,40.3038564453125,-0.15068402886390686,-0.17718373239040375,0.1382448673248291
1789225138833894400,40.31389428710938,-0.0942934975028038,0.043213121592998505,-0.44216394424438477
1789225138843933400,40.323933349609376,-0.13784337043762207,-0.08235252648591995,-0.20419104397296906
1789225138853971500,40.33397143554687,-0.15801510214805603,-0.24888157844543457,0.4210190176963806
1789225138864010200,40.34401025390625,-0.17902052402496338,-0.1609346717596054,0.24873432517051697
1789225138874048500,40.35404858398437,-0.17810168862342834,-0.031584322452545166,-0.10466613620519638
1789225138884087300,40.36408740234375,-0.07043860852718353,-0.3469225764274597,-0.09318365156650543
1789225138894125600,40.37412548828125,-0.04493327438831329,-0.4246107339859009,-0.10370004922151566
1789225138904163300,40.384163330078124,-0.04985905438661575,-0.3124817907810211,-0.5582188367843628
1789225138914202400,40.39420239257812,-0.1365199089050293,-0.11427152156829834,-0.3449600636959076
1789225138924240400,40.404240478515625,-0.12943483889102936,-0.14339958131313324,0.211175337433815
1789225138934279400,40.414279541015624,-0.13237136602401733,-0.07770881056785583,0.12556031346321106
1789225138944317400,40.4243173828125,-0.11525150388479233,0.1753476858139038,-0.21796776354312897
1789225138954356500,40.4343564453125,-0.034280043095350266,-0.07302191853523254,-0.19624359905719757
1789225138964394200,40.444394287109375,-0.043192312121391296,-0.283986359834671,0.27953946590423584
1789225138974433500,40.45443359375,-0.06583462655544281,-0.2324521839618683,0.027997855097055435
1789225138984471300,40.46447119140625,-0.1311023086309433,-0.05412852391600609,-0.07952993363142014
1789225138994510300,40.47451025390625,-0.10878562182188034,-0.1625421643257141,0.4771142601966858
1789225139004548600,40.48454858398438,-0.08018939942121506,-0.21082980930805206,0.6018559336662292
1789225139014587400,40.49458740234375,-0.0786886140704155,0.06071249395608902,0.09569825232028961
1789225139024625700,40.50462573242187,-0.0240248441696167,-0.05511423945426941,-0.10355386883020401
1789225139034664400,40.51466455078125,0.019771456718444824,-0.2539408802986145,0.11931025236845016
1789225139044702500,40.52470239257813,-0.0009146479424089193,-0.007922323420643806,0.28216999769210815
1789225139054741500,40.53474145507813,-0.00013603782281279564,0.1290474236011505,-0.21055559813976288
1789225139064779500,40.54477954101562,0.03760441765189171,0.02457054890692234,-0.8542373776435852
1789225139074817500,40.554817626953124,-0.009298131801187992,-0.04228229075670242,-0.49919283390045166
1789225139084856600,40.56485668945312,-0.005916982423514128,-0.12883023917675018,0.18334899842739105
1789225139094894300,40.57489428710937,0.014224217273294926,-0.09180940687656403,-0.08554676175117493
1789225139104933400,40.58493334960937,0.07712408155202866,-0.002943451749160886,-0.390765517950058
1789225139114971400,40.594971435546874,0.11186455190181732,0.0660296231508255,0.1848650723695755
1789225139125010400,40.60501049804687,0.05352934077382088,0.023398801684379578,0.22830016911029816
1789225139135048400,40.61504833984375,0.07247261703014374,0.13154827058315277,-0.25542011857032776
1789225139145087500,40.62508740234375,-0.016608787700533867,0.16717417538166046,-0.20021919906139374
1789225139155125500,40.63512548828125,-0.026753021404147148,0.01556129939854145,0.5373345017433167
1789225139165164500,40.64516455078125,0.04759417846798897,-0.07019194960594177,0.3871023654937744
1789225139175202300,40.655202392578126,0.09425806254148483,-0.07041090726852417,0.013370232656598091
1789225139185241300,40.665241455078124,0.18160869181156158,-0.11376877129077911,-0.05402372032403946
1789225139195279400,40.675279296875,0.16596274077892303,-0.1380891501903534,-0.4019168019294739
1789225139205318400,40.685318359375,-0.03568170592188835,0.1650901585817337,-0.6296229362487793
1789225139215356400,40.6953564453125,-0.18717089295387268,0.12957876920700073,-0.024523306638002396
1789225139225395500,40.7053955078125,-0.15067678689956665,-0.03370123356580734,0.25882959365844727
1789225139235433200,40.71543310546875,-0.05721133574843407,0.1913190484046936,-0.04292471706867218
1789225139245471500,40.72547143554687,0.13685667514801025,0.10313379764556885,-0.4934042692184448
1789225139255510300,40.73551025390625,0.23532521724700928,-0.06514476984739304,0.02316526509821415
1789225139265548300,40.74554833984375,0.1255318522453308,0.012662142515182495,0.8041665554046631
1789225139275587300,40.75558740234375,0.06470676511526108,0.023982085287570953,0.45875316858291626
1789225139285625300,40.76562524414062,-0.11070659756660461,0.011044181883335114,-0.25116169452667236
1789225139295664400,40.77566430664063,-0.19260236620903015,-0.19087252020835876,-0.021152526140213013
1789225139305702100,40.7857021484375,-0.15364831686019897,-0.15518082678318024,0.6116877794265747
1789225139315741200,40.7957412109375,-0.09639842808246613,0.022056300193071365,0.4250527620315552
1789225139325779200,40.805779296875,0.0055409870110452175,0.026552516967058182,0.0250925924628973
1789225139335818200,40.815818359375,0.12207134068012238,0.014177786186337471,-0.21095943450927734
1789225139345856300,40.825856201171874,0.026809806004166603,-0.012686850503087044,0.008852551691234112
1789225139355895300,40.83589526367187,-0.028851516544818878,-0.004555373452603817,-0.2140633910894394
1789225139365933000,40.84593310546875,-0.12675784528255463,0.0025968116242438555,-0.18465037643909454
1789225139375972400,40.855972412109374,-0.06525976955890656,-0.1312292516231537,-0.13646644353866577
1789225139386010000,40.866010009765624,-0.03075452707707882,-0.08928819745779037,-0.3447754383087158
1789225139396048400,40.87604833984375,0.020093243569135666,-0.045947153121232986,-0.569728672504425
1789225139406087200,40.886087158203125,0.02607683278620243,0.0013276811223477125,-0.14701895415782928
1789225139416125200,40.89612524414063,-0.015473154373466969,0.17610254883766174,0.4348883032798767
1789225139426164500,40.90616455078125,-0.009441360831260681,0.17013521492481232,0.14588767290115356
1789225139436202200,40.9162021484375,0.08000746369361877,0.1587328016757965,-0.3940989375114441
1789225139446241300,40.9262412109375,0.04376397281885147,0.0977322906255722,-0.1487022191286087
1789225139456279300,40.936279296875,0.038338009268045425,-0.027891764417290688,0.5304670333862305
1789225139466318300,40.946318359375,0.03154721483588219,-0.02789842151105404,0.41046178340911865
1789225139476356400,40.9563564453125,0.07158654928207397,-0.022911569103598595,-0.23623552918434143
1789225139486395400,40.9663955078125,0.06711404025554657,0.10686346888542175,-0.32704827189445496
1789225139496433200,40.97643310546875,0.04245111718773842,0.036601196974515915,-0.43438786268234253
1789225139506472400,40.98647241210937,-0.025264546275138855,0.2733333110809326,-0.33993592858314514
1789225139516510200,40.99651025390625,0.011504024267196655,0.29640987515449524,0.09954458475112915
1789225139526548500,41.006548583984376,0.1769672930240631,0.24184384942054749,0.09366326034069061
1789225139536587300,41.01658715820312,0.2787334620952606,0.3882962465286255,-0.03493236377835274
1789225139546625300,41.026625244140625,0.263505220413208,0.23637065291404724,0.041994642466306686
1789225139556664300,41.036664306640624,0.13991554081439972,0.07464348524808884,0.41896146535873413
1789225139566702300,41.046702392578126,-0.04846635460853577,0.038165897130966187,0.5375179648399353
1789225139576741000,41.0567412109375,-0.15849806368350983,0.11786197870969772,0.4461265206336975
1789225139586779400,41.066779296875,-0.18741919100284576,0.19886335730552673,0.5534926056861877
1789225139596818200,41.076818115234374,-0.04600415378808975,-0.01291229110211134,0.36106258630752563
1789225139606856400,41.0868564453125,0.06227465346455574,-0.022410456091165543,0.2994426190853119
1789225139616895200,41.096895263671875,0.11072438210248947,-0.0027229017578065395,0.10219880938529968
1789225139626933200,41.10693334960938,0.11729972809553146,-0.11239293962717056,-0.16338518261909485
1789225139636972300,41.11697216796875,0.09681077301502228,0.030338158831000328,-0.22079366445541382
1789225139647010300,41.12701025390625,0.09265650808811188,0.17554089426994324,-0.7157650589942932
1789225139657049000,41.137049072265626,0.05787264183163643,0.2996620237827301,-0.6307666897773743
1789225139667087400,41.14708740234375,0.011928852647542953,0.3402464687824249,-0.025127075612545013
1789225139677125000,41.157125,0.05799710750579834,0.4005328118801117,0.04219823330640793
1789225139687164400,41.16716430664062,0.09675968438386917,-0.15476210415363312,-0.1998538225889206
1789225139697202200,41.1772021484375,0.09506916254758835,-0.2957735061645508,-0.707865834236145
1789225139707241200,41.1872412109375,-0.010679107159376144,-0.03402738273143768,-0.34687116742134094
1789225139717279200,41.197279296875,-0.09296627342700958,-0.1024261862039566,0.6672383546829224
1789225139727318300,41.207318359375,-0.06677968055009842,-0.4106151759624481,0.5105108022689819
1789225139737356300,41.217356201171874,-0.045778919011354446,0.15502069890499115,-0.18031851947307587
1789225139747395300,41.22739526367187,0.023990575224161148,0.13479718565940857,-0.13356034457683563
1789225139757433000,41.23743310546875,0.013752510771155357,0.0769651010632515,0.424826443195343
1789225139767472400,41.247472412109374,0.05058562755584717,0.09595956653356552,0.04101672023534775
1789225139777510100,41.25751025390625,-0.029742848128080368,0.2338014394044876,-0.2157568782567978
1789225139787549200,41.26754907226562,-0.03858587518334389,0.009468470700085163,0.11157705634832382
1789225139797587200,41.277587158203126,-0.02761027216911316,-0.11346268653869629,0.015009352006018162
1789225139807626200,41.287626220703125,-0.0562504380941391,-0.036054451018571854,-0.1077439934015274
1789225139817664500,41.29766455078125,-0.009294754825532436,-0.09489118307828903,0.007577379234135151
1789225139827702300,41.30770239257812,0.011132489889860153,-0.13207289576530457,-0.020854527130723
1789225139837741300,41.3177412109375,-0.003934869077056646,-0.016353536397218704,-0.16483449935913086
1789225139847779300,41.327779296875,-0.06790506839752197,0.09219451248645782,0.13047756254673004
1789225139857818400,41.337818359375,-0.07161622494459152,-0.0026958268135786057,0.2531624436378479
1789225139867856400,41.3478564453125,-0.05482073873281479,0.0322704091668129,-0.17328663170337677
1789225139877895400,41.3578955078125,-0.1290682852268219,0.14556080102920532,0.06278346478939056
1789225139887933200,41.36793310546875,-0.1251121610403061,-0.059930309653282166,0.6285722851753235
1789225139897972200,41.37797216796875,-0.08528880774974823,-0.13772036135196686,0.4824216961860657
1789225139908010200,41.38801025390625,-0.056193504482507706,-0.266501784324646,0.0253731869161129
1789225139918049300,41.39804931640625,-0.07933247089385986,-0.4163617193698883,-0.38540393114089966
1789225139928087300,41.40808740234375,-0.17369864881038666,-0.32673701643943787,0.12278099358081818
1789225139938126300,41.41812622070312,-0.21466760337352753,-0.2465076446533203,0.2216508835554123
1789225139948164400,41.428164306640625,-0.263216495513916,0.056989915668964386,-0.14313320815563202
1789225139958202400,41.43820239257813,-0.16362866759300232,0.07044554501771927,-0.15360209345817566
1789225139968241200,41.4482412109375,-0.07606925070285797,-0.09901992231607437,-0.10877151042222977
1789225139978279400,41.45827954101563,0.025764023885130882,-0.1641300767660141,-0.3193370997905731
1789225139988318200,41.468318115234375,-0.017001284286379814,-0.19892162084579468,-0.2176128625869751
1789225139998356200,41.47835620117188,-0.11479317396879196,-0.2623317837715149,0.21414443850517273
1789225140008395300,41.488395263671876,-0.21437542140483856,-0.3647492527961731,0.11358720809221268
1789225140018433300,41.49843334960938,-0.29533353447914124,-0.4987930655479431,-0.36438658833503723
1789225140028472000,41.50847216796875,-0.3053818941116333,-0.643980085849762,-0.3167298436164856
1789225140038510300,41.51851025390625,-0.2870505750179291,-0.45129263401031494,0.3830872178077698
1789225140048549000,41.528549072265626,-0.23822814226150513,-0.33419209718704224,0.1863435059785843
1789225140058587400,41.53858740234375,-0.08622583746910095,-0.10429789870977402,-0.4162997305393219
1789225140068626200,41.54862622070313,-0.04350399598479271,-0.08010414987802505,-0.5455443859100342
1789225140078664200,41.55866430664062,-0.1545461267232895,-0.13337190449237823,0.09636670351028442
1789225140088702200,41.5687021484375,-0.2154076248407364,-0.14647892117500305,0.37574827671051025
1789225140098741200,41.5787412109375,-0.19440719485282898,-0.1277020275592804,-0.03304682672023773
1789225140108779300,41.588779296875,-0.16229720413684845,-0.3055857717990875,-0.1569485366344452
1789225140118818300,41.598818359375,-0.1280864179134369,-0.5595592856407166,0.23377898335456848
1789225140128856000,41.60885595703125,-0.18451426923274994,-0.5462677478790283,0.16097882390022278
1789225140138895400,41.618895263671874,-0.2887864410877228,-0.4159253239631653,0.1565391570329666
1789225140148933000,41.62893310546875,-0.2971666157245636,-0.4633977711200714,0.30893591046333313
1789225140158972200,41.63897216796875,-0.2281203418970108,-0.32840991020202637,0.19344131648540497
1789225140169010200,41.64901025390625,-0.14058968424797058,-0.21135440468788147,0.13683690130710602
1789225140179049200,41.65904931640625,-0.03788628429174423,-0.09289442747831345,0.29219627380371094
1789225140189087500,41.66908740234375,0.06097158417105675,-0.019985603168606758,0.32478058338165283
1789225140199125200,41.67912524414062,0.1590500921010971,-0.08260441571474075,-0.2226509004831314
1789225140209164300,41.68916430664063,0.12593582272529602,-0.056078799068927765,-0.8184330463409424
1789225140219202300,41.69920239257812,-0.017632199451327324,-0.07782883197069168,-0.2502725422382355
1789225140229241300,41.70924145507813,-0.026549527421593666,-0.3035293519496918,0.6245888471603394
1789225140239279400,41.719279296875,0.03300362825393677,-0.23803271353244781,0.3197364807128906
1789225140249318400,41.729318359375,0.13288947939872742,-0.061179909855127335,-0.15610569715499878
1789225140259356200,41.73935620117187,0.23479804396629333,-0.12577585875988007,-0.2232871949672699
1789225140269395000,41.74939501953125,0.11500240117311478,0.18330608308315277,0.2047450989484787
1789225140279432700,41.7594326171875,0.016441907733678818,0.2516661584377289,0.34250158071517944
1789225140289471700,41.7694716796875,0.04433319345116615,-0.025512460619211197,0.0588083453476429
1789225140299509800,41.779509765625,0.13793186843395233,-0.27161872386932373,-0.4097791910171509
1789225140309548800,41.789548828125,0.1870299130678177,-0.2665856182575226,-0.306061327457428
1789225140319586800,41.7995869140625,0.21598181128501892,-0.09179729968309402,0.03146427497267723
1789225140329624800,41.809624755859375,0.20688365399837494,-0.010095244273543358,-0.054067134857177734
1789225140339663600,41.81966357421875,0.18346230685710907,-0.04194824397563934,-0.547422468662262
1789225140349702000,41.829701904296876,0.12394624948501587,0.0774654969573021,-0.713373064994812
1789225140359740700,41.83974072265625,0.061706818640232086,0.07743513584136963,-0.13659703731536865
1789225140369779000,41.84977905273438,0.06847870349884033,0.03918948397040367,0.2945362329483032
1789225140379817700,41.859817626953124,0.06201798468828201,0.243462473154068,0.13712449371814728
1789225140389855700,41.869855712890626,0.09895336627960205,0.27966228127479553,0.18427309393882751
1789225140399894800,41.879894775390625,0.13417768478393555,0.0024872170761227608,0.39421704411506653
1789225140409932800,41.88993286132813,0.1845649629831314,-0.0535651296377182,0.21405497193336487
1789225140419971600,41.8999716796875,0.11847812682390213,0.10270068049430847,0.36036935448646545
1789225140430009900,41.910009765625,0.14279891550540924,-0.0296283308416605,0.6911211609840393
1789225140440048600,41.920048583984375,0.16974636912345886,-0.0613100491464138,0.37593623995780945
1789225140450087000,41.9300869140625,0.1296791136264801,0.06821998208761215,-0.10428790748119354
1789225140460124700,41.94012475585937,0.07547634840011597,-0.07901949435472488,0.10310320556163788
1789225140470163700,41.95016381835938,0.024793194606900215,-0.2858427166938782,-0.0591549426317215
1789225140480201700,41.96020166015625,-0.08861378580331802,0.12733127176761627,-0.41635650396347046
1789225140490240800,41.97024072265625,-0.11844305694103241,0.13774636387825012,-0.6012360453605652
1789225140500278800,41.98027880859375,0.012477554380893707,-0.004783480428159237,-0.4139552712440491
1789225140510317800,41.99031787109375,0.22202572226524353,-0.20769637823104858,-0.005318777170032263
1789225140520355600,42.00035546875,0.4095304608345032,-0.3051812946796417,0.07683002203702927
1789225140530395000,42.01039477539062,0.3826815187931061,0.3365241587162018,0.05188100039958954
1789225140540432600,42.0204326171875,0.27579450607299805,0.6854570508003235,0.2709232568740845
1789225140550471700,42.0304716796875,0.22923073172569275,0.20542684197425842,-0.1243516281247139
1789225140560509700,42.040509765625,0.09032537788152695,-0.035710014402866364,-0.661748468875885
1789225140570547700,42.050547607421876,-0.006549505051225424,-0.027975130826234818,-0.3027932345867157
1789225140580586800,42.060586669921875,0.047890555113554,-0.027087319642305374,0.6374179124832153
1789225140590624800,42.07062475585938,0.1939566731452942,-0.10653261095285416,0.3799424469470978
1789225140600663600,42.08066357421875,0.34143951535224915,0.15048334002494812,-0.09744271636009216
1789225140610701800,42.09070190429688,0.33134374022483826,0.09775993973016739,0.08184980601072311
1789225140620740900,42.10074096679688,0.18304939568042755,0.12768356502056122,-0.054119009524583817
1789225140630779000,42.11077880859375,-0.018923413008451462,0.34344595670700073,-0.06044028699398041
1789225140640818000,42.12081787109375,-0.005191082134842873,0.1897333264350891,0.468440443277359
1789225140650855700,42.13085571289062,0.17761175334453583,0.116109699010849,0.35436660051345825
1789225140660895000,42.14089501953125,0.41399168968200684,0.2861136496067047,-0.21619541943073273
1789225140670932700,42.1509326171875,0.5538603663444519,-0.05501571297645569,-0.4588157832622528
1789225140680970800,42.160970703125,0.4343253970146179,-0.04183817282319069,0.24522650241851807
1789225140691009800,42.171009765625,0.20528291165828705,0.14248239994049072,-0.1585819572210312
1789225140701047600,42.181047607421874,-0.023714153096079826,0.33849677443504333,-0.4997960031032562
1789225140711086800,42.1910869140625,-0.016415493562817574,0.1872822344303131,-0.015835432335734367
1789225140721124900,42.201124755859375,0.1817176640033722,0.005172214470803738,-0.11204614490270615
1789225140731163600,42.21116357421875,0.3941958248615265,0.4494556784629822,-0.4587588310241699
1789225140741202000,42.221201904296876,0.5262848138809204,0.3741852045059204,-0.09300089627504349
1789225140751240700,42.23124072265625,0.491026908159256,0.26468536257743835,0.5388857126235962
1789225140761279000,42.24127905273438,0.3517824709415436,0.3643909692764282,0.3485838770866394
1789225140771317800,42.25131787109375,0.21241553127765656,0.4265406131744385,-0.049821559339761734
1789225140781355800,42.26135571289063,0.04483455792069435,0.3022657632827759,0.02687111124396324
1789225140791393800,42.27139379882812,0.13845932483673096,0.13782382011413574,0.44226083159446716
1789225140801432800,42.28143286132813,0.26208850741386414,0.15187057852745056,0.3402867019176483
1789225140811470800,42.29147094726562,0.32838842272758484,0.3587007224559784,0.029737601056694984
1789225140821510000,42.30151000976562,0.4178120493888855,0.23398515582084656,-0.13397730886936188
1789225140831547600,42.31154760742187,0.338458389043808,0.30972251296043396,-0.3688640892505646
1789225140841587000,42.3215869140625,0.22137193381786346,0.31837785243988037,-0.4093995690345764
1789225140851624700,42.33162475585937,0.16332727670669556,0.2663958668708801,-0.3129372298717499
1789225140861663700,42.34166381835937,0.20471879839897156,0.29699230194091797,-0.16048002243041992
1789225140871701800,42.35170166015625,0.32718080282211304,0.3008783757686615,-0.377000093460083
1789225140881740800,42.36174072265625,0.40582671761512756,0.5442960858345032,-0.41110119223594666
1789225140891778800,42.37177880859375,0.4572451710700989,0.456635981798172,-0.035115037113428116
1789225140901817900,42.38181787109375,0.41518932580947876,0.5514659285545349,0.19785910844802856
1789225140911855600,42.391855712890624,0.33269524574279785,0.5129528641700745,0.23486852645874023
1789225140921894000,42.40189379882813,0.26492932438850403,0.5766850113868713,0.2841816842556
1789225140931932700,42.4119326171875,0.2801189422607422,0.4592960774898529,0.46689799427986145
1789225140941971000,42.42197094726563,0.3361384868621826,0.4544841945171356,0.4205707609653473
1789225140952009700,42.432009765625,0.30643197894096375,0.5795800089836121,0.4570896327495575
1789225140962047700,42.4420478515625,0.35392725467681885,0.4970684349536896,0.011469686403870583
1789225140972086800,42.452086669921876,0.29766398668289185,0.3944389820098877,-0.3796176612377167
1789225140982124800,42.46212475585938,0.25756439566612244,0.340557724237442,-0.17025244235992432
1789225140992163600,42.47216357421875,0.18376898765563965,0.5007100701332092,-0.07977501302957535
1789225141002201900,42.48220190429687,0.22982190549373627,0.6589452624320984,-0.2009684145450592
1789225141012239600,42.49223950195312,0.3591415584087372,0.5844262838363647,-0.21203704178333282
1789225141022279000,42.50227880859375,0.43045443296432495,0.5351768732070923,-0.3843899071216583
1789225141032316700,42.51231665039062,0.4088740348815918,0.5793834924697876,-0.623096227645874
1789225141042355700,42.52235571289062,0.23734919726848602,0.5985229015350342,-0.15052813291549683
1789225141052393700,42.532393798828124,0.09061861038208008,0.4296067953109741,0.5261115431785583
1789225141062432800,42.54243286132812,0.09947788715362549,0.2524679899215698,0.2536792755126953
1789225141072470800,42.552470703125,0.11753156036138535,0.38548359274864197,-0.042535994201898575
1789225141082509800,42.562509765625,0.17344029247760773,0.3067767024040222,0.40526989102363586
1789225141092547600,42.572547607421875,0.17357638478279114,0.3255583941936493,0.6978466510772705
1789225141102586600,42.582586669921874,0.19905279576778412,0.3689414858818054,0.10356716811656952
1789225141112625000,42.592625,0.21655189990997314,0.576034426689148,-0.5686271786689758
1789225141122662700,42.60266259765625,0.07073208689689636,0.5851472616195679,0.020504038780927658
1789225141132702000,42.61270190429688,0.05893721431493759,0.3432512879371643,0.4234086275100708
1789225141142739700,42.62273974609375,0.14454635977745056,0.30417677760124207,-0.17408961057662964
1789225141152778800,42.63277880859375,0.09393217414617538,0.3255600929260254,-0.6495650410652161
1789225141162816800,42.64281665039063,0.012877308763563633,0.35582435131073,-0.047453705221414566
1789225141172855800,42.65285571289063,-0.07349593192338943,0.2466088980436325,0.23182161152362823
1789225141182893800,42.66289379882812,-0.032928332686424255,-0.013369245454668999,-0.2314005047082901
1789225141192932900,42.67293286132813,-0.023731106892228127,-0.02361416071653366,-0.6810115575790405
1789225141202970600,42.682970703125,-0.0417943112552166,0.16412027180194855,0.01776081509888172
1789225141213010000,42.69301000976562,-0.01766180992126465,0.19205816090106964,0.4117267429828644
1789225141223047700,42.70304760742187,0.018545832484960556,0.3578895330429077,0.10261168330907822
1789225141233086000,42.7130859375,0.010693236254155636,0.40202638506889343,-0.01524597592651844
1789225141243124700,42.723124755859374,-0.04728998988866806,0.4032735228538513,0.18883147835731506
1789225141253162800,42.733162841796876,-0.04658158868551254,0.32524237036705017,-0.07245499640703201
1789225141263201800,42.743201904296875,-0.08435866981744766,0.16860489547252655,0.026291552931070328
1789225141273241000,42.753240966796874,-0.09901324659585953,-0.03035905957221985,0.21625003218650818
1789225141283280000,42.76327978515625,-0.1645686775445938,0.009062781929969788,0.22112718224525452
1789225141293318100,42.773318115234375,-0.23798243701457977,0.0006091098766773939,0.21315661072731018
1789225141303357000,42.78335693359375,-0.25677379965782166,-0.10764177143573761,0.05383496731519699
1789225141313395000,42.79339501953125,-0.32333818078041077,0.006245380733162165,0.18046081066131592
1789225141323433000,42.803432861328126,-0.34271788597106934,-0.019598957151174545,0.15960223972797394
1789225141333472000,42.813471923828125,-0.17133067548274994,0.10564365237951279,-0.19738119840621948
1789225141343510000,42.82351000976563,-0.0718536227941513,0.03953999653458595,-0.040387846529483795
1789225141353549000,42.833549072265626,0.002012880053371191,0.039681676775217056,0.4133109450340271
1789225141363586800,42.8435869140625,0.015527931973338127,0.02446712739765644,0.10081794857978821
1789225141373626000,42.85362622070313,-0.11031894385814667,0.20759806036949158,-0.3893727958202362
1789225141383663900,42.86366381835938,-0.30813929438591003,0.2825135290622711,0.02530849725008011
1789225141393703000,42.873702880859376,-0.3762293756008148,0.06661400943994522,0.28961899876594543
1789225141403741000,42.88374096679688,-0.344630628824234,0.06419474631547928,0.019959857687354088
1789225141413780000,42.89378002929688,-0.2121271938085556,-0.060571953654289246,-0.37083184719085693
1789225141423818000,42.90381787109375,-0.06857498735189438,-0.3020513355731964,-0.06838831305503845
1789225141433856000,42.91385595703125,-0.0035802763886749744,-0.25385159254074097,0.45533058047294617
1789225141443894800,42.92389477539062,-0.15506839752197266,0.16346536576747894,0.24477408826351166
1789225141453933000,42.93393310546875,-0.3356962203979492,0.37158235907554626,0.1472187638282776
1789225141463971800,42.94397192382812,-0.3549846112728119,0.1092727854847908,0.13587243854999542
1789225141474010000,42.954010009765625,-0.36518266797065735,-0.0030470993369817734,-0.04254364222288132
1789225141484049000,42.964048828125,-0.23776079714298248,-0.1893003284931183,-0.2750958502292633
1789225141494087000,42.9740869140625,-0.12853418290615082,-0.25847992300987244,0.23184537887573242
1789225141504126000,42.9841259765625,-0.041653651744127274,-0.24789346754550934,0.5243772268295288
1789225141514164000,42.9941640625,-0.11157095432281494,0.03877052292227745,-0.0043438393622636795
1789225141524202000,43.00420190429688,-0.23459585011005402,0.21584837138652802,-0.27059561014175415
1789225141534241000,43.014240966796876,-0.36630165576934814,0.10299930721521378,0.0296797975897789
1789225141544278800,43.02427880859375,-0.3128683865070343,-0.20264334976673126,-0.13340160250663757
1789225141554317800,43.03431787109375,-0.23342736065387726,-0.11897294968366623,-0.4514666497707367
1789225141564355800,43.04435595703125,-0.16403338313102722,-0.060765739530324936,-0.05624895915389061
1789225141574395000,43.05439477539063,-0.13806703686714172,-0.18638092279434204,0.5246365070343018
1789225141584433000,43.06443286132812,-0.12959487736225128,-0.3213658630847931,0.27017033100128174
1789225141594472000,43.07447192382813,-0.18988510966300964,-0.27385959029197693,-0.471275269985199
1789225141604510000,43.08451000976562,-0.29509785771369934,-0.13277846574783325,-0.10363815724849701
1789225141614549000,43.09454907226562,-0.25897473096847534,-0.09696986526250839,0.4123495817184448
1789225141624587000,43.1045869140625,-0.20197463035583496,0.09649062901735306,0.2409895658493042
1789225141634625000,43.114625,-0.15746229887008667,0.1629743129014969,-0.07148417830467224
1789225141644664000,43.1246640625,-0.19568224251270294,-0.10686848312616348,0.16281069815158844
1789225141654701800,43.134701904296875,-0.27377381920814514,-0.2975633144378662,0.3529209792613983
1789225141664741000,43.1447412109375,-0.3500719964504242,-0.35429149866104126,0.11435382813215256
1789225141674779000,43.15477880859375,-0.3858742117881775,-0.463888019323349,0.1996506303548813
1789225141684818000,43.16481787109375,-0.3459986448287964,-0.5277659296989441,0.37846142053604126
1789225141694856000,43.17485595703125,-0.380954772233963,-0.38805919885635376,0.04520808905363083
1789225141704895000,43.18489501953125,-0.4340404272079468,-0.312141478061676,-0.05676732584834099
1789225141714933000,43.19493310546875,-0.5209137797355652,-0.40582937002182007,0.34030386805534363
1789225141724971000,43.20497094726562,-0.5179492831230164,-0.4323786497116089,0.02774384245276451
1789225141735009800,43.215009765625,-0.5367485284805298,-0.2670597434043884,-0.12304113805294037
1789225141745048000,43.22504809570312,-0.4373854398727417,-0.6528316140174866,0.18402419984340668
1789225141755086800,43.2350869140625,-0.3254956603050232,-0.9488587379455566,0.11930858343839645
1789225141765125000,43.245125,-0.3750118315219879,-0.6968201398849487,-0.23789529502391815
1789225141775164000,43.25516381835938,-0.47098416090011597,-0.5157262682914734,-0.03874889761209488
1789225141785202000,43.26520190429687,-0.531569242477417,-0.6945014595985413,0.22977663576602936
1789225141795241000,43.27524096679687,-0.5373544692993164,-0.7281931042671204,-0.1647818684577942
1789225141805279000,43.285279052734374,-0.5482144951820374,-0.427010178565979,-0.5382305979728699
1789225141815317000,43.29531689453125,-0.5194035768508911,-0.5342732667922974,0.095319963991642
1789225141825356000,43.30535595703125,-0.3684319853782654,-0.7439274787902832,0.6092950701713562
1789225141835393800,43.315393798828126,-0.28810998797416687,-0.5534246563911438,0.35536935925483704
1789225141845433000,43.32543310546875,-0.22233116626739502,-0.4075227677822113,-0.11423918604850769
1789225141855470800,43.33547094726563,-0.24623489379882812,-0.6231768131256104,-0.1704806238412857
1789225141865510000,43.345510009765626,-0.3378647267818451,-0.6219577789306641,0.1546630859375
1789225141875548000,43.3555478515625,-0.46662670373916626,-0.46468743681907654,0.07217967510223389
1789225141885587000,43.3655869140625,-0.4763060510158539,-0.4966195225715637,-0.11842967569828033
1789225141895625000,43.375625,-0.37358924746513367,-0.6281802654266357,-0.157308891415596
1789225141905664000,43.3856640625,-0.2864278554916382,-0.5888699293136597,-0.18721546232700348
1789225141915701800,43.39570166015625,-0.20253027975559235,-0.5136188268661499,-0.3234310746192932
1789225141925740000,43.40573999023437,-0.20502516627311707,-0.4347049295902252,-0.05558706820011139
1789225141935778800,43.41577880859375,-0.16814091801643372,-0.5472378730773926,0.009655051864683628
1789225141945817000,43.425817138671874,-0.21494708955287933,-0.2703370749950409,-0.2150617092847824
1789225141955856000,43.43585595703125,-0.24103514850139618,-0.27853482961654663,-0.1548396497964859
1789225141965894000,43.44589379882812,-0.20696845650672913,-0.4624832570552826,0.2993263900279999
1789225141975933000,43.45593286132812,-0.13004571199417114,-0.49881038069725037,0.26831093430519104
1789225141985971000,43.465970947265625,-0.03663511574268341,-0.37756121158599854,0.06867209821939468
1789225141996009700,43.476009765625,0.0712689757347107,-0.3219890296459198,0.0360553003847599
1789225142006048000,43.486048095703126,0.07403744757175446,-0.055158764123916626,0.2579299509525299
1789225142016085800,43.496085693359376,0.039011552929878235,-0.06571100652217865,0.163529172539711
1789225142026125000,43.506125,0.06446956098079681,0.08091096580028534,-0.18033015727996826
1789225142036162800,43.51616284179688,0.08764838427305222,0.01605340652167797,-0.5442878603935242
1789225142046201900,43.526201904296876,0.07729612290859222,0.06768269091844559,-0.14686433970928192
1789225142056239900,43.53623999023438,0.22053024172782898,-0.14845095574855804,0.17247717082500458
1789225142066279000,43.54627880859375,0.38954058289527893,-0.14396725594997406,-0.2496437281370163
1789225142076317000,43.55631689453125,0.41187092661857605,0.1174587681889534,-0.35767778754234314
1789225142086356000,43.56635595703125,0.34588488936424255,0.17807243764400482,0.11903287470340729
1789225142096393700,43.57639379882813,0.22809246182441711,0.20180706679821014,0.20034237205982208
1789225142106432000,43.586431884765624,0.17241612076759338,0.21746601164340973,-0.05075681954622269
1789225142116471000,43.59647094726562,0.21065059304237366,0.12447614967823029,-0.2424016147851944
1789225142126509000,43.606509033203125,0.24806906282901764,0.20122888684272766,0.10180522501468658
1789225142136548000,43.61654809570312,0.3202703297138214,0.15053509175777435,0.4870983362197876
1789225142146585900,43.6265859375,0.36687058210372925,0.21966689825057983,0.1874334067106247
1789225142156625200,43.636625244140625,0.3645528554916382,0.33478760719299316,0.035273969173431396
1789225142166663000,43.646662841796875,0.35332322120666504,0.227582648396492,-0.006508735008537769
1789225142176701000,43.65670092773438,0.31255608797073364,0.300977498292923,-0.0628894567489624
1789225142186740000,43.666739990234376,0.29297319054603577,0.35780763626098633,0.09145813435316086
1789225142196778000,43.67677807617188,0.332369327545166,0.4271046817302704,0.058719102293252945
1789225142206817000,43.68681713867188,0.4231899380683899,0.19656383991241455,-0.3666853606700897
1789225142216855000,43.69685498046875,0.3500097393989563,0.18560360372066498,-0.48016557097435
1789225142226893800,43.706893798828126,0.21296696364879608,0.18317128717899323,-0.07795978337526321
1789225142236932000,43.71693212890625,0.1330399066209793,0.10674095898866653,0.1132916659116745
1789225142246971000,43.72697094726563,0.11025198549032211,0.11879128217697144,-0.08141333609819412
1789225142257009200,43.73700903320312,0.22110313177108765,0.10533752292394638,-0.42389771342277527
1789225142267047400,43.74704736328125,0.2562093138694763,0.2044162154197693,-0.4634779989719391
1789225142277085200,43.75708520507813,0.2096995711326599,0.2387920320034027,0.08134379237890244
1789225142287123500,43.76712353515625,0.17462410032749176,0.19223220646381378,0.11284735798835754
1789225142297162200,43.77716235351563,0.10115548223257065,0.3402283191680908,0.10249405354261398
1789225142307200500,43.78720043945312,0.12606726586818695,0.17918570339679718,0.2623828053474426
1789225142317239300,43.7972392578125,0.16469880938529968,0.09521595388650894,0.14549028873443604
1789225142327277300,43.80727734375,0.12831427156925201,0.060552120208740234,0.03386199474334717
1789225142337316600,43.81731665039062,0.05864490941166878,0.025118231773376465,0.3459913730621338
1789225142347354400,43.82735424804687,-0.019995614886283875,-0.026638267561793327,0.4458746612071991
1789225142357392400,43.837392333984376,-0.032699428498744965,0.09378641098737717,-0.22609122097492218
1789225142367431400,43.847431396484374,-0.10545655339956284,0.21841268241405487,-0.5108252763748169
1789225142377469200,43.85746923828125,-0.06167977675795555,-0.029472224414348602,0.08008968085050583
1789225142387508500,43.867508544921876,0.05386216565966606,-0.09006988257169724,0.11055484414100647
1789225142397546200,43.877546142578126,0.11923718452453613,0.08603058010339737,-0.33525538444519043
1789225142407585300,43.887585205078125,0.17089000344276428,0.04739578813314438,-0.2021518349647522
1789225142417623300,43.89762329101563,0.07990282773971558,-0.05601821839809418,0.17033065855503082
1789225142427662300,43.907662353515626,-0.07459414750337601,0.05158388242125511,-0.33205506205558777
1789225142437700600,43.91770068359375,-0.25550082325935364,0.2106262594461441,-0.4196144640445709
1789225142447738400,43.92773828125,-0.2757149636745453,0.04553535580635071,0.3372865617275238
1789225142457777400,43.93777734375,-0.12559735774993896,-0.15181340277194977,0.3040015995502472
1789225142467815400,43.9478154296875,0.02143912762403488,0.04888014867901802,-0.24242256581783295
1789225142477854500,43.9578544921875,0.07410819083452225,0.008204624056816101,0.15701138973236084
1789225142487892500,43.967892578125,0.011546646244823933,0.014657817780971527,0.9070811867713928
1789225142497931500,43.977931640625,-0.03294865041971207,0.05504652112722397,0.5719527006149292
1789225142507969300,43.98796923828125,-0.08905670791864395,-0.052306611090898514,-0.24238736927509308
1789225142518008600,43.99800854492187,-0.17173321545124054,0.13210931420326233,-0.43246328830718994
1789225142528046300,44.00804638671875,-0.13394029438495636,-0.09675876796245575,0.4533195197582245
1789225142538084600,44.01808471679688,-0.005611867178231478,-0.28568384051322937,0.3748244345188141
1789225142548123400,44.028123291015625,0.02362792380154133,-0.042185842990875244,-0.26848331093788147
1789225142558161400,44.03816137695313,0.08289285004138947,-0.07358131557703018,-0.565189003944397
1789225142568200400,44.048200439453126,0.007198546547442675,-0.07053394615650177,-0.3589363694190979
1789225142578238500,44.05823852539063,-0.0623624213039875,0.23303818702697754,-0.5354845523834229
1789225142588277200,44.06827734375,-0.014108296483755112,0.2650585472583771,-0.24342769384384155
1789225142598315500,44.0783154296875,0.07426603883504868,-0.057289689779281616,0.04824382811784744
1789225142608354300,44.088354248046876,0.08406993746757507,-0.054700881242752075,-0.19974032044410706
1789225142618392600,44.098392578125,-0.054730549454689026,-0.11737970262765884,-0.19885295629501343
1789225142628430300,44.10843041992187,-0.18580114841461182,-0.1445409655570984,0.8481892943382263
1789225142638469400,44.11846948242187,-0.21140477061271667,-0.2788503170013428,1.1645907163619995
1789225142648507400,44.12850732421875,-0.16411903500556946,-0.18552733957767487,0.7078997492790222
1789225142658546400,44.13854638671875,0.06588859111070633,-0.23674339056015015,-0.3290720582008362
1789225142668584400,44.14858447265625,-0.021646417677402496,0.016426781192421913,-0.644189178943634
1789225142678623500,44.15862353515625,-0.03882140666246414,0.04456814005970955,0.65343177318573
1789225142688661200,44.1686611328125,0.028362154960632324,-0.2829365134239197,0.3804548680782318
1789225142698699500,44.17869946289063,0.01889035664498806,0.34250715374946594,-0.18732549250125885
1789225142708738300,44.18873828125,0.10237720608711243,0.23763848841190338,-0.5516997575759888
1789225142718776600,44.19877661132813,0.055025141686201096,0.0027601937763392925,-0.7017744779586792
1789225142728815400,44.2088154296875,-0.04467359185218811,-0.12508222460746765,-0.3927488923072815
1789225142738853400,44.21885327148438,-0.11121799796819687,-0.36994683742523193,0.03341521695256233
1789225142748892400,44.228892333984376,-0.15983690321445465,-0.31602129340171814,-0.13048431277275085
1789225142758930400,44.23893041992188,-0.18158507347106934,-0.15780609846115112,-0.435326486825943
1789225142768969200,44.24896923828125,-0.12314937263727188,-0.22888359427452087,0.09003923833370209
1789225142779007500,44.25900756835937,-0.04324788227677345,-0.30015087127685547,0.4802283048629761
1789225142789045200,44.26904516601562,0.012674558907747269,0.07729896157979965,0.004021672531962395
1789225142799084500,44.27908447265625,0.14525070786476135,0.3420965373516083,-0.5763876438140869
1789225142809122300,44.289122314453124,0.11418619751930237,0.0964086577296257,0.15027515590190887
1789225142819161300,44.29916137695312,0.10893524438142776,-0.01498844288289547,0.8548783659934998
1789225142829199400,44.309199462890625,0.10933294892311096,0.21867184340953827,0.3902813196182251
1789225142839238400,44.31923828125,0.11142672598361969,0.22950053215026855,-0.16051790118217468
1789225142849276400,44.3292763671875,0.08751367032527924,0.004477271344512701,-0.05522584170103073
1789225142859315500,44.3393154296875,0.053508564829826355,-0.13608384132385254,0.26257023215293884
1789225142869353200,44.349353271484375,0.0004239759873598814,0.027280449867248535,0.007786915171891451
1789225142879391500,44.3593916015625,0.015046593733131886,0.017146054655313492,-0.12883910536766052
1789225142889430300,44.36943017578125,0.07976436614990234,-0.005199997685849667,-0.008600913919508457
1789225142899468500,44.37946850585938,0.10282840579748154,0.026725711300969124,0.08314764499664307
1789225142909507600,44.38950756835938,0.11715196818113327,0.18104372918605804,0.041934698820114136
1789225142919545300,44.39954541015625,0.14443790912628174,0.2056042104959488,0.3179178237915039
1789225142929584400,44.40958447265625,0.20306353271007538,-0.008167330175638199,0.26455941796302795
1789225142939622400,44.41962231445312,0.2712891697883606,0.04590043053030968,-0.46693262457847595
1789225142949660400,44.429660400390624,0.16458125412464142,0.12036330252885818,-0.9163112640380859
1789225142959699500,44.43969946289062,0.1340142786502838,0.03578716516494751,0.14709749817848206
1789225142969737200,44.4497373046875,0.1671287566423416,-0.013743679039180279,0.5987530946731567
1789225142979776300,44.4597763671875,0.16545921564102173,0.47065070271492004,0.21745266020298004
1789225142989814300,44.469814208984374,0.2387067675590515,0.5821846127510071,-0.10828123986721039
1789225142999853300,44.47985327148437,0.3394000828266144,0.34097251296043396,-0.24774938821792603
1789225143009891600,44.4898916015625,0.2154039591550827,0.18412959575653076,0.21376867592334747
1789225143019930400,44.499930419921874,0.13798026740550995,0.130518838763237,0.08184100687503815
1789225143029968400,44.509968505859376,0.028563974425196648,0.2392725944519043,0.0003764708526432514
1789225143040006400,44.52000634765625,0.08881586045026779,0.07467859238386154,0.2877933084964752
1789225143050045400,44.53004541015625,0.16851232945919037,0.078009232878685,0.24181246757507324
1789225143060083500,44.54008349609375,0.22128233313560486,0.31777602434158325,-0.06342068314552307
1789225143070122500,44.55012255859375,0.22348405420780182,0.3075793981552124,0.1717110127210617
1789225143080160300,44.56016015625,0.26863953471183777,0.14409247040748596,0.17170222103595734
1789225143090199600,44.57019946289063,0.2986052334308624,0.3014560043811798,-0.6262589693069458
1789225143100237300,44.5802373046875,0.24413931369781494,0.21051596105098724,-1.04347562789917
1789225143110275600,44.590275634765625,0.20389802753925323,0.25249767303466797,0.028566762804985046
1789225143120314400,44.600314453125,0.22655273973941803,0.2556940019130707,0.21103431284427643
1789225143130352400,44.610352294921874,0.20108146965503693,0.5635045766830444,-0.23406805098056793
1789225143140391400,44.62039135742187,0.2519153356552124,0.4286002814769745,-0.3234567940235138
1789225143150429400,44.630429443359375,0.1677047461271286,0.3289712965488434,0.2230556458234787
1789225143160468200,44.64046826171875,0.16740141808986664,0.17482246458530426,0.13695085048675537
1789225143170506500,44.650506591796876,0.09909094125032425,0.2962488830089569,-0.07432586699724197
1789225143180545300,44.66054516601562,0.09215953201055527,0.1831692010164261,0.37108781933784485
1789225143190583600,44.67058349609375,0.13865996897220612,0.0002385810948908329,0.4930172264575958
1789225143200621300,44.68062133789063,0.060306843370199203,0.22803045809268951,0.3110404908657074
1789225143210660400,44.69066040039063,0.04206065833568573,0.11339940130710602,0.2229592353105545
1789225143220698400,44.70069848632812,0.08204589039087296,0.04975544661283493,0.02576575055718422
1789225143230737400,44.7107373046875,0.06564207375049591,0.1414104849100113,-0.1702449917793274
1789225143240775400,44.720775390625,0.11484158039093018,0.20373590290546417,-0.40011948347091675
1789225143250814500,44.730814453125,0.12897872924804688,0.2876039147377014,-0.22398260235786438
1789225143260852200,44.74085229492187,0.08697988092899323,0.34139230847358704,0.1407165378332138
1789225143270890000,44.75088989257812,0.1149524450302124,0.1352895200252533,-0.13457278907299042
1789225143280929000,44.76092895507813,0.06058267503976822,0.06003870815038681,-0.5113664269447327
1789225143290967000,44.77096704101562,-0.11782371997833252,0.0033909627236425877,-0.03827015683054924
1789225143301006000,44.78100610351562,-0.19664770364761353,-0.18108700215816498,0.4299290180206299
1789225143311044000,44.791044189453125,-0.2544978857040405,-0.09703058004379272,0.14923399686813354
1789225143321083100,44.80108325195312,-0.13972362875938416,-0.13326607644557953,-0.41118404269218445
1789225143331121000,44.811120849609374,-0.12162763625383377,-0.296369731426239,-0.19715088605880737
1789225143341159200,44.8211591796875,-0.10517409443855286,-0.2654656171798706,0.6021873354911804
1789225143351198000,44.831197998046875,-0.1245737299323082,-0.1340482383966446,0.30965834856033325
1789225143361236000,44.84123608398438,-0.18814976513385773,0.12869763374328613,-0.10035686939954758
1789225143371275000,44.85127490234375,-0.1917702853679657,-0.07871223986148834,0.07059520483016968
1789225143381313000,44.86131298828125,-0.23784564435482025,-0.054792530834674835,0.105474092066288
1789225143391352000,44.87135205078125,-0.1952243149280548,0.022280456498265266,-0.2413518726825714
1789225143401390000,44.88139013671875,-0.24861590564250946,-0.11536262929439545,-0.3543681800365448
1789225143411428900,44.891428955078126,-0.20794124901294708,-0.37191587686538696,-0.025248831138014793
1789225143421467100,44.90146704101563,-0.18976011872291565,-0.4508541226387024,0.07924429327249527
1789225143431505000,44.9115048828125,-0.27268627285957336,-0.27772796154022217,-0.020021112635731697
1789225143441544000,44.9215439453125,-0.35224154591560364,-0.21330901980400085,0.13477618992328644
1789225143451582000,44.93158203125,-0.34856024384498596,-0.3294665217399597,0.000843954854644835
1789225143461621000,44.94162109375,-0.40669944882392883,-0.27263545989990234,-0.16633358597755432
1789225143471659000,44.951658935546874,-0.4474007487297058,-0.3937213122844696,-0.24436374008655548
1789225143481698000,44.96169799804687,-0.42450928688049316,-0.5369391441345215,-0.14559109508991241
1789225143491735800,44.97173583984375,-0.386084645986557,-0.5284962058067322,0.41807711124420166
1789225143501774000,44.98177416992188,-0.2987145781517029,-0.603744387626648,0.4166901409626007
1789225143511812900,44.991812744140624,-0.2669551968574524,-0.32073596119880676,-0.14619089663028717
1789225143521851100,45.00185107421875,-0.31197619438171387,-0.2836700975894928,-0.16310755908489227
1789225143531890000,45.011889892578125,-0.3537808060646057,-0.3079095482826233,0.13219498097896576
1789225143541928000,45.02192797851563,-0.36602604389190674,-0.2368822693824768,-0.003189201932400465
1789225143551967000,45.031967041015626,-0.309063196182251,-0.18745052814483643,-0.0648152157664299
1789225143562005000,45.0420048828125,-0.2023385912179947,-0.37904393672943115,-0.2060234695672989
1789225143572043000,45.05204296875,-0.1825985461473465,-0.4610815644264221,-0.24509647488594055
1789225143582082000,45.06208203125,-0.21795439720153809,-0.5477597713470459,0.04648503661155701
1789225143592119800,45.07211987304687,-0.2876875102519989,-0.53868168592453,0.21225859224796295
1789225143602159000,45.0821591796875,-0.3583851158618927,-0.3751167356967926,-0.026502316817641258
1789225143612196900,45.09219677734375,-0.3558749556541443,-0.18824659287929535,-0.012048376724123955
1789225143622236000,45.10223583984375,-0.24670985341072083,-0.3770841360092163,0.058484382927417755
1789225143632274000,45.11227392578125,-0.13507185876369476,-0.3164878487586975,-0.09463173151016235
1789225143642312000,45.12231201171875,-0.1040196642279625,-0.24389272928237915,-0.10316716879606247
1789225143652351200,45.132351318359376,-0.09376272559165955,-0.24114419519901276,0.15579578280448914
1789225143662389000,45.142388916015626,-0.08324004709720612,-0.26385459303855896,0.3862929046154022
1789225143672428000,45.152427978515625,-0.06156986951828003,-0.23352815210819244,-0.0005650232778862119
1789225143682466000,45.16246606445313,-0.01401406992226839,-0.029816564172506332,-0.4644075334072113
1789225143692505000,45.172505126953126,0.006634749472141266,-0.10629269480705261,-0.1837894320487976
1789225143702543000,45.18254321289062,0.0676640197634697,-0.1647605448961258,0.2409493327140808
1789225143712582100,45.19258203125,0.08359712362289429,-0.08552780747413635,0.05912517011165619
1789225143722620000,45.20261987304688,0.12214185297489166,0.015970055013895035,-0.2812254726886749
1789225143732658000,45.21265795898437,0.11558820307254791,-0.00978901982307434,-0.4353865683078766
1789225143742697000,45.22269702148437,0.12323014438152313,-0.11189115047454834,-0.06713689118623734
1789225143752735200,45.2327353515625,0.10553670674562454,0.042581599205732346,0.20396476984024048
1789225143762774000,45.24277392578125,0.17132717370986938,0.12082740664482117,0.11132512986660004
1789225143772812000,45.25281201171875,0.2636279761791229,0.18771153688430786,-0.1843252331018448
1789225143782851000,45.26285107421875,0.2859199643135071,0.15319617092609406,-0.15590104460716248
1789225143792889000,45.27288916015625,0.25858554244041443,0.08645016700029373,-0.05944428592920303
1789225143802927000,45.28292700195313,0.17046774923801422,0.21340851485729218,0.16303062438964844
1789225143812966100,45.292966064453125,0.11897023022174835,0.3052440583705902,0.33376574516296387
1789225143823004000,45.30300390625,0.16070596873760223,0.3682211637496948,0.2906838059425354
1789225143833043200,45.313043212890626,0.2524469196796417,0.06920717656612396,-0.15199892222881317
1789225143843081000,45.3230810546875,0.3546867370605469,0.009586186148226261,-0.4491554796695709
1789225143853120000,45.3331201171875,0.3951558470726013,0.05563309043645859,0.06328319758176804
1789225143863158000,45.34315795898438,0.38794001936912537,0.11837663501501083,0.04399924725294113
1789225143873196000,45.35319604492187,0.2413954883813858,0.44826868176460266,-0.17812256515026093
1789225143883235000,45.36323510742187,0.2172217071056366,0.2603009045124054,-0.1378936618566513
1789225143893273000,45.373273193359374,0.17425331473350525,0.2888500988483429,-0.1906747668981552
1789225143903312000,45.38331176757813,0.2059803456068039,0.3274235725402832,-0.15518362820148468
1789225143913350100,45.39335009765625,0.29547959566116333,0.13937325775623322,-0.2878260910511017
1789225143923389000,45.40338891601562,0.3718920648097992,-0.09321524202823639,-0.5629857778549194
1789225143933427200,45.41342724609375,0.30846816301345825,0.07839420437812805,-0.05650362744927406
1789225143943465000,45.42346484375,0.21785864233970642,0.28431567549705505,0.23946118354797363
1789225143953504000,45.43350390625,0.1172267273068428,0.587325394153595,0.3240921199321747
1789225143963542000,45.4435419921875,0.11252091825008392,0.6007011532783508,0.26793456077575684
1789225143973581000,45.4535810546875,0.23780733346939087,0.41676297783851624,0.16013023257255554
1789225143983619000,45.463619140625,0.38717713952064514,-0.05948611721396446,-0.4863925874233246
1789225143993658000,45.473658203125,0.25762873888015747,-0.11772502213716507,-0.3163127899169922
1789225144003695900,45.48369580078125,0.19950203597545624,-0.02181767113506794,0.5154083967208862
1789225144013734100,45.49373413085937,0.10105253010988235,0.24804344773292542,0.26031118631362915
1789225144023773000,45.50377294921875,0.02405548095703125,0.5195751190185547,0.10627074539661407
1789225144033811200,45.513811279296874,0.1514957696199417,0.12061816453933716,-0.1727565973997116
1789225144043850000,45.52385009765625,0.17521680891513824,0.2447555512189865,-0.15111228823661804
1789225144053888000,45.53388793945312,0.12376271188259125,0.39688414335250854,-0.28954970836639404
1789225144063927000,45.54392700195312,0.0014479770325124264,0.5194699764251709,0.16867993772029877
1789225144073965000,45.553965087890624,0.03920670971274376,0.2606836259365082,0.6455585360527039
1789225144084003000,45.56400317382813,0.2151508331298828,-0.12905588746070862,0.08534688502550125
1789225144094042000,45.5740419921875,0.1609022468328476,-0.137790247797966,-0.6970839500427246
1789225144104080000,45.584079833984376,0.0533723309636116,0.00933394581079483,-0.3779054582118988
1789225144114119200,45.594119140625,-0.01894429326057434,-0.03827830031514168,0.7539182305335999
1789225144124157000,45.60415698242188,-0.08578910678625107,0.09096357971429825,0.4816230535507202
1789225144134196000,45.614196044921876,-0.025882288813591003,0.4186467230319977,-0.1339811533689499
1789225144144234000,45.62423388671875,0.11276720464229584,0.49210256338119507,-0.7760822772979736
1789225144154273000,45.63427294921875,0.08209875971078873,0.17476679384708405,-0.4580315351486206
1789225144164311000,45.64431103515625,0.15218251943588257,-0.03500426933169365,0.1386542171239853
1789225144174349000,45.65434912109375,0.12927795946598053,0.19655199348926544,0.03660781309008598
1789225144184387800,45.66438793945313,0.08804131299257278,0.26479655504226685,0.016886305063962936
1789225144194426000,45.67442602539062,0.04621728137135506,0.1325652152299881,0.13244332373142242
1789225144204465000,45.68446484375,0.04022250324487686,0.014133372344076633,-0.28218501806259155
1789225144214503200,45.694503173828124,0.10664494335651398,0.15116281807422638,-0.5202139616012573
1789225144224542200,45.70454223632812,0.0720326378941536,0.20877258479595184,0.14919230341911316
1789225144234580000,45.714580078125,0.09134429693222046,0.0836496502161026,0.13997749984264374
1789225144244618000,45.724617919921876,-0.0001904098317027092,0.24999868869781494,-0.28488484025001526
1789225144254657000,45.734656982421875,-0.10262984037399292,0.14928759634494781,0.16447140276432037
1789225144264695000,45.74469506835938,-0.0729912519454956,-0.04144586995244026,0.4948730170726776
1789225144274734800,45.75473486328125,-0.018368534743785858,0.19640201330184937,0.4064982235431671
1789225144284772900,45.76477294921875,0.10474114120006561,0.3137848377227783,0.37928417325019836
1789225144294812000,45.77481201171875,0.26097309589385986,-0.02951899915933609,-0.060176555067300797
1789225144304850000,45.784849853515624,0.16400128602981567,-0.04985697939991951,-0.06739521771669388
1789225144314888000,45.794887939453126,-0.0265045166015625,0.18168646097183228,0.3256351053714752
1789225144324927000,45.804927001953125,-0.08110570907592773,0.23841498792171478,0.06437822431325912
1789225144334965000,45.81496508789063,-0.06682831048965454,0.2547035813331604,-0.07798678427934647
1789225144345003800,45.825003662109374,0.07597517967224121,0.1748678833246231,-0.18807227909564972
1789225144355042000,45.8350419921875,0.17583976686000824,0.27810195088386536,-0.008168086409568787
1789225144365080800,45.845080810546875,0.21477384865283966,0.37183189392089844,0.07912313938140869
1789225144375118800,45.85511889648438,0.1905990093946457,0.32694634795188904,-0.1491130143404007
1789225144385156900,45.86515698242187,0.06235077232122421,0.11845199018716812,-0.3170114755630493
1789225144395196000,45.87519580078125,-0.023416392505168915,0.05503473058342934,0.08102114498615265
1789225144405234000,45.88523388671875,0.023527679964900017,0.04380737617611885,0.12302318960428238
1789225144415273000,45.89527294921875,0.11619380116462708,0.09102232754230499,-0.15564395487308502
1789225144425311000,45.90531103515625,0.18444930016994476,0.15941710770130157,0.035508427768945694
1789225144435350000,45.91535009765625,0.15506885945796967,0.30328917503356934,0.11157386749982834
1789225144445387800,45.9253876953125,0.0530354343354702,0.58596271276474,-0.04423065111041069
1789225144455426000,45.935426025390626,0.03670772537589073,0.31359219551086426,-0.19365252554416656
1789225144465464800,45.94546484375,0.06227061152458191,0.061528529971838,-0.3103586435317993
1789225144475502800,45.9555029296875,0.11902135610580444,-0.17945115268230438,-0.2819812595844269
1789225144485542000,45.9655419921875,0.10103969275951385,0.01571115478873253,0.11664335429668427
1789225144495580000,45.975579833984376,-0.0059051671996712685,0.5155298113822937,0.5118257999420166
1789225144505618000,45.98561791992187,0.003397786756977439,0.4063647389411926,0.36389732360839844
1789225144515657000,45.99565698242188,0.08172457665205002,-0.026859687641263008,0.0020136097446084023
1789225144525694700,46.00569482421875,0.04400063306093216,-0.05354535952210426,-0.5760324597358704
1789225144535734000,46.01573413085937,-0.07835941761732101,0.10760987550020218,-0.30004844069480896
1789225144545771800,46.02577172851562,-0.03835953027009964,-0.18160994350910187,0.30042192339897156
1789225144555810800,46.03581079101563,-0.05433901399374008,0.013525023125112057,0.10329688340425491
1789225144565848800,46.04584887695312,-0.11837498098611832,0.3020439147949219,0.016277829185128212
1789225144575886800,46.055886962890625,-0.07833904772996902,0.22632095217704773,0.11001008749008179
1789225144585926000,46.06592578125,-0.05195431411266327,0.2738301455974579,-0.08430293202400208
1789225144595964000,46.0759638671875,0.03756413608789444,0.25354620814323425,-0.2850934565067291
1789225144606002700,46.08600268554687,0.07080145180225372,0.11700435727834702,-0.13542194664478302
1789225144616041000,46.096041015625,-0.025583505630493164,0.043146826326847076,0.2961997091770172
1789225144626079700,46.106079833984374,-0.12454470247030258,-0.06850966811180115,0.17368976771831512
1789225144636118000,46.11611791992188,-0.2639004588127136,-0.09886038303375244,0.11178512126207352
1789225144646156800,46.12615673828125,-0.3074042797088623,-0.20215533673763275,0.24853257834911346
1789225144656194800,46.13619482421875,-0.2922561466693878,-0.16097594797611237,0.2735653519630432
1789225144666232800,46.14623291015625,-0.21542449295520782,-0.03711500018835068,0.07325197756290436
1789225144676271900,46.15627197265625,-0.08081087470054626,0.25046125054359436,-0.13340789079666138
1789225144686310000,46.16630981445312,-0.01543452963232994,0.20108544826507568,0.019726265221834183
1789225144696349000,46.17634887695313,0.1107310801744461,-0.010882455855607986,-0.24142690002918243
1789225144706386700,46.18638671875,0.012704376131296158,0.19445790350437164,-0.28849855065345764
1789225144716425000,46.196425048828125,-0.060896094888448715,0.0676884725689888,0.09264151751995087
1789225144726463700,46.20646362304687,-0.07692646235227585,-0.06560274213552475,0.1285790205001831
1789225144736502000,46.216501953125,-0.14091163873672485,0.04286888986825943,-0.17857913672924042
1789225144746540800,46.22654077148437,-0.14885824918746948,0.046509962528944016,-0.3999093770980835
1789225144756578800,46.236578857421875,-0.1615515947341919,0.06566771864891052,-0.24207745492458344
1789225144766618000,46.2466181640625,-0.13561373949050903,0.13231119513511658,0.016836930066347122
1789225144776656000,46.25665576171875,-0.07496925443410873,0.1660080999135971,0.02301703579723835
1789225144786694000,46.26669384765625,-0.05355290696024895,0.1691833883523941,0.026968367397785187
1789225144796733000,46.27673291015625,-0.10348367691040039,-0.04407765343785286,0.2501622438430786
1789225144806770700,46.28677075195313,-0.23508857190608978,-0.1278820037841797,0.35339486598968506
1789225144816810000,46.29681005859375,-0.3644634485244751,-0.18438535928726196,0.13813433051109314
1789225144826847700,46.30684765625,-0.36983609199523926,-0.2024192214012146,0.007493235170841217
1789225144836886800,46.31688671875,-0.270565390586853,-0.3051660656929016,0.06570058315992355
1789225144846924800,46.3269248046875,-0.14411529898643494,-0.22640521824359894,-0.09168397635221481
1789225144856962800,46.336962890625,-0.08530069887638092,-0.2879100739955902,-0.38719356060028076
1789225144867002000,46.347002197265624,-0.1756737232208252,-0.2404424101114273,-0.317768931388855
1789225144877039900,46.357039794921874,-0.40289047360420227,-0.0951848104596138,0.05895162746310234
1789225144887079000,46.36707885742187,-0.5527193546295166,-0.14764456450939178,0.018016977235674858
1789225144897117000,46.377116943359376,-0.5780112147331238,-0.05433100461959839,-0.24111083149909973
1789225144907156000,46.387156005859374,-0.49711233377456665,-0.34330102801322937,-0.24340513348579407
1789225144917194000,46.39719409179688,-0.3650261461734772,-0.5965461730957031,0.2720525562763214
1789225144927231700,46.40723168945313,-0.3048669397830963,-0.6704962849617004,0.5450190901756287
1789225144937270800,46.417270751953126,-0.4036228656768799,-0.5161382555961609,0.547348141670227
1789225144947309000,46.42730908203125,-0.5070089101791382,-0.5938639044761658,0.5319332480430603
1789225144957347800,46.43734790039063,-0.599991500377655,-0.5728858113288879,0.3731692433357239
1789225144967386000,46.44738623046875,-0.6500834226608276,-0.5130219459533691,0.1986834555864334
1789225144977425000,46.4574248046875,-0.6222559213638306,-0.5431472659111023,0.08176878094673157
1789225144987463000,46.467462890625,-0.5172570943832397,-0.8098524212837219,0.06460311263799667
1789225144997501000,46.4775009765625,-0.40764120221138,-0.8975808620452881,-0.07533813267946243
1789225145007540000,46.4875400390625,-0.39747512340545654,-0.704583466053009,-0.23109523952007294
1789225145017578000,46.497577880859374,-0.5064957141876221,-0.4615459144115448,0.010696250014007092
1789225145027617000,46.50761694335937,-0.5554670095443726,-0.7156290411949158,-0.1401910036802292
1789225145037654800,46.51765478515625,-0.4923075735569,-0.7465231418609619,-0.5150294303894043
1789225145047693000,46.52769311523438,-0.516844630241394,-0.7227150201797485,-0.832001268863678
1789225145057731800,46.53773193359375,-0.5083597302436829,-0.702542781829834,-0.3374956250190735
1789225145067770000,46.54777001953125,-0.42527732253074646,-0.6458776593208313,0.45727577805519104
1789225145077809000,46.557808837890626,-0.2939026653766632,-0.6334434747695923,0.09081302583217621
1789225145087847000,46.56784692382813,-0.2939007878303528,-0.2791740894317627,-0.18132369220256805
1789225145097886000,46.57788598632813,-0.21651691198349,-0.6164243221282959,0.26652100682258606
1789225145107924000,46.58792407226562,-0.25584912300109863,-0.5522586703300476,0.29269883036613464
1789225145117962000,46.5979619140625,-0.4070839583873749,-0.1905343234539032,0.2714765965938568
1789225145128001000,46.6080009765625,-0.451496958732605,-0.4436669945716858,0.3721717894077301
1789225145138038800,46.61803881835937,-0.4951851963996887,-0.5023642778396606,0.47956573963165283
1789225145148078000,46.628078125,-0.40151247382164,-0.5916901230812073,0.4631348252296448
1789225145158115800,46.63811572265625,-0.24351823329925537,-0.8376188278198242,0.18308475613594055
1789225145168155000,46.64815478515625,-0.17533493041992188,-0.6935612559318542,0.15554341673851013
1789225145178193000,46.65819287109375,-0.12460653483867645,-0.5368607044219971,-0.07878449559211731
1789225145188231000,46.66823095703125,-0.2172355353832245,-0.36233392357826233,-0.21895119547843933
1789225145198270000,46.67827001953125,-0.32343143224716187,-0.1942705661058426,0.0262287724763155
1789225145208308000,46.68830786132813,-0.38227930665016174,-0.16774043440818787,-0.0022361583542078733
1789225145218346800,46.6983466796875,-0.3703722059726715,-0.37429922819137573,-0.12903888523578644
1789225145228385000,46.70838500976563,-0.2297133505344391,-0.6646905541419983,-0.4525333344936371
1789225145238423800,46.718423828125,-0.06085461005568504,-0.6166914105415344,-0.33265382051467896
1789225145248462000,46.72846215820312,0.06736061722040176,-0.6880753040313721,0.5084400773048401
1789225145258499800,46.73849975585937,0.03937152028083801,-0.4665195643901825,0.4280337691307068
1789225145268539000,46.74853881835938,-0.06627234816551208,0.09588678926229477,0.20318177342414856
1789225145278577000,46.75857690429687,-0.07674326002597809,-0.033728692680597305,0.33712854981422424
1789225145288615700,46.76861572265625,-0.046225834637880325,0.03178853169083595,0.32334455847740173
1789225145298654000,46.778654052734375,0.04910716786980629,-0.3732466995716095,-0.11754604429006577
1789225145308691700,46.788691650390625,0.11177827417850494,-0.5917577147483826,-0.7549313306808472
1789225145318730800,46.798730712890624,0.20338883996009827,-0.6533743739128113,-0.011858059093356133
1789225145328768800,46.808768798828126,0.2649960219860077,-0.46806415915489197,-0.1928504854440689
1789225145338807800,46.818807861328125,0.14568591117858887,0.18773719668388367,-0.22136874496936798
1789225145348845800,46.828845703125,0.17681987583637238,0.08886335790157318,0.030800651758909225
1789225145358884900,46.838884765625,0.15227006375789642,0.25826624035835266,0.0443214550614357
1789225145368922600,46.848922607421876,0.06769659370183945,0.4219004213809967,0.03753971308469772
1789225145378961000,46.8589609375,0.22265832126140594,-0.12104149162769318,-0.4178623855113983
1789225145388999700,46.86899975585938,0.3335941731929779,-0.2757229208946228,-0.8501322865486145
1789225145399038000,46.87903784179687,0.26997917890548706,-0.01604086346924305,0.2575410008430481
1789225145409076700,46.88907666015625,0.3370479345321655,-0.1595229208469391,0.6842576861381531
1789225145419114800,46.89911474609375,0.28408282995224,0.10674314945936203,0.4818430244922638
1789225145429153800,46.90915380859375,0.25632336735725403,0.042755380272865295,0.1527508944272995
1789225145439191800,46.91919189453125,0.35700562596321106,0.2550569176673889,-0.2360018491744995
1789225145449229800,46.929229736328125,0.3007839024066925,0.1755106896162033,-0.255614697933197
1789225145459268900,46.939268798828124,0.39593344926834106,-0.3315191864967346,-0.5010968446731567
1789225145469306600,46.949306640625,0.3322996199131012,0.016384709626436234,-0.23061691224575043
1789225145479346000,46.959345947265625,0.2417798936367035,0.28127798438072205,-0.3002389073371887
1789225145489383700,46.9693837890625,0.21934914588928223,0.18517674505710602,0.07607532292604446
1789225145499422000,46.979421875,0.26726001501083374,0.11710090190172195,0.2766302824020386
1789225145509460700,46.989460693359376,0.3321292996406555,0.3222295641899109,0.026670515537261963
1789225145519498800,46.99949877929687,0.38271284103393555,0.21081440150737762,-0.3699944019317627
1789225145529537800,47.00953784179688,0.44095325469970703,0.36346545815467834,-0.16847723722457886
1789225145539575800,47.01957592773437,0.34885841608047485,0.2980320453643799,0.6831178665161133
1789225145549614600,47.02961450195313,0.3271041214466095,0.1574607938528061,1.0398852825164795
1789225145559652900,47.03965283203125,0.33286184072494507,0.16994981467723846,0.7437126636505127
1789225145569690600,47.049690673828124,0.3207865357398987,0.24187619984149933,0.42120254039764404
1789225145579730000,47.05972998046875,0.27617529034614563,0.26508721709251404,-0.044159743934869766
1789225145589767700,47.069767578125,0.2260117083787918,0.13711221516132355,-0.1863347291946411
1789225145599806700,47.079806640625,0.30849671363830566,0.023493817076086998,-0.1176050454378128
1789225145609844700,47.0898447265625,0.3809589445590973,0.2714064121246338,-0.14299800992012024
1789225145619882800,47.0998828125,0.48053598403930664,0.4342353641986847,-0.5252619981765747
1789225145629921800,47.109921875,0.5616415143013,0.35198548436164856,-0.7144801616668701
1789225145639959800,47.11995971679688,0.49498629570007324,0.3991260528564453,-0.6180751919746399
1789225145649998600,47.12999853515625,0.34653210639953613,0.4686982035636902,-0.4310568571090698
1789225145660036900,47.14003686523437,0.29053547978401184,0.4518919289112091,-0.3248658776283264
1789225145670075600,47.15007568359375,0.31478407979011536,0.33060014247894287,-0.5564706325531006
1789225145680114000,47.16011401367187,0.39729052782058716,0.12150741368532181,-0.6871331334114075
1789225145690151700,47.17015161132812,0.42345795035362244,0.10949042439460754,-0.04225132241845131
1789225145700190700,47.18019067382812,0.39587679505348206,0.32742294669151306,0.5092267394065857
1789225145710228700,47.190228759765624,0.3635372221469879,0.6430522799491882,0.4187871217727661
1789225145720267800,47.20026782226562,0.37558668851852417,0.8401597142219543,0.46771979331970215
1789225145730305800,47.210305908203125,0.4180140495300293,0.6379157900810242,0.19535911083221436
1789225145740343800,47.22034375,0.4197607934474945,0.6649128198623657,-0.14954176545143127
1789225145750382600,47.230382568359374,0.38593384623527527,0.579707682132721,0.24117885529994965
1789225145760420900,47.2404208984375,0.3990117609500885,0.46238216757774353,0.6636125445365906
1789225145770460000,47.2504599609375,0.41858917474746704,0.5002920031547546,0.33043351769447327
1789225145780497700,47.26049755859375,0.40552982687950134,0.5019141435623169,-0.15178720653057098
1789225145790537000,47.27053686523438,0.3475496172904968,0.43175607919692993,-0.39649415016174316
1789225145800574700,47.28057470703125,0.21459922194480896,0.4180173873901367,-0.11150749772787094
1789225145810612700,47.29061279296875,0.1883774697780609,0.47215092182159424,-0.06638263165950775
1789225145820651800,47.30065185546875,0.2448910027742386,0.6413058042526245,-0.09084107726812363
1789225145830689800,47.31068969726562,0.31687650084495544,0.6976394057273865,-0.05692092701792717
1789225145840728800,47.32072875976562,0.37669944763183594,0.6812135577201843,-0.04921962320804596
1789225145850766600,47.3307666015625,0.33494269847869873,0.5221512317657471,-0.08169474452733994
1789225145860805600,47.3408056640625,0.2396174520254135,0.20278863608837128,-0.14286258816719055
1789225145870844000,47.350843994140625,0.09507545828819275,0.1562853306531906,0.02882874198257923
1789225145880881700,47.360881591796876,0.044683024287223816,0.23011237382888794,0.06634610891342163
1789225145890921000,47.3709208984375,0.020121222361922264,0.4787141978740692,0.2832150459289551
1789225145900958700,47.38095874023438,0.11740855872631073,0.31988099217414856,0.2857072055339813
1789225145910997800,47.390997802734375,0.2957748472690582,0.3635752201080322,-0.12513786554336548
1789225145921035800,47.40103588867188,0.20412103831768036,0.34776246547698975,-0.283983051776886
1789225145931073800,47.41107373046875,-0.11606603115797043,0.341279000043869,0.02111615240573883
1789225145941112800,47.42111279296875,-0.27629387378692627,0.25366654992103577,-0.07073432207107544
1789225145951150600,47.43115063476562,-0.4623412489891052,0.010109811089932919,-0.02206079289317131
1789225145961189600,47.44118969726563,-0.31976523995399475,-0.2715761065483093,0.3120565414428711
1789225145971228000,47.45122778320312,-0.08418069779872894,-0.37784451246261597,0.316213995218277
1789225145981266700,47.4612666015625,0.012205531820654869,-0.13315685093402863,-0.006534391548484564
1789225145991305000,47.471304931640624,-0.08872853964567184,0.055796556174755096,0.04072366654872894
1789225146001342700,47.4813427734375,-0.2695692777633667,-0.05113248527050018,0.31898239254951477
1789225146011381800,47.4913818359375,-0.44453123211860657,-0.17303521931171417,0.048542920500040054
1789225146021419800,47.501419677734376,-0.4865989089012146,-0.10335901379585266,-0.6476795077323914
1789225146031458800,47.511458740234374,-0.4482419490814209,-0.09581348299980164,-0.8417667150497437
1789225146041496800,47.52149682617188,-0.3629993200302124,-0.30035632848739624,0.06557456403970718
1789225146051534800,47.53153491210937,-0.22373968362808228,-0.4877038300037384,0.3776262104511261
1789225146061573600,47.54157373046875,-0.2831120789051056,-0.13346979022026062,0.13263216614723206
1789225146071612000,47.55161181640625,-0.28373950719833374,-0.09441852569580078,-0.11001643538475037
1789225146081650700,47.56165063476563,-0.40763092041015625,-0.20660768449306488,0.15595082938671112
1789225146091689000,47.57168896484375,-0.41534262895584106,-0.3020082414150238,0.4907013773918152
1789225146101727700,47.58172778320313,-0.3689768612384796,-0.16916094720363617,0.5726669430732727
1789225146111765800,47.59176586914062,-0.23383156955242157,-0.15179553627967834,0.5673483610153198
1789225146121803800,47.6018037109375,-0.11933240294456482,-0.28110361099243164,0.2780560553073883
1789225146131842800,47.6118427734375,-0.18594923615455627,-0.3896481990814209,-0.06701503694057465
1789225146141880800,47.621880859375,-0.3225715458393097,-0.44343245029449463,-0.0497332401573658
1789225146151919900,47.631919921875,-0.4240417182445526,-0.38955244421958923,0.06349930167198181
1789225146161957600,47.64195751953125,-0.4842197895050049,-0.1985238492488861,-0.03448687866330147
1789225146171996000,47.65199584960938,-0.3522407114505768,-0.23818524181842804,-0.4281840920448303
1789225146182034700,47.66203466796875,-0.23045982420444489,-0.1767885386943817,-0.6566787958145142
1789225146192073000,47.67207299804687,-0.1862444281578064,-0.19963127374649048,-0.2416977882385254
1789225146202111700,47.68211181640625,-0.17120157182216644,-0.25259730219841003,0.19175484776496887
1789225146212149800,47.69214965820313,-0.19305306673049927,-0.20503376424312592,0.2759466767311096
1789225146222187800,47.70218774414062,-0.21394796669483185,-0.13180935382843018,0.2771941125392914
1789225146232226800,47.71222680664062,-0.21428193151950836,-0.3666365146636963,-0.056175604462623596
1789225146242264800,47.722264892578124,-0.2411298155784607,-0.4038761258125305,0.02770625613629818
1789225146252304000,47.73230395507812,-0.2442568987607956,-0.4576517343521118,0.1313503533601761
1789225146262341600,47.74234155273437,-0.22185957431793213,-0.30023229122161865,0.08431322872638702
1789225146272380700,47.75238061523437,-0.18098270893096924,-0.17366690933704376,-0.04737582430243492
1789225146282418400,47.76241845703125,-0.09595983475446701,-0.09610392153263092,-0.08668769150972366
1789225146292456700,47.77245678710938,-0.02044110931456089,-0.04825623705983162,-0.05507916957139969
1789225146302495500,47.78249560546875,0.08376391977071762,0.0421295203268528,-0.2988373339176178
1789225146312533500,47.792533447265626,0.06348208338022232,0.06019427254796028,-0.1975594311952591
1789225146322572500,47.802572509765625,0.02557171881198883,-0.0815356895327568,0.019463688135147095
1789225146332610600,47.81261059570313,-0.04542309418320656,-0.13636352121829987,-0.0597994402050972
1789225146342648600,47.82264868164062,-0.12478741258382797,-0.11622001230716705,-0.007002323400229216
1789225146352687600,47.8326875,-0.12021343410015106,-0.2110876739025116,0.14189501106739044
1789225146362725400,47.84272534179688,-0.09121763706207275,-0.1165887787938118,0.22807258367538452
1789225146372764700,47.8527646484375,-0.02513369545340538,-0.08782929927110672,0.33873650431632996
1789225146382802400,47.86280249023437,0.02929714135825634,-0.08357704430818558,0.3837047815322876
1789225146392841500,47.87284155273438,0.04285582900047302,-0.06352024525403976,0.23663464188575745
1789225146402879500,47.88287939453125,0.005062738433480263,-0.07299567759037018,0.08164699375629425
1789225146412917500,47.89291748046875,-0.032469458878040314,-0.11606138944625854,-0.10685660690069199
1789225146422956500,47.90295654296875,-0.08900605887174606,-0.09389764815568924,-0.1589117795228958
1789225146432994600,47.91299462890625,-0.09746932238340378,-0.06223053112626076,0.0811932310461998
1789225146443033300,47.923033447265624,-0.016224702820181847,-0.17951659858226776,0.09414371848106384
1789225146453071600,47.933071533203126,0.04146122932434082,-0.10751990228891373,-0.17687977850437164
1789225146463109400,47.943109375,0.08320605754852295,-0.13886286318302155,-0.4395260512828827
1789225146473148700,47.95314868164063,0.01870536617934704,-0.26733481884002686,-0.24254292249679565
1789225146483186400,47.9631865234375,-0.08661120384931564,-0.32332563400268555,0.04205445945262909
1789225146493225500,47.9732255859375,-0.14375802874565125,-0.2739793658256531,-0.14949849247932434
1789225146503263500,47.98326342773437,-0.16008664667606354,-0.24736054241657257,-0.2936837077140808
1789225146513302500,47.99330249023438,-0.11486350744962692,-0.19884413480758667,-0.24436567723751068
1789225146523340500,48.00334057617187,-0.05462464317679405,-0.054915737360715866,-0.04424063861370087
1789225146533378600,48.013378662109375,0.02656741254031658,-0.002366775181144476,0.10693316906690598
1789225146543417300,48.02341723632812,0.13478311896324158,-0.036025773733854294,0.14283619821071625
1789225146553455600,48.03345556640625,0.18432803452014923,0.010124142281711102,0.11047345399856567
1789225146563494700,48.04349462890625,0.1731528490781784,-0.0000957883894443512,0.20449812710285187
1789225146573532700,48.05353271484375,0.11641287058591843,-0.049216460436582565,0.12894104421138763
1789225146583570400,48.0635703125,0.0496995747089386,-0.05813116952776909,0.02298954874277115
1789225146593609500,48.073609375,-0.015400335192680359,-0.07543373107910156,0.10438667237758636
1789225146603647500,48.0836474609375,0.002319157822057605,-0.10332387685775757,0.12244311720132828
1789225146613686500,48.0936865234375,0.05235569179058075,-0.025854649022221565,-0.021739892661571503
1789225146623724500,48.103724609375,0.14556007087230682,0.08575275540351868,-0.06254485249519348
1789225146633762600,48.11376245117187,0.23470433056354523,-0.022153204306960106,-0.013853215612471104
1789225146643801300,48.12380126953125,0.27877336740493774,0.05081036314368248,-0.06921158730983734
1789225146653839600,48.133839599609374,0.21735340356826782,0.15510454773902893,0.053695693612098694
1789225146663878700,48.14387866210937,0.14432355761528015,0.18638670444488525,0.07686503231525421
1789225146673916700,48.153916748046875,0.09650062769651413,0.2640431523323059,-0.023590469732880592
1789225146683955700,48.163955810546874,0.13754402101039886,0.12899060547351837,-0.0739685595035553
1789225146693993500,48.173993408203124,0.2570781111717224,0.0022845950443297625,-0.16627371311187744
1789225146704031500,48.184031494140626,0.28817862272262573,0.12457071244716644,0.10079788416624069
1789225146714070500,48.194070556640625,0.3048420250415802,0.17294862866401672,0.3538075089454651
1789225146724108500,48.20410864257813,0.30276602506637573,0.26805737614631653,0.007057365495711565
1789225146734147600,48.214147705078126,0.22133533656597137,0.369975745677948,-0.2552831768989563
1789225146744185300,48.22418530273438,0.1409408450126648,0.32528549432754517,0.13174429535865784
1789225146754223600,48.2342236328125,0.17363488674163818,0.10259783267974854,0.2643585205078125
1789225146764262700,48.2442626953125,0.2046481966972351,0.16287416219711304,-0.1618773639202118
1789225146774300700,48.25430078125,0.16487175226211548,0.09468606114387512,-0.16577303409576416
1789225146784339700,48.26433959960937,0.1519336998462677,-0.003496775170788169,-0.08057073503732681
1789225146794377500,48.27437744140625,0.0859576091170311,0.11142820864915848,-0.06625784188508987
1789225146804415500,48.28441552734375,0.12427711486816406,0.035508982837200165,-0.09262955188751221
1789225146814454500,48.29445458984375,0.21588292717933655,0.07777494937181473,-0.24328990280628204
1789225146824492500,48.304492431640625,0.2317325919866562,0.29713907837867737,-0.23595528304576874
1789225146834531600,48.314531494140624,0.24572058022022247,0.32740670442581177,0.055120497941970825
1789225146844569600,48.324569580078126,0.21016013622283936,0.28066152334213257,0.2317253202199936
1789225146854607600,48.33460766601563,0.21897973120212555,0.13649368286132812,-0.09991678595542908
1789225146864646700,48.34464672851563,0.13446596264839172,0.2051263153553009,-0.23323379456996918
1789225146874684700,48.3546845703125,0.08386775851249695,0.07208332419395447,0.13508884608745575
1789225146884723700,48.3647236328125,0.06480395793914795,0.02435171976685524,0.31238648295402527
1789225146894761500,48.37476147460937,0.019688943400979042,0.10496240854263306,0.15983182191848755
1789225146904800800,48.38480078125,0.06758714467287064,0.11993306130170822,-0.1764524281024933
1789225146914838500,48.39483862304687,0.05421195924282074,0.13115376234054565,-0.19504314661026
1789225146924876500,48.40487646484375,0.06278479844331741,0.1291910856962204,0.2079053670167923
1789225146934915600,48.41491552734375,0.08297635614871979,0.17198382318019867,0.2927986979484558
1789225146944953600,48.42495361328125,0.1075022965669632,0.288401335477829,0.08242767304182053
1789225146954992600,48.43499267578125,0.08182889223098755,0.36733025312423706,0.13764700293540955
1789225146965030700,48.44503076171875,0.0962865874171257,0.11485668271780014,-0.009548824280500412
1789225146975068700,48.45506860351563,0.05523928254842758,-0.009725196287035942,-0.1629554182291031
1789225146985107700,48.465107666015626,-0.041071079671382904,-0.046141620725393295,-0.09968762844800949
1789225146995145500,48.4751455078125,-0.08006641268730164,-0.09147634357213974,-0.03929992392659187
1789225147005184800,48.48518481445313,-0.06375952064990997,-0.18151022493839264,-0.22986085712909698
1789225147015222500,48.49522241210938,-0.04893583059310913,-0.05472803860902786,-0.3695492446422577
1789225147025260500,48.50526049804687,-0.04862592741847038,0.03310387581586838,-0.1679866909980774
1789225147035299600,48.51529956054687,-0.02405427396297455,0.02867291122674942,-0.05284944549202919
1789225147045337600,48.525337646484374,-0.022103728726506233,0.09407997876405716,-0.18479210138320923
1789225147055376600,48.53537670898437,-0.038108792155981064,0.09118512272834778,0.006367197260260582
1789225147065414700,48.54541455078125,-0.025174498558044434,0.007149743847548962,0.38127946853637695
1789225147075452700,48.55545263671875,-0.031925614923238754,0.07533732056617737,0.2580137252807617
1789225147085491700,48.56549169921875,-0.06393765658140182,0.10319554060697556,0.2726229727268219
1789225147095529500,48.57552954101563,-0.07194631546735764,-0.06973575800657272,0.38380488753318787
1789225147105568800,48.58556884765625,-0.11700741201639175,-0.0944380983710289,0.3404265344142914
1789225147115606500,48.5956064453125,-0.12083836644887924,-0.10870571434497833,0.18652404844760895
1789225147125645600,48.6056455078125,-0.09575928002595901,-0.08653613924980164,0.0744660347700119
1789225147135683600,48.61568359375,-0.06131076067686081,-0.11322181671857834,-0.023558005690574646
1789225147145721600,48.6257216796875,-0.0430111438035965,-0.015803055837750435,-0.2989286482334137
1789225147155760600,48.6357607421875,-0.04978302866220474,0.08011628687381744,-0.318669855594635
1789225147165798700,48.64579858398437,-0.02198297157883644,0.018076753243803978,-0.13835372030735016
1789225147175837400,48.65583740234375,0.013191526755690575,-0.013365061022341251,-0.31507015228271484
1789225147185875700,48.665875732421874,0.03008044883608818,-0.018521839752793312,-0.5889577865600586
1789225147195913500,48.67591357421875,-0.002486813347786665,-0.11123952269554138,-0.4801733195781708
1789225147205952800,48.685952880859375,-0.05998354032635689,-0.20752064883708954,-0.037956830114126205
1789225147215990500,48.695990478515625,-0.0886162519454956,-0.2491898089647293,0.10835164785385132
1789225147226029600,48.706029541015624,-0.07958164066076279,-0.10328955203294754,-0.0872323215007782
1789225147236067600,48.71606762695313,-0.06221383810043335,-0.006354489363729954,0.03003944270312786
1789225147246105600,48.72610571289062,0.009800457395613194,0.03574720770120621,0.16219410300254822
1789225147256144600,48.73614453125,0.05402997136116028,0.20282967388629913,0.08498987555503845
1789225147266182700,48.7461826171875,0.07467341423034668,0.16662879288196564,0.30621370673179626
1789225147276221700,48.7562216796875,0.10828516632318497,0.031144745647907257,0.38563424348831177
1789225147286259700,48.766259765625,0.05751147121191025,0.04743790999054909,0.16737285256385803
1789225147296297500,48.77629736328125,0.01058470830321312,0.04840756580233574,0.03152661398053169
1789225147306336800,48.78633666992187,-0.024053864181041718,-0.01671409234404564,0.13612712919712067
1789225147316374500,48.79637451171875,-0.011383343487977982,-0.0410870760679245,0.01681005209684372
1789225147326413600,48.80641357421875,0.027147702872753143,0.0027583783958107233,-0.10025922954082489
1789225147336451600,48.81645166015625,0.06612466275691986,0.053575485944747925,-0.0025829998776316643
1789225147346490600,48.82649072265625,0.1319664567708969,0.10921867936849594,-0.015939412638545036
1789225147356528600,48.836528564453126,0.15139128267765045,0.14226610958576202,-0.23434418439865112
1789225147366566700,48.84656665039063,0.11936169117689133,0.14982737600803375,-0.23742620646953583
1789225147376605700,48.85660571289063,0.08206651359796524,0.03733597695827484,-0.07312993705272675
1789225147386643700,48.86664379882812,0.06786302477121353,0.10413813591003418,-0.22343558073043823
1789225147396682800,48.87668286132813,0.04437687620520592,0.19306215643882751,-0.14633174240589142
1789225147406720500,48.88672045898438,0.10653380304574966,0.04866393283009529,-0.06704482436180115
1789225147416758500,48.89675854492187,0.12545955181121826,0.1630413830280304,-0.17203809320926666
1789225147426797600,48.90679760742187,0.15148259699344635,0.16560126841068268,-0.08582229912281036
1789225147436835800,48.9168359375,0.20198066532611847,0.18876758217811584,0.12892834842205048
1789225147446874600,48.92687451171875,0.20113879442214966,0.2501105070114136,0.23351837694644928
1789225147456912600,48.93691259765625,0.21180075407028198,0.3731592297554016,0.059524476528167725
1789225147466950700,48.94695068359375,0.21967093646526337,0.3850027620792389,-0.058858513832092285
1789225147476989700,48.95698974609375,0.2099173665046692,0.3854618966579437,0.13227282464504242
1789225147487027700,48.96702783203125,0.22337223589420319,0.28242576122283936,0.23978592455387115
1789225147497066800,48.977066650390626,0.24710045754909515,0.2794683277606964,-0.21225689351558685
1789225147507104500,48.9871044921875,0.18628448247909546,0.2715609073638916,-0.15088564157485962
1789225147517142500,48.997142578125,0.16411606967449188,0.18055535852909088,0.1491604596376419
1789225147527181600,49.007181640625,0.17068859934806824,0.2748177945613861,-0.15717214345932007
1789225147537219800,49.0172197265625,0.20562154054641724,0.47414448857307434,-0.3439798355102539
1789225147547258600,49.02725854492188,0.24170781672000885,0.42759743332862854,-0.0923018679022789
1789225147557296600,49.03729663085937,0.24092991650104523,0.44054386019706726,-0.15672558546066284
1789225147567334700,49.047334716796875,0.21075063943862915,0.5433979630470276,-0.3065282702445984
1789225147577373700,49.057373779296874,0.18428413569927216,0.391439825296402,0.06868769228458405
1789225147587411700,49.06741162109375,0.16534201800823212,0.2691201865673065,0.28677672147750854
1789225147597450800,49.07745068359375,0.1298322230577469,0.28744807839393616,0.091628797352314
1789225147607488500,49.087488525390626,0.07664146274328232,0.2849072515964508,0.11669126152992249
1789225147617526500,49.09752661132813,0.0724850669503212,0.18950216472148895,0.18515713512897491
1789225147627565600,49.10756567382813,0.024699771776795387,0.2490774393081665,0.12906870245933533
1789225147637603800,49.11760375976562,0.008689911104738712,0.2717646658420563,0.047302719205617905
1789225147647642600,49.127642578125,-0.033310290426015854,0.20158390700817108,0.1646638661623001
1789225147657680600,49.1376806640625,-0.06439337879419327,0.1220741719007492,-0.03365826606750488
1789225147667718700,49.14771875,-0.10573285073041916,0.04540916904807091,-0.3774397075176239
1789225147677757700,49.1577578125,-0.16486380994319916,0.0032230999786406755,-0.3963193893432617
1789225147687795700,49.167795654296874,-0.21152840554714203,-0.021646691486239433,0.03072904609143734
1789225147697834800,49.17783471679687,-0.12798583507537842,-0.15089575946331024,0.024973422288894653
1789225147707872500,49.18787255859375,-0.0933731198310852,0.07130201905965805,-0.3586561679840088
1789225147717910800,49.19791088867188,-0.09605865180492401,0.006388533860445023,-0.31605198979377747
1789225147727949600,49.207949462890625,-0.13497529923915863,-0.060412999242544174,0.03441725671291351
1789225147737987800,49.21798779296875,-0.26271966099739075,0.020767876878380775,0.4152359664440155
1789225147748026600,49.228026611328126,-0.2553439140319824,-0.11790364235639572,0.19846825301647186
1789225147758064600,49.23806469726563,-0.24161480367183685,-0.0147482268512249,-0.17336682975292206
1789225147768103700,49.24810375976563,-0.2554001212120056,-0.11925195157527924,0.042452920228242874
1789225147778141700,49.2581416015625,-0.2598057985305786,-0.19518400728702545,0.2295554280281067
1789225147788179700,49.2681796875,-0.29878875613212585,-0.1821991354227066,0.2123701125383377
1789225147798218800,49.27821875,-0.3268395662307739,-0.2587684690952301,0.06953440606594086
1789225147808256500,49.28825659179687,-0.37965771555900574,-0.2306605875492096,-0.08247124403715134
1789225147818295800,49.2982958984375,-0.4065156877040863,-0.2134256660938263,-0.028551552444696426
1789225147828333600,49.30833349609375,-0.37587037682533264,-0.29053351283073425,0.045540131628513336
1789225147838371800,49.31837182617188,-0.3224545419216156,-0.2492888867855072,-0.10437212884426117
1789225147848410600,49.32841064453125,-0.2926384210586548,-0.244463250041008,-0.12590156495571136
1789225147858448600,49.33844873046875,-0.31603455543518066,-0.31300875544548035,-0.014751618728041649
1789225147868487700,49.34848779296875,-0.35173505544662476,-0.322519987821579,-0.09980333596467972
1789225147878525700,49.35852563476563,-0.4070183038711548,-0.27951499819755554,-0.042391177266836166
1789225147888563700,49.36856372070312,-0.3824872672557831,-0.29229456186294556,0.05051655322313309
1789225147898602800,49.37860278320313,-0.33511656522750854,-0.27354004979133606,0.04733008146286011
1789225147908640500,49.388640625,-0.30028650164604187,-0.17354951798915863,-0.06699296832084656
1789225147918679800,49.3986796875,-0.28935104608535767,-0.2362573742866516,0.034117672592401505
1789225147928717600,49.40871752929687,-0.31858617067337036,-0.3316969573497772,0.043845705687999725
1789225147938755800,49.418755859375,-0.36746421456336975,-0.34380900859832764,-0.13932465016841888
1789225147948794600,49.42879467773437,-0.4233812391757965,-0.3797377347946167,-0.04734983295202255
1789225147958832600,49.43883251953125,-0.4051761329174042,-0.48877233266830444,0.13145773112773895
1789225147968871700,49.44887158203125,-0.3643275499343872,-0.42400047183036804,-0.11374270915985107
1789225147978909700,49.45890966796875,-0.34766414761543274,-0.3225928843021393,-0.1482732594013214
1789225147988947700,49.46894775390625,-0.31165170669555664,-0.3762083649635315,0.028846945613622665
1789225147998986800,49.47898681640625,-0.29357975721359253,-0.31233644485473633,-0.04501529410481453
1789225148009024500,49.4890244140625,-0.2955065369606018,-0.2307201474905014,-0.12952038645744324
1789225148019063800,49.49906372070313,-0.28215157985687256,-0.26390019059181213,-0.15645238757133484
1789225148029101600,49.5091015625,-0.2800373435020447,-0.2590775191783905,-0.06316962093114853
1789225148039139800,49.519139892578124,-0.2476477175951004,-0.25983813405036926,-0.09269875288009644
1789225148049178600,49.5291787109375,-0.24612778425216675,-0.21907275915145874,-0.1853361576795578
1789225148059216600,49.53921655273437,-0.23237574100494385,-0.35257863998413086,-0.0446338951587677
1789225148069255700,49.54925561523437,-0.2594611644744873,-0.36181339621543884,-0.045836254954338074
1789225148079293700,49.559293701171875,-0.30357804894447327,-0.31683313846588135,0.1295510083436966
1789225148089331700,49.56933178710938,-0.28510981798171997,-0.4061185419559479,0.16992346942424774
1789225148099370800,49.579370849609376,-0.2478746622800827,-0.2747170329093933,-0.06305689364671707
1789225148109408500,49.589408447265626,-0.21414773166179657,-0.2281600683927536,-0.02839142642915249
1789225148119447800,49.59944775390625,-0.18664607405662537,-0.24666903913021088,0.1459185928106308
1789225148129485600,49.60948559570313,-0.18828055262565613,-0.2318105399608612,0.18705184757709503
1789225148139523800,49.61952392578125,-0.18793222308158875,-0.25306761264801025,0.11266389489173889
1789225148149562600,49.62956274414063,-0.18363544344902039,-0.2515852451324463,-0.024682417511940002
1789225148159600600,49.6396005859375,-0.15094700455665588,-0.3780318796634674,-0.09273763746023178
1789225148169639700,49.6496396484375,-0.11843310296535492,-0.4644225239753723,-0.22527603805065155
1789225148179677700,49.659677734375,-0.17735634744167328,-0.32410481572151184,0.029282743111252785
1789225148189715700,49.6697158203125,-0.19386382400989532,-0.3280141353607178,0.24722284078598022
1789225148199754800,49.679754638671874,-0.21108968555927277,-0.2091362178325653,0.14689330756664276
1789225148209792500,49.68979248046875,-0.15810801088809967,-0.17466969788074493,-0.16117361187934875
1789225148219831800,49.699831787109375,-0.11281003057956696,-0.11681864410638809,-0.2184036374092102
1789225148229869600,49.70986962890625,-0.11391106247901917,-0.17630010843276978,0.19567373394966125
1789225148239907800,49.71990795898437,-0.0746866911649704,-0.3248821496963501,0.3771926462650299
1789225148249946600,49.729946533203126,-0.09292839467525482,-0.2589975893497467,0.15577954053878784
1789225148259984600,49.73998461914063,-0.10861947387456894,-0.34111881256103516,0.21304841339588165
1789225148270023700,49.75002368164063,-0.11022908240556717,-0.4301062822341919,0.3005935549736023
1789225148280061700,49.76006176757812,-0.1339448094367981,-0.3867409825325012,0.07184160500764847
1789225148290100000,49.770099853515624,-0.13613629341125488,-0.276696115732193,-0.08814169466495514
1789225148300138800,49.780138671875,-0.10045713186264038,-0.28262272477149963,-0.1629679948091507
1789225148310176800,49.7901767578125,-0.05982663854956627,-0.17325365543365479,-0.16449780762195587
1789225148320215800,49.8002158203125,0.007082355674356222,-0.16656459867954254,-0.220006063580513
1789225148330253800,49.81025390625,0.06267800182104111,-0.12103759497404099,-0.38420867919921875
1789225148340291800,49.82029174804688,0.061758145689964294,-0.20024320483207703,-0.3548121750354767
1789225148350331000,49.830330810546876,0.02169671840965748,-0.3015199899673462,-0.2739156484603882
1789225148360368600,49.84036865234375,-0.07024145871400833,-0.26883530616760254,-0.002936342265456915
1789225148370408000,49.85040795898438,-0.038431938737630844,-0.43835920095443726,-0.09529703110456467
1789225148380445700,49.86044580078125,-0.06596715748310089,-0.14195148646831512,-0.16239537298679352
1789225148390484000,49.87048388671875,-0.07038892805576324,-0.08222804963588715,0.24631062150001526
1789225148400522800,49.88052270507813,-0.00007268739864230156,-0.1572042852640152,0.4873530864715576
1789225148410560800,49.89056079101562,0.09342067688703537,-0.046100493520498276,0.20986254513263702
1789225148420599800,49.90059985351562,0.18842549622058868,-0.08814967423677444,-0.26278385519981384
1789225148430637800,49.910637939453125,0.1271074116230011,0.013359501957893372,0.2659133970737457
1789225148440675800,49.92067578125,0.13627400994300842,-0.12763996422290802,0.7276918888092041
1789225148450715000,49.93071484375,0.09378151595592499,0.1415516436100006,0.660929799079895
1789225148460752600,49.940752685546876,0.14409981667995453,-0.042161725461483,0.18493498861789703
1789225148470792000,49.9507919921875,0.13404132425785065,0.011417345143854618,-0.1537834256887436
1789225148480829700,49.96082958984375,0.022822121158242226,0.019381795078516006,0.37768977880477905
1789225148490868000,49.97086791992187,0.010891183279454708,-0.13266360759735107,0.6915197372436523
1789225148500906800,49.98090673828125,0.010973208583891392,-0.12760333716869354,0.3458946645259857
1789225148510944800,49.99094482421875,0.0776766762137413,0.172878235578537,0.08961066603660583
1789225148520983800,50.00098388671875,0.1923087239265442,-0.02810095064342022,0.11313915997743607
1789225148531021800,50.01102172851562,0.25746288895606995,-0.15065379440784454,0.2804062068462372
1789225148541059800,50.021059814453125,0.2427942007780075,-0.0014920104295015335,0.2497044950723648
1789225148551099000,50.03109887695312,0.18559539318084717,0.08558813482522964,0.1578248143196106
1789225148561136600,50.04113671875,0.11120051890611649,0.045938193798065186,0.1892985850572586
1789225148571176000,50.051176025390625,0.06173063814640045,-0.027857888489961624,0.061839956790208817
1789225148581213700,50.061213623046875,0.061086684465408325,0.018573524430394173,-0.10630351305007935
1789225148591252000,50.071251953125,0.14709444344043732,-0.024995017796754837,0.1222999170422554
1789225148601290800,50.081290771484376,0.2541103661060333,-0.04298759996891022,0.299628347158432
1789225148611328800,50.09132885742188,0.2227187603712082,0.2466014325618744,0.4888118803501129
1789225148621367800,50.10136791992188,0.1930072009563446,0.15874479711055756,0.5286163091659546
1789225148631405800,50.11140576171875,0.15307389199733734,0.14941047132015228,0.3369647264480591
1789225148641443800,50.12144384765625,0.09809479117393494,0.1579432487487793,0.3634466528892517
1789225148651483000,50.13148291015625,0.17145127058029175,-0.03136766701936722,0.3279280960559845
1789225148661520600,50.141520751953124,0.19260822236537933,0.10205616801977158,0.4951050877571106
1789225148671560000,50.15155981445312,0.23541869223117828,0.07903226464986801,0.4652486741542816
1789225148681597700,50.16159765625,0.27733737230300903,0.021693341434001923,0.022435814142227173
1789225148691636000,50.17163598632813,0.21730560064315796,0.18498897552490234,-0.26028990745544434
1789225148701674800,50.1816748046875,0.171537846326828,0.1401812881231308,0.05169195681810379
1789225148711712800,50.191712646484376,0.17586711049079895,0.11438717693090439,0.04179171472787857
1789225148721751800,50.201751708984375,0.19192250072956085,0.35231640934944153,-0.19155631959438324
1789225148731789800,50.21178979492188,0.2653646171092987,0.19852516055107117,-0.01059634704142809
1789225148741827800,50.22182788085937,0.28111615777015686,0.12553590536117554,0.12120189517736435
1789225148751867000,50.23186694335938,0.1908244639635086,0.1559823602437973,0.24788516759872437
1789225148761904600,50.24190454101562,0.11571399867534637,0.06807514280080795,0.5253514051437378
1789225148771943700,50.25194360351563,0.0685734823346138,0.0369097925722599,0.4644549489021301
1789225148781981700,50.26198168945312,0.04234188050031662,0.1887752264738083,0.09537304192781448
1789225148792020000,50.27202001953125,0.07593423873186111,0.10914521664381027,0.21060608327388763
1789225148802058800,50.282058837890624,0.12513455748558044,0.018357783555984497,0.6647578477859497
1789225148812096800,50.2920966796875,0.21172572672367096,0.017986297607421875,0.3851519525051117
1789225148822135800,50.3021357421875,0.2231016904115677,0.2008349448442459,-0.026460876688361168
1789225148832173800,50.312173828125,0.18356096744537354,0.1368541568517685,-0.07749839872121811
1789225148842211800,50.3222119140625,0.1313110738992691,0.04126450791954994,0.09899993985891342
1789225148852251000,50.3322509765625,0.09968671202659607,0.1472683697938919,-0.0807591900229454
1789225148862288600,50.34228857421875,0.08595065772533417,0.3284866213798523,-0.02705841138958931
1789225148872327700,50.35232763671875,0.20891153812408447,0.08093191683292389,-0.09337502717971802
1789225148882365700,50.36236572265625,0.2811654806137085,0.24932600557804108,-0.4701390862464905
1789225148892404000,50.372404052734375,0.2154705673456192,0.2286420464515686,-0.03555122762918472
1789225148902443000,50.38244311523437,0.2231343537569046,-0.024862391874194145,0.3574032485485077
1789225148912480800,50.392480712890624,0.1895131766796112,0.098357193171978,-0.0330473966896534
1789225148922519800,50.40251977539062,0.12502844631671906,0.19075928628444672,-0.33613428473472595
1789225148932557800,50.412557861328125,0.04659649729728699,0.21289734542369843,-0.031777068972587585
1789225148942595800,50.42259594726563,0.03222820907831192,0.15725699067115784,0.03799748420715332
1789225148952635000,50.432634765625,0.06601608544588089,0.2335950881242752,-0.3086071312427521
1789225148962672600,50.442672607421876,0.133112832903862,0.11911965161561966,-0.3161311149597168
1789225148972711700,50.452711669921875,0.14550964534282684,0.0668174996972084,0.06585665047168732
1789225148982749700,50.46274975585938,0.1571495234966278,-0.004116856027394533,0.24574226140975952
1789225148992787700,50.47278759765625,0.10663683712482452,0.055860452353954315,-0.009043746627867222
1789225149002827000,50.48282690429688,-0.00576507393270731,0.11073728650808334,0.04775402322411537
1789225149012864800,50.49286474609375,-0.0547715499997139,-0.018795719370245934,0.28853729367256165
1789225149022903800,50.50290380859375,-0.05489698052406311,0.03731868043541908,0.16576291620731354
1789225149032941800,50.51294189453125,0.036469802260398865,0.16161386668682098,-0.13359567523002625
1789225149042979800,50.522979736328125,0.10750856250524521,0.11397817730903625,-0.0399533286690712
1789225149053019000,50.533018798828124,0.12461378425359726,0.04515250772237778,0.12261001020669937
1789225149063056600,50.543056640625,0.11104976385831833,0.062473975121974945,-0.25643742084503174
1789225149073095000,50.55309497070313,0.04319854453206062,0.056879207491874695,-0.44924068450927734
1789225149083133700,50.5631337890625,0.025713562965393066,-0.0940442606806755,-0.2896185517311096
1789225149093171700,50.57317163085938,0.015964044257998466,-0.04307558014988899,-0.3045830726623535
1789225149103211000,50.5832109375,-0.010517898015677929,0.12712490558624268,-0.3659556210041046
1789225149113248800,50.59324877929687,0.020583711564540863,0.03744782879948616,-0.3948539197444916
1789225149123286800,50.603286865234374,0.01979142241179943,0.0926322489976883,-0.3442189693450928
1789225149133325800,50.61332592773437,0.03012195974588394,0.06284511089324951,-0.10111600905656815
1789225149143363800,50.62336376953125,0.07887431979179382,0.030870666727423668,0.035835713148117065
1789225149153403000,50.63340283203125,0.07497545331716537,-0.026509536430239677,0.28020337224006653
1789225149163440600,50.643440673828124,0.05790458992123604,-0.03122599422931671,0.2390865683555603
1789225149173479000,50.65347900390625,0.004118712618947029,-0.004069133196026087,0.15942877531051636
1789225149183518000,50.66351806640625,-0.06043444573879242,0.01814429461956024,0.2069733887910843
1789225149193555700,50.6735556640625,-0.028788704425096512,-0.0009099808521568775,0.039454150944948196
1789225149203595000,50.683594970703126,-0.004802945535629988,0.10848681628704071,-0.059709981083869934
1789225149213632800,50.6936328125,0.022208964452147484,0.14637267589569092,0.1278229057788849
1789225149223670800,50.7036708984375,0.10031867772340775,0.07326757907867432,0.08191479742527008
1789225149233709800,50.71370971679688,0.0981549322605133,0.15587200224399567,-0.14740347862243652
1789225149243747600,50.72374755859375,0.08931190520524979,0.0522308312356472,0.029497787356376648
1789225149253787000,50.73378686523437,0.07596823573112488,0.034263428300619125,-0.0035757916048169136
1789225149263824600,50.74382470703125,0.05041733384132385,0.10937948524951935,-0.10728167742490768
1789225149273862700,50.753862548828124,0.06202545017004013,0.06613412499427795,-0.015064945444464684
1789225149283901400,50.7639013671875,0.07154465466737747,0.10947467386722565,-0.01200843509286642
1789225149293939700,50.773939697265625,0.07485990226268768,0.15709377825260162,0.0007763243047520518
1789225149303978500,50.783978515625,0.08596394956111908,0.16779382526874542,-0.026909630745649338
1789225149314016500,50.7940166015625,0.12172194570302963,0.10759785771369934,0.020214471966028214
1789225149324054500,50.80405444335938,0.1157815009355545,0.14540675282478333,0.06290733814239502
1789225149334093600,50.814093505859375,0.11900690197944641,0.18710225820541382,-0.005005248356610537
1789225149344131600,50.82413159179688,0.13837261497974396,0.28006547689437866,-0.20268715918064117
1789225149354170600,50.83417065429688,0.12114537507295609,0.25689566135406494,-0.14869800209999084
1789225149364208400,50.84420849609375,0.1241036206483841,0.22718732059001923,-0.04702224209904671
1789225149374246700,50.85424658203125,0.17954392731189728,0.24103619158267975,-0.18441809713840485
1789225149384285400,50.86428540039063,0.19307811558246613,0.35637158155441284,-0.25506192445755005
1789225149394323700,50.87432373046875,0.15458664298057556,0.2400248944759369,0.10968907177448273
1789225149404362500,50.88436254882812,0.09100686013698578,0.20513217151165009,0.09771709889173508
1789225149414400500,50.894400390625,0.04692048579454422,0.2780569791793823,-0.10509074479341507
1789225149424438500,50.9044384765625,0.07880783826112747,0.23476490378379822,0.018970750272274017
1789225149434477600,50.9144775390625,0.13455462455749512,0.2580493688583374,0.15782096982002258
1789225149444515600,50.924515625,0.2134678214788437,0.30283868312835693,-0.08284009993076324
1789225149454554600,50.9345546875,0.22230680286884308,0.3265056014060974,-0.21334674954414368
1789225149464592400,50.94459228515625,0.16204053163528442,0.24924997985363007,-0.08611422777175903
1789225149474630700,50.95463061523437,0.09764716029167175,0.28489431738853455,-0.06261833757162094
1789225149484669400,50.96466943359375,0.06386975944042206,0.2917511761188507,-0.2634449005126953
1789225149494707700,50.97470776367187,0.10064772516489029,0.34798136353492737,-0.2594800889492035
1789225149504745500,50.98474536132812,0.14911192655563354,0.25571349263191223,-0.12220479547977448
1789225149514784500,50.99478442382812,0.2070503979921341,0.2580414414405823,-0.22359733283519745
1789225149524822500,51.004822509765624,0.15847007930278778,0.1876964420080185,-0.17252029478549957
1789225149534861600,51.01486157226562,0.08289621025323868,0.1779925674200058,0.10229210555553436
1789225149544899600,51.024899658203125,0.0003677764907479286,0.16519421339035034,0.348974347114563
1789225149554937600,51.0349375,-0.02883259952068329,0.28214654326438904,0.2605133354663849
1789225149564976400,51.044976318359375,0.017634501680731773,0.2509992718696594,0.08389674872159958
1789225149575014700,51.0550146484375,0.06878267973661423,0.18907028436660767,0.1801202893257141
1789225149585053400,51.065053466796876,0.07872745394706726,0.14326897263526917,0.3766855299472809
1789225149595091500,51.07509155273438,0.06116198003292084,0.27461564540863037,0.29077062010765076
1789225149605129500,51.08512939453125,0.06064825505018234,0.26439177989959717,0.19400839507579803
1789225149615168500,51.09516845703125,0.06799545884132385,0.2711794078350067,0.0795142874121666
1789225149625206500,51.10520654296875,0.06583643704652786,0.32481148838996887,0.0032189872581511736
1789225149635245600,51.11524560546875,0.09171169996261597,0.30010247230529785,0.04443101957440376
1789225149645283600,51.12528369140625,0.10463948547840118,0.2886625826358795,0.02234489470720291
1789225149655321600,51.135321533203125,0.11062970757484436,0.2468738704919815,-0.23168066143989563
1789225149665360400,51.1453603515625,0.060231782495975494,0.2243904024362564,-0.29487109184265137
1789225149675398700,51.15539868164063,0.011359532363712788,0.1410302221775055,-0.2084137350320816
1789225149685437400,51.1654375,-0.04558790475130081,0.25426968932151794,-0.05383347347378731
1789225149695475500,51.175475341796876,-0.03457430377602577,0.23082144558429718,-0.002031459705904126
1789225149705513500,51.18551342773438,0.03741999343037605,0.2957881987094879,-0.15929459035396576
1789225149715552500,51.19555249023438,0.05783752724528313,0.2993484139442444,-0.07321073114871979
1789225149725590500,51.20559057617187,0.054648127406835556,0.2181585133075714,0.17801430821418762
1789225149735629600,51.21562963867188,0.018112752586603165,0.0695653110742569,0.24815824627876282
1789225149745667600,51.22566748046875,-0.08740248531103134,0.18216775357723236,0.11002354323863983
1789225149755705600,51.23570556640625,-0.15437956154346466,0.09970439225435257,0.26304057240486145
1789225149765744400,51.24574438476562,-0.13058102130889893,0.03953772410750389,0.23456980288028717
1789225149775782700,51.25578271484375,-0.12581850588321686,0.17914803326129913,0.0047748638316988945
1789225149785820400,51.2658203125,-0.09671095758676529,0.12310793995857239,0.09980311244726181
1789225149795859500,51.275859375,-0.0729859247803688,0.04384400323033333,0.2584420144557953
1789225149805897500,51.2858974609375,-0.0704542025923729,-0.014512702822685242,0.05778216943144798
1789225149815936500,51.2959365234375,-0.09318587929010391,-0.015000267885625362,-0.3751051723957062
1789225149825974500,51.305974609375,-0.19205306470394135,-0.10717227309942245,-0.3215402364730835
1789225149836012500,51.31601245117187,-0.25018996000289917,-0.14082571864128113,-0.0503116138279438
1789225149846051300,51.32605126953125,-0.28365710377693176,-0.15535299479961395,-0.0489313006401062
1789225149856089600,51.33608959960937,-0.25403428077697754,-0.056995466351509094,-0.18075117468833923
1789225149866128400,51.34612841796875,-0.1941072940826416,-0.07162207365036011,-0.12963898479938507
1789225149876166700,51.356166748046874,-0.10003596544265747,-0.18808840215206146,-0.13448120653629303
1789225149886204400,51.366204345703125,-0.11685622483491898,-0.22097045183181763,-0.12180882692337036
1789225149896243500,51.37624340820312,-0.22008001804351807,-0.1824348270893097,0.012091073207557201
1789225149906281500,51.386281494140626,-0.29741713404655457,-0.26949143409729004,0.12466901540756226
1789225149916320500,51.396320556640624,-0.3571488857269287,-0.1887027770280838,0.1562720388174057
1789225149926358500,51.40635864257813,-0.29973354935646057,-0.2235957831144333,0.001037180656567216
1789225149936396500,51.416396484375,-0.21255673468112946,-0.23659466207027435,-0.06329341232776642
1789225149946435300,51.426435302734376,-0.15326890349388123,-0.3111511766910553,0.06882547587156296
1789225149956473600,51.4364736328125,-0.15935064852237701,-0.20888465642929077,0.08002221584320068
1789225149966512400,51.44651245117188,-0.21594175696372986,-0.163662850856781,0.28279581665992737
1789225149976550700,51.45655053710937,-0.2501125633716583,-0.24779480695724487,0.13727301359176636
1789225149986588400,51.46658837890625,-0.2704612612724304,-0.20032049715518951,-0.19525034725666046
1789225149996627500,51.47662744140625,-0.25763702392578125,-0.30286452174186707,-0.09701959043741226
1789225150006665500,51.48666552734375,-0.18634608387947083,-0.3812618553638458,0.15895359218120575
1789225150016704500,51.49670458984375,-0.1193443238735199,-0.3245415985584259,0.15756021440029144
1789225150026742500,51.506742431640625,-0.09490848332643509,-0.2564999461174011,-0.08516215533018112
1789225150036780500,51.51678051757813,-0.12026429921388626,-0.20351575314998627,-0.2560068964958191
1789225150046819300,51.5268193359375,-0.1941789984703064,-0.14058765769004822,0.050714679062366486
1789225150056857600,51.53685766601563,-0.19202329218387604,-0.1665743887424469,0.34643831849098206
1789225150066895400,51.54689526367188,-0.11558763682842255,-0.13852918148040771,-0.0926855206489563
1789225150076934700,51.5569345703125,-0.01671433076262474,0.05102124065160751,-0.3812982141971588
1789225150086972400,51.56697241210937,0.010068015195429325,-0.0924733430147171,0.2929518520832062
1789225150097011500,51.57701147460938,0.059224359691143036,-0.23241038620471954,0.4767516553401947
1789225150107049500,51.58704956054687,-0.009311560541391373,-0.059060171246528625,0.1891496777534485
1789225150117087500,51.59708740234375,-0.01652335375547409,-0.08487328886985779,0.009151335805654526
1789225150127126500,51.60712646484375,-0.018365196883678436,-0.08945818245410919,0.10715007036924362
1789225150137164500,51.61716455078125,0.009157799184322357,-0.02394789457321167,0.1752084344625473
1789225150147203300,51.627203369140624,0.050918564200401306,0.04698380455374718,0.08452725410461426
1789225150157241600,51.63724169921875,0.09348072111606598,0.07263940572738647,-0.018171386793255806
1789225150167279400,51.647279296875,0.1084870994091034,0.09676019102334976,-0.08609131723642349
1789225150177318700,51.65731860351563,0.11898022145032883,0.0687759593129158,-0.14419881999492645
1789225150187356400,51.6673564453125,0.12298667430877686,0.052854783833026886,-0.09589813649654388
1789225150197395500,51.6773955078125,0.11694321036338806,0.017052888870239258,0.053423475474119186
1789225150207433500,51.68743359375,0.1439838856458664,-0.002502970863133669,0.005215464625507593
1789225150217471500,51.69747143554687,0.12243906408548355,0.04108165204524994,-0.09272483736276627
1789225150227510500,51.70751049804687,0.07261718064546585,0.08369915187358856,-0.13564196228981018
1789225150237548500,51.717548583984374,0.022631796076893806,0.05433119833469391,0.04106473922729492
1789225150247586600,51.72758666992188,0.06207400932908058,-0.013567958027124405,0.08769482374191284
1789225150257625600,51.73762548828125,0.10993693768978119,0.012418527156114578,-0.05523622781038284
1789225150267663400,51.747663330078126,0.13042384386062622,0.05289005488157272,-0.02199758216738701
1789225150277702400,51.757702392578125,0.1238599419593811,-0.023049097508192062,0.20454250276088715
1789225150287740200,51.767740234375,0.084914930164814,-0.003999505657702684,0.03385518118739128
1789225150297778400,51.7777783203125,0.026668641716241837,0.05492907017469406,-0.14879126846790314
1789225150307817200,51.787817138671876,0.011596482247114182,-0.023646967485547066,-0.14021135866641998
1789225150317855200,51.79785522460938,-0.004185653757303953,0.02635073848068714,-0.03141928091645241
1789225150327894300,51.80789428710938,0.05351998656988144,-0.00008406443521380424,0.06643617898225784
1789225150337932300,51.81793237304687,0.09373318403959274,0.06379131972789764,-0.02192644402384758
1789225150347970300,51.82797021484375,0.07639653980731964,0.024585595354437828,0.06320682913064957
1789225150358009300,51.83800927734375,0.058496586978435516,-0.06337892264127731,0.030559632927179337
1789225150368047400,51.84804736328125,-0.011447610333561897,-0.005303903482854366,-0.1346290558576584
1789225150378086400,51.85808642578125,-0.028691068291664124,-0.04410594701766968,0.05785933881998062
1789225150388124200,51.868124267578125,0.026947427541017532,-0.16057556867599487,0.07787459343671799
1789225150398162400,51.87816235351563,0.024379726499319077,-0.054400790482759476,-0.09658093750476837
1789225150408201200,51.888201171875,-0.004869504831731319,-0.029589980840682983,-0.055323243141174316
1789225150418239200,51.8982392578125,-0.0429101437330246,-0.06300337612628937,0.12566861510276794
1789225150428278300,51.9082783203125,-0.08888669312000275,-0.011552435345947742,0.10759878903627396
1789225150438316300,51.91831640625,-0.06545678526163101,0.03157055377960205,-0.03362319990992546
1789225150448354300,51.92835424804687,-0.0174823347479105,0.0026534192729741335,0.11775033921003342
1789225150458393300,51.93839331054688,0.03483185917139053,-0.040213339030742645,0.33580929040908813
1789225150468431400,51.948431396484374,0.061866674572229385,-0.03128349408507347,0.3331645131111145
1789225150478469400,51.958469482421876,0.039426080882549286,-0.04244613274931908,0.20234285295009613
1789225150488508200,51.96850805664062,-0.03042277693748474,0.008038343861699104,0.14774538576602936
1789225150498546400,51.97854638671875,-0.07481370121240616,-0.08447207510471344,0.13308462500572205
1789225150508585200,51.988585205078124,-0.10101840645074844,-0.028080707415938377,-0.09595441818237305
1789225150518623200,51.998623291015626,-0.1018335372209549,0.006048864684998989,-0.1317588984966278
1789225150528661200,52.0086611328125,-0.02085532620549202,-0.08346130698919296,-0.12471136450767517
1789225150538700300,52.0187001953125,0.006552547216415405,-0.11664194613695145,-0.07751007378101349
1789225150548738300,52.02873828125,0.02096264436841011,-0.09832445532083511,-0.2031335085630417
1789225150558777300,52.03877734375,-0.02615661360323429,-0.010068586096167564,-0.2455618977546692
1789225150568815000,52.04881518554687,-0.06302541494369507,-0.0461280532181263,-0.12456142902374268
1789225150578853400,52.058853271484374,-0.08160367608070374,-0.04879198968410492,-0.10697247833013535
1789225150588892200,52.06889208984375,-0.08097943663597107,-0.0038908289279788733,-0.29648515582084656
1789225150598930400,52.078930419921875,-0.08505549281835556,-0.016563961282372475,-0.22423075139522552
1789225150608969200,52.08896923828125,-0.0792631134390831,-0.17454534769058228,0.2783021330833435
1789225150619007200,52.09900732421875,-0.06410760432481766,-0.13942544162273407,0.12580901384353638
1789225150629045200,52.109045166015626,-0.10113086551427841,0.07998095452785492,-0.0671660378575325
1789225150639084300,52.119084228515625,-0.07049771398305893,-0.05116335675120354,0.07294163852930069
1789225150649122300,52.12912231445313,-0.07722272723913193,-0.13263051211833954,0.16257192194461823
1789225150659160300,52.13916040039062,-0.08894576877355576,-0.06997628509998322,-0.0734252855181694
1789225150669199000,52.14919921875,-0.14713796973228455,-0.026661302894353867,-0.00034574849996715784
1789225150679237400,52.1592373046875,-0.16838936507701874,-0.17390993237495422,0.13277724385261536
1789225150689276200,52.16927612304688,-0.20506535470485687,-0.14184227585792542,-0.0877721756696701
1789225150699314400,52.179314453125,-0.2317008674144745,-0.08750198781490326,-0.2926371097564697
1789225150709352200,52.189352294921875,-0.1977279931306839,-0.23822304606437683,-0.10293347388505936
1789225150719391200,52.19939111328125,-0.16638153791427612,-0.2600644826889038,-0.10778585076332092
1789225150729429200,52.20942919921875,-0.162917822599411,-0.21099282801151276,-0.10859598219394684
1789225150739468300,52.21946826171875,-0.15153037011623383,-0.23363502323627472,-0.14900051057338715
1789225150749506300,52.22950634765625,-0.20059964060783386,-0.2176981419324875,-0.056014373898506165
1789225150759544300,52.23954443359375,-0.2504351735115051,-0.25659099221229553,-0.060663219541311264
1789225150769583000,52.2495830078125,-0.3027700185775757,-0.22425489127635956,-0.08834438771009445
1789225150779621400,52.25962133789063,-0.31267431378364563,-0.29586076736450195,-0.019526682794094086
1789225150789660200,52.26966015625,-0.25619691610336304,-0.3125569224357605,-0.08659306913614273
1789225150799698400,52.27969848632812,-0.2263660877943039,-0.28258222341537476,-0.06781265884637833
1789225150809736200,52.28973608398437,-0.1543579399585724,-0.33763453364372253,-0.0663742870092392
1789225150819775200,52.29977514648437,-0.2032189816236496,-0.2317589819431305,0.08295480161905289
1789225150829813200,52.309813232421874,-0.20154118537902832,-0.2858498990535736,0.019650934264063835
1789225150839851300,52.319851318359376,-0.229421928524971,-0.21194247901439667,-0.225287526845932
1789225150849890300,52.329890380859375,-0.21241150796413422,-0.3266957104206085,-0.21727940440177917
1789225150859928300,52.33992822265625,-0.1974714994430542,-0.3593875765800476,-0.13904786109924316
1789225150869967000,52.349967041015624,-0.23954518139362335,-0.32050755620002747,-0.015558147802948952
1789225150880005400,52.36000537109375,-0.24651430547237396,-0.3218422532081604,-0.060658443719148636
1789225150890043100,52.37004321289062,-0.2652014493942261,-0.24930837750434875,-0.08242978155612946
1789225150900082400,52.38008251953125,-0.21361474692821503,-0.20297348499298096,-0.11896928399801254
1789225150910120200,52.3901201171875,-0.12064752727746964,-0.1539076715707779,-0.1586860716342926
1789225150920159200,52.4001591796875,-0.03349965065717697,-0.12444940954446793,-0.08513966202735901
1789225150930197200,52.410197265625,0.002979530021548271,-0.10914049297571182,0.06437313556671143
1789225150940235300,52.4202353515625,-0.031779851764440536,-0.06349746882915497,0.12009219825267792
1789225150950274300,52.4302744140625,-0.08806469291448593,-0.016544871032238007,0.0375688299536705
1789225150960312300,52.440312255859375,-0.12782181799411774,-0.040220778435468674,-0.004167329519987106
1789225150970350300,52.45035034179688,-0.11543705314397812,-0.025735845789313316,-0.02476794458925724
1789225150980389400,52.460389404296876,-0.04534432664513588,-0.03761490806937218,0.035671185702085495
1789225150990427100,52.47042724609375,0.02710697054862976,-0.04098540544509888,0.11828137189149857
1789225151000466400,52.48046655273438,0.054867785423994064,-0.02719450183212757,0.17279089987277985
1789225151010504200,52.49050415039063,0.07415653020143509,-0.007820537313818932,-0.1828622817993164
1789225151020542500,52.50054248046875,0.001122533343732357,0.17180247604846954,-0.3265664577484131
1789225151030581200,52.51058129882812,-0.03745468705892563,0.06012256443500519,0.022029085084795952
1789225151040619300,52.520619384765624,-0.049189306795597076,0.03776441887021065,-0.09533828496932983
1789225151050658300,52.530658203125,-0.10397958010435104,0.1539245843887329,-0.2031145542860031
1789225151060696300,52.5406962890625,-0.05317661166191101,-0.023153847083449364,-0.0017716718139126897
1789225151070734300,52.550734375,-0.027747150510549545,-0.08880848437547684,0.06721857935190201
1789225151080773400,52.5607734375,-0.03694428130984306,-0.07183767855167389,0.008599547669291496
1789225151090811100,52.57081103515625,-0.09558282792568207,-0.06533530354499817,0.11286336928606033
1789225151100850400,52.580850341796875,-0.1403818428516388,-0.11696328222751617,0.1184873953461647
1789225151110888200,52.59088818359375,-0.16601529717445374,-0.028521563857793808,-0.1850711554288864
1789225151120926500,52.60092651367187,-0.18645016849040985,0.018531911075115204,-0.0478636771440506
1789225151130965200,52.61096533203125,-0.15000933408737183,-0.11320507526397705,0.24696983397006989
1789225151141003300,52.62100317382812,-0.13473838567733765,-0.049681156873703,0.038989484310150146
1789225151151041300,52.631041259765624,-0.15954439342021942,-0.0781112015247345,0.018448786810040474
1789225151161080300,52.64108032226562,-0.1682630479335785,-0.21340985596179962,0.054848428815603256
1789225151171118300,52.651118408203125,-0.23625195026397705,-0.23746778070926666,0.09306639432907104
1789225151181157400,52.661157470703124,-0.26322439312934875,-0.31458887457847595,0.03619568422436714
1789225151191195100,52.671195068359374,-0.2840516269207001,-0.29457417130470276,0.03491443768143654
1789225151201233400,52.6812333984375,-0.2829371988773346,-0.26197290420532227,0.04432033374905586
1789225151211272200,52.691272216796875,-0.25535136461257935,-0.1897871345281601,-0.1096615120768547
1789225151221310500,52.701310546875,-0.24457615613937378,-0.17113150656223297,-0.11335024237632751
1789225151231349200,52.711349365234376,-0.21394580602645874,-0.2366521954536438,-0.1506001502275467
1789225151241387300,52.72138720703125,-0.2319008708000183,-0.28500473499298096,0.015541092492640018
1789225151251425300,52.73142529296875,-0.24219079315662384,-0.3154771625995636,0.0696549266576767
1789225151261464300,52.74146435546875,-0.2580162286758423,-0.32036513090133667,-0.012727703899145126
1789225151271502300,52.75150244140625,-0.2882433533668518,-0.3147735595703125,0.08836322277784348
1789225151281540400,52.761540283203125,-0.3006477952003479,-0.28011658787727356,0.12522757053375244
1789225151291579400,52.771579345703124,-0.3175745904445648,-0.19844596087932587,0.1858336627483368
1789225151301617400,52.781617431640626,-0.2948126792907715,-0.2364589273929596,0.2816198170185089
1789225151311656400,52.791656494140625,-0.2451058328151703,-0.27145126461982727,0.23329304158687592
1789225151321694500,52.80169458007813,-0.2038075476884842,-0.25220394134521484,0.05853896588087082
1789225151331732500,52.811732421875,-0.1868770271539688,-0.30157867074012756,0.22218994796276093
1789225151341771300,52.821771240234376,-0.20365498960018158,-0.394169420003891,0.3357280492782593
1789225151351809500,52.8318095703125,-0.2102457731962204,-0.40882667899131775,-0.1045081838965416
1789225151361848300,52.84184838867188,-0.30356284976005554,-0.2565126121044159,-0.1843019276857376
1789225151371886600,52.85188647460937,-0.3277909457683563,-0.28429391980171204,0.22487041354179382
1789225151381924400,52.86192431640625,-0.29920509457588196,-0.2701682448387146,0.30603423714637756
1789225151391963400,52.87196337890625,-0.21728812158107758,-0.09790009260177612,-0.010540787130594254
1789225151402001400,52.88200146484375,-0.1176348626613617,-0.10185103118419647,-0.1977550983428955
1789225151412039200,52.8920390625,-0.08391658216714859,-0.3153398931026459,0.11305124312639236
1789225151422078500,52.902078369140625,-0.0925530195236206,-0.4600115418434143,0.24134652316570282
1789225151432116500,52.91211645507813,-0.22582319378852844,-0.3621203899383545,0.24422912299633026
1789225151442155300,52.9221552734375,-0.3156125843524933,-0.37166398763656616,0.2775275409221649
1789225151452193500,52.93219360351563,-0.3296397030353546,-0.2732226252555847,0.16383293271064758
1789225151462231300,52.94223120117187,-0.2772357761859894,-0.3836742341518402,0.15794922411441803
1789225151472270600,52.9522705078125,-0.16594867408275604,-0.5547018647193909,0.22915948927402496
1789225151482308400,52.96230834960937,-0.10054618865251541,-0.5695297122001648,-0.03399126976728439
1789225151492347400,52.97234741210937,-0.10829199105501175,-0.3632649779319763,-0.024914683774113655
1789225151502385400,52.982385498046874,-0.0802244022488594,-0.3750596046447754,-0.15056554973125458
1789225151512423400,52.99242333984375,-0.09288693964481354,-0.28068941831588745,-0.21655787527561188
1789225151522462500,53.00246240234375,-0.06962889432907104,-0.24283777177333832,-0.38557711243629456
1789225151532500500,53.01250048828125,-0.03524509072303772,-0.20782998204231262,-0.5687437057495117
1789225151542538500,53.02253857421875,-0.04372759535908699,-0.13180695474147797,-0.3988560140132904
1789225151552577500,53.03257763671875,-0.04797746613621712,-0.09869507700204849,0.07851853221654892
1789225151562615300,53.042615234375,-0.01484483852982521,-0.2808169722557068,0.09404680877923965
1789225151572654600,53.05265454101563,0.00014636199921369553,-0.23591530323028564,-0.16002967953681946
1789225151582692400,53.0626923828125,-0.03678887337446213,-0.28444117307662964,0.13494746387004852
1789225151592730400,53.07273046875,-0.010842493735253811,-0.3429095447063446,0.4916493892669678
1789225151602769400,53.08276928710937,0.019119398668408394,-0.21603193879127502,0.41058504581451416
1789225151612807400,53.092807373046874,0.04187397658824921,-0.08764947205781937,0.3123359680175781
1789225151622846500,53.10284643554687,0.07972229272127151,-0.04245802387595177,0.29919248819351196
1789225151632884500,53.112884521484375,0.078968346118927,0.03419627249240875,0.10245758295059204
1789225151642922500,53.12292260742188,0.07665501534938812,0.05159823223948479,0.11415121704339981
1789225151652961500,53.13296142578125,0.09749531745910645,-0.04436212033033371,0.18005779385566711
1789225151662999300,53.142999267578126,0.12490388751029968,0.0024247614201158285,-0.05136074498295784
1789225151673037300,53.15303735351562,0.15978915989398956,-0.005254197400063276,-0.24141722917556763
1789225151683076400,53.16307641601563,0.1944432407617569,-0.17243097722530365,-0.16644157469272614
1789225151693114400,53.1731142578125,0.1612410694360733,-0.17879247665405273,-0.18846723437309265
1789225151703153400,53.1831533203125,0.09612902998924255,-0.07488084584474564,-0.2146957516670227
1789225151713191400,53.19319140625,0.08073676377534866,-0.04639088362455368,-0.02361208014190197
1789225151723229400,53.2032294921875,0.11841502040624619,-0.0076778344810009,0.027386797592043877
1789225151733268500,53.2132685546875,0.18359136581420898,0.18373820185661316,-0.14518523216247559
1789225151743306500,53.223306396484375,0.24378129839897156,0.2168004810810089,-0.05486244708299637
1789225151753344300,53.23334423828125,0.2888462543487549,0.1621771901845932,0.10482095927000046
1789225151763383300,53.24338330078125,0.25983965396881104,0.19523872435092926,0.18424111604690552
1789225151773421300,53.25342138671875,0.2389940470457077,0.10783457010984421,0.08822563290596008
1789225151783460400,53.26346044921875,0.19944198429584503,0.1121823787689209,0.014461910352110863
1789225151793498600,53.27349853515625,0.19350899755954742,0.04730483889579773,0.0976976752281189
1789225151803536400,53.28353637695312,0.20899389684200287,0.08099878579378128,0.12559518218040466
1789225151813575400,53.29357543945312,0.19521282613277435,0.1523110419511795,0.13083121180534363
1789225151823613400,53.303613525390624,0.21349698305130005,0.11986017972230911,0.008325649425387383
1789225151833652500,53.31365258789062,0.20892485976219177,0.1439839005470276,-0.28199753165245056
1789225151843690500,53.3236904296875,0.18150141835212708,0.16216275095939636,-0.36038121581077576
1789225151853728300,53.333728271484375,0.20185382664203644,0.05403175204992294,-0.3134549856185913
1789225151863767300,53.343767333984374,0.19865624606609344,0.07864243537187576,-0.3219718337059021
1789225151873805300,53.353805419921876,0.1966053545475006,0.11567022651433945,-0.41085273027420044
1789225151883843300,53.36384326171875,0.176630899310112,0.08123260736465454,-0.24713872373104095
1789225151893882600,53.37388256835938,0.1965971440076828,-0.023307915776968002,-0.08668219298124313
1789225151903920400,53.38392041015625,0.14700937271118164,0.06371118873357773,-0.004175778478384018
1789225151913959400,53.39395947265625,0.06615421175956726,0.08122386783361435,0.12025030702352524
1789225151923997400,53.40399755859375,-0.007490178104490042,0.025101151317358017,0.08979585021734238
1789225151934035200,53.41403515625,-0.0996379479765892,-0.03566499426960945,0.25327959656715393
1789225151944074500,53.42407446289062,-0.0989052876830101,-0.11936456710100174,0.41693878173828125
1789225151954112300,53.4341123046875,-0.05343208461999893,-0.08843434602022171,0.2643737494945526
1789225151964150500,53.44415063476563,0.003376338630914688,-0.032017409801483154,0.3640739917755127
1789225151974189300,53.454189208984374,0.06030433624982834,-0.18847545981407166,0.46207883954048157
1789225151984227300,53.464227294921876,0.08467027544975281,-0.1291441023349762,-0.03986780345439911
1789225151994266600,53.4742666015625,-0.04042452573776245,-0.05052891746163368,-0.14698146283626556
1789225152004304400,53.48430444335938,-0.12595699727535248,-0.18833450973033905,0.23276199400424957
1789225152014342400,53.49434228515625,-0.1351611465215683,-0.27885428071022034,-0.07653433829545975
1789225152024381400,53.50438134765625,-0.12644189596176147,-0.09847024828195572,-0.5721108317375183
1789225152034419200,53.51441918945312,-0.06567788124084473,-0.24028784036636353,-0.5795887112617493
1789225152044458500,53.52445849609375,-0.03886512666940689,-0.3056584894657135,-0.2943764626979828
1789225152054496300,53.53449633789062,-0.05651043355464935,-0.23893722891807556,-0.2798590362071991
1789225152064534500,53.544534423828125,-0.09710930287837982,-0.20302975177764893,-0.20907442271709442
1789225152074573600,53.554573486328124,-0.10978595167398453,-0.26433065533638,-0.17919881641864777
1789225152084611300,53.564611328125,-0.12376638501882553,-0.31136706471443176,-0.19789466261863708
1789225152094649300,53.5746494140625,-0.15282413363456726,-0.33349552750587463,-0.05743315815925598
1789225152104688400,53.5846884765625,-0.1832023561000824,-0.3687030076980591,0.28874146938323975
1789225152114726400,53.59472631835938,-0.1979735791683197,-0.3491407632827759,0.5154533982276917
1789225152124765400,53.60476538085938,-0.1795274168252945,-0.30320924520492554,0.4281863272190094
1789225152134803200,53.61480322265625,-0.15483617782592773,-0.17565634846687317,0.2630418539047241
1789225152144841500,53.624841552734374,-0.1287352591753006,-0.27675551176071167,0.3339519500732422
1789225152154880300,53.63488037109375,-0.11912843585014343,-0.382195383310318,0.5340254306793213
1789225152164918500,53.64491845703125,-0.12236272543668747,-0.36566925048828125,0.47778385877609253
1789225152174956300,53.654956298828125,-0.12230333685874939,-0.40351995825767517,0.27887874841690063
1789225152184995300,53.664995361328124,-0.11143767088651657,-0.3687874674797058,0.014168446883559227
1789225152195033300,53.675033447265626,-0.12960095703601837,-0.420099675655365,0.07924384623765945
1789225152205072400,53.685072265625,-0.12257283180952072,-0.40241923928260803,-0.1320093870162964
1789225152215110400,53.6951103515625,-0.13241374492645264,-0.30109846591949463,-0.2374151647090912
1789225152225148400,53.7051484375,-0.052055954933166504,-0.3622799217700958,-0.29111653566360474
1789225152235187200,53.71518725585938,0.017487701028585434,-0.29068535566329956,-0.37865808606147766
1789225152245225500,53.7252255859375,0.07156553119421005,-0.279823362827301,-0.2768631875514984
1789225152255264300,53.73526416015625,0.09702455252408981,-0.2562096416950226,-0.07748163491487503
1789225152265302500,53.74530249023437,0.0787452682852745,-0.19422610104084015,-0.11552833020687103
1789225152275340300,53.75534033203125,0.05596485733985901,-0.11065450310707092,-0.3293551504611969
1789225152285379600,53.765379638671874,-0.00747585017234087,-0.12542249262332916,-0.22262491285800934
1789225152295417600,53.77541748046875,-0.023195691406726837,-0.1918816715478897,-0.046547628939151764
1789225152305455600,53.78545556640625,0.0019610861781984568,-0.14779545366764069,0.04914102330803871
1789225152315494700,53.79549462890625,0.09037616848945618,-0.053006358444690704,0.31237319111824036
1789225152325532700,53.80553271484375,0.21685002744197845,0.007685848046094179,0.3767877221107483
1789225152335571700,53.81557177734375,0.3223644495010376,0.22412069141864777,0.10619484633207321
1789225152345609700,53.82560961914062,0.35978880524635315,0.20215833187103271,-0.18581824004650116
1789225152355647500,53.8356474609375,0.2918422520160675,0.09645533561706543,-0.1094808578491211
1789225152365686500,53.8456865234375,0.21086806058883667,0.09326917678117752,0.08590231090784073
1789225152375724500,53.855724609375,0.1794784516096115,0.08917057514190674,0.0020574743393808603
1789225152385762800,53.8657626953125,0.23271533846855164,0.13537172973155975,-0.3690517246723175
1789225152395801600,53.875801513671874,0.29142633080482483,0.21277570724487305,-0.5317080616950989
1789225152405839600,53.885839599609376,0.3085702061653137,0.1745016723871231,-0.1825069636106491
1789225152415878700,53.895878662109375,0.33688226342201233,0.20279616117477417,-0.06353078037500381
1789225152425916700,53.90591674804688,0.35508161783218384,0.30851519107818604,-0.16725608706474304
1789225152435954700,53.91595458984375,0.3836216628551483,0.34312722086906433,-0.11290895938873291
1789225152445993700,53.92599365234375,0.4063601791858673,0.3117794990539551,-0.13189896941184998
1789225152456031500,53.93603149414062,0.36884263157844543,0.40955477952957153,0.0032175651285797358
1789225152466069800,53.94606982421875,0.3288252651691437,0.3217732310295105,0.32684049010276794
1789225152476108500,53.95610864257812,0.29270586371421814,0.2873164713382721,0.25906679034233093
1789225152486146800,53.966146728515625,0.2953912019729614,0.29554006457328796,-0.08163568377494812
1789225152496185600,53.976185546875,0.28616440296173096,0.21299511194229126,-0.21929316222667694
1789225152506223600,53.9862236328125,0.2668718695640564,0.2219030261039734,0.11109928786754608
1789225152516261600,53.99626171875,0.25436726212501526,0.23033539950847626,0.01903248019516468
1789225152526300700,54.00630078125,0.23268210887908936,0.38922980427742004,-0.17342105507850647
1789225152536338700,54.01633862304688,0.23417295515537262,0.29803305864334106,0.06734653562307358
1789225152546376700,54.02637670898437,0.26558804512023926,0.21535871922969818,-0.014494111761450768
1789225152556415500,54.03641552734375,0.246626079082489,0.2683018445968628,-0.3951144218444824
1789225152566453800,54.046453857421874,0.2043195217847824,0.2442024201154709,-0.48966357111930847
1789225152576492500,54.05649243164063,0.10367466509342194,0.1320364624261856,-0.09782951325178146
1789225152586530600,54.06653051757812,0.03087545931339264,0.11414426565170288,-0.02435416355729103
1789225152596568600,54.076568603515625,0.002813199069350958,0.23750561475753784,-0.22373518347740173
1789225152606607600,54.086607666015624,0.03896788880228996,0.16851621866226196,-0.14172077178955078
1789225152616645600,54.096645751953126,0.11480992287397385,0.03546708822250366,-0.14659355580806732
1789225152626683600,54.10668359375,0.11215589195489883,0.09918331354856491,-0.15899577736854553
1789225152636722700,54.11672265625,0.09221174567937851,0.12008567154407501,0.2628028690814972
1789225152646760700,54.1267607421875,0.07599642872810364,0.13943766057491302,0.5073511600494385
1789225152656799500,54.136799560546876,0.026340195909142494,0.30914998054504395,0.34173667430877686
1789225152666837800,54.14683764648437,0.019253740087151527,0.3108309209346771,0.12586666643619537
1789225152676875500,54.15687548828125,-0.014896239154040813,0.1788686364889145,0.2226315587759018
1789225152686914600,54.16691455078125,-0.02580668032169342,-0.0301856379956007,0.32369667291641235
1789225152696952600,54.17695263671875,-0.09283498674631119,0.01826045848429203,0.4119924306869507
1789225152706990600,54.186990478515625,-0.12032455950975418,-0.008633258752524853,0.26905372738838196
1789225152717029600,54.197029541015624,-0.1150677502155304,-0.0360393188893795,-0.09166479110717773
1789225152727067600,54.207067626953126,-0.1722864955663681,-0.08912613987922668,-0.36697641015052795
1789225152737106700,54.217106689453125,-0.19769971072673798,-0.17169106006622314,-0.07143902033567429
1789225152747144700,54.22714477539063,-0.19054923951625824,-0.2860569357872009,0.12540917098522186
1789225152757182700,54.2371826171875,-0.18253818154335022,-0.10114113241434097,-0.10660729557275772
1789225152767221800,54.2472216796875,-0.2204752117395401,-0.031309571117162704,-0.07952076196670532
1789225152777259500,54.25725952148437,-0.22055350244045258,-0.17589685320854187,-0.1005094051361084
1789225152787298600,54.26729858398438,-0.23153527081012726,-0.30005118250846863,-0.3791390061378479
1789225152797336600,54.27733666992187,-0.2806303799152374,-0.33027830719947815,-0.24125248193740845
1789225152807374600,54.28737451171875,-0.3135707974433899,-0.4139924943447113,0.2332581877708435
1789225152817413600,54.29741357421875,-0.34465494751930237,-0.29585760831832886,0.3137255907058716
1789225152827451600,54.30745166015625,-0.3284866213798523,-0.21235692501068115,0.3446285128593445
1789225152837489700,54.31748974609375,-0.3190521001815796,-0.2952755093574524,0.3264133036136627
1789225152847528700,54.32752880859375,-0.33476611971855164,-0.2034500241279602,0.2264043092727661
1789225152857566700,54.33756665039063,-0.34616124629974365,-0.33708104491233826,0.28231602907180786
1789225152867604700,54.34760473632812,-0.29153957962989807,-0.6581637263298035,0.17724481225013733
1789225152877643500,54.3576435546875,-0.2781454920768738,-0.4345250427722931,0.4781966507434845
1789225152887681800,54.367681884765624,-0.24062681198120117,-0.36724549531936646,0.32776549458503723
1789225152897720600,54.37772045898438,-0.26184314489364624,-0.24955987930297852,0.06905965507030487
1789225152907758600,54.38775854492187,-0.33390164375305176,-0.1808481216430664,0.08651947975158691
1789225152917796600,54.397796630859375,-0.410959929227829,-0.20059865713119507,0.26845359802246094
1789225152927835600,54.407835693359374,-0.4280579388141632,-0.29793331027030945,0.22538049519062042
1789225152937873700,54.417873779296876,-0.38312721252441406,-0.13734173774719238,0.3897079527378082
1789225152947912700,54.42791259765625,-0.2784259021282196,-0.17163337767124176,0.4380497336387634
1789225152957950700,54.43795068359375,-0.19422392547130585,-0.575516939163208,0.26703324913978577
1789225152967988700,54.44798876953125,-0.17289972305297852,-0.513333797454834,0.3196781873703003
1789225152978027500,54.458027587890626,-0.18714576959609985,-0.6383359432220459,0.32238370180130005
1789225152988065800,54.46806567382812,-0.2520586848258972,-0.5483542084693909,0.06080080196261406
1789225152998103600,54.478103515625,-0.30800265073776245,-0.21339647471904755,-0.05080056190490723
1789225153008142600,54.488142578125,-0.2852352559566498,-0.18606135249137878,-0.06841383129358292
1789225153018180600,54.4981806640625,-0.15133684873580933,-0.35886189341545105,-0.47428861260414124
1789225153028218600,54.508218505859375,-0.10458473116159439,-0.28973937034606934,-0.7069000601768494
1789225153038257700,54.518257568359374,-0.09237466752529144,-0.25356325507164,-0.48859941959381104
1789225153048295700,54.528295654296876,-0.11585976928472519,-0.24780243635177612,-0.19162069261074066
1789225153058334500,54.53833447265625,-0.15704582631587982,-0.16343562304973602,0.07841053605079651
1789225153068372700,54.54837280273438,-0.15421004593372345,-0.24481385946273804,-0.0782255083322525
1789225153078410800,54.55841064453125,-0.14275525510311127,-0.07397153973579407,-0.24643182754516602
1789225153088449800,54.56844970703125,-0.12064426392316818,-0.15926778316497803,0.1334046572446823
1789225153098487600,54.57848754882812,-0.0780070573091507,-0.33448246121406555,0.6058741807937622
1789225153108525800,54.58852587890625,-0.08955057710409164,-0.1889168620109558,0.6853240728378296
1789225153118564600,54.59856469726562,-0.06554164737462997,-0.1458282470703125,0.4696200489997864
1789225153128602600,54.6086025390625,0.028083765879273415,-0.14541557431221008,0.12181776016950607
1789225153138641700,54.6186416015625,0.01596611738204956,-0.16108615696430206,0.05437614023685455
1789225153148679700,54.6286796875,-0.020889855921268463,-0.09171522408723831,0.23534661531448364
1789225153158717700,54.6387177734375,-0.03849015757441521,-0.06652465462684631,0.29558226466178894
1789225153168756700,54.6487568359375,0.01824224554002285,0.01738581992685795,0.075475312769413
1789225153178794500,54.65879443359375,0.08935876935720444,0.08093123883008957,-0.22240829467773438
1789225153188832800,54.66883276367187,0.16808301210403442,-0.043665554374456406,-0.29453033208847046
1789225153198871600,54.67887158203125,0.24321983754634857,-0.2644008696079254,-0.2898804545402527
1789225153208909800,54.688909912109374,0.18970045447349548,-0.1540292352437973,-0.18163979053497314
1789225153218948600,54.69894848632813,0.10249790549278259,-0.021690629422664642,0.008842549286782742
1789225153228986600,54.70898657226562,0.03347521275281906,0.07952558249235153,0.08988244831562042
1789225153239024600,54.719024658203125,0.04998068884015083,0.2025471031665802,0.013020156882703304
1789225153249063700,54.729063720703124,0.17301979660987854,0.21774762868881226,-0.021266445517539978
1789225153259101700,54.739101806640626,0.2837742865085602,0.20920714735984802,0.18662895262241364
1789225153269139700,54.7491396484375,0.36021262407302856,0.15114948153495789,0.2744118571281433
1789225153279178200,54.75917822265625,0.35213232040405273,0.17861706018447876,0.31884482502937317
1789225153289216000,54.769216064453126,0.31406402587890625,0.18136782944202423,0.28407832980155945
1789225153299255000,54.779255126953124,0.2856464982032776,0.22521331906318665,0.17039303481578827
1789225153309293000,54.78929296875,0.2642720937728882,0.30012625455856323,0.03849073499441147
1789225153319331000,54.7993310546875,0.3103005886077881,0.3673255443572998,-0.02063942700624466
1789225153329370400,54.80937036132813,0.3947470188140869,0.44085827469825745,-0.1050541028380394
1789225153339408100,54.819408203125,0.4767979383468628,0.4412292540073395,-0.2780218720436096
1789225153349446100,54.82944604492187,0.4920458197593689,0.43868428468704224,-0.3063808083534241
1789225153359485200,54.83948510742187,0.4743746817111969,0.40650665760040283,-0.18667224049568176
1789225153369523000,54.84952294921875,0.438175231218338,0.3949987590312958,-0.10017048567533493
1789225153379562200,54.85956225585937,0.4305575489997864,0.36573752760887146,-0.1600724458694458
1789225153389600000,54.86960009765625,0.42155230045318604,0.45399683713912964,-0.11447262763977051
1789225153399638300,54.87963818359375,0.4823128581047058,0.4546954035758972,0.09938479959964752
1789225153409677300,54.88967724609375,0.5719951391220093,0.426634281873703,-0.1321716606616974
1789225153419715000,54.89971508789063,0.5368438363075256,0.6660258173942566,-0.3279595375061035
1789225153429753000,54.90975317382812,0.4785282611846924,0.5948671102523804,0.1805431991815567
1789225153439792000,54.91979223632813,0.46136337518692017,0.44204801321029663,0.43210938572883606
1789225153449830100,54.929830078125,0.4348275065422058,0.5443372130393982,0.011320512741804123
1789225153459869200,54.939869140625,0.43283811211586,0.6015019416809082,-0.12536384165287018
1789225153469907000,54.94990698242187,0.4988505244255066,0.369586318731308,0.15495745837688446
1789225153479945200,54.9599453125,0.5421434044837952,0.3828648626804352,0.039653241634368896
1789225153489984000,54.96998388671875,0.4641048312187195,0.6134344935417175,-0.0005803771782666445
1789225153500022300,54.980022216796876,0.41543424129486084,0.6101260781288147,-0.021803639829158783
1789225153510060000,54.99006005859375,0.38847488164901733,0.586071252822876,-0.15388619899749756
1789225153520099000,55.00009912109375,0.42191246151924133,0.5503854155540466,-0.35392874479293823
1789225153530137000,55.01013720703125,0.45807555317878723,0.5837785005569458,-0.3858232796192169
1789225153540175000,55.02017504882812,0.4881492853164673,0.5429480075836182,-0.2070213258266449
1789225153550214100,55.03021411132813,0.520680844783783,0.5441247224807739,-0.2320500910282135
1789225153560252200,55.04025219726562,0.4570363759994507,0.6725835800170898,-0.24263855814933777
1789225153570291000,55.050291015625,0.4163146913051605,0.6134057641029358,-0.10369983315467834
1789225153580329200,55.0603291015625,0.37165239453315735,0.5686939358711243,0.22314725816249847
1789225153590367000,55.070366943359375,0.40270817279815674,0.564432680606842,0.38971564173698425
1789225153600406300,55.08040625,0.45110979676246643,0.5864165425300598,0.3487394452095032
1789225153610444000,55.090444091796876,0.47974684834480286,0.5741495490074158,0.332996129989624
1789225153620482300,55.100482421875,0.4511474370956421,0.6034685373306274,0.4416579008102417
1789225153630521000,55.11052099609375,0.371982604265213,0.6211312413215637,0.3151080310344696
1789225153640559000,55.12055908203125,0.3195044994354248,0.7462028861045837,-0.06789287179708481
1789225153650598100,55.13059814453125,0.3189527094364166,0.7370353937149048,-0.25383833050727844
1789225153660636200,55.14063623046875,0.3908098638057709,0.7142784595489502,-0.1487574726343155
1789225153670674200,55.15067407226562,0.4725014567375183,0.664442241191864,-0.23078933358192444
1789225153680713200,55.16071313476562,0.49964919686317444,0.6694098711013794,-0.4129602015018463
1789225153690751000,55.1707509765625,0.4588685929775238,0.5640006065368652,-0.25507932901382446
1789225153700789200,55.18078930664063,0.4368746280670166,0.3102988004684448,-0.3869822323322296
1789225153710828000,55.190828125,0.31103479862213135,0.50748610496521,-0.6030250787734985
1789225153720866300,55.2008662109375,0.21168316900730133,0.5665861368179321,-0.3819294571876526
1789225153730905000,55.210905029296875,0.21490691602230072,0.5499658584594727,0.005145211238414049
1789225153740943000,55.22094311523438,0.25735849142074585,0.7409248948097229,0.028273167088627815
1789225153750981000,55.23098120117187,0.3836558759212494,0.749843418598175,-0.15924789011478424
1789225153761020200,55.24102026367188,0.4548072814941406,0.5811699628829956,-0.1958160102367401
1789225153771058200,55.25105810546875,0.3952367901802063,0.4303155541419983,0.018790220841765404
1789225153781096200,55.26109619140625,0.24945266544818878,0.4368267059326172,0.30851471424102783
1789225153791135000,55.27113500976562,0.12909317016601562,0.4943036735057831,0.3058246672153473
1789225153801173200,55.28117333984375,0.1398337036371231,0.44716572761535645,0.12431000173091888
1789225153811212000,55.2912119140625,0.1595417708158493,0.6020063757896423,-0.06783949583768845
1789225153821250300,55.301250244140626,0.2131328284740448,0.48828139901161194,-0.18929746747016907
1789225153831288000,55.3112880859375,0.22231066226959229,0.43759796023368835,-0.11779382824897766
1789225153841327000,55.3213271484375,0.15995754301548004,0.45444217324256897,-0.010801603086292744
1789225153851365000,55.331365234375,0.11015214771032333,0.4111953377723694,-0.20125073194503784
1789225153861403100,55.34140307617187,0.08632031828165054,0.41017666459083557,-0.2160102277994156
1789225153871442200,55.35144213867188,0.08172607421875,0.33361220359802246,-0.0183172095566988
1789225153881480200,55.36148022460937,0.08675625175237656,0.34839966893196106,-0.18153782188892365
1789225153891518200,55.371518310546875,0.09272531419992447,0.25467777252197266,-0.40950438380241394
1789225153901557200,55.38155712890625,0.041391290724277496,0.15186484158039093,-0.2206580489873886
1789225153911595000,55.391594970703125,-0.06999476999044418,0.15380002558231354,0.13597187399864197
1789225153921634300,55.40163427734375,-0.08914582431316376,0.1926419734954834,0.10448691993951797
1789225153931672000,55.411672119140626,-0.06458767503499985,0.2171454131603241,-0.1423507183790207
1789225153941710300,55.42171044921875,-0.048569295555353165,0.23856547474861145,-0.03673027828335762
1789225153951749000,55.4317490234375,-0.09156434237957001,0.1880156546831131,0.3413658142089844
1789225153961787100,55.441787109375,-0.11111327260732651,0.1168445274233818,0.2622299790382385
1789225153971825200,55.4518251953125,-0.0890142172574997,0.09036517888307571,-0.19872619211673737
1789225153981864200,55.4618642578125,-0.14591318368911743,0.030386799946427345,-0.17914210259914398
1789225153991902200,55.47190209960937,-0.18625879287719727,-0.08126600086688995,0.2300530970096588
1789225154001941200,55.48194116210937,-0.22307460010051727,-0.10566961765289307,0.17802025377750397
1789225154011979000,55.49197900390625,-0.28917476534843445,0.01268171425908804,-0.09340104460716248
1789225154022017300,55.50201733398438,-0.3487217128276825,-0.06226310133934021,0.032723329961299896
1789225154032056000,55.51205615234375,-0.34390321373939514,-0.27017033100128174,-0.04324249550700188
1789225154042094300,55.52209423828125,-0.3597482144832611,-0.34847766160964966,-0.19953250885009766
1789225154052132000,55.53213208007813,-0.3950698673725128,-0.3756386935710907,-0.04512973129749298
1789225154062171100,55.54217114257813,-0.4175996780395508,-0.4587956368923187,0.11135069280862808
1789225154072209200,55.55220922851562,-0.45805802941322327,-0.4331813156604767,0.0990196168422699
1789225154082247200,55.5622470703125,-0.4869344234466553,-0.3367357552051544,-0.041606202721595764
1789225154092286200,55.5722861328125,-0.5384859442710876,-0.35831743478775024,-0.04967985674738884
1789225154102324200,55.58232421875,-0.534574031829834,-0.4823110103607178,-0.0027312543243169785
1789225154112363000,55.59236303710937,-0.5150579810142517,-0.6201943159103394,0.051201581954956055
1789225154122401300,55.6024013671875,-0.47106868028640747,-0.6228063702583313,-0.05907485634088516
1789225154132439000,55.61243896484375,-0.46066728234291077,-0.6475383639335632,-0.1254199892282486
1789225154142478300,55.622478271484376,-0.4982905387878418,-0.6690955758094788,0.020580891519784927
1789225154152516000,55.63251611328125,-0.5409818291664124,-0.6405605673789978,0.043954212218523026
1789225154162554400,55.64255444335937,-0.6273177862167358,-0.45460665225982666,-0.08846481889486313
1789225154172593200,55.65259326171875,-0.6116154789924622,-0.4825860261917114,-0.19645725190639496
1789225154182631200,55.66263110351562,-0.5062237977981567,-0.6515383124351501,-0.2619779407978058
1789225154192669200,55.672669189453124,-0.4176108241081238,-0.5957496166229248,-0.1547766476869583
1789225154202708200,55.68270825195312,-0.3170067071914673,-0.6101016402244568,0.14896619319915771
1789225154212746200,55.692746337890625,-0.3093198835849762,-0.5206390619277954,0.06973028928041458
1789225154222785300,55.702785400390624,-0.36354929208755493,-0.43221092224121094,-0.1214178279042244
1789225154232823000,55.712822998046875,-0.44810742139816284,-0.4270923435688019,-0.10315274447202682
1789225154242861000,55.72286108398438,-0.4625457525253296,-0.3808912932872772,0.07683966308832169
1789225154252900000,55.732900146484376,-0.38361719250679016,-0.4662865102291107,0.07033064216375351
1789225154262938400,55.7429384765625,-0.26157012581825256,-0.3750905692577362,-0.15413282811641693
1789225154272976100,55.75297607421875,-0.19285453855991364,-0.30893054604530334,0.11952732503414154
1789225154283015700,55.763015625,-0.13914869725704193,-0.30353525280952454,0.33095887303352356
1789225154293054000,55.773053955078126,-0.1364525407552719,-0.19147537648677826,0.23323781788349152
1789225154303092700,55.7830927734375,-0.13594281673431396,-0.1307329386472702,0.09601552039384842
1789225154313130800,55.793130859375,-0.1605289727449417,-0.06881257146596909,0.17389310896396637
1789225154323168800,55.80316870117188,-0.09897560626268387,-0.2552277147769928,0.19635528326034546
1789225154333207800,55.813207763671876,-0.042646624147892,-0.19891680777072906,-0.02551371417939663
1789225154343245800,55.82324584960938,-0.031800899654626846,-0.13518895208835602,-0.08604336529970169
1789225154353283800,55.83328393554687,-0.03099084086716175,-0.10131384432315826,0.06717921793460846
1789225154363322600,55.84332250976563,-0.05470335856080055,-0.08226452022790909,0.12956535816192627
1789225154373361000,55.85336083984375,-0.019536292180418968,0.017982101067900658,-0.10826229304075241
1789225154383398700,55.863398681640625,0.016941292211413383,0.06915074586868286,-0.1488315463066101
1789225154393438000,55.87343798828125,0.10658483952283859,-0.09042936563491821,0.02228795550763607
1789225154403475700,55.883475830078126,0.12234649062156677,-0.013676267117261887,0.1808091551065445
1789225154413514800,55.8935146484375,0.0993991494178772,0.036020491272211075,0.20638486742973328
1789225154423552800,55.903552734375,0.07099653780460358,0.09697066247463226,0.11492817848920822
1789225154433590800,55.9135908203125,-0.008260540664196014,0.11049415916204453,0.2623498737812042
1789225154443629800,55.9236298828125,-0.02358037419617176,0.06041768193244934,0.3530568480491638
1789225154453667800,55.93366772460938,-0.014456652104854584,0.06607403606176376,0.29649412631988525
1789225154463705900,55.943705810546874,0.032579030841588974,-0.008987687528133392,0.24387459456920624
1789225154473745000,55.95374487304687,0.08753582835197449,-0.0861843004822731,0.06278681010007858
1789225154483782700,55.96378271484375,0.06524810194969177,-0.04671385511755943,-0.17642444372177124
1789225154493822000,55.973822021484374,0.015500908717513084,-0.06502342969179153,-0.17109675705432892
1789225154503859700,55.983859619140624,-0.03977912664413452,0.014431449584662914,-0.18380537629127502
1789225154513897700,55.993897705078126,-0.038228437304496765,0.023327374830842018,-0.3322974741458893
1789225154523936800,56.003936767578125,-0.011278579011559486,0.03795904666185379,-0.45703062415122986
1789225154533974800,56.01397485351563,0.040170833468437195,-0.05941474065184593,-0.5001704096794128
1789225154544012800,56.0240126953125,0.06059781089425087,-0.10322773456573486,-0.4100854992866516
1789225154554051800,56.0340517578125,-0.007894499227404594,-0.09751815348863602,-0.18424956500530243
1789225154564089900,56.04408984375,-0.052430275827646255,-0.1405838578939438,0.09065975248813629
1789225154574127600,56.054127685546874,-0.09460985660552979,-0.1337539702653885,0.1222129687666893
1789225154584166700,56.06416674804687,-0.13189597427845,-0.012577208690345287,0.1581810861825943
1789225154594204700,56.07420458984375,-0.10291361808776855,-0.12370078265666962,0.36021625995635986
1789225154604242700,56.08424267578125,-0.06161518394947052,-0.1369774490594864,0.1989341676235199
1789225154614281700,56.09428173828125,-0.07254014164209366,-0.07144895941019058,-0.0009056939743459225
1789225154624319700,56.10431982421875,-0.09192609041929245,-0.11286590993404388,0.13584363460540771
1789225154634358800,56.11435888671875,-0.10555578768253326,-0.17872260510921478,0.27898940443992615
1789225154644396800,56.12439672851563,-0.1277841329574585,-0.06473797559738159,0.09876637905836105
1789225154654434600,56.1344345703125,-0.11104138940572739,-0.06942273676395416,-0.1434382200241089
1789225154664473900,56.14447387695313,-0.0850425437092781,-0.16874265670776367,-0.157866969704628
1789225154674511600,56.15451171875,-0.07505252212285995,-0.21897205710411072,0.09099417179822922
1789225154684550000,56.1645498046875,-0.042083125561475754,-0.2202541083097458,-0.09983810037374496
1789225154694588700,56.17458862304687,-0.03343337029218674,-0.11935482919216156,-0.32925599813461304
1789225154704626700,56.184626708984375,-0.02206673100590706,-0.19133049249649048,-0.18587085604667664
1789225154714664700,56.19466479492188,-0.02761557325720787,-0.17884118854999542,-0.017070766538381577
1789225154724703700,56.204703857421876,-0.04253513365983963,-0.10022973269224167,-0.09595280140638351
1789225154734741800,56.21474169921875,0.003861562116071582,-0.03177858516573906,-0.3391817510128021
1789225154744780800,56.22478076171875,0.02383393794298172,-0.02161036990582943,-0.2355637550354004
1789225154754818600,56.23481860351563,0.03921717777848244,-0.055799368768930435,0.09258050471544266
1789225154764856800,56.24485693359375,0.026433207094669342,0.024906128644943237,0.190447136759758
1789225154774895600,56.2548955078125,0.03309985250234604,0.12297730892896652,0.12415557354688644
1789225154784934000,56.264933837890624,0.08057495951652527,0.07777974009513855,0.3192422389984131
1789225154794971600,56.2749716796875,0.16475215554237366,-0.0342666357755661,0.24899977445602417
1789225154805010700,56.2850107421875,0.1530105173587799,0.11465075612068176,0.08113478124141693
1789225154815048700,56.295048583984375,0.09396274387836456,0.06190560385584831,0.3263224959373474
1789225154825086700,56.30508666992188,0.06647838652133942,-0.00437701353803277,0.3385184705257416
1789225154835125800,56.315125732421876,0.025057105347514153,0.12620612978935242,0.021628133952617645
1789225154845163800,56.32516381835938,0.03088090755045414,0.1508457064628601,-0.0022063590586185455
1789225154855202600,56.33520263671875,0.11841508746147156,-0.012356247752904892,-0.050736356526613235
1789225154865240800,56.34524072265625,0.16270744800567627,0.014557655900716782,-0.2527261972427368
1789225154875278600,56.35527856445312,0.17619416117668152,0.06669766455888748,-0.27347010374069214
1789225154885318000,56.36531787109375,0.1681215912103653,0.13246284425258636,-0.19496196508407593
1789225154895355600,56.375355712890624,0.13481858372688293,0.1923891007900238,-0.05487935245037079
1789225154905394000,56.385393798828126,0.12491988390684128,0.193197101354599,-0.06952114403247833
1789225154915432700,56.3954326171875,0.13151928782463074,0.19021111726760864,-0.30893152952194214
1789225154925470700,56.405470703125,0.12736795842647552,0.2011396586894989,-0.2163161188364029
1789225154935508700,56.4155087890625,0.147867813706398,0.047380395233631134,0.3036457896232605
1789225154945547800,56.4255478515625,0.18740908801555634,0.041857797652482986,0.27750977873802185
1789225154955585800,56.43558569335938,0.12670095264911652,0.2722122371196747,0.3265742361545563
1789225154965624800,56.44562475585938,0.14021863043308258,0.24929094314575195,0.6146161556243896
1789225154975662600,56.45566259765625,0.18914024531841278,0.2120339274406433,0.4218490719795227
1789225154985700900,56.465700927734375,0.2556718587875366,0.47185084223747253,-0.10712477564811707
1789225154995739600,56.47573974609375,0.21647366881370544,0.4134621322154999,0.08945165574550629
1789225155005778000,56.48577783203125,0.24022799730300903,0.27012547850608826,0.3120277225971222
1789225155015815700,56.495815673828126,0.2713768184185028,0.2218349426984787,-0.08685670047998428
1789225155025854700,56.505854736328125,0.2923497259616852,0.3713080585002899,-0.5065770149230957
1789225155035892700,56.51589282226563,0.27731385827064514,0.40001440048217773,-0.10566271096467972
1789225155045930800,56.5259306640625,0.3007020056247711,0.3992612361907959,0.338826060295105
1789225155055969800,56.5359697265625,0.33084210753440857,0.5172932744026184,0.260659784078598
1789225155066007800,56.5460078125,0.3217354118824005,0.8373871445655823,0.1074148491024971
1789225155076046600,56.55604663085938,0.4224410951137543,0.5865116715431213,-0.22199293971061707
1789225155086084900,56.5660849609375,0.4602593183517456,0.47098320722579956,0.0784158930182457
1789225155096122600,56.57612255859375,0.4430212080478668,0.45393791794776917,0.5871329307556152
1789225155106162000,56.586161865234374,0.30639225244522095,0.7020319104194641,0.4533303678035736
1789225155116199700,56.59619970703125,0.17411097884178162,0.9088383316993713,0.5702657699584961
1789225155126238000,56.60623803710938,0.21172599494457245,0.8664557337760925,0.7406918406486511
1789225155136276700,56.61627685546875,0.4285348057746887,0.6715269088745117,0.6745530366897583
1789225155146314800,56.62631469726563,0.5215086340904236,0.295978844165802,0.20219910144805908
1789225155156352800,56.63635278320312,0.4681769609451294,0.24621500074863434,-0.7475592494010925
1789225155166391800,56.64639184570313,0.4640194773674011,0.4207892417907715,-0.763443648815155
1789225155176429800,56.65642993164062,0.41906237602233887,0.29428330063819885,-0.31389620900154114
1789225155186468900,56.66646875,0.37163281440734863,0.24098069965839386,-0.45455798506736755
1789225155196506600,56.67650659179687,0.3226716220378876,0.6278181076049805,-0.7431016564369202
1789225155206545000,56.686544921875,0.3617929220199585,0.622170627117157,-0.9157959222793579
1789225155216583700,56.696583740234374,0.3669101297855377,0.7079983949661255,-0.6482620239257812
1789225155226622000,56.7066220703125,0.3367692828178406,0.8532839417457581,-0.423018217086792
1789225155236659700,56.71665966796875,0.3553250730037689,0.8869941234588623,-0.04013120010495186
1789225155246698800,56.72669873046875,0.38668563961982727,0.7567479610443115,0.09321141242980957
1789225155256736800,56.73673681640625,0.5362159609794617,0.6311250925064087,0.14462782442569733
1789225155266774500,56.7467744140625,0.483132004737854,0.5004531145095825,0.38490059971809387
1789225155276813800,56.75681372070313,0.31810399889945984,0.5163978934288025,0.5974851846694946
1789225155286851800,56.766851806640624,0.20889443159103394,0.5734699368476868,0.4735102653503418
1789225155296889900,56.776889892578126,0.1957872062921524,0.6289880871772766,0.4186132252216339
1789225155306929000,56.786928955078125,0.23713836073875427,0.7614872455596924,0.44794607162475586
1789225155316966700,56.796966552734375,0.3935769200325012,0.7548440098762512,0.0393710657954216
1789225155327006000,56.807005859375,0.46914172172546387,0.7079031467437744,-0.29113200306892395
1789225155337043700,56.817043701171876,0.4264414608478546,0.6131414771080017,-0.06855807453393936
1789225155347081700,56.82708178710938,0.3841041326522827,0.5070070624351501,-0.09554335474967957
1789225155357120800,56.83712084960938,0.2819252908229828,0.46936291456222534,-0.507127046585083
1789225155367158800,56.84715869140625,0.1278742253780365,0.42457816004753113,-0.5987666845321655
1789225155377196800,56.85719677734375,0.1161370724439621,0.31046831607818604,-0.46451032161712646
1789225155387235800,56.86723583984375,0.1540178805589676,0.2668739855289459,-0.5544018745422363
1789225155397273900,56.87727392578125,0.14091870188713074,0.3749190866947174,-0.40782371163368225
1789225155407311600,56.8873115234375,0.1160876527428627,0.39698630571365356,-0.09774281829595566
1789225155417350700,56.8973505859375,0.12122467160224915,0.2990972697734833,-0.08410459756851196
1789225155427388700,56.907388671875,0.043177809566259384,0.39637935161590576,-0.045128438621759415
1789225155437427700,56.917427734375,-0.021394550800323486,0.3519531786441803,0.43346935510635376
1789225155447465700,56.9274658203125,-0.004394263029098511,0.20543858408927917,0.4931265413761139
1789225155457503700,56.93750366210938,-0.015561162494122982,0.25892704725265503,0.19154979288578033
1789225155467542800,56.94754272460938,-0.06396544724702835,0.23384645581245422,0.18832950294017792
1789225155477580800,56.95758081054687,-0.1089513897895813,0.1938406229019165,0.28053712844848633
1789225155487618600,56.96761865234375,-0.14069095253944397,0.16029997169971466,0.25420165061950684
1789225155497657900,56.97765795898437,-0.15641258656978607,0.12903650104999542,0.13400597870349884
1789225155507695600,56.987695556640624,-0.14059686660766602,0.05284266173839569,-0.08774425834417343
1789225155517734000,56.99773388671875,-0.08672631531953812,-0.037530381232500076,-0.4173043966293335
1789225155527772700,57.007772705078125,-0.11853405088186264,-0.0762932300567627,-0.34120139479637146
1789225155537810700,57.01781079101563,-0.13971085846424103,-0.05223948135972023,-0.3576919138431549
1789225155547848700,57.0278486328125,-0.1786888837814331,0.07497359067201614,-0.5005660057067871
1789225155557887700,57.0378876953125,-0.18344293534755707,0.07980266213417053,-0.4257924556732178
1789225155567925800,57.04792578125,-0.16469775140285492,0.09446070343255997,-0.2539794147014618
1789225155577964800,57.05796484375,-0.11778836697340012,0.04144033417105675,-0.3100557327270508
1789225155588002600,57.06800244140625,-0.13002532720565796,0.057305317372083664,-0.2100747972726822
1789225155598040800,57.078040771484375,-0.16877448558807373,-0.01664925180375576,0.18543186783790588
1789225155608079600,57.08807958984375,-0.18860198557376862,-0.08281096071004868,0.241555318236351
1789225155618118000,57.098117919921876,-0.23995544016361237,-0.0027875127270817757,0.18744568526744843
1789225155628155600,57.10815576171875,-0.24166226387023926,-0.10508805513381958,0.4033209979534149
1789225155638194700,57.118194580078125,-0.2345382273197174,-0.13717105984687805,0.3344794809818268
1789225155648232700,57.12823266601563,-0.20576916635036469,-0.1330586075782776,0.10417862236499786
1789225155658270700,57.13827075195312,-0.18215693533420563,-0.15023571252822876,-0.07189632952213287
1789225155668309800,57.14830981445313,-0.18009379506111145,-0.12427468597888947,0.01874621771275997
1789225155678347800,57.15834765625,-0.16204437613487244,-0.05149286985397339,-0.11620186269283295
1789225155688385800,57.1683857421875,-0.12063620984554291,0.07095527648925781,-0.2536896765232086
1789225155698424800,57.1784248046875,-0.060626108199357986,0.07569249719381332,-0.34600794315338135
1789225155708462600,57.188462646484375,-0.015409895218908787,0.02590123564004898,-0.3928678631782532
1789225155718502000,57.198501953125,0.014658305794000626,-0.12801170349121094,-0.5855355858802795
1789225155728539600,57.20853955078125,-0.04051440209150314,-0.21682892739772797,-0.562431812286377
1789225155738578000,57.21857788085938,-0.12022145837545395,-0.3098224103450775,-0.25509536266326904
1789225155748616700,57.22861669921875,-0.19264425337314606,-0.2641206979751587,-0.10080192238092422
1789225155758654700,57.23865478515625,-0.2311004400253296,-0.10996668040752411,0.0848487913608551
1789225155768692700,57.24869262695312,-0.191414013504982,-0.07476208359003067,0.16216889023780823
1789225155778731800,57.25873168945313,-0.09936954081058502,0.05161567032337189,0.01349941361695528
1789225155788769800,57.26876977539062,-0.06720493733882904,0.12216492742300034,0.30632516741752625
1789225155798807800,57.278807861328126,-0.031743038445711136,0.06965003907680511,0.6915081739425659
1789225155808846600,57.2888466796875,0.004320691339671612,0.1083042174577713,0.43705299496650696
1789225155818884900,57.298884765625,-0.02954033762216568,0.08465907722711563,0.23844482004642487
1789225155828922600,57.30892260742188,-0.07002890110015869,-0.04603155702352524,0.41680070757865906
1789225155838962000,57.3189619140625,-0.06292403489351273,-0.21908460557460785,0.28699031472206116
1789225155848999700,57.32899975585938,-0.11840460449457169,-0.13869549334049225,0.11093752831220627
1789225155859038700,57.33903881835938,-0.09475754201412201,-0.24099905788898468,-0.035510990768671036
1789225155869076700,57.34907666015625,-0.0818457379937172,-0.15027527511119843,-0.28368884325027466
1789225155879114800,57.35911474609375,-0.10719011723995209,-0.031867802143096924,-0.19901826977729797
1789225155889153800,57.36915380859375,-0.11993547528982162,-0.013045644387602806,0.053152989596128464
1789225155899191800,57.37919189453125,-0.10825357586145401,0.01625947281718254,-0.0539625808596611
1789225155909229800,57.389229736328126,-0.04928160086274147,-0.07616925984621048,-0.30400195717811584
1789225155919268900,57.399268798828125,-0.03755829110741615,-0.09848976880311966,-0.30823656916618347
1789225155929306600,57.409306640625,-0.06733749061822891,-0.19755296409130096,0.21366098523139954
1789225155939345000,57.41934497070312,-0.10160414129495621,-0.24936631321907043,0.32392618060112
1789225155949383700,57.4293837890625,-0.14408236742019653,-0.1441357582807541,0.22033639252185822
1789225155959422000,57.439421875,-0.14966118335723877,-0.12649968266487122,0.16090147197246552
1789225155969459700,57.44945971679687,-0.07843013852834702,-0.11088796705007553,0.03142762929201126
1789225155979498800,57.45949877929687,-0.052917953580617905,-0.02568301558494568,0.05654596537351608
1789225155989536800,57.469536865234375,-0.04264294356107712,0.026100819930434227,0.24215923249721527
1789225155999575800,57.47957592773437,-0.044668763875961304,0.03252813592553139,0.1606992930173874
1789225156009613800,57.48961376953125,-0.04709676653146744,0.06816495209932327,-0.04074379801750183
1789225156019651800,57.49965185546875,-0.03585774451494217,0.009674585424363613,-0.07013928145170212
1789225156029690600,57.509690673828125,-0.045336198061704636,0.020802339538931847,0.06535276770591736
1789225156039729000,57.51972900390625,-0.058873023837804794,0.045177437365055084,0.31894639134407043
1789225156049766700,57.5297666015625,-0.013305538333952427,-0.12719060480594635,0.03876425325870514
1789225156059806000,57.53980590820313,0.034758877009153366,0.003795940661802888,-0.5794634819030762
1789225156069843700,57.54984375,-0.028197983279824257,-0.08108486235141754,-0.5493136048316956
1789225156079881700,57.5598818359375,-0.08462407439947128,-0.14569295942783356,0.12269112467765808
1789225156089920800,57.56992065429687,-0.12200473248958588,0.020157253369688988,0.04673484340310097
1789225156099958800,57.579958740234375,-0.08126263320446014,0.026050223037600517,-0.29164013266563416
1789225156109996800,57.58999682617188,-0.030777884647250175,0.054613158106803894,-0.3577520549297333
1789225156120035800,57.600035888671876,-0.06969301402568817,0.025125613436102867,0.1409294307231903
1789225156130073900,57.61007397460938,-0.073918916285038,-0.09671693295240402,0.27446165680885315
1789225156140113000,57.62011279296875,-0.15749241411685944,0.02136591449379921,-0.011120188981294632
1789225156150150700,57.63015063476563,-0.17824962735176086,-0.08688332140445709,0.1598488837480545
1789225156160188700,57.64018872070312,-0.14425334334373474,-0.21855220198631287,0.331697016954422
1789225156170227700,57.65022778320313,-0.11893146485090256,-0.06815603375434875,0.12941128015518188
1789225156180265700,57.660265625,-0.1072031706571579,0.09768673032522202,0.2453884780406952
1789225156190303700,57.6703037109375,-0.06431931257247925,0.03139223903417587,0.43232977390289307
1789225156200342500,57.68034252929687,-0.07257430255413055,0.09597842395305634,0.22606900334358215
1789225156210380800,57.690380859375,-0.08333773910999298,0.001281742937862873,0.008474367670714855
1789225156220418800,57.70041870117188,-0.11348792165517807,-0.16890910267829895,-0.001954443287104368
1789225156230457900,57.710457763671876,-0.16148847341537476,-0.2894466817378998,-0.12544095516204834
1789225156240495600,57.72049560546875,-0.1950259506702423,-0.28512969613075256,-0.18678496778011322
1789225156250534000,57.73053393554687,-0.22596202790737152,-0.3048975467681885,-0.11359304934740067
1789225156260572700,57.74057275390625,-0.245361790060997,-0.23216769099235535,-0.1234947144985199
1789225156270610700,57.75061059570312,-0.2367243617773056,-0.11403891444206238,-0.10770484060049057
1789225156280650000,57.76064990234375,-0.19203601777553558,-0.0958603098988533,0.0759931430220604
1789225156290688000,57.77068798828125,-0.14587411284446716,-0.045455459505319595,0.07945338636636734
1789225156300726000,57.78072607421875,-0.07432117313146591,-0.10727883130311966,-0.11074304580688477
1789225156310765000,57.79076513671875,-0.0685381218791008,-0.2253625988960266,0.02449147030711174
1789225156320802800,57.800802734375,-0.09190519899129868,-0.38936811685562134,0.196039080619812
1789225156330840800,57.8108408203125,-0.17104315757751465,-0.3171141743659973,0.1386980265378952
1789225156340880000,57.8208798828125,-0.25997257232666016,-0.22476083040237427,-0.02423974499106407
1789225156350918100,57.83091821289062,-0.3063371181488037,-0.21648798882961273,0.050590287894010544
1789225156360956000,57.84095581054687,-0.2570746839046478,-0.28785762190818787,-0.044934969395399094
1789225156370995000,57.85099487304687,-0.18086114525794983,-0.2324012815952301,-0.3002745807170868
1789225156381033000,57.861032958984374,-0.1349613070487976,-0.16245637834072113,-0.18572843074798584
1789225156391070700,57.87107080078125,-0.07786392420530319,-0.23404666781425476,0.0702333003282547
1789225156401110000,57.881110107421875,-0.07837525755167007,-0.19464093446731567,-0.05230539292097092
1789225156411147800,57.891147705078126,-0.14649085700511932,-0.1271044760942459,-0.010340113192796707
1789225156421186000,57.90118603515625,-0.14121873676776886,-0.29081568121910095,-0.022979455068707466
1789225156431224800,57.91122485351563,-0.14574584364891052,-0.25580844283103943,-0.0805271714925766
1789225156441262800,57.92126293945312,-0.13839930295944214,-0.21854321658611298,-0.03293585032224655
1789225156451302100,57.93130224609375,-0.10419365018606186,-0.21256175637245178,-0.03645894676446915
1789225156461340000,57.94133984375,-0.08648433536291122,-0.13438929617404938,-0.03319104388356209
1789225156471378000,57.9513779296875,-0.07878487557172775,-0.035513315349817276,0.19347459077835083
1789225156481417000,57.9614169921875,-0.03211251273751259,-0.12871426343917847,0.07289865612983704
1789225156491454700,57.971454833984374,0.0085779232904315,-0.000025267712771892548,-0.26878252625465393
1789225156501493000,57.98149291992188,0.014623199589550495,-0.07000748813152313,0.056863415986299515
1789225156511531800,57.99153173828125,0.061892975121736526,-0.17531925439834595,0.20408427715301514
1789225156521570000,58.00157006835938,0.03815259411931038,0.06782316416501999,-0.053545575588941574
1789225156531607800,58.01160791015625,0.062435295432806015,0.07142269611358643,0.09458956122398376
1789225156541646800,58.02164672851563,0.10642185062170029,0.048602502793073654,0.09923053532838821
1789225156551684900,58.03168481445312,0.09542832523584366,0.2281070053577423,-0.08407483994960785
1789225156561723000,58.041722900390624,0.09157276898622513,0.19624266028404236,0.09862525761127472
1789225156571762000,58.05176196289062,0.10491733998060226,0.09117244184017181,0.21163304150104523
1789225156581800000,58.061800048828125,0.1113869771361351,0.07385696470737457,0.06368399411439896
1789225156591838000,58.071837890625,0.10138281434774399,0.0719677209854126,0.03576022386550903
1789225156601877000,58.081876953125,0.10257114470005035,-0.04190194606781006,0.10067806392908096
1789225156611914800,58.09191479492188,0.07033224403858185,0.029826033860445023,0.08838038146495819
1789225156621954000,58.1019541015625,0.02732081525027752,0.07501131296157837,0.02673828974366188
1789225156631991800,58.11199169921875,0.036368370056152344,0.21058565378189087,-0.276791512966156
1789225156642030000,58.12203002929687,0.06477216631174088,0.25534582138061523,-0.24586857855319977
1789225156652068900,58.13206884765625,0.14307762682437897,0.15963393449783325,0.0675726905465126
1789225156662107000,58.14210693359375,0.1882225126028061,0.16902108490467072,0.07208119332790375
1789225156672145000,58.152144775390624,0.14488516747951508,0.2171340137720108,0.13137169182300568
1789225156682184000,58.16218383789062,0.11558486521244049,0.08552423864603043,0.250436007976532
1789225156692222000,58.172221923828126,0.05825846642255783,0.024024654179811478,0.14546909928321838
1789225156702260000,58.18226000976563,0.010288471356034279,0.09040164202451706,-0.07148262858390808
1789225156712298800,58.192298828125,-0.010367272421717644,0.08957260102033615,0.0255427248775959
1789225156722337000,58.2023369140625,0.05067859962582588,0.01636066846549511,-0.11651609092950821
1789225156732374800,58.21237475585937,0.054605431854724884,0.17554259300231934,-0.3036862313747406
1789225156742414000,58.2224140625,0.0848955437541008,0.0963689386844635,-0.3439440131187439
1789225156752451800,58.23245190429687,0.10859794169664383,0.0469776913523674,-0.5039049386978149
1789225156762490000,58.242489990234375,0.05221296846866608,0.16878961026668549,-0.5132212042808533
1789225156772529000,58.25252880859375,0.059617090970277786,0.14060378074645996,-0.28595900535583496
1789225156782567000,58.26256689453125,0.09024561941623688,0.1645411103963852,-0.20017854869365692
1789225156792606000,58.27260595703125,0.10486744344234467,0.21622134745121002,-0.24159017205238342
1789225156802644000,58.28264404296875,0.06926535815000534,0.24369226396083832,-0.005314635578542948
1789225156812682000,58.29268188476563,0.050101518630981445,0.05093266814947128,0.16835860908031464
1789225156822721000,58.30272094726563,0.005357603542506695,0.01654128171503544,-0.008940906263887882
1789225156832758800,58.3127587890625,-0.04866355285048485,-0.05733906850218773,-0.06776347756385803
1789225156842797000,58.322797119140624,-0.08320429921150208,-0.12349414825439453,0.071514792740345
1789225156852835800,58.3328359375,-0.10063841193914413,-0.10123411566019058,0.2364984154701233
1789225156862874000,58.3428740234375,-0.0809563398361206,-0.008911964483559132,0.17699746787548065
1789225156872912000,58.352911865234375,-0.01576056145131588,0.03668854385614395,-0.12656214833259583
1789225156882951000,58.362950927734374,0.09930022060871124,0.13697496056556702,-0.43611785769462585
1789225156892989000,58.37298901367188,0.11260750889778137,0.0936032384634018,-0.14887726306915283
1789225156903027000,58.38302685546875,0.10672619938850403,0.06654463708400726,0.13198085129261017
1789225156913066000,58.39306591796875,0.05796532332897186,0.14908185601234436,0.049713149666786194
1789225156923104000,58.40310400390625,0.033497508615255356,0.11324344575405121,0.03434489294886589
1789225156933142000,58.41314208984375,0.05531465634703636,-0.017416028305888176,0.02873947098851204
1789225156943181000,58.42318115234375,0.04283009469509125,0.053898729383945465,-0.05467300862073898
1789225156953218800,58.43321875,0.05956806242465973,0.1049019992351532,0.11422652751207352
1789225156963256800,58.4432568359375,0.09697680175304413,0.0930403396487236,0.2937923073768616
1789225156973295900,58.4532958984375,0.12201078236103058,0.1010681688785553,0.29953116178512573
1789225156983334000,58.463333984375,0.13810944557189941,0.12366283684968948,0.06804297864437103
1789225156993373000,58.473373046875,0.1139678955078125,0.12682028114795685,0.08780735731124878
1789225157003411000,58.48341088867188,0.11759582906961441,0.08672250807285309,0.18251635134220123
1789225157013449000,58.49344897460937,0.11386420577764511,0.12769605219364166,0.0458916611969471
1789225157023488000,58.50348803710938,0.13070663809776306,0.25537222623825073,-0.20146450400352478
1789225157033526000,58.51352612304687,0.1591063141822815,0.2670549750328064,-0.11716106534004211
1789225157043563800,58.52356372070312,0.20179203152656555,0.22066056728363037,0.0005242417100816965
1789225157053602800,58.53360278320312,0.19974298775196075,0.2884491980075836,-0.07770078629255295
1789225157063640800,58.543640869140624,0.1814333200454712,0.21130628883838654,-0.173419788479805
1789225157073678800,58.55367895507813,0.16808421909809113,0.06746683269739151,-0.1878887414932251
1789225157083718000,58.5637177734375,0.13005907833576202,0.08774866908788681,-0.04395739734172821
1789225157093756000,58.573755859375,0.13529066741466522,0.08439037948846817,0.07171953469514847
1789225157103794000,58.5837939453125,0.18095064163208008,0.15609481930732727,-0.11973433941602707
1789225157113833000,58.5938330078125,0.1946725696325302,0.26476937532424927,-0.16071026027202606
1789225157123871000,58.60387109375,0.22310948371887207,0.22498641908168793,-0.10483411699533463
1789225157133909000,58.613908935546874,0.22120904922485352,0.3080078363418579,-0.06397989392280579
1789225157143947800,58.62394775390625,0.17790061235427856,0.34111565351486206,0.044252537190914154
1789225157153986000,58.633986083984375,0.18923236429691315,0.23391194641590118,-0.006521157920360565
1789225157164023800,58.64402392578125,0.15864434838294983,0.28891557455062866,-0.10674922168254852
1789225157174062800,58.654062744140624,0.15593405067920685,0.34443527460098267,0.0711725726723671
1789225157184100900,58.66410083007813,0.1906788945198059,0.29645514488220215,0.3658693730831146
1789225157194140000,58.674139892578125,0.20040743052959442,0.29676780104637146,0.19515275955200195
1789225157204178000,58.68417797851563,0.17817971110343933,0.35847073793411255,-0.15410570800304413
1789225157214216000,58.6942158203125,0.14443160593509674,0.1552550196647644,-0.045256976038217545
1789225157224254700,58.70425463867188,0.15451088547706604,0.0846085399389267,0.22803549468517303
1789225157234293000,58.71429296875,0.14321269094944,0.2153140902519226,0.0608220100402832
1789225157244331000,58.7243310546875,0.12172631919384003,0.4080595076084137,-0.1363138109445572
1789225157254370000,58.7343701171875,0.15958981215953827,0.3163633942604065,-0.037850361317396164
1789225157264407800,58.74440771484375,0.1679299920797348,0.32442981004714966,-0.2491285651922226
1789225157274446000,58.75444604492188,0.15091557800769806,0.36320969462394714,-0.529385507106781
1789225157284483800,58.76448388671875,0.1524345725774765,0.27975499629974365,-0.31180524826049805
1789225157294521900,58.77452197265625,0.09249480813741684,0.2740771472454071,0.1248309314250946
1789225157304559900,58.784559814453125,0.07287086546421051,0.30855822563171387,0.07276594638824463
1789225157314599000,58.794598876953124,0.08448491245508194,0.2887166142463684,-0.1280244141817093
1789225157324637000,58.804636962890626,0.06580772995948792,0.19045902788639069,0.0760897770524025
1789225157334675000,58.81467504882813,0.05850134789943695,-0.004787167068570852,0.30690860748291016
1789225157344714000,58.8247138671875,-0.03271552920341492,0.13684608042240143,0.21318106353282928
1789225157354751700,58.83475170898438,-0.08569219708442688,0.1603170484304428,0.2044975608587265
1789225157364790000,58.8447900390625,-0.07720799744129181,0.05396309494972229,0.3616924583911896
1789225157374828800,58.85482885742187,-0.025235071778297424,0.09118716418743134,0.07782690227031708
1789225157384867000,58.8648671875,0.0015470075886696577,0.27487361431121826,-0.257185697555542
1789225157394905900,58.87490576171875,0.00445784255862236,0.18480926752090454,-0.10435675084590912
1789225157404944000,58.88494384765625,-0.02875129133462906,0.1896796077489853,0.08002637326717377
1789225157414982000,58.89498193359375,-0.06693542748689651,0.19590528309345245,0.029345879331231117
1789225157425021000,58.90502099609375,-0.062361255288124084,0.07811356335878372,-0.04223601520061493
1789225157435059000,58.915058837890626,-0.055012527853250504,-0.06412214040756226,-0.20279400050640106
1789225157445097000,58.92509692382812,-0.1316172331571579,-0.1603287309408188,-0.17632418870925903
1789225157455135700,58.9351357421875,-0.2612244784832001,-0.1840527057647705,0.20311367511749268
1789225157465174000,58.94517407226562,-0.3382295072078705,-0.18732772767543793,0.1177758127450943
1789225157475211800,58.95521166992187,-0.3510161340236664,0.03616608306765556,0.016655854880809784
1789225157485251000,58.9652509765625,-0.25613775849342346,-0.13863135874271393,0.005786300636827946
1789225157495288800,58.975288818359374,-0.14617076516151428,-0.0019656417425721884,-0.10373326390981674
1789225157505327000,58.9853271484375,-0.13083761930465698,0.030400894582271576,0.17351283133029938
1789225157515366000,58.995365966796875,-0.1486341953277588,-0.05041059851646423,0.3946542739868164
1789225157525404000,59.00540380859375,-0.19104085862636566,-0.11842168867588043,0.15483228862285614
1789225157535442000,59.01544189453125,-0.2948035001754761,-0.13187971711158752,-0.04916824400424957
1789225157545481000,59.02548095703125,-0.3555838167667389,-0.3049485981464386,0.06555543094873428
1789225157555519000,59.03551904296875,-0.3283436596393585,-0.4013907015323639,-0.20622840523719788
1789225157565557000,59.045556884765624,-0.31272685527801514,-0.31529778242111206,-0.2576967775821686
1789225157575595800,59.055595703125,-0.28214046359062195,-0.30874693393707275,0.010986891575157642
1789225157585634000,59.065634033203125,-0.23584672808647156,-0.2712005078792572,-0.016326429322361946
1789225157595671800,59.075671875,-0.24439068138599396,-0.16998200118541718,-0.27052995562553406
1789225157605711000,59.085711181640626,-0.31680828332901,-0.1763828545808792,-0.06249295175075531
1789225157615748900,59.095748779296876,-0.36250731348991394,-0.3567174971103668,0.2458704710006714
1789225157625788000,59.105787841796875,-0.3595837652683258,-0.43312278389930725,-0.029281118884682655
1789225157635826000,59.11582592773438,-0.3969188928604126,-0.3925527334213257,-0.2994585633277893
1789225157645864000,59.12586401367187,-0.3974256217479706,-0.5993317365646362,0.14094512164592743
1789225157655903000,59.13590307617188,-0.4129963219165802,-0.7504234910011292,0.4751337468624115
1789225157665941000,59.14594091796875,-0.47560441493988037,-0.5619989633560181,0.18550752103328705
1789225157675979000,59.15597900390625,-0.4804079830646515,-0.5149949193000793,0.001478297170251608
1789225157686018000,59.16601806640625,-0.41934409737586975,-0.6092615127563477,0.053941238671541214
1789225157696055800,59.176055908203125,-0.4258304834365845,-0.5118042230606079,0.05735647678375244
1789225157706093800,59.18609375,-0.4049968719482422,-0.4884687662124634,-0.08291590213775635
1789225157716132900,59.1961328125,-0.3659850060939789,-0.47901082038879395,-0.2011812925338745
1789225157726171100,59.20617114257813,-0.32424044609069824,-0.5229112505912781,-0.14951911568641663
1789225157736209000,59.216208984375,-0.2860874533653259,-0.5987975001335144,-0.06776352971792221
1789225157746248000,59.226248046875,-0.27004292607307434,-0.6206219792366028,-0.32146593928337097
1789225157756286000,59.23628588867187,-0.3058674931526184,-0.4886900782585144,-0.3815663158893585
1789225157766323700,59.24632373046875,-0.31809115409851074,-0.5728041529655457,-0.03727256879210472
1789225157776363000,59.256363037109374,-0.337879478931427,-0.5026705861091614,0.13528162240982056
1789225157786400800,59.26640087890625,-0.30067649483680725,-0.35009145736694336,0.04884318634867668
1789225157796439000,59.27643896484375,-0.21646814048290253,-0.25878655910491943,0.02139345183968544
1789225157806477800,59.286477783203125,-0.13097898662090302,-0.28998327255249023,0.25369706749916077
1789225157816515800,59.29651586914063,-0.07277613133192062,-0.2898930013179779,0.29404741525650024
1789225157826553900,59.30655395507812,-0.06407099962234497,-0.21279264986515045,0.05009112507104874
1789225157836593000,59.31659301757813,-0.1154223382472992,-0.19759957492351532,0.07367581129074097
1789225157846631000,59.326630859375,-0.1450653076171875,-0.263558954000473,0.34964343905448914
1789225157856670000,59.336669921875,-0.1239485815167427,-0.2988192141056061,0.12628068029880524
1789225157866707700,59.34670776367187,-0.07444639503955841,-0.13641119003295898,-0.29064255952835083
1789225157876746000,59.35674609375,-0.03717731684446335,-0.20378917455673218,-0.0174189992249012
1789225157886784800,59.36678466796875,0.051611628383398056,-0.24185404181480408,0.16943047940731049
1789225157896823000,59.376822998046876,0.05319035053253174,-0.029354024678468704,-0.1488385796546936
1789225157906860800,59.38686083984375,0.025735724717378616,0.05131536349654198,-0.24741648137569427
1789225157916899800,59.39689990234375,0.03876257687807083,-0.11372232437133789,-0.0593365915119648
1789225157926937900,59.40693774414063,0.040470123291015625,-0.0398918017745018,-0.11967235803604126
1789225157936976000,59.41697583007812,0.06964638829231262,-0.0008740955963730812,-0.08341502398252487
1789225157947015000,59.42701489257813,0.14860400557518005,-0.050447817891836166,-0.005241693928837776
1789225157957053000,59.437052978515624,0.15329009294509888,-0.0028640511445701122,0.009858962148427963
1789225157967091000,59.447091064453126,0.08780498057603836,0.11621307581663132,0.22305628657341003
1789225157977130000,59.4571298828125,0.08125094324350357,-0.02563459984958172,0.12264685332775116
1789225157987167700,59.467167724609375,0.034694988280534744,0.11031650751829147,-0.18131986260414124
1789225157997206000,59.4772060546875,0.06784095615148544,0.08994092792272568,-0.09997840225696564
1789225158007244800,59.487244873046876,0.1343826949596405,0.041653554886579514,0.2158013880252838
1789225158017283000,59.49728295898438,0.19277969002723694,0.11564203351736069,0.13427457213401794
1789225158027320800,59.50732080078125,0.21394814550876617,0.23904618620872498,-0.04332682490348816
1789225158037359900,59.51735986328125,0.2198433130979538,0.11008899658918381,-0.10262317210435867
1789225158047398000,59.52739794921875,0.17708545923233032,0.003405963769182563,-0.29381629824638367
1789225158057436000,59.537435791015625,0.05555187165737152,-0.033121246844530106,-0.37674251198768616
1789225158067475000,59.547474853515624,-0.03446176275610924,-0.04690922051668167,-0.08186470717191696
1789225158077513000,59.557512939453126,-0.057978805154561996,-0.08311889320611954,0.17558173835277557
1789225158087551000,59.56755102539063,-0.021927474066615105,-0.0033124859910458326,-0.026517918333411217
1789225158097590000,59.57759008789063,0.17788390815258026,0.11125297844409943,-0.5128470659255981
1789225158107627800,59.58762768554688,0.20530201494693756,0.1901339590549469,-0.5201374888420105
1789225158117666000,59.597666015625,0.17491428554058075,0.0945453941822052,0.032395459711551666
1789225158127704800,59.60770483398438,0.11548671871423721,0.10532437264919281,0.11794883012771606
1789225158137743000,59.6177431640625,0.03850139304995537,0.114481121301651,0.16910068690776825
1789225158147782000,59.62778198242187,0.07320499420166016,-0.03947611153125763,0.056543998420238495
1789225158157820000,59.63781982421875,0.03754100948572159,0.04049887880682945,-0.11774471402168274
1789225158167858000,59.64785791015625,-0.03680822625756264,-0.06992455571889877,0.16726113855838776
1789225158177897000,59.65789697265625,-0.09669633209705353,-0.1715601086616516,0.3490802049636841
1789225158187935000,59.66793505859375,-0.1373336762189865,-0.09276534616947174,0.1616153120994568
1789225158197973000,59.67797290039063,-0.12517501413822174,-0.03807946294546127,0.1388958841562271
1789225158208011800,59.68801171875,-0.06106976792216301,-0.20830659568309784,0.15455123782157898
1789225158218050000,59.69805004882812,-0.009872094728052616,-0.1432221382856369,-0.1695040762424469
1789225158228087800,59.708087890625,-0.017376955598592758,-0.09930078685283661,-0.08558093011379242
1789225158238127000,59.71812719726562,-0.007156009320169687,-0.19209064543247223,0.12038395553827286
1789225158248164900,59.728164794921874,-0.02394031547009945,-0.09089458733797073,-0.06111805513501167
1789225158258203000,59.738202880859376,-0.0552324578166008,-0.04167724400758743,-0.2289251685142517
1789225158268242000,59.748241943359375,-0.10048612952232361,-0.12677794694900513,-0.17898710072040558
1789225158278279700,59.75827978515625,-0.15519358217716217,-0.21580342948436737,-0.013031942769885063
1789225158288318500,59.768318359375,-0.21341943740844727,-0.27112606167793274,0.07939071953296661
1789225158298357200,59.77835717773438,-0.2011590301990509,-0.34333741664886475,0.17735828459262848
1789225158308395300,59.78839526367187,-0.16700269281864166,-0.3227091431617737,0.30731886625289917
1789225158318433300,59.798433349609375,-0.07945926487445831,-0.3686092495918274,0.2550865411758423
1789225158328472300,59.808472412109374,-0.07143212854862213,-0.17136429250240326,0.0354837067425251
1789225158338510300,59.81851025390625,-0.10259564220905304,-0.12625621259212494,0.1616208553314209
1789225158348548400,59.82854833984375,-0.11617185920476913,-0.1590244174003601,0.280105322599411
1789225158358587400,59.83858740234375,-0.1369280070066452,-0.058776386082172394,0.10594738274812698
1789225158368625400,59.84862548828125,-0.10316035151481628,-0.0329098179936409,-0.0024575821589678526
1789225158378663400,59.85866333007812,-0.02737690694630146,-0.1381145417690277,-0.0685415267944336
1789225158388702500,59.86870239257812,0.002115253359079361,-0.17586000263690948,-0.06781817227602005
1789225158398740200,59.878740234375,0.006701482925564051,-0.24837149679660797,-0.14768904447555542
1789225158408779300,59.888779296875,-0.02418365515768528,-0.20336206257343292,-0.07809797674417496
1789225158418817300,59.8988173828125,-0.02549712546169758,-0.18272709846496582,0.12909835577011108
1789225158428855300,59.908855224609376,0.01083105243742466,-0.03909939527511597,0.05198157951235771
1789225158438894300,59.918894287109374,0.07538954168558121,0.13123905658721924,-0.1440579742193222
1789225158448932400,59.92893237304688,0.1083696112036705,0.13290198147296906,-0.010994377546012402
1789225158458970400,59.93897045898437,0.11232387274503708,0.10977323353290558,0.15118786692619324
1789225158469009400,59.94900952148438,0.10394220799207687,0.12888434529304504,0.23762018978595734
1789225158479047400,59.95904736328125,0.1574839949607849,0.09005945920944214,0.17308486998081207
1789225158489085200,59.96908520507812,0.19985321164131165,0.09639357030391693,0.1824771612882614
1789225158499124200,59.97912426757812,0.21306169033050537,0.1493939310312271,0.15490812063217163
1789225158509162500,59.98916259765625,0.1919424682855606,0.2673770785331726,0.22886671125888824
1789225158519200300,59.9992001953125,0.1848432719707489,0.307994544506073,0.2723982036113739
1789225158529239300,60.0092392578125,0.20123888552188873,0.36606356501579285,0.22325371205806732
1789225158539277300,60.01927734375,0.22638525068759918,0.4984639883041382,0.234371617436409
1789225158549315300,60.0293154296875,0.3185473382472992,0.3663713335990906,0.2261204868555069
1789225158559354400,60.03935424804688,0.3280247151851654,0.3899829089641571,0.2892496883869171
1789225158569392000,60.04939208984375,0.3870208263397217,0.3382365107536316,0.09082750231027603
1789225158579430400,60.059430419921874,0.4222714900970459,0.24459362030029297,-0.11355733126401901
1789225158589469400,60.06946948242187,0.2850545346736908,0.26484331488609314,0.27316489815711975
1789225158599507500,60.079507568359375,0.15639027953147888,0.2363722324371338,0.10523554682731628
1789225158609545200,60.089545166015625,0.012065790593624115,0.523399293422699,-0.3936028778553009
1789225158619584300,60.099584228515624,0.07921872287988663,0.4143875539302826,-0.3846392035484314
1789225158629622300,60.10962231445313,0.17741814255714417,0.35859936475753784,0.14975613355636597
1789225158639660300,60.11966040039062,0.40094736218452454,0.40124136209487915,0.07752002775669098
1789225158649699300,60.12969921875,0.4507123827934265,0.42897829413414,0.12308962643146515
1789225158659737300,60.1397373046875,0.4248959422111511,0.24629929661750793,0.24218831956386566
1789225158669775400,60.149775390625,0.21337059140205383,0.2536296546459198,0.13804452121257782
1789225158679814400,60.159814453125,-0.02003975212574005,0.23249827325344086,-0.12819409370422363
1789225158689852200,60.16985205078125,-0.1044144406914711,0.13388703763484955,-0.13870999217033386
1789225158699890400,60.179890380859376,-0.026147857308387756,0.14414580166339874,0.09313469380140305
1789225158709929200,60.18992919921875,0.11166208237409592,0.2643853724002838,0.25271809101104736
1789225158719967500,60.19996752929688,0.2586616575717926,0.2969920337200165,0.021102184429764748
1789225158730005200,60.21000512695313,0.3649660348892212,0.2575680911540985,-0.415780633687973
1789225158740044300,60.22004418945313,0.19707852602005005,0.25687408447265625,-0.36244362592697144
1789225158750082300,60.23008227539062,-0.042511917650699615,0.4610697031021118,0.6358382105827332
1789225158760121300,60.24012133789063,-0.06467980891466141,0.15910345315933228,0.747771143913269
1789225158770159400,60.25015942382812,-0.01172664761543274,0.22436749935150146,0.42494887113571167
1789225158780197400,60.260197265625,0.08036866039037704,0.15203604102134705,-0.15061615407466888
1789225158790236200,60.27023608398437,0.13576002418994904,0.05747303366661072,-0.931711733341217
1789225158800274400,60.2802744140625,0.043483637273311615,-0.040566980838775635,0.019682304933667183
1789225158810312200,60.29031225585938,-0.014026940800249577,0.0010871319100260735,0.7985222935676575
1789225158820351500,60.3003515625,-0.09076566249132156,0.31357845664024353,0.3924994468688965
1789225158830389200,60.31038916015625,-0.11061619222164154,0.5762044191360474,-0.13661929965019226
1789225158840427500,60.32042749023437,0.014581413939595222,0.37158575654029846,-0.0864538624882698
1789225158850466300,60.33046630859375,0.039334625005722046,0.14332738518714905,0.16627934575080872
1789225158860504300,60.34050439453125,0.07915554195642471,0.005231567658483982,0.12251642346382141
1789225158870542300,60.350542236328124,-0.029985060915350914,-0.09863030910491943,0.054966531693935394
1789225158880581400,60.36058129882812,-0.12972229719161987,-0.1032322496175766,-0.052549809217453
1789225158890619400,60.370619384765625,-0.30395078659057617,0.0752648338675499,0.21728676557540894
1789225158900657400,60.38065747070313,-0.32978665828704834,-0.14464302361011505,-0.03840545564889908
1789225158910696200,60.3906962890625,-0.21636636555194855,0.0627143606543541,-0.38820457458496094
1789225158920734500,60.400734375,-0.19314786791801453,0.003618016606196761,-0.015732981264591217
1789225158930772200,60.41077221679687,-0.04844873398542404,-0.15533673763275146,0.07185865193605423
1789225158940811500,60.4208115234375,-0.07056469470262527,-0.020088378340005875,-0.04897988587617874
1789225158950849300,60.43084936523437,-0.08588418364524841,-0.16037720441818237,0.07387957721948624
1789225158960887600,60.440887451171875,-0.17276476323604584,-0.20055551826953888,-0.03560696914792061
1789225158970926300,60.45092626953125,-0.3207569420337677,-0.2324557602405548,-0.24042335152626038
1789225158980964400,60.46096435546875,-0.3904188573360443,-0.25426599383354187,-0.04374730587005615
1789225158991002400,60.47100244140625,-0.3926924765110016,-0.23991158604621887,0.07231459021568298
1789225159001041400,60.48104150390625,-0.29750123620033264,-0.06543830782175064,-0.045969974249601364
1789225159011079400,60.49107934570313,-0.18602414429187775,-0.01262694038450718,0.06480322033166885
1789225159021117200,60.5011171875,-0.07649578899145126,-0.1933162957429886,-0.006940210238099098
1789225159031156200,60.51115625,-0.15266260504722595,-0.23714059591293335,0.07596121728420258
1789225159041194200,60.5211943359375,-0.3164547383785248,-0.3072531223297119,0.22866766154766083
1789225159051232300,60.531232177734374,-0.4534064531326294,-0.3697545826435089,0.15415668487548828
1789225159061271600,60.541271484375,-0.5394566059112549,-0.27457019686698914,0.3787690997123718
1789225159071309300,60.551309326171875,-0.4166489839553833,-0.509268045425415,0.2497454136610031
1789225159081347300,60.56134741210938,-0.27003371715545654,-0.38649287819862366,-0.1976528763771057
1789225159091386400,60.571386474609376,-0.25024640560150146,-0.3625272810459137,-0.11735475808382034
1789225159101424000,60.58142407226563,-0.28444087505340576,-0.37715843319892883,0.34148314595222473
1789225159111463400,60.59146337890625,-0.3238271474838257,-0.36230704188346863,0.169920414686203
1789225159121501200,60.60150122070313,-0.33973023295402527,-0.3612457811832428,-0.303752064704895
1789225159131539500,60.61153955078125,-0.3619860112667084,-0.3050566017627716,-0.4989626407623291
1789225159141578200,60.621578125,-0.3408413231372833,-0.4331948459148407,0.11662277579307556
1789225159151616300,60.6316162109375,-0.2567136585712433,-0.5798493027687073,0.26599574089050293
1789225159161654300,60.641654296875,-0.2238696813583374,-0.42925578355789185,-0.11525200307369232
1789225159171693300,60.651693359375,-0.24548038840293884,-0.470612496137619,-0.2541065216064453
1789225159181731300,60.6617314453125,-0.3679130971431732,-0.5144377946853638,0.05062035843729973
1789225159191769300,60.67176928710938,-0.4717123508453369,-0.57159423828125,0.17609727382659912
1789225159201808100,60.68180810546875,-0.48811957240104675,-0.4859935939311981,-0.03411029279232025
1789225159211846400,60.69184643554688,-0.41586241126060486,-0.48465341329574585,0.17589449882507324
1789225159221884200,60.70188427734375,-0.25450602173805237,-0.6693667769432068,0.21157553791999817
1789225159231923500,60.71192333984375,-0.22276805341243744,-0.5683048367500305,0.007331403903663158
1789225159241961200,60.72196118164062,-0.31503647565841675,-0.547868013381958,0.420399934053421
1789225159251999500,60.73199951171875,-0.3804015815258026,-0.6642762422561646,0.6655965447425842
1789225159262038300,60.742038330078124,-0.48540547490119934,-0.4822275936603546,0.41123107075691223
1789225159272076300,60.752076171875,-0.41247421503067017,-0.5903127193450928,-0.10071679949760437
1789225159282114300,60.7621142578125,-0.2766532599925995,-0.5733451843261719,-0.5061601400375366
1789225159292153000,60.772153076171875,-0.21843351423740387,-0.7404348254203796,0.16597555577754974
1789225159302191400,60.78219140625,-0.18724842369556427,-0.869293212890625,0.237816721200943
1789225159312229000,60.79222900390625,-0.2833099067211151,-0.4761542081832886,-0.16305598616600037
1789225159322268200,60.80226806640625,-0.2865091562271118,-0.5802055597305298,0.00037474941927939653
1789225159332306200,60.81230615234375,-0.278500497341156,-0.6505873203277588,0.002616332145407796
1789225159342344000,60.822343994140624,-0.27909013628959656,-0.27225595712661743,-0.20234054327011108
1789225159352383200,60.83238330078125,-0.19730152189731598,-0.33482304215431213,-0.2403252273797989
1789225159362421000,60.8424208984375,-0.05699314549565315,-0.4199475347995758,0.09145057946443558
1789225159372459300,60.85245922851563,0.04888590797781944,-0.40424299240112305,0.019066059961915016
1789225159382498300,60.862498291015626,0.025829056277871132,-0.2993253469467163,-0.12036986649036407
1789225159392536000,60.8725361328125,-0.023923512548208237,-0.37051165103912354,0.11610259115695953
1789225159402574000,60.88257397460937,-0.08151543885469437,-0.3743194341659546,0.21203498542308807
1789225159412613000,60.89261303710938,-0.08966197818517685,-0.22628696262836456,-0.08896718174219131
1789225159422651100,60.90265112304687,-0.005670667160302401,-0.07089895755052567,-0.3431970775127411
1789225159432689200,60.912689208984375,0.07069109380245209,-0.05317774415016174,-0.09024114906787872
1789225159442728000,60.92272802734375,0.17717279493808746,-0.11884517222642899,-0.025387851521372795
1789225159452766200,60.93276611328125,0.1775122582912445,-0.007450629957020283,-0.1538408398628235
1789225159462804000,60.942803955078126,0.17572474479675293,-0.09777626395225525,-0.06138359755277634
1789225159472843300,60.95284326171875,0.12937523424625397,-0.10043230652809143,0.16921335458755493
1789225159482881000,60.96288110351563,0.07621773332357407,-0.08480434119701385,0.19836564362049103
1789225159492919300,60.97291918945312,0.09003051370382309,-0.08728208392858505,-0.04106549546122551
1789225159502958000,60.9829580078125,0.0703289806842804,-0.0206625796854496,-0.15512362122535706
1789225159512996000,60.99299609375,0.08402948826551437,-0.04439407214522362,0.29420751333236694
1789225159523034000,61.0030341796875,0.12010306864976883,-0.05694342032074928,0.3678063750267029
1789225159533073200,61.0130732421875,0.12799470126628876,0.08565204590559006,0.15489664673805237
1789225159543111200,61.023111083984375,0.15289072692394257,0.021394234150648117,0.08307892084121704
1789225159553150200,61.033150146484374,0.15087465941905975,-0.05726078525185585,0.12067124992609024
1789225159563188000,61.04318798828125,0.1535910815000534,-0.21455106139183044,0.022408057004213333
1789225159573226200,61.05322631835938,0.11667093634605408,-0.10071402043104172,-0.09479428082704544
1789225159583265000,61.06326513671875,0.09104014188051224,-0.05103807896375656,-0.10145404934883118
1789225159593303300,61.07330322265625,0.08814668655395508,0.0076919132843613625,-0.01546019408851862
1789225159603341000,61.08334106445312,0.09069319814443588,0.12585024535655975,0.026006022468209267
1789225159613380000,61.09338012695312,0.12961305677890778,0.07264360040426254,-0.14771799743175507
1789225159623418000,61.103418212890624,0.17620877921581268,-0.043288055807352066,-0.09833206236362457
1789225159633456000,61.1134560546875,0.2146596908569336,-0.17664675414562225,0.05307784676551819
1789225159643495200,61.1234951171875,0.22258979082107544,-0.16575922071933746,0.2284504622220993
1789225159653533200,61.133533203125,0.21718034148216248,-0.002892701420933008,-0.08615471422672272
1789225159663571200,61.1435712890625,0.13279461860656738,0.17126071453094482,-0.02960062399506569
1789225159673610200,61.1536103515625,0.1435316503047943,0.021558193489909172,-0.06044524535536766
1789225159683648000,61.16364794921875,0.11055105924606323,0.11725089699029922,-0.24531149864196777
1789225159693686300,61.173686279296874,0.12239101529121399,0.23719577491283417,-0.2508648633956909
1789225159703725000,61.18372509765625,0.189750075340271,0.10512322187423706,0.010530509054660797
1789225159713763300,61.193763427734375,0.2748064696788788,0.04686426743865013,-0.039839643985033035
1789225159723801000,61.203801025390625,0.31084144115448,-0.020751528441905975,-0.19363000988960266
1789225159733840100,61.213840087890624,0.31520605087280273,-0.17034605145454407,-0.5137413740158081
1789225159743878100,61.223878173828126,0.18935973942279816,-0.01677088439464569,-0.20871837437152863
1789225159753916200,61.23391625976563,0.08684089034795761,0.15904685854911804,-0.20143583416938782
1789225159763955200,61.243955078125,0.002686598338186741,0.36348041892051697,-0.19127587974071503
1789225159773993200,61.2539931640625,0.08423331379890442,0.24454285204410553,-0.5223643779754639
1789225159784031200,61.26403125,0.24550661444664001,0.14265431463718414,-0.5809126496315002
1789225159794070300,61.2740703125,0.35477131605148315,-0.09124953299760818,-0.3633604049682617
1789225159804108000,61.28410791015625,0.3396959900856018,0.019690170884132385,0.03649880364537239
1789225159814146000,61.29414599609375,0.2620581388473511,0.10365083068609238,-0.0426948182284832
1789225159824185000,61.30418505859375,0.19891537725925446,0.09529516100883484,-0.22334608435630798
1789225159834223000,61.31422314453125,0.15303447842597961,0.05383510887622833,-0.27859705686569214
1789225159844261000,61.32426123046875,0.10556816309690475,0.26154062151908875,-0.18810656666755676
1789225159854300200,61.334300048828126,0.08217597752809525,0.2791365385055542,0.1953890025615692
1789225159864338200,61.34433813476563,0.15210898220539093,0.18391655385494232,0.08855176717042923
1789225159874376000,61.3543759765625,0.19581104815006256,0.34079447388648987,-0.14592663943767548
1789225159884415200,61.36441528320312,0.2415202260017395,0.06113698333501816,-0.16243503987789154
1789225159894453000,61.37445288085937,0.21596550941467285,-0.12890008091926575,0.09795661270618439
1789225159904491300,61.3844912109375,0.14797021448612213,-0.19043295085430145,0.16929976642131805
1789225159914530000,61.394530029296874,0.08590790629386902,-0.0834013894200325,0.054924335330724716
1789225159924568000,61.404568115234376,0.10198381543159485,0.007020121905952692,-0.16027000546455383
1789225159934606000,61.41460620117188,0.1179957315325737,0.19276180863380432,-0.16423478722572327
1789225159944645000,61.42464501953125,0.1518186777830124,0.189798504114151,-0.3070092499256134
1789225159954683100,61.43468310546875,0.16501282155513763,0.31184181571006775,-0.44113704562187195
1789225159964721200,61.44472119140625,0.1513284295797348,0.2110702097415924,-0.15010307729244232
1789225159974760000,61.45476000976562,0.16802547872066498,0.10709214955568314,0.16454669833183289
1789225159984798200,61.464798095703124,0.18364599347114563,0.019252577796578407,0.13373498618602753
1789225159994836000,61.4748359375,0.19802948832511902,0.012064654380083084,-0.06872565299272537
1789225160004875300,61.484875244140625,0.14910030364990234,-0.0008564707823097706,0.24869199097156525
1789225160014913000,61.4949130859375,0.12321029603481293,-0.027933692559599876,0.4707147181034088
1789225160024951300,61.50495141601562,0.10598523914813995,0.19275528192520142,0.14490225911140442
1789225160034990000,61.514989990234376,0.06042424216866493,0.36118292808532715,0.19508597254753113
1789225160045028000,61.52502807617188,0.14793278276920319,0.23669134080410004,0.36795443296432495
1789225160055066000,61.53506616210937,0.19459828734397888,0.23795369267463684,0.13789059221744537
1789225160065105200,61.54510522460937,0.16834485530853271,0.23811866343021393,0.1409149020910263
1789225160075143200,61.55514306640625,0.14493882656097412,-0.01951412297785282,0.17281708121299744
1789225160085181200,61.56518115234375,0.08290156722068787,0.07618150860071182,-0.13299822807312012
1789225160095220000,61.575219970703124,-0.016645845025777817,0.21465526521205902,0.07478806376457214
1789225160105258200,61.58525830078125,0.05456894636154175,0.05490821599960327,0.0945761501789093
1789225160115296000,61.5952958984375,0.16137339174747467,0.25374794006347656,-0.2032884955406189
1789225160125335300,61.60533520507813,0.2556104063987732,0.3134685456752777,-0.30242735147476196
1789225160135373000,61.615373046875,0.2786004841327667,0.1420004963874817,-0.008804074488580227
1789225160145411300,61.625411376953124,0.16761483252048492,0.15937495231628418,0.3136248290538788
1789225160155450000,61.6354501953125,0.06842389702796936,0.07546814531087875,0.31311649084091187
1789225160165488000,61.645488037109374,0.0004943804815411568,0.1003069207072258,-0.05543754622340202
1789225160175526100,61.655526123046876,-0.031862229108810425,0.151707261800766,0.04898393154144287
1789225160185565200,61.665565185546875,0.0345492884516716,0.0823976919054985,0.3384871184825897
1789225160195603200,61.67560327148438,0.12663064897060394,0.1628735512495041,0.19963915646076202
1789225160205642200,61.685642333984376,0.16355323791503906,0.3202325403690338,0.02471340447664261
1789225160215680000,61.695679931640626,0.192259281873703,0.19852642714977264,0.16081592440605164
1789225160225718300,61.70571826171875,0.1983211636543274,0.1391584426164627,0.10075019299983978
1789225160235757000,61.71575708007813,0.12290634214878082,0.2786366939544678,0.07587330043315887
1789225160245795300,61.72579541015625,0.11106325685977936,0.09517686069011688,0.15297287702560425
1789225160255833000,61.7358330078125,0.10086874663829803,0.17485705018043518,-0.022759540006518364
1789225160265872100,61.7458720703125,0.05394252389669418,0.2552810609340668,0.22053885459899902
1789225160275910100,61.75591015625,0.07976995408535004,0.09228377789258957,0.15123802423477173
1789225160285948200,61.7659482421875,0.09160450845956802,0.17688335478305817,-0.28285539150238037
1789225160295987200,61.7759873046875,0.048532143235206604,0.187860369682312,0.11532529443502426
1789225160306025200,61.78602514648438,0.07775413990020752,0.10927385091781616,0.7059237957000732
1789225160316063200,61.79606323242187,0.12137472629547119,0.16671250760555267,0.39220482110977173
1789225160326102300,61.80610229492188,0.1715681254863739,0.2575784921646118,-0.131209135055542
1789225160336140000,61.81614013671875,0.14295342564582825,0.2669808566570282,-0.19218948483467102
1789225160346178000,61.826177978515624,0.04715685918927193,0.12866318225860596,0.49386823177337646
1789225160356217000,61.83621704101562,0.008580029010772705,0.01932789757847786,0.6014150977134705
1789225160366255000,61.846255126953125,0.009146217256784439,0.13006480038166046,0.05839550495147705
1789225160376293000,61.85629321289063,0.05525906756520271,0.2711172103881836,-0.18160328269004822
1789225160386332200,61.866332275390626,0.06806088238954544,0.20899419486522675,0.33050236105918884
1789225160396370200,61.8763701171875,0.10224880278110504,0.2460014373064041,0.3375661373138428
1789225160406408200,61.886408203125,0.11913670599460602,0.3518860638141632,-0.0444110669195652
1789225160416447200,61.896447265625,0.18101590871810913,0.07648240029811859,-0.27925020456314087
1789225160426485000,61.90648510742187,0.14491675794124603,-0.06980370730161667,-0.08885470032691956
1789225160436523300,61.916523193359374,0.042265407741069794,0.05779162049293518,0.22971691191196442
1789225160446562000,61.92656201171875,-0.019392894580960274,0.09779496490955353,0.09714823216199875
1789225160456600000,61.93660009765625,-0.0037886356003582478,0.23236262798309326,-0.19193018972873688
1789225160466638000,61.94663818359375,0.06187186390161514,0.20180551707744598,-0.24601206183433533
1789225160476677000,61.956677001953125,0.14112769067287445,0.17370229959487915,-0.3402805030345917
1789225160486715100,61.96671508789063,0.11678346246480942,0.2433205246925354,-0.13122183084487915
1789225160496753200,61.97675317382812,0.09070128202438354,0.17909616231918335,0.26805880665779114
1789225160506792200,61.98679223632813,0.10652818530797958,0.0864620953798294,0.0934625118970871
1789225160516830200,61.99683032226562,0.06804751604795456,0.30630144476890564,-0.24960780143737793
1789225160526868200,62.0068681640625,0.040721356868743896,0.13384179770946503,-0.20647044479846954
1789225160536907300,62.0169072265625,0.032280903309583664,-0.042052190750837326,0.02286463975906372
1789225160546945000,62.026945068359375,0.003217826597392559,0.06353788077831268,-0.030044114217162132
1789225160556983300,62.0369833984375,0.00738816661760211,0.1127014309167862,-0.3029524087905884
1789225160567022000,62.04702197265625,0.006317043211311102,0.14661093056201935,-0.4137018024921417
1789225160577060000,62.05706005859375,-0.04465491324663162,0.07879240810871124,-0.09807464480400085
1789225160587098000,62.06709814453125,-0.03863297402858734,0.09770537912845612,-0.13840794563293457
1789225160597137200,62.07713720703125,0.004536502528935671,0.14071419835090637,-0.38535773754119873
1789225160607175200,62.08717504882812,0.054921381175518036,0.18682657182216644,-0.44164443016052246
1789225160617213200,62.097213134765624,0.07616280019283295,0.11557062715291977,-0.02820105478167534
1789225160627252200,62.10725219726562,0.08581089973449707,0.023419655859470367,0.008872277103364468
1789225160637290200,62.117290283203126,0.01040826365351677,0.1739557683467865,-0.32153114676475525
1789225160647328300,62.12732836914063,-0.035954173654317856,0.09601488709449768,-0.21327710151672363
1789225160657367300,62.1373671875,-0.053575437515974045,-0.026619767770171165,-0.10609075427055359
1789225160667405000,62.14740502929688,-0.10598458349704742,0.08210697770118713,-0.20044441521167755
1789225160677443300,62.157443359375,-0.10401999950408936,0.061803512275218964,-0.030446141958236694
1789225160687482000,62.16748217773438,-0.08521488308906555,0.032987579703330994,0.06066965311765671
1789225160697520400,62.17752026367187,-0.043827276676893234,0.0736638531088829,-0.04175582528114319
1789225160707558100,62.18755810546875,-0.02201012894511223,0.10349366068840027,-0.12331220507621765
1789225160717597200,62.19759716796875,-0.034376759082078934,0.10266955196857452,0.08826388418674469
1789225160727635200,62.20763525390625,-0.023370979353785515,0.008865028619766235,0.1279582977294922
1789225160737673000,62.2176728515625,-0.04799342900514603,0.08108803629875183,-0.2123570442199707
1789225160747712300,62.227712158203126,-0.10932230204343796,0.09543341398239136,-0.22224164009094238
1789225160757750000,62.23775,-0.1314442902803421,-0.04978211969137192,-0.012142954394221306
1789225160767788300,62.24778833007812,-0.11907363682985306,-0.0975392535328865,-0.19058486819267273
1789225160777827300,62.25782739257812,-0.10150289535522461,0.023307111114263535,-0.46139824390411377
1789225160787865000,62.26786499023437,-0.09566524624824524,-0.10552677512168884,-0.09523993730545044
1789225160797903000,62.277903076171874,-0.09497560560703278,-0.10270753502845764,-0.04956424981355667
1789225160807942100,62.28794213867187,-0.1612052321434021,0.04755654186010361,-0.16059409081935883
1789225160817980200,62.297980224609375,-0.159474715590477,-0.013442791067063808,-0.037638578563928604
1789225160828018200,62.30801806640625,-0.18434543907642365,-0.016055883839726448,0.10044792294502258
1789225160838057000,62.318056884765625,-0.14149177074432373,-0.04510321095585823,-0.045210398733615875
1789225160848095200,62.32809521484375,-0.13106708228588104,-0.050426606088876724,-0.11605527997016907
1789225160858133000,62.33813305664062,-0.15813754498958588,-0.12683779001235962,0.1549934446811676
1789225160868172300,62.34817236328125,-0.1751716434955597,-0.18410027027130127,0.15592235326766968
1789225160878210000,62.3582099609375,-0.25731906294822693,-0.12171690165996552,0.053460054099559784
1789225160888248300,62.368248291015625,-0.25819072127342224,-0.16986417770385742,-0.035954248160123825
1789225160898287000,62.378287109375,-0.26500195264816284,-0.2183377891778946,-0.020118018612265587
1789225160908325000,62.3883251953125,-0.2304900586605072,-0.2044840306043625,0.055054232478141785
1789225160918363100,62.39836303710938,-0.21351741254329681,-0.1747443526983261,0.2235407680273056
1789225160928402200,62.408402099609376,-0.16435785591602325,-0.159488707780838,-0.09672058373689651
1789225160938440200,62.41844018554688,-0.13778141140937805,-0.029098430648446083,-0.4378679692745209
1789225160948478200,62.42847827148437,-0.1654207706451416,-0.0544341504573822,-0.07583891600370407
1789225160958517000,62.43851708984375,-0.13407234847545624,-0.1794331818819046,0.17426937818527222
1789225160968555300,62.44855517578125,-0.13445770740509033,-0.12358163297176361,-0.12090953439474106
1789225160978593000,62.458593017578124,-0.13870865106582642,-0.13295148313045502,-0.3872249126434326
1789225160988632300,62.46863232421875,-0.23482745885849,-0.26779747009277344,-0.05456840246915817
1789225160998670000,62.478670166015625,-0.2985008955001831,-0.4157271385192871,0.16395451128482819
1789225161008708400,62.48870825195313,-0.3622324466705322,-0.2866722047328949,0.14623117446899414
1789225161018747100,62.4987470703125,-0.3396958112716675,-0.19061897695064545,0.24334995448589325
1789225161028785200,62.50878515625,-0.20495213568210602,-0.19548644125461578,0.11280312389135361
1789225161038823200,62.5188232421875,-0.15632686018943787,-0.10798093676567078,-0.012777586467564106
1789225161048862200,62.5288623046875,-0.1831827014684677,-0.18343015015125275,0.3467201292514801
1789225161058900200,62.53890014648437,-0.2153024822473526,-0.3811420798301697,0.4797467291355133
1789225161068938200,62.548938232421875,-0.2690613269805908,-0.2814975082874298,-0.0016691602068021894
1789225161078977000,62.55897705078125,-0.3106786906719208,-0.255568265914917,-0.12451765686273575
1789225161089015300,62.569015380859376,-0.24453404545783997,-0.45252475142478943,0.02855098433792591
1789225161099053000,62.57905297851563,-0.24571704864501953,-0.38053688406944275,0.14867039024829865
1789225161109092400,62.58909228515625,-0.26119264960289,-0.27280402183532715,0.06594542413949966
1789225161119130000,62.59913012695313,-0.26191920042037964,-0.1861450970172882,-0.11771210283041
1789225161129168100,62.60916821289062,-0.23234373331069946,-0.28257763385772705,-0.1502586007118225
1789225161139207200,62.61920727539062,-0.17711982131004333,-0.333845317363739,-0.22195754945278168
1789225161149245200,62.6292451171875,-0.16651378571987152,-0.33836814761161804,-0.1336710900068283
1789225161159283200,62.639283203125,-0.16341416537761688,-0.22821331024169922,0.1483975350856781
1789225161169322200,62.649322265625,-0.1298128068447113,-0.309301495552063,0.20483283698558807
1789225161179360300,62.6593603515625,-0.13181281089782715,-0.11323783546686172,-0.07121220976114273
1789225161189398000,62.66939794921875,-0.2116602510213852,-0.04621246084570885,0.09095165878534317
1789225161199437000,62.67943701171875,-0.22417165338993073,-0.2957117259502411,0.2386423647403717
1789225161209475000,62.68947509765625,-0.24300633370876312,-0.3701142966747284,0.11565198749303818
1789225161219513000,62.69951318359375,-0.2621290385723114,-0.32469838857650757,0.14656701683998108
1789225161229552000,62.70955224609375,-0.24166131019592285,-0.3295075297355652,0.2665991485118866
1789225161239590100,62.71959008789062,-0.20027825236320496,-0.3814176321029663,0.2946600914001465
1789225161249628200,62.729628173828125,-0.179709330201149,-0.34147047996520996,0.03288546949625015
1789225161259667200,62.739667236328124,-0.2026899755001068,-0.2514567971229553,-0.17995402216911316
1789225161269705000,62.749705078125,-0.24572719633579254,-0.2715570330619812,-0.016207436099648476
1789225161279743200,62.7597431640625,-0.24731482565402985,-0.3397534489631653,0.2731415033340454
1789225161289782500,62.76978247070313,-0.20416203141212463,-0.359608918428421,0.022877346724271774
1789225161299820500,62.77982055664062,-0.1853293478488922,-0.3079473376274109,-0.2808716297149658
1789225161309858600,62.789858642578125,-0.18562869727611542,-0.4065687358379364,-0.1055368185043335
1789225161319897600,62.79989770507812,-0.2102387249469757,-0.4323924779891968,0.14794959127902985
1789225161329935600,62.809935546875,-0.2226453274488449,-0.26963284611701965,0.10609374940395355
1789225161339973400,62.819973388671876,-0.21759533882141113,-0.13300800323486328,0.16993044316768646
1789225161350012400,62.830012451171875,-0.1543750911951065,-0.24655215442180634,0.19940099120140076
1789225161360050700,62.84005078125,-0.10171250998973846,-0.3095104992389679,0.12631858885288239
1789225161370088700,62.85008862304687,-0.08424457162618637,-0.2746638357639313,0.14889927208423615
1789225161380127700,62.86012768554688,-0.07184688001871109,-0.3211710453033447,0.15368588268756866
1789225161390165500,62.87016552734375,-0.06858611106872559,-0.3157794773578644,0.10946542769670486
1789225161400203500,62.88020361328125,-0.06909897923469543,-0.30844828486442566,-0.10243533551692963
1789225161410242600,62.89024267578125,-0.11172500252723694,-0.14485560357570648,-0.2941744029521942
1789225161420280600,62.900280517578125,-0.12504838407039642,-0.21159610152244568,-0.15268442034721375
1789225161430318600,62.91031860351563,-0.09434187412261963,-0.2064061164855957,-0.1708727478981018
1789225161440357400,62.920357421875,-0.053341999650001526,-0.18791045248508453,-0.4300856590270996
1789225161450395600,62.93039575195313,-0.009538061916828156,-0.17145025730133057,-0.3910737931728363
1789225161460433400,62.94043334960938,0.008209364488720894,-0.31213459372520447,0.20424768328666687
1789225161470472400,62.95047241210938,0.05486634746193886,-0.3377198576927185,-0.02780979871749878
1789225161480510500,62.96051049804687,-0.019883353263139725,0.00765689741820097,-0.09784781187772751
1789225161490548700,62.970548828125,0.02106914110481739,-0.14314565062522888,0.36050325632095337
1789225161500587500,62.98058740234375,0.04313892498612404,-0.12741383910179138,0.4869339168071747
1789225161510625500,62.99062548828125,0.08316996693611145,0.07817979902029037,0.16522139310836792
1789225161520663600,63.00066357421875,0.1295337826013565,0.050076674669981,-0.017812257632613182
1789225161530702600,63.01070263671875,0.11359449476003647,-0.07574331015348434,0.15960007905960083
1789225161540740600,63.02074072265625,0.06913731247186661,-0.11415036767721176,0.2745218276977539
1789225161550778600,63.03077856445312,-0.0015086312778294086,-0.03273060917854309,0.19027511775493622
1789225161560817400,63.0408173828125,0.0069524492137134075,-0.07132750004529953,-0.06599066406488419
1789225161570855700,63.05085571289062,0.08279794454574585,-0.03456096351146698,-0.3295583724975586
1789225161580893400,63.0608935546875,0.1745685636997223,-0.09624114632606506,-0.13434046506881714
1789225161590932500,63.07093237304687,0.23660317063331604,-0.029475964605808258,0.07126116007566452
1789225161600970500,63.080970458984375,0.23402464389801025,0.15383592247962952,0.006426695268601179
1789225161611008800,63.0910087890625,0.23645637929439545,0.1235179677605629,-0.14705660939216614
1789225161621047600,63.101047607421876,0.1961912363767624,0.14660042524337769,-0.3925497531890869
1789225161631085600,63.11108544921875,0.14846472442150116,0.14194974303245544,-0.27641621232032776
1789225161641123600,63.12112353515625,0.17866218090057373,0.07237361371517181,0.025344233959913254
1789225161651162600,63.13116259765625,0.20839904248714447,0.19967509806156158,0.1482240855693817
1789225161661200600,63.14120068359375,0.27049440145492554,0.22419747710227966,0.0809912160038948
1789225161671238700,63.15123876953125,0.3349631428718567,0.24553339183330536,-0.14522860944271088
1789225161681277400,63.16127734375,0.30279541015625,0.1722710132598877,-0.13935299217700958
1789225161691315700,63.171315673828126,0.2247019112110138,0.10962415486574173,0.26954156160354614
1789225161701353500,63.181353515625,0.1580708622932434,0.15637551248073578,0.2923598885536194
1789225161711391500,63.1913916015625,0.16259823739528656,0.1963394433259964,0.04653679579496384
1789225161721430500,63.20143041992188,0.20287807285785675,0.24302823841571808,0.11083204299211502
1789225161731468800,63.21146875,0.2855106294155121,0.13854791224002838,0.0009971577674150467
1789225161741506600,63.221506591796874,0.32237452268600464,0.24021553993225098,-0.2291049063205719
1789225161751545600,63.23154565429687,0.29722070693969727,0.20632654428482056,-0.060055430978536606
1789225161761583600,63.24158349609375,0.24606436491012573,0.17132189869880676,-0.07533276826143265
1789225161771621400,63.251621337890626,0.1971476972103119,0.3128465414047241,-0.3399074375629425
1789225161781660700,63.26166064453125,0.20318563282489777,0.23010769486427307,-0.10147359222173691
1789225161791698400,63.27169848632813,0.2685050070285797,0.01828944869339466,-0.06772095710039139
1789225161801736700,63.28173681640625,0.23771777749061584,0.15991473197937012,-0.26973605155944824
1789225161811775500,63.291775390625,0.16142646968364716,0.23591256141662598,0.08358101546764374
1789225161821813500,63.3018134765625,0.14394241571426392,0.07404206693172455,0.38366982340812683
1789225161831851500,63.3118515625,0.12582679092884064,0.11926627159118652,0.14613234996795654
1789225161841890600,63.321890625,0.1858845204114914,0.3084275722503662,-0.25119131803512573
1789225161851928600,63.331928466796874,0.19062228500843048,0.23892837762832642,0.003925113473087549
1789225161861966600,63.34196655273438,0.21492820978164673,0.09405762702226639,0.6091988682746887
1789225161872005400,63.35200537109375,0.2351522594690323,0.08612540364265442,0.2703355848789215
1789225161882043600,63.36204370117188,0.2017708122730255,0.39124593138694763,-0.201987162232399
1789225161892081400,63.37208129882813,0.20262755453586578,0.13001325726509094,-0.039301566779613495
1789225161902120700,63.38212060546875,0.2010408490896225,0.05928317457437515,0.11927583068609238
1789225161912158500,63.39215844726562,0.1493843048810959,0.2054813951253891,-0.0195960383862257
1789225161922196700,63.40219677734375,0.16240380704402924,0.1942944973707199,-0.18506325781345367
1789225161932235500,63.41223559570312,0.16859032213687897,0.12474178522825241,-0.3460793197154999
1789225161942273500,63.4222734375,0.18663200736045837,0.09763738512992859,-0.3688119351863861
1789225161952311600,63.4323115234375,0.1495935618877411,0.10448729991912842,0.024198198691010475
1789225161962350600,63.4423505859375,0.170633465051651,0.12278451025485992,0.04021551460027695
1789225161972388600,63.452388671875,0.16604191064834595,0.30248263478279114,0.0007634470239281654
1789225161982426600,63.46242651367187,0.18160463869571686,0.2360111027956009,0.18728096783161163
1789225161992465400,63.47246533203125,0.19241175055503845,0.17471258342266083,0.18299780786037445
1789225162002503700,63.48250366210937,0.14588145911693573,0.2244340479373932,0.17541925609111786
1789225162012541400,63.49254150390625,0.13272543251514435,0.10009744763374329,0.3844566345214844
1789225162022580700,63.502580810546874,0.1415548026561737,0.039761919528245926,0.3431970775127411
1789225162032618500,63.512618408203124,0.11681830883026123,0.15318994224071503,0.23403063416481018
1789225162042656800,63.52265673828125,0.10819864273071289,0.1812315136194229,0.3183088004589081
1789225162052695600,63.532695556640626,0.09913776814937592,0.15498021245002747,0.34336328506469727
1789225162062733600,63.54273364257813,0.11481553316116333,0.16602113842964172,-0.16612125933170319
1789225162072771600,63.552771484375,0.07153666764497757,0.24114662408828735,-0.35433369874954224
1789225162082810600,63.562810546875,0.04169411212205887,0.09905272722244263,0.19867855310440063
1789225162092848600,63.5728486328125,0.11525487899780273,-0.047282639890909195,0.09855274111032486
1789225162102886700,63.58288671875,0.10776802897453308,0.26761412620544434,-0.38353869318962097
1789225162112925400,63.59292553710937,0.13465584814548492,0.1428639441728592,-0.18971200287342072
1789225162122963700,63.602963623046875,0.14598338305950165,0.009930438362061977,0.23801514506340027
1789225162133001500,63.61300146484375,0.12651194632053375,0.17656761407852173,0.01899331621825695
1789225162143040800,63.623040771484376,0.08974318206310272,0.29640480875968933,0.04334050416946411
1789225162153078500,63.63307861328125,0.11007215827703476,0.1422157734632492,0.25657209753990173
1789225162163116500,63.64311645507812,0.09281210601329803,0.21461835503578186,0.15248826146125793
1789225162173155600,63.65315551757813,0.09004401415586472,0.24922508001327515,0.18950992822647095
1789225162183193600,63.66319360351562,0.15273497998714447,0.11043471843004227,0.2292233258485794
1789225162193231600,63.673231689453125,0.1863616406917572,0.16402550041675568,-0.050036005675792694
1789225162203270700,63.683270751953124,0.15477144718170166,0.2459016889333725,0.0791722759604454
1789225162213308700,63.69330859375,0.14743711054325104,0.1675293892621994,0.38856926560401917
1789225162223346400,63.70334643554688,0.14493821561336517,0.20005851984024048,0.19446367025375366
1789225162233385500,63.713385498046875,0.14993111789226532,0.4058985114097595,-0.24717605113983154
1789225162243423500,63.72342358398438,0.17300233244895935,0.28975600004196167,-0.28983205556869507
1789225162253461500,63.73346142578125,0.1760452687740326,0.18623574078083038,0.19037529826164246
1789225162263500500,63.74350048828125,0.20188379287719727,0.17296218872070312,0.10327304899692535
1789225162273538600,63.75353857421875,0.17554432153701782,0.3398744761943817,-0.23161333799362183
1789225162283576600,63.76357666015625,0.11976160109043121,0.3014635145664215,-0.08764493465423584
1789225162293615400,63.77361547851562,0.08150316774845123,0.22512772679328918,0.2685064971446991
1789225162303653400,63.7836533203125,0.11055805534124374,0.2524573802947998,0.09490808844566345
1789225162313691400,63.79369140625,0.15295211970806122,0.3106871247291565,-0.0420505590736866
1789225162323730400,63.80373046875,0.20039483904838562,0.24055975675582886,0.12371618300676346
1789225162333768400,63.8137685546875,0.21416231989860535,0.13413743674755096,-0.017521366477012634
1789225162343806500,63.82380639648437,0.1294284611940384,0.2609975337982178,-0.18782934546470642
1789225162353844500,63.833844482421874,0.061707742512226105,0.26330676674842834,0.012718679383397102
1789225162363883500,63.84388354492187,0.09425406903028488,0.2023724913597107,-0.09833555668592453
1789225162373921300,63.85392138671875,0.12196292728185654,0.40922048687934875,-0.32645392417907715
1789225162383959300,63.863959228515625,0.17155314981937408,0.33182960748672485,-0.08589798212051392
1789225162393998300,63.873998291015624,0.2294691652059555,0.16524755954742432,0.05207346752285957
1789225162404036400,63.88403637695313,0.22806060314178467,0.23360630869865417,-0.30862540006637573
1789225162414074400,63.89407446289062,0.13636504113674164,0.3176721930503845,-0.21847394108772278
1789225162424113400,63.90411352539063,0.0780341774225235,0.26853737235069275,0.19454748928546906
1789225162434151400,63.9141513671875,0.07942861318588257,0.29761189222335815,0.16507375240325928
1789225162444189200,63.92418920898437,0.12839581072330475,0.42428451776504517,-0.09495501220226288
1789225162454228500,63.934228515625,0.19266986846923828,0.4543827772140503,-0.12130033224821091
1789225162464266200,63.944266357421874,0.24064473807811737,0.37015029788017273,0.09619801491498947
1789225162474304500,63.954304443359376,0.24911120533943176,0.38058218359947205,0.2252766489982605
1789225162484343300,63.96434326171875,0.1763448417186737,0.435543417930603,0.26841238141059875
1789225162494381300,63.97438134765625,0.15094494819641113,0.45636987686157227,0.1877894550561905
1789225162504419300,63.98441943359375,0.1457367241382599,0.4983268678188324,0.07881715148687363
1789225162514458400,63.99445825195313,0.2104632556438446,0.5879361033439636,-0.04426828771829605
1789225162524496400,64.00449633789063,0.2600831985473633,0.5248070955276489,0.08529088646173477
1789225162534534400,64.01453442382812,0.324320524930954,0.45683762431144714,-0.10515868663787842
1789225162544573200,64.0245732421875,0.25947698950767517,0.5728808045387268,-0.214761421084404
1789225162554611500,64.03461157226562,0.16628605127334595,0.5487472414970398,0.08280767500400543
1789225162564649200,64.04464916992187,0.1664571762084961,0.45081308484077454,-0.0031422688625752926
1789225162574688500,64.0546884765625,0.17153343558311462,0.548173725605011,-0.24156096577644348
1789225162584726300,64.06472631835938,0.20156985521316528,0.4570631980895996,-0.07512594759464264
1789225162594764500,64.0747646484375,0.18757466971874237,0.3245120644569397,0.155931755900383
1789225162604803300,64.08480322265625,0.15111495554447174,0.24588097631931305,-0.111981101334095
1789225162614841300,64.09484130859374,-0.009101350791752338,0.2487553209066391,-0.17247718572616577
1789225162624879400,64.10487939453125,-0.12375777214765549,0.1321250945329666,-0.00492263026535511
1789225162634918400,64.11491845703125,-0.18847578763961792,0.1482904851436615,-0.026504887267947197
1789225162644956400,64.12495629882812,-0.17574451863765717,0.13103599846363068,0.002424155827611685
1789225162654994400,64.13499438476562,-0.08759654313325882,0.09661225229501724,-0.00860639102756977
1789225162665033200,64.145033203125,-0.04747851938009262,0.07586907595396042,0.041422877460718155
1789225162675071500,64.15507153320313,-0.05240083858370781,0.007375502027571201,0.08478100597858429
1789225162685109500,64.16510961914062,-0.16041110455989838,-0.033303748816251755,0.11458174139261246
1789225162695148500,64.1751484375,-0.2777568995952606,-0.13475288450717926,0.10722821950912476
1789225162705186300,64.18518627929687,-0.36010777950286865,-0.14782552421092987,-0.08753883838653564
1789225162715224600,64.195224609375,-0.396801620721817,-0.19407238066196442,-0.1769731044769287
1789225162725263400,64.20526342773438,-0.38979700207710266,-0.2712402939796448,0.02983294427394867
1789225162735301400,64.21530126953125,-0.3682560324668884,-0.3306514322757721,0.1860308051109314
1789225162745339400,64.22533935546875,-0.36378052830696106,-0.3246062099933624,-0.008725319057703018
1789225162755378400,64.23537841796875,-0.4285840094089508,-0.3624579906463623,-0.10495331883430481
1789225162765416400,64.24541650390626,-0.519273042678833,-0.48565319180488586,0.04639199376106262
1789225162775454200,64.2554541015625,-0.5902146100997925,-0.5670351386070251,0.0774119645357132
1789225162785492500,64.26549243164062,-0.6091656684875488,-0.5567322373390198,-0.02763543650507927
1789225162795531500,64.27553149414062,-0.6228505969047546,-0.5523675680160522,0.14053227007389069
1789225162805569500,64.28556958007813,-0.5805898308753967,-0.5608260035514832,0.18430666625499725
1789225162815607300,64.29560717773437,-0.5457133054733276,-0.6002998948097229,-0.0016293700318783522
1789225162825646300,64.30564624023438,-0.5684493184089661,-0.5657913684844971,-0.17421729862689972
1789225162835684400,64.31568432617188,-0.6189891695976257,-0.6019067764282227,0.11563581973314285
1789225162845722400,64.32572241210937,-0.6310141682624817,-0.6651859283447266,0.21436844766139984
1789225162855761400,64.33576147460937,-0.6649430990219116,-0.5688109397888184,0.006606727372854948
1789225162865799400,64.34579931640624,-0.6506423354148865,-0.5886796712875366,-0.06396323442459106
1789225162875837400,64.35583740234375,-0.6364434361457825,-0.627362072467804,0.027492644265294075
1789225162885876500,64.36587646484375,-0.6441784501075745,-0.686294674873352,0.201583132147789
1789225162895914200,64.37591430664062,-0.6175516247749329,-0.787161111831665,0.05066180229187012
1789225162905952500,64.38595239257812,-0.641762912273407,-0.7932405471801758,-0.04316718131303787
1789225162915991300,64.3959912109375,-0.6698102355003357,-0.8512210249900818,0.11122984439134598
1789225162926029600,64.40602954101563,-0.6932945251464844,-0.864977240562439,0.046630725264549255
1789225162936067300,64.4160673828125,-0.7090995907783508,-0.7844555377960205,-0.05026599392294884
1789225162946106400,64.4261064453125,-0.7126939296722412,-0.7499552369117737,0.1263751983642578
1789225162956144400,64.43614428710937,-0.710988461971283,-0.6793883442878723,0.3777642846107483
1789225162966182400,64.44618237304688,-0.6378712058067322,-0.7234663963317871,0.3291383683681488
1789225162976221400,64.45622143554688,-0.5430895686149597,-0.7855902314186096,-0.06576209515333176
1789225162986259500,64.46625952148437,-0.5401787757873535,-0.8874098062515259,-0.11258526146411896
1789225162996297500,64.47629736328125,-0.5797019600868225,-0.9229209423065186,0.19334323704242706
1789225163006336500,64.48633642578125,-0.620276153087616,-0.9077364802360535,0.17248818278312683
1789225163016374300,64.49637426757812,-0.6572179198265076,-0.7910884022712708,0.002682635560631752
1789225163026412500,64.50641259765625,-0.6582280397415161,-0.7490723729133606,-0.12259706854820251
1789225163036451300,64.51645141601563,-0.6180111169815063,-0.7043980956077576,-0.05853605642914772
1789225163046489600,64.52648950195312,-0.5479188561439514,-0.7607065439224243,0.2787342965602875
1789225163056527400,64.53652734375,-0.4679659307003021,-0.7857181429862976,0.19433313608169556
1789225163066566400,64.54656640625,-0.4439670443534851,-0.7654584646224976,0.12900139391422272
1789225163076604400,64.5566044921875,-0.4380630850791931,-0.9322615265846252,0.33447304368019104
1789225163086642400,64.56664233398438,-0.47588297724723816,-0.9725968241691589,0.2213437557220459
1789225163096681500,64.57668139648437,-0.5187750458717346,-0.8613563179969788,-0.022845476865768433
1789225163106719500,64.58671948242187,-0.5309346914291382,-0.7671332955360413,0.038428112864494324
1789225163116757500,64.59675756835938,-0.518700122833252,-0.7315499782562256,0.04221193492412567
1789225163126795300,64.60679516601563,-0.46884819865226746,-0.7367031574249268,-0.11697841435670853
1789225163136834300,64.61683422851563,-0.4564807415008545,-0.643731951713562,-0.08860082924365997
1789225163146872300,64.62687231445312,-0.38570722937583923,-0.6610422730445862,0.1398114711046219
1789225163156910300,64.63691040039062,-0.27742788195610046,-0.630048394203186,0.17586694657802582
1789225163166949600,64.64694970703125,-0.1948183923959732,-0.5741110444068909,0.05906582623720169
1789225163176987400,64.6569873046875,-0.16481707990169525,-0.5764285326004028,0.17062591016292572
1789225163187025400,64.667025390625,-0.16290463507175446,-0.6244936585426331,0.21787109971046448
1789225163197064400,64.677064453125,-0.12811842560768127,-0.5279498100280762,0.09108972549438477
1789225163207102200,64.68710229492187,-0.07964226603507996,-0.3754173815250397,0.0766536071896553
1789225163217140500,64.69714038085938,0.02683890238404274,-0.24932363629341125,0.12222002446651459
1789225163227179300,64.70717919921876,0.1031496524810791,-0.06783851236104965,0.14301373064517975
1789225163237217500,64.71721752929687,0.1604241281747818,0.05061968415975571,0.1310393512248993
1789225163247255300,64.72725537109375,0.20306678116321564,-0.0030908030457794666,0.041902437806129456
1789225163257294300,64.73729443359375,0.24150311946868896,-0.006353441625833511,-0.0061769429594278336
1789225163267332400,64.74733227539062,0.3166673481464386,-0.04162539169192314,0.07584579288959503
1789225163277370400,64.75737036132813,0.3829406499862671,0.06393565237522125,0.19337773323059082
1789225163287409700,64.76740966796875,0.46564337611198425,0.14327706396579742,0.049916915595531464
1789225163297447700,64.77744775390624,0.5062791705131531,0.2882592976093292,-0.1601921170949936
1789225163307485700,64.78748559570313,0.5194535255432129,0.3091166913509369,-0.21831442415714264
1789225163317524700,64.79752465820313,0.5283772945404053,0.3890139162540436,-0.15135963261127472
1789225163327562800,64.80756274414063,0.5195859670639038,0.5001723766326904,0.043290212750434875
1789225163337600800,64.81760083007812,0.5864763259887695,0.4864751994609833,0.12008219212293625
1789225163347639800,64.82763989257812,0.6643880009651184,0.5176340937614441,-0.003343110904097557
1789225163357677800,64.837677734375,0.7183934450149536,0.42490869760513306,-0.16265207529067993
1789225163367715800,64.8477158203125,0.6979712843894958,0.4038689434528351,-0.031011490151286125
1789225163377754600,64.85775463867188,0.6017552614212036,0.527432382106781,0.24115797877311707
1789225163387793000,64.86779296875,0.5222743153572083,0.6172680854797363,0.17071476578712463
1789225163397830700,64.87783056640625,0.507348895072937,0.6705605983734131,0.01394726987928152
1789225163407869000,64.88786889648438,0.5527294278144836,0.6263370513916016,-0.049430061131715775
1789225163417907700,64.89790771484375,0.6222448348999023,0.5431191325187683,0.01485545001924038
1789225163427945700,64.90794580078125,0.6616789102554321,0.5406073927879333,0.133744478225708
1789225163437983700,64.91798364257812,0.6474542021751404,0.5255703926086426,0.26455414295196533
1789225163448022800,64.92802270507812,0.6349684000015259,0.5048244595527649,-0.023157712072134018
1789225163458060800,64.93806079101563,0.5319719314575195,0.599858820438385,-0.3964031934738159
1789225163468098800,64.94809887695313,0.4123450219631195,0.5270432233810425,-0.11978990584611893
1789225163478137900,64.95813793945312,0.37511083483695984,0.4766581058502197,0.26637139916419983
1789225163488175900,64.96817578125,0.43258383870124817,0.5029169917106628,0.04909593611955643
1789225163498214000,64.9782138671875,0.531932532787323,0.6577151417732239,-0.30325305461883545
1789225163508253000,64.9882529296875,0.539364755153656,0.5773106813430786,-0.25891077518463135
1789225163518290700,64.99829077148438,0.5054962635040283,0.417236864566803,0.09651815891265869
1789225163528328700,65.00832861328125,0.4491657018661499,0.3570138216018677,0.03342639282345772
1789225163538367700,65.01836767578125,0.33449795842170715,0.45993006229400635,-0.10407288372516632
1789225163548405800,65.02840576171874,0.2788050174713135,0.38215553760528564,-0.08136292546987534
1789225163558443800,65.03844384765625,0.24632617831230164,0.36356958746910095,-0.0351264551281929
1789225163568482800,65.04848291015625,0.2155049443244934,0.3988911211490631,0.11941015720367432
1789225163578520800,65.05852075195313,0.2564489245414734,0.2769908010959625,0.17408885061740875
1789225163588558600,65.06855859375,0.2957004904747009,0.3077382445335388,0.04221469163894653
1789225163598598000,65.07859790039062,0.2832646071910858,0.31132179498672485,0.002844119444489479
1789225163608635600,65.0886357421875,0.2672630548477173,0.16806365549564362,0.08551333099603653
1789225163618674000,65.098673828125,0.21207623183727264,0.15906590223312378,-0.05885689705610275
1789225163628712700,65.10871264648438,0.10258467495441437,0.29337722063064575,-0.06344357877969742
1789225163638750700,65.11875073242187,0.06543118506669998,0.2489304095506668,0.08002996444702148
1789225163648788700,65.12878881835937,0.10781543701887131,0.2689860165119171,0.009269660338759422
1789225163658827800,65.13882788085938,0.1709403395652771,0.34451326727867126,-0.12519679963588715
1789225163668865800,65.14886572265625,0.21360154449939728,0.2489626258611679,0.0035693480167537928
1789225163678903800,65.15890380859375,0.20155766606330872,0.17623330652713776,0.10042078793048859
1789225163688941800,65.16894189453124,0.11411584913730621,0.17692959308624268,0.21127204596996307
1789225163698980900,65.17898095703126,0.047461189329624176,0.07161913812160492,0.2909615635871887
1789225163709018600,65.1890185546875,0.02041669189929962,0.14252625405788422,0.05201068893074989
1789225163719057000,65.19905688476562,0.01264052651822567,0.20719872415065765,-0.07335681468248367
1789225163729095700,65.209095703125,0.0595301017165184,0.19579702615737915,0.07923226803541183
1789225163739134000,65.21913403320312,0.10038965195417404,0.16390487551689148,0.30101898312568665
1789225163749171700,65.22917163085937,0.1553497016429901,0.21593457460403442,0.04598540440201759
1789225163759210800,65.23921069335937,0.15212008357048035,0.3338111340999603,-0.21338410675525665
1789225163769248800,65.24924877929688,0.15304577350616455,0.23723065853118896,-0.11427023261785507
1789225163779286800,65.25928686523437,0.11636018753051758,0.17765840888023376,0.15163174271583557
1789225163789325800,65.26932592773437,0.10650719702243805,0.21162497997283936,0.11698683351278305
1789225163799363800,65.27936376953124,0.11472811549901962,0.3122578561306,-0.11703338474035263
1789225163809401900,65.28940185546875,0.1185908317565918,0.29666247963905334,-0.09329092502593994
1789225163819441000,65.29944091796875,0.10864845663309097,0.27892687916755676,0.01677832193672657
1789225163829478700,65.30947875976562,0.07137151062488556,0.28690391778945923,0.057718873023986816
1789225163839517000,65.31951684570312,0.0679355040192604,0.23987703025341034,0.07423020899295807
1789225163849555700,65.3295556640625,0.08300279825925827,0.22747686505317688,-0.022608352825045586
1789225163859594000,65.33959399414063,0.1145511344075203,0.1483522206544876,-0.21017451584339142
1789225163869631700,65.3496318359375,0.10965781658887863,0.05977702885866165,-0.35153865814208984
1789225163879670800,65.3596708984375,0.06993649899959564,-0.03381417319178581,-0.40379706025123596
1789225163889708800,65.36970874023437,0.04771261289715767,0.019611313939094543,-0.5223846435546875
1789225163899746600,65.37974658203125,-0.006359408143907785,0.1949024349451065,-0.5006628036499023
1789225163909784800,65.38978491210938,0.016152294352650642,0.16358037292957306,-0.45617130398750305
1789225163919824000,65.39982397460938,0.08360297232866287,0.2451484650373459,-0.5059090852737427
1789225163929862000,65.40986181640625,0.11589324474334717,0.32116106152534485,-0.2922526001930237
1789225163939899600,65.41989965820312,0.17130616307258606,0.10228650271892548,-0.15332002937793732
1789225163949938700,65.42993872070312,0.17223210632801056,-0.05812611058354378,-0.18936008214950562
1789225163959976700,65.43997680664063,0.0610259473323822,-0.1974981129169464,-0.04122600704431534
1789225163970014700,65.4500146484375,-0.04850909113883972,-0.10759910196065903,0.11259927600622177
1789225163980053800,65.4600537109375,-0.1506439745426178,-0.019792549312114716,-0.01606070064008236
1789225163990091800,65.470091796875,-0.1983448565006256,0.046356212347745895,-0.10548155009746552
1789225164000129800,65.4801298828125,-0.19802527129650116,0.01791711524128914,-0.08948979526758194
1789225164010168800,65.4901689453125,-0.15196247398853302,0.1024734228849411,0.07836936414241791
1789225164020206600,65.50020654296875,-0.07469193637371063,-0.0190370324999094,0.20073042809963226
1789225164030244900,65.51024487304687,-0.014809062704443932,-0.1484307050704956,0.22945497930049896
1789225164040283600,65.52028369140625,-0.026003660634160042,-0.3053146004676819,0.02991817519068718
1789225164050322000,65.53032202148438,-0.13575869798660278,-0.4063897728919983,-0.22584456205368042
1789225164060359700,65.54035961914063,-0.32407480478286743,-0.29585686326026917,0.23438775539398193
1789225164070398700,65.55039868164063,-0.44682005047798157,-0.15186767280101776,0.5988216996192932
1789225164080436700,65.56043676757812,-0.4237741231918335,-0.08690812438726425,0.37017279863357544
1789225164090474800,65.57047485351562,-0.2537243962287903,0.15294824540615082,-0.05712539330124855
1789225164100512800,65.5805126953125,-0.09092561900615692,0.05415323004126549,-0.02781543880701065
1789225164110551800,65.5905517578125,-0.011049113236367702,-0.13050737977027893,0.5759884715080261
1789225164120589800,65.60058984375,0.020204946398735046,-0.12947620451450348,0.5162330269813538
1789225164130627800,65.6106279296875,-0.05683758854866028,0.026429273188114166,0.1362856924533844
1789225164140666600,65.62066650390625,-0.09556075185537338,-0.07850459963083267,-0.10976135730743408
1789225164150705000,65.63070483398438,-0.14062227308750153,-0.1800358146429062,-0.1663927584886551
1789225164160742700,65.64074267578125,-0.15873096883296967,-0.15989406406879425,-0.10161828249692917
1789225164170782000,65.65078198242188,-0.13558612763881683,-0.07771982997655869,-0.02522767335176468
1789225164180819700,65.66081982421875,-0.07672547549009323,0.03134620189666748,-0.055357079952955246
1789225164190858000,65.67085791015624,-0.02875494584441185,0.16512176394462585,-0.06135722994804382
1789225164200896800,65.68089672851562,-0.028954150155186653,0.27416568994522095,0.007998678833246231
1789225164210934800,65.69093481445313,-0.06657739728689194,0.08635368943214417,0.23382139205932617
1789225164220972800,65.70097290039062,-0.04790331795811653,-0.13289450109004974,0.3320842981338501
1789225164231011800,65.71101171875,-0.06339741498231888,-0.3002789616584778,0.19271180033683777
1789225164241049900,65.7210498046875,-0.14459320902824402,-0.4632766544818878,0.16175174713134766
1789225164251087600,65.73108764648437,-0.20285111665725708,-0.4879710078239441,0.11700170487165451
1789225164261126700,65.74112670898438,-0.2886810600757599,-0.3234638273715973,-0.05876293405890465
1789225164271164700,65.75116455078125,-0.33580756187438965,-0.3242187798023224,-0.13818565011024475
1789225164281202700,65.76120263671875,-0.3206576406955719,-0.33261945843696594,-0.16091865301132202
1789225164291241700,65.77124169921875,-0.2873276472091675,-0.24011830985546112,-0.28156912326812744
1789225164301279500,65.78127954101562,-0.2519587278366089,-0.2352822870016098,-0.2302209734916687
1789225164311317800,65.79131787109375,-0.20945504307746887,-0.4056815207004547,-0.14517299830913544
1789225164321355500,65.80135546875,-0.2249296009540558,-0.46331071853637695,-0.2158317267894745
1789225164331394600,65.81139453125,-0.2988470494747162,-0.5032342672348022,-0.1018834337592125
1789225164341432600,65.8214326171875,-0.3802263140678406,-0.5499970316886902,0.21440556645393372
1789225164351470600,65.831470703125,-0.4250931143760681,-0.49443554878234863,0.17824850976467133
1789225164361509600,65.84150952148437,-0.42880797386169434,-0.3356482982635498,-0.00004532176535576582
1789225164371547600,65.85154760742188,-0.3565601408481598,-0.34484490752220154,0.09578783065080643
1789225164381585700,65.86158569335937,-0.2897009551525116,-0.33274590969085693,0.30111515522003174
1789225164391624700,65.87162475585937,-0.23623508214950562,-0.2809433043003082,0.29468798637390137
1789225164401662500,65.88166235351562,-0.18573543429374695,-0.19628462195396423,0.18508823215961456
1789225164411700700,65.89170068359375,-0.14232312142848969,-0.2473161369562149,0.013716215267777443
1789225164421739500,65.90173950195313,-0.12935326993465424,-0.3053392469882965,-0.1859324425458908
1789225164431777800,65.91177783203125,-0.15974894165992737,-0.26152727007865906,-0.1324678510427475
1789225164441815600,65.92181567382812,-0.15883947908878326,-0.21159593760967255,-0.04794151708483696
1789225164451854600,65.9318544921875,-0.13863086700439453,-0.12677672505378723,-0.09726922959089279
1789225164461892600,65.941892578125,-0.04171524569392204,-0.02725706435739994,-0.24194012582302094
1789225164471930600,65.9519306640625,0.037822987884283066,0.11342335492372513,-0.33310598134994507
1789225164481968600,65.96196875,0.09629002958536148,0.06825214624404907,-0.15362225472927094
1789225164492007700,65.97200756835937,0.1527445763349533,-0.017990203574299812,-0.005402808077633381
1789225164502045700,65.98204565429687,0.14757156372070312,0.057893622666597366,-0.07615368068218231
1789225164512083500,65.99208349609376,0.12742730975151062,0.08547723293304443,-0.07251561433076859
1789225164522122500,66.00212255859375,0.10636091977357864,0.09097399562597275,0.0272181686013937
1789225164532160800,66.01216088867187,0.09195682406425476,0.11111267656087875,0.12926368415355682
1789225164542198800,66.02219873046874,0.1342606097459793,0.11682435870170593,-0.047625329345464706
1789225164552237800,66.03223779296874,0.15365250408649445,0.22895674407482147,-0.17719000577926636
1789225164562275600,66.04227563476563,0.17033986747264862,0.19089698791503906,0.1287645846605301
1789225164572313600,66.05231372070313,0.20218658447265625,0.10950828343629837,0.29105591773986816
1789225164582352600,66.0623525390625,0.20718134939670563,0.14749881625175476,-0.023056181147694588
1789225164592390700,66.072390625,0.16804949939250946,0.19262941181659698,-0.28707435727119446
1789225164602428700,66.0824287109375,0.08847585320472717,0.08705425262451172,-0.012688345275819302
1789225164612467700,66.0924677734375,0.04707909747958183,0.0027799929957836866,0.1703777313232422
1789225164622505700,66.10250561523438,0.028613537549972534,0.038216546177864075,0.0035978052765130997
1789225164632543500,66.11254345703125,0.06608057767152786,0.049452055245637894,-0.18904735147953033
1789225164642582500,66.12258251953125,0.06321102380752563,0.006829495076090097,-0.11260904371738434
1789225164652620500,66.13262060546874,0.03075351007282734,-0.03304550424218178,0.014692151919007301
1789225164662658800,66.14265893554688,-0.02629512920975685,-0.06820162385702133,0.1164693832397461
1789225164672696600,66.15269653320313,-0.026425866410136223,-0.11180390417575836,-0.06966792792081833
1789225164682735600,66.16273559570313,-0.036972515285015106,-0.0817466676235199,-0.33107423782348633
1789225164692773600,66.17277368164062,-0.06071563810110092,-0.16670385003089905,-0.15971440076828003
1789225164702811600,66.18281176757813,-0.0949644222855568,-0.21324151754379272,0.14349208772182465
1789225164712850700,66.1928505859375,-0.12848390638828278,-0.14942093193531036,0.10330316424369812
1789225164722888700,66.202888671875,-0.1268324851989746,-0.06877508759498596,-0.08979065716266632
1789225164732926700,66.2129267578125,-0.11709671467542648,-0.09812654554843903,-0.09966855496168137
1789225164742965800,66.2229658203125,-0.09825138747692108,-0.21567580103874207,0.12250645458698273
1789225164753003500,66.23300341796875,-0.09751255810260773,-0.23305904865264893,0.1516806036233902
1789225164763041800,66.24304174804688,-0.12041601538658142,-0.20378105342388153,0.07745643705129623
1789225164773080600,66.25308056640625,-0.14254048466682434,-0.21406884491443634,0.09284737706184387
1789225164783118800,66.26311889648437,-0.1403723955154419,-0.2333139032125473,0.09494328498840332
1789225164793156600,66.27315649414062,-0.13565434515476227,-0.15538528561592102,-0.04384336248040199
1789225164803195600,66.28319555664062,-0.11699065566062927,-0.09733077138662338,-0.0685305967926979
1789225164813234700,66.29323461914062,-0.06991662085056305,-0.1714334934949875,0.0020532875787466764
1789225164823272700,66.30327270507813,-0.021401086822152138,-0.18518207967281342,-0.19037768244743347
1789225164833310700,66.31331079101562,-0.03322605416178703,-0.136850506067276,-0.20355606079101562
1789225164843349800,66.32334985351562,-0.04126899316906929,-0.14546625316143036,0.042994700372219086
1789225164853387500,66.33338745117187,-0.05457467958331108,-0.10444238781929016,0.11963515728712082
1789225164863425800,66.34342578125,-0.04089627042412758,-0.0008317234460264444,-0.015345452353358269
1789225164873464600,66.35346459960938,0.0036754566244781017,0.04243399202823639,-0.0346033051609993
1789225164883502800,66.3635029296875,0.05098360776901245,0.0023801112547516823,0.16978079080581665
1789225164893540600,66.37354052734375,0.10506682097911835,-0.03129875659942627,0.27441027760505676
1789225164903579000,66.38357885742188,0.11513467878103256,0.01176504697650671,0.26086536049842834
1789225164913617700,66.39361767578124,0.12412552535533905,-0.005296964198350906,0.20973673462867737
1789225164923655700,66.40365576171875,0.1031065359711647,0.01393745094537735,0.11792612820863724
1789225164933693700,66.41369360351563,0.09908649325370789,0.024434566497802734,-0.01678507961332798
1789225164943732700,66.42373266601562,0.09456374496221542,0.08140392601490021,-0.03312935680150986
1789225164953770800,66.43377075195312,0.1227615550160408,0.10752500593662262,0.09900204837322235
1789225164963808500,66.44380859375,0.1837392896413803,0.16452479362487793,0.10560870170593262
1789225164973847600,66.45384765625,0.24580451846122742,0.2958463430404663,0.0893746018409729
1789225164983885800,66.4638857421875,0.2999310791492462,0.2962590754032135,0.08036858588457108
1789225164993923600,66.47392358398437,0.3112865388393402,0.27878129482269287,0.13156598806381226
1789225165003963000,66.483962890625,0.3048509657382965,0.2533172369003296,0.14424321055412292
1789225165014000600,66.49400073242188,0.30328741669654846,0.2861582040786743,0.25605112314224243
1789225165024038700,66.50403857421875,0.3092590272426605,0.27406638860702515,0.46423229575157166
1789225165034077700,66.51407763671875,0.3479555547237396,0.33357682824134827,0.3545300364494324
1789225165044115500,66.52411547851563,0.33894941210746765,0.4651930630207062,0.16697759926319122
1789225165054153700,66.53415380859374,0.3014739453792572,0.4509912431240082,0.1657506823539734
1789225165064191500,66.54419140625,0.2871413826942444,0.40270131826400757,-0.04397687688469887
1789225165074230800,66.55423071289063,0.24846138060092926,0.369268000125885,-0.20594634115695953
1789225165084268500,66.5642685546875,0.2815092206001282,0.228287011384964,-0.15772436559200287
1789225165094306800,66.57430688476562,0.3068297505378723,0.11178144067525864,-0.12878724932670593
1789225165104345600,66.584345703125,0.3097078800201416,0.058094896376132965,-0.34237396717071533
1789225165114383600,66.59438354492187,0.22855179011821747,0.1254105567932129,-0.3556916415691376
1789225165124421600,66.60442163085938,0.15070143342018127,0.127498060464859,-0.21072448790073395
1789225165134460700,66.61446069335938,0.09971095621585846,0.25299927592277527,-0.12465565651655197
1789225165144498700,66.62449877929687,0.1298418939113617,0.2588706910610199,-0.17166338860988617
1789225165154536700,66.63453662109374,0.20449136197566986,0.22308263182640076,-0.1831197738647461
1789225165164575500,66.64457543945312,0.23783200979232788,0.12028717994689941,0.04258914664387703
1789225165174613800,66.65461376953125,0.22165243327617645,0.05686522275209427,0.25755465030670166
1789225165184651500,66.66465161132813,0.16264237463474274,0.0646967738866806,0.1644231081008911
1789225165194690800,66.67469091796875,0.09108617156744003,0.13541516661643982,-0.004655398894101381
1789225165204728600,66.684728515625,0.03281208500266075,0.13126111030578613,-0.006669101770967245
1789225165214766800,66.69476684570313,0.03749609738588333,0.1142379567027092,-0.06005079671740532
1789225165224804600,66.7048046875,0.08341778069734573,0.11145228892564774,-0.12038843333721161
1789225165234843600,66.71484375,0.13567300140857697,0.07617126405239105,-0.07319162786006927
1789225165244881700,66.72488159179687,0.1563224494457245,-0.003802498336881399,0.010095985606312752
1789225165254919700,66.73491967773438,0.12410539388656616,-0.041885700076818466,-0.01994979754090309
1789225165264958700,66.74495874023438,0.030190784484148026,-0.057250622659921646,-0.032629720866680145
1789225165274996700,66.75499682617188,-0.026119358837604523,-0.06852191686630249,-0.04311751574277878
1789225165285034800,66.76503466796875,-0.04502756521105766,-0.041837193071842194,-0.012139001861214638
1789225165295073300,66.7750732421875,0.010927775874733925,-0.017245400696992874,0.043443720787763596
1789225165305111300,66.785111328125,0.08310716599225998,0.00046595092862844467,0.06055879220366478
1789225165315149300,66.7951494140625,0.11926846206188202,-0.021185830235481262,0.11967912316322327
1789225165325188000,66.80518798828125,0.10262983292341232,-0.08671770244836807,0.12013372778892517
1789225165335226400,66.81522631835938,0.024416519328951836,-0.09151805192232132,0.0901273563504219
1789225165345264000,66.82526416015625,-0.0414636954665184,-0.1126769483089447,0.1485050767660141
1789225165355302400,66.83530249023437,-0.043333500623703,-0.10548269003629684,0.06263304501771927
1789225165365341200,66.84534106445312,-0.02286555804312229,-0.031507570296525955,-0.03095313534140587
1789225165375379200,66.85537915039062,0.023098470643162727,-0.06724266707897186,0.09399279206991196
1789225165385417200,66.86541723632813,0.048430606722831726,-0.11616117507219315,0.23862220346927643
1789225165395456300,66.87545629882813,0.06441783159971237,-0.1106063574552536,0.1192215085029602
1789225165405494300,66.88549438476562,0.06847032904624939,-0.10021964460611343,-0.10255765914916992
1789225165415532300,66.8955322265625,0.05838097631931305,-0.14490680396556854,-0.16909922659397125
1789225165425571300,66.9055712890625,0.02690214477479458,-0.15947721898555756,-0.1781103014945984
1789225165435609300,66.915609375,-0.025308862328529358,-0.09672009944915771,-0.12412989139556885
1789225165445647400,66.9256474609375,-0.04993155226111412,-0.056994710117578506,0.05271686241030693
1789225165455686400,66.93568627929687,-0.022927099838852882,-0.04939005523920059,0.13232700526714325
1789225165465724200,66.94572412109375,0.033563606441020966,-0.0014116109814494848,0.021684911102056503
1789225165475762400,66.95576245117188,0.09000638127326965,-0.025328395888209343,-0.001853438327088952
1789225165485800200,66.96580029296875,0.10507265478372574,-0.10533753782510757,0.10874970257282257
1789225165495839200,66.97583911132813,0.08338839560747147,-0.14322499930858612,0.09411909431219101
1789225165505877200,66.98587719726562,0.03792734071612358,-0.16837890446186066,-0.007447822950780392
1789225165515915300,66.99591528320312,0.0021704102400690317,-0.21027939021587372,-0.009608878754079342
1789225165525954300,67.00595434570313,-0.01796894706785679,-0.20088322460651398,-0.052025046199560165
1789225165535992300,67.01599243164063,0.011082146316766739,-0.1502501368522644,-0.10434684157371521
1789225165546030300,67.0260302734375,0.06728372722864151,-0.10459628701210022,-0.07677297294139862
1789225165556069400,67.0360693359375,0.11423685401678085,-0.056066304445266724,-0.036588530987501144
1789225165566107400,67.046107421875,0.14703521132469177,-0.01920160837471485,-0.07096361368894577
1789225165576145200,67.05614526367188,0.1423642933368683,-0.007560931146144867,-0.08199389278888702
1789225165586184200,67.06618408203126,0.12645010650157928,-0.022325744852423668,-0.08935272693634033
1789225165596222200,67.07622216796875,0.10252293944358826,-0.024728182703256607,-0.08637718111276627
1789225165606260200,67.08626025390625,0.10582608729600906,-0.03386684134602547,-0.08621769398450851
1789225165616299300,67.09629931640625,0.12254061549901962,0.00012627802789211273,-0.13980448246002197
1789225165626337300,67.10633715820312,0.12502844631671906,0.03640502318739891,-0.12541720271110535
1789225165636375300,67.11637524414063,0.11045855283737183,0.03250109776854515,-0.007302551064640284
1789225165646413300,67.12641333007812,0.07835841178894043,0.033562805503606796,0.09546291828155518
1789225165656452000,67.1364521484375,0.06014425307512283,0.059913188219070435,0.09123221784830093
1789225165666490400,67.14649047851563,0.07259223610162735,0.07595295459032059,0.1171262115240097
1789225165676528000,67.15652807617188,0.08988840132951736,0.10445357114076614,0.1617932766675949
1789225165686567400,67.1665673828125,0.08765249699354172,0.17840413749217987,0.15312935411930084
1789225165696605200,67.17660522460938,0.1083495244383812,0.20695677399635315,0.0721890777349472
1789225165706643500,67.1866435546875,0.0861520767211914,0.24474835395812988,0.0640653669834137
1789225165716682200,67.19668212890625,0.09929291158914566,0.24283966422080994,-0.06931745260953903
1789225165726720300,67.20672021484376,0.08822198212146759,0.2125827670097351,-0.13793185353279114
1789225165736758300,67.21675830078125,0.05626032501459122,0.14243485033512115,-0.10240742564201355
1789225165746797300,67.22679736328125,0.006314067170023918,0.0719614028930664,-0.12985247373580933
1789225165756835300,67.23683544921874,-0.06935379654169083,0.04106020927429199,-0.1099994033575058
1789225165766873300,67.24687329101563,-0.10737470537424088,-0.008553311228752136,-0.09463255852460861
1789225165776911400,67.25691137695313,-0.10675658285617828,-0.01693960465490818,-0.0944591835141182
1789225165786950400,67.26695043945313,-0.06841268390417099,-0.020894378423690796,-0.07176902145147324
1789225165796988200,67.27698828125,-0.033355940133333206,0.01054286677390337,-0.06478945165872574
1789225165807026400,67.2870263671875,-0.0377163365483284,0.057000380009412766,-0.03808965906500816
1789225165817065200,67.29706518554687,-0.08117592334747314,0.07998346537351608,-0.02459968440234661
1789225165827103500,67.307103515625,-0.14157621562480927,0.0771656259894371,-0.027626883238554
1789225165837141200,67.31714135742187,-0.17182385921478271,0.048720404505729675,-0.032893016934394836
1789225165847180300,67.32718017578125,-0.16347962617874146,0.03306835517287254,0.002224401803687215
1789225165857218300,67.33721826171875,-0.12154601514339447,0.0385238379240036,0.06271384656429291
1789225165867256000,67.34725610351562,-0.09726762026548386,0.07815819978713989,0.13909609615802765
1789225165877295400,67.35729541015625,-0.06962986290454865,0.08932110667228699,0.14240267872810364
1789225165887333000,67.3673330078125,-0.085457444190979,0.11836835741996765,0.11584950983524323
1789225165897371400,67.37737133789062,-0.10416729003190994,0.0893067717552185,-0.0034437086433172226
1789225165907409200,67.3874091796875,-0.15301233530044556,0.11474821716547012,-0.07400788366794586
1789225165917448200,67.3974482421875,-0.1543407142162323,0.069273941218853,-0.05819883570075035
1789225165927486200,67.407486328125,-0.16155530512332916,0.070822574198246,-0.11025641113519669
1789225165937524200,67.41752416992188,-0.14245165884494781,0.01797400787472725,-0.1781715601682663
1789225165947563300,67.42756323242187,-0.14460648596286774,-0.035237476229667664,-0.10606477409601212
1789225165957601300,67.43760131835937,-0.14264027774333954,-0.034095779061317444,-0.05699976161122322
1789225165967639300,67.44763940429688,-0.15018631517887115,-0.015223667025566101,-0.04763994365930557
1789225165977678300,67.45767822265626,-0.14476145803928375,-0.028741873800754547,-0.029108870774507523
1789225165987716000,67.46771606445313,-0.15147742629051208,-0.04726539924740791,-0.011548152193427086
1789225165997754400,67.47775439453125,-0.16096284985542297,-0.058798614889383316,0.0011291535338386893
1789225166007793200,67.48779321289062,-0.18155121803283691,-0.08198382705450058,0.035104695707559586
1789225166017831400,67.49783154296875,-0.19112367928028107,-0.09447139501571655,0.025292281061410904
1789225166027869200,67.507869140625,-0.19593963027000427,-0.09069044142961502,0.023839039728045464
1789225166037907500,67.51790747070312,-0.17901071906089783,-0.07064083218574524,0.04053173214197159
1789225166047946200,67.5279462890625,-0.14573633670806885,-0.06378412246704102,0.06318893283605576
1789225166057984300,67.537984375,-0.10163358598947525,-0.04058106616139412,0.0707688182592392
1789225166068022300,67.54802221679688,-0.06857798993587494,-0.026215437799692154,0.0685347244143486
1789225166078061300,67.55806127929688,-0.04890948534011841,0.0022319143172353506,0.0038524034898728132
1789225166088099300,67.56809936523437,-0.060551054775714874,0.021506015211343765,-0.038475848734378815
1789225166098137300,67.57813745117187,-0.06775350123643875,0.02951814979314804,-0.05076819658279419
1789225166108176100,67.58817602539062,-0.07207155227661133,0.04879011586308479,-0.0615936815738678
1789225166118214400,67.59821435546876,-0.045628223568201065,0.06735874712467194,-0.091476209461689
1789225166128252200,67.60825219726563,-0.01253072451800108,0.0902516320347786,-0.08981456607580185
1789225166138291500,67.61829150390625,0.020701797679066658,0.1077166423201561,-0.07025471329689026
1789225166148329200,67.6283291015625,0.04335144907236099,0.09876815229654312,-0.03180186077952385
1789225166158367200,67.6383671875,0.042228925973176956,0.08206374198198318,0.009537058882415295
1789225166168405200,67.6484052734375,0.023264292627573013,0.09012202173471451,-0.026465317234396935
1789225166178444300,67.6584443359375,0.006326321046799421,0.1166955754160881,-0.06243370100855827
1789225166188482300,67.668482421875,0.0018092344980686903,0.12315322458744049,-0.08329904824495316
1789225166198520000,67.67852001953125,0.01794504001736641,0.102136991918087,-0.021708261221647263
1789225166208559400,67.68855932617187,0.04311190918087959,0.06927438080310822,0.05932853743433952
1789225166218597000,67.69859716796876,0.06047279015183449,0.10831845551729202,0.02210979349911213
1789225166228635400,67.70863549804687,0.06566795706748962,0.12033387273550034,0.013504337519407272
1789225166238674200,67.71867407226563,0.05812862887978554,0.07624640315771103,0.046054400503635406
1789225166248712200,67.72871215820312,0.029100440442562103,0.060155320912599564,0.0012411236530169845
1789225166258750200,67.73875024414062,-0.0007895500166341662,0.032183609902858734,-0.024107642471790314
1789225166268789200,67.74878930664063,-0.008643212728202343,-0.024594802409410477,-0.02458418533205986
1789225166278827300,67.7588271484375,-0.01308536622673273,-0.017179496586322784,-0.12021990120410919
1789225166288865000,67.76886499023438,-0.0037735251244157553,0.011171350255608559,-0.20438119769096375
1789225166298903000,67.77890307617187,0.01246849074959755,0.003144120564684272,-0.18684472143650055
1789225166308942000,67.78894213867187,0.02293791063129902,0.01201457716524601,-0.19927449524402618
1789225166318980000,67.79897998046874,0.021332290023565292,0.03832660987973213,-0.2055579572916031
1789225166329018000,67.80901806640625,0.02443728968501091,-0.0033784229308366776,-0.1280687302350998
1789225166339057000,67.81905688476563,0.020611392334103584,-0.05597265809774399,0.039392970502376556
1789225166349095200,67.82909521484375,-0.011951293796300888,-0.06970778852701187,0.05049556866288185
1789225166359133000,67.8391328125,-0.01724832132458687,-0.0076145874336361885,-0.0918639749288559
1789225166369172200,67.84917211914062,-0.01708429493010044,-0.11745858937501907,-0.07071375101804733
1789225166379210000,67.8592099609375,-0.09775090962648392,0.0019751263316720724,0.22305740416049957
1789225166389248300,67.86924829101562,-0.08070144802331924,-0.006640015169978142,0.16267015039920807
1789225166399287000,67.879287109375,-0.0288190059363842,-0.05221547186374664,-0.0761842206120491
1789225166409325000,67.88932495117187,0.004275296814739704,-0.08025163412094116,0.01672627404332161
1789225166419363000,67.89936303710938,0.05334191024303436,-0.08578647673130035,0.04719043895602226
1789225166429401000,67.90940112304688,0.016707055270671844,0.0012858007103204727,0.1102796420454979
1789225166439440100,67.91944018554688,-0.039431579411029816,0.010250799357891083,0.1662241369485855
1789225166449478100,67.92947802734375,-0.06897778064012527,-0.03322678431868553,0.17993178963661194
1789225166459516200,67.93951611328124,-0.049355074763298035,-0.04977326840162277,0.20213377475738525
1789225166469555200,67.94955517578126,-0.04467599838972092,-0.0490867905318737,0.32774755358695984
1789225166479593000,67.95959301757813,-0.007821580395102501,-0.049631938338279724,0.49054259061813354
1789225166489631200,67.96963134765625,0.016047945246100426,-0.033331405371427536,0.6127042770385742
1789225166499670000,67.979669921875,0.053704775869846344,-0.007043875753879547,0.6700115203857422
1789225166509708300,67.98970825195312,0.07029455155134201,0.021629521623253822,0.7280577421188354
1789225166519746000,67.99974609375,0.0636606216430664,0.035423096269369125,0.7606995701789856
1789225166529785000,68.00978515625,0.05631498619914055,0.042782045900821686,0.7631827592849731
1789225166539823000,68.01982299804688,-0.0019603013060986996,-0.01886986754834652,0.8090477585792542
1789225166549860900,68.02986083984375,-0.03271295875310898,0.060784194618463516,0.895368218421936
1789225166559900200,68.03990014648437,-0.03434520959854126,0.0965786799788475,0.8796387910842896
1789225166569938200,68.04993823242188,-0.05148483067750931,-0.01113389153033495,0.8202794194221497
1789225166579976200,68.05997607421875,-0.14315003156661987,-0.013107826933264732,0.9141263365745544
1789225166590014000,68.07001391601563,-0.22981879115104675,0.11386724561452866,0.968021810054779
1789225166600053000,68.08005297851562,-0.2580461800098419,0.119649238884449,0.8462921977043152
1789225166610091000,68.09009106445312,-0.24056117236614227,0.12877295911312103,0.7942838668823242
1789225166620129000,68.10012890625,-0.26497891545295715,0.3022286593914032,0.7419772148132324
1789225166630168000,68.11016796875,-0.22558031976222992,0.25295424461364746,0.6898876428604126
1789225166640206000,68.1202060546875,-0.25988078117370605,0.28760915994644165,0.7282091975212097
1789225166650244000,68.130244140625,-0.1696062684059143,0.1957855075597763,0.6319811940193176
1789225166660283100,68.140283203125,-0.20105552673339844,0.29344362020492554,0.6584553718566895
1789225166670321000,68.15032080078124,-0.2882263958454132,-0.09289431571960449,0.562362015247345
1789225166680359200,68.16035913085938,-0.29197072982788086,-0.03305695578455925,0.6468903422355652
1789225166690398000,68.17039794921875,-0.2569666802883148,0.009099552407860756,0.6978672742843628
1789225166700436200,68.18043627929687,-0.23544356226921082,0.049940191209316254,0.8142796158790588
1789225166710474000,68.19047387695312,-0.2343306988477707,-0.201412171125412,0.8046054244041443
1789225166720513000,68.20051293945312,-0.24304749071598053,-0.17485380172729492,0.9320379495620728
1789225166730551000,68.21055102539063,-0.10674016922712326,0.03529014438390732,0.9227538704872131
1789225166740589000,68.22058911132812,-0.03986340016126633,-0.05230468511581421,0.976631760597229
1789225166750627000,68.230626953125,-0.11781719326972961,-0.21258148550987244,0.8824570775032043
1789225166760666000,68.240666015625,-0.14379766583442688,-0.06147212162613869,1.0249301195144653
1789225166770704100,68.2507041015625,-0.2359365075826645,0.10248950868844986,1.0342254638671875
1789225166780742100,68.2607421875,-0.23270925879478455,-0.19756461679935455,0.8807154297828674
1789225166790781000,68.27078100585938,-0.17436978220939636,0.08877313882112503,1.1398320198059082
1789225166800819200,68.28081909179687,-0.07463201135396957,0.13880248367786407,1.0480211973190308
1789225166810857000,68.29085693359374,-0.12464508414268494,0.029913701117038727,1.0328776836395264
1789225166820896300,68.30089624023438,-0.10481651872396469,0.43522340059280396,1.1963284015655518
1789225166830934000,68.31093408203125,-0.3214254677295685,0.08730735629796982,1.058027982711792
1789225166840972000,68.32097192382813,-0.47247570753097534,0.6694008111953735,1.0437240600585938
1789225166851010000,68.33101000976562,-0.09627252072095871,1.0794274806976318,1.0592045783996582
1789225166861049000,68.34104907226562,0.389812171459198,0.9889827966690063,0.9235939979553223
1789225166871087000,68.35108715820313,0.7604634165763855,1.6491066217422485,1.5446478128433228
1789225166881124900,68.36112475585938,0.8007444739341736,1.1599591970443726,1.2133296728134155
1789225166891164200,68.3711640625,0.921689510345459,1.2164783477783203,1.2511966228485107
1789225166901202000,68.38120190429687,1.0855718851089478,1.638572096824646,1.3892221450805664
1789225166911240200,68.391240234375,0.9958560466766357,1.2793583869934082,1.322458028793335
1789225166921279000,68.40127905273438,0.8730313181877136,1.7467304468154907,1.685725450515747
1789225166931317000,68.41131689453125,0.8943536281585693,1.1441398859024048,1.4439412355422974
1789225166941355000,68.42135498046875,0.798737645149231,1.389346718788147,1.428404450416565
1789225166951394000,68.43139404296875,0.6553213000297546,1.5105704069137573,1.4416905641555786
1789225166961432000,68.44143212890626,0.724493145942688,1.3902440071105957,1.6046017408370972
1789225166971470000,68.45146997070313,0.6864994168281555,1.1774265766143799,1.3252242803573608
1789225166981508900,68.4615087890625,0.408438503742218,1.4962787628173828,0.9880013465881348
1789225166991547100,68.47154711914062,-0.009148100391030312,0.548549473285675,0.7741982340812683
1789225167001585000,68.4815849609375,0.0580570325255394,0.5193244814872742,0.9236218333244324
1789225167011623200,68.491623046875,0.35303056240081787,0.4785301983356476,0.913550615310669
1789225167021662000,68.50166186523437,0.6388647556304932,0.8019309043884277,0.9283106327056885
1789225167031700200,68.5117001953125,0.7649853229522705,0.9042818546295166,0.7066962718963623
1789225167041738000,68.52173803710937,0.8377748131752014,0.8810409903526306,0.39245447516441345
1789225167051777000,68.53177709960937,0.966020405292511,1.1334924697875977,0.005829268135130405
1789225167061815000,68.54181494140624,1.0747146606445312,1.0419609546661377,-0.29471564292907715
1789225167071853000,68.55185302734375,0.9522225856781006,1.1218600273132324,-0.36778825521469116
1789225167081892000,68.56189208984375,0.6929430961608887,0.8885515928268433,-0.49678483605384827
1789225167091930000,68.57193017578125,0.4511962831020355,0.5366849899291992,-0.38424330949783325
1789225167101968100,68.58196801757812,0.2578451931476593,0.7638915181159973,-0.038753800094127655
1789225167112007200,68.59200708007812,0.04765172675251961,0.5405840277671814,0.14594534039497375
1789225167122045000,68.602044921875,-0.14672361314296722,0.06991130858659744,0.42881113290786743
1789225167132083200,68.61208325195312,-0.19591720402240753,0.31648197770118713,0.7853319644927979
1789225167142122000,68.6221220703125,-0.1910793036222458,0.14282841980457306,0.8304249048233032
1789225167152160300,68.63216015625,0.040065325796604156,0.1401122659444809,1.017079472541809
1789225167162198000,68.64219799804688,0.207136332988739,0.533661961555481,0.8150874972343445
1789225167172236000,68.65223608398438,0.09258102625608444,0.30971628427505493,0.3761996626853943
1789225167182275000,68.66227514648438,0.009672410786151886,0.06318032741546631,0.1120452955365181
1789225167192312800,68.67231274414063,-0.23501509428024292,0.527347981929779,-0.25278568267822266
1789225167202351000,68.68235107421874,-0.6803593039512634,-0.05373431369662285,-0.7630379796028137
1789225167212390000,68.69238989257812,-1.2390722036361694,-0.1358456164598465,-1.0348681211471558
1789225167222428200,68.70242822265625,-1.6665598154067993,-0.1319616734981537,-1.3639522790908813
1789225167232466000,68.7124658203125,-2.031026840209961,-0.2514468729496002,-1.5020148754119873
1789225167242505000,68.7225048828125,-2.2911853790283203,-0.3764761686325073,-1.4134594202041626
1789225167252543000,68.73254296875,-2.4204742908477783,-0.4243336021900177,-1.2811152935028076
1789225167262581000,68.7425810546875,-2.4227890968322754,-0.24977481365203857,-1.0716034173965454
1789225167272620000,68.7526201171875,-2.3270351886749268,-0.13423165678977966,-0.7385016083717346
1789225167282658000,68.76265795898438,-2.145026445388794,0.022313177585601807,-0.3640534579753876
1789225167292696800,68.77269677734375,-1.8613553047180176,0.23557724058628082,-0.02476487122476101
1789225167302736000,68.78273583984375,-1.5530869960784912,0.40868085622787476,0.29800570011138916
1789225167312773600,68.79277368164063,-1.2587223052978516,0.4752380847930908,0.5866658091545105
1789225167322812000,68.80281201171876,-1.022038221359253,0.59814453125,0.7688374519348145
1789225167332849700,68.812849609375,-0.8176674246788025,0.6374288201332092,0.846217691898346
1789225167342889000,68.82288891601563,-0.6494174003601074,0.5358523726463318,0.8126991391181946
1789225167352926700,68.8329267578125,-0.4799960255622864,0.42579004168510437,0.7020367980003357
1789225167362965000,68.84296508789062,-0.1525142937898636,0.3435843884944916,0.6186790466308594
1789225167373003800,68.85300366210937,0.06323911249637604,0.652033805847168,0.27981069684028625
1789225167383041800,68.86304174804687,0.23339860141277313,0.9181550145149231,-0.12610135972499847
1789225167393079800,68.87307983398438,0.39097172021865845,0.9344953298568726,-0.4471276104450226
1789225167403118800,68.88311889648438,0.5205206274986267,0.8322171568870544,-0.7762186527252197
1789225167413156900,68.89315698242187,0.6420208811759949,0.8427500128746033,-1.0599027872085571
1789225167423195000,68.90319482421874,0.7718459963798523,0.8772385120391846,-1.3472671508789062
1789225167433233700,68.91323364257812,0.8946939706802368,0.8781068921089172,-1.6093335151672363
1789225167443272000,68.92327197265625,0.9818608164787292,0.9202015995979309,-1.822077989578247
1789225167453309700,68.93330981445312,0.9685552716255188,1.0128225088119507,-2.0209875106811523
1789225167463349000,68.94334887695312,0.874912679195404,0.9391046762466431,-2.1577186584472656
1789225167473386800,68.95338671875,0.7542878985404968,0.8447542786598206,-2.17228627204895
1789225167483424800,68.9634248046875,0.6503889560699463,0.799064040184021,-2.187623977661133
1789225167493463800,68.9734638671875,0.5193007588386536,0.7116366028785706,-2.142026424407959
1789225167503501800,68.98350170898438,0.3898959159851074,0.595495879650116,-2.0370168685913086
1789225167513539800,68.99353979492187,0.2876608967781067,0.608887255191803,-1.9656047821044922
1789225167523577600,69.00357763671875,0.15820622444152832,0.6907693147659302,-1.946394920349121
1789225167533617000,69.01361694335938,0.0004705600440502167,0.7104090452194214,-1.9070061445236206
1789225167543654700,69.02365454101563,-0.22503820061683655,0.6397958993911743,-1.8568047285079956
1789225167553693000,69.03369287109375,-0.49815136194229126,0.39090853929519653,-1.7828377485275269
1789225167563731700,69.04373168945312,-0.7253668904304504,0.147158682346344,-1.6495999097824097
1789225167573769700,69.05376977539062,-0.8324329257011414,-0.10344184190034866,-1.5465898513793945
1789225167583807700,69.06380786132813,-0.8414000272750854,-0.24661843478679657,-1.4413167238235474
1789225167593846800,69.0738466796875,-0.6509594321250916,-0.09826928377151489,-1.3230072259902954
1789225167603884800,69.083884765625,-0.4100959300994873,0.32512032985687256,-1.3410145044326782
1789225167613922800,69.0939228515625,-0.3304239809513092,0.7380474805831909,-1.3866636753082275
1789225167623961600,69.10396166992187,-0.3483225405216217,0.8131328821182251,-1.3992968797683716
1789225167634000000,69.11399975585938,-0.45003291964530945,0.6193124055862427,-1.3604997396469116
1789225167644037600,69.12403759765625,-0.5998232960700989,0.32678359746932983,-1.2661616802215576
1789225167654076000,69.13407592773437,-0.7269364595413208,0.13560724258422852,-1.1272931098937988
1789225167664114700,69.14411474609375,-0.7965803742408752,0.016257064417004585,-0.9740162491798401
1789225167674153000,69.15415307617188,-0.8659722805023193,0.002742852782830596,-0.8040184378623962
1789225167684190700,69.16419067382813,-0.9212498664855957,0.03886570408940315,-0.6608370542526245
1789225167694229800,69.17422973632813,-0.957358717918396,0.10797282308340073,-0.586059033870697
1789225167704267800,69.18426782226562,-1.0001956224441528,0.13898959755897522,-0.5474317669868469
1789225167714305800,69.19430590820312,-0.9929776191711426,0.08038618415594101,-0.5594587922096252
1789225167724344800,69.2043447265625,-0.9429408311843872,-0.0015656715258955956,-0.5679196715354919
1789225167734382800,69.2143828125,-0.9082672595977783,0.006477403454482555,-0.5619499087333679
1789225167744420900,69.2244208984375,-0.6387034058570862,-0.01814378798007965,-0.6831601858139038
1789225167754460000,69.2344599609375,-0.2815975844860077,-0.07148190587759018,-0.9351586699485779
1789225167764497700,69.24449755859375,0.024998418986797333,-0.2310297042131424,-1.0967354774475098
1789225167774535700,69.25453564453124,0.2825588583946228,-0.5687949657440186,-1.28029203414917
1789225167784574700,69.26457470703124,0.40265119075775146,-0.7562271952629089,-1.3541409969329834
1789225167794613000,69.27461303710938,0.47590184211730957,-0.9128404855728149,-1.3610507249832153
1789225167804650800,69.28465063476563,0.5177955031394958,-0.8255266547203064,-1.3000739812850952
1789225167814689800,69.29468969726562,0.4394339919090271,-0.7398598790168762,-1.2302390336990356
1789225167824727800,69.30472778320312,0.2189657986164093,-0.6788707971572876,-1.0524215698242188
1789225167834765600,69.314765625,0.006202094256877899,-0.8269844055175781,-0.880326509475708
1789225167844803800,69.32480395507812,-0.15651865303516388,-0.9075831174850464,-0.7168848514556885
1789225167854842600,69.33484252929688,-0.20117409527301788,-0.9395240545272827,-0.5470454692840576
1789225167864881000,69.344880859375,-0.16955411434173584,-0.9487547874450684,-0.4375378489494324
1789225167874918700,69.35491870117187,-0.09149713069200516,-0.8829306960105896,-0.3198045492172241
1789225167884957700,69.36495776367188,-0.010696826502680779,-0.7780495285987854,-0.20538872480392456
1789225167894995700,69.37499560546875,0.04150323569774628,-0.684840738773346,-0.1524493247270584
1789225167905033700,69.38503369140625,0.03524826839566231,-0.6345112919807434,-0.1390855759382248
1789225167915072800,69.39507275390625,-0.012106993235647678,-0.6222988367080688,-0.1592278629541397
1789225167925110800,69.40511083984374,-0.06266018003225327,-0.6599143743515015,-0.20286774635314941
1789225167935148800,69.41514868164063,-0.06933058053255081,-0.6945582628250122,-0.2685377597808838
1789225167945187800,69.42518774414063,-0.039320480078458786,-0.6846153736114502,-0.3617721199989319
1789225167955225600,69.4352255859375,-0.004624819848686457,-0.6283124089241028,-0.4606132507324219
1789225167965264000,69.44526391601562,-0.016647586598992348,-0.5213140249252319,-0.4999465048313141
1789225167975302700,69.455302734375,-0.06765111535787582,-0.36427995562553406,-0.47452104091644287
1789225167985341000,69.4653408203125,-0.11894146353006363,-0.3298303782939911,-0.4199179708957672
1789225167995378700,69.47537866210938,-0.19051288068294525,-0.362474650144577,-0.3267172574996948
1789225168005417700,69.48541772460938,-0.2524753212928772,-0.3940291106700897,-0.25107520818710327
1789225168015455700,69.49545581054687,-0.27868130803108215,-0.34400343894958496,-0.1855613887310028
1789225168025493800,69.50549365234374,-0.23537780344486237,-0.3230600953102112,-0.15496380627155304
1789225168035532800,69.51553271484374,-0.16481298208236694,-0.2794528603553772,-0.10240516811609268
1789225168045570800,69.52557080078125,-0.0836598128080368,-0.17805247008800507,-0.03892313316464424
1789225168055608800,69.53560888671875,-0.052132658660411835,-0.10026734322309494,0.020403878763318062
1789225168065646800,69.54564672851562,-0.06580748409032822,-0.08371835201978683,0.08186418563127518
1789225168075685600,69.555685546875,-0.071848064661026,-0.07665485143661499,0.13188128173351288
1789225168085724000,69.56572387695313,-0.05990937724709511,-0.07827378809452057,0.1751967966556549
1789225168095761700,69.57576171875,-0.048097025603055954,-0.16567738354206085,0.19424688816070557
1789225168105801000,69.58580102539062,-0.04295579344034195,-0.21857520937919617,0.20488223433494568
1789225168115838700,69.59583862304687,-0.029189886525273323,-0.23829622566699982,0.18721617758274078
1789225168125876700,69.60587670898437,-0.026393035426735878,-0.28068017959594727,0.15312477946281433
1789225168135915800,69.61591577148438,-0.048113077878952026,-0.2924240827560425,0.11394017934799194
1789225168145953500,69.62595361328125,-0.06830756366252899,-0.25521013140678406,0.06919294595718384
1789225168155991800,69.63599169921875,-0.0908864215016365,-0.20366689562797546,0.017461426556110382
1789225168166030800,69.64603076171875,-0.11130955070257187,-0.1462513953447342,-0.014027105644345284
1789225168176068900,69.65606884765624,-0.12551431357860565,-0.08049023151397705,-0.028185002505779266
1789225168186106600,69.66610668945313,-0.133316308259964,-0.05332572013139725,-0.045027099549770355
1789225168196145700,69.67614575195313,-0.10640478134155273,-0.03429018333554268,-0.04792720824480057
1789225168206183700,69.68618359375,-0.06082211434841156,-0.01775834523141384,-0.023915883153676987
1789225168216221700,69.6962216796875,-0.025911198928952217,-0.053718455135822296,0.008689467795193195
1789225168226259700,69.706259765625,-0.004340393003076315,-0.07556410133838654,0.03950357437133789
1789225168236298800,69.716298828125,0.010542272590100765,-0.06261558085680008,0.06426643580198288
1789225168246336800,69.72633666992188,0.026401927694678307,-0.039253536611795425,0.08343906700611115
1789225168256374800,69.73637475585937,0.033373817801475525,-0.012817752547562122,0.08897779881954193
1789225168266413600,69.74641357421875,0.041619230061769485,0.012014626525342464,0.0826229676604271
1789225168276451800,69.75645190429688,0.050043847411870956,0.03038904257118702,0.08258187770843506
1789225168286489600,69.76648950195313,0.04212280735373497,0.0077079664915800095,0.06647534668445587
1789225168296528000,69.77652783203125,0.02282305248081684,-0.030436571687459946,0.05191550403833389
1789225168306566000,69.78656591796874,0.0023816919419914484,-0.06963697075843811,0.03924231976270676
1789225168316604000,69.79660400390625,-0.01678594946861267,-0.09995023906230927,0.03450577333569527
1789225168326643000,69.80664282226563,-0.014716141857206821,-0.08454518765211105,0.12735316157341003
1789225168336681000,69.81668090820312,0.034328147768974304,0.02571212314069271,0.18901683390140533
1789225168346718700,69.82671875,0.0722808837890625,0.08077534288167953,0.23216670751571655
1789225168356757800,69.8367578125,0.06278378516435623,0.07378561049699783,0.25165653228759766
1789225168366796000,69.84679614257813,0.04081909731030464,0.05639010667800903,0.221393421292305
1789225168376833800,69.85683374023438,0.022288482636213303,0.051123782992362976,0.1711292415857315
1789225168386873000,69.866873046875,0.011998028494417667,0.029338061809539795,0.09744703024625778
1789225168396910800,69.87691088867187,-0.014217305928468704,-0.01404503732919693,0.015418278984725475
1789225168406948900,69.88694897460938,-0.0532430000603199,-0.07193896174430847,-0.04297072812914848
1789225168416988000,69.89698779296874,-0.08846504986286163,-0.11323555558919907,-0.06497836112976074
1789225168427026000,69.90702587890625,-0.09476689249277115,-0.11463052034378052,-0.03968684747815132
1789225168437064000,69.91706396484375,-0.07814595103263855,-0.08847638964653015,0.03189659118652344
1789225168447102000,69.92710205078124,-0.0282679982483387,0.007972951047122478,0.11850152909755707
